dataset,domain,method,seed,role,status,expected_images,completed_images,completed_visualizations,evidence,manifest,collected_at
RSAR,clean,A,42,source,accepted_core_complete,8538,8538,32,.67:/mnt/shared/zechuan/iraod_artifacts/comparison/full_test_roi_v3_331d213/iraod-aligned-roi-v3-full-test/RSAR/clean/A/source,.67:/mnt/shared/zechuan/iraod_artifacts/comparison/final_delivery_20260908_4a6bc50/report/report.json,2026-09-12T01:56:05.977492+00:00
RSAR,clean,B,42,ema,accepted_core_complete,8538,8538,32,.67:/mnt/shared/zechuan/iraod_artifacts/comparison/full_test_roi_v3_331d213/iraod-aligned-roi-v3-full-test/RSAR/clean/B/ema,.67:/mnt/shared/zechuan/iraod_artifacts/comparison/final_delivery_20260908_4a6bc50/report/report.json,2026-09-12T01:56:05.977492+00:00
RSAR,clean,B,42,student,accepted_core_complete,8538,8538,32,.67:/mnt/shared/zechuan/iraod_artifacts/comparison/full_test_roi_v3_331d213/iraod-aligned-roi-v3-full-test/RSAR/clean/B/student,.67:/mnt/shared/zechuan/iraod_artifacts/comparison/final_delivery_20260908_4a6bc50/report/report.json,2026-09-12T01:56:05.977492+00:00
RSAR,clean,C,42,ema,accepted_core_complete,8538,8538,32,.67:/mnt/shared/zechuan/iraod_artifacts/comparison/full_test_roi_v3_331d213/iraod-aligned-roi-v3-full-test/RSAR/clean/C/ema,.67:/mnt/shared/zechuan/iraod_artifacts/comparison/final_delivery_20260908_4a6bc50/report/report.json,2026-09-12T01:56:05.977492+00:00
RSAR,clean,C,42,student,accepted_core_complete,8538,8538,32,.67:/mnt/shared/zechuan/iraod_artifacts/comparison/full_test_roi_v3_331d213/iraod-aligned-roi-v3-full-test/RSAR/clean/C/student,.67:/mnt/shared/zechuan/iraod_artifacts/comparison/final_delivery_20260908_4a6bc50/report/report.json,2026-09-12T01:56:05.977492+00:00
RSAR,clean,D,42,ema,accepted_core_complete,8538,8538,32,.67:/mnt/shared/zechuan/iraod_artifacts/comparison/full_test_roi_v3_331d213/iraod-aligned-roi-v3-full-test/RSAR/clean/D/ema,.67:/mnt/shared/zechuan/iraod_artifacts/comparison/final_delivery_20260908_4a6bc50/report/report.json,2026-09-12T01:56:05.977492+00:00
RSAR,clean,D,42,student,accepted_core_complete,8538,8538,32,.67:/mnt/shared/zechuan/iraod_artifacts/comparison/full_test_roi_v3_331d213/iraod-aligned-roi-v3-full-test/RSAR/clean/D/student,.67:/mnt/shared/zechuan/iraod_artifacts/comparison/final_delivery_20260908_4a6bc50/report/report.json,2026-09-12T01:56:05.977492+00:00
RSAR,clean,E,42,ema,accepted_core_complete,8538,8538,32,.67:/mnt/shared/zechuan/iraod_artifacts/comparison/full_test_roi_v3_331d213/iraod-aligned-roi-v3-full-test/RSAR/clean/E/ema,.67:/mnt/shared/zechuan/iraod_artifacts/comparison/final_delivery_20260908_4a6bc50/report/report.json,2026-09-12T01:56:05.977492+00:00
RSAR,clean,E,42,student,accepted_core_complete,8538,8538,32,.67:/mnt/shared/zechuan/iraod_artifacts/comparison/full_test_roi_v3_331d213/iraod-aligned-roi-v3-full-test/RSAR/clean/E/student,.67:/mnt/shared/zechuan/iraod_artifacts/comparison/final_delivery_20260908_4a6bc50/report/report.json,2026-09-12T01:56:05.977492+00:00
RSAR,clean,F,42,ema,accepted_core_complete,8538,8538,32,.67:/mnt/shared/zechuan/iraod_artifacts/comparison/full_test_roi_v3_331d213/iraod-aligned-roi-v3-full-test/RSAR/clean/F/ema,.67:/mnt/shared/zechuan/iraod_artifacts/comparison/final_delivery_20260908_4a6bc50/report/report.json,2026-09-12T01:56:05.977492+00:00
RSAR,clean,F,42,student,accepted_core_complete,8538,8538,32,.67:/mnt/shared/zechuan/iraod_artifacts/comparison/full_test_roi_v3_331d213/iraod-aligned-roi-v3-full-test/RSAR/clean/F/student,.67:/mnt/shared/zechuan/iraod_artifacts/comparison/final_delivery_20260908_4a6bc50/report/report.json,2026-09-12T01:56:05.977492+00:00
RSAR,chaff,A,42,source,accepted_core_complete,8538,8538,32,.67:/mnt/shared/zechuan/iraod_artifacts/comparison/full_test_roi_v3_331d213/iraod-aligned-roi-v3-full-test/RSAR/chaff/A/source,.67:/mnt/shared/zechuan/iraod_artifacts/comparison/final_delivery_20260908_4a6bc50/report/report.json,2026-09-12T01:56:05.977492+00:00
RSAR,chaff,B,42,ema,accepted_core_complete,8538,8538,32,.67:/mnt/shared/zechuan/iraod_artifacts/comparison/full_test_roi_v3_331d213/iraod-aligned-roi-v3-full-test/RSAR/chaff/B/ema,.67:/mnt/shared/zechuan/iraod_artifacts/comparison/final_delivery_20260908_4a6bc50/report/report.json,2026-09-12T01:56:05.977492+00:00
RSAR,chaff,B,42,student,accepted_core_complete,8538,8538,32,.67:/mnt/shared/zechuan/iraod_artifacts/comparison/full_test_roi_v3_331d213/iraod-aligned-roi-v3-full-test/RSAR/chaff/B/student,.67:/mnt/shared/zechuan/iraod_artifacts/comparison/final_delivery_20260908_4a6bc50/report/report.json,2026-09-12T01:56:05.977492+00:00
RSAR,chaff,C,42,ema,accepted_core_complete,8538,8538,32,.67:/mnt/shared/zechuan/iraod_artifacts/comparison/full_test_roi_v3_331d213/iraod-aligned-roi-v3-full-test/RSAR/chaff/C/ema,.67:/mnt/shared/zechuan/iraod_artifacts/comparison/final_delivery_20260908_4a6bc50/report/report.json,2026-09-12T01:56:05.977492+00:00
RSAR,chaff,C,42,student,accepted_core_complete,8538,8538,32,.67:/mnt/shared/zechuan/iraod_artifacts/comparison/full_test_roi_v3_331d213/iraod-aligned-roi-v3-full-test/RSAR/chaff/C/student,.67:/mnt/shared/zechuan/iraod_artifacts/comparison/final_delivery_20260908_4a6bc50/report/report.json,2026-09-12T01:56:05.977492+00:00
RSAR,chaff,D,42,ema,accepted_core_complete,8538,8538,32,.67:/mnt/shared/zechuan/iraod_artifacts/comparison/full_test_roi_v3_331d213/iraod-aligned-roi-v3-full-test/RSAR/chaff/D/ema,.67:/mnt/shared/zechuan/iraod_artifacts/comparison/final_delivery_20260908_4a6bc50/report/report.json,2026-09-12T01:56:05.977492+00:00
RSAR,chaff,D,42,student,accepted_core_complete,8538,8538,32,.67:/mnt/shared/zechuan/iraod_artifacts/comparison/full_test_roi_v3_331d213/iraod-aligned-roi-v3-full-test/RSAR/chaff/D/student,.67:/mnt/shared/zechuan/iraod_artifacts/comparison/final_delivery_20260908_4a6bc50/report/report.json,2026-09-12T01:56:05.977492+00:00
RSAR,chaff,E,42,ema,accepted_core_complete,8538,8538,32,.67:/mnt/shared/zechuan/iraod_artifacts/comparison/full_test_roi_v3_331d213/iraod-aligned-roi-v3-full-test/RSAR/chaff/E/ema,.67:/mnt/shared/zechuan/iraod_artifacts/comparison/final_delivery_20260908_4a6bc50/report/report.json,2026-09-12T01:56:05.977492+00:00
RSAR,chaff,E,42,student,accepted_core_complete,8538,8538,32,.67:/mnt/shared/zechuan/iraod_artifacts/comparison/full_test_roi_v3_331d213/iraod-aligned-roi-v3-full-test/RSAR/chaff/E/student,.67:/mnt/shared/zechuan/iraod_artifacts/comparison/final_delivery_20260908_4a6bc50/report/report.json,2026-09-12T01:56:05.977492+00:00
RSAR,chaff,F,42,ema,accepted_core_complete,8538,8538,32,.67:/mnt/shared/zechuan/iraod_artifacts/comparison/full_test_roi_v3_331d213/iraod-aligned-roi-v3-full-test/RSAR/chaff/F/ema,.67:/mnt/shared/zechuan/iraod_artifacts/comparison/final_delivery_20260908_4a6bc50/report/report.json,2026-09-12T01:56:05.977492+00:00
RSAR,chaff,F,42,student,accepted_core_complete,8538,8538,32,.67:/mnt/shared/zechuan/iraod_artifacts/comparison/full_test_roi_v3_331d213/iraod-aligned-roi-v3-full-test/RSAR/chaff/F/student,.67:/mnt/shared/zechuan/iraod_artifacts/comparison/final_delivery_20260908_4a6bc50/report/report.json,2026-09-12T01:56:05.977492+00:00
RSAR,gaussian_white_noise,A,42,source,accepted_core_complete,8538,8538,32,.67:/mnt/shared/zechuan/iraod_artifacts/comparison/full_test_roi_v3_331d213/iraod-aligned-roi-v3-full-test/RSAR/gaussian_white_noise/A/source,.67:/mnt/shared/zechuan/iraod_artifacts/comparison/final_delivery_20260908_4a6bc50/report/report.json,2026-09-12T01:56:05.977492+00:00
RSAR,gaussian_white_noise,B,42,ema,accepted_core_complete,8538,8538,32,.67:/mnt/shared/zechuan/iraod_artifacts/comparison/full_test_roi_v3_331d213/iraod-aligned-roi-v3-full-test/RSAR/gaussian_white_noise/B/ema,.67:/mnt/shared/zechuan/iraod_artifacts/comparison/final_delivery_20260908_4a6bc50/report/report.json,2026-09-12T01:56:05.977492+00:00
RSAR,gaussian_white_noise,B,42,student,accepted_core_complete,8538,8538,32,.67:/mnt/shared/zechuan/iraod_artifacts/comparison/full_test_roi_v3_331d213/iraod-aligned-roi-v3-full-test/RSAR/gaussian_white_noise/B/student,.67:/mnt/shared/zechuan/iraod_artifacts/comparison/final_delivery_20260908_4a6bc50/report/report.json,2026-09-12T01:56:05.977492+00:00
RSAR,gaussian_white_noise,C,42,ema,accepted_core_complete,8538,8538,32,.67:/mnt/shared/zechuan/iraod_artifacts/comparison/full_test_roi_v3_331d213/iraod-aligned-roi-v3-full-test/RSAR/gaussian_white_noise/C/ema,.67:/mnt/shared/zechuan/iraod_artifacts/comparison/final_delivery_20260908_4a6bc50/report/report.json,2026-09-12T01:56:05.977492+00:00
RSAR,gaussian_white_noise,C,42,student,accepted_core_complete,8538,8538,32,.67:/mnt/shared/zechuan/iraod_artifacts/comparison/full_test_roi_v3_331d213/iraod-aligned-roi-v3-full-test/RSAR/gaussian_white_noise/C/student,.67:/mnt/shared/zechuan/iraod_artifacts/comparison/final_delivery_20260908_4a6bc50/report/report.json,2026-09-12T01:56:05.977492+00:00
RSAR,gaussian_white_noise,D,42,ema,accepted_core_complete,8538,8538,32,.67:/mnt/shared/zechuan/iraod_artifacts/comparison/full_test_roi_v3_331d213/iraod-aligned-roi-v3-full-test/RSAR/gaussian_white_noise/D/ema,.67:/mnt/shared/zechuan/iraod_artifacts/comparison/final_delivery_20260908_4a6bc50/report/report.json,2026-09-12T01:56:05.977492+00:00
RSAR,gaussian_white_noise,D,42,student,accepted_core_complete,8538,8538,32,.67:/mnt/shared/zechuan/iraod_artifacts/comparison/full_test_roi_v3_331d213/iraod-aligned-roi-v3-full-test/RSAR/gaussian_white_noise/D/student,.67:/mnt/shared/zechuan/iraod_artifacts/comparison/final_delivery_20260908_4a6bc50/report/report.json,2026-09-12T01:56:05.977492+00:00
RSAR,gaussian_white_noise,E,42,ema,accepted_core_complete,8538,8538,32,.67:/mnt/shared/zechuan/iraod_artifacts/comparison/full_test_roi_v3_331d213/iraod-aligned-roi-v3-full-test/RSAR/gaussian_white_noise/E/ema,.67:/mnt/shared/zechuan/iraod_artifacts/comparison/final_delivery_20260908_4a6bc50/report/report.json,2026-09-12T01:56:05.977492+00:00
RSAR,gaussian_white_noise,E,42,student,accepted_core_complete,8538,8538,32,.67:/mnt/shared/zechuan/iraod_artifacts/comparison/full_test_roi_v3_331d213/iraod-aligned-roi-v3-full-test/RSAR/gaussian_white_noise/E/student,.67:/mnt/shared/zechuan/iraod_artifacts/comparison/final_delivery_20260908_4a6bc50/report/report.json,2026-09-12T01:56:05.977492+00:00
RSAR,gaussian_white_noise,F,42,ema,accepted_core_complete,8538,8538,32,.67:/mnt/shared/zechuan/iraod_artifacts/comparison/full_test_roi_v3_331d213/iraod-aligned-roi-v3-full-test/RSAR/gaussian_white_noise/F/ema,.67:/mnt/shared/zechuan/iraod_artifacts/comparison/final_delivery_20260908_4a6bc50/report/report.json,2026-09-12T01:56:05.977492+00:00
RSAR,gaussian_white_noise,F,42,student,accepted_core_complete,8538,8538,32,.67:/mnt/shared/zechuan/iraod_artifacts/comparison/full_test_roi_v3_331d213/iraod-aligned-roi-v3-full-test/RSAR/gaussian_white_noise/F/student,.67:/mnt/shared/zechuan/iraod_artifacts/comparison/final_delivery_20260908_4a6bc50/report/report.json,2026-09-12T01:56:05.977492+00:00
RSAR,point_target,A,42,source,accepted_core_complete,8538,8538,32,.67:/mnt/shared/zechuan/iraod_artifacts/comparison/full_test_roi_v3_331d213/iraod-aligned-roi-v3-full-test/RSAR/point_target/A/source,.67:/mnt/shared/zechuan/iraod_artifacts/comparison/final_delivery_20260908_4a6bc50/report/report.json,2026-09-12T01:56:05.977492+00:00
RSAR,point_target,B,42,ema,accepted_core_complete,8538,8538,32,.67:/mnt/shared/zechuan/iraod_artifacts/comparison/full_test_roi_v3_331d213/iraod-aligned-roi-v3-full-test/RSAR/point_target/B/ema,.67:/mnt/shared/zechuan/iraod_artifacts/comparison/final_delivery_20260908_4a6bc50/report/report.json,2026-09-12T01:56:05.977492+00:00
RSAR,point_target,B,42,student,accepted_core_complete,8538,8538,32,.67:/mnt/shared/zechuan/iraod_artifacts/comparison/full_test_roi_v3_331d213/iraod-aligned-roi-v3-full-test/RSAR/point_target/B/student,.67:/mnt/shared/zechuan/iraod_artifacts/comparison/final_delivery_20260908_4a6bc50/report/report.json,2026-09-12T01:56:05.977492+00:00
RSAR,point_target,C,42,ema,accepted_core_complete,8538,8538,32,.67:/mnt/shared/zechuan/iraod_artifacts/comparison/full_test_roi_v3_331d213/iraod-aligned-roi-v3-full-test/RSAR/point_target/C/ema,.67:/mnt/shared/zechuan/iraod_artifacts/comparison/final_delivery_20260908_4a6bc50/report/report.json,2026-09-12T01:56:05.977492+00:00
RSAR,point_target,C,42,student,accepted_core_complete,8538,8538,32,.67:/mnt/shared/zechuan/iraod_artifacts/comparison/full_test_roi_v3_331d213/iraod-aligned-roi-v3-full-test/RSAR/point_target/C/student,.67:/mnt/shared/zechuan/iraod_artifacts/comparison/final_delivery_20260908_4a6bc50/report/report.json,2026-09-12T01:56:05.977492+00:00
RSAR,point_target,D,42,ema,accepted_core_complete,8538,8538,32,.67:/mnt/shared/zechuan/iraod_artifacts/comparison/full_test_roi_v3_331d213/iraod-aligned-roi-v3-full-test/RSAR/point_target/D/ema,.67:/mnt/shared/zechuan/iraod_artifacts/comparison/final_delivery_20260908_4a6bc50/report/report.json,2026-09-12T01:56:05.977492+00:00
RSAR,point_target,D,42,student,accepted_core_complete,8538,8538,32,.67:/mnt/shared/zechuan/iraod_artifacts/comparison/full_test_roi_v3_331d213/iraod-aligned-roi-v3-full-test/RSAR/point_target/D/student,.67:/mnt/shared/zechuan/iraod_artifacts/comparison/final_delivery_20260908_4a6bc50/report/report.json,2026-09-12T01:56:05.977492+00:00
RSAR,point_target,E,42,ema,accepted_core_complete,8538,8538,32,.67:/mnt/shared/zechuan/iraod_artifacts/comparison/full_test_roi_v3_331d213/iraod-aligned-roi-v3-full-test/RSAR/point_target/E/ema,.67:/mnt/shared/zechuan/iraod_artifacts/comparison/final_delivery_20260908_4a6bc50/report/report.json,2026-09-12T01:56:05.977492+00:00
RSAR,point_target,E,42,student,accepted_core_complete,8538,8538,32,.67:/mnt/shared/zechuan/iraod_artifacts/comparison/full_test_roi_v3_331d213/iraod-aligned-roi-v3-full-test/RSAR/point_target/E/student,.67:/mnt/shared/zechuan/iraod_artifacts/comparison/final_delivery_20260908_4a6bc50/report/report.json,2026-09-12T01:56:05.977492+00:00
RSAR,point_target,F,42,ema,accepted_core_complete,8538,8538,32,.67:/mnt/shared/zechuan/iraod_artifacts/comparison/full_test_roi_v3_331d213/iraod-aligned-roi-v3-full-test/RSAR/point_target/F/ema,.67:/mnt/shared/zechuan/iraod_artifacts/comparison/final_delivery_20260908_4a6bc50/report/report.json,2026-09-12T01:56:05.977492+00:00
RSAR,point_target,F,42,student,accepted_core_complete,8538,8538,32,.67:/mnt/shared/zechuan/iraod_artifacts/comparison/full_test_roi_v3_331d213/iraod-aligned-roi-v3-full-test/RSAR/point_target/F/student,.67:/mnt/shared/zechuan/iraod_artifacts/comparison/final_delivery_20260908_4a6bc50/report/report.json,2026-09-12T01:56:05.977492+00:00
RSAR,noise_suppression,A,42,source,accepted_core_complete,8538,8538,32,.67:/mnt/shared/zechuan/iraod_artifacts/comparison/full_test_roi_v3_331d213/iraod-aligned-roi-v3-full-test/RSAR/noise_suppression/A/source,.67:/mnt/shared/zechuan/iraod_artifacts/comparison/final_delivery_20260908_4a6bc50/report/report.json,2026-09-12T01:56:05.977492+00:00
RSAR,noise_suppression,B,42,ema,accepted_core_complete,8538,8538,32,.67:/mnt/shared/zechuan/iraod_artifacts/comparison/full_test_roi_v3_331d213/iraod-aligned-roi-v3-full-test/RSAR/noise_suppression/B/ema,.67:/mnt/shared/zechuan/iraod_artifacts/comparison/final_delivery_20260908_4a6bc50/report/report.json,2026-09-12T01:56:05.977492+00:00
RSAR,noise_suppression,B,42,student,accepted_core_complete,8538,8538,32,.67:/mnt/shared/zechuan/iraod_artifacts/comparison/full_test_roi_v3_331d213/iraod-aligned-roi-v3-full-test/RSAR/noise_suppression/B/student,.67:/mnt/shared/zechuan/iraod_artifacts/comparison/final_delivery_20260908_4a6bc50/report/report.json,2026-09-12T01:56:05.977492+00:00
RSAR,noise_suppression,C,42,ema,accepted_core_complete,8538,8538,32,.67:/mnt/shared/zechuan/iraod_artifacts/comparison/full_test_roi_v3_331d213/iraod-aligned-roi-v3-full-test/RSAR/noise_suppression/C/ema,.67:/mnt/shared/zechuan/iraod_artifacts/comparison/final_delivery_20260908_4a6bc50/report/report.json,2026-09-12T01:56:05.977492+00:00
RSAR,noise_suppression,C,42,student,accepted_core_complete,8538,8538,32,.67:/mnt/shared/zechuan/iraod_artifacts/comparison/full_test_roi_v3_331d213/iraod-aligned-roi-v3-full-test/RSAR/noise_suppression/C/student,.67:/mnt/shared/zechuan/iraod_artifacts/comparison/final_delivery_20260908_4a6bc50/report/report.json,2026-09-12T01:56:05.977492+00:00
RSAR,noise_suppression,D,42,ema,accepted_core_complete,8538,8538,32,.67:/mnt/shared/zechuan/iraod_artifacts/comparison/full_test_roi_v3_331d213/iraod-aligned-roi-v3-full-test/RSAR/noise_suppression/D/ema,.67:/mnt/shared/zechuan/iraod_artifacts/comparison/final_delivery_20260908_4a6bc50/report/report.json,2026-09-12T01:56:05.977492+00:00
RSAR,noise_suppression,D,42,student,accepted_core_complete,8538,8538,32,.67:/mnt/shared/zechuan/iraod_artifacts/comparison/full_test_roi_v3_331d213/iraod-aligned-roi-v3-full-test/RSAR/noise_suppression/D/student,.67:/mnt/shared/zechuan/iraod_artifacts/comparison/final_delivery_20260908_4a6bc50/report/report.json,2026-09-12T01:56:05.977492+00:00
RSAR,noise_suppression,E,42,ema,accepted_core_complete,8538,8538,32,.67:/mnt/shared/zechuan/iraod_artifacts/comparison/full_test_roi_v3_331d213/iraod-aligned-roi-v3-full-test/RSAR/noise_suppression/E/ema,.67:/mnt/shared/zechuan/iraod_artifacts/comparison/final_delivery_20260908_4a6bc50/report/report.json,2026-09-12T01:56:05.977492+00:00
RSAR,noise_suppression,E,42,student,accepted_core_complete,8538,8538,32,.67:/mnt/shared/zechuan/iraod_artifacts/comparison/full_test_roi_v3_331d213/iraod-aligned-roi-v3-full-test/RSAR/noise_suppression/E/student,.67:/mnt/shared/zechuan/iraod_artifacts/comparison/final_delivery_20260908_4a6bc50/report/report.json,2026-09-12T01:56:05.977492+00:00
RSAR,noise_suppression,F,42,ema,accepted_core_complete,8538,8538,32,.67:/mnt/shared/zechuan/iraod_artifacts/comparison/full_test_roi_v3_331d213/iraod-aligned-roi-v3-full-test/RSAR/noise_suppression/F/ema,.67:/mnt/shared/zechuan/iraod_artifacts/comparison/final_delivery_20260908_4a6bc50/report/report.json,2026-09-12T01:56:05.977492+00:00
RSAR,noise_suppression,F,42,student,accepted_core_complete,8538,8538,32,.67:/mnt/shared/zechuan/iraod_artifacts/comparison/full_test_roi_v3_331d213/iraod-aligned-roi-v3-full-test/RSAR/noise_suppression/F/student,.67:/mnt/shared/zechuan/iraod_artifacts/comparison/final_delivery_20260908_4a6bc50/report/report.json,2026-09-12T01:56:05.977492+00:00
RSAR,am_noise_horizontal,A,42,source,accepted_core_complete,8538,8538,32,.67:/mnt/shared/zechuan/iraod_artifacts/comparison/full_test_roi_v3_331d213/iraod-aligned-roi-v3-full-test/RSAR/am_noise_horizontal/A/source,.67:/mnt/shared/zechuan/iraod_artifacts/comparison/final_delivery_20260908_4a6bc50/report/report.json,2026-09-12T01:56:05.977492+00:00
RSAR,am_noise_horizontal,B,42,ema,accepted_core_complete,8538,8538,32,.67:/mnt/shared/zechuan/iraod_artifacts/comparison/full_test_roi_v3_331d213/iraod-aligned-roi-v3-full-test/RSAR/am_noise_horizontal/B/ema,.67:/mnt/shared/zechuan/iraod_artifacts/comparison/final_delivery_20260908_4a6bc50/report/report.json,2026-09-12T01:56:05.977492+00:00
RSAR,am_noise_horizontal,B,42,student,accepted_core_complete,8538,8538,32,.67:/mnt/shared/zechuan/iraod_artifacts/comparison/full_test_roi_v3_331d213/iraod-aligned-roi-v3-full-test/RSAR/am_noise_horizontal/B/student,.67:/mnt/shared/zechuan/iraod_artifacts/comparison/final_delivery_20260908_4a6bc50/report/report.json,2026-09-12T01:56:05.977492+00:00
RSAR,am_noise_horizontal,C,42,ema,accepted_core_complete,8538,8538,32,.67:/mnt/shared/zechuan/iraod_artifacts/comparison/full_test_roi_v3_331d213/iraod-aligned-roi-v3-full-test/RSAR/am_noise_horizontal/C/ema,.67:/mnt/shared/zechuan/iraod_artifacts/comparison/final_delivery_20260908_4a6bc50/report/report.json,2026-09-12T01:56:05.977492+00:00
RSAR,am_noise_horizontal,C,42,student,accepted_core_complete,8538,8538,32,.67:/mnt/shared/zechuan/iraod_artifacts/comparison/full_test_roi_v3_331d213/iraod-aligned-roi-v3-full-test/RSAR/am_noise_horizontal/C/student,.67:/mnt/shared/zechuan/iraod_artifacts/comparison/final_delivery_20260908_4a6bc50/report/report.json,2026-09-12T01:56:05.977492+00:00
RSAR,am_noise_horizontal,D,42,ema,accepted_core_complete,8538,8538,32,.67:/mnt/shared/zechuan/iraod_artifacts/comparison/full_test_roi_v3_331d213/iraod-aligned-roi-v3-full-test/RSAR/am_noise_horizontal/D/ema,.67:/mnt/shared/zechuan/iraod_artifacts/comparison/final_delivery_20260908_4a6bc50/report/report.json,2026-09-12T01:56:05.977492+00:00
RSAR,am_noise_horizontal,D,42,student,accepted_core_complete,8538,8538,32,.67:/mnt/shared/zechuan/iraod_artifacts/comparison/full_test_roi_v3_331d213/iraod-aligned-roi-v3-full-test/RSAR/am_noise_horizontal/D/student,.67:/mnt/shared/zechuan/iraod_artifacts/comparison/final_delivery_20260908_4a6bc50/report/report.json,2026-09-12T01:56:05.977492+00:00
RSAR,am_noise_horizontal,E,42,ema,accepted_core_complete,8538,8538,32,.67:/mnt/shared/zechuan/iraod_artifacts/comparison/full_test_roi_v3_331d213/iraod-aligned-roi-v3-full-test/RSAR/am_noise_horizontal/E/ema,.67:/mnt/shared/zechuan/iraod_artifacts/comparison/final_delivery_20260908_4a6bc50/report/report.json,2026-09-12T01:56:05.977492+00:00
RSAR,am_noise_horizontal,E,42,student,accepted_core_complete,8538,8538,32,.67:/mnt/shared/zechuan/iraod_artifacts/comparison/full_test_roi_v3_331d213/iraod-aligned-roi-v3-full-test/RSAR/am_noise_horizontal/E/student,.67:/mnt/shared/zechuan/iraod_artifacts/comparison/final_delivery_20260908_4a6bc50/report/report.json,2026-09-12T01:56:05.977492+00:00
RSAR,am_noise_horizontal,F,42,ema,accepted_core_complete,8538,8538,32,.67:/mnt/shared/zechuan/iraod_artifacts/comparison/full_test_roi_v3_331d213/iraod-aligned-roi-v3-full-test/RSAR/am_noise_horizontal/F/ema,.67:/mnt/shared/zechuan/iraod_artifacts/comparison/final_delivery_20260908_4a6bc50/report/report.json,2026-09-12T01:56:05.977492+00:00
RSAR,am_noise_horizontal,F,42,student,accepted_core_complete,8538,8538,32,.67:/mnt/shared/zechuan/iraod_artifacts/comparison/full_test_roi_v3_331d213/iraod-aligned-roi-v3-full-test/RSAR/am_noise_horizontal/F/student,.67:/mnt/shared/zechuan/iraod_artifacts/comparison/final_delivery_20260908_4a6bc50/report/report.json,2026-09-12T01:56:05.977492+00:00
RSAR,smart_suppression,A,42,source,accepted_core_complete,8538,8538,32,.67:/mnt/shared/zechuan/iraod_artifacts/comparison/full_test_roi_v3_331d213/iraod-aligned-roi-v3-full-test/RSAR/smart_suppression/A/source,.67:/mnt/shared/zechuan/iraod_artifacts/comparison/final_delivery_20260908_4a6bc50/report/report.json,2026-09-12T01:56:05.977492+00:00
RSAR,smart_suppression,B,42,ema,accepted_core_complete,8538,8538,32,.67:/mnt/shared/zechuan/iraod_artifacts/comparison/full_test_roi_v3_331d213/iraod-aligned-roi-v3-full-test/RSAR/smart_suppression/B/ema,.67:/mnt/shared/zechuan/iraod_artifacts/comparison/final_delivery_20260908_4a6bc50/report/report.json,2026-09-12T01:56:05.977492+00:00
RSAR,smart_suppression,B,42,student,accepted_core_complete,8538,8538,32,.67:/mnt/shared/zechuan/iraod_artifacts/comparison/full_test_roi_v3_331d213/iraod-aligned-roi-v3-full-test/RSAR/smart_suppression/B/student,.67:/mnt/shared/zechuan/iraod_artifacts/comparison/final_delivery_20260908_4a6bc50/report/report.json,2026-09-12T01:56:05.977492+00:00
RSAR,smart_suppression,C,42,ema,accepted_core_complete,8538,8538,32,.67:/mnt/shared/zechuan/iraod_artifacts/comparison/full_test_roi_v3_331d213/iraod-aligned-roi-v3-full-test/RSAR/smart_suppression/C/ema,.67:/mnt/shared/zechuan/iraod_artifacts/comparison/final_delivery_20260908_4a6bc50/report/report.json,2026-09-12T01:56:05.977492+00:00
RSAR,smart_suppression,C,42,student,accepted_core_complete,8538,8538,32,.67:/mnt/shared/zechuan/iraod_artifacts/comparison/full_test_roi_v3_331d213/iraod-aligned-roi-v3-full-test/RSAR/smart_suppression/C/student,.67:/mnt/shared/zechuan/iraod_artifacts/comparison/final_delivery_20260908_4a6bc50/report/report.json,2026-09-12T01:56:05.977492+00:00
RSAR,smart_suppression,D,42,ema,accepted_core_complete,8538,8538,32,.67:/mnt/shared/zechuan/iraod_artifacts/comparison/full_test_roi_v3_331d213/iraod-aligned-roi-v3-full-test/RSAR/smart_suppression/D/ema,.67:/mnt/shared/zechuan/iraod_artifacts/comparison/final_delivery_20260908_4a6bc50/report/report.json,2026-09-12T01:56:05.977492+00:00
RSAR,smart_suppression,D,42,student,accepted_core_complete,8538,8538,32,.67:/mnt/shared/zechuan/iraod_artifacts/comparison/full_test_roi_v3_331d213/iraod-aligned-roi-v3-full-test/RSAR/smart_suppression/D/student,.67:/mnt/shared/zechuan/iraod_artifacts/comparison/final_delivery_20260908_4a6bc50/report/report.json,2026-09-12T01:56:05.977492+00:00
RSAR,smart_suppression,E,42,ema,accepted_core_complete,8538,8538,32,.67:/mnt/shared/zechuan/iraod_artifacts/comparison/full_test_roi_v3_331d213/iraod-aligned-roi-v3-full-test/RSAR/smart_suppression/E/ema,.67:/mnt/shared/zechuan/iraod_artifacts/comparison/final_delivery_20260908_4a6bc50/report/report.json,2026-09-12T01:56:05.977492+00:00
RSAR,smart_suppression,E,42,student,accepted_core_complete,8538,8538,32,.67:/mnt/shared/zechuan/iraod_artifacts/comparison/full_test_roi_v3_331d213/iraod-aligned-roi-v3-full-test/RSAR/smart_suppression/E/student,.67:/mnt/shared/zechuan/iraod_artifacts/comparison/final_delivery_20260908_4a6bc50/report/report.json,2026-09-12T01:56:05.977492+00:00
RSAR,smart_suppression,F,42,ema,accepted_core_complete,8538,8538,32,.67:/mnt/shared/zechuan/iraod_artifacts/comparison/full_test_roi_v3_331d213/iraod-aligned-roi-v3-full-test/RSAR/smart_suppression/F/ema,.67:/mnt/shared/zechuan/iraod_artifacts/comparison/final_delivery_20260908_4a6bc50/report/report.json,2026-09-12T01:56:05.977492+00:00
RSAR,smart_suppression,F,42,student,accepted_core_complete,8538,8538,32,.67:/mnt/shared/zechuan/iraod_artifacts/comparison/full_test_roi_v3_331d213/iraod-aligned-roi-v3-full-test/RSAR/smart_suppression/F/student,.67:/mnt/shared/zechuan/iraod_artifacts/comparison/final_delivery_20260908_4a6bc50/report/report.json,2026-09-12T01:56:05.977492+00:00
RSAR,am_noise_vertical,A,42,source,accepted_core_complete,8538,8538,32,.67:/mnt/shared/zechuan/iraod_artifacts/comparison/full_test_roi_v3_331d213/iraod-aligned-roi-v3-full-test/RSAR/am_noise_vertical/A/source,.67:/mnt/shared/zechuan/iraod_artifacts/comparison/final_delivery_20260908_4a6bc50/report/report.json,2026-09-12T01:56:05.977492+00:00
RSAR,am_noise_vertical,B,42,ema,accepted_core_complete,8538,8538,32,.67:/mnt/shared/zechuan/iraod_artifacts/comparison/full_test_roi_v3_331d213/iraod-aligned-roi-v3-full-test/RSAR/am_noise_vertical/B/ema,.67:/mnt/shared/zechuan/iraod_artifacts/comparison/final_delivery_20260908_4a6bc50/report/report.json,2026-09-12T01:56:05.977492+00:00
RSAR,am_noise_vertical,B,42,student,accepted_core_complete,8538,8538,32,.67:/mnt/shared/zechuan/iraod_artifacts/comparison/full_test_roi_v3_331d213/iraod-aligned-roi-v3-full-test/RSAR/am_noise_vertical/B/student,.67:/mnt/shared/zechuan/iraod_artifacts/comparison/final_delivery_20260908_4a6bc50/report/report.json,2026-09-12T01:56:05.977492+00:00
RSAR,am_noise_vertical,C,42,ema,accepted_core_complete,8538,8538,32,.67:/mnt/shared/zechuan/iraod_artifacts/comparison/full_test_roi_v3_331d213/iraod-aligned-roi-v3-full-test/RSAR/am_noise_vertical/C/ema,.67:/mnt/shared/zechuan/iraod_artifacts/comparison/final_delivery_20260908_4a6bc50/report/report.json,2026-09-12T01:56:05.977492+00:00
RSAR,am_noise_vertical,C,42,student,accepted_core_complete,8538,8538,32,.67:/mnt/shared/zechuan/iraod_artifacts/comparison/full_test_roi_v3_331d213/iraod-aligned-roi-v3-full-test/RSAR/am_noise_vertical/C/student,.67:/mnt/shared/zechuan/iraod_artifacts/comparison/final_delivery_20260908_4a6bc50/report/report.json,2026-09-12T01:56:05.977492+00:00
RSAR,am_noise_vertical,D,42,ema,accepted_core_complete,8538,8538,32,.67:/mnt/shared/zechuan/iraod_artifacts/comparison/full_test_roi_v3_331d213/iraod-aligned-roi-v3-full-test/RSAR/am_noise_vertical/D/ema,.67:/mnt/shared/zechuan/iraod_artifacts/comparison/final_delivery_20260908_4a6bc50/report/report.json,2026-09-12T01:56:05.977492+00:00
RSAR,am_noise_vertical,D,42,student,accepted_core_complete,8538,8538,32,.67:/mnt/shared/zechuan/iraod_artifacts/comparison/full_test_roi_v3_331d213/iraod-aligned-roi-v3-full-test/RSAR/am_noise_vertical/D/student,.67:/mnt/shared/zechuan/iraod_artifacts/comparison/final_delivery_20260908_4a6bc50/report/report.json,2026-09-12T01:56:05.977492+00:00
RSAR,am_noise_vertical,E,42,ema,accepted_core_complete,8538,8538,32,.67:/mnt/shared/zechuan/iraod_artifacts/comparison/full_test_roi_v3_331d213/iraod-aligned-roi-v3-full-test/RSAR/am_noise_vertical/E/ema,.67:/mnt/shared/zechuan/iraod_artifacts/comparison/final_delivery_20260908_4a6bc50/report/report.json,2026-09-12T01:56:05.977492+00:00
RSAR,am_noise_vertical,E,42,student,accepted_core_complete,8538,8538,32,.67:/mnt/shared/zechuan/iraod_artifacts/comparison/full_test_roi_v3_331d213/iraod-aligned-roi-v3-full-test/RSAR/am_noise_vertical/E/student,.67:/mnt/shared/zechuan/iraod_artifacts/comparison/final_delivery_20260908_4a6bc50/report/report.json,2026-09-12T01:56:05.977492+00:00
RSAR,am_noise_vertical,F,42,ema,accepted_core_complete,8538,8538,32,.67:/mnt/shared/zechuan/iraod_artifacts/comparison/full_test_roi_v3_331d213/iraod-aligned-roi-v3-full-test/RSAR/am_noise_vertical/F/ema,.67:/mnt/shared/zechuan/iraod_artifacts/comparison/final_delivery_20260908_4a6bc50/report/report.json,2026-09-12T01:56:05.977492+00:00
RSAR,am_noise_vertical,F,42,student,accepted_core_complete,8538,8538,32,.67:/mnt/shared/zechuan/iraod_artifacts/comparison/full_test_roi_v3_331d213/iraod-aligned-roi-v3-full-test/RSAR/am_noise_vertical/F/student,.67:/mnt/shared/zechuan/iraod_artifacts/comparison/final_delivery_20260908_4a6bc50/report/report.json,2026-09-12T01:56:05.977492+00:00
DIOR,clean,A,42,source,accepted_core_complete,11738,11738,16,.67:/mnt/shared/zechuan/iraod_artifacts/comparison/full_test_roi_v3_331d213/iraod-aligned-roi-v3-full-test/DIOR/clean/A/source,.67:/mnt/shared/zechuan/iraod_artifacts/comparison/final_delivery_20260908_4a6bc50/report/report.json,2026-09-12T01:56:05.977492+00:00
DIOR,clean,B,42,ema,accepted_core_complete,11738,11738,16,.67:/mnt/shared/zechuan/iraod_artifacts/comparison/full_test_roi_v3_331d213/iraod-aligned-roi-v3-full-test/DIOR/clean/B/ema,.67:/mnt/shared/zechuan/iraod_artifacts/comparison/final_delivery_20260908_4a6bc50/report/report.json,2026-09-12T01:56:05.977492+00:00
DIOR,clean,B,42,student,accepted_core_complete,11738,11738,16,.67:/mnt/shared/zechuan/iraod_artifacts/comparison/full_test_roi_v3_331d213/iraod-aligned-roi-v3-full-test/DIOR/clean/B/student,.67:/mnt/shared/zechuan/iraod_artifacts/comparison/final_delivery_20260908_4a6bc50/report/report.json,2026-09-12T01:56:05.977492+00:00
DIOR,clean,C,42,ema,accepted_core_complete,11738,11738,16,.67:/mnt/shared/zechuan/iraod_artifacts/comparison/full_test_roi_v3_331d213/iraod-aligned-roi-v3-full-test/DIOR/clean/C/ema,.67:/mnt/shared/zechuan/iraod_artifacts/comparison/final_delivery_20260908_4a6bc50/report/report.json,2026-09-12T01:56:05.977492+00:00
DIOR,clean,C,42,student,accepted_core_complete,11738,11738,16,.67:/mnt/shared/zechuan/iraod_artifacts/comparison/full_test_roi_v3_331d213/iraod-aligned-roi-v3-full-test/DIOR/clean/C/student,.67:/mnt/shared/zechuan/iraod_artifacts/comparison/final_delivery_20260908_4a6bc50/report/report.json,2026-09-12T01:56:05.977492+00:00
DIOR,clean,D,42,ema,accepted_core_complete,11738,11738,16,.67:/mnt/shared/zechuan/iraod_artifacts/comparison/full_test_roi_v3_331d213/iraod-aligned-roi-v3-full-test/DIOR/clean/D/ema,.67:/mnt/shared/zechuan/iraod_artifacts/comparison/final_delivery_20260908_4a6bc50/report/report.json,2026-09-12T01:56:05.977492+00:00
DIOR,clean,D,42,student,accepted_core_complete,11738,11738,16,.67:/mnt/shared/zechuan/iraod_artifacts/comparison/full_test_roi_v3_331d213/iraod-aligned-roi-v3-full-test/DIOR/clean/D/student,.67:/mnt/shared/zechuan/iraod_artifacts/comparison/final_delivery_20260908_4a6bc50/report/report.json,2026-09-12T01:56:05.977492+00:00
DIOR,clean,E,42,ema,accepted_core_complete,11738,11738,16,.67:/mnt/shared/zechuan/iraod_artifacts/comparison/full_test_roi_v3_331d213/iraod-aligned-roi-v3-full-test/DIOR/clean/E/ema,.67:/mnt/shared/zechuan/iraod_artifacts/comparison/final_delivery_20260908_4a6bc50/report/report.json,2026-09-12T01:56:05.977492+00:00
DIOR,clean,E,42,student,accepted_core_complete,11738,11738,16,.67:/mnt/shared/zechuan/iraod_artifacts/comparison/full_test_roi_v3_331d213/iraod-aligned-roi-v3-full-test/DIOR/clean/E/student,.67:/mnt/shared/zechuan/iraod_artifacts/comparison/final_delivery_20260908_4a6bc50/report/report.json,2026-09-12T01:56:05.977492+00:00
DIOR,clean,F,42,ema,accepted_core_complete,11738,11738,16,.67:/mnt/shared/zechuan/iraod_artifacts/comparison/full_test_roi_v3_331d213/iraod-aligned-roi-v3-full-test/DIOR/clean/F/ema,.67:/mnt/shared/zechuan/iraod_artifacts/comparison/final_delivery_20260908_4a6bc50/report/report.json,2026-09-12T01:56:05.977492+00:00
DIOR,clean,F,42,student,accepted_core_complete,11738,11738,16,.67:/mnt/shared/zechuan/iraod_artifacts/comparison/full_test_roi_v3_331d213/iraod-aligned-roi-v3-full-test/DIOR/clean/F/student,.67:/mnt/shared/zechuan/iraod_artifacts/comparison/final_delivery_20260908_4a6bc50/report/report.json,2026-09-12T01:56:05.977492+00:00
DIOR,brightness,A,42,source,accepted_core_complete,11738,11738,16,.67:/mnt/shared/zechuan/iraod_artifacts/comparison/full_test_roi_v3_331d213/iraod-aligned-roi-v3-full-test/DIOR/brightness/A/source,.67:/mnt/shared/zechuan/iraod_artifacts/comparison/final_delivery_20260908_4a6bc50/report/report.json,2026-09-12T01:56:05.977492+00:00
DIOR,brightness,B,42,ema,accepted_core_complete,11738,11738,16,.67:/mnt/shared/zechuan/iraod_artifacts/comparison/full_test_roi_v3_331d213/iraod-aligned-roi-v3-full-test/DIOR/brightness/B/ema,.67:/mnt/shared/zechuan/iraod_artifacts/comparison/final_delivery_20260908_4a6bc50/report/report.json,2026-09-12T01:56:05.977492+00:00
DIOR,brightness,B,42,student,accepted_core_complete,11738,11738,16,.67:/mnt/shared/zechuan/iraod_artifacts/comparison/full_test_roi_v3_331d213/iraod-aligned-roi-v3-full-test/DIOR/brightness/B/student,.67:/mnt/shared/zechuan/iraod_artifacts/comparison/final_delivery_20260908_4a6bc50/report/report.json,2026-09-12T01:56:05.977492+00:00
DIOR,brightness,C,42,ema,accepted_core_complete,11738,11738,16,.67:/mnt/shared/zechuan/iraod_artifacts/comparison/full_test_roi_v3_331d213/iraod-aligned-roi-v3-full-test/DIOR/brightness/C/ema,.67:/mnt/shared/zechuan/iraod_artifacts/comparison/final_delivery_20260908_4a6bc50/report/report.json,2026-09-12T01:56:05.977492+00:00
DIOR,brightness,C,42,student,accepted_core_complete,11738,11738,16,.67:/mnt/shared/zechuan/iraod_artifacts/comparison/full_test_roi_v3_331d213/iraod-aligned-roi-v3-full-test/DIOR/brightness/C/student,.67:/mnt/shared/zechuan/iraod_artifacts/comparison/final_delivery_20260908_4a6bc50/report/report.json,2026-09-12T01:56:05.977492+00:00
DIOR,brightness,D,42,ema,accepted_core_complete,11738,11738,16,.67:/mnt/shared/zechuan/iraod_artifacts/comparison/full_test_roi_v3_331d213/iraod-aligned-roi-v3-full-test/DIOR/brightness/D/ema,.67:/mnt/shared/zechuan/iraod_artifacts/comparison/final_delivery_20260908_4a6bc50/report/report.json,2026-09-12T01:56:05.977492+00:00
DIOR,brightness,D,42,student,accepted_core_complete,11738,11738,16,.67:/mnt/shared/zechuan/iraod_artifacts/comparison/full_test_roi_v3_331d213/iraod-aligned-roi-v3-full-test/DIOR/brightness/D/student,.67:/mnt/shared/zechuan/iraod_artifacts/comparison/final_delivery_20260908_4a6bc50/report/report.json,2026-09-12T01:56:05.977492+00:00
DIOR,brightness,E,42,ema,accepted_core_complete,11738,11738,16,.67:/mnt/shared/zechuan/iraod_artifacts/comparison/full_test_roi_v3_331d213/iraod-aligned-roi-v3-full-test/DIOR/brightness/E/ema,.67:/mnt/shared/zechuan/iraod_artifacts/comparison/final_delivery_20260908_4a6bc50/report/report.json,2026-09-12T01:56:05.977492+00:00
DIOR,brightness,E,42,student,accepted_core_complete,11738,11738,16,.67:/mnt/shared/zechuan/iraod_artifacts/comparison/full_test_roi_v3_331d213/iraod-aligned-roi-v3-full-test/DIOR/brightness/E/student,.67:/mnt/shared/zechuan/iraod_artifacts/comparison/final_delivery_20260908_4a6bc50/report/report.json,2026-09-12T01:56:05.977492+00:00
DIOR,brightness,F,42,ema,accepted_core_complete,11738,11738,16,.67:/mnt/shared/zechuan/iraod_artifacts/comparison/full_test_roi_v3_331d213/iraod-aligned-roi-v3-full-test/DIOR/brightness/F/ema,.67:/mnt/shared/zechuan/iraod_artifacts/comparison/final_delivery_20260908_4a6bc50/report/report.json,2026-09-12T01:56:05.977492+00:00
DIOR,brightness,F,42,student,accepted_core_complete,11738,11738,16,.67:/mnt/shared/zechuan/iraod_artifacts/comparison/full_test_roi_v3_331d213/iraod-aligned-roi-v3-full-test/DIOR/brightness/F/student,.67:/mnt/shared/zechuan/iraod_artifacts/comparison/final_delivery_20260908_4a6bc50/report/report.json,2026-09-12T01:56:05.977492+00:00
DIOR,cloudy,A,42,source,accepted_core_complete,11738,11738,16,.67:/mnt/shared/zechuan/iraod_artifacts/comparison/full_test_roi_v3_331d213/iraod-aligned-roi-v3-full-test/DIOR/cloudy/A/source,.67:/mnt/shared/zechuan/iraod_artifacts/comparison/final_delivery_20260908_4a6bc50/report/report.json,2026-09-12T01:56:05.977492+00:00
DIOR,cloudy,B,42,ema,accepted_core_complete,11738,11738,16,.67:/mnt/shared/zechuan/iraod_artifacts/comparison/full_test_roi_v3_331d213/iraod-aligned-roi-v3-full-test/DIOR/cloudy/B/ema,.67:/mnt/shared/zechuan/iraod_artifacts/comparison/final_delivery_20260908_4a6bc50/report/report.json,2026-09-12T01:56:05.977492+00:00
DIOR,cloudy,B,42,student,accepted_core_complete,11738,11738,16,.67:/mnt/shared/zechuan/iraod_artifacts/comparison/full_test_roi_v3_331d213/iraod-aligned-roi-v3-full-test/DIOR/cloudy/B/student,.67:/mnt/shared/zechuan/iraod_artifacts/comparison/final_delivery_20260908_4a6bc50/report/report.json,2026-09-12T01:56:05.977492+00:00
DIOR,cloudy,C,42,ema,accepted_core_complete,11738,11738,16,.67:/mnt/shared/zechuan/iraod_artifacts/comparison/full_test_roi_v3_331d213/iraod-aligned-roi-v3-full-test/DIOR/cloudy/C/ema,.67:/mnt/shared/zechuan/iraod_artifacts/comparison/final_delivery_20260908_4a6bc50/report/report.json,2026-09-12T01:56:05.977492+00:00
DIOR,cloudy,C,42,student,accepted_core_complete,11738,11738,16,.67:/mnt/shared/zechuan/iraod_artifacts/comparison/full_test_roi_v3_331d213/iraod-aligned-roi-v3-full-test/DIOR/cloudy/C/student,.67:/mnt/shared/zechuan/iraod_artifacts/comparison/final_delivery_20260908_4a6bc50/report/report.json,2026-09-12T01:56:05.977492+00:00
DIOR,cloudy,D,42,ema,accepted_core_complete,11738,11738,16,.67:/mnt/shared/zechuan/iraod_artifacts/comparison/full_test_roi_v3_331d213/iraod-aligned-roi-v3-full-test/DIOR/cloudy/D/ema,.67:/mnt/shared/zechuan/iraod_artifacts/comparison/final_delivery_20260908_4a6bc50/report/report.json,2026-09-12T01:56:05.977492+00:00
DIOR,cloudy,D,42,student,accepted_core_complete,11738,11738,16,.67:/mnt/shared/zechuan/iraod_artifacts/comparison/full_test_roi_v3_331d213/iraod-aligned-roi-v3-full-test/DIOR/cloudy/D/student,.67:/mnt/shared/zechuan/iraod_artifacts/comparison/final_delivery_20260908_4a6bc50/report/report.json,2026-09-12T01:56:05.977492+00:00
DIOR,cloudy,E,42,ema,accepted_core_complete,11738,11738,16,.67:/mnt/shared/zechuan/iraod_artifacts/comparison/full_test_roi_v3_331d213/iraod-aligned-roi-v3-full-test/DIOR/cloudy/E/ema,.67:/mnt/shared/zechuan/iraod_artifacts/comparison/final_delivery_20260908_4a6bc50/report/report.json,2026-09-12T01:56:05.977492+00:00
DIOR,cloudy,E,42,student,accepted_core_complete,11738,11738,16,.67:/mnt/shared/zechuan/iraod_artifacts/comparison/full_test_roi_v3_331d213/iraod-aligned-roi-v3-full-test/DIOR/cloudy/E/student,.67:/mnt/shared/zechuan/iraod_artifacts/comparison/final_delivery_20260908_4a6bc50/report/report.json,2026-09-12T01:56:05.977492+00:00
DIOR,cloudy,F,42,ema,accepted_core_complete,11738,11738,16,.67:/mnt/shared/zechuan/iraod_artifacts/comparison/full_test_roi_v3_331d213/iraod-aligned-roi-v3-full-test/DIOR/cloudy/F/ema,.67:/mnt/shared/zechuan/iraod_artifacts/comparison/final_delivery_20260908_4a6bc50/report/report.json,2026-09-12T01:56:05.977492+00:00
DIOR,cloudy,F,42,student,accepted_core_complete,11738,11738,16,.67:/mnt/shared/zechuan/iraod_artifacts/comparison/full_test_roi_v3_331d213/iraod-aligned-roi-v3-full-test/DIOR/cloudy/F/student,.67:/mnt/shared/zechuan/iraod_artifacts/comparison/final_delivery_20260908_4a6bc50/report/report.json,2026-09-12T01:56:05.977492+00:00
DIOR,contrast,A,42,source,accepted_core_complete,11738,11738,16,.67:/mnt/shared/zechuan/iraod_artifacts/comparison/full_test_roi_v3_331d213/iraod-aligned-roi-v3-full-test/DIOR/contrast/A/source,.67:/mnt/shared/zechuan/iraod_artifacts/comparison/final_delivery_20260908_4a6bc50/report/report.json,2026-09-12T01:56:05.977492+00:00
DIOR,contrast,B,42,ema,accepted_core_complete,11738,11738,16,.67:/mnt/shared/zechuan/iraod_artifacts/comparison/full_test_roi_v3_331d213/iraod-aligned-roi-v3-full-test/DIOR/contrast/B/ema,.67:/mnt/shared/zechuan/iraod_artifacts/comparison/final_delivery_20260908_4a6bc50/report/report.json,2026-09-12T01:56:05.977492+00:00
DIOR,contrast,B,42,student,accepted_core_complete,11738,11738,16,.67:/mnt/shared/zechuan/iraod_artifacts/comparison/full_test_roi_v3_331d213/iraod-aligned-roi-v3-full-test/DIOR/contrast/B/student,.67:/mnt/shared/zechuan/iraod_artifacts/comparison/final_delivery_20260908_4a6bc50/report/report.json,2026-09-12T01:56:05.977492+00:00
DIOR,contrast,C,42,ema,accepted_core_complete,11738,11738,16,.67:/mnt/shared/zechuan/iraod_artifacts/comparison/full_test_roi_v3_331d213/iraod-aligned-roi-v3-full-test/DIOR/contrast/C/ema,.67:/mnt/shared/zechuan/iraod_artifacts/comparison/final_delivery_20260908_4a6bc50/report/report.json,2026-09-12T01:56:05.977492+00:00
DIOR,contrast,C,42,student,accepted_core_complete,11738,11738,16,.67:/mnt/shared/zechuan/iraod_artifacts/comparison/full_test_roi_v3_331d213/iraod-aligned-roi-v3-full-test/DIOR/contrast/C/student,.67:/mnt/shared/zechuan/iraod_artifacts/comparison/final_delivery_20260908_4a6bc50/report/report.json,2026-09-12T01:56:05.977492+00:00
DIOR,contrast,D,42,ema,accepted_core_complete,11738,11738,16,.67:/mnt/shared/zechuan/iraod_artifacts/comparison/full_test_roi_v3_331d213/iraod-aligned-roi-v3-full-test/DIOR/contrast/D/ema,.67:/mnt/shared/zechuan/iraod_artifacts/comparison/final_delivery_20260908_4a6bc50/report/report.json,2026-09-12T01:56:05.977492+00:00
DIOR,contrast,D,42,student,accepted_core_complete,11738,11738,16,.67:/mnt/shared/zechuan/iraod_artifacts/comparison/full_test_roi_v3_331d213/iraod-aligned-roi-v3-full-test/DIOR/contrast/D/student,.67:/mnt/shared/zechuan/iraod_artifacts/comparison/final_delivery_20260908_4a6bc50/report/report.json,2026-09-12T01:56:05.977492+00:00
DIOR,contrast,E,42,ema,accepted_core_complete,11738,11738,16,.67:/mnt/shared/zechuan/iraod_artifacts/comparison/full_test_roi_v3_331d213/iraod-aligned-roi-v3-full-test/DIOR/contrast/E/ema,.67:/mnt/shared/zechuan/iraod_artifacts/comparison/final_delivery_20260908_4a6bc50/report/report.json,2026-09-12T01:56:05.977492+00:00
DIOR,contrast,E,42,student,accepted_core_complete,11738,11738,16,.67:/mnt/shared/zechuan/iraod_artifacts/comparison/full_test_roi_v3_331d213/iraod-aligned-roi-v3-full-test/DIOR/contrast/E/student,.67:/mnt/shared/zechuan/iraod_artifacts/comparison/final_delivery_20260908_4a6bc50/report/report.json,2026-09-12T01:56:05.977492+00:00
DIOR,contrast,F,42,ema,accepted_core_complete,11738,11738,16,.67:/mnt/shared/zechuan/iraod_artifacts/comparison/full_test_roi_v3_331d213/iraod-aligned-roi-v3-full-test/DIOR/contrast/F/ema,.67:/mnt/shared/zechuan/iraod_artifacts/comparison/final_delivery_20260908_4a6bc50/report/report.json,2026-09-12T01:56:05.977492+00:00
DIOR,contrast,F,42,student,accepted_core_complete,11738,11738,16,.67:/mnt/shared/zechuan/iraod_artifacts/comparison/full_test_roi_v3_331d213/iraod-aligned-roi-v3-full-test/DIOR/contrast/F/student,.67:/mnt/shared/zechuan/iraod_artifacts/comparison/final_delivery_20260908_4a6bc50/report/report.json,2026-09-12T01:56:05.977492+00:00
RSAR,clean,B,43,ema,missing_export,8538,,,.67:/mnt/shared/zechuan/iraod_artifacts/comparison/xaf_student_quant_20260908/qualitative/seed_43/iraod-aligned-roi-v3-full-test/RSAR/clean/B/ema,.67:/mnt/shared/zechuan/iraod_artifacts/comparison/xaf_student_quant_20260908/repo_manifests_37c65b6/qualitative_seed43.json,2026-09-12T02:08:19.233327+00:00
RSAR,clean,B,43,student,missing_export,8538,,,.67:/mnt/shared/zechuan/iraod_artifacts/comparison/xaf_student_quant_20260908/qualitative/seed_43/iraod-aligned-roi-v3-full-test/RSAR/clean/B/student,.67:/mnt/shared/zechuan/iraod_artifacts/comparison/xaf_student_quant_20260908/repo_manifests_37c65b6/qualitative_seed43.json,2026-09-12T02:08:19.233861+00:00
RSAR,clean,C,43,ema,missing_export,8538,,,.67:/mnt/shared/zechuan/iraod_artifacts/comparison/xaf_student_quant_20260908/qualitative/seed_43/iraod-aligned-roi-v3-full-test/RSAR/clean/C/ema,.67:/mnt/shared/zechuan/iraod_artifacts/comparison/xaf_student_quant_20260908/repo_manifests_37c65b6/qualitative_seed43.json,2026-09-12T02:08:19.234322+00:00
RSAR,clean,C,43,student,missing_export,8538,,,.67:/mnt/shared/zechuan/iraod_artifacts/comparison/xaf_student_quant_20260908/qualitative/seed_43/iraod-aligned-roi-v3-full-test/RSAR/clean/C/student,.67:/mnt/shared/zechuan/iraod_artifacts/comparison/xaf_student_quant_20260908/repo_manifests_37c65b6/qualitative_seed43.json,2026-09-12T02:08:19.234721+00:00
RSAR,clean,D,43,ema,missing_export,8538,,,.67:/mnt/shared/zechuan/iraod_artifacts/comparison/xaf_student_quant_20260908/qualitative/seed_43/iraod-aligned-roi-v3-full-test/RSAR/clean/D/ema,.67:/mnt/shared/zechuan/iraod_artifacts/comparison/xaf_student_quant_20260908/repo_manifests_37c65b6/qualitative_seed43.json,2026-09-12T02:08:19.235083+00:00
RSAR,clean,D,43,student,missing_export,8538,,,.67:/mnt/shared/zechuan/iraod_artifacts/comparison/xaf_student_quant_20260908/qualitative/seed_43/iraod-aligned-roi-v3-full-test/RSAR/clean/D/student,.67:/mnt/shared/zechuan/iraod_artifacts/comparison/xaf_student_quant_20260908/repo_manifests_37c65b6/qualitative_seed43.json,2026-09-12T02:08:19.235444+00:00
RSAR,clean,E,43,ema,missing_export,8538,,,.67:/mnt/shared/zechuan/iraod_artifacts/comparison/xaf_student_quant_20260908/qualitative/seed_43/iraod-aligned-roi-v3-full-test/RSAR/clean/E/ema,.67:/mnt/shared/zechuan/iraod_artifacts/comparison/xaf_student_quant_20260908/repo_manifests_37c65b6/qualitative_seed43.json,2026-09-12T02:08:19.235829+00:00
RSAR,clean,E,43,student,missing_export,8538,,,.67:/mnt/shared/zechuan/iraod_artifacts/comparison/xaf_student_quant_20260908/qualitative/seed_43/iraod-aligned-roi-v3-full-test/RSAR/clean/E/student,.67:/mnt/shared/zechuan/iraod_artifacts/comparison/xaf_student_quant_20260908/repo_manifests_37c65b6/qualitative_seed43.json,2026-09-12T02:08:19.236191+00:00
RSAR,clean,F,43,ema,missing_export,8538,,,.67:/mnt/shared/zechuan/iraod_artifacts/comparison/xaf_student_quant_20260908/qualitative/seed_43/iraod-aligned-roi-v3-full-test/RSAR/clean/F/ema,.67:/mnt/shared/zechuan/iraod_artifacts/comparison/xaf_student_quant_20260908/repo_manifests_37c65b6/qualitative_seed43.json,2026-09-12T02:08:19.236549+00:00
RSAR,clean,F,43,student,missing_export,8538,,,.67:/mnt/shared/zechuan/iraod_artifacts/comparison/xaf_student_quant_20260908/qualitative/seed_43/iraod-aligned-roi-v3-full-test/RSAR/clean/F/student,.67:/mnt/shared/zechuan/iraod_artifacts/comparison/xaf_student_quant_20260908/repo_manifests_37c65b6/qualitative_seed43.json,2026-09-12T02:08:19.236907+00:00
RSAR,chaff,B,43,ema,missing_export,8538,,,.67:/mnt/shared/zechuan/iraod_artifacts/comparison/xaf_student_quant_20260908/qualitative/seed_43/iraod-aligned-roi-v3-full-test/RSAR/chaff/B/ema,.67:/mnt/shared/zechuan/iraod_artifacts/comparison/xaf_student_quant_20260908/repo_manifests_37c65b6/qualitative_seed43.json,2026-09-12T02:08:19.237194+00:00
RSAR,chaff,B,43,student,missing_export,8538,,,.67:/mnt/shared/zechuan/iraod_artifacts/comparison/xaf_student_quant_20260908/qualitative/seed_43/iraod-aligned-roi-v3-full-test/RSAR/chaff/B/student,.67:/mnt/shared/zechuan/iraod_artifacts/comparison/xaf_student_quant_20260908/repo_manifests_37c65b6/qualitative_seed43.json,2026-09-12T02:08:19.237566+00:00
RSAR,chaff,C,43,ema,missing_export,8538,,,.67:/mnt/shared/zechuan/iraod_artifacts/comparison/xaf_student_quant_20260908/qualitative/seed_43/iraod-aligned-roi-v3-full-test/RSAR/chaff/C/ema,.67:/mnt/shared/zechuan/iraod_artifacts/comparison/xaf_student_quant_20260908/repo_manifests_37c65b6/qualitative_seed43.json,2026-09-12T02:08:19.237865+00:00
RSAR,chaff,C,43,student,missing_export,8538,,,.67:/mnt/shared/zechuan/iraod_artifacts/comparison/xaf_student_quant_20260908/qualitative/seed_43/iraod-aligned-roi-v3-full-test/RSAR/chaff/C/student,.67:/mnt/shared/zechuan/iraod_artifacts/comparison/xaf_student_quant_20260908/repo_manifests_37c65b6/qualitative_seed43.json,2026-09-12T02:08:19.238180+00:00
RSAR,chaff,D,43,ema,missing_export,8538,,,.67:/mnt/shared/zechuan/iraod_artifacts/comparison/xaf_student_quant_20260908/qualitative/seed_43/iraod-aligned-roi-v3-full-test/RSAR/chaff/D/ema,.67:/mnt/shared/zechuan/iraod_artifacts/comparison/xaf_student_quant_20260908/repo_manifests_37c65b6/qualitative_seed43.json,2026-09-12T02:08:19.238547+00:00
RSAR,chaff,D,43,student,missing_export,8538,,,.67:/mnt/shared/zechuan/iraod_artifacts/comparison/xaf_student_quant_20260908/qualitative/seed_43/iraod-aligned-roi-v3-full-test/RSAR/chaff/D/student,.67:/mnt/shared/zechuan/iraod_artifacts/comparison/xaf_student_quant_20260908/repo_manifests_37c65b6/qualitative_seed43.json,2026-09-12T02:08:19.238911+00:00
RSAR,chaff,E,43,ema,missing_export,8538,,,.67:/mnt/shared/zechuan/iraod_artifacts/comparison/xaf_student_quant_20260908/qualitative/seed_43/iraod-aligned-roi-v3-full-test/RSAR/chaff/E/ema,.67:/mnt/shared/zechuan/iraod_artifacts/comparison/xaf_student_quant_20260908/repo_manifests_37c65b6/qualitative_seed43.json,2026-09-12T02:08:19.239241+00:00
RSAR,chaff,E,43,student,missing_export,8538,,,.67:/mnt/shared/zechuan/iraod_artifacts/comparison/xaf_student_quant_20260908/qualitative/seed_43/iraod-aligned-roi-v3-full-test/RSAR/chaff/E/student,.67:/mnt/shared/zechuan/iraod_artifacts/comparison/xaf_student_quant_20260908/repo_manifests_37c65b6/qualitative_seed43.json,2026-09-12T02:08:19.239567+00:00
RSAR,chaff,F,43,ema,missing_export,8538,,,.67:/mnt/shared/zechuan/iraod_artifacts/comparison/xaf_student_quant_20260908/qualitative/seed_43/iraod-aligned-roi-v3-full-test/RSAR/chaff/F/ema,.67:/mnt/shared/zechuan/iraod_artifacts/comparison/xaf_student_quant_20260908/repo_manifests_37c65b6/qualitative_seed43.json,2026-09-12T02:08:19.239930+00:00
RSAR,chaff,F,43,student,missing_export,8538,,,.67:/mnt/shared/zechuan/iraod_artifacts/comparison/xaf_student_quant_20260908/qualitative/seed_43/iraod-aligned-roi-v3-full-test/RSAR/chaff/F/student,.67:/mnt/shared/zechuan/iraod_artifacts/comparison/xaf_student_quant_20260908/repo_manifests_37c65b6/qualitative_seed43.json,2026-09-12T02:08:19.240189+00:00
RSAR,gaussian_white_noise,B,43,ema,missing_export,8538,,,.67:/mnt/shared/zechuan/iraod_artifacts/comparison/xaf_student_quant_20260908/qualitative/seed_43/iraod-aligned-roi-v3-full-test/RSAR/gaussian_white_noise/B/ema,.67:/mnt/shared/zechuan/iraod_artifacts/comparison/xaf_student_quant_20260908/repo_manifests_37c65b6/qualitative_seed43.json,2026-09-12T02:08:19.240451+00:00
RSAR,gaussian_white_noise,B,43,student,missing_export,8538,,,.67:/mnt/shared/zechuan/iraod_artifacts/comparison/xaf_student_quant_20260908/qualitative/seed_43/iraod-aligned-roi-v3-full-test/RSAR/gaussian_white_noise/B/student,.67:/mnt/shared/zechuan/iraod_artifacts/comparison/xaf_student_quant_20260908/repo_manifests_37c65b6/qualitative_seed43.json,2026-09-12T02:08:19.240818+00:00
RSAR,gaussian_white_noise,C,43,ema,missing_export,8538,,,.67:/mnt/shared/zechuan/iraod_artifacts/comparison/xaf_student_quant_20260908/qualitative/seed_43/iraod-aligned-roi-v3-full-test/RSAR/gaussian_white_noise/C/ema,.67:/mnt/shared/zechuan/iraod_artifacts/comparison/xaf_student_quant_20260908/repo_manifests_37c65b6/qualitative_seed43.json,2026-09-12T02:08:19.241444+00:00
RSAR,gaussian_white_noise,C,43,student,missing_export,8538,,,.67:/mnt/shared/zechuan/iraod_artifacts/comparison/xaf_student_quant_20260908/qualitative/seed_43/iraod-aligned-roi-v3-full-test/RSAR/gaussian_white_noise/C/student,.67:/mnt/shared/zechuan/iraod_artifacts/comparison/xaf_student_quant_20260908/repo_manifests_37c65b6/qualitative_seed43.json,2026-09-12T02:08:19.241848+00:00
RSAR,gaussian_white_noise,D,43,ema,missing_export,8538,,,.67:/mnt/shared/zechuan/iraod_artifacts/comparison/xaf_student_quant_20260908/qualitative/seed_43/iraod-aligned-roi-v3-full-test/RSAR/gaussian_white_noise/D/ema,.67:/mnt/shared/zechuan/iraod_artifacts/comparison/xaf_student_quant_20260908/repo_manifests_37c65b6/qualitative_seed43.json,2026-09-12T02:08:19.242178+00:00
RSAR,gaussian_white_noise,D,43,student,missing_export,8538,,,.67:/mnt/shared/zechuan/iraod_artifacts/comparison/xaf_student_quant_20260908/qualitative/seed_43/iraod-aligned-roi-v3-full-test/RSAR/gaussian_white_noise/D/student,.67:/mnt/shared/zechuan/iraod_artifacts/comparison/xaf_student_quant_20260908/repo_manifests_37c65b6/qualitative_seed43.json,2026-09-12T02:08:19.242584+00:00
RSAR,gaussian_white_noise,E,43,ema,missing_export,8538,,,.67:/mnt/shared/zechuan/iraod_artifacts/comparison/xaf_student_quant_20260908/qualitative/seed_43/iraod-aligned-roi-v3-full-test/RSAR/gaussian_white_noise/E/ema,.67:/mnt/shared/zechuan/iraod_artifacts/comparison/xaf_student_quant_20260908/repo_manifests_37c65b6/qualitative_seed43.json,2026-09-12T02:08:19.242985+00:00
RSAR,gaussian_white_noise,E,43,student,missing_export,8538,,,.67:/mnt/shared/zechuan/iraod_artifacts/comparison/xaf_student_quant_20260908/qualitative/seed_43/iraod-aligned-roi-v3-full-test/RSAR/gaussian_white_noise/E/student,.67:/mnt/shared/zechuan/iraod_artifacts/comparison/xaf_student_quant_20260908/repo_manifests_37c65b6/qualitative_seed43.json,2026-09-12T02:08:19.243297+00:00
RSAR,gaussian_white_noise,F,43,ema,missing_export,8538,,,.67:/mnt/shared/zechuan/iraod_artifacts/comparison/xaf_student_quant_20260908/qualitative/seed_43/iraod-aligned-roi-v3-full-test/RSAR/gaussian_white_noise/F/ema,.67:/mnt/shared/zechuan/iraod_artifacts/comparison/xaf_student_quant_20260908/repo_manifests_37c65b6/qualitative_seed43.json,2026-09-12T02:08:19.243656+00:00
RSAR,gaussian_white_noise,F,43,student,missing_export,8538,,,.67:/mnt/shared/zechuan/iraod_artifacts/comparison/xaf_student_quant_20260908/qualitative/seed_43/iraod-aligned-roi-v3-full-test/RSAR/gaussian_white_noise/F/student,.67:/mnt/shared/zechuan/iraod_artifacts/comparison/xaf_student_quant_20260908/repo_manifests_37c65b6/qualitative_seed43.json,2026-09-12T02:08:19.244093+00:00
RSAR,point_target,B,43,ema,missing_export,8538,,,.67:/mnt/shared/zechuan/iraod_artifacts/comparison/xaf_student_quant_20260908/qualitative/seed_43/iraod-aligned-roi-v3-full-test/RSAR/point_target/B/ema,.67:/mnt/shared/zechuan/iraod_artifacts/comparison/xaf_student_quant_20260908/repo_manifests_37c65b6/qualitative_seed43.json,2026-09-12T02:08:19.244456+00:00
RSAR,point_target,B,43,student,missing_export,8538,,,.67:/mnt/shared/zechuan/iraod_artifacts/comparison/xaf_student_quant_20260908/qualitative/seed_43/iraod-aligned-roi-v3-full-test/RSAR/point_target/B/student,.67:/mnt/shared/zechuan/iraod_artifacts/comparison/xaf_student_quant_20260908/repo_manifests_37c65b6/qualitative_seed43.json,2026-09-12T02:08:19.244795+00:00
RSAR,point_target,C,43,ema,missing_export,8538,,,.67:/mnt/shared/zechuan/iraod_artifacts/comparison/xaf_student_quant_20260908/qualitative/seed_43/iraod-aligned-roi-v3-full-test/RSAR/point_target/C/ema,.67:/mnt/shared/zechuan/iraod_artifacts/comparison/xaf_student_quant_20260908/repo_manifests_37c65b6/qualitative_seed43.json,2026-09-12T02:08:19.245209+00:00
RSAR,point_target,C,43,student,missing_export,8538,,,.67:/mnt/shared/zechuan/iraod_artifacts/comparison/xaf_student_quant_20260908/qualitative/seed_43/iraod-aligned-roi-v3-full-test/RSAR/point_target/C/student,.67:/mnt/shared/zechuan/iraod_artifacts/comparison/xaf_student_quant_20260908/repo_manifests_37c65b6/qualitative_seed43.json,2026-09-12T02:08:19.245524+00:00
RSAR,point_target,D,43,ema,missing_export,8538,,,.67:/mnt/shared/zechuan/iraod_artifacts/comparison/xaf_student_quant_20260908/qualitative/seed_43/iraod-aligned-roi-v3-full-test/RSAR/point_target/D/ema,.67:/mnt/shared/zechuan/iraod_artifacts/comparison/xaf_student_quant_20260908/repo_manifests_37c65b6/qualitative_seed43.json,2026-09-12T02:08:19.245905+00:00
RSAR,point_target,D,43,student,missing_export,8538,,,.67:/mnt/shared/zechuan/iraod_artifacts/comparison/xaf_student_quant_20260908/qualitative/seed_43/iraod-aligned-roi-v3-full-test/RSAR/point_target/D/student,.67:/mnt/shared/zechuan/iraod_artifacts/comparison/xaf_student_quant_20260908/repo_manifests_37c65b6/qualitative_seed43.json,2026-09-12T02:08:19.246203+00:00
RSAR,point_target,E,43,ema,missing_export,8538,,,.67:/mnt/shared/zechuan/iraod_artifacts/comparison/xaf_student_quant_20260908/qualitative/seed_43/iraod-aligned-roi-v3-full-test/RSAR/point_target/E/ema,.67:/mnt/shared/zechuan/iraod_artifacts/comparison/xaf_student_quant_20260908/repo_manifests_37c65b6/qualitative_seed43.json,2026-09-12T02:08:19.246563+00:00
RSAR,point_target,E,43,student,missing_export,8538,,,.67:/mnt/shared/zechuan/iraod_artifacts/comparison/xaf_student_quant_20260908/qualitative/seed_43/iraod-aligned-roi-v3-full-test/RSAR/point_target/E/student,.67:/mnt/shared/zechuan/iraod_artifacts/comparison/xaf_student_quant_20260908/repo_manifests_37c65b6/qualitative_seed43.json,2026-09-12T02:08:19.246855+00:00
RSAR,point_target,F,43,ema,missing_export,8538,,,.67:/mnt/shared/zechuan/iraod_artifacts/comparison/xaf_student_quant_20260908/qualitative/seed_43/iraod-aligned-roi-v3-full-test/RSAR/point_target/F/ema,.67:/mnt/shared/zechuan/iraod_artifacts/comparison/xaf_student_quant_20260908/repo_manifests_37c65b6/qualitative_seed43.json,2026-09-12T02:08:19.247152+00:00
RSAR,point_target,F,43,student,missing_export,8538,,,.67:/mnt/shared/zechuan/iraod_artifacts/comparison/xaf_student_quant_20260908/qualitative/seed_43/iraod-aligned-roi-v3-full-test/RSAR/point_target/F/student,.67:/mnt/shared/zechuan/iraod_artifacts/comparison/xaf_student_quant_20260908/repo_manifests_37c65b6/qualitative_seed43.json,2026-09-12T02:08:19.247488+00:00
RSAR,noise_suppression,B,43,ema,missing_export,8538,,,.67:/mnt/shared/zechuan/iraod_artifacts/comparison/xaf_student_quant_20260908/qualitative/seed_43/iraod-aligned-roi-v3-full-test/RSAR/noise_suppression/B/ema,.67:/mnt/shared/zechuan/iraod_artifacts/comparison/xaf_student_quant_20260908/repo_manifests_37c65b6/qualitative_seed43.json,2026-09-12T02:08:19.247836+00:00
RSAR,noise_suppression,B,43,student,missing_export,8538,,,.67:/mnt/shared/zechuan/iraod_artifacts/comparison/xaf_student_quant_20260908/qualitative/seed_43/iraod-aligned-roi-v3-full-test/RSAR/noise_suppression/B/student,.67:/mnt/shared/zechuan/iraod_artifacts/comparison/xaf_student_quant_20260908/repo_manifests_37c65b6/qualitative_seed43.json,2026-09-12T02:08:19.248192+00:00
RSAR,noise_suppression,C,43,ema,missing_export,8538,,,.67:/mnt/shared/zechuan/iraod_artifacts/comparison/xaf_student_quant_20260908/qualitative/seed_43/iraod-aligned-roi-v3-full-test/RSAR/noise_suppression/C/ema,.67:/mnt/shared/zechuan/iraod_artifacts/comparison/xaf_student_quant_20260908/repo_manifests_37c65b6/qualitative_seed43.json,2026-09-12T02:08:19.248511+00:00
RSAR,noise_suppression,C,43,student,missing_export,8538,,,.67:/mnt/shared/zechuan/iraod_artifacts/comparison/xaf_student_quant_20260908/qualitative/seed_43/iraod-aligned-roi-v3-full-test/RSAR/noise_suppression/C/student,.67:/mnt/shared/zechuan/iraod_artifacts/comparison/xaf_student_quant_20260908/repo_manifests_37c65b6/qualitative_seed43.json,2026-09-12T02:08:19.248829+00:00
RSAR,noise_suppression,D,43,ema,missing_export,8538,,,.67:/mnt/shared/zechuan/iraod_artifacts/comparison/xaf_student_quant_20260908/qualitative/seed_43/iraod-aligned-roi-v3-full-test/RSAR/noise_suppression/D/ema,.67:/mnt/shared/zechuan/iraod_artifacts/comparison/xaf_student_quant_20260908/repo_manifests_37c65b6/qualitative_seed43.json,2026-09-12T02:08:19.249245+00:00
RSAR,noise_suppression,D,43,student,missing_export,8538,,,.67:/mnt/shared/zechuan/iraod_artifacts/comparison/xaf_student_quant_20260908/qualitative/seed_43/iraod-aligned-roi-v3-full-test/RSAR/noise_suppression/D/student,.67:/mnt/shared/zechuan/iraod_artifacts/comparison/xaf_student_quant_20260908/repo_manifests_37c65b6/qualitative_seed43.json,2026-09-12T02:08:19.249543+00:00
RSAR,noise_suppression,E,43,ema,missing_export,8538,,,.67:/mnt/shared/zechuan/iraod_artifacts/comparison/xaf_student_quant_20260908/qualitative/seed_43/iraod-aligned-roi-v3-full-test/RSAR/noise_suppression/E/ema,.67:/mnt/shared/zechuan/iraod_artifacts/comparison/xaf_student_quant_20260908/repo_manifests_37c65b6/qualitative_seed43.json,2026-09-12T02:08:19.249816+00:00
RSAR,noise_suppression,E,43,student,missing_export,8538,,,.67:/mnt/shared/zechuan/iraod_artifacts/comparison/xaf_student_quant_20260908/qualitative/seed_43/iraod-aligned-roi-v3-full-test/RSAR/noise_suppression/E/student,.67:/mnt/shared/zechuan/iraod_artifacts/comparison/xaf_student_quant_20260908/repo_manifests_37c65b6/qualitative_seed43.json,2026-09-12T02:08:19.250134+00:00
RSAR,noise_suppression,F,43,ema,missing_export,8538,,,.67:/mnt/shared/zechuan/iraod_artifacts/comparison/xaf_student_quant_20260908/qualitative/seed_43/iraod-aligned-roi-v3-full-test/RSAR/noise_suppression/F/ema,.67:/mnt/shared/zechuan/iraod_artifacts/comparison/xaf_student_quant_20260908/repo_manifests_37c65b6/qualitative_seed43.json,2026-09-12T02:08:19.250517+00:00
RSAR,noise_suppression,F,43,student,missing_export,8538,,,.67:/mnt/shared/zechuan/iraod_artifacts/comparison/xaf_student_quant_20260908/qualitative/seed_43/iraod-aligned-roi-v3-full-test/RSAR/noise_suppression/F/student,.67:/mnt/shared/zechuan/iraod_artifacts/comparison/xaf_student_quant_20260908/repo_manifests_37c65b6/qualitative_seed43.json,2026-09-12T02:08:19.250864+00:00
RSAR,am_noise_horizontal,B,43,ema,missing_export,8538,,,.67:/mnt/shared/zechuan/iraod_artifacts/comparison/xaf_student_quant_20260908/qualitative/seed_43/iraod-aligned-roi-v3-full-test/RSAR/am_noise_horizontal/B/ema,.67:/mnt/shared/zechuan/iraod_artifacts/comparison/xaf_student_quant_20260908/repo_manifests_37c65b6/qualitative_seed43.json,2026-09-12T02:08:19.251192+00:00
RSAR,am_noise_horizontal,B,43,student,missing_export,8538,,,.67:/mnt/shared/zechuan/iraod_artifacts/comparison/xaf_student_quant_20260908/qualitative/seed_43/iraod-aligned-roi-v3-full-test/RSAR/am_noise_horizontal/B/student,.67:/mnt/shared/zechuan/iraod_artifacts/comparison/xaf_student_quant_20260908/repo_manifests_37c65b6/qualitative_seed43.json,2026-09-12T02:08:19.251554+00:00
RSAR,am_noise_horizontal,C,43,ema,missing_export,8538,,,.67:/mnt/shared/zechuan/iraod_artifacts/comparison/xaf_student_quant_20260908/qualitative/seed_43/iraod-aligned-roi-v3-full-test/RSAR/am_noise_horizontal/C/ema,.67:/mnt/shared/zechuan/iraod_artifacts/comparison/xaf_student_quant_20260908/repo_manifests_37c65b6/qualitative_seed43.json,2026-09-12T02:08:19.251868+00:00
RSAR,am_noise_horizontal,C,43,student,missing_export,8538,,,.67:/mnt/shared/zechuan/iraod_artifacts/comparison/xaf_student_quant_20260908/qualitative/seed_43/iraod-aligned-roi-v3-full-test/RSAR/am_noise_horizontal/C/student,.67:/mnt/shared/zechuan/iraod_artifacts/comparison/xaf_student_quant_20260908/repo_manifests_37c65b6/qualitative_seed43.json,2026-09-12T02:08:19.252174+00:00
RSAR,am_noise_horizontal,D,43,ema,missing_export,8538,,,.67:/mnt/shared/zechuan/iraod_artifacts/comparison/xaf_student_quant_20260908/qualitative/seed_43/iraod-aligned-roi-v3-full-test/RSAR/am_noise_horizontal/D/ema,.67:/mnt/shared/zechuan/iraod_artifacts/comparison/xaf_student_quant_20260908/repo_manifests_37c65b6/qualitative_seed43.json,2026-09-12T02:08:19.252407+00:00
RSAR,am_noise_horizontal,D,43,student,missing_export,8538,,,.67:/mnt/shared/zechuan/iraod_artifacts/comparison/xaf_student_quant_20260908/qualitative/seed_43/iraod-aligned-roi-v3-full-test/RSAR/am_noise_horizontal/D/student,.67:/mnt/shared/zechuan/iraod_artifacts/comparison/xaf_student_quant_20260908/repo_manifests_37c65b6/qualitative_seed43.json,2026-09-12T02:08:19.252719+00:00
RSAR,am_noise_horizontal,E,43,ema,missing_export,8538,,,.67:/mnt/shared/zechuan/iraod_artifacts/comparison/xaf_student_quant_20260908/qualitative/seed_43/iraod-aligned-roi-v3-full-test/RSAR/am_noise_horizontal/E/ema,.67:/mnt/shared/zechuan/iraod_artifacts/comparison/xaf_student_quant_20260908/repo_manifests_37c65b6/qualitative_seed43.json,2026-09-12T02:08:19.253028+00:00
RSAR,am_noise_horizontal,E,43,student,missing_export,8538,,,.67:/mnt/shared/zechuan/iraod_artifacts/comparison/xaf_student_quant_20260908/qualitative/seed_43/iraod-aligned-roi-v3-full-test/RSAR/am_noise_horizontal/E/student,.67:/mnt/shared/zechuan/iraod_artifacts/comparison/xaf_student_quant_20260908/repo_manifests_37c65b6/qualitative_seed43.json,2026-09-12T02:08:19.253361+00:00
RSAR,am_noise_horizontal,F,43,ema,missing_export,8538,,,.67:/mnt/shared/zechuan/iraod_artifacts/comparison/xaf_student_quant_20260908/qualitative/seed_43/iraod-aligned-roi-v3-full-test/RSAR/am_noise_horizontal/F/ema,.67:/mnt/shared/zechuan/iraod_artifacts/comparison/xaf_student_quant_20260908/repo_manifests_37c65b6/qualitative_seed43.json,2026-09-12T02:08:19.253607+00:00
RSAR,am_noise_horizontal,F,43,student,missing_export,8538,,,.67:/mnt/shared/zechuan/iraod_artifacts/comparison/xaf_student_quant_20260908/qualitative/seed_43/iraod-aligned-roi-v3-full-test/RSAR/am_noise_horizontal/F/student,.67:/mnt/shared/zechuan/iraod_artifacts/comparison/xaf_student_quant_20260908/repo_manifests_37c65b6/qualitative_seed43.json,2026-09-12T02:08:19.254001+00:00
RSAR,smart_suppression,B,43,ema,missing_export,8538,,,.67:/mnt/shared/zechuan/iraod_artifacts/comparison/xaf_student_quant_20260908/qualitative/seed_43/iraod-aligned-roi-v3-full-test/RSAR/smart_suppression/B/ema,.67:/mnt/shared/zechuan/iraod_artifacts/comparison/xaf_student_quant_20260908/repo_manifests_37c65b6/qualitative_seed43.json,2026-09-12T02:08:19.254398+00:00
RSAR,smart_suppression,B,43,student,missing_export,8538,,,.67:/mnt/shared/zechuan/iraod_artifacts/comparison/xaf_student_quant_20260908/qualitative/seed_43/iraod-aligned-roi-v3-full-test/RSAR/smart_suppression/B/student,.67:/mnt/shared/zechuan/iraod_artifacts/comparison/xaf_student_quant_20260908/repo_manifests_37c65b6/qualitative_seed43.json,2026-09-12T02:08:19.254722+00:00
RSAR,smart_suppression,C,43,ema,missing_export,8538,,,.67:/mnt/shared/zechuan/iraod_artifacts/comparison/xaf_student_quant_20260908/qualitative/seed_43/iraod-aligned-roi-v3-full-test/RSAR/smart_suppression/C/ema,.67:/mnt/shared/zechuan/iraod_artifacts/comparison/xaf_student_quant_20260908/repo_manifests_37c65b6/qualitative_seed43.json,2026-09-12T02:08:19.254995+00:00
RSAR,smart_suppression,C,43,student,missing_export,8538,,,.67:/mnt/shared/zechuan/iraod_artifacts/comparison/xaf_student_quant_20260908/qualitative/seed_43/iraod-aligned-roi-v3-full-test/RSAR/smart_suppression/C/student,.67:/mnt/shared/zechuan/iraod_artifacts/comparison/xaf_student_quant_20260908/repo_manifests_37c65b6/qualitative_seed43.json,2026-09-12T02:08:19.255290+00:00
RSAR,smart_suppression,D,43,ema,missing_export,8538,,,.67:/mnt/shared/zechuan/iraod_artifacts/comparison/xaf_student_quant_20260908/qualitative/seed_43/iraod-aligned-roi-v3-full-test/RSAR/smart_suppression/D/ema,.67:/mnt/shared/zechuan/iraod_artifacts/comparison/xaf_student_quant_20260908/repo_manifests_37c65b6/qualitative_seed43.json,2026-09-12T02:08:19.255634+00:00
RSAR,smart_suppression,D,43,student,missing_export,8538,,,.67:/mnt/shared/zechuan/iraod_artifacts/comparison/xaf_student_quant_20260908/qualitative/seed_43/iraod-aligned-roi-v3-full-test/RSAR/smart_suppression/D/student,.67:/mnt/shared/zechuan/iraod_artifacts/comparison/xaf_student_quant_20260908/repo_manifests_37c65b6/qualitative_seed43.json,2026-09-12T02:08:19.255957+00:00
RSAR,smart_suppression,E,43,ema,missing_export,8538,,,.67:/mnt/shared/zechuan/iraod_artifacts/comparison/xaf_student_quant_20260908/qualitative/seed_43/iraod-aligned-roi-v3-full-test/RSAR/smart_suppression/E/ema,.67:/mnt/shared/zechuan/iraod_artifacts/comparison/xaf_student_quant_20260908/repo_manifests_37c65b6/qualitative_seed43.json,2026-09-12T02:08:19.256225+00:00
RSAR,smart_suppression,E,43,student,missing_export,8538,,,.67:/mnt/shared/zechuan/iraod_artifacts/comparison/xaf_student_quant_20260908/qualitative/seed_43/iraod-aligned-roi-v3-full-test/RSAR/smart_suppression/E/student,.67:/mnt/shared/zechuan/iraod_artifacts/comparison/xaf_student_quant_20260908/repo_manifests_37c65b6/qualitative_seed43.json,2026-09-12T02:08:19.256550+00:00
RSAR,smart_suppression,F,43,ema,missing_export,8538,,,.67:/mnt/shared/zechuan/iraod_artifacts/comparison/xaf_student_quant_20260908/qualitative/seed_43/iraod-aligned-roi-v3-full-test/RSAR/smart_suppression/F/ema,.67:/mnt/shared/zechuan/iraod_artifacts/comparison/xaf_student_quant_20260908/repo_manifests_37c65b6/qualitative_seed43.json,2026-09-12T02:08:19.256876+00:00
RSAR,smart_suppression,F,43,student,missing_export,8538,,,.67:/mnt/shared/zechuan/iraod_artifacts/comparison/xaf_student_quant_20260908/qualitative/seed_43/iraod-aligned-roi-v3-full-test/RSAR/smart_suppression/F/student,.67:/mnt/shared/zechuan/iraod_artifacts/comparison/xaf_student_quant_20260908/repo_manifests_37c65b6/qualitative_seed43.json,2026-09-12T02:08:19.257229+00:00
RSAR,am_noise_vertical,B,43,ema,missing_export,8538,,,.67:/mnt/shared/zechuan/iraod_artifacts/comparison/xaf_student_quant_20260908/qualitative/seed_43/iraod-aligned-roi-v3-full-test/RSAR/am_noise_vertical/B/ema,.67:/mnt/shared/zechuan/iraod_artifacts/comparison/xaf_student_quant_20260908/repo_manifests_37c65b6/qualitative_seed43.json,2026-09-12T02:08:19.257623+00:00
RSAR,am_noise_vertical,B,43,student,missing_export,8538,,,.67:/mnt/shared/zechuan/iraod_artifacts/comparison/xaf_student_quant_20260908/qualitative/seed_43/iraod-aligned-roi-v3-full-test/RSAR/am_noise_vertical/B/student,.67:/mnt/shared/zechuan/iraod_artifacts/comparison/xaf_student_quant_20260908/repo_manifests_37c65b6/qualitative_seed43.json,2026-09-12T02:08:19.258035+00:00
RSAR,am_noise_vertical,C,43,ema,missing_export,8538,,,.67:/mnt/shared/zechuan/iraod_artifacts/comparison/xaf_student_quant_20260908/qualitative/seed_43/iraod-aligned-roi-v3-full-test/RSAR/am_noise_vertical/C/ema,.67:/mnt/shared/zechuan/iraod_artifacts/comparison/xaf_student_quant_20260908/repo_manifests_37c65b6/qualitative_seed43.json,2026-09-12T02:08:19.258373+00:00
RSAR,am_noise_vertical,C,43,student,missing_export,8538,,,.67:/mnt/shared/zechuan/iraod_artifacts/comparison/xaf_student_quant_20260908/qualitative/seed_43/iraod-aligned-roi-v3-full-test/RSAR/am_noise_vertical/C/student,.67:/mnt/shared/zechuan/iraod_artifacts/comparison/xaf_student_quant_20260908/repo_manifests_37c65b6/qualitative_seed43.json,2026-09-12T02:08:19.258752+00:00
RSAR,am_noise_vertical,D,43,ema,missing_export,8538,,,.67:/mnt/shared/zechuan/iraod_artifacts/comparison/xaf_student_quant_20260908/qualitative/seed_43/iraod-aligned-roi-v3-full-test/RSAR/am_noise_vertical/D/ema,.67:/mnt/shared/zechuan/iraod_artifacts/comparison/xaf_student_quant_20260908/repo_manifests_37c65b6/qualitative_seed43.json,2026-09-12T02:08:19.259060+00:00
RSAR,am_noise_vertical,D,43,student,missing_export,8538,,,.67:/mnt/shared/zechuan/iraod_artifacts/comparison/xaf_student_quant_20260908/qualitative/seed_43/iraod-aligned-roi-v3-full-test/RSAR/am_noise_vertical/D/student,.67:/mnt/shared/zechuan/iraod_artifacts/comparison/xaf_student_quant_20260908/repo_manifests_37c65b6/qualitative_seed43.json,2026-09-12T02:08:19.259460+00:00
RSAR,am_noise_vertical,E,43,ema,missing_export,8538,,,.67:/mnt/shared/zechuan/iraod_artifacts/comparison/xaf_student_quant_20260908/qualitative/seed_43/iraod-aligned-roi-v3-full-test/RSAR/am_noise_vertical/E/ema,.67:/mnt/shared/zechuan/iraod_artifacts/comparison/xaf_student_quant_20260908/repo_manifests_37c65b6/qualitative_seed43.json,2026-09-12T02:08:19.259807+00:00
RSAR,am_noise_vertical,E,43,student,missing_export,8538,,,.67:/mnt/shared/zechuan/iraod_artifacts/comparison/xaf_student_quant_20260908/qualitative/seed_43/iraod-aligned-roi-v3-full-test/RSAR/am_noise_vertical/E/student,.67:/mnt/shared/zechuan/iraod_artifacts/comparison/xaf_student_quant_20260908/repo_manifests_37c65b6/qualitative_seed43.json,2026-09-12T02:08:19.260131+00:00
RSAR,am_noise_vertical,F,43,ema,missing_export,8538,,,.67:/mnt/shared/zechuan/iraod_artifacts/comparison/xaf_student_quant_20260908/qualitative/seed_43/iraod-aligned-roi-v3-full-test/RSAR/am_noise_vertical/F/ema,.67:/mnt/shared/zechuan/iraod_artifacts/comparison/xaf_student_quant_20260908/repo_manifests_37c65b6/qualitative_seed43.json,2026-09-12T02:08:19.260477+00:00
RSAR,am_noise_vertical,F,43,student,missing_export,8538,,,.67:/mnt/shared/zechuan/iraod_artifacts/comparison/xaf_student_quant_20260908/qualitative/seed_43/iraod-aligned-roi-v3-full-test/RSAR/am_noise_vertical/F/student,.67:/mnt/shared/zechuan/iraod_artifacts/comparison/xaf_student_quant_20260908/repo_manifests_37c65b6/qualitative_seed43.json,2026-09-12T02:08:19.260738+00:00
DIOR,clean,B,43,ema,missing_export,11738,,,.67:/mnt/shared/zechuan/iraod_artifacts/comparison/xaf_student_quant_20260908/qualitative/seed_43/iraod-aligned-roi-v3-full-test/DIOR/clean/B/ema,.67:/mnt/shared/zechuan/iraod_artifacts/comparison/xaf_student_quant_20260908/repo_manifests_37c65b6/qualitative_seed43.json,2026-09-12T02:08:19.261073+00:00
DIOR,clean,B,43,student,missing_export,11738,,,.67:/mnt/shared/zechuan/iraod_artifacts/comparison/xaf_student_quant_20260908/qualitative/seed_43/iraod-aligned-roi-v3-full-test/DIOR/clean/B/student,.67:/mnt/shared/zechuan/iraod_artifacts/comparison/xaf_student_quant_20260908/repo_manifests_37c65b6/qualitative_seed43.json,2026-09-12T02:08:19.261371+00:00
DIOR,clean,C,43,ema,missing_export,11738,,,.67:/mnt/shared/zechuan/iraod_artifacts/comparison/xaf_student_quant_20260908/qualitative/seed_43/iraod-aligned-roi-v3-full-test/DIOR/clean/C/ema,.67:/mnt/shared/zechuan/iraod_artifacts/comparison/xaf_student_quant_20260908/repo_manifests_37c65b6/qualitative_seed43.json,2026-09-12T02:08:19.261702+00:00
DIOR,clean,C,43,student,missing_export,11738,,,.67:/mnt/shared/zechuan/iraod_artifacts/comparison/xaf_student_quant_20260908/qualitative/seed_43/iraod-aligned-roi-v3-full-test/DIOR/clean/C/student,.67:/mnt/shared/zechuan/iraod_artifacts/comparison/xaf_student_quant_20260908/repo_manifests_37c65b6/qualitative_seed43.json,2026-09-12T02:08:19.261964+00:00
DIOR,clean,D,43,ema,missing_export,11738,,,.67:/mnt/shared/zechuan/iraod_artifacts/comparison/xaf_student_quant_20260908/qualitative/seed_43/iraod-aligned-roi-v3-full-test/DIOR/clean/D/ema,.67:/mnt/shared/zechuan/iraod_artifacts/comparison/xaf_student_quant_20260908/repo_manifests_37c65b6/qualitative_seed43.json,2026-09-12T02:08:19.262307+00:00
DIOR,clean,D,43,student,missing_export,11738,,,.67:/mnt/shared/zechuan/iraod_artifacts/comparison/xaf_student_quant_20260908/qualitative/seed_43/iraod-aligned-roi-v3-full-test/DIOR/clean/D/student,.67:/mnt/shared/zechuan/iraod_artifacts/comparison/xaf_student_quant_20260908/repo_manifests_37c65b6/qualitative_seed43.json,2026-09-12T02:08:19.262647+00:00
DIOR,clean,E,43,ema,missing_export,11738,,,.67:/mnt/shared/zechuan/iraod_artifacts/comparison/xaf_student_quant_20260908/qualitative/seed_43/iraod-aligned-roi-v3-full-test/DIOR/clean/E/ema,.67:/mnt/shared/zechuan/iraod_artifacts/comparison/xaf_student_quant_20260908/repo_manifests_37c65b6/qualitative_seed43.json,2026-09-12T02:08:19.262970+00:00
DIOR,clean,E,43,student,missing_export,11738,,,.67:/mnt/shared/zechuan/iraod_artifacts/comparison/xaf_student_quant_20260908/qualitative/seed_43/iraod-aligned-roi-v3-full-test/DIOR/clean/E/student,.67:/mnt/shared/zechuan/iraod_artifacts/comparison/xaf_student_quant_20260908/repo_manifests_37c65b6/qualitative_seed43.json,2026-09-12T02:08:19.263298+00:00
DIOR,clean,F,43,ema,missing_export,11738,,,.67:/mnt/shared/zechuan/iraod_artifacts/comparison/xaf_student_quant_20260908/qualitative/seed_43/iraod-aligned-roi-v3-full-test/DIOR/clean/F/ema,.67:/mnt/shared/zechuan/iraod_artifacts/comparison/xaf_student_quant_20260908/repo_manifests_37c65b6/qualitative_seed43.json,2026-09-12T02:08:19.263609+00:00
DIOR,clean,F,43,student,missing_export,11738,,,.67:/mnt/shared/zechuan/iraod_artifacts/comparison/xaf_student_quant_20260908/qualitative/seed_43/iraod-aligned-roi-v3-full-test/DIOR/clean/F/student,.67:/mnt/shared/zechuan/iraod_artifacts/comparison/xaf_student_quant_20260908/repo_manifests_37c65b6/qualitative_seed43.json,2026-09-12T02:08:19.263887+00:00
DIOR,brightness,B,43,ema,missing_export,11738,,,.67:/mnt/shared/zechuan/iraod_artifacts/comparison/xaf_student_quant_20260908/qualitative/seed_43/iraod-aligned-roi-v3-full-test/DIOR/brightness/B/ema,.67:/mnt/shared/zechuan/iraod_artifacts/comparison/xaf_student_quant_20260908/repo_manifests_37c65b6/qualitative_seed43.json,2026-09-12T02:08:19.264178+00:00
DIOR,brightness,B,43,student,missing_export,11738,,,.67:/mnt/shared/zechuan/iraod_artifacts/comparison/xaf_student_quant_20260908/qualitative/seed_43/iraod-aligned-roi-v3-full-test/DIOR/brightness/B/student,.67:/mnt/shared/zechuan/iraod_artifacts/comparison/xaf_student_quant_20260908/repo_manifests_37c65b6/qualitative_seed43.json,2026-09-12T02:08:19.264440+00:00
DIOR,brightness,C,43,ema,missing_export,11738,,,.67:/mnt/shared/zechuan/iraod_artifacts/comparison/xaf_student_quant_20260908/qualitative/seed_43/iraod-aligned-roi-v3-full-test/DIOR/brightness/C/ema,.67:/mnt/shared/zechuan/iraod_artifacts/comparison/xaf_student_quant_20260908/repo_manifests_37c65b6/qualitative_seed43.json,2026-09-12T02:08:19.264735+00:00
DIOR,brightness,C,43,student,missing_export,11738,,,.67:/mnt/shared/zechuan/iraod_artifacts/comparison/xaf_student_quant_20260908/qualitative/seed_43/iraod-aligned-roi-v3-full-test/DIOR/brightness/C/student,.67:/mnt/shared/zechuan/iraod_artifacts/comparison/xaf_student_quant_20260908/repo_manifests_37c65b6/qualitative_seed43.json,2026-09-12T02:08:19.265078+00:00
DIOR,brightness,D,43,ema,missing_export,11738,,,.67:/mnt/shared/zechuan/iraod_artifacts/comparison/xaf_student_quant_20260908/qualitative/seed_43/iraod-aligned-roi-v3-full-test/DIOR/brightness/D/ema,.67:/mnt/shared/zechuan/iraod_artifacts/comparison/xaf_student_quant_20260908/repo_manifests_37c65b6/qualitative_seed43.json,2026-09-12T02:08:19.265402+00:00
DIOR,brightness,D,43,student,missing_export,11738,,,.67:/mnt/shared/zechuan/iraod_artifacts/comparison/xaf_student_quant_20260908/qualitative/seed_43/iraod-aligned-roi-v3-full-test/DIOR/brightness/D/student,.67:/mnt/shared/zechuan/iraod_artifacts/comparison/xaf_student_quant_20260908/repo_manifests_37c65b6/qualitative_seed43.json,2026-09-12T02:08:19.265800+00:00
DIOR,brightness,E,43,ema,missing_export,11738,,,.67:/mnt/shared/zechuan/iraod_artifacts/comparison/xaf_student_quant_20260908/qualitative/seed_43/iraod-aligned-roi-v3-full-test/DIOR/brightness/E/ema,.67:/mnt/shared/zechuan/iraod_artifacts/comparison/xaf_student_quant_20260908/repo_manifests_37c65b6/qualitative_seed43.json,2026-09-12T02:08:19.266081+00:00
DIOR,brightness,E,43,student,missing_export,11738,,,.67:/mnt/shared/zechuan/iraod_artifacts/comparison/xaf_student_quant_20260908/qualitative/seed_43/iraod-aligned-roi-v3-full-test/DIOR/brightness/E/student,.67:/mnt/shared/zechuan/iraod_artifacts/comparison/xaf_student_quant_20260908/repo_manifests_37c65b6/qualitative_seed43.json,2026-09-12T02:08:19.266357+00:00
DIOR,brightness,F,43,ema,missing_export,11738,,,.67:/mnt/shared/zechuan/iraod_artifacts/comparison/xaf_student_quant_20260908/qualitative/seed_43/iraod-aligned-roi-v3-full-test/DIOR/brightness/F/ema,.67:/mnt/shared/zechuan/iraod_artifacts/comparison/xaf_student_quant_20260908/repo_manifests_37c65b6/qualitative_seed43.json,2026-09-12T02:08:19.266766+00:00
DIOR,brightness,F,43,student,missing_export,11738,,,.67:/mnt/shared/zechuan/iraod_artifacts/comparison/xaf_student_quant_20260908/qualitative/seed_43/iraod-aligned-roi-v3-full-test/DIOR/brightness/F/student,.67:/mnt/shared/zechuan/iraod_artifacts/comparison/xaf_student_quant_20260908/repo_manifests_37c65b6/qualitative_seed43.json,2026-09-12T02:08:19.267094+00:00
DIOR,cloudy,B,43,ema,missing_export,11738,,,.67:/mnt/shared/zechuan/iraod_artifacts/comparison/xaf_student_quant_20260908/qualitative/seed_43/iraod-aligned-roi-v3-full-test/DIOR/cloudy/B/ema,.67:/mnt/shared/zechuan/iraod_artifacts/comparison/xaf_student_quant_20260908/repo_manifests_37c65b6/qualitative_seed43.json,2026-09-12T02:08:19.267362+00:00
DIOR,cloudy,B,43,student,missing_export,11738,,,.67:/mnt/shared/zechuan/iraod_artifacts/comparison/xaf_student_quant_20260908/qualitative/seed_43/iraod-aligned-roi-v3-full-test/DIOR/cloudy/B/student,.67:/mnt/shared/zechuan/iraod_artifacts/comparison/xaf_student_quant_20260908/repo_manifests_37c65b6/qualitative_seed43.json,2026-09-12T02:08:19.267738+00:00
DIOR,cloudy,C,43,ema,missing_export,11738,,,.67:/mnt/shared/zechuan/iraod_artifacts/comparison/xaf_student_quant_20260908/qualitative/seed_43/iraod-aligned-roi-v3-full-test/DIOR/cloudy/C/ema,.67:/mnt/shared/zechuan/iraod_artifacts/comparison/xaf_student_quant_20260908/repo_manifests_37c65b6/qualitative_seed43.json,2026-09-12T02:08:19.268027+00:00
DIOR,cloudy,C,43,student,missing_export,11738,,,.67:/mnt/shared/zechuan/iraod_artifacts/comparison/xaf_student_quant_20260908/qualitative/seed_43/iraod-aligned-roi-v3-full-test/DIOR/cloudy/C/student,.67:/mnt/shared/zechuan/iraod_artifacts/comparison/xaf_student_quant_20260908/repo_manifests_37c65b6/qualitative_seed43.json,2026-09-12T02:08:19.268383+00:00
DIOR,cloudy,D,43,ema,missing_export,11738,,,.67:/mnt/shared/zechuan/iraod_artifacts/comparison/xaf_student_quant_20260908/qualitative/seed_43/iraod-aligned-roi-v3-full-test/DIOR/cloudy/D/ema,.67:/mnt/shared/zechuan/iraod_artifacts/comparison/xaf_student_quant_20260908/repo_manifests_37c65b6/qualitative_seed43.json,2026-09-12T02:08:19.268700+00:00
DIOR,cloudy,D,43,student,missing_export,11738,,,.67:/mnt/shared/zechuan/iraod_artifacts/comparison/xaf_student_quant_20260908/qualitative/seed_43/iraod-aligned-roi-v3-full-test/DIOR/cloudy/D/student,.67:/mnt/shared/zechuan/iraod_artifacts/comparison/xaf_student_quant_20260908/repo_manifests_37c65b6/qualitative_seed43.json,2026-09-12T02:08:19.269063+00:00
DIOR,cloudy,E,43,ema,missing_export,11738,,,.67:/mnt/shared/zechuan/iraod_artifacts/comparison/xaf_student_quant_20260908/qualitative/seed_43/iraod-aligned-roi-v3-full-test/DIOR/cloudy/E/ema,.67:/mnt/shared/zechuan/iraod_artifacts/comparison/xaf_student_quant_20260908/repo_manifests_37c65b6/qualitative_seed43.json,2026-09-12T02:08:19.269382+00:00
DIOR,cloudy,E,43,student,missing_export,11738,,,.67:/mnt/shared/zechuan/iraod_artifacts/comparison/xaf_student_quant_20260908/qualitative/seed_43/iraod-aligned-roi-v3-full-test/DIOR/cloudy/E/student,.67:/mnt/shared/zechuan/iraod_artifacts/comparison/xaf_student_quant_20260908/repo_manifests_37c65b6/qualitative_seed43.json,2026-09-12T02:08:19.269705+00:00
DIOR,cloudy,F,43,ema,missing_export,11738,,,.67:/mnt/shared/zechuan/iraod_artifacts/comparison/xaf_student_quant_20260908/qualitative/seed_43/iraod-aligned-roi-v3-full-test/DIOR/cloudy/F/ema,.67:/mnt/shared/zechuan/iraod_artifacts/comparison/xaf_student_quant_20260908/repo_manifests_37c65b6/qualitative_seed43.json,2026-09-12T02:08:19.270036+00:00
DIOR,cloudy,F,43,student,missing_export,11738,,,.67:/mnt/shared/zechuan/iraod_artifacts/comparison/xaf_student_quant_20260908/qualitative/seed_43/iraod-aligned-roi-v3-full-test/DIOR/cloudy/F/student,.67:/mnt/shared/zechuan/iraod_artifacts/comparison/xaf_student_quant_20260908/repo_manifests_37c65b6/qualitative_seed43.json,2026-09-12T02:08:19.270400+00:00
DIOR,contrast,B,43,ema,missing_export,11738,,,.67:/mnt/shared/zechuan/iraod_artifacts/comparison/xaf_student_quant_20260908/qualitative/seed_43/iraod-aligned-roi-v3-full-test/DIOR/contrast/B/ema,.67:/mnt/shared/zechuan/iraod_artifacts/comparison/xaf_student_quant_20260908/repo_manifests_37c65b6/qualitative_seed43.json,2026-09-12T02:08:19.270736+00:00
DIOR,contrast,B,43,student,missing_export,11738,,,.67:/mnt/shared/zechuan/iraod_artifacts/comparison/xaf_student_quant_20260908/qualitative/seed_43/iraod-aligned-roi-v3-full-test/DIOR/contrast/B/student,.67:/mnt/shared/zechuan/iraod_artifacts/comparison/xaf_student_quant_20260908/repo_manifests_37c65b6/qualitative_seed43.json,2026-09-12T02:08:19.271112+00:00
DIOR,contrast,C,43,ema,missing_export,11738,,,.67:/mnt/shared/zechuan/iraod_artifacts/comparison/xaf_student_quant_20260908/qualitative/seed_43/iraod-aligned-roi-v3-full-test/DIOR/contrast/C/ema,.67:/mnt/shared/zechuan/iraod_artifacts/comparison/xaf_student_quant_20260908/repo_manifests_37c65b6/qualitative_seed43.json,2026-09-12T02:08:19.271404+00:00
DIOR,contrast,C,43,student,missing_export,11738,,,.67:/mnt/shared/zechuan/iraod_artifacts/comparison/xaf_student_quant_20260908/qualitative/seed_43/iraod-aligned-roi-v3-full-test/DIOR/contrast/C/student,.67:/mnt/shared/zechuan/iraod_artifacts/comparison/xaf_student_quant_20260908/repo_manifests_37c65b6/qualitative_seed43.json,2026-09-12T02:08:19.271736+00:00
DIOR,contrast,D,43,ema,missing_export,11738,,,.67:/mnt/shared/zechuan/iraod_artifacts/comparison/xaf_student_quant_20260908/qualitative/seed_43/iraod-aligned-roi-v3-full-test/DIOR/contrast/D/ema,.67:/mnt/shared/zechuan/iraod_artifacts/comparison/xaf_student_quant_20260908/repo_manifests_37c65b6/qualitative_seed43.json,2026-09-12T02:08:19.272083+00:00
DIOR,contrast,D,43,student,missing_export,11738,,,.67:/mnt/shared/zechuan/iraod_artifacts/comparison/xaf_student_quant_20260908/qualitative/seed_43/iraod-aligned-roi-v3-full-test/DIOR/contrast/D/student,.67:/mnt/shared/zechuan/iraod_artifacts/comparison/xaf_student_quant_20260908/repo_manifests_37c65b6/qualitative_seed43.json,2026-09-12T02:08:19.272344+00:00
DIOR,contrast,E,43,ema,missing_export,11738,,,.67:/mnt/shared/zechuan/iraod_artifacts/comparison/xaf_student_quant_20260908/qualitative/seed_43/iraod-aligned-roi-v3-full-test/DIOR/contrast/E/ema,.67:/mnt/shared/zechuan/iraod_artifacts/comparison/xaf_student_quant_20260908/repo_manifests_37c65b6/qualitative_seed43.json,2026-09-12T02:08:19.272665+00:00
DIOR,contrast,E,43,student,missing_export,11738,,,.67:/mnt/shared/zechuan/iraod_artifacts/comparison/xaf_student_quant_20260908/qualitative/seed_43/iraod-aligned-roi-v3-full-test/DIOR/contrast/E/student,.67:/mnt/shared/zechuan/iraod_artifacts/comparison/xaf_student_quant_20260908/repo_manifests_37c65b6/qualitative_seed43.json,2026-09-12T02:08:19.273048+00:00
DIOR,contrast,F,43,ema,missing_export,11738,,,.67:/mnt/shared/zechuan/iraod_artifacts/comparison/xaf_student_quant_20260908/qualitative/seed_43/iraod-aligned-roi-v3-full-test/DIOR/contrast/F/ema,.67:/mnt/shared/zechuan/iraod_artifacts/comparison/xaf_student_quant_20260908/repo_manifests_37c65b6/qualitative_seed43.json,2026-09-12T02:08:19.273376+00:00
DIOR,contrast,F,43,student,missing_export,11738,,,.67:/mnt/shared/zechuan/iraod_artifacts/comparison/xaf_student_quant_20260908/qualitative/seed_43/iraod-aligned-roi-v3-full-test/DIOR/contrast/F/student,.67:/mnt/shared/zechuan/iraod_artifacts/comparison/xaf_student_quant_20260908/repo_manifests_37c65b6/qualitative_seed43.json,2026-09-12T02:08:19.273758+00:00
RSAR,clean,B,44,ema,missing_export,8538,,,.67:/mnt/shared/zechuan/iraod_artifacts/comparison/xaf_student_quant_20260908/qualitative/seed_44/iraod-aligned-roi-v3-full-test/RSAR/clean/B/ema,.67:/mnt/shared/zechuan/iraod_artifacts/comparison/xaf_student_quant_20260908/repo_manifests_37c65b6/qualitative_seed44.json,2026-09-12T02:08:19.274097+00:00
RSAR,clean,B,44,student,missing_export,8538,,,.67:/mnt/shared/zechuan/iraod_artifacts/comparison/xaf_student_quant_20260908/qualitative/seed_44/iraod-aligned-roi-v3-full-test/RSAR/clean/B/student,.67:/mnt/shared/zechuan/iraod_artifacts/comparison/xaf_student_quant_20260908/repo_manifests_37c65b6/qualitative_seed44.json,2026-09-12T02:08:19.274446+00:00
RSAR,clean,C,44,ema,missing_export,8538,,,.67:/mnt/shared/zechuan/iraod_artifacts/comparison/xaf_student_quant_20260908/qualitative/seed_44/iraod-aligned-roi-v3-full-test/RSAR/clean/C/ema,.67:/mnt/shared/zechuan/iraod_artifacts/comparison/xaf_student_quant_20260908/repo_manifests_37c65b6/qualitative_seed44.json,2026-09-12T02:08:19.274781+00:00
RSAR,clean,C,44,student,missing_export,8538,,,.67:/mnt/shared/zechuan/iraod_artifacts/comparison/xaf_student_quant_20260908/qualitative/seed_44/iraod-aligned-roi-v3-full-test/RSAR/clean/C/student,.67:/mnt/shared/zechuan/iraod_artifacts/comparison/xaf_student_quant_20260908/repo_manifests_37c65b6/qualitative_seed44.json,2026-09-12T02:08:19.275079+00:00
RSAR,clean,D,44,ema,missing_export,8538,,,.67:/mnt/shared/zechuan/iraod_artifacts/comparison/xaf_student_quant_20260908/qualitative/seed_44/iraod-aligned-roi-v3-full-test/RSAR/clean/D/ema,.67:/mnt/shared/zechuan/iraod_artifacts/comparison/xaf_student_quant_20260908/repo_manifests_37c65b6/qualitative_seed44.json,2026-09-12T02:08:19.275367+00:00
RSAR,clean,D,44,student,missing_export,8538,,,.67:/mnt/shared/zechuan/iraod_artifacts/comparison/xaf_student_quant_20260908/qualitative/seed_44/iraod-aligned-roi-v3-full-test/RSAR/clean/D/student,.67:/mnt/shared/zechuan/iraod_artifacts/comparison/xaf_student_quant_20260908/repo_manifests_37c65b6/qualitative_seed44.json,2026-09-12T02:08:19.275679+00:00
RSAR,clean,E,44,ema,missing_export,8538,,,.67:/mnt/shared/zechuan/iraod_artifacts/comparison/xaf_student_quant_20260908/qualitative/seed_44/iraod-aligned-roi-v3-full-test/RSAR/clean/E/ema,.67:/mnt/shared/zechuan/iraod_artifacts/comparison/xaf_student_quant_20260908/repo_manifests_37c65b6/qualitative_seed44.json,2026-09-12T02:08:19.275933+00:00
RSAR,clean,E,44,student,missing_export,8538,,,.67:/mnt/shared/zechuan/iraod_artifacts/comparison/xaf_student_quant_20260908/qualitative/seed_44/iraod-aligned-roi-v3-full-test/RSAR/clean/E/student,.67:/mnt/shared/zechuan/iraod_artifacts/comparison/xaf_student_quant_20260908/repo_manifests_37c65b6/qualitative_seed44.json,2026-09-12T02:08:19.276174+00:00
RSAR,clean,F,44,ema,missing_export,8538,,,.67:/mnt/shared/zechuan/iraod_artifacts/comparison/xaf_student_quant_20260908/qualitative/seed_44/iraod-aligned-roi-v3-full-test/RSAR/clean/F/ema,.67:/mnt/shared/zechuan/iraod_artifacts/comparison/xaf_student_quant_20260908/repo_manifests_37c65b6/qualitative_seed44.json,2026-09-12T02:08:19.276494+00:00
RSAR,clean,F,44,student,missing_export,8538,,,.67:/mnt/shared/zechuan/iraod_artifacts/comparison/xaf_student_quant_20260908/qualitative/seed_44/iraod-aligned-roi-v3-full-test/RSAR/clean/F/student,.67:/mnt/shared/zechuan/iraod_artifacts/comparison/xaf_student_quant_20260908/repo_manifests_37c65b6/qualitative_seed44.json,2026-09-12T02:08:19.276827+00:00
RSAR,chaff,B,44,ema,missing_export,8538,,,.67:/mnt/shared/zechuan/iraod_artifacts/comparison/xaf_student_quant_20260908/qualitative/seed_44/iraod-aligned-roi-v3-full-test/RSAR/chaff/B/ema,.67:/mnt/shared/zechuan/iraod_artifacts/comparison/xaf_student_quant_20260908/repo_manifests_37c65b6/qualitative_seed44.json,2026-09-12T02:08:19.277146+00:00
RSAR,chaff,B,44,student,missing_export,8538,,,.67:/mnt/shared/zechuan/iraod_artifacts/comparison/xaf_student_quant_20260908/qualitative/seed_44/iraod-aligned-roi-v3-full-test/RSAR/chaff/B/student,.67:/mnt/shared/zechuan/iraod_artifacts/comparison/xaf_student_quant_20260908/repo_manifests_37c65b6/qualitative_seed44.json,2026-09-12T02:08:19.277448+00:00
RSAR,chaff,C,44,ema,missing_export,8538,,,.67:/mnt/shared/zechuan/iraod_artifacts/comparison/xaf_student_quant_20260908/qualitative/seed_44/iraod-aligned-roi-v3-full-test/RSAR/chaff/C/ema,.67:/mnt/shared/zechuan/iraod_artifacts/comparison/xaf_student_quant_20260908/repo_manifests_37c65b6/qualitative_seed44.json,2026-09-12T02:08:19.277882+00:00
RSAR,chaff,C,44,student,missing_export,8538,,,.67:/mnt/shared/zechuan/iraod_artifacts/comparison/xaf_student_quant_20260908/qualitative/seed_44/iraod-aligned-roi-v3-full-test/RSAR/chaff/C/student,.67:/mnt/shared/zechuan/iraod_artifacts/comparison/xaf_student_quant_20260908/repo_manifests_37c65b6/qualitative_seed44.json,2026-09-12T02:08:19.278340+00:00
RSAR,chaff,D,44,ema,missing_export,8538,,,.67:/mnt/shared/zechuan/iraod_artifacts/comparison/xaf_student_quant_20260908/qualitative/seed_44/iraod-aligned-roi-v3-full-test/RSAR/chaff/D/ema,.67:/mnt/shared/zechuan/iraod_artifacts/comparison/xaf_student_quant_20260908/repo_manifests_37c65b6/qualitative_seed44.json,2026-09-12T02:08:19.278666+00:00
RSAR,chaff,D,44,student,missing_export,8538,,,.67:/mnt/shared/zechuan/iraod_artifacts/comparison/xaf_student_quant_20260908/qualitative/seed_44/iraod-aligned-roi-v3-full-test/RSAR/chaff/D/student,.67:/mnt/shared/zechuan/iraod_artifacts/comparison/xaf_student_quant_20260908/repo_manifests_37c65b6/qualitative_seed44.json,2026-09-12T02:08:19.278993+00:00
RSAR,chaff,E,44,ema,missing_export,8538,,,.67:/mnt/shared/zechuan/iraod_artifacts/comparison/xaf_student_quant_20260908/qualitative/seed_44/iraod-aligned-roi-v3-full-test/RSAR/chaff/E/ema,.67:/mnt/shared/zechuan/iraod_artifacts/comparison/xaf_student_quant_20260908/repo_manifests_37c65b6/qualitative_seed44.json,2026-09-12T02:08:19.279320+00:00
RSAR,chaff,E,44,student,missing_export,8538,,,.67:/mnt/shared/zechuan/iraod_artifacts/comparison/xaf_student_quant_20260908/qualitative/seed_44/iraod-aligned-roi-v3-full-test/RSAR/chaff/E/student,.67:/mnt/shared/zechuan/iraod_artifacts/comparison/xaf_student_quant_20260908/repo_manifests_37c65b6/qualitative_seed44.json,2026-09-12T02:08:19.279631+00:00
RSAR,chaff,F,44,ema,missing_export,8538,,,.67:/mnt/shared/zechuan/iraod_artifacts/comparison/xaf_student_quant_20260908/qualitative/seed_44/iraod-aligned-roi-v3-full-test/RSAR/chaff/F/ema,.67:/mnt/shared/zechuan/iraod_artifacts/comparison/xaf_student_quant_20260908/repo_manifests_37c65b6/qualitative_seed44.json,2026-09-12T02:08:19.279919+00:00
RSAR,chaff,F,44,student,missing_export,8538,,,.67:/mnt/shared/zechuan/iraod_artifacts/comparison/xaf_student_quant_20260908/qualitative/seed_44/iraod-aligned-roi-v3-full-test/RSAR/chaff/F/student,.67:/mnt/shared/zechuan/iraod_artifacts/comparison/xaf_student_quant_20260908/repo_manifests_37c65b6/qualitative_seed44.json,2026-09-12T02:08:19.280217+00:00
RSAR,gaussian_white_noise,B,44,ema,missing_export,8538,,,.67:/mnt/shared/zechuan/iraod_artifacts/comparison/xaf_student_quant_20260908/qualitative/seed_44/iraod-aligned-roi-v3-full-test/RSAR/gaussian_white_noise/B/ema,.67:/mnt/shared/zechuan/iraod_artifacts/comparison/xaf_student_quant_20260908/repo_manifests_37c65b6/qualitative_seed44.json,2026-09-12T02:08:19.280518+00:00
RSAR,gaussian_white_noise,B,44,student,missing_export,8538,,,.67:/mnt/shared/zechuan/iraod_artifacts/comparison/xaf_student_quant_20260908/qualitative/seed_44/iraod-aligned-roi-v3-full-test/RSAR/gaussian_white_noise/B/student,.67:/mnt/shared/zechuan/iraod_artifacts/comparison/xaf_student_quant_20260908/repo_manifests_37c65b6/qualitative_seed44.json,2026-09-12T02:08:19.280826+00:00
RSAR,gaussian_white_noise,C,44,ema,missing_export,8538,,,.67:/mnt/shared/zechuan/iraod_artifacts/comparison/xaf_student_quant_20260908/qualitative/seed_44/iraod-aligned-roi-v3-full-test/RSAR/gaussian_white_noise/C/ema,.67:/mnt/shared/zechuan/iraod_artifacts/comparison/xaf_student_quant_20260908/repo_manifests_37c65b6/qualitative_seed44.json,2026-09-12T02:08:19.281161+00:00
RSAR,gaussian_white_noise,C,44,student,missing_export,8538,,,.67:/mnt/shared/zechuan/iraod_artifacts/comparison/xaf_student_quant_20260908/qualitative/seed_44/iraod-aligned-roi-v3-full-test/RSAR/gaussian_white_noise/C/student,.67:/mnt/shared/zechuan/iraod_artifacts/comparison/xaf_student_quant_20260908/repo_manifests_37c65b6/qualitative_seed44.json,2026-09-12T02:08:19.281473+00:00
RSAR,gaussian_white_noise,D,44,ema,missing_export,8538,,,.67:/mnt/shared/zechuan/iraod_artifacts/comparison/xaf_student_quant_20260908/qualitative/seed_44/iraod-aligned-roi-v3-full-test/RSAR/gaussian_white_noise/D/ema,.67:/mnt/shared/zechuan/iraod_artifacts/comparison/xaf_student_quant_20260908/repo_manifests_37c65b6/qualitative_seed44.json,2026-09-12T02:08:19.281777+00:00
RSAR,gaussian_white_noise,D,44,student,missing_export,8538,,,.67:/mnt/shared/zechuan/iraod_artifacts/comparison/xaf_student_quant_20260908/qualitative/seed_44/iraod-aligned-roi-v3-full-test/RSAR/gaussian_white_noise/D/student,.67:/mnt/shared/zechuan/iraod_artifacts/comparison/xaf_student_quant_20260908/repo_manifests_37c65b6/qualitative_seed44.json,2026-09-12T02:08:19.282117+00:00
RSAR,gaussian_white_noise,E,44,ema,missing_export,8538,,,.67:/mnt/shared/zechuan/iraod_artifacts/comparison/xaf_student_quant_20260908/qualitative/seed_44/iraod-aligned-roi-v3-full-test/RSAR/gaussian_white_noise/E/ema,.67:/mnt/shared/zechuan/iraod_artifacts/comparison/xaf_student_quant_20260908/repo_manifests_37c65b6/qualitative_seed44.json,2026-09-12T02:08:19.282435+00:00
RSAR,gaussian_white_noise,E,44,student,missing_export,8538,,,.67:/mnt/shared/zechuan/iraod_artifacts/comparison/xaf_student_quant_20260908/qualitative/seed_44/iraod-aligned-roi-v3-full-test/RSAR/gaussian_white_noise/E/student,.67:/mnt/shared/zechuan/iraod_artifacts/comparison/xaf_student_quant_20260908/repo_manifests_37c65b6/qualitative_seed44.json,2026-09-12T02:08:19.282835+00:00
RSAR,gaussian_white_noise,F,44,ema,missing_export,8538,,,.67:/mnt/shared/zechuan/iraod_artifacts/comparison/xaf_student_quant_20260908/qualitative/seed_44/iraod-aligned-roi-v3-full-test/RSAR/gaussian_white_noise/F/ema,.67:/mnt/shared/zechuan/iraod_artifacts/comparison/xaf_student_quant_20260908/repo_manifests_37c65b6/qualitative_seed44.json,2026-09-12T02:08:19.283112+00:00
RSAR,gaussian_white_noise,F,44,student,missing_export,8538,,,.67:/mnt/shared/zechuan/iraod_artifacts/comparison/xaf_student_quant_20260908/qualitative/seed_44/iraod-aligned-roi-v3-full-test/RSAR/gaussian_white_noise/F/student,.67:/mnt/shared/zechuan/iraod_artifacts/comparison/xaf_student_quant_20260908/repo_manifests_37c65b6/qualitative_seed44.json,2026-09-12T02:08:19.283499+00:00
RSAR,point_target,B,44,ema,missing_export,8538,,,.67:/mnt/shared/zechuan/iraod_artifacts/comparison/xaf_student_quant_20260908/qualitative/seed_44/iraod-aligned-roi-v3-full-test/RSAR/point_target/B/ema,.67:/mnt/shared/zechuan/iraod_artifacts/comparison/xaf_student_quant_20260908/repo_manifests_37c65b6/qualitative_seed44.json,2026-09-12T02:08:19.283864+00:00
RSAR,point_target,B,44,student,missing_export,8538,,,.67:/mnt/shared/zechuan/iraod_artifacts/comparison/xaf_student_quant_20260908/qualitative/seed_44/iraod-aligned-roi-v3-full-test/RSAR/point_target/B/student,.67:/mnt/shared/zechuan/iraod_artifacts/comparison/xaf_student_quant_20260908/repo_manifests_37c65b6/qualitative_seed44.json,2026-09-12T02:08:19.284218+00:00
RSAR,point_target,C,44,ema,missing_export,8538,,,.67:/mnt/shared/zechuan/iraod_artifacts/comparison/xaf_student_quant_20260908/qualitative/seed_44/iraod-aligned-roi-v3-full-test/RSAR/point_target/C/ema,.67:/mnt/shared/zechuan/iraod_artifacts/comparison/xaf_student_quant_20260908/repo_manifests_37c65b6/qualitative_seed44.json,2026-09-12T02:08:19.284594+00:00
RSAR,point_target,C,44,student,missing_export,8538,,,.67:/mnt/shared/zechuan/iraod_artifacts/comparison/xaf_student_quant_20260908/qualitative/seed_44/iraod-aligned-roi-v3-full-test/RSAR/point_target/C/student,.67:/mnt/shared/zechuan/iraod_artifacts/comparison/xaf_student_quant_20260908/repo_manifests_37c65b6/qualitative_seed44.json,2026-09-12T02:08:19.284924+00:00
RSAR,point_target,D,44,ema,missing_export,8538,,,.67:/mnt/shared/zechuan/iraod_artifacts/comparison/xaf_student_quant_20260908/qualitative/seed_44/iraod-aligned-roi-v3-full-test/RSAR/point_target/D/ema,.67:/mnt/shared/zechuan/iraod_artifacts/comparison/xaf_student_quant_20260908/repo_manifests_37c65b6/qualitative_seed44.json,2026-09-12T02:08:19.285209+00:00
RSAR,point_target,D,44,student,missing_export,8538,,,.67:/mnt/shared/zechuan/iraod_artifacts/comparison/xaf_student_quant_20260908/qualitative/seed_44/iraod-aligned-roi-v3-full-test/RSAR/point_target/D/student,.67:/mnt/shared/zechuan/iraod_artifacts/comparison/xaf_student_quant_20260908/repo_manifests_37c65b6/qualitative_seed44.json,2026-09-12T02:08:19.285530+00:00
RSAR,point_target,E,44,ema,missing_export,8538,,,.67:/mnt/shared/zechuan/iraod_artifacts/comparison/xaf_student_quant_20260908/qualitative/seed_44/iraod-aligned-roi-v3-full-test/RSAR/point_target/E/ema,.67:/mnt/shared/zechuan/iraod_artifacts/comparison/xaf_student_quant_20260908/repo_manifests_37c65b6/qualitative_seed44.json,2026-09-12T02:08:19.285804+00:00
RSAR,point_target,E,44,student,missing_export,8538,,,.67:/mnt/shared/zechuan/iraod_artifacts/comparison/xaf_student_quant_20260908/qualitative/seed_44/iraod-aligned-roi-v3-full-test/RSAR/point_target/E/student,.67:/mnt/shared/zechuan/iraod_artifacts/comparison/xaf_student_quant_20260908/repo_manifests_37c65b6/qualitative_seed44.json,2026-09-12T02:08:19.286136+00:00
RSAR,point_target,F,44,ema,missing_export,8538,,,.67:/mnt/shared/zechuan/iraod_artifacts/comparison/xaf_student_quant_20260908/qualitative/seed_44/iraod-aligned-roi-v3-full-test/RSAR/point_target/F/ema,.67:/mnt/shared/zechuan/iraod_artifacts/comparison/xaf_student_quant_20260908/repo_manifests_37c65b6/qualitative_seed44.json,2026-09-12T02:08:19.286403+00:00
RSAR,point_target,F,44,student,missing_export,8538,,,.67:/mnt/shared/zechuan/iraod_artifacts/comparison/xaf_student_quant_20260908/qualitative/seed_44/iraod-aligned-roi-v3-full-test/RSAR/point_target/F/student,.67:/mnt/shared/zechuan/iraod_artifacts/comparison/xaf_student_quant_20260908/repo_manifests_37c65b6/qualitative_seed44.json,2026-09-12T02:08:19.286710+00:00
RSAR,noise_suppression,B,44,ema,missing_export,8538,,,.67:/mnt/shared/zechuan/iraod_artifacts/comparison/xaf_student_quant_20260908/qualitative/seed_44/iraod-aligned-roi-v3-full-test/RSAR/noise_suppression/B/ema,.67:/mnt/shared/zechuan/iraod_artifacts/comparison/xaf_student_quant_20260908/repo_manifests_37c65b6/qualitative_seed44.json,2026-09-12T02:08:19.287028+00:00
RSAR,noise_suppression,B,44,student,missing_export,8538,,,.67:/mnt/shared/zechuan/iraod_artifacts/comparison/xaf_student_quant_20260908/qualitative/seed_44/iraod-aligned-roi-v3-full-test/RSAR/noise_suppression/B/student,.67:/mnt/shared/zechuan/iraod_artifacts/comparison/xaf_student_quant_20260908/repo_manifests_37c65b6/qualitative_seed44.json,2026-09-12T02:08:19.287325+00:00
RSAR,noise_suppression,C,44,ema,missing_export,8538,,,.67:/mnt/shared/zechuan/iraod_artifacts/comparison/xaf_student_quant_20260908/qualitative/seed_44/iraod-aligned-roi-v3-full-test/RSAR/noise_suppression/C/ema,.67:/mnt/shared/zechuan/iraod_artifacts/comparison/xaf_student_quant_20260908/repo_manifests_37c65b6/qualitative_seed44.json,2026-09-12T02:08:19.287677+00:00
RSAR,noise_suppression,C,44,student,missing_export,8538,,,.67:/mnt/shared/zechuan/iraod_artifacts/comparison/xaf_student_quant_20260908/qualitative/seed_44/iraod-aligned-roi-v3-full-test/RSAR/noise_suppression/C/student,.67:/mnt/shared/zechuan/iraod_artifacts/comparison/xaf_student_quant_20260908/repo_manifests_37c65b6/qualitative_seed44.json,2026-09-12T02:08:19.288004+00:00
RSAR,noise_suppression,D,44,ema,missing_export,8538,,,.67:/mnt/shared/zechuan/iraod_artifacts/comparison/xaf_student_quant_20260908/qualitative/seed_44/iraod-aligned-roi-v3-full-test/RSAR/noise_suppression/D/ema,.67:/mnt/shared/zechuan/iraod_artifacts/comparison/xaf_student_quant_20260908/repo_manifests_37c65b6/qualitative_seed44.json,2026-09-12T02:08:19.288276+00:00
RSAR,noise_suppression,D,44,student,missing_export,8538,,,.67:/mnt/shared/zechuan/iraod_artifacts/comparison/xaf_student_quant_20260908/qualitative/seed_44/iraod-aligned-roi-v3-full-test/RSAR/noise_suppression/D/student,.67:/mnt/shared/zechuan/iraod_artifacts/comparison/xaf_student_quant_20260908/repo_manifests_37c65b6/qualitative_seed44.json,2026-09-12T02:08:19.288545+00:00
RSAR,noise_suppression,E,44,ema,missing_export,8538,,,.67:/mnt/shared/zechuan/iraod_artifacts/comparison/xaf_student_quant_20260908/qualitative/seed_44/iraod-aligned-roi-v3-full-test/RSAR/noise_suppression/E/ema,.67:/mnt/shared/zechuan/iraod_artifacts/comparison/xaf_student_quant_20260908/repo_manifests_37c65b6/qualitative_seed44.json,2026-09-12T02:08:19.288784+00:00
RSAR,noise_suppression,E,44,student,missing_export,8538,,,.67:/mnt/shared/zechuan/iraod_artifacts/comparison/xaf_student_quant_20260908/qualitative/seed_44/iraod-aligned-roi-v3-full-test/RSAR/noise_suppression/E/student,.67:/mnt/shared/zechuan/iraod_artifacts/comparison/xaf_student_quant_20260908/repo_manifests_37c65b6/qualitative_seed44.json,2026-09-12T02:08:19.289273+00:00
RSAR,noise_suppression,F,44,ema,missing_export,8538,,,.67:/mnt/shared/zechuan/iraod_artifacts/comparison/xaf_student_quant_20260908/qualitative/seed_44/iraod-aligned-roi-v3-full-test/RSAR/noise_suppression/F/ema,.67:/mnt/shared/zechuan/iraod_artifacts/comparison/xaf_student_quant_20260908/repo_manifests_37c65b6/qualitative_seed44.json,2026-09-12T02:08:19.289660+00:00
RSAR,noise_suppression,F,44,student,missing_export,8538,,,.67:/mnt/shared/zechuan/iraod_artifacts/comparison/xaf_student_quant_20260908/qualitative/seed_44/iraod-aligned-roi-v3-full-test/RSAR/noise_suppression/F/student,.67:/mnt/shared/zechuan/iraod_artifacts/comparison/xaf_student_quant_20260908/repo_manifests_37c65b6/qualitative_seed44.json,2026-09-12T02:08:19.290134+00:00
RSAR,am_noise_horizontal,B,44,ema,missing_export,8538,,,.67:/mnt/shared/zechuan/iraod_artifacts/comparison/xaf_student_quant_20260908/qualitative/seed_44/iraod-aligned-roi-v3-full-test/RSAR/am_noise_horizontal/B/ema,.67:/mnt/shared/zechuan/iraod_artifacts/comparison/xaf_student_quant_20260908/repo_manifests_37c65b6/qualitative_seed44.json,2026-09-12T02:08:19.290441+00:00
RSAR,am_noise_horizontal,B,44,student,missing_export,8538,,,.67:/mnt/shared/zechuan/iraod_artifacts/comparison/xaf_student_quant_20260908/qualitative/seed_44/iraod-aligned-roi-v3-full-test/RSAR/am_noise_horizontal/B/student,.67:/mnt/shared/zechuan/iraod_artifacts/comparison/xaf_student_quant_20260908/repo_manifests_37c65b6/qualitative_seed44.json,2026-09-12T02:08:19.290686+00:00
RSAR,am_noise_horizontal,C,44,ema,missing_export,8538,,,.67:/mnt/shared/zechuan/iraod_artifacts/comparison/xaf_student_quant_20260908/qualitative/seed_44/iraod-aligned-roi-v3-full-test/RSAR/am_noise_horizontal/C/ema,.67:/mnt/shared/zechuan/iraod_artifacts/comparison/xaf_student_quant_20260908/repo_manifests_37c65b6/qualitative_seed44.json,2026-09-12T02:08:19.291018+00:00
RSAR,am_noise_horizontal,C,44,student,missing_export,8538,,,.67:/mnt/shared/zechuan/iraod_artifacts/comparison/xaf_student_quant_20260908/qualitative/seed_44/iraod-aligned-roi-v3-full-test/RSAR/am_noise_horizontal/C/student,.67:/mnt/shared/zechuan/iraod_artifacts/comparison/xaf_student_quant_20260908/repo_manifests_37c65b6/qualitative_seed44.json,2026-09-12T02:08:19.291330+00:00
RSAR,am_noise_horizontal,D,44,ema,missing_export,8538,,,.67:/mnt/shared/zechuan/iraod_artifacts/comparison/xaf_student_quant_20260908/qualitative/seed_44/iraod-aligned-roi-v3-full-test/RSAR/am_noise_horizontal/D/ema,.67:/mnt/shared/zechuan/iraod_artifacts/comparison/xaf_student_quant_20260908/repo_manifests_37c65b6/qualitative_seed44.json,2026-09-12T02:08:19.291644+00:00
RSAR,am_noise_horizontal,D,44,student,missing_export,8538,,,.67:/mnt/shared/zechuan/iraod_artifacts/comparison/xaf_student_quant_20260908/qualitative/seed_44/iraod-aligned-roi-v3-full-test/RSAR/am_noise_horizontal/D/student,.67:/mnt/shared/zechuan/iraod_artifacts/comparison/xaf_student_quant_20260908/repo_manifests_37c65b6/qualitative_seed44.json,2026-09-12T02:08:19.292036+00:00
RSAR,am_noise_horizontal,E,44,ema,missing_export,8538,,,.67:/mnt/shared/zechuan/iraod_artifacts/comparison/xaf_student_quant_20260908/qualitative/seed_44/iraod-aligned-roi-v3-full-test/RSAR/am_noise_horizontal/E/ema,.67:/mnt/shared/zechuan/iraod_artifacts/comparison/xaf_student_quant_20260908/repo_manifests_37c65b6/qualitative_seed44.json,2026-09-12T02:08:19.292297+00:00
RSAR,am_noise_horizontal,E,44,student,missing_export,8538,,,.67:/mnt/shared/zechuan/iraod_artifacts/comparison/xaf_student_quant_20260908/qualitative/seed_44/iraod-aligned-roi-v3-full-test/RSAR/am_noise_horizontal/E/student,.67:/mnt/shared/zechuan/iraod_artifacts/comparison/xaf_student_quant_20260908/repo_manifests_37c65b6/qualitative_seed44.json,2026-09-12T02:08:19.292583+00:00
RSAR,am_noise_horizontal,F,44,ema,missing_export,8538,,,.67:/mnt/shared/zechuan/iraod_artifacts/comparison/xaf_student_quant_20260908/qualitative/seed_44/iraod-aligned-roi-v3-full-test/RSAR/am_noise_horizontal/F/ema,.67:/mnt/shared/zechuan/iraod_artifacts/comparison/xaf_student_quant_20260908/repo_manifests_37c65b6/qualitative_seed44.json,2026-09-12T02:08:19.292927+00:00
RSAR,am_noise_horizontal,F,44,student,missing_export,8538,,,.67:/mnt/shared/zechuan/iraod_artifacts/comparison/xaf_student_quant_20260908/qualitative/seed_44/iraod-aligned-roi-v3-full-test/RSAR/am_noise_horizontal/F/student,.67:/mnt/shared/zechuan/iraod_artifacts/comparison/xaf_student_quant_20260908/repo_manifests_37c65b6/qualitative_seed44.json,2026-09-12T02:08:19.293199+00:00
RSAR,smart_suppression,B,44,ema,missing_export,8538,,,.67:/mnt/shared/zechuan/iraod_artifacts/comparison/xaf_student_quant_20260908/qualitative/seed_44/iraod-aligned-roi-v3-full-test/RSAR/smart_suppression/B/ema,.67:/mnt/shared/zechuan/iraod_artifacts/comparison/xaf_student_quant_20260908/repo_manifests_37c65b6/qualitative_seed44.json,2026-09-12T02:08:19.293485+00:00
RSAR,smart_suppression,B,44,student,missing_export,8538,,,.67:/mnt/shared/zechuan/iraod_artifacts/comparison/xaf_student_quant_20260908/qualitative/seed_44/iraod-aligned-roi-v3-full-test/RSAR/smart_suppression/B/student,.67:/mnt/shared/zechuan/iraod_artifacts/comparison/xaf_student_quant_20260908/repo_manifests_37c65b6/qualitative_seed44.json,2026-09-12T02:08:19.293866+00:00
RSAR,smart_suppression,C,44,ema,missing_export,8538,,,.67:/mnt/shared/zechuan/iraod_artifacts/comparison/xaf_student_quant_20260908/qualitative/seed_44/iraod-aligned-roi-v3-full-test/RSAR/smart_suppression/C/ema,.67:/mnt/shared/zechuan/iraod_artifacts/comparison/xaf_student_quant_20260908/repo_manifests_37c65b6/qualitative_seed44.json,2026-09-12T02:08:19.294162+00:00
RSAR,smart_suppression,C,44,student,missing_export,8538,,,.67:/mnt/shared/zechuan/iraod_artifacts/comparison/xaf_student_quant_20260908/qualitative/seed_44/iraod-aligned-roi-v3-full-test/RSAR/smart_suppression/C/student,.67:/mnt/shared/zechuan/iraod_artifacts/comparison/xaf_student_quant_20260908/repo_manifests_37c65b6/qualitative_seed44.json,2026-09-12T02:08:19.294453+00:00
RSAR,smart_suppression,D,44,ema,missing_export,8538,,,.67:/mnt/shared/zechuan/iraod_artifacts/comparison/xaf_student_quant_20260908/qualitative/seed_44/iraod-aligned-roi-v3-full-test/RSAR/smart_suppression/D/ema,.67:/mnt/shared/zechuan/iraod_artifacts/comparison/xaf_student_quant_20260908/repo_manifests_37c65b6/qualitative_seed44.json,2026-09-12T02:08:19.294664+00:00
RSAR,smart_suppression,D,44,student,missing_export,8538,,,.67:/mnt/shared/zechuan/iraod_artifacts/comparison/xaf_student_quant_20260908/qualitative/seed_44/iraod-aligned-roi-v3-full-test/RSAR/smart_suppression/D/student,.67:/mnt/shared/zechuan/iraod_artifacts/comparison/xaf_student_quant_20260908/repo_manifests_37c65b6/qualitative_seed44.json,2026-09-12T02:08:19.294942+00:00
RSAR,smart_suppression,E,44,ema,missing_export,8538,,,.67:/mnt/shared/zechuan/iraod_artifacts/comparison/xaf_student_quant_20260908/qualitative/seed_44/iraod-aligned-roi-v3-full-test/RSAR/smart_suppression/E/ema,.67:/mnt/shared/zechuan/iraod_artifacts/comparison/xaf_student_quant_20260908/repo_manifests_37c65b6/qualitative_seed44.json,2026-09-12T02:08:19.295242+00:00
RSAR,smart_suppression,E,44,student,missing_export,8538,,,.67:/mnt/shared/zechuan/iraod_artifacts/comparison/xaf_student_quant_20260908/qualitative/seed_44/iraod-aligned-roi-v3-full-test/RSAR/smart_suppression/E/student,.67:/mnt/shared/zechuan/iraod_artifacts/comparison/xaf_student_quant_20260908/repo_manifests_37c65b6/qualitative_seed44.json,2026-09-12T02:08:19.295579+00:00
RSAR,smart_suppression,F,44,ema,missing_export,8538,,,.67:/mnt/shared/zechuan/iraod_artifacts/comparison/xaf_student_quant_20260908/qualitative/seed_44/iraod-aligned-roi-v3-full-test/RSAR/smart_suppression/F/ema,.67:/mnt/shared/zechuan/iraod_artifacts/comparison/xaf_student_quant_20260908/repo_manifests_37c65b6/qualitative_seed44.json,2026-09-12T02:08:19.295857+00:00
RSAR,smart_suppression,F,44,student,missing_export,8538,,,.67:/mnt/shared/zechuan/iraod_artifacts/comparison/xaf_student_quant_20260908/qualitative/seed_44/iraod-aligned-roi-v3-full-test/RSAR/smart_suppression/F/student,.67:/mnt/shared/zechuan/iraod_artifacts/comparison/xaf_student_quant_20260908/repo_manifests_37c65b6/qualitative_seed44.json,2026-09-12T02:08:19.296164+00:00
RSAR,am_noise_vertical,B,44,ema,missing_export,8538,,,.67:/mnt/shared/zechuan/iraod_artifacts/comparison/xaf_student_quant_20260908/qualitative/seed_44/iraod-aligned-roi-v3-full-test/RSAR/am_noise_vertical/B/ema,.67:/mnt/shared/zechuan/iraod_artifacts/comparison/xaf_student_quant_20260908/repo_manifests_37c65b6/qualitative_seed44.json,2026-09-12T02:08:19.296435+00:00
RSAR,am_noise_vertical,B,44,student,missing_export,8538,,,.67:/mnt/shared/zechuan/iraod_artifacts/comparison/xaf_student_quant_20260908/qualitative/seed_44/iraod-aligned-roi-v3-full-test/RSAR/am_noise_vertical/B/student,.67:/mnt/shared/zechuan/iraod_artifacts/comparison/xaf_student_quant_20260908/repo_manifests_37c65b6/qualitative_seed44.json,2026-09-12T02:08:19.296723+00:00
RSAR,am_noise_vertical,C,44,ema,missing_export,8538,,,.67:/mnt/shared/zechuan/iraod_artifacts/comparison/xaf_student_quant_20260908/qualitative/seed_44/iraod-aligned-roi-v3-full-test/RSAR/am_noise_vertical/C/ema,.67:/mnt/shared/zechuan/iraod_artifacts/comparison/xaf_student_quant_20260908/repo_manifests_37c65b6/qualitative_seed44.json,2026-09-12T02:08:19.297072+00:00
RSAR,am_noise_vertical,C,44,student,missing_export,8538,,,.67:/mnt/shared/zechuan/iraod_artifacts/comparison/xaf_student_quant_20260908/qualitative/seed_44/iraod-aligned-roi-v3-full-test/RSAR/am_noise_vertical/C/student,.67:/mnt/shared/zechuan/iraod_artifacts/comparison/xaf_student_quant_20260908/repo_manifests_37c65b6/qualitative_seed44.json,2026-09-12T02:08:19.297404+00:00
RSAR,am_noise_vertical,D,44,ema,missing_export,8538,,,.67:/mnt/shared/zechuan/iraod_artifacts/comparison/xaf_student_quant_20260908/qualitative/seed_44/iraod-aligned-roi-v3-full-test/RSAR/am_noise_vertical/D/ema,.67:/mnt/shared/zechuan/iraod_artifacts/comparison/xaf_student_quant_20260908/repo_manifests_37c65b6/qualitative_seed44.json,2026-09-12T02:08:19.297813+00:00
RSAR,am_noise_vertical,D,44,student,missing_export,8538,,,.67:/mnt/shared/zechuan/iraod_artifacts/comparison/xaf_student_quant_20260908/qualitative/seed_44/iraod-aligned-roi-v3-full-test/RSAR/am_noise_vertical/D/student,.67:/mnt/shared/zechuan/iraod_artifacts/comparison/xaf_student_quant_20260908/repo_manifests_37c65b6/qualitative_seed44.json,2026-09-12T02:08:19.298118+00:00
RSAR,am_noise_vertical,E,44,ema,missing_export,8538,,,.67:/mnt/shared/zechuan/iraod_artifacts/comparison/xaf_student_quant_20260908/qualitative/seed_44/iraod-aligned-roi-v3-full-test/RSAR/am_noise_vertical/E/ema,.67:/mnt/shared/zechuan/iraod_artifacts/comparison/xaf_student_quant_20260908/repo_manifests_37c65b6/qualitative_seed44.json,2026-09-12T02:08:19.298431+00:00
RSAR,am_noise_vertical,E,44,student,missing_export,8538,,,.67:/mnt/shared/zechuan/iraod_artifacts/comparison/xaf_student_quant_20260908/qualitative/seed_44/iraod-aligned-roi-v3-full-test/RSAR/am_noise_vertical/E/student,.67:/mnt/shared/zechuan/iraod_artifacts/comparison/xaf_student_quant_20260908/repo_manifests_37c65b6/qualitative_seed44.json,2026-09-12T02:08:19.298716+00:00
RSAR,am_noise_vertical,F,44,ema,missing_export,8538,,,.67:/mnt/shared/zechuan/iraod_artifacts/comparison/xaf_student_quant_20260908/qualitative/seed_44/iraod-aligned-roi-v3-full-test/RSAR/am_noise_vertical/F/ema,.67:/mnt/shared/zechuan/iraod_artifacts/comparison/xaf_student_quant_20260908/repo_manifests_37c65b6/qualitative_seed44.json,2026-09-12T02:08:19.299047+00:00
RSAR,am_noise_vertical,F,44,student,missing_export,8538,,,.67:/mnt/shared/zechuan/iraod_artifacts/comparison/xaf_student_quant_20260908/qualitative/seed_44/iraod-aligned-roi-v3-full-test/RSAR/am_noise_vertical/F/student,.67:/mnt/shared/zechuan/iraod_artifacts/comparison/xaf_student_quant_20260908/repo_manifests_37c65b6/qualitative_seed44.json,2026-09-12T02:08:19.299364+00:00
DIOR,clean,B,44,ema,missing_export,11738,,,.67:/mnt/shared/zechuan/iraod_artifacts/comparison/xaf_student_quant_20260908/qualitative/seed_44/iraod-aligned-roi-v3-full-test/DIOR/clean/B/ema,.67:/mnt/shared/zechuan/iraod_artifacts/comparison/xaf_student_quant_20260908/repo_manifests_37c65b6/qualitative_seed44.json,2026-09-12T02:08:19.299694+00:00
DIOR,clean,B,44,student,missing_export,11738,,,.67:/mnt/shared/zechuan/iraod_artifacts/comparison/xaf_student_quant_20260908/qualitative/seed_44/iraod-aligned-roi-v3-full-test/DIOR/clean/B/student,.67:/mnt/shared/zechuan/iraod_artifacts/comparison/xaf_student_quant_20260908/repo_manifests_37c65b6/qualitative_seed44.json,2026-09-12T02:08:19.299935+00:00
DIOR,clean,C,44,ema,missing_export,11738,,,.67:/mnt/shared/zechuan/iraod_artifacts/comparison/xaf_student_quant_20260908/qualitative/seed_44/iraod-aligned-roi-v3-full-test/DIOR/clean/C/ema,.67:/mnt/shared/zechuan/iraod_artifacts/comparison/xaf_student_quant_20260908/repo_manifests_37c65b6/qualitative_seed44.json,2026-09-12T02:08:19.300219+00:00
DIOR,clean,C,44,student,missing_export,11738,,,.67:/mnt/shared/zechuan/iraod_artifacts/comparison/xaf_student_quant_20260908/qualitative/seed_44/iraod-aligned-roi-v3-full-test/DIOR/clean/C/student,.67:/mnt/shared/zechuan/iraod_artifacts/comparison/xaf_student_quant_20260908/repo_manifests_37c65b6/qualitative_seed44.json,2026-09-12T02:08:19.300515+00:00
DIOR,clean,D,44,ema,missing_export,11738,,,.67:/mnt/shared/zechuan/iraod_artifacts/comparison/xaf_student_quant_20260908/qualitative/seed_44/iraod-aligned-roi-v3-full-test/DIOR/clean/D/ema,.67:/mnt/shared/zechuan/iraod_artifacts/comparison/xaf_student_quant_20260908/repo_manifests_37c65b6/qualitative_seed44.json,2026-09-12T02:08:19.300836+00:00
DIOR,clean,D,44,student,missing_export,11738,,,.67:/mnt/shared/zechuan/iraod_artifacts/comparison/xaf_student_quant_20260908/qualitative/seed_44/iraod-aligned-roi-v3-full-test/DIOR/clean/D/student,.67:/mnt/shared/zechuan/iraod_artifacts/comparison/xaf_student_quant_20260908/repo_manifests_37c65b6/qualitative_seed44.json,2026-09-12T02:08:19.301119+00:00
DIOR,clean,E,44,ema,missing_export,11738,,,.67:/mnt/shared/zechuan/iraod_artifacts/comparison/xaf_student_quant_20260908/qualitative/seed_44/iraod-aligned-roi-v3-full-test/DIOR/clean/E/ema,.67:/mnt/shared/zechuan/iraod_artifacts/comparison/xaf_student_quant_20260908/repo_manifests_37c65b6/qualitative_seed44.json,2026-09-12T02:08:19.301447+00:00
DIOR,clean,E,44,student,missing_export,11738,,,.67:/mnt/shared/zechuan/iraod_artifacts/comparison/xaf_student_quant_20260908/qualitative/seed_44/iraod-aligned-roi-v3-full-test/DIOR/clean/E/student,.67:/mnt/shared/zechuan/iraod_artifacts/comparison/xaf_student_quant_20260908/repo_manifests_37c65b6/qualitative_seed44.json,2026-09-12T02:08:19.301778+00:00
DIOR,clean,F,44,ema,missing_export,11738,,,.67:/mnt/shared/zechuan/iraod_artifacts/comparison/xaf_student_quant_20260908/qualitative/seed_44/iraod-aligned-roi-v3-full-test/DIOR/clean/F/ema,.67:/mnt/shared/zechuan/iraod_artifacts/comparison/xaf_student_quant_20260908/repo_manifests_37c65b6/qualitative_seed44.json,2026-09-12T02:08:19.302083+00:00
DIOR,clean,F,44,student,missing_export,11738,,,.67:/mnt/shared/zechuan/iraod_artifacts/comparison/xaf_student_quant_20260908/qualitative/seed_44/iraod-aligned-roi-v3-full-test/DIOR/clean/F/student,.67:/mnt/shared/zechuan/iraod_artifacts/comparison/xaf_student_quant_20260908/repo_manifests_37c65b6/qualitative_seed44.json,2026-09-12T02:08:19.302341+00:00
DIOR,brightness,B,44,ema,missing_export,11738,,,.67:/mnt/shared/zechuan/iraod_artifacts/comparison/xaf_student_quant_20260908/qualitative/seed_44/iraod-aligned-roi-v3-full-test/DIOR/brightness/B/ema,.67:/mnt/shared/zechuan/iraod_artifacts/comparison/xaf_student_quant_20260908/repo_manifests_37c65b6/qualitative_seed44.json,2026-09-12T02:08:19.302627+00:00
DIOR,brightness,B,44,student,missing_export,11738,,,.67:/mnt/shared/zechuan/iraod_artifacts/comparison/xaf_student_quant_20260908/qualitative/seed_44/iraod-aligned-roi-v3-full-test/DIOR/brightness/B/student,.67:/mnt/shared/zechuan/iraod_artifacts/comparison/xaf_student_quant_20260908/repo_manifests_37c65b6/qualitative_seed44.json,2026-09-12T02:08:19.303195+00:00
DIOR,brightness,C,44,ema,missing_export,11738,,,.67:/mnt/shared/zechuan/iraod_artifacts/comparison/xaf_student_quant_20260908/qualitative/seed_44/iraod-aligned-roi-v3-full-test/DIOR/brightness/C/ema,.67:/mnt/shared/zechuan/iraod_artifacts/comparison/xaf_student_quant_20260908/repo_manifests_37c65b6/qualitative_seed44.json,2026-09-12T02:08:19.303553+00:00
DIOR,brightness,C,44,student,missing_export,11738,,,.67:/mnt/shared/zechuan/iraod_artifacts/comparison/xaf_student_quant_20260908/qualitative/seed_44/iraod-aligned-roi-v3-full-test/DIOR/brightness/C/student,.67:/mnt/shared/zechuan/iraod_artifacts/comparison/xaf_student_quant_20260908/repo_manifests_37c65b6/qualitative_seed44.json,2026-09-12T02:08:19.303842+00:00
DIOR,brightness,D,44,ema,missing_export,11738,,,.67:/mnt/shared/zechuan/iraod_artifacts/comparison/xaf_student_quant_20260908/qualitative/seed_44/iraod-aligned-roi-v3-full-test/DIOR/brightness/D/ema,.67:/mnt/shared/zechuan/iraod_artifacts/comparison/xaf_student_quant_20260908/repo_manifests_37c65b6/qualitative_seed44.json,2026-09-12T02:08:19.304178+00:00
DIOR,brightness,D,44,student,missing_export,11738,,,.67:/mnt/shared/zechuan/iraod_artifacts/comparison/xaf_student_quant_20260908/qualitative/seed_44/iraod-aligned-roi-v3-full-test/DIOR/brightness/D/student,.67:/mnt/shared/zechuan/iraod_artifacts/comparison/xaf_student_quant_20260908/repo_manifests_37c65b6/qualitative_seed44.json,2026-09-12T02:08:19.304460+00:00
DIOR,brightness,E,44,ema,missing_export,11738,,,.67:/mnt/shared/zechuan/iraod_artifacts/comparison/xaf_student_quant_20260908/qualitative/seed_44/iraod-aligned-roi-v3-full-test/DIOR/brightness/E/ema,.67:/mnt/shared/zechuan/iraod_artifacts/comparison/xaf_student_quant_20260908/repo_manifests_37c65b6/qualitative_seed44.json,2026-09-12T02:08:19.304773+00:00
DIOR,brightness,E,44,student,missing_export,11738,,,.67:/mnt/shared/zechuan/iraod_artifacts/comparison/xaf_student_quant_20260908/qualitative/seed_44/iraod-aligned-roi-v3-full-test/DIOR/brightness/E/student,.67:/mnt/shared/zechuan/iraod_artifacts/comparison/xaf_student_quant_20260908/repo_manifests_37c65b6/qualitative_seed44.json,2026-09-12T02:08:19.305050+00:00
DIOR,brightness,F,44,ema,missing_export,11738,,,.67:/mnt/shared/zechuan/iraod_artifacts/comparison/xaf_student_quant_20260908/qualitative/seed_44/iraod-aligned-roi-v3-full-test/DIOR/brightness/F/ema,.67:/mnt/shared/zechuan/iraod_artifacts/comparison/xaf_student_quant_20260908/repo_manifests_37c65b6/qualitative_seed44.json,2026-09-12T02:08:19.305340+00:00
DIOR,brightness,F,44,student,missing_export,11738,,,.67:/mnt/shared/zechuan/iraod_artifacts/comparison/xaf_student_quant_20260908/qualitative/seed_44/iraod-aligned-roi-v3-full-test/DIOR/brightness/F/student,.67:/mnt/shared/zechuan/iraod_artifacts/comparison/xaf_student_quant_20260908/repo_manifests_37c65b6/qualitative_seed44.json,2026-09-12T02:08:19.305651+00:00
DIOR,cloudy,B,44,ema,missing_export,11738,,,.67:/mnt/shared/zechuan/iraod_artifacts/comparison/xaf_student_quant_20260908/qualitative/seed_44/iraod-aligned-roi-v3-full-test/DIOR/cloudy/B/ema,.67:/mnt/shared/zechuan/iraod_artifacts/comparison/xaf_student_quant_20260908/repo_manifests_37c65b6/qualitative_seed44.json,2026-09-12T02:08:19.305975+00:00
DIOR,cloudy,B,44,student,missing_export,11738,,,.67:/mnt/shared/zechuan/iraod_artifacts/comparison/xaf_student_quant_20260908/qualitative/seed_44/iraod-aligned-roi-v3-full-test/DIOR/cloudy/B/student,.67:/mnt/shared/zechuan/iraod_artifacts/comparison/xaf_student_quant_20260908/repo_manifests_37c65b6/qualitative_seed44.json,2026-09-12T02:08:19.306300+00:00
DIOR,cloudy,C,44,ema,missing_export,11738,,,.67:/mnt/shared/zechuan/iraod_artifacts/comparison/xaf_student_quant_20260908/qualitative/seed_44/iraod-aligned-roi-v3-full-test/DIOR/cloudy/C/ema,.67:/mnt/shared/zechuan/iraod_artifacts/comparison/xaf_student_quant_20260908/repo_manifests_37c65b6/qualitative_seed44.json,2026-09-12T02:08:19.306701+00:00
DIOR,cloudy,C,44,student,missing_export,11738,,,.67:/mnt/shared/zechuan/iraod_artifacts/comparison/xaf_student_quant_20260908/qualitative/seed_44/iraod-aligned-roi-v3-full-test/DIOR/cloudy/C/student,.67:/mnt/shared/zechuan/iraod_artifacts/comparison/xaf_student_quant_20260908/repo_manifests_37c65b6/qualitative_seed44.json,2026-09-12T02:08:19.306986+00:00
DIOR,cloudy,D,44,ema,missing_export,11738,,,.67:/mnt/shared/zechuan/iraod_artifacts/comparison/xaf_student_quant_20260908/qualitative/seed_44/iraod-aligned-roi-v3-full-test/DIOR/cloudy/D/ema,.67:/mnt/shared/zechuan/iraod_artifacts/comparison/xaf_student_quant_20260908/repo_manifests_37c65b6/qualitative_seed44.json,2026-09-12T02:08:19.307245+00:00
DIOR,cloudy,D,44,student,missing_export,11738,,,.67:/mnt/shared/zechuan/iraod_artifacts/comparison/xaf_student_quant_20260908/qualitative/seed_44/iraod-aligned-roi-v3-full-test/DIOR/cloudy/D/student,.67:/mnt/shared/zechuan/iraod_artifacts/comparison/xaf_student_quant_20260908/repo_manifests_37c65b6/qualitative_seed44.json,2026-09-12T02:08:19.307548+00:00
DIOR,cloudy,E,44,ema,missing_export,11738,,,.67:/mnt/shared/zechuan/iraod_artifacts/comparison/xaf_student_quant_20260908/qualitative/seed_44/iraod-aligned-roi-v3-full-test/DIOR/cloudy/E/ema,.67:/mnt/shared/zechuan/iraod_artifacts/comparison/xaf_student_quant_20260908/repo_manifests_37c65b6/qualitative_seed44.json,2026-09-12T02:08:19.307852+00:00
DIOR,cloudy,E,44,student,missing_export,11738,,,.67:/mnt/shared/zechuan/iraod_artifacts/comparison/xaf_student_quant_20260908/qualitative/seed_44/iraod-aligned-roi-v3-full-test/DIOR/cloudy/E/student,.67:/mnt/shared/zechuan/iraod_artifacts/comparison/xaf_student_quant_20260908/repo_manifests_37c65b6/qualitative_seed44.json,2026-09-12T02:08:19.308193+00:00
DIOR,cloudy,F,44,ema,missing_export,11738,,,.67:/mnt/shared/zechuan/iraod_artifacts/comparison/xaf_student_quant_20260908/qualitative/seed_44/iraod-aligned-roi-v3-full-test/DIOR/cloudy/F/ema,.67:/mnt/shared/zechuan/iraod_artifacts/comparison/xaf_student_quant_20260908/repo_manifests_37c65b6/qualitative_seed44.json,2026-09-12T02:08:19.308449+00:00
DIOR,cloudy,F,44,student,missing_export,11738,,,.67:/mnt/shared/zechuan/iraod_artifacts/comparison/xaf_student_quant_20260908/qualitative/seed_44/iraod-aligned-roi-v3-full-test/DIOR/cloudy/F/student,.67:/mnt/shared/zechuan/iraod_artifacts/comparison/xaf_student_quant_20260908/repo_manifests_37c65b6/qualitative_seed44.json,2026-09-12T02:08:19.308789+00:00
DIOR,contrast,B,44,ema,missing_export,11738,,,.67:/mnt/shared/zechuan/iraod_artifacts/comparison/xaf_student_quant_20260908/qualitative/seed_44/iraod-aligned-roi-v3-full-test/DIOR/contrast/B/ema,.67:/mnt/shared/zechuan/iraod_artifacts/comparison/xaf_student_quant_20260908/repo_manifests_37c65b6/qualitative_seed44.json,2026-09-12T02:08:19.309087+00:00
DIOR,contrast,B,44,student,missing_export,11738,,,.67:/mnt/shared/zechuan/iraod_artifacts/comparison/xaf_student_quant_20260908/qualitative/seed_44/iraod-aligned-roi-v3-full-test/DIOR/contrast/B/student,.67:/mnt/shared/zechuan/iraod_artifacts/comparison/xaf_student_quant_20260908/repo_manifests_37c65b6/qualitative_seed44.json,2026-09-12T02:08:19.309371+00:00
DIOR,contrast,C,44,ema,missing_export,11738,,,.67:/mnt/shared/zechuan/iraod_artifacts/comparison/xaf_student_quant_20260908/qualitative/seed_44/iraod-aligned-roi-v3-full-test/DIOR/contrast/C/ema,.67:/mnt/shared/zechuan/iraod_artifacts/comparison/xaf_student_quant_20260908/repo_manifests_37c65b6/qualitative_seed44.json,2026-09-12T02:08:19.309676+00:00
DIOR,contrast,C,44,student,missing_export,11738,,,.67:/mnt/shared/zechuan/iraod_artifacts/comparison/xaf_student_quant_20260908/qualitative/seed_44/iraod-aligned-roi-v3-full-test/DIOR/contrast/C/student,.67:/mnt/shared/zechuan/iraod_artifacts/comparison/xaf_student_quant_20260908/repo_manifests_37c65b6/qualitative_seed44.json,2026-09-12T02:08:19.309920+00:00
DIOR,contrast,D,44,ema,missing_export,11738,,,.67:/mnt/shared/zechuan/iraod_artifacts/comparison/xaf_student_quant_20260908/qualitative/seed_44/iraod-aligned-roi-v3-full-test/DIOR/contrast/D/ema,.67:/mnt/shared/zechuan/iraod_artifacts/comparison/xaf_student_quant_20260908/repo_manifests_37c65b6/qualitative_seed44.json,2026-09-12T02:08:19.310157+00:00
DIOR,contrast,D,44,student,missing_export,11738,,,.67:/mnt/shared/zechuan/iraod_artifacts/comparison/xaf_student_quant_20260908/qualitative/seed_44/iraod-aligned-roi-v3-full-test/DIOR/contrast/D/student,.67:/mnt/shared/zechuan/iraod_artifacts/comparison/xaf_student_quant_20260908/repo_manifests_37c65b6/qualitative_seed44.json,2026-09-12T02:08:19.310440+00:00
DIOR,contrast,E,44,ema,missing_export,11738,,,.67:/mnt/shared/zechuan/iraod_artifacts/comparison/xaf_student_quant_20260908/qualitative/seed_44/iraod-aligned-roi-v3-full-test/DIOR/contrast/E/ema,.67:/mnt/shared/zechuan/iraod_artifacts/comparison/xaf_student_quant_20260908/repo_manifests_37c65b6/qualitative_seed44.json,2026-09-12T02:08:19.310732+00:00
DIOR,contrast,E,44,student,missing_export,11738,,,.67:/mnt/shared/zechuan/iraod_artifacts/comparison/xaf_student_quant_20260908/qualitative/seed_44/iraod-aligned-roi-v3-full-test/DIOR/contrast/E/student,.67:/mnt/shared/zechuan/iraod_artifacts/comparison/xaf_student_quant_20260908/repo_manifests_37c65b6/qualitative_seed44.json,2026-09-12T02:08:19.311015+00:00
DIOR,contrast,F,44,ema,missing_export,11738,,,.67:/mnt/shared/zechuan/iraod_artifacts/comparison/xaf_student_quant_20260908/qualitative/seed_44/iraod-aligned-roi-v3-full-test/DIOR/contrast/F/ema,.67:/mnt/shared/zechuan/iraod_artifacts/comparison/xaf_student_quant_20260908/repo_manifests_37c65b6/qualitative_seed44.json,2026-09-12T02:08:19.311300+00:00
DIOR,contrast,F,44,student,missing_export,11738,,,.67:/mnt/shared/zechuan/iraod_artifacts/comparison/xaf_student_quant_20260908/qualitative/seed_44/iraod-aligned-roi-v3-full-test/DIOR/contrast/F/student,.67:/mnt/shared/zechuan/iraod_artifacts/comparison/xaf_student_quant_20260908/repo_manifests_37c65b6/qualitative_seed44.json,2026-09-12T02:08:19.311569+00:00
DIOR,brightness,AASFOD,42,ema,missing_export,11738,,,.67:/mnt/shared/zechuan/iraod_artifacts/comparison/xaf_student_quant_20260908/qualitative_manifests_b87f34e/roi/DIOR/brightness/seed_42/AASFOD/ema,.67:/mnt/shared/zechuan/iraod_artifacts/comparison/xaf_student_quant_20260908/qualitative_manifests_b87f34e/roi_jobs.json,2026-09-12T02:08:19.311916+00:00
DIOR,brightness,AASFOD,42,student,missing_export,11738,,,.67:/mnt/shared/zechuan/iraod_artifacts/comparison/xaf_student_quant_20260908/qualitative_manifests_b87f34e/roi/DIOR/brightness/seed_42/AASFOD/student,.67:/mnt/shared/zechuan/iraod_artifacts/comparison/xaf_student_quant_20260908/qualitative_manifests_b87f34e/roi_jobs.json,2026-09-12T02:08:19.312200+00:00
DIOR,brightness,IRG,42,ema,missing_export,11738,,,.67:/mnt/shared/zechuan/iraod_artifacts/comparison/xaf_student_quant_20260908/qualitative_manifests_b87f34e/roi/DIOR/brightness/seed_42/IRG/ema,.67:/mnt/shared/zechuan/iraod_artifacts/comparison/xaf_student_quant_20260908/qualitative_manifests_b87f34e/roi_jobs.json,2026-09-12T02:08:19.312512+00:00
DIOR,brightness,IRG,42,student,missing_export,11738,,,.67:/mnt/shared/zechuan/iraod_artifacts/comparison/xaf_student_quant_20260908/qualitative_manifests_b87f34e/roi/DIOR/brightness/seed_42/IRG/student,.67:/mnt/shared/zechuan/iraod_artifacts/comparison/xaf_student_quant_20260908/qualitative_manifests_b87f34e/roi_jobs.json,2026-09-12T02:08:19.312763+00:00
DIOR,brightness,LPLD,42,ema,missing_export,11738,,,.67:/mnt/shared/zechuan/iraod_artifacts/comparison/xaf_student_quant_20260908/qualitative_manifests_b87f34e/roi/DIOR/brightness/seed_42/LPLD/ema,.67:/mnt/shared/zechuan/iraod_artifacts/comparison/xaf_student_quant_20260908/qualitative_manifests_b87f34e/roi_jobs.json,2026-09-12T02:08:19.313097+00:00
DIOR,brightness,LPLD,42,student,missing_export,11738,,,.67:/mnt/shared/zechuan/iraod_artifacts/comparison/xaf_student_quant_20260908/qualitative_manifests_b87f34e/roi/DIOR/brightness/seed_42/LPLD/student,.67:/mnt/shared/zechuan/iraod_artifacts/comparison/xaf_student_quant_20260908/qualitative_manifests_b87f34e/roi_jobs.json,2026-09-12T02:08:19.313392+00:00
DIOR,brightness,SFUT,42,ema,missing_export,11738,,,.67:/mnt/shared/zechuan/iraod_artifacts/comparison/xaf_student_quant_20260908/qualitative_manifests_b87f34e/roi/DIOR/brightness/seed_42/SFUT/ema,.67:/mnt/shared/zechuan/iraod_artifacts/comparison/xaf_student_quant_20260908/qualitative_manifests_b87f34e/roi_jobs.json,2026-09-12T02:08:19.313633+00:00
DIOR,brightness,SFUT,42,student,missing_export,11738,,,.67:/mnt/shared/zechuan/iraod_artifacts/comparison/xaf_student_quant_20260908/qualitative_manifests_b87f34e/roi/DIOR/brightness/seed_42/SFUT/student,.67:/mnt/shared/zechuan/iraod_artifacts/comparison/xaf_student_quant_20260908/qualitative_manifests_b87f34e/roi_jobs.json,2026-09-12T02:08:19.313934+00:00
DIOR,brightness,SFYOLO,42,ema,missing_export,11738,,,.67:/mnt/shared/zechuan/iraod_artifacts/comparison/xaf_student_quant_20260908/qualitative_manifests_b87f34e/roi/DIOR/brightness/seed_42/SFYOLO/ema,.67:/mnt/shared/zechuan/iraod_artifacts/comparison/xaf_student_quant_20260908/qualitative_manifests_b87f34e/roi_jobs.json,2026-09-12T02:08:19.314196+00:00
DIOR,brightness,SFYOLO,42,student,missing_export,11738,,,.67:/mnt/shared/zechuan/iraod_artifacts/comparison/xaf_student_quant_20260908/qualitative_manifests_b87f34e/roi/DIOR/brightness/seed_42/SFYOLO/student,.67:/mnt/shared/zechuan/iraod_artifacts/comparison/xaf_student_quant_20260908/qualitative_manifests_b87f34e/roi_jobs.json,2026-09-12T02:08:19.314459+00:00
DIOR,clean,AASFOD,42,ema,missing_export,11738,,,.67:/mnt/shared/zechuan/iraod_artifacts/comparison/xaf_student_quant_20260908/qualitative_manifests_b87f34e/roi/DIOR/clean/seed_42/AASFOD/ema,.67:/mnt/shared/zechuan/iraod_artifacts/comparison/xaf_student_quant_20260908/qualitative_manifests_b87f34e/roi_jobs.json,2026-09-12T02:08:19.314710+00:00
DIOR,clean,AASFOD,42,student,missing_export,11738,,,.67:/mnt/shared/zechuan/iraod_artifacts/comparison/xaf_student_quant_20260908/qualitative_manifests_b87f34e/roi/DIOR/clean/seed_42/AASFOD/student,.67:/mnt/shared/zechuan/iraod_artifacts/comparison/xaf_student_quant_20260908/qualitative_manifests_b87f34e/roi_jobs.json,2026-09-12T02:08:19.314985+00:00
DIOR,clean,IRG,42,ema,missing_export,11738,,,.67:/mnt/shared/zechuan/iraod_artifacts/comparison/xaf_student_quant_20260908/qualitative_manifests_b87f34e/roi/DIOR/clean/seed_42/IRG/ema,.67:/mnt/shared/zechuan/iraod_artifacts/comparison/xaf_student_quant_20260908/qualitative_manifests_b87f34e/roi_jobs.json,2026-09-12T02:08:19.315232+00:00
DIOR,clean,IRG,42,student,missing_export,11738,,,.67:/mnt/shared/zechuan/iraod_artifacts/comparison/xaf_student_quant_20260908/qualitative_manifests_b87f34e/roi/DIOR/clean/seed_42/IRG/student,.67:/mnt/shared/zechuan/iraod_artifacts/comparison/xaf_student_quant_20260908/qualitative_manifests_b87f34e/roi_jobs.json,2026-09-12T02:08:19.315534+00:00
DIOR,clean,LPLD,42,ema,missing_export,11738,,,.67:/mnt/shared/zechuan/iraod_artifacts/comparison/xaf_student_quant_20260908/qualitative_manifests_b87f34e/roi/DIOR/clean/seed_42/LPLD/ema,.67:/mnt/shared/zechuan/iraod_artifacts/comparison/xaf_student_quant_20260908/qualitative_manifests_b87f34e/roi_jobs.json,2026-09-12T02:08:19.315780+00:00
DIOR,clean,LPLD,42,student,missing_export,11738,,,.67:/mnt/shared/zechuan/iraod_artifacts/comparison/xaf_student_quant_20260908/qualitative_manifests_b87f34e/roi/DIOR/clean/seed_42/LPLD/student,.67:/mnt/shared/zechuan/iraod_artifacts/comparison/xaf_student_quant_20260908/qualitative_manifests_b87f34e/roi_jobs.json,2026-09-12T02:08:19.316074+00:00
DIOR,clean,SFUT,42,ema,missing_export,11738,,,.67:/mnt/shared/zechuan/iraod_artifacts/comparison/xaf_student_quant_20260908/qualitative_manifests_b87f34e/roi/DIOR/clean/seed_42/SFUT/ema,.67:/mnt/shared/zechuan/iraod_artifacts/comparison/xaf_student_quant_20260908/qualitative_manifests_b87f34e/roi_jobs.json,2026-09-12T02:08:19.316380+00:00
DIOR,clean,SFUT,42,student,missing_export,11738,,,.67:/mnt/shared/zechuan/iraod_artifacts/comparison/xaf_student_quant_20260908/qualitative_manifests_b87f34e/roi/DIOR/clean/seed_42/SFUT/student,.67:/mnt/shared/zechuan/iraod_artifacts/comparison/xaf_student_quant_20260908/qualitative_manifests_b87f34e/roi_jobs.json,2026-09-12T02:08:19.316697+00:00
DIOR,clean,SFYOLO,42,ema,missing_export,11738,,,.67:/mnt/shared/zechuan/iraod_artifacts/comparison/xaf_student_quant_20260908/qualitative_manifests_b87f34e/roi/DIOR/clean/seed_42/SFYOLO/ema,.67:/mnt/shared/zechuan/iraod_artifacts/comparison/xaf_student_quant_20260908/qualitative_manifests_b87f34e/roi_jobs.json,2026-09-12T02:08:19.316980+00:00
DIOR,clean,SFYOLO,42,student,missing_export,11738,,,.67:/mnt/shared/zechuan/iraod_artifacts/comparison/xaf_student_quant_20260908/qualitative_manifests_b87f34e/roi/DIOR/clean/seed_42/SFYOLO/student,.67:/mnt/shared/zechuan/iraod_artifacts/comparison/xaf_student_quant_20260908/qualitative_manifests_b87f34e/roi_jobs.json,2026-09-12T02:08:19.317266+00:00
DIOR,cloudy,AASFOD,42,ema,missing_export,11738,,,.67:/mnt/shared/zechuan/iraod_artifacts/comparison/xaf_student_quant_20260908/qualitative_manifests_b87f34e/roi/DIOR/cloudy/seed_42/AASFOD/ema,.67:/mnt/shared/zechuan/iraod_artifacts/comparison/xaf_student_quant_20260908/qualitative_manifests_b87f34e/roi_jobs.json,2026-09-12T02:08:19.317574+00:00
DIOR,cloudy,AASFOD,42,student,missing_export,11738,,,.67:/mnt/shared/zechuan/iraod_artifacts/comparison/xaf_student_quant_20260908/qualitative_manifests_b87f34e/roi/DIOR/cloudy/seed_42/AASFOD/student,.67:/mnt/shared/zechuan/iraod_artifacts/comparison/xaf_student_quant_20260908/qualitative_manifests_b87f34e/roi_jobs.json,2026-09-12T02:08:19.317877+00:00
DIOR,cloudy,IRG,42,ema,missing_export,11738,,,.67:/mnt/shared/zechuan/iraod_artifacts/comparison/xaf_student_quant_20260908/qualitative_manifests_b87f34e/roi/DIOR/cloudy/seed_42/IRG/ema,.67:/mnt/shared/zechuan/iraod_artifacts/comparison/xaf_student_quant_20260908/qualitative_manifests_b87f34e/roi_jobs.json,2026-09-12T02:08:19.318182+00:00
DIOR,cloudy,IRG,42,student,missing_export,11738,,,.67:/mnt/shared/zechuan/iraod_artifacts/comparison/xaf_student_quant_20260908/qualitative_manifests_b87f34e/roi/DIOR/cloudy/seed_42/IRG/student,.67:/mnt/shared/zechuan/iraod_artifacts/comparison/xaf_student_quant_20260908/qualitative_manifests_b87f34e/roi_jobs.json,2026-09-12T02:08:19.318464+00:00
DIOR,cloudy,LPLD,42,ema,missing_export,11738,,,.67:/mnt/shared/zechuan/iraod_artifacts/comparison/xaf_student_quant_20260908/qualitative_manifests_b87f34e/roi/DIOR/cloudy/seed_42/LPLD/ema,.67:/mnt/shared/zechuan/iraod_artifacts/comparison/xaf_student_quant_20260908/qualitative_manifests_b87f34e/roi_jobs.json,2026-09-12T02:08:19.318746+00:00
DIOR,cloudy,LPLD,42,student,missing_export,11738,,,.67:/mnt/shared/zechuan/iraod_artifacts/comparison/xaf_student_quant_20260908/qualitative_manifests_b87f34e/roi/DIOR/cloudy/seed_42/LPLD/student,.67:/mnt/shared/zechuan/iraod_artifacts/comparison/xaf_student_quant_20260908/qualitative_manifests_b87f34e/roi_jobs.json,2026-09-12T02:08:19.319005+00:00
DIOR,cloudy,SFUT,42,ema,missing_export,11738,,,.67:/mnt/shared/zechuan/iraod_artifacts/comparison/xaf_student_quant_20260908/qualitative_manifests_b87f34e/roi/DIOR/cloudy/seed_42/SFUT/ema,.67:/mnt/shared/zechuan/iraod_artifacts/comparison/xaf_student_quant_20260908/qualitative_manifests_b87f34e/roi_jobs.json,2026-09-12T02:08:19.319259+00:00
DIOR,cloudy,SFUT,42,student,missing_export,11738,,,.67:/mnt/shared/zechuan/iraod_artifacts/comparison/xaf_student_quant_20260908/qualitative_manifests_b87f34e/roi/DIOR/cloudy/seed_42/SFUT/student,.67:/mnt/shared/zechuan/iraod_artifacts/comparison/xaf_student_quant_20260908/qualitative_manifests_b87f34e/roi_jobs.json,2026-09-12T02:08:19.319582+00:00
DIOR,cloudy,SFYOLO,42,ema,missing_export,11738,,,.67:/mnt/shared/zechuan/iraod_artifacts/comparison/xaf_student_quant_20260908/qualitative_manifests_b87f34e/roi/DIOR/cloudy/seed_42/SFYOLO/ema,.67:/mnt/shared/zechuan/iraod_artifacts/comparison/xaf_student_quant_20260908/qualitative_manifests_b87f34e/roi_jobs.json,2026-09-12T02:08:19.319880+00:00
DIOR,cloudy,SFYOLO,42,student,missing_export,11738,,,.67:/mnt/shared/zechuan/iraod_artifacts/comparison/xaf_student_quant_20260908/qualitative_manifests_b87f34e/roi/DIOR/cloudy/seed_42/SFYOLO/student,.67:/mnt/shared/zechuan/iraod_artifacts/comparison/xaf_student_quant_20260908/qualitative_manifests_b87f34e/roi_jobs.json,2026-09-12T02:08:19.320171+00:00
DIOR,contrast,AASFOD,42,ema,missing_export,11738,,,.67:/mnt/shared/zechuan/iraod_artifacts/comparison/xaf_student_quant_20260908/qualitative_manifests_b87f34e/roi/DIOR/contrast/seed_42/AASFOD/ema,.67:/mnt/shared/zechuan/iraod_artifacts/comparison/xaf_student_quant_20260908/qualitative_manifests_b87f34e/roi_jobs.json,2026-09-12T02:08:19.320519+00:00
DIOR,contrast,AASFOD,42,student,missing_export,11738,,,.67:/mnt/shared/zechuan/iraod_artifacts/comparison/xaf_student_quant_20260908/qualitative_manifests_b87f34e/roi/DIOR/contrast/seed_42/AASFOD/student,.67:/mnt/shared/zechuan/iraod_artifacts/comparison/xaf_student_quant_20260908/qualitative_manifests_b87f34e/roi_jobs.json,2026-09-12T02:08:19.320866+00:00
DIOR,contrast,IRG,42,ema,missing_export,11738,,,.67:/mnt/shared/zechuan/iraod_artifacts/comparison/xaf_student_quant_20260908/qualitative_manifests_b87f34e/roi/DIOR/contrast/seed_42/IRG/ema,.67:/mnt/shared/zechuan/iraod_artifacts/comparison/xaf_student_quant_20260908/qualitative_manifests_b87f34e/roi_jobs.json,2026-09-12T02:08:19.321137+00:00
DIOR,contrast,IRG,42,student,missing_export,11738,,,.67:/mnt/shared/zechuan/iraod_artifacts/comparison/xaf_student_quant_20260908/qualitative_manifests_b87f34e/roi/DIOR/contrast/seed_42/IRG/student,.67:/mnt/shared/zechuan/iraod_artifacts/comparison/xaf_student_quant_20260908/qualitative_manifests_b87f34e/roi_jobs.json,2026-09-12T02:08:19.321432+00:00
DIOR,contrast,LPLD,42,ema,missing_export,11738,,,.67:/mnt/shared/zechuan/iraod_artifacts/comparison/xaf_student_quant_20260908/qualitative_manifests_b87f34e/roi/DIOR/contrast/seed_42/LPLD/ema,.67:/mnt/shared/zechuan/iraod_artifacts/comparison/xaf_student_quant_20260908/qualitative_manifests_b87f34e/roi_jobs.json,2026-09-12T02:08:19.321660+00:00
DIOR,contrast,LPLD,42,student,missing_export,11738,,,.67:/mnt/shared/zechuan/iraod_artifacts/comparison/xaf_student_quant_20260908/qualitative_manifests_b87f34e/roi/DIOR/contrast/seed_42/LPLD/student,.67:/mnt/shared/zechuan/iraod_artifacts/comparison/xaf_student_quant_20260908/qualitative_manifests_b87f34e/roi_jobs.json,2026-09-12T02:08:19.321946+00:00
DIOR,contrast,SFUT,42,ema,missing_export,11738,,,.67:/mnt/shared/zechuan/iraod_artifacts/comparison/xaf_student_quant_20260908/qualitative_manifests_b87f34e/roi/DIOR/contrast/seed_42/SFUT/ema,.67:/mnt/shared/zechuan/iraod_artifacts/comparison/xaf_student_quant_20260908/qualitative_manifests_b87f34e/roi_jobs.json,2026-09-12T02:08:19.322205+00:00
DIOR,contrast,SFUT,42,student,missing_export,11738,,,.67:/mnt/shared/zechuan/iraod_artifacts/comparison/xaf_student_quant_20260908/qualitative_manifests_b87f34e/roi/DIOR/contrast/seed_42/SFUT/student,.67:/mnt/shared/zechuan/iraod_artifacts/comparison/xaf_student_quant_20260908/qualitative_manifests_b87f34e/roi_jobs.json,2026-09-12T02:08:19.322442+00:00
DIOR,contrast,SFYOLO,42,ema,missing_export,11738,,,.67:/mnt/shared/zechuan/iraod_artifacts/comparison/xaf_student_quant_20260908/qualitative_manifests_b87f34e/roi/DIOR/contrast/seed_42/SFYOLO/ema,.67:/mnt/shared/zechuan/iraod_artifacts/comparison/xaf_student_quant_20260908/qualitative_manifests_b87f34e/roi_jobs.json,2026-09-12T02:08:19.322746+00:00
DIOR,contrast,SFYOLO,42,student,missing_export,11738,,,.67:/mnt/shared/zechuan/iraod_artifacts/comparison/xaf_student_quant_20260908/qualitative_manifests_b87f34e/roi/DIOR/contrast/seed_42/SFYOLO/student,.67:/mnt/shared/zechuan/iraod_artifacts/comparison/xaf_student_quant_20260908/qualitative_manifests_b87f34e/roi_jobs.json,2026-09-12T02:08:19.323016+00:00
RSAR,am_noise_horizontal,AASFOD,42,ema,missing_export,8538,,,.67:/mnt/shared/zechuan/iraod_artifacts/comparison/xaf_student_quant_20260908/qualitative_manifests_b87f34e/roi/RSAR/am_noise_horizontal/seed_42/AASFOD/ema,.67:/mnt/shared/zechuan/iraod_artifacts/comparison/xaf_student_quant_20260908/qualitative_manifests_b87f34e/roi_jobs.json,2026-09-12T02:08:19.323360+00:00
RSAR,am_noise_horizontal,AASFOD,42,student,missing_export,8538,,,.67:/mnt/shared/zechuan/iraod_artifacts/comparison/xaf_student_quant_20260908/qualitative_manifests_b87f34e/roi/RSAR/am_noise_horizontal/seed_42/AASFOD/student,.67:/mnt/shared/zechuan/iraod_artifacts/comparison/xaf_student_quant_20260908/qualitative_manifests_b87f34e/roi_jobs.json,2026-09-12T02:08:19.323606+00:00
RSAR,am_noise_horizontal,IRG,42,ema,missing_export,8538,,,.67:/mnt/shared/zechuan/iraod_artifacts/comparison/xaf_student_quant_20260908/qualitative_manifests_b87f34e/roi/RSAR/am_noise_horizontal/seed_42/IRG/ema,.67:/mnt/shared/zechuan/iraod_artifacts/comparison/xaf_student_quant_20260908/qualitative_manifests_b87f34e/roi_jobs.json,2026-09-12T02:08:19.323857+00:00
RSAR,am_noise_horizontal,IRG,42,student,missing_export,8538,,,.67:/mnt/shared/zechuan/iraod_artifacts/comparison/xaf_student_quant_20260908/qualitative_manifests_b87f34e/roi/RSAR/am_noise_horizontal/seed_42/IRG/student,.67:/mnt/shared/zechuan/iraod_artifacts/comparison/xaf_student_quant_20260908/qualitative_manifests_b87f34e/roi_jobs.json,2026-09-12T02:08:19.324124+00:00
RSAR,am_noise_horizontal,LPLD,42,ema,missing_export,8538,,,.67:/mnt/shared/zechuan/iraod_artifacts/comparison/xaf_student_quant_20260908/qualitative_manifests_b87f34e/roi/RSAR/am_noise_horizontal/seed_42/LPLD/ema,.67:/mnt/shared/zechuan/iraod_artifacts/comparison/xaf_student_quant_20260908/qualitative_manifests_b87f34e/roi_jobs.json,2026-09-12T02:08:19.324435+00:00
RSAR,am_noise_horizontal,LPLD,42,student,missing_export,8538,,,.67:/mnt/shared/zechuan/iraod_artifacts/comparison/xaf_student_quant_20260908/qualitative_manifests_b87f34e/roi/RSAR/am_noise_horizontal/seed_42/LPLD/student,.67:/mnt/shared/zechuan/iraod_artifacts/comparison/xaf_student_quant_20260908/qualitative_manifests_b87f34e/roi_jobs.json,2026-09-12T02:08:19.324740+00:00
RSAR,am_noise_horizontal,SFUT,42,ema,missing_export,8538,,,.67:/mnt/shared/zechuan/iraod_artifacts/comparison/xaf_student_quant_20260908/qualitative_manifests_b87f34e/roi/RSAR/am_noise_horizontal/seed_42/SFUT/ema,.67:/mnt/shared/zechuan/iraod_artifacts/comparison/xaf_student_quant_20260908/qualitative_manifests_b87f34e/roi_jobs.json,2026-09-12T02:08:19.324989+00:00
RSAR,am_noise_horizontal,SFUT,42,student,missing_export,8538,,,.67:/mnt/shared/zechuan/iraod_artifacts/comparison/xaf_student_quant_20260908/qualitative_manifests_b87f34e/roi/RSAR/am_noise_horizontal/seed_42/SFUT/student,.67:/mnt/shared/zechuan/iraod_artifacts/comparison/xaf_student_quant_20260908/qualitative_manifests_b87f34e/roi_jobs.json,2026-09-12T02:08:19.325292+00:00
RSAR,am_noise_horizontal,SFYOLO,42,ema,missing_export,8538,,,.67:/mnt/shared/zechuan/iraod_artifacts/comparison/xaf_student_quant_20260908/qualitative_manifests_b87f34e/roi/RSAR/am_noise_horizontal/seed_42/SFYOLO/ema,.67:/mnt/shared/zechuan/iraod_artifacts/comparison/xaf_student_quant_20260908/qualitative_manifests_b87f34e/roi_jobs.json,2026-09-12T02:08:19.325541+00:00
RSAR,am_noise_horizontal,SFYOLO,42,student,missing_export,8538,,,.67:/mnt/shared/zechuan/iraod_artifacts/comparison/xaf_student_quant_20260908/qualitative_manifests_b87f34e/roi/RSAR/am_noise_horizontal/seed_42/SFYOLO/student,.67:/mnt/shared/zechuan/iraod_artifacts/comparison/xaf_student_quant_20260908/qualitative_manifests_b87f34e/roi_jobs.json,2026-09-12T02:08:19.325793+00:00
RSAR,am_noise_vertical,AASFOD,42,ema,missing_export,8538,,,.67:/mnt/shared/zechuan/iraod_artifacts/comparison/xaf_student_quant_20260908/qualitative_manifests_b87f34e/roi/RSAR/am_noise_vertical/seed_42/AASFOD/ema,.67:/mnt/shared/zechuan/iraod_artifacts/comparison/xaf_student_quant_20260908/qualitative_manifests_b87f34e/roi_jobs.json,2026-09-12T02:08:19.326114+00:00
RSAR,am_noise_vertical,AASFOD,42,student,missing_export,8538,,,.67:/mnt/shared/zechuan/iraod_artifacts/comparison/xaf_student_quant_20260908/qualitative_manifests_b87f34e/roi/RSAR/am_noise_vertical/seed_42/AASFOD/student,.67:/mnt/shared/zechuan/iraod_artifacts/comparison/xaf_student_quant_20260908/qualitative_manifests_b87f34e/roi_jobs.json,2026-09-12T02:08:19.326437+00:00
RSAR,am_noise_vertical,IRG,42,ema,missing_export,8538,,,.67:/mnt/shared/zechuan/iraod_artifacts/comparison/xaf_student_quant_20260908/qualitative_manifests_b87f34e/roi/RSAR/am_noise_vertical/seed_42/IRG/ema,.67:/mnt/shared/zechuan/iraod_artifacts/comparison/xaf_student_quant_20260908/qualitative_manifests_b87f34e/roi_jobs.json,2026-09-12T02:08:19.326718+00:00
RSAR,am_noise_vertical,IRG,42,student,missing_export,8538,,,.67:/mnt/shared/zechuan/iraod_artifacts/comparison/xaf_student_quant_20260908/qualitative_manifests_b87f34e/roi/RSAR/am_noise_vertical/seed_42/IRG/student,.67:/mnt/shared/zechuan/iraod_artifacts/comparison/xaf_student_quant_20260908/qualitative_manifests_b87f34e/roi_jobs.json,2026-09-12T02:08:19.326958+00:00
RSAR,am_noise_vertical,LPLD,42,ema,missing_export,8538,,,.67:/mnt/shared/zechuan/iraod_artifacts/comparison/xaf_student_quant_20260908/qualitative_manifests_b87f34e/roi/RSAR/am_noise_vertical/seed_42/LPLD/ema,.67:/mnt/shared/zechuan/iraod_artifacts/comparison/xaf_student_quant_20260908/qualitative_manifests_b87f34e/roi_jobs.json,2026-09-12T02:08:19.327222+00:00
RSAR,am_noise_vertical,LPLD,42,student,missing_export,8538,,,.67:/mnt/shared/zechuan/iraod_artifacts/comparison/xaf_student_quant_20260908/qualitative_manifests_b87f34e/roi/RSAR/am_noise_vertical/seed_42/LPLD/student,.67:/mnt/shared/zechuan/iraod_artifacts/comparison/xaf_student_quant_20260908/qualitative_manifests_b87f34e/roi_jobs.json,2026-09-12T02:08:19.327487+00:00
RSAR,am_noise_vertical,SFUT,42,ema,missing_export,8538,,,.67:/mnt/shared/zechuan/iraod_artifacts/comparison/xaf_student_quant_20260908/qualitative_manifests_b87f34e/roi/RSAR/am_noise_vertical/seed_42/SFUT/ema,.67:/mnt/shared/zechuan/iraod_artifacts/comparison/xaf_student_quant_20260908/qualitative_manifests_b87f34e/roi_jobs.json,2026-09-12T02:08:19.327746+00:00
RSAR,am_noise_vertical,SFUT,42,student,missing_export,8538,,,.67:/mnt/shared/zechuan/iraod_artifacts/comparison/xaf_student_quant_20260908/qualitative_manifests_b87f34e/roi/RSAR/am_noise_vertical/seed_42/SFUT/student,.67:/mnt/shared/zechuan/iraod_artifacts/comparison/xaf_student_quant_20260908/qualitative_manifests_b87f34e/roi_jobs.json,2026-09-12T02:08:19.327999+00:00
RSAR,am_noise_vertical,SFYOLO,42,ema,missing_export,8538,,,.67:/mnt/shared/zechuan/iraod_artifacts/comparison/xaf_student_quant_20260908/qualitative_manifests_b87f34e/roi/RSAR/am_noise_vertical/seed_42/SFYOLO/ema,.67:/mnt/shared/zechuan/iraod_artifacts/comparison/xaf_student_quant_20260908/qualitative_manifests_b87f34e/roi_jobs.json,2026-09-12T02:08:19.328308+00:00
RSAR,am_noise_vertical,SFYOLO,42,student,missing_export,8538,,,.67:/mnt/shared/zechuan/iraod_artifacts/comparison/xaf_student_quant_20260908/qualitative_manifests_b87f34e/roi/RSAR/am_noise_vertical/seed_42/SFYOLO/student,.67:/mnt/shared/zechuan/iraod_artifacts/comparison/xaf_student_quant_20260908/qualitative_manifests_b87f34e/roi_jobs.json,2026-09-12T02:08:19.328687+00:00
RSAR,chaff,AASFOD,42,ema,missing_export,8538,,,.67:/mnt/shared/zechuan/iraod_artifacts/comparison/xaf_student_quant_20260908/qualitative_manifests_b87f34e/roi/RSAR/chaff/seed_42/AASFOD/ema,.67:/mnt/shared/zechuan/iraod_artifacts/comparison/xaf_student_quant_20260908/qualitative_manifests_b87f34e/roi_jobs.json,2026-09-12T02:08:19.328963+00:00
RSAR,chaff,AASFOD,42,student,missing_export,8538,,,.67:/mnt/shared/zechuan/iraod_artifacts/comparison/xaf_student_quant_20260908/qualitative_manifests_b87f34e/roi/RSAR/chaff/seed_42/AASFOD/student,.67:/mnt/shared/zechuan/iraod_artifacts/comparison/xaf_student_quant_20260908/qualitative_manifests_b87f34e/roi_jobs.json,2026-09-12T02:08:19.329260+00:00
RSAR,chaff,IRG,42,ema,missing_export,8538,,,.67:/mnt/shared/zechuan/iraod_artifacts/comparison/xaf_student_quant_20260908/qualitative_manifests_b87f34e/roi/RSAR/chaff/seed_42/IRG/ema,.67:/mnt/shared/zechuan/iraod_artifacts/comparison/xaf_student_quant_20260908/qualitative_manifests_b87f34e/roi_jobs.json,2026-09-12T02:08:19.329538+00:00
RSAR,chaff,IRG,42,student,missing_export,8538,,,.67:/mnt/shared/zechuan/iraod_artifacts/comparison/xaf_student_quant_20260908/qualitative_manifests_b87f34e/roi/RSAR/chaff/seed_42/IRG/student,.67:/mnt/shared/zechuan/iraod_artifacts/comparison/xaf_student_quant_20260908/qualitative_manifests_b87f34e/roi_jobs.json,2026-09-12T02:08:19.329810+00:00
RSAR,chaff,LPLD,42,ema,missing_export,8538,,,.67:/mnt/shared/zechuan/iraod_artifacts/comparison/xaf_student_quant_20260908/qualitative_manifests_b87f34e/roi/RSAR/chaff/seed_42/LPLD/ema,.67:/mnt/shared/zechuan/iraod_artifacts/comparison/xaf_student_quant_20260908/qualitative_manifests_b87f34e/roi_jobs.json,2026-09-12T02:08:19.330037+00:00
RSAR,chaff,LPLD,42,student,missing_export,8538,,,.67:/mnt/shared/zechuan/iraod_artifacts/comparison/xaf_student_quant_20260908/qualitative_manifests_b87f34e/roi/RSAR/chaff/seed_42/LPLD/student,.67:/mnt/shared/zechuan/iraod_artifacts/comparison/xaf_student_quant_20260908/qualitative_manifests_b87f34e/roi_jobs.json,2026-09-12T02:08:19.330270+00:00
RSAR,chaff,SFUT,42,ema,missing_export,8538,,,.67:/mnt/shared/zechuan/iraod_artifacts/comparison/xaf_student_quant_20260908/qualitative_manifests_b87f34e/roi/RSAR/chaff/seed_42/SFUT/ema,.67:/mnt/shared/zechuan/iraod_artifacts/comparison/xaf_student_quant_20260908/qualitative_manifests_b87f34e/roi_jobs.json,2026-09-12T02:08:19.330540+00:00
RSAR,chaff,SFUT,42,student,missing_export,8538,,,.67:/mnt/shared/zechuan/iraod_artifacts/comparison/xaf_student_quant_20260908/qualitative_manifests_b87f34e/roi/RSAR/chaff/seed_42/SFUT/student,.67:/mnt/shared/zechuan/iraod_artifacts/comparison/xaf_student_quant_20260908/qualitative_manifests_b87f34e/roi_jobs.json,2026-09-12T02:08:19.330884+00:00
RSAR,chaff,SFYOLO,42,ema,missing_export,8538,,,.67:/mnt/shared/zechuan/iraod_artifacts/comparison/xaf_student_quant_20260908/qualitative_manifests_b87f34e/roi/RSAR/chaff/seed_42/SFYOLO/ema,.67:/mnt/shared/zechuan/iraod_artifacts/comparison/xaf_student_quant_20260908/qualitative_manifests_b87f34e/roi_jobs.json,2026-09-12T02:08:19.331211+00:00
RSAR,chaff,SFYOLO,42,student,missing_export,8538,,,.67:/mnt/shared/zechuan/iraod_artifacts/comparison/xaf_student_quant_20260908/qualitative_manifests_b87f34e/roi/RSAR/chaff/seed_42/SFYOLO/student,.67:/mnt/shared/zechuan/iraod_artifacts/comparison/xaf_student_quant_20260908/qualitative_manifests_b87f34e/roi_jobs.json,2026-09-12T02:08:19.331537+00:00
RSAR,clean,AASFOD,42,ema,missing_export,8538,,,.67:/mnt/shared/zechuan/iraod_artifacts/comparison/xaf_student_quant_20260908/qualitative_manifests_b87f34e/roi/RSAR/clean/seed_42/AASFOD/ema,.67:/mnt/shared/zechuan/iraod_artifacts/comparison/xaf_student_quant_20260908/qualitative_manifests_b87f34e/roi_jobs.json,2026-09-12T02:08:19.331860+00:00
RSAR,clean,AASFOD,42,student,missing_export,8538,,,.67:/mnt/shared/zechuan/iraod_artifacts/comparison/xaf_student_quant_20260908/qualitative_manifests_b87f34e/roi/RSAR/clean/seed_42/AASFOD/student,.67:/mnt/shared/zechuan/iraod_artifacts/comparison/xaf_student_quant_20260908/qualitative_manifests_b87f34e/roi_jobs.json,2026-09-12T02:08:19.332122+00:00
RSAR,clean,IRG,42,ema,missing_export,8538,,,.67:/mnt/shared/zechuan/iraod_artifacts/comparison/xaf_student_quant_20260908/qualitative_manifests_b87f34e/roi/RSAR/clean/seed_42/IRG/ema,.67:/mnt/shared/zechuan/iraod_artifacts/comparison/xaf_student_quant_20260908/qualitative_manifests_b87f34e/roi_jobs.json,2026-09-12T02:08:19.332367+00:00
RSAR,clean,IRG,42,student,missing_export,8538,,,.67:/mnt/shared/zechuan/iraod_artifacts/comparison/xaf_student_quant_20260908/qualitative_manifests_b87f34e/roi/RSAR/clean/seed_42/IRG/student,.67:/mnt/shared/zechuan/iraod_artifacts/comparison/xaf_student_quant_20260908/qualitative_manifests_b87f34e/roi_jobs.json,2026-09-12T02:08:19.332688+00:00
RSAR,clean,LPLD,42,ema,missing_export,8538,,,.67:/mnt/shared/zechuan/iraod_artifacts/comparison/xaf_student_quant_20260908/qualitative_manifests_b87f34e/roi/RSAR/clean/seed_42/LPLD/ema,.67:/mnt/shared/zechuan/iraod_artifacts/comparison/xaf_student_quant_20260908/qualitative_manifests_b87f34e/roi_jobs.json,2026-09-12T02:08:19.332932+00:00
RSAR,clean,LPLD,42,student,missing_export,8538,,,.67:/mnt/shared/zechuan/iraod_artifacts/comparison/xaf_student_quant_20260908/qualitative_manifests_b87f34e/roi/RSAR/clean/seed_42/LPLD/student,.67:/mnt/shared/zechuan/iraod_artifacts/comparison/xaf_student_quant_20260908/qualitative_manifests_b87f34e/roi_jobs.json,2026-09-12T02:08:19.333220+00:00
RSAR,clean,SFUT,42,ema,missing_export,8538,,,.67:/mnt/shared/zechuan/iraod_artifacts/comparison/xaf_student_quant_20260908/qualitative_manifests_b87f34e/roi/RSAR/clean/seed_42/SFUT/ema,.67:/mnt/shared/zechuan/iraod_artifacts/comparison/xaf_student_quant_20260908/qualitative_manifests_b87f34e/roi_jobs.json,2026-09-12T02:08:19.333498+00:00
RSAR,clean,SFUT,42,student,missing_export,8538,,,.67:/mnt/shared/zechuan/iraod_artifacts/comparison/xaf_student_quant_20260908/qualitative_manifests_b87f34e/roi/RSAR/clean/seed_42/SFUT/student,.67:/mnt/shared/zechuan/iraod_artifacts/comparison/xaf_student_quant_20260908/qualitative_manifests_b87f34e/roi_jobs.json,2026-09-12T02:08:19.333864+00:00
RSAR,clean,SFYOLO,42,ema,missing_export,8538,,,.67:/mnt/shared/zechuan/iraod_artifacts/comparison/xaf_student_quant_20260908/qualitative_manifests_b87f34e/roi/RSAR/clean/seed_42/SFYOLO/ema,.67:/mnt/shared/zechuan/iraod_artifacts/comparison/xaf_student_quant_20260908/qualitative_manifests_b87f34e/roi_jobs.json,2026-09-12T02:08:19.334167+00:00
RSAR,clean,SFYOLO,42,student,missing_export,8538,,,.67:/mnt/shared/zechuan/iraod_artifacts/comparison/xaf_student_quant_20260908/qualitative_manifests_b87f34e/roi/RSAR/clean/seed_42/SFYOLO/student,.67:/mnt/shared/zechuan/iraod_artifacts/comparison/xaf_student_quant_20260908/qualitative_manifests_b87f34e/roi_jobs.json,2026-09-12T02:08:19.334440+00:00
RSAR,gaussian_white_noise,AASFOD,42,ema,missing_export,8538,,,.67:/mnt/shared/zechuan/iraod_artifacts/comparison/xaf_student_quant_20260908/qualitative_manifests_b87f34e/roi/RSAR/gaussian_white_noise/seed_42/AASFOD/ema,.67:/mnt/shared/zechuan/iraod_artifacts/comparison/xaf_student_quant_20260908/qualitative_manifests_b87f34e/roi_jobs.json,2026-09-12T02:08:19.334737+00:00
RSAR,gaussian_white_noise,AASFOD,42,student,missing_export,8538,,,.67:/mnt/shared/zechuan/iraod_artifacts/comparison/xaf_student_quant_20260908/qualitative_manifests_b87f34e/roi/RSAR/gaussian_white_noise/seed_42/AASFOD/student,.67:/mnt/shared/zechuan/iraod_artifacts/comparison/xaf_student_quant_20260908/qualitative_manifests_b87f34e/roi_jobs.json,2026-09-12T02:08:19.335047+00:00
RSAR,gaussian_white_noise,IRG,42,ema,missing_export,8538,,,.67:/mnt/shared/zechuan/iraod_artifacts/comparison/xaf_student_quant_20260908/qualitative_manifests_b87f34e/roi/RSAR/gaussian_white_noise/seed_42/IRG/ema,.67:/mnt/shared/zechuan/iraod_artifacts/comparison/xaf_student_quant_20260908/qualitative_manifests_b87f34e/roi_jobs.json,2026-09-12T02:08:19.335309+00:00
RSAR,gaussian_white_noise,IRG,42,student,missing_export,8538,,,.67:/mnt/shared/zechuan/iraod_artifacts/comparison/xaf_student_quant_20260908/qualitative_manifests_b87f34e/roi/RSAR/gaussian_white_noise/seed_42/IRG/student,.67:/mnt/shared/zechuan/iraod_artifacts/comparison/xaf_student_quant_20260908/qualitative_manifests_b87f34e/roi_jobs.json,2026-09-12T02:08:19.335644+00:00
RSAR,gaussian_white_noise,LPLD,42,ema,missing_export,8538,,,.67:/mnt/shared/zechuan/iraod_artifacts/comparison/xaf_student_quant_20260908/qualitative_manifests_b87f34e/roi/RSAR/gaussian_white_noise/seed_42/LPLD/ema,.67:/mnt/shared/zechuan/iraod_artifacts/comparison/xaf_student_quant_20260908/qualitative_manifests_b87f34e/roi_jobs.json,2026-09-12T02:08:19.335896+00:00
RSAR,gaussian_white_noise,LPLD,42,student,missing_export,8538,,,.67:/mnt/shared/zechuan/iraod_artifacts/comparison/xaf_student_quant_20260908/qualitative_manifests_b87f34e/roi/RSAR/gaussian_white_noise/seed_42/LPLD/student,.67:/mnt/shared/zechuan/iraod_artifacts/comparison/xaf_student_quant_20260908/qualitative_manifests_b87f34e/roi_jobs.json,2026-09-12T02:08:19.336120+00:00
RSAR,gaussian_white_noise,SFUT,42,ema,missing_export,8538,,,.67:/mnt/shared/zechuan/iraod_artifacts/comparison/xaf_student_quant_20260908/qualitative_manifests_b87f34e/roi/RSAR/gaussian_white_noise/seed_42/SFUT/ema,.67:/mnt/shared/zechuan/iraod_artifacts/comparison/xaf_student_quant_20260908/qualitative_manifests_b87f34e/roi_jobs.json,2026-09-12T02:08:19.336476+00:00
RSAR,gaussian_white_noise,SFUT,42,student,missing_export,8538,,,.67:/mnt/shared/zechuan/iraod_artifacts/comparison/xaf_student_quant_20260908/qualitative_manifests_b87f34e/roi/RSAR/gaussian_white_noise/seed_42/SFUT/student,.67:/mnt/shared/zechuan/iraod_artifacts/comparison/xaf_student_quant_20260908/qualitative_manifests_b87f34e/roi_jobs.json,2026-09-12T02:08:19.336805+00:00
RSAR,gaussian_white_noise,SFYOLO,42,ema,missing_export,8538,,,.67:/mnt/shared/zechuan/iraod_artifacts/comparison/xaf_student_quant_20260908/qualitative_manifests_b87f34e/roi/RSAR/gaussian_white_noise/seed_42/SFYOLO/ema,.67:/mnt/shared/zechuan/iraod_artifacts/comparison/xaf_student_quant_20260908/qualitative_manifests_b87f34e/roi_jobs.json,2026-09-12T02:08:19.337084+00:00
RSAR,gaussian_white_noise,SFYOLO,42,student,missing_export,8538,,,.67:/mnt/shared/zechuan/iraod_artifacts/comparison/xaf_student_quant_20260908/qualitative_manifests_b87f34e/roi/RSAR/gaussian_white_noise/seed_42/SFYOLO/student,.67:/mnt/shared/zechuan/iraod_artifacts/comparison/xaf_student_quant_20260908/qualitative_manifests_b87f34e/roi_jobs.json,2026-09-12T02:08:19.337366+00:00
RSAR,noise_suppression,AASFOD,42,ema,missing_export,8538,,,.67:/mnt/shared/zechuan/iraod_artifacts/comparison/xaf_student_quant_20260908/qualitative_manifests_b87f34e/roi/RSAR/noise_suppression/seed_42/AASFOD/ema,.67:/mnt/shared/zechuan/iraod_artifacts/comparison/xaf_student_quant_20260908/qualitative_manifests_b87f34e/roi_jobs.json,2026-09-12T02:08:19.337672+00:00
RSAR,noise_suppression,AASFOD,42,student,missing_export,8538,,,.67:/mnt/shared/zechuan/iraod_artifacts/comparison/xaf_student_quant_20260908/qualitative_manifests_b87f34e/roi/RSAR/noise_suppression/seed_42/AASFOD/student,.67:/mnt/shared/zechuan/iraod_artifacts/comparison/xaf_student_quant_20260908/qualitative_manifests_b87f34e/roi_jobs.json,2026-09-12T02:08:19.338014+00:00
RSAR,noise_suppression,IRG,42,ema,missing_export,8538,,,.67:/mnt/shared/zechuan/iraod_artifacts/comparison/xaf_student_quant_20260908/qualitative_manifests_b87f34e/roi/RSAR/noise_suppression/seed_42/IRG/ema,.67:/mnt/shared/zechuan/iraod_artifacts/comparison/xaf_student_quant_20260908/qualitative_manifests_b87f34e/roi_jobs.json,2026-09-12T02:08:19.338349+00:00
RSAR,noise_suppression,IRG,42,student,missing_export,8538,,,.67:/mnt/shared/zechuan/iraod_artifacts/comparison/xaf_student_quant_20260908/qualitative_manifests_b87f34e/roi/RSAR/noise_suppression/seed_42/IRG/student,.67:/mnt/shared/zechuan/iraod_artifacts/comparison/xaf_student_quant_20260908/qualitative_manifests_b87f34e/roi_jobs.json,2026-09-12T02:08:19.338672+00:00
RSAR,noise_suppression,LPLD,42,ema,missing_export,8538,,,.67:/mnt/shared/zechuan/iraod_artifacts/comparison/xaf_student_quant_20260908/qualitative_manifests_b87f34e/roi/RSAR/noise_suppression/seed_42/LPLD/ema,.67:/mnt/shared/zechuan/iraod_artifacts/comparison/xaf_student_quant_20260908/qualitative_manifests_b87f34e/roi_jobs.json,2026-09-12T02:08:19.338993+00:00
RSAR,noise_suppression,LPLD,42,student,missing_export,8538,,,.67:/mnt/shared/zechuan/iraod_artifacts/comparison/xaf_student_quant_20260908/qualitative_manifests_b87f34e/roi/RSAR/noise_suppression/seed_42/LPLD/student,.67:/mnt/shared/zechuan/iraod_artifacts/comparison/xaf_student_quant_20260908/qualitative_manifests_b87f34e/roi_jobs.json,2026-09-12T02:08:19.339271+00:00
RSAR,noise_suppression,SFUT,42,ema,missing_export,8538,,,.67:/mnt/shared/zechuan/iraod_artifacts/comparison/xaf_student_quant_20260908/qualitative_manifests_b87f34e/roi/RSAR/noise_suppression/seed_42/SFUT/ema,.67:/mnt/shared/zechuan/iraod_artifacts/comparison/xaf_student_quant_20260908/qualitative_manifests_b87f34e/roi_jobs.json,2026-09-12T02:08:19.339591+00:00
RSAR,noise_suppression,SFUT,42,student,missing_export,8538,,,.67:/mnt/shared/zechuan/iraod_artifacts/comparison/xaf_student_quant_20260908/qualitative_manifests_b87f34e/roi/RSAR/noise_suppression/seed_42/SFUT/student,.67:/mnt/shared/zechuan/iraod_artifacts/comparison/xaf_student_quant_20260908/qualitative_manifests_b87f34e/roi_jobs.json,2026-09-12T02:08:19.339874+00:00
RSAR,noise_suppression,SFYOLO,42,ema,missing_export,8538,,,.67:/mnt/shared/zechuan/iraod_artifacts/comparison/xaf_student_quant_20260908/qualitative_manifests_b87f34e/roi/RSAR/noise_suppression/seed_42/SFYOLO/ema,.67:/mnt/shared/zechuan/iraod_artifacts/comparison/xaf_student_quant_20260908/qualitative_manifests_b87f34e/roi_jobs.json,2026-09-12T02:08:19.340167+00:00
RSAR,noise_suppression,SFYOLO,42,student,missing_export,8538,,,.67:/mnt/shared/zechuan/iraod_artifacts/comparison/xaf_student_quant_20260908/qualitative_manifests_b87f34e/roi/RSAR/noise_suppression/seed_42/SFYOLO/student,.67:/mnt/shared/zechuan/iraod_artifacts/comparison/xaf_student_quant_20260908/qualitative_manifests_b87f34e/roi_jobs.json,2026-09-12T02:08:19.340452+00:00
RSAR,point_target,AASFOD,42,ema,missing_export,8538,,,.67:/mnt/shared/zechuan/iraod_artifacts/comparison/xaf_student_quant_20260908/qualitative_manifests_b87f34e/roi/RSAR/point_target/seed_42/AASFOD/ema,.67:/mnt/shared/zechuan/iraod_artifacts/comparison/xaf_student_quant_20260908/qualitative_manifests_b87f34e/roi_jobs.json,2026-09-12T02:08:19.340756+00:00
RSAR,point_target,AASFOD,42,student,missing_export,8538,,,.67:/mnt/shared/zechuan/iraod_artifacts/comparison/xaf_student_quant_20260908/qualitative_manifests_b87f34e/roi/RSAR/point_target/seed_42/AASFOD/student,.67:/mnt/shared/zechuan/iraod_artifacts/comparison/xaf_student_quant_20260908/qualitative_manifests_b87f34e/roi_jobs.json,2026-09-12T02:08:19.341089+00:00
RSAR,point_target,IRG,42,ema,missing_export,8538,,,.67:/mnt/shared/zechuan/iraod_artifacts/comparison/xaf_student_quant_20260908/qualitative_manifests_b87f34e/roi/RSAR/point_target/seed_42/IRG/ema,.67:/mnt/shared/zechuan/iraod_artifacts/comparison/xaf_student_quant_20260908/qualitative_manifests_b87f34e/roi_jobs.json,2026-09-12T02:08:19.341392+00:00
RSAR,point_target,IRG,42,student,missing_export,8538,,,.67:/mnt/shared/zechuan/iraod_artifacts/comparison/xaf_student_quant_20260908/qualitative_manifests_b87f34e/roi/RSAR/point_target/seed_42/IRG/student,.67:/mnt/shared/zechuan/iraod_artifacts/comparison/xaf_student_quant_20260908/qualitative_manifests_b87f34e/roi_jobs.json,2026-09-12T02:08:19.341668+00:00
RSAR,point_target,LPLD,42,ema,missing_export,8538,,,.67:/mnt/shared/zechuan/iraod_artifacts/comparison/xaf_student_quant_20260908/qualitative_manifests_b87f34e/roi/RSAR/point_target/seed_42/LPLD/ema,.67:/mnt/shared/zechuan/iraod_artifacts/comparison/xaf_student_quant_20260908/qualitative_manifests_b87f34e/roi_jobs.json,2026-09-12T02:08:19.341982+00:00
RSAR,point_target,LPLD,42,student,missing_export,8538,,,.67:/mnt/shared/zechuan/iraod_artifacts/comparison/xaf_student_quant_20260908/qualitative_manifests_b87f34e/roi/RSAR/point_target/seed_42/LPLD/student,.67:/mnt/shared/zechuan/iraod_artifacts/comparison/xaf_student_quant_20260908/qualitative_manifests_b87f34e/roi_jobs.json,2026-09-12T02:08:19.342273+00:00
RSAR,point_target,SFUT,42,ema,missing_export,8538,,,.67:/mnt/shared/zechuan/iraod_artifacts/comparison/xaf_student_quant_20260908/qualitative_manifests_b87f34e/roi/RSAR/point_target/seed_42/SFUT/ema,.67:/mnt/shared/zechuan/iraod_artifacts/comparison/xaf_student_quant_20260908/qualitative_manifests_b87f34e/roi_jobs.json,2026-09-12T02:08:19.342642+00:00
RSAR,point_target,SFUT,42,student,missing_export,8538,,,.67:/mnt/shared/zechuan/iraod_artifacts/comparison/xaf_student_quant_20260908/qualitative_manifests_b87f34e/roi/RSAR/point_target/seed_42/SFUT/student,.67:/mnt/shared/zechuan/iraod_artifacts/comparison/xaf_student_quant_20260908/qualitative_manifests_b87f34e/roi_jobs.json,2026-09-12T02:08:19.342898+00:00
RSAR,point_target,SFYOLO,42,ema,missing_export,8538,,,.67:/mnt/shared/zechuan/iraod_artifacts/comparison/xaf_student_quant_20260908/qualitative_manifests_b87f34e/roi/RSAR/point_target/seed_42/SFYOLO/ema,.67:/mnt/shared/zechuan/iraod_artifacts/comparison/xaf_student_quant_20260908/qualitative_manifests_b87f34e/roi_jobs.json,2026-09-12T02:08:19.343164+00:00
RSAR,point_target,SFYOLO,42,student,missing_export,8538,,,.67:/mnt/shared/zechuan/iraod_artifacts/comparison/xaf_student_quant_20260908/qualitative_manifests_b87f34e/roi/RSAR/point_target/seed_42/SFYOLO/student,.67:/mnt/shared/zechuan/iraod_artifacts/comparison/xaf_student_quant_20260908/qualitative_manifests_b87f34e/roi_jobs.json,2026-09-12T02:08:19.343473+00:00
RSAR,smart_suppression,AASFOD,42,ema,missing_export,8538,,,.67:/mnt/shared/zechuan/iraod_artifacts/comparison/xaf_student_quant_20260908/qualitative_manifests_b87f34e/roi/RSAR/smart_suppression/seed_42/AASFOD/ema,.67:/mnt/shared/zechuan/iraod_artifacts/comparison/xaf_student_quant_20260908/qualitative_manifests_b87f34e/roi_jobs.json,2026-09-12T02:08:19.343752+00:00
RSAR,smart_suppression,AASFOD,42,student,missing_export,8538,,,.67:/mnt/shared/zechuan/iraod_artifacts/comparison/xaf_student_quant_20260908/qualitative_manifests_b87f34e/roi/RSAR/smart_suppression/seed_42/AASFOD/student,.67:/mnt/shared/zechuan/iraod_artifacts/comparison/xaf_student_quant_20260908/qualitative_manifests_b87f34e/roi_jobs.json,2026-09-12T02:08:19.344043+00:00
RSAR,smart_suppression,IRG,42,ema,missing_export,8538,,,.67:/mnt/shared/zechuan/iraod_artifacts/comparison/xaf_student_quant_20260908/qualitative_manifests_b87f34e/roi/RSAR/smart_suppression/seed_42/IRG/ema,.67:/mnt/shared/zechuan/iraod_artifacts/comparison/xaf_student_quant_20260908/qualitative_manifests_b87f34e/roi_jobs.json,2026-09-12T02:08:19.344337+00:00
RSAR,smart_suppression,IRG,42,student,missing_export,8538,,,.67:/mnt/shared/zechuan/iraod_artifacts/comparison/xaf_student_quant_20260908/qualitative_manifests_b87f34e/roi/RSAR/smart_suppression/seed_42/IRG/student,.67:/mnt/shared/zechuan/iraod_artifacts/comparison/xaf_student_quant_20260908/qualitative_manifests_b87f34e/roi_jobs.json,2026-09-12T02:08:19.344674+00:00
RSAR,smart_suppression,LPLD,42,ema,missing_export,8538,,,.67:/mnt/shared/zechuan/iraod_artifacts/comparison/xaf_student_quant_20260908/qualitative_manifests_b87f34e/roi/RSAR/smart_suppression/seed_42/LPLD/ema,.67:/mnt/shared/zechuan/iraod_artifacts/comparison/xaf_student_quant_20260908/qualitative_manifests_b87f34e/roi_jobs.json,2026-09-12T02:08:19.345219+00:00
RSAR,smart_suppression,LPLD,42,student,missing_export,8538,,,.67:/mnt/shared/zechuan/iraod_artifacts/comparison/xaf_student_quant_20260908/qualitative_manifests_b87f34e/roi/RSAR/smart_suppression/seed_42/LPLD/student,.67:/mnt/shared/zechuan/iraod_artifacts/comparison/xaf_student_quant_20260908/qualitative_manifests_b87f34e/roi_jobs.json,2026-09-12T02:08:19.345494+00:00
RSAR,smart_suppression,SFUT,42,ema,missing_export,8538,,,.67:/mnt/shared/zechuan/iraod_artifacts/comparison/xaf_student_quant_20260908/qualitative_manifests_b87f34e/roi/RSAR/smart_suppression/seed_42/SFUT/ema,.67:/mnt/shared/zechuan/iraod_artifacts/comparison/xaf_student_quant_20260908/qualitative_manifests_b87f34e/roi_jobs.json,2026-09-12T02:08:19.345775+00:00
RSAR,smart_suppression,SFUT,42,student,missing_export,8538,,,.67:/mnt/shared/zechuan/iraod_artifacts/comparison/xaf_student_quant_20260908/qualitative_manifests_b87f34e/roi/RSAR/smart_suppression/seed_42/SFUT/student,.67:/mnt/shared/zechuan/iraod_artifacts/comparison/xaf_student_quant_20260908/qualitative_manifests_b87f34e/roi_jobs.json,2026-09-12T02:08:19.346064+00:00
RSAR,smart_suppression,SFYOLO,42,ema,missing_export,8538,,,.67:/mnt/shared/zechuan/iraod_artifacts/comparison/xaf_student_quant_20260908/qualitative_manifests_b87f34e/roi/RSAR/smart_suppression/seed_42/SFYOLO/ema,.67:/mnt/shared/zechuan/iraod_artifacts/comparison/xaf_student_quant_20260908/qualitative_manifests_b87f34e/roi_jobs.json,2026-09-12T02:08:19.346378+00:00
RSAR,smart_suppression,SFYOLO,42,student,missing_export,8538,,,.67:/mnt/shared/zechuan/iraod_artifacts/comparison/xaf_student_quant_20260908/qualitative_manifests_b87f34e/roi/RSAR/smart_suppression/seed_42/SFYOLO/student,.67:/mnt/shared/zechuan/iraod_artifacts/comparison/xaf_student_quant_20260908/qualitative_manifests_b87f34e/roi_jobs.json,2026-09-12T02:08:19.346681+00:00
DIOR,brightness,AASFOD,43,ema,missing_export,11738,,,.67:/mnt/shared/zechuan/iraod_artifacts/comparison/xaf_student_quant_20260908/qualitative_manifests_b87f34e/roi/DIOR/brightness/seed_43/AASFOD/ema,.67:/mnt/shared/zechuan/iraod_artifacts/comparison/xaf_student_quant_20260908/qualitative_manifests_b87f34e/roi_jobs.json,2026-09-12T02:08:19.347014+00:00
DIOR,brightness,AASFOD,43,student,missing_export,11738,,,.67:/mnt/shared/zechuan/iraod_artifacts/comparison/xaf_student_quant_20260908/qualitative_manifests_b87f34e/roi/DIOR/brightness/seed_43/AASFOD/student,.67:/mnt/shared/zechuan/iraod_artifacts/comparison/xaf_student_quant_20260908/qualitative_manifests_b87f34e/roi_jobs.json,2026-09-12T02:08:19.347302+00:00
DIOR,brightness,IRG,43,ema,missing_export,11738,,,.67:/mnt/shared/zechuan/iraod_artifacts/comparison/xaf_student_quant_20260908/qualitative_manifests_b87f34e/roi/DIOR/brightness/seed_43/IRG/ema,.67:/mnt/shared/zechuan/iraod_artifacts/comparison/xaf_student_quant_20260908/qualitative_manifests_b87f34e/roi_jobs.json,2026-09-12T02:08:19.347624+00:00
DIOR,brightness,IRG,43,student,missing_export,11738,,,.67:/mnt/shared/zechuan/iraod_artifacts/comparison/xaf_student_quant_20260908/qualitative_manifests_b87f34e/roi/DIOR/brightness/seed_43/IRG/student,.67:/mnt/shared/zechuan/iraod_artifacts/comparison/xaf_student_quant_20260908/qualitative_manifests_b87f34e/roi_jobs.json,2026-09-12T02:08:19.347907+00:00
DIOR,brightness,LPLD,43,ema,missing_export,11738,,,.67:/mnt/shared/zechuan/iraod_artifacts/comparison/xaf_student_quant_20260908/qualitative_manifests_b87f34e/roi/DIOR/brightness/seed_43/LPLD/ema,.67:/mnt/shared/zechuan/iraod_artifacts/comparison/xaf_student_quant_20260908/qualitative_manifests_b87f34e/roi_jobs.json,2026-09-12T02:08:19.348177+00:00
DIOR,brightness,LPLD,43,student,missing_export,11738,,,.67:/mnt/shared/zechuan/iraod_artifacts/comparison/xaf_student_quant_20260908/qualitative_manifests_b87f34e/roi/DIOR/brightness/seed_43/LPLD/student,.67:/mnt/shared/zechuan/iraod_artifacts/comparison/xaf_student_quant_20260908/qualitative_manifests_b87f34e/roi_jobs.json,2026-09-12T02:08:19.348486+00:00
DIOR,brightness,SFUT,43,ema,missing_export,11738,,,.67:/mnt/shared/zechuan/iraod_artifacts/comparison/xaf_student_quant_20260908/qualitative_manifests_b87f34e/roi/DIOR/brightness/seed_43/SFUT/ema,.67:/mnt/shared/zechuan/iraod_artifacts/comparison/xaf_student_quant_20260908/qualitative_manifests_b87f34e/roi_jobs.json,2026-09-12T02:08:19.348812+00:00
DIOR,brightness,SFUT,43,student,missing_export,11738,,,.67:/mnt/shared/zechuan/iraod_artifacts/comparison/xaf_student_quant_20260908/qualitative_manifests_b87f34e/roi/DIOR/brightness/seed_43/SFUT/student,.67:/mnt/shared/zechuan/iraod_artifacts/comparison/xaf_student_quant_20260908/qualitative_manifests_b87f34e/roi_jobs.json,2026-09-12T02:08:19.349125+00:00
DIOR,brightness,SFYOLO,43,ema,missing_export,11738,,,.67:/mnt/shared/zechuan/iraod_artifacts/comparison/xaf_student_quant_20260908/qualitative_manifests_b87f34e/roi/DIOR/brightness/seed_43/SFYOLO/ema,.67:/mnt/shared/zechuan/iraod_artifacts/comparison/xaf_student_quant_20260908/qualitative_manifests_b87f34e/roi_jobs.json,2026-09-12T02:08:19.349445+00:00
DIOR,brightness,SFYOLO,43,student,missing_export,11738,,,.67:/mnt/shared/zechuan/iraod_artifacts/comparison/xaf_student_quant_20260908/qualitative_manifests_b87f34e/roi/DIOR/brightness/seed_43/SFYOLO/student,.67:/mnt/shared/zechuan/iraod_artifacts/comparison/xaf_student_quant_20260908/qualitative_manifests_b87f34e/roi_jobs.json,2026-09-12T02:08:19.349731+00:00
DIOR,clean,AASFOD,43,ema,missing_export,11738,,,.67:/mnt/shared/zechuan/iraod_artifacts/comparison/xaf_student_quant_20260908/qualitative_manifests_b87f34e/roi/DIOR/clean/seed_43/AASFOD/ema,.67:/mnt/shared/zechuan/iraod_artifacts/comparison/xaf_student_quant_20260908/qualitative_manifests_b87f34e/roi_jobs.json,2026-09-12T02:08:19.350055+00:00
DIOR,clean,AASFOD,43,student,missing_export,11738,,,.67:/mnt/shared/zechuan/iraod_artifacts/comparison/xaf_student_quant_20260908/qualitative_manifests_b87f34e/roi/DIOR/clean/seed_43/AASFOD/student,.67:/mnt/shared/zechuan/iraod_artifacts/comparison/xaf_student_quant_20260908/qualitative_manifests_b87f34e/roi_jobs.json,2026-09-12T02:08:19.350546+00:00
DIOR,clean,IRG,43,ema,missing_export,11738,,,.67:/mnt/shared/zechuan/iraod_artifacts/comparison/xaf_student_quant_20260908/qualitative_manifests_b87f34e/roi/DIOR/clean/seed_43/IRG/ema,.67:/mnt/shared/zechuan/iraod_artifacts/comparison/xaf_student_quant_20260908/qualitative_manifests_b87f34e/roi_jobs.json,2026-09-12T02:08:19.350780+00:00
DIOR,clean,IRG,43,student,missing_export,11738,,,.67:/mnt/shared/zechuan/iraod_artifacts/comparison/xaf_student_quant_20260908/qualitative_manifests_b87f34e/roi/DIOR/clean/seed_43/IRG/student,.67:/mnt/shared/zechuan/iraod_artifacts/comparison/xaf_student_quant_20260908/qualitative_manifests_b87f34e/roi_jobs.json,2026-09-12T02:08:19.351011+00:00
DIOR,clean,LPLD,43,ema,missing_export,11738,,,.67:/mnt/shared/zechuan/iraod_artifacts/comparison/xaf_student_quant_20260908/qualitative_manifests_b87f34e/roi/DIOR/clean/seed_43/LPLD/ema,.67:/mnt/shared/zechuan/iraod_artifacts/comparison/xaf_student_quant_20260908/qualitative_manifests_b87f34e/roi_jobs.json,2026-09-12T02:08:19.351284+00:00
DIOR,clean,LPLD,43,student,missing_export,11738,,,.67:/mnt/shared/zechuan/iraod_artifacts/comparison/xaf_student_quant_20260908/qualitative_manifests_b87f34e/roi/DIOR/clean/seed_43/LPLD/student,.67:/mnt/shared/zechuan/iraod_artifacts/comparison/xaf_student_quant_20260908/qualitative_manifests_b87f34e/roi_jobs.json,2026-09-12T02:08:19.351591+00:00
DIOR,clean,SFUT,43,ema,missing_export,11738,,,.67:/mnt/shared/zechuan/iraod_artifacts/comparison/xaf_student_quant_20260908/qualitative_manifests_b87f34e/roi/DIOR/clean/seed_43/SFUT/ema,.67:/mnt/shared/zechuan/iraod_artifacts/comparison/xaf_student_quant_20260908/qualitative_manifests_b87f34e/roi_jobs.json,2026-09-12T02:08:19.351874+00:00
DIOR,clean,SFUT,43,student,missing_export,11738,,,.67:/mnt/shared/zechuan/iraod_artifacts/comparison/xaf_student_quant_20260908/qualitative_manifests_b87f34e/roi/DIOR/clean/seed_43/SFUT/student,.67:/mnt/shared/zechuan/iraod_artifacts/comparison/xaf_student_quant_20260908/qualitative_manifests_b87f34e/roi_jobs.json,2026-09-12T02:08:19.352182+00:00
DIOR,clean,SFYOLO,43,ema,missing_export,11738,,,.67:/mnt/shared/zechuan/iraod_artifacts/comparison/xaf_student_quant_20260908/qualitative_manifests_b87f34e/roi/DIOR/clean/seed_43/SFYOLO/ema,.67:/mnt/shared/zechuan/iraod_artifacts/comparison/xaf_student_quant_20260908/qualitative_manifests_b87f34e/roi_jobs.json,2026-09-12T02:08:19.352466+00:00
DIOR,clean,SFYOLO,43,student,missing_export,11738,,,.67:/mnt/shared/zechuan/iraod_artifacts/comparison/xaf_student_quant_20260908/qualitative_manifests_b87f34e/roi/DIOR/clean/seed_43/SFYOLO/student,.67:/mnt/shared/zechuan/iraod_artifacts/comparison/xaf_student_quant_20260908/qualitative_manifests_b87f34e/roi_jobs.json,2026-09-12T02:08:19.352740+00:00
DIOR,cloudy,AASFOD,43,ema,missing_export,11738,,,.67:/mnt/shared/zechuan/iraod_artifacts/comparison/xaf_student_quant_20260908/qualitative_manifests_b87f34e/roi/DIOR/cloudy/seed_43/AASFOD/ema,.67:/mnt/shared/zechuan/iraod_artifacts/comparison/xaf_student_quant_20260908/qualitative_manifests_b87f34e/roi_jobs.json,2026-09-12T02:08:19.352988+00:00
DIOR,cloudy,AASFOD,43,student,missing_export,11738,,,.67:/mnt/shared/zechuan/iraod_artifacts/comparison/xaf_student_quant_20260908/qualitative_manifests_b87f34e/roi/DIOR/cloudy/seed_43/AASFOD/student,.67:/mnt/shared/zechuan/iraod_artifacts/comparison/xaf_student_quant_20260908/qualitative_manifests_b87f34e/roi_jobs.json,2026-09-12T02:08:19.353252+00:00
DIOR,cloudy,IRG,43,ema,missing_export,11738,,,.67:/mnt/shared/zechuan/iraod_artifacts/comparison/xaf_student_quant_20260908/qualitative_manifests_b87f34e/roi/DIOR/cloudy/seed_43/IRG/ema,.67:/mnt/shared/zechuan/iraod_artifacts/comparison/xaf_student_quant_20260908/qualitative_manifests_b87f34e/roi_jobs.json,2026-09-12T02:08:19.353523+00:00
DIOR,cloudy,IRG,43,student,missing_export,11738,,,.67:/mnt/shared/zechuan/iraod_artifacts/comparison/xaf_student_quant_20260908/qualitative_manifests_b87f34e/roi/DIOR/cloudy/seed_43/IRG/student,.67:/mnt/shared/zechuan/iraod_artifacts/comparison/xaf_student_quant_20260908/qualitative_manifests_b87f34e/roi_jobs.json,2026-09-12T02:08:19.353806+00:00
DIOR,cloudy,LPLD,43,ema,missing_export,11738,,,.67:/mnt/shared/zechuan/iraod_artifacts/comparison/xaf_student_quant_20260908/qualitative_manifests_b87f34e/roi/DIOR/cloudy/seed_43/LPLD/ema,.67:/mnt/shared/zechuan/iraod_artifacts/comparison/xaf_student_quant_20260908/qualitative_manifests_b87f34e/roi_jobs.json,2026-09-12T02:08:19.354046+00:00
DIOR,cloudy,LPLD,43,student,missing_export,11738,,,.67:/mnt/shared/zechuan/iraod_artifacts/comparison/xaf_student_quant_20260908/qualitative_manifests_b87f34e/roi/DIOR/cloudy/seed_43/LPLD/student,.67:/mnt/shared/zechuan/iraod_artifacts/comparison/xaf_student_quant_20260908/qualitative_manifests_b87f34e/roi_jobs.json,2026-09-12T02:08:19.354361+00:00
DIOR,cloudy,SFUT,43,ema,missing_export,11738,,,.67:/mnt/shared/zechuan/iraod_artifacts/comparison/xaf_student_quant_20260908/qualitative_manifests_b87f34e/roi/DIOR/cloudy/seed_43/SFUT/ema,.67:/mnt/shared/zechuan/iraod_artifacts/comparison/xaf_student_quant_20260908/qualitative_manifests_b87f34e/roi_jobs.json,2026-09-12T02:08:19.354632+00:00
DIOR,cloudy,SFUT,43,student,missing_export,11738,,,.67:/mnt/shared/zechuan/iraod_artifacts/comparison/xaf_student_quant_20260908/qualitative_manifests_b87f34e/roi/DIOR/cloudy/seed_43/SFUT/student,.67:/mnt/shared/zechuan/iraod_artifacts/comparison/xaf_student_quant_20260908/qualitative_manifests_b87f34e/roi_jobs.json,2026-09-12T02:08:19.354925+00:00
DIOR,cloudy,SFYOLO,43,ema,missing_export,11738,,,.67:/mnt/shared/zechuan/iraod_artifacts/comparison/xaf_student_quant_20260908/qualitative_manifests_b87f34e/roi/DIOR/cloudy/seed_43/SFYOLO/ema,.67:/mnt/shared/zechuan/iraod_artifacts/comparison/xaf_student_quant_20260908/qualitative_manifests_b87f34e/roi_jobs.json,2026-09-12T02:08:19.355199+00:00
DIOR,cloudy,SFYOLO,43,student,missing_export,11738,,,.67:/mnt/shared/zechuan/iraod_artifacts/comparison/xaf_student_quant_20260908/qualitative_manifests_b87f34e/roi/DIOR/cloudy/seed_43/SFYOLO/student,.67:/mnt/shared/zechuan/iraod_artifacts/comparison/xaf_student_quant_20260908/qualitative_manifests_b87f34e/roi_jobs.json,2026-09-12T02:08:19.355444+00:00
DIOR,contrast,AASFOD,43,ema,missing_export,11738,,,.67:/mnt/shared/zechuan/iraod_artifacts/comparison/xaf_student_quant_20260908/qualitative_manifests_b87f34e/roi/DIOR/contrast/seed_43/AASFOD/ema,.67:/mnt/shared/zechuan/iraod_artifacts/comparison/xaf_student_quant_20260908/qualitative_manifests_b87f34e/roi_jobs.json,2026-09-12T02:08:19.355735+00:00
DIOR,contrast,AASFOD,43,student,missing_export,11738,,,.67:/mnt/shared/zechuan/iraod_artifacts/comparison/xaf_student_quant_20260908/qualitative_manifests_b87f34e/roi/DIOR/contrast/seed_43/AASFOD/student,.67:/mnt/shared/zechuan/iraod_artifacts/comparison/xaf_student_quant_20260908/qualitative_manifests_b87f34e/roi_jobs.json,2026-09-12T02:08:19.356013+00:00
DIOR,contrast,IRG,43,ema,missing_export,11738,,,.67:/mnt/shared/zechuan/iraod_artifacts/comparison/xaf_student_quant_20260908/qualitative_manifests_b87f34e/roi/DIOR/contrast/seed_43/IRG/ema,.67:/mnt/shared/zechuan/iraod_artifacts/comparison/xaf_student_quant_20260908/qualitative_manifests_b87f34e/roi_jobs.json,2026-09-12T02:08:19.356222+00:00
DIOR,contrast,IRG,43,student,missing_export,11738,,,.67:/mnt/shared/zechuan/iraod_artifacts/comparison/xaf_student_quant_20260908/qualitative_manifests_b87f34e/roi/DIOR/contrast/seed_43/IRG/student,.67:/mnt/shared/zechuan/iraod_artifacts/comparison/xaf_student_quant_20260908/qualitative_manifests_b87f34e/roi_jobs.json,2026-09-12T02:08:19.356498+00:00
DIOR,contrast,LPLD,43,ema,missing_export,11738,,,.67:/mnt/shared/zechuan/iraod_artifacts/comparison/xaf_student_quant_20260908/qualitative_manifests_b87f34e/roi/DIOR/contrast/seed_43/LPLD/ema,.67:/mnt/shared/zechuan/iraod_artifacts/comparison/xaf_student_quant_20260908/qualitative_manifests_b87f34e/roi_jobs.json,2026-09-12T02:08:19.356792+00:00
DIOR,contrast,LPLD,43,student,missing_export,11738,,,.67:/mnt/shared/zechuan/iraod_artifacts/comparison/xaf_student_quant_20260908/qualitative_manifests_b87f34e/roi/DIOR/contrast/seed_43/LPLD/student,.67:/mnt/shared/zechuan/iraod_artifacts/comparison/xaf_student_quant_20260908/qualitative_manifests_b87f34e/roi_jobs.json,2026-09-12T02:08:19.357048+00:00
DIOR,contrast,SFUT,43,ema,missing_export,11738,,,.67:/mnt/shared/zechuan/iraod_artifacts/comparison/xaf_student_quant_20260908/qualitative_manifests_b87f34e/roi/DIOR/contrast/seed_43/SFUT/ema,.67:/mnt/shared/zechuan/iraod_artifacts/comparison/xaf_student_quant_20260908/qualitative_manifests_b87f34e/roi_jobs.json,2026-09-12T02:08:19.357327+00:00
DIOR,contrast,SFUT,43,student,missing_export,11738,,,.67:/mnt/shared/zechuan/iraod_artifacts/comparison/xaf_student_quant_20260908/qualitative_manifests_b87f34e/roi/DIOR/contrast/seed_43/SFUT/student,.67:/mnt/shared/zechuan/iraod_artifacts/comparison/xaf_student_quant_20260908/qualitative_manifests_b87f34e/roi_jobs.json,2026-09-12T02:08:19.357571+00:00
DIOR,contrast,SFYOLO,43,ema,missing_export,11738,,,.67:/mnt/shared/zechuan/iraod_artifacts/comparison/xaf_student_quant_20260908/qualitative_manifests_b87f34e/roi/DIOR/contrast/seed_43/SFYOLO/ema,.67:/mnt/shared/zechuan/iraod_artifacts/comparison/xaf_student_quant_20260908/qualitative_manifests_b87f34e/roi_jobs.json,2026-09-12T02:08:19.357827+00:00
DIOR,contrast,SFYOLO,43,student,missing_export,11738,,,.67:/mnt/shared/zechuan/iraod_artifacts/comparison/xaf_student_quant_20260908/qualitative_manifests_b87f34e/roi/DIOR/contrast/seed_43/SFYOLO/student,.67:/mnt/shared/zechuan/iraod_artifacts/comparison/xaf_student_quant_20260908/qualitative_manifests_b87f34e/roi_jobs.json,2026-09-12T02:08:19.358089+00:00
RSAR,am_noise_horizontal,AASFOD,43,ema,missing_export,8538,,,.67:/mnt/shared/zechuan/iraod_artifacts/comparison/xaf_student_quant_20260908/qualitative_manifests_b87f34e/roi/RSAR/am_noise_horizontal/seed_43/AASFOD/ema,.67:/mnt/shared/zechuan/iraod_artifacts/comparison/xaf_student_quant_20260908/qualitative_manifests_b87f34e/roi_jobs.json,2026-09-12T02:08:19.358311+00:00
RSAR,am_noise_horizontal,AASFOD,43,student,missing_export,8538,,,.67:/mnt/shared/zechuan/iraod_artifacts/comparison/xaf_student_quant_20260908/qualitative_manifests_b87f34e/roi/RSAR/am_noise_horizontal/seed_43/AASFOD/student,.67:/mnt/shared/zechuan/iraod_artifacts/comparison/xaf_student_quant_20260908/qualitative_manifests_b87f34e/roi_jobs.json,2026-09-12T02:08:19.358563+00:00
RSAR,am_noise_horizontal,IRG,43,ema,missing_export,8538,,,.67:/mnt/shared/zechuan/iraod_artifacts/comparison/xaf_student_quant_20260908/qualitative_manifests_b87f34e/roi/RSAR/am_noise_horizontal/seed_43/IRG/ema,.67:/mnt/shared/zechuan/iraod_artifacts/comparison/xaf_student_quant_20260908/qualitative_manifests_b87f34e/roi_jobs.json,2026-09-12T02:08:19.358872+00:00
RSAR,am_noise_horizontal,IRG,43,student,missing_export,8538,,,.67:/mnt/shared/zechuan/iraod_artifacts/comparison/xaf_student_quant_20260908/qualitative_manifests_b87f34e/roi/RSAR/am_noise_horizontal/seed_43/IRG/student,.67:/mnt/shared/zechuan/iraod_artifacts/comparison/xaf_student_quant_20260908/qualitative_manifests_b87f34e/roi_jobs.json,2026-09-12T02:08:19.359154+00:00
RSAR,am_noise_horizontal,LPLD,43,ema,missing_export,8538,,,.67:/mnt/shared/zechuan/iraod_artifacts/comparison/xaf_student_quant_20260908/qualitative_manifests_b87f34e/roi/RSAR/am_noise_horizontal/seed_43/LPLD/ema,.67:/mnt/shared/zechuan/iraod_artifacts/comparison/xaf_student_quant_20260908/qualitative_manifests_b87f34e/roi_jobs.json,2026-09-12T02:08:19.359371+00:00
RSAR,am_noise_horizontal,LPLD,43,student,missing_export,8538,,,.67:/mnt/shared/zechuan/iraod_artifacts/comparison/xaf_student_quant_20260908/qualitative_manifests_b87f34e/roi/RSAR/am_noise_horizontal/seed_43/LPLD/student,.67:/mnt/shared/zechuan/iraod_artifacts/comparison/xaf_student_quant_20260908/qualitative_manifests_b87f34e/roi_jobs.json,2026-09-12T02:08:19.359594+00:00
RSAR,am_noise_horizontal,SFUT,43,ema,missing_export,8538,,,.67:/mnt/shared/zechuan/iraod_artifacts/comparison/xaf_student_quant_20260908/qualitative_manifests_b87f34e/roi/RSAR/am_noise_horizontal/seed_43/SFUT/ema,.67:/mnt/shared/zechuan/iraod_artifacts/comparison/xaf_student_quant_20260908/qualitative_manifests_b87f34e/roi_jobs.json,2026-09-12T02:08:19.359865+00:00
RSAR,am_noise_horizontal,SFUT,43,student,missing_export,8538,,,.67:/mnt/shared/zechuan/iraod_artifacts/comparison/xaf_student_quant_20260908/qualitative_manifests_b87f34e/roi/RSAR/am_noise_horizontal/seed_43/SFUT/student,.67:/mnt/shared/zechuan/iraod_artifacts/comparison/xaf_student_quant_20260908/qualitative_manifests_b87f34e/roi_jobs.json,2026-09-12T02:08:19.360199+00:00
RSAR,am_noise_horizontal,SFYOLO,43,ema,missing_export,8538,,,.67:/mnt/shared/zechuan/iraod_artifacts/comparison/xaf_student_quant_20260908/qualitative_manifests_b87f34e/roi/RSAR/am_noise_horizontal/seed_43/SFYOLO/ema,.67:/mnt/shared/zechuan/iraod_artifacts/comparison/xaf_student_quant_20260908/qualitative_manifests_b87f34e/roi_jobs.json,2026-09-12T02:08:19.360493+00:00
RSAR,am_noise_horizontal,SFYOLO,43,student,missing_export,8538,,,.67:/mnt/shared/zechuan/iraod_artifacts/comparison/xaf_student_quant_20260908/qualitative_manifests_b87f34e/roi/RSAR/am_noise_horizontal/seed_43/SFYOLO/student,.67:/mnt/shared/zechuan/iraod_artifacts/comparison/xaf_student_quant_20260908/qualitative_manifests_b87f34e/roi_jobs.json,2026-09-12T02:08:19.360730+00:00
RSAR,am_noise_vertical,AASFOD,43,ema,missing_export,8538,,,.67:/mnt/shared/zechuan/iraod_artifacts/comparison/xaf_student_quant_20260908/qualitative_manifests_b87f34e/roi/RSAR/am_noise_vertical/seed_43/AASFOD/ema,.67:/mnt/shared/zechuan/iraod_artifacts/comparison/xaf_student_quant_20260908/qualitative_manifests_b87f34e/roi_jobs.json,2026-09-12T02:08:19.360995+00:00
RSAR,am_noise_vertical,AASFOD,43,student,missing_export,8538,,,.67:/mnt/shared/zechuan/iraod_artifacts/comparison/xaf_student_quant_20260908/qualitative_manifests_b87f34e/roi/RSAR/am_noise_vertical/seed_43/AASFOD/student,.67:/mnt/shared/zechuan/iraod_artifacts/comparison/xaf_student_quant_20260908/qualitative_manifests_b87f34e/roi_jobs.json,2026-09-12T02:08:19.361288+00:00
RSAR,am_noise_vertical,IRG,43,ema,missing_export,8538,,,.67:/mnt/shared/zechuan/iraod_artifacts/comparison/xaf_student_quant_20260908/qualitative_manifests_b87f34e/roi/RSAR/am_noise_vertical/seed_43/IRG/ema,.67:/mnt/shared/zechuan/iraod_artifacts/comparison/xaf_student_quant_20260908/qualitative_manifests_b87f34e/roi_jobs.json,2026-09-12T02:08:19.361561+00:00
RSAR,am_noise_vertical,IRG,43,student,missing_export,8538,,,.67:/mnt/shared/zechuan/iraod_artifacts/comparison/xaf_student_quant_20260908/qualitative_manifests_b87f34e/roi/RSAR/am_noise_vertical/seed_43/IRG/student,.67:/mnt/shared/zechuan/iraod_artifacts/comparison/xaf_student_quant_20260908/qualitative_manifests_b87f34e/roi_jobs.json,2026-09-12T02:08:19.361820+00:00
RSAR,am_noise_vertical,LPLD,43,ema,missing_export,8538,,,.67:/mnt/shared/zechuan/iraod_artifacts/comparison/xaf_student_quant_20260908/qualitative_manifests_b87f34e/roi/RSAR/am_noise_vertical/seed_43/LPLD/ema,.67:/mnt/shared/zechuan/iraod_artifacts/comparison/xaf_student_quant_20260908/qualitative_manifests_b87f34e/roi_jobs.json,2026-09-12T02:08:19.362152+00:00
RSAR,am_noise_vertical,LPLD,43,student,missing_export,8538,,,.67:/mnt/shared/zechuan/iraod_artifacts/comparison/xaf_student_quant_20260908/qualitative_manifests_b87f34e/roi/RSAR/am_noise_vertical/seed_43/LPLD/student,.67:/mnt/shared/zechuan/iraod_artifacts/comparison/xaf_student_quant_20260908/qualitative_manifests_b87f34e/roi_jobs.json,2026-09-12T02:08:19.362418+00:00
RSAR,am_noise_vertical,SFUT,43,ema,missing_export,8538,,,.67:/mnt/shared/zechuan/iraod_artifacts/comparison/xaf_student_quant_20260908/qualitative_manifests_b87f34e/roi/RSAR/am_noise_vertical/seed_43/SFUT/ema,.67:/mnt/shared/zechuan/iraod_artifacts/comparison/xaf_student_quant_20260908/qualitative_manifests_b87f34e/roi_jobs.json,2026-09-12T02:08:19.362728+00:00
RSAR,am_noise_vertical,SFUT,43,student,missing_export,8538,,,.67:/mnt/shared/zechuan/iraod_artifacts/comparison/xaf_student_quant_20260908/qualitative_manifests_b87f34e/roi/RSAR/am_noise_vertical/seed_43/SFUT/student,.67:/mnt/shared/zechuan/iraod_artifacts/comparison/xaf_student_quant_20260908/qualitative_manifests_b87f34e/roi_jobs.json,2026-09-12T02:08:19.362947+00:00
RSAR,am_noise_vertical,SFYOLO,43,ema,missing_export,8538,,,.67:/mnt/shared/zechuan/iraod_artifacts/comparison/xaf_student_quant_20260908/qualitative_manifests_b87f34e/roi/RSAR/am_noise_vertical/seed_43/SFYOLO/ema,.67:/mnt/shared/zechuan/iraod_artifacts/comparison/xaf_student_quant_20260908/qualitative_manifests_b87f34e/roi_jobs.json,2026-09-12T02:08:19.363200+00:00
RSAR,am_noise_vertical,SFYOLO,43,student,missing_export,8538,,,.67:/mnt/shared/zechuan/iraod_artifacts/comparison/xaf_student_quant_20260908/qualitative_manifests_b87f34e/roi/RSAR/am_noise_vertical/seed_43/SFYOLO/student,.67:/mnt/shared/zechuan/iraod_artifacts/comparison/xaf_student_quant_20260908/qualitative_manifests_b87f34e/roi_jobs.json,2026-09-12T02:08:19.363423+00:00
RSAR,chaff,AASFOD,43,ema,missing_export,8538,,,.67:/mnt/shared/zechuan/iraod_artifacts/comparison/xaf_student_quant_20260908/qualitative_manifests_b87f34e/roi/RSAR/chaff/seed_43/AASFOD/ema,.67:/mnt/shared/zechuan/iraod_artifacts/comparison/xaf_student_quant_20260908/qualitative_manifests_b87f34e/roi_jobs.json,2026-09-12T02:08:19.363689+00:00
RSAR,chaff,AASFOD,43,student,missing_export,8538,,,.67:/mnt/shared/zechuan/iraod_artifacts/comparison/xaf_student_quant_20260908/qualitative_manifests_b87f34e/roi/RSAR/chaff/seed_43/AASFOD/student,.67:/mnt/shared/zechuan/iraod_artifacts/comparison/xaf_student_quant_20260908/qualitative_manifests_b87f34e/roi_jobs.json,2026-09-12T02:08:19.363914+00:00
RSAR,chaff,IRG,43,ema,missing_export,8538,,,.67:/mnt/shared/zechuan/iraod_artifacts/comparison/xaf_student_quant_20260908/qualitative_manifests_b87f34e/roi/RSAR/chaff/seed_43/IRG/ema,.67:/mnt/shared/zechuan/iraod_artifacts/comparison/xaf_student_quant_20260908/qualitative_manifests_b87f34e/roi_jobs.json,2026-09-12T02:08:19.364186+00:00
RSAR,chaff,IRG,43,student,missing_export,8538,,,.67:/mnt/shared/zechuan/iraod_artifacts/comparison/xaf_student_quant_20260908/qualitative_manifests_b87f34e/roi/RSAR/chaff/seed_43/IRG/student,.67:/mnt/shared/zechuan/iraod_artifacts/comparison/xaf_student_quant_20260908/qualitative_manifests_b87f34e/roi_jobs.json,2026-09-12T02:08:19.364430+00:00
RSAR,chaff,LPLD,43,ema,missing_export,8538,,,.67:/mnt/shared/zechuan/iraod_artifacts/comparison/xaf_student_quant_20260908/qualitative_manifests_b87f34e/roi/RSAR/chaff/seed_43/LPLD/ema,.67:/mnt/shared/zechuan/iraod_artifacts/comparison/xaf_student_quant_20260908/qualitative_manifests_b87f34e/roi_jobs.json,2026-09-12T02:08:19.364687+00:00
RSAR,chaff,LPLD,43,student,missing_export,8538,,,.67:/mnt/shared/zechuan/iraod_artifacts/comparison/xaf_student_quant_20260908/qualitative_manifests_b87f34e/roi/RSAR/chaff/seed_43/LPLD/student,.67:/mnt/shared/zechuan/iraod_artifacts/comparison/xaf_student_quant_20260908/qualitative_manifests_b87f34e/roi_jobs.json,2026-09-12T02:08:19.364978+00:00
RSAR,chaff,SFUT,43,ema,missing_export,8538,,,.67:/mnt/shared/zechuan/iraod_artifacts/comparison/xaf_student_quant_20260908/qualitative_manifests_b87f34e/roi/RSAR/chaff/seed_43/SFUT/ema,.67:/mnt/shared/zechuan/iraod_artifacts/comparison/xaf_student_quant_20260908/qualitative_manifests_b87f34e/roi_jobs.json,2026-09-12T02:08:19.365204+00:00
RSAR,chaff,SFUT,43,student,missing_export,8538,,,.67:/mnt/shared/zechuan/iraod_artifacts/comparison/xaf_student_quant_20260908/qualitative_manifests_b87f34e/roi/RSAR/chaff/seed_43/SFUT/student,.67:/mnt/shared/zechuan/iraod_artifacts/comparison/xaf_student_quant_20260908/qualitative_manifests_b87f34e/roi_jobs.json,2026-09-12T02:08:19.365451+00:00
RSAR,chaff,SFYOLO,43,ema,missing_export,8538,,,.67:/mnt/shared/zechuan/iraod_artifacts/comparison/xaf_student_quant_20260908/qualitative_manifests_b87f34e/roi/RSAR/chaff/seed_43/SFYOLO/ema,.67:/mnt/shared/zechuan/iraod_artifacts/comparison/xaf_student_quant_20260908/qualitative_manifests_b87f34e/roi_jobs.json,2026-09-12T02:08:19.365718+00:00
RSAR,chaff,SFYOLO,43,student,missing_export,8538,,,.67:/mnt/shared/zechuan/iraod_artifacts/comparison/xaf_student_quant_20260908/qualitative_manifests_b87f34e/roi/RSAR/chaff/seed_43/SFYOLO/student,.67:/mnt/shared/zechuan/iraod_artifacts/comparison/xaf_student_quant_20260908/qualitative_manifests_b87f34e/roi_jobs.json,2026-09-12T02:08:19.366002+00:00
RSAR,clean,AASFOD,43,ema,missing_export,8538,,,.67:/mnt/shared/zechuan/iraod_artifacts/comparison/xaf_student_quant_20260908/qualitative_manifests_b87f34e/roi/RSAR/clean/seed_43/AASFOD/ema,.67:/mnt/shared/zechuan/iraod_artifacts/comparison/xaf_student_quant_20260908/qualitative_manifests_b87f34e/roi_jobs.json,2026-09-12T02:08:19.366261+00:00
RSAR,clean,AASFOD,43,student,missing_export,8538,,,.67:/mnt/shared/zechuan/iraod_artifacts/comparison/xaf_student_quant_20260908/qualitative_manifests_b87f34e/roi/RSAR/clean/seed_43/AASFOD/student,.67:/mnt/shared/zechuan/iraod_artifacts/comparison/xaf_student_quant_20260908/qualitative_manifests_b87f34e/roi_jobs.json,2026-09-12T02:08:19.366540+00:00
RSAR,clean,IRG,43,ema,missing_export,8538,,,.67:/mnt/shared/zechuan/iraod_artifacts/comparison/xaf_student_quant_20260908/qualitative_manifests_b87f34e/roi/RSAR/clean/seed_43/IRG/ema,.67:/mnt/shared/zechuan/iraod_artifacts/comparison/xaf_student_quant_20260908/qualitative_manifests_b87f34e/roi_jobs.json,2026-09-12T02:08:19.366822+00:00
RSAR,clean,IRG,43,student,missing_export,8538,,,.67:/mnt/shared/zechuan/iraod_artifacts/comparison/xaf_student_quant_20260908/qualitative_manifests_b87f34e/roi/RSAR/clean/seed_43/IRG/student,.67:/mnt/shared/zechuan/iraod_artifacts/comparison/xaf_student_quant_20260908/qualitative_manifests_b87f34e/roi_jobs.json,2026-09-12T02:08:19.367094+00:00
RSAR,clean,LPLD,43,ema,missing_export,8538,,,.67:/mnt/shared/zechuan/iraod_artifacts/comparison/xaf_student_quant_20260908/qualitative_manifests_b87f34e/roi/RSAR/clean/seed_43/LPLD/ema,.67:/mnt/shared/zechuan/iraod_artifacts/comparison/xaf_student_quant_20260908/qualitative_manifests_b87f34e/roi_jobs.json,2026-09-12T02:08:19.367370+00:00
RSAR,clean,LPLD,43,student,missing_export,8538,,,.67:/mnt/shared/zechuan/iraod_artifacts/comparison/xaf_student_quant_20260908/qualitative_manifests_b87f34e/roi/RSAR/clean/seed_43/LPLD/student,.67:/mnt/shared/zechuan/iraod_artifacts/comparison/xaf_student_quant_20260908/qualitative_manifests_b87f34e/roi_jobs.json,2026-09-12T02:08:19.367750+00:00
RSAR,clean,SFUT,43,ema,missing_export,8538,,,.67:/mnt/shared/zechuan/iraod_artifacts/comparison/xaf_student_quant_20260908/qualitative_manifests_b87f34e/roi/RSAR/clean/seed_43/SFUT/ema,.67:/mnt/shared/zechuan/iraod_artifacts/comparison/xaf_student_quant_20260908/qualitative_manifests_b87f34e/roi_jobs.json,2026-09-12T02:08:19.368044+00:00
RSAR,clean,SFUT,43,student,missing_export,8538,,,.67:/mnt/shared/zechuan/iraod_artifacts/comparison/xaf_student_quant_20260908/qualitative_manifests_b87f34e/roi/RSAR/clean/seed_43/SFUT/student,.67:/mnt/shared/zechuan/iraod_artifacts/comparison/xaf_student_quant_20260908/qualitative_manifests_b87f34e/roi_jobs.json,2026-09-12T02:08:19.368320+00:00
RSAR,clean,SFYOLO,43,ema,missing_export,8538,,,.67:/mnt/shared/zechuan/iraod_artifacts/comparison/xaf_student_quant_20260908/qualitative_manifests_b87f34e/roi/RSAR/clean/seed_43/SFYOLO/ema,.67:/mnt/shared/zechuan/iraod_artifacts/comparison/xaf_student_quant_20260908/qualitative_manifests_b87f34e/roi_jobs.json,2026-09-12T02:08:19.368683+00:00
RSAR,clean,SFYOLO,43,student,missing_export,8538,,,.67:/mnt/shared/zechuan/iraod_artifacts/comparison/xaf_student_quant_20260908/qualitative_manifests_b87f34e/roi/RSAR/clean/seed_43/SFYOLO/student,.67:/mnt/shared/zechuan/iraod_artifacts/comparison/xaf_student_quant_20260908/qualitative_manifests_b87f34e/roi_jobs.json,2026-09-12T02:08:19.368954+00:00
RSAR,gaussian_white_noise,AASFOD,43,ema,missing_export,8538,,,.67:/mnt/shared/zechuan/iraod_artifacts/comparison/xaf_student_quant_20260908/qualitative_manifests_b87f34e/roi/RSAR/gaussian_white_noise/seed_43/AASFOD/ema,.67:/mnt/shared/zechuan/iraod_artifacts/comparison/xaf_student_quant_20260908/qualitative_manifests_b87f34e/roi_jobs.json,2026-09-12T02:08:19.369275+00:00
RSAR,gaussian_white_noise,AASFOD,43,student,missing_export,8538,,,.67:/mnt/shared/zechuan/iraod_artifacts/comparison/xaf_student_quant_20260908/qualitative_manifests_b87f34e/roi/RSAR/gaussian_white_noise/seed_43/AASFOD/student,.67:/mnt/shared/zechuan/iraod_artifacts/comparison/xaf_student_quant_20260908/qualitative_manifests_b87f34e/roi_jobs.json,2026-09-12T02:08:19.369565+00:00
RSAR,gaussian_white_noise,IRG,43,ema,missing_export,8538,,,.67:/mnt/shared/zechuan/iraod_artifacts/comparison/xaf_student_quant_20260908/qualitative_manifests_b87f34e/roi/RSAR/gaussian_white_noise/seed_43/IRG/ema,.67:/mnt/shared/zechuan/iraod_artifacts/comparison/xaf_student_quant_20260908/qualitative_manifests_b87f34e/roi_jobs.json,2026-09-12T02:08:19.369799+00:00
RSAR,gaussian_white_noise,IRG,43,student,missing_export,8538,,,.67:/mnt/shared/zechuan/iraod_artifacts/comparison/xaf_student_quant_20260908/qualitative_manifests_b87f34e/roi/RSAR/gaussian_white_noise/seed_43/IRG/student,.67:/mnt/shared/zechuan/iraod_artifacts/comparison/xaf_student_quant_20260908/qualitative_manifests_b87f34e/roi_jobs.json,2026-09-12T02:08:19.370000+00:00
RSAR,gaussian_white_noise,LPLD,43,ema,missing_export,8538,,,.67:/mnt/shared/zechuan/iraod_artifacts/comparison/xaf_student_quant_20260908/qualitative_manifests_b87f34e/roi/RSAR/gaussian_white_noise/seed_43/LPLD/ema,.67:/mnt/shared/zechuan/iraod_artifacts/comparison/xaf_student_quant_20260908/qualitative_manifests_b87f34e/roi_jobs.json,2026-09-12T02:08:19.370250+00:00
RSAR,gaussian_white_noise,LPLD,43,student,missing_export,8538,,,.67:/mnt/shared/zechuan/iraod_artifacts/comparison/xaf_student_quant_20260908/qualitative_manifests_b87f34e/roi/RSAR/gaussian_white_noise/seed_43/LPLD/student,.67:/mnt/shared/zechuan/iraod_artifacts/comparison/xaf_student_quant_20260908/qualitative_manifests_b87f34e/roi_jobs.json,2026-09-12T02:08:19.370543+00:00
RSAR,gaussian_white_noise,SFUT,43,ema,missing_export,8538,,,.67:/mnt/shared/zechuan/iraod_artifacts/comparison/xaf_student_quant_20260908/qualitative_manifests_b87f34e/roi/RSAR/gaussian_white_noise/seed_43/SFUT/ema,.67:/mnt/shared/zechuan/iraod_artifacts/comparison/xaf_student_quant_20260908/qualitative_manifests_b87f34e/roi_jobs.json,2026-09-12T02:08:19.370828+00:00
RSAR,gaussian_white_noise,SFUT,43,student,missing_export,8538,,,.67:/mnt/shared/zechuan/iraod_artifacts/comparison/xaf_student_quant_20260908/qualitative_manifests_b87f34e/roi/RSAR/gaussian_white_noise/seed_43/SFUT/student,.67:/mnt/shared/zechuan/iraod_artifacts/comparison/xaf_student_quant_20260908/qualitative_manifests_b87f34e/roi_jobs.json,2026-09-12T02:08:19.371085+00:00
RSAR,gaussian_white_noise,SFYOLO,43,ema,missing_export,8538,,,.67:/mnt/shared/zechuan/iraod_artifacts/comparison/xaf_student_quant_20260908/qualitative_manifests_b87f34e/roi/RSAR/gaussian_white_noise/seed_43/SFYOLO/ema,.67:/mnt/shared/zechuan/iraod_artifacts/comparison/xaf_student_quant_20260908/qualitative_manifests_b87f34e/roi_jobs.json,2026-09-12T02:08:19.371342+00:00
RSAR,gaussian_white_noise,SFYOLO,43,student,missing_export,8538,,,.67:/mnt/shared/zechuan/iraod_artifacts/comparison/xaf_student_quant_20260908/qualitative_manifests_b87f34e/roi/RSAR/gaussian_white_noise/seed_43/SFYOLO/student,.67:/mnt/shared/zechuan/iraod_artifacts/comparison/xaf_student_quant_20260908/qualitative_manifests_b87f34e/roi_jobs.json,2026-09-12T02:08:19.371661+00:00
RSAR,noise_suppression,AASFOD,43,ema,missing_export,8538,,,.67:/mnt/shared/zechuan/iraod_artifacts/comparison/xaf_student_quant_20260908/qualitative_manifests_b87f34e/roi/RSAR/noise_suppression/seed_43/AASFOD/ema,.67:/mnt/shared/zechuan/iraod_artifacts/comparison/xaf_student_quant_20260908/qualitative_manifests_b87f34e/roi_jobs.json,2026-09-12T02:08:19.371930+00:00
RSAR,noise_suppression,AASFOD,43,student,missing_export,8538,,,.67:/mnt/shared/zechuan/iraod_artifacts/comparison/xaf_student_quant_20260908/qualitative_manifests_b87f34e/roi/RSAR/noise_suppression/seed_43/AASFOD/student,.67:/mnt/shared/zechuan/iraod_artifacts/comparison/xaf_student_quant_20260908/qualitative_manifests_b87f34e/roi_jobs.json,2026-09-12T02:08:19.372206+00:00
RSAR,noise_suppression,IRG,43,ema,missing_export,8538,,,.67:/mnt/shared/zechuan/iraod_artifacts/comparison/xaf_student_quant_20260908/qualitative_manifests_b87f34e/roi/RSAR/noise_suppression/seed_43/IRG/ema,.67:/mnt/shared/zechuan/iraod_artifacts/comparison/xaf_student_quant_20260908/qualitative_manifests_b87f34e/roi_jobs.json,2026-09-12T02:08:19.372542+00:00
RSAR,noise_suppression,IRG,43,student,missing_export,8538,,,.67:/mnt/shared/zechuan/iraod_artifacts/comparison/xaf_student_quant_20260908/qualitative_manifests_b87f34e/roi/RSAR/noise_suppression/seed_43/IRG/student,.67:/mnt/shared/zechuan/iraod_artifacts/comparison/xaf_student_quant_20260908/qualitative_manifests_b87f34e/roi_jobs.json,2026-09-12T02:08:19.372791+00:00
RSAR,noise_suppression,LPLD,43,ema,missing_export,8538,,,.67:/mnt/shared/zechuan/iraod_artifacts/comparison/xaf_student_quant_20260908/qualitative_manifests_b87f34e/roi/RSAR/noise_suppression/seed_43/LPLD/ema,.67:/mnt/shared/zechuan/iraod_artifacts/comparison/xaf_student_quant_20260908/qualitative_manifests_b87f34e/roi_jobs.json,2026-09-12T02:08:19.373104+00:00
RSAR,noise_suppression,LPLD,43,student,missing_export,8538,,,.67:/mnt/shared/zechuan/iraod_artifacts/comparison/xaf_student_quant_20260908/qualitative_manifests_b87f34e/roi/RSAR/noise_suppression/seed_43/LPLD/student,.67:/mnt/shared/zechuan/iraod_artifacts/comparison/xaf_student_quant_20260908/qualitative_manifests_b87f34e/roi_jobs.json,2026-09-12T02:08:19.373388+00:00
RSAR,noise_suppression,SFUT,43,ema,missing_export,8538,,,.67:/mnt/shared/zechuan/iraod_artifacts/comparison/xaf_student_quant_20260908/qualitative_manifests_b87f34e/roi/RSAR/noise_suppression/seed_43/SFUT/ema,.67:/mnt/shared/zechuan/iraod_artifacts/comparison/xaf_student_quant_20260908/qualitative_manifests_b87f34e/roi_jobs.json,2026-09-12T02:08:19.373666+00:00
RSAR,noise_suppression,SFUT,43,student,missing_export,8538,,,.67:/mnt/shared/zechuan/iraod_artifacts/comparison/xaf_student_quant_20260908/qualitative_manifests_b87f34e/roi/RSAR/noise_suppression/seed_43/SFUT/student,.67:/mnt/shared/zechuan/iraod_artifacts/comparison/xaf_student_quant_20260908/qualitative_manifests_b87f34e/roi_jobs.json,2026-09-12T02:08:19.373925+00:00
RSAR,noise_suppression,SFYOLO,43,ema,missing_export,8538,,,.67:/mnt/shared/zechuan/iraod_artifacts/comparison/xaf_student_quant_20260908/qualitative_manifests_b87f34e/roi/RSAR/noise_suppression/seed_43/SFYOLO/ema,.67:/mnt/shared/zechuan/iraod_artifacts/comparison/xaf_student_quant_20260908/qualitative_manifests_b87f34e/roi_jobs.json,2026-09-12T02:08:19.374208+00:00
RSAR,noise_suppression,SFYOLO,43,student,missing_export,8538,,,.67:/mnt/shared/zechuan/iraod_artifacts/comparison/xaf_student_quant_20260908/qualitative_manifests_b87f34e/roi/RSAR/noise_suppression/seed_43/SFYOLO/student,.67:/mnt/shared/zechuan/iraod_artifacts/comparison/xaf_student_quant_20260908/qualitative_manifests_b87f34e/roi_jobs.json,2026-09-12T02:08:19.374463+00:00
RSAR,point_target,AASFOD,43,ema,missing_export,8538,,,.67:/mnt/shared/zechuan/iraod_artifacts/comparison/xaf_student_quant_20260908/qualitative_manifests_b87f34e/roi/RSAR/point_target/seed_43/AASFOD/ema,.67:/mnt/shared/zechuan/iraod_artifacts/comparison/xaf_student_quant_20260908/qualitative_manifests_b87f34e/roi_jobs.json,2026-09-12T02:08:19.374706+00:00
RSAR,point_target,AASFOD,43,student,missing_export,8538,,,.67:/mnt/shared/zechuan/iraod_artifacts/comparison/xaf_student_quant_20260908/qualitative_manifests_b87f34e/roi/RSAR/point_target/seed_43/AASFOD/student,.67:/mnt/shared/zechuan/iraod_artifacts/comparison/xaf_student_quant_20260908/qualitative_manifests_b87f34e/roi_jobs.json,2026-09-12T02:08:19.374996+00:00
RSAR,point_target,IRG,43,ema,missing_export,8538,,,.67:/mnt/shared/zechuan/iraod_artifacts/comparison/xaf_student_quant_20260908/qualitative_manifests_b87f34e/roi/RSAR/point_target/seed_43/IRG/ema,.67:/mnt/shared/zechuan/iraod_artifacts/comparison/xaf_student_quant_20260908/qualitative_manifests_b87f34e/roi_jobs.json,2026-09-12T02:08:19.375232+00:00
RSAR,point_target,IRG,43,student,missing_export,8538,,,.67:/mnt/shared/zechuan/iraod_artifacts/comparison/xaf_student_quant_20260908/qualitative_manifests_b87f34e/roi/RSAR/point_target/seed_43/IRG/student,.67:/mnt/shared/zechuan/iraod_artifacts/comparison/xaf_student_quant_20260908/qualitative_manifests_b87f34e/roi_jobs.json,2026-09-12T02:08:19.375535+00:00
RSAR,point_target,LPLD,43,ema,missing_export,8538,,,.67:/mnt/shared/zechuan/iraod_artifacts/comparison/xaf_student_quant_20260908/qualitative_manifests_b87f34e/roi/RSAR/point_target/seed_43/LPLD/ema,.67:/mnt/shared/zechuan/iraod_artifacts/comparison/xaf_student_quant_20260908/qualitative_manifests_b87f34e/roi_jobs.json,2026-09-12T02:08:19.375796+00:00
RSAR,point_target,LPLD,43,student,missing_export,8538,,,.67:/mnt/shared/zechuan/iraod_artifacts/comparison/xaf_student_quant_20260908/qualitative_manifests_b87f34e/roi/RSAR/point_target/seed_43/LPLD/student,.67:/mnt/shared/zechuan/iraod_artifacts/comparison/xaf_student_quant_20260908/qualitative_manifests_b87f34e/roi_jobs.json,2026-09-12T02:08:19.376017+00:00
RSAR,point_target,SFUT,43,ema,missing_export,8538,,,.67:/mnt/shared/zechuan/iraod_artifacts/comparison/xaf_student_quant_20260908/qualitative_manifests_b87f34e/roi/RSAR/point_target/seed_43/SFUT/ema,.67:/mnt/shared/zechuan/iraod_artifacts/comparison/xaf_student_quant_20260908/qualitative_manifests_b87f34e/roi_jobs.json,2026-09-12T02:08:19.376241+00:00
RSAR,point_target,SFUT,43,student,missing_export,8538,,,.67:/mnt/shared/zechuan/iraod_artifacts/comparison/xaf_student_quant_20260908/qualitative_manifests_b87f34e/roi/RSAR/point_target/seed_43/SFUT/student,.67:/mnt/shared/zechuan/iraod_artifacts/comparison/xaf_student_quant_20260908/qualitative_manifests_b87f34e/roi_jobs.json,2026-09-12T02:08:19.376512+00:00
RSAR,point_target,SFYOLO,43,ema,missing_export,8538,,,.67:/mnt/shared/zechuan/iraod_artifacts/comparison/xaf_student_quant_20260908/qualitative_manifests_b87f34e/roi/RSAR/point_target/seed_43/SFYOLO/ema,.67:/mnt/shared/zechuan/iraod_artifacts/comparison/xaf_student_quant_20260908/qualitative_manifests_b87f34e/roi_jobs.json,2026-09-12T02:08:19.376773+00:00
RSAR,point_target,SFYOLO,43,student,missing_export,8538,,,.67:/mnt/shared/zechuan/iraod_artifacts/comparison/xaf_student_quant_20260908/qualitative_manifests_b87f34e/roi/RSAR/point_target/seed_43/SFYOLO/student,.67:/mnt/shared/zechuan/iraod_artifacts/comparison/xaf_student_quant_20260908/qualitative_manifests_b87f34e/roi_jobs.json,2026-09-12T02:08:19.377030+00:00
RSAR,smart_suppression,AASFOD,43,ema,missing_export,8538,,,.67:/mnt/shared/zechuan/iraod_artifacts/comparison/xaf_student_quant_20260908/qualitative_manifests_b87f34e/roi/RSAR/smart_suppression/seed_43/AASFOD/ema,.67:/mnt/shared/zechuan/iraod_artifacts/comparison/xaf_student_quant_20260908/qualitative_manifests_b87f34e/roi_jobs.json,2026-09-12T02:08:19.377251+00:00
RSAR,smart_suppression,AASFOD,43,student,missing_export,8538,,,.67:/mnt/shared/zechuan/iraod_artifacts/comparison/xaf_student_quant_20260908/qualitative_manifests_b87f34e/roi/RSAR/smart_suppression/seed_43/AASFOD/student,.67:/mnt/shared/zechuan/iraod_artifacts/comparison/xaf_student_quant_20260908/qualitative_manifests_b87f34e/roi_jobs.json,2026-09-12T02:08:19.377540+00:00
RSAR,smart_suppression,IRG,43,ema,missing_export,8538,,,.67:/mnt/shared/zechuan/iraod_artifacts/comparison/xaf_student_quant_20260908/qualitative_manifests_b87f34e/roi/RSAR/smart_suppression/seed_43/IRG/ema,.67:/mnt/shared/zechuan/iraod_artifacts/comparison/xaf_student_quant_20260908/qualitative_manifests_b87f34e/roi_jobs.json,2026-09-12T02:08:19.377848+00:00
RSAR,smart_suppression,IRG,43,student,missing_export,8538,,,.67:/mnt/shared/zechuan/iraod_artifacts/comparison/xaf_student_quant_20260908/qualitative_manifests_b87f34e/roi/RSAR/smart_suppression/seed_43/IRG/student,.67:/mnt/shared/zechuan/iraod_artifacts/comparison/xaf_student_quant_20260908/qualitative_manifests_b87f34e/roi_jobs.json,2026-09-12T02:08:19.378123+00:00
RSAR,smart_suppression,LPLD,43,ema,missing_export,8538,,,.67:/mnt/shared/zechuan/iraod_artifacts/comparison/xaf_student_quant_20260908/qualitative_manifests_b87f34e/roi/RSAR/smart_suppression/seed_43/LPLD/ema,.67:/mnt/shared/zechuan/iraod_artifacts/comparison/xaf_student_quant_20260908/qualitative_manifests_b87f34e/roi_jobs.json,2026-09-12T02:08:19.378383+00:00
RSAR,smart_suppression,LPLD,43,student,missing_export,8538,,,.67:/mnt/shared/zechuan/iraod_artifacts/comparison/xaf_student_quant_20260908/qualitative_manifests_b87f34e/roi/RSAR/smart_suppression/seed_43/LPLD/student,.67:/mnt/shared/zechuan/iraod_artifacts/comparison/xaf_student_quant_20260908/qualitative_manifests_b87f34e/roi_jobs.json,2026-09-12T02:08:19.378655+00:00
RSAR,smart_suppression,SFUT,43,ema,missing_export,8538,,,.67:/mnt/shared/zechuan/iraod_artifacts/comparison/xaf_student_quant_20260908/qualitative_manifests_b87f34e/roi/RSAR/smart_suppression/seed_43/SFUT/ema,.67:/mnt/shared/zechuan/iraod_artifacts/comparison/xaf_student_quant_20260908/qualitative_manifests_b87f34e/roi_jobs.json,2026-09-12T02:08:19.378954+00:00
RSAR,smart_suppression,SFUT,43,student,missing_export,8538,,,.67:/mnt/shared/zechuan/iraod_artifacts/comparison/xaf_student_quant_20260908/qualitative_manifests_b87f34e/roi/RSAR/smart_suppression/seed_43/SFUT/student,.67:/mnt/shared/zechuan/iraod_artifacts/comparison/xaf_student_quant_20260908/qualitative_manifests_b87f34e/roi_jobs.json,2026-09-12T02:08:19.379216+00:00
RSAR,smart_suppression,SFYOLO,43,ema,missing_export,8538,,,.67:/mnt/shared/zechuan/iraod_artifacts/comparison/xaf_student_quant_20260908/qualitative_manifests_b87f34e/roi/RSAR/smart_suppression/seed_43/SFYOLO/ema,.67:/mnt/shared/zechuan/iraod_artifacts/comparison/xaf_student_quant_20260908/qualitative_manifests_b87f34e/roi_jobs.json,2026-09-12T02:08:19.379501+00:00
RSAR,smart_suppression,SFYOLO,43,student,missing_export,8538,,,.67:/mnt/shared/zechuan/iraod_artifacts/comparison/xaf_student_quant_20260908/qualitative_manifests_b87f34e/roi/RSAR/smart_suppression/seed_43/SFYOLO/student,.67:/mnt/shared/zechuan/iraod_artifacts/comparison/xaf_student_quant_20260908/qualitative_manifests_b87f34e/roi_jobs.json,2026-09-12T02:08:19.379786+00:00
DIOR,brightness,AASFOD,44,ema,missing_export,11738,,,.67:/mnt/shared/zechuan/iraod_artifacts/comparison/xaf_student_quant_20260908/qualitative_manifests_b87f34e/roi/DIOR/brightness/seed_44/AASFOD/ema,.67:/mnt/shared/zechuan/iraod_artifacts/comparison/xaf_student_quant_20260908/qualitative_manifests_b87f34e/roi_jobs.json,2026-09-12T02:08:19.380089+00:00
DIOR,brightness,AASFOD,44,student,missing_export,11738,,,.67:/mnt/shared/zechuan/iraod_artifacts/comparison/xaf_student_quant_20260908/qualitative_manifests_b87f34e/roi/DIOR/brightness/seed_44/AASFOD/student,.67:/mnt/shared/zechuan/iraod_artifacts/comparison/xaf_student_quant_20260908/qualitative_manifests_b87f34e/roi_jobs.json,2026-09-12T02:08:19.380377+00:00
DIOR,brightness,IRG,44,ema,missing_export,11738,,,.67:/mnt/shared/zechuan/iraod_artifacts/comparison/xaf_student_quant_20260908/qualitative_manifests_b87f34e/roi/DIOR/brightness/seed_44/IRG/ema,.67:/mnt/shared/zechuan/iraod_artifacts/comparison/xaf_student_quant_20260908/qualitative_manifests_b87f34e/roi_jobs.json,2026-09-12T02:08:19.380677+00:00
DIOR,brightness,IRG,44,student,missing_export,11738,,,.67:/mnt/shared/zechuan/iraod_artifacts/comparison/xaf_student_quant_20260908/qualitative_manifests_b87f34e/roi/DIOR/brightness/seed_44/IRG/student,.67:/mnt/shared/zechuan/iraod_artifacts/comparison/xaf_student_quant_20260908/qualitative_manifests_b87f34e/roi_jobs.json,2026-09-12T02:08:19.380930+00:00
DIOR,brightness,LPLD,44,ema,missing_export,11738,,,.67:/mnt/shared/zechuan/iraod_artifacts/comparison/xaf_student_quant_20260908/qualitative_manifests_b87f34e/roi/DIOR/brightness/seed_44/LPLD/ema,.67:/mnt/shared/zechuan/iraod_artifacts/comparison/xaf_student_quant_20260908/qualitative_manifests_b87f34e/roi_jobs.json,2026-09-12T02:08:19.381222+00:00
DIOR,brightness,LPLD,44,student,missing_export,11738,,,.67:/mnt/shared/zechuan/iraod_artifacts/comparison/xaf_student_quant_20260908/qualitative_manifests_b87f34e/roi/DIOR/brightness/seed_44/LPLD/student,.67:/mnt/shared/zechuan/iraod_artifacts/comparison/xaf_student_quant_20260908/qualitative_manifests_b87f34e/roi_jobs.json,2026-09-12T02:08:19.381467+00:00
DIOR,brightness,SFUT,44,ema,missing_export,11738,,,.67:/mnt/shared/zechuan/iraod_artifacts/comparison/xaf_student_quant_20260908/qualitative_manifests_b87f34e/roi/DIOR/brightness/seed_44/SFUT/ema,.67:/mnt/shared/zechuan/iraod_artifacts/comparison/xaf_student_quant_20260908/qualitative_manifests_b87f34e/roi_jobs.json,2026-09-12T02:08:19.381714+00:00
DIOR,brightness,SFUT,44,student,missing_export,11738,,,.67:/mnt/shared/zechuan/iraod_artifacts/comparison/xaf_student_quant_20260908/qualitative_manifests_b87f34e/roi/DIOR/brightness/seed_44/SFUT/student,.67:/mnt/shared/zechuan/iraod_artifacts/comparison/xaf_student_quant_20260908/qualitative_manifests_b87f34e/roi_jobs.json,2026-09-12T02:08:19.381970+00:00
DIOR,brightness,SFYOLO,44,ema,missing_export,11738,,,.67:/mnt/shared/zechuan/iraod_artifacts/comparison/xaf_student_quant_20260908/qualitative_manifests_b87f34e/roi/DIOR/brightness/seed_44/SFYOLO/ema,.67:/mnt/shared/zechuan/iraod_artifacts/comparison/xaf_student_quant_20260908/qualitative_manifests_b87f34e/roi_jobs.json,2026-09-12T02:08:19.382251+00:00
DIOR,brightness,SFYOLO,44,student,missing_export,11738,,,.67:/mnt/shared/zechuan/iraod_artifacts/comparison/xaf_student_quant_20260908/qualitative_manifests_b87f34e/roi/DIOR/brightness/seed_44/SFYOLO/student,.67:/mnt/shared/zechuan/iraod_artifacts/comparison/xaf_student_quant_20260908/qualitative_manifests_b87f34e/roi_jobs.json,2026-09-12T02:08:19.382631+00:00
DIOR,clean,AASFOD,44,ema,missing_export,11738,,,.67:/mnt/shared/zechuan/iraod_artifacts/comparison/xaf_student_quant_20260908/qualitative_manifests_b87f34e/roi/DIOR/clean/seed_44/AASFOD/ema,.67:/mnt/shared/zechuan/iraod_artifacts/comparison/xaf_student_quant_20260908/qualitative_manifests_b87f34e/roi_jobs.json,2026-09-12T02:08:19.382891+00:00
DIOR,clean,AASFOD,44,student,missing_export,11738,,,.67:/mnt/shared/zechuan/iraod_artifacts/comparison/xaf_student_quant_20260908/qualitative_manifests_b87f34e/roi/DIOR/clean/seed_44/AASFOD/student,.67:/mnt/shared/zechuan/iraod_artifacts/comparison/xaf_student_quant_20260908/qualitative_manifests_b87f34e/roi_jobs.json,2026-09-12T02:08:19.383243+00:00
DIOR,clean,IRG,44,ema,missing_export,11738,,,.67:/mnt/shared/zechuan/iraod_artifacts/comparison/xaf_student_quant_20260908/qualitative_manifests_b87f34e/roi/DIOR/clean/seed_44/IRG/ema,.67:/mnt/shared/zechuan/iraod_artifacts/comparison/xaf_student_quant_20260908/qualitative_manifests_b87f34e/roi_jobs.json,2026-09-12T02:08:19.383535+00:00
DIOR,clean,IRG,44,student,missing_export,11738,,,.67:/mnt/shared/zechuan/iraod_artifacts/comparison/xaf_student_quant_20260908/qualitative_manifests_b87f34e/roi/DIOR/clean/seed_44/IRG/student,.67:/mnt/shared/zechuan/iraod_artifacts/comparison/xaf_student_quant_20260908/qualitative_manifests_b87f34e/roi_jobs.json,2026-09-12T02:08:19.383792+00:00
DIOR,clean,LPLD,44,ema,missing_export,11738,,,.67:/mnt/shared/zechuan/iraod_artifacts/comparison/xaf_student_quant_20260908/qualitative_manifests_b87f34e/roi/DIOR/clean/seed_44/LPLD/ema,.67:/mnt/shared/zechuan/iraod_artifacts/comparison/xaf_student_quant_20260908/qualitative_manifests_b87f34e/roi_jobs.json,2026-09-12T02:08:19.384054+00:00
DIOR,clean,LPLD,44,student,missing_export,11738,,,.67:/mnt/shared/zechuan/iraod_artifacts/comparison/xaf_student_quant_20260908/qualitative_manifests_b87f34e/roi/DIOR/clean/seed_44/LPLD/student,.67:/mnt/shared/zechuan/iraod_artifacts/comparison/xaf_student_quant_20260908/qualitative_manifests_b87f34e/roi_jobs.json,2026-09-12T02:08:19.384339+00:00
DIOR,clean,SFUT,44,ema,missing_export,11738,,,.67:/mnt/shared/zechuan/iraod_artifacts/comparison/xaf_student_quant_20260908/qualitative_manifests_b87f34e/roi/DIOR/clean/seed_44/SFUT/ema,.67:/mnt/shared/zechuan/iraod_artifacts/comparison/xaf_student_quant_20260908/qualitative_manifests_b87f34e/roi_jobs.json,2026-09-12T02:08:19.384629+00:00
DIOR,clean,SFUT,44,student,missing_export,11738,,,.67:/mnt/shared/zechuan/iraod_artifacts/comparison/xaf_student_quant_20260908/qualitative_manifests_b87f34e/roi/DIOR/clean/seed_44/SFUT/student,.67:/mnt/shared/zechuan/iraod_artifacts/comparison/xaf_student_quant_20260908/qualitative_manifests_b87f34e/roi_jobs.json,2026-09-12T02:08:19.384963+00:00
DIOR,clean,SFYOLO,44,ema,missing_export,11738,,,.67:/mnt/shared/zechuan/iraod_artifacts/comparison/xaf_student_quant_20260908/qualitative_manifests_b87f34e/roi/DIOR/clean/seed_44/SFYOLO/ema,.67:/mnt/shared/zechuan/iraod_artifacts/comparison/xaf_student_quant_20260908/qualitative_manifests_b87f34e/roi_jobs.json,2026-09-12T02:08:19.385249+00:00
DIOR,clean,SFYOLO,44,student,missing_export,11738,,,.67:/mnt/shared/zechuan/iraod_artifacts/comparison/xaf_student_quant_20260908/qualitative_manifests_b87f34e/roi/DIOR/clean/seed_44/SFYOLO/student,.67:/mnt/shared/zechuan/iraod_artifacts/comparison/xaf_student_quant_20260908/qualitative_manifests_b87f34e/roi_jobs.json,2026-09-12T02:08:19.385574+00:00
DIOR,cloudy,AASFOD,44,ema,missing_export,11738,,,.67:/mnt/shared/zechuan/iraod_artifacts/comparison/xaf_student_quant_20260908/qualitative_manifests_b87f34e/roi/DIOR/cloudy/seed_44/AASFOD/ema,.67:/mnt/shared/zechuan/iraod_artifacts/comparison/xaf_student_quant_20260908/qualitative_manifests_b87f34e/roi_jobs.json,2026-09-12T02:08:19.385833+00:00
DIOR,cloudy,AASFOD,44,student,missing_export,11738,,,.67:/mnt/shared/zechuan/iraod_artifacts/comparison/xaf_student_quant_20260908/qualitative_manifests_b87f34e/roi/DIOR/cloudy/seed_44/AASFOD/student,.67:/mnt/shared/zechuan/iraod_artifacts/comparison/xaf_student_quant_20260908/qualitative_manifests_b87f34e/roi_jobs.json,2026-09-12T02:08:19.386080+00:00
DIOR,cloudy,IRG,44,ema,missing_export,11738,,,.67:/mnt/shared/zechuan/iraod_artifacts/comparison/xaf_student_quant_20260908/qualitative_manifests_b87f34e/roi/DIOR/cloudy/seed_44/IRG/ema,.67:/mnt/shared/zechuan/iraod_artifacts/comparison/xaf_student_quant_20260908/qualitative_manifests_b87f34e/roi_jobs.json,2026-09-12T02:08:19.386315+00:00
DIOR,cloudy,IRG,44,student,missing_export,11738,,,.67:/mnt/shared/zechuan/iraod_artifacts/comparison/xaf_student_quant_20260908/qualitative_manifests_b87f34e/roi/DIOR/cloudy/seed_44/IRG/student,.67:/mnt/shared/zechuan/iraod_artifacts/comparison/xaf_student_quant_20260908/qualitative_manifests_b87f34e/roi_jobs.json,2026-09-12T02:08:19.386635+00:00
DIOR,cloudy,LPLD,44,ema,missing_export,11738,,,.67:/mnt/shared/zechuan/iraod_artifacts/comparison/xaf_student_quant_20260908/qualitative_manifests_b87f34e/roi/DIOR/cloudy/seed_44/LPLD/ema,.67:/mnt/shared/zechuan/iraod_artifacts/comparison/xaf_student_quant_20260908/qualitative_manifests_b87f34e/roi_jobs.json,2026-09-12T02:08:19.386855+00:00
DIOR,cloudy,LPLD,44,student,missing_export,11738,,,.67:/mnt/shared/zechuan/iraod_artifacts/comparison/xaf_student_quant_20260908/qualitative_manifests_b87f34e/roi/DIOR/cloudy/seed_44/LPLD/student,.67:/mnt/shared/zechuan/iraod_artifacts/comparison/xaf_student_quant_20260908/qualitative_manifests_b87f34e/roi_jobs.json,2026-09-12T02:08:19.387110+00:00
DIOR,cloudy,SFUT,44,ema,missing_export,11738,,,.67:/mnt/shared/zechuan/iraod_artifacts/comparison/xaf_student_quant_20260908/qualitative_manifests_b87f34e/roi/DIOR/cloudy/seed_44/SFUT/ema,.67:/mnt/shared/zechuan/iraod_artifacts/comparison/xaf_student_quant_20260908/qualitative_manifests_b87f34e/roi_jobs.json,2026-09-12T02:08:19.387384+00:00
DIOR,cloudy,SFUT,44,student,missing_export,11738,,,.67:/mnt/shared/zechuan/iraod_artifacts/comparison/xaf_student_quant_20260908/qualitative_manifests_b87f34e/roi/DIOR/cloudy/seed_44/SFUT/student,.67:/mnt/shared/zechuan/iraod_artifacts/comparison/xaf_student_quant_20260908/qualitative_manifests_b87f34e/roi_jobs.json,2026-09-12T02:08:19.387655+00:00
DIOR,cloudy,SFYOLO,44,ema,missing_export,11738,,,.67:/mnt/shared/zechuan/iraod_artifacts/comparison/xaf_student_quant_20260908/qualitative_manifests_b87f34e/roi/DIOR/cloudy/seed_44/SFYOLO/ema,.67:/mnt/shared/zechuan/iraod_artifacts/comparison/xaf_student_quant_20260908/qualitative_manifests_b87f34e/roi_jobs.json,2026-09-12T02:08:19.387907+00:00
DIOR,cloudy,SFYOLO,44,student,missing_export,11738,,,.67:/mnt/shared/zechuan/iraod_artifacts/comparison/xaf_student_quant_20260908/qualitative_manifests_b87f34e/roi/DIOR/cloudy/seed_44/SFYOLO/student,.67:/mnt/shared/zechuan/iraod_artifacts/comparison/xaf_student_quant_20260908/qualitative_manifests_b87f34e/roi_jobs.json,2026-09-12T02:08:19.388208+00:00
DIOR,contrast,AASFOD,44,ema,missing_export,11738,,,.67:/mnt/shared/zechuan/iraod_artifacts/comparison/xaf_student_quant_20260908/qualitative_manifests_b87f34e/roi/DIOR/contrast/seed_44/AASFOD/ema,.67:/mnt/shared/zechuan/iraod_artifacts/comparison/xaf_student_quant_20260908/qualitative_manifests_b87f34e/roi_jobs.json,2026-09-12T02:08:19.388494+00:00
DIOR,contrast,AASFOD,44,student,missing_export,11738,,,.67:/mnt/shared/zechuan/iraod_artifacts/comparison/xaf_student_quant_20260908/qualitative_manifests_b87f34e/roi/DIOR/contrast/seed_44/AASFOD/student,.67:/mnt/shared/zechuan/iraod_artifacts/comparison/xaf_student_quant_20260908/qualitative_manifests_b87f34e/roi_jobs.json,2026-09-12T02:08:19.388763+00:00
DIOR,contrast,IRG,44,ema,missing_export,11738,,,.67:/mnt/shared/zechuan/iraod_artifacts/comparison/xaf_student_quant_20260908/qualitative_manifests_b87f34e/roi/DIOR/contrast/seed_44/IRG/ema,.67:/mnt/shared/zechuan/iraod_artifacts/comparison/xaf_student_quant_20260908/qualitative_manifests_b87f34e/roi_jobs.json,2026-09-12T02:08:19.389074+00:00
DIOR,contrast,IRG,44,student,missing_export,11738,,,.67:/mnt/shared/zechuan/iraod_artifacts/comparison/xaf_student_quant_20260908/qualitative_manifests_b87f34e/roi/DIOR/contrast/seed_44/IRG/student,.67:/mnt/shared/zechuan/iraod_artifacts/comparison/xaf_student_quant_20260908/qualitative_manifests_b87f34e/roi_jobs.json,2026-09-12T02:08:19.389433+00:00
DIOR,contrast,LPLD,44,ema,missing_export,11738,,,.67:/mnt/shared/zechuan/iraod_artifacts/comparison/xaf_student_quant_20260908/qualitative_manifests_b87f34e/roi/DIOR/contrast/seed_44/LPLD/ema,.67:/mnt/shared/zechuan/iraod_artifacts/comparison/xaf_student_quant_20260908/qualitative_manifests_b87f34e/roi_jobs.json,2026-09-12T02:08:19.389912+00:00
DIOR,contrast,LPLD,44,student,missing_export,11738,,,.67:/mnt/shared/zechuan/iraod_artifacts/comparison/xaf_student_quant_20260908/qualitative_manifests_b87f34e/roi/DIOR/contrast/seed_44/LPLD/student,.67:/mnt/shared/zechuan/iraod_artifacts/comparison/xaf_student_quant_20260908/qualitative_manifests_b87f34e/roi_jobs.json,2026-09-12T02:08:19.390216+00:00
DIOR,contrast,SFUT,44,ema,missing_export,11738,,,.67:/mnt/shared/zechuan/iraod_artifacts/comparison/xaf_student_quant_20260908/qualitative_manifests_b87f34e/roi/DIOR/contrast/seed_44/SFUT/ema,.67:/mnt/shared/zechuan/iraod_artifacts/comparison/xaf_student_quant_20260908/qualitative_manifests_b87f34e/roi_jobs.json,2026-09-12T02:08:19.390503+00:00
DIOR,contrast,SFUT,44,student,missing_export,11738,,,.67:/mnt/shared/zechuan/iraod_artifacts/comparison/xaf_student_quant_20260908/qualitative_manifests_b87f34e/roi/DIOR/contrast/seed_44/SFUT/student,.67:/mnt/shared/zechuan/iraod_artifacts/comparison/xaf_student_quant_20260908/qualitative_manifests_b87f34e/roi_jobs.json,2026-09-12T02:08:19.390781+00:00
DIOR,contrast,SFYOLO,44,ema,missing_export,11738,,,.67:/mnt/shared/zechuan/iraod_artifacts/comparison/xaf_student_quant_20260908/qualitative_manifests_b87f34e/roi/DIOR/contrast/seed_44/SFYOLO/ema,.67:/mnt/shared/zechuan/iraod_artifacts/comparison/xaf_student_quant_20260908/qualitative_manifests_b87f34e/roi_jobs.json,2026-09-12T02:08:19.391064+00:00
DIOR,contrast,SFYOLO,44,student,missing_export,11738,,,.67:/mnt/shared/zechuan/iraod_artifacts/comparison/xaf_student_quant_20260908/qualitative_manifests_b87f34e/roi/DIOR/contrast/seed_44/SFYOLO/student,.67:/mnt/shared/zechuan/iraod_artifacts/comparison/xaf_student_quant_20260908/qualitative_manifests_b87f34e/roi_jobs.json,2026-09-12T02:08:19.391265+00:00
RSAR,am_noise_horizontal,AASFOD,44,ema,missing_export,8538,,,.67:/mnt/shared/zechuan/iraod_artifacts/comparison/xaf_student_quant_20260908/qualitative_manifests_b87f34e/roi/RSAR/am_noise_horizontal/seed_44/AASFOD/ema,.67:/mnt/shared/zechuan/iraod_artifacts/comparison/xaf_student_quant_20260908/qualitative_manifests_b87f34e/roi_jobs.json,2026-09-12T02:08:19.391558+00:00
RSAR,am_noise_horizontal,AASFOD,44,student,missing_export,8538,,,.67:/mnt/shared/zechuan/iraod_artifacts/comparison/xaf_student_quant_20260908/qualitative_manifests_b87f34e/roi/RSAR/am_noise_horizontal/seed_44/AASFOD/student,.67:/mnt/shared/zechuan/iraod_artifacts/comparison/xaf_student_quant_20260908/qualitative_manifests_b87f34e/roi_jobs.json,2026-09-12T02:08:19.391826+00:00
RSAR,am_noise_horizontal,IRG,44,ema,missing_export,8538,,,.67:/mnt/shared/zechuan/iraod_artifacts/comparison/xaf_student_quant_20260908/qualitative_manifests_b87f34e/roi/RSAR/am_noise_horizontal/seed_44/IRG/ema,.67:/mnt/shared/zechuan/iraod_artifacts/comparison/xaf_student_quant_20260908/qualitative_manifests_b87f34e/roi_jobs.json,2026-09-12T02:08:19.392303+00:00
RSAR,am_noise_horizontal,IRG,44,student,missing_export,8538,,,.67:/mnt/shared/zechuan/iraod_artifacts/comparison/xaf_student_quant_20260908/qualitative_manifests_b87f34e/roi/RSAR/am_noise_horizontal/seed_44/IRG/student,.67:/mnt/shared/zechuan/iraod_artifacts/comparison/xaf_student_quant_20260908/qualitative_manifests_b87f34e/roi_jobs.json,2026-09-12T02:08:19.392591+00:00
RSAR,am_noise_horizontal,LPLD,44,ema,missing_export,8538,,,.67:/mnt/shared/zechuan/iraod_artifacts/comparison/xaf_student_quant_20260908/qualitative_manifests_b87f34e/roi/RSAR/am_noise_horizontal/seed_44/LPLD/ema,.67:/mnt/shared/zechuan/iraod_artifacts/comparison/xaf_student_quant_20260908/qualitative_manifests_b87f34e/roi_jobs.json,2026-09-12T02:08:19.392846+00:00
RSAR,am_noise_horizontal,LPLD,44,student,missing_export,8538,,,.67:/mnt/shared/zechuan/iraod_artifacts/comparison/xaf_student_quant_20260908/qualitative_manifests_b87f34e/roi/RSAR/am_noise_horizontal/seed_44/LPLD/student,.67:/mnt/shared/zechuan/iraod_artifacts/comparison/xaf_student_quant_20260908/qualitative_manifests_b87f34e/roi_jobs.json,2026-09-12T02:08:19.393101+00:00
RSAR,am_noise_horizontal,SFUT,44,ema,missing_export,8538,,,.67:/mnt/shared/zechuan/iraod_artifacts/comparison/xaf_student_quant_20260908/qualitative_manifests_b87f34e/roi/RSAR/am_noise_horizontal/seed_44/SFUT/ema,.67:/mnt/shared/zechuan/iraod_artifacts/comparison/xaf_student_quant_20260908/qualitative_manifests_b87f34e/roi_jobs.json,2026-09-12T02:08:19.393345+00:00
RSAR,am_noise_horizontal,SFUT,44,student,missing_export,8538,,,.67:/mnt/shared/zechuan/iraod_artifacts/comparison/xaf_student_quant_20260908/qualitative_manifests_b87f34e/roi/RSAR/am_noise_horizontal/seed_44/SFUT/student,.67:/mnt/shared/zechuan/iraod_artifacts/comparison/xaf_student_quant_20260908/qualitative_manifests_b87f34e/roi_jobs.json,2026-09-12T02:08:19.393631+00:00
RSAR,am_noise_horizontal,SFYOLO,44,ema,missing_export,8538,,,.67:/mnt/shared/zechuan/iraod_artifacts/comparison/xaf_student_quant_20260908/qualitative_manifests_b87f34e/roi/RSAR/am_noise_horizontal/seed_44/SFYOLO/ema,.67:/mnt/shared/zechuan/iraod_artifacts/comparison/xaf_student_quant_20260908/qualitative_manifests_b87f34e/roi_jobs.json,2026-09-12T02:08:19.393880+00:00
RSAR,am_noise_horizontal,SFYOLO,44,student,missing_export,8538,,,.67:/mnt/shared/zechuan/iraod_artifacts/comparison/xaf_student_quant_20260908/qualitative_manifests_b87f34e/roi/RSAR/am_noise_horizontal/seed_44/SFYOLO/student,.67:/mnt/shared/zechuan/iraod_artifacts/comparison/xaf_student_quant_20260908/qualitative_manifests_b87f34e/roi_jobs.json,2026-09-12T02:08:19.394174+00:00
RSAR,am_noise_vertical,AASFOD,44,ema,missing_export,8538,,,.67:/mnt/shared/zechuan/iraod_artifacts/comparison/xaf_student_quant_20260908/qualitative_manifests_b87f34e/roi/RSAR/am_noise_vertical/seed_44/AASFOD/ema,.67:/mnt/shared/zechuan/iraod_artifacts/comparison/xaf_student_quant_20260908/qualitative_manifests_b87f34e/roi_jobs.json,2026-09-12T02:08:19.394398+00:00
RSAR,am_noise_vertical,AASFOD,44,student,missing_export,8538,,,.67:/mnt/shared/zechuan/iraod_artifacts/comparison/xaf_student_quant_20260908/qualitative_manifests_b87f34e/roi/RSAR/am_noise_vertical/seed_44/AASFOD/student,.67:/mnt/shared/zechuan/iraod_artifacts/comparison/xaf_student_quant_20260908/qualitative_manifests_b87f34e/roi_jobs.json,2026-09-12T02:08:19.394628+00:00
RSAR,am_noise_vertical,IRG,44,ema,missing_export,8538,,,.67:/mnt/shared/zechuan/iraod_artifacts/comparison/xaf_student_quant_20260908/qualitative_manifests_b87f34e/roi/RSAR/am_noise_vertical/seed_44/IRG/ema,.67:/mnt/shared/zechuan/iraod_artifacts/comparison/xaf_student_quant_20260908/qualitative_manifests_b87f34e/roi_jobs.json,2026-09-12T02:08:19.394873+00:00
RSAR,am_noise_vertical,IRG,44,student,missing_export,8538,,,.67:/mnt/shared/zechuan/iraod_artifacts/comparison/xaf_student_quant_20260908/qualitative_manifests_b87f34e/roi/RSAR/am_noise_vertical/seed_44/IRG/student,.67:/mnt/shared/zechuan/iraod_artifacts/comparison/xaf_student_quant_20260908/qualitative_manifests_b87f34e/roi_jobs.json,2026-09-12T02:08:19.395171+00:00
RSAR,am_noise_vertical,LPLD,44,ema,missing_export,8538,,,.67:/mnt/shared/zechuan/iraod_artifacts/comparison/xaf_student_quant_20260908/qualitative_manifests_b87f34e/roi/RSAR/am_noise_vertical/seed_44/LPLD/ema,.67:/mnt/shared/zechuan/iraod_artifacts/comparison/xaf_student_quant_20260908/qualitative_manifests_b87f34e/roi_jobs.json,2026-09-12T02:08:19.395481+00:00
RSAR,am_noise_vertical,LPLD,44,student,missing_export,8538,,,.67:/mnt/shared/zechuan/iraod_artifacts/comparison/xaf_student_quant_20260908/qualitative_manifests_b87f34e/roi/RSAR/am_noise_vertical/seed_44/LPLD/student,.67:/mnt/shared/zechuan/iraod_artifacts/comparison/xaf_student_quant_20260908/qualitative_manifests_b87f34e/roi_jobs.json,2026-09-12T02:08:19.395781+00:00
RSAR,am_noise_vertical,SFUT,44,ema,missing_export,8538,,,.67:/mnt/shared/zechuan/iraod_artifacts/comparison/xaf_student_quant_20260908/qualitative_manifests_b87f34e/roi/RSAR/am_noise_vertical/seed_44/SFUT/ema,.67:/mnt/shared/zechuan/iraod_artifacts/comparison/xaf_student_quant_20260908/qualitative_manifests_b87f34e/roi_jobs.json,2026-09-12T02:08:19.396080+00:00
RSAR,am_noise_vertical,SFUT,44,student,missing_export,8538,,,.67:/mnt/shared/zechuan/iraod_artifacts/comparison/xaf_student_quant_20260908/qualitative_manifests_b87f34e/roi/RSAR/am_noise_vertical/seed_44/SFUT/student,.67:/mnt/shared/zechuan/iraod_artifacts/comparison/xaf_student_quant_20260908/qualitative_manifests_b87f34e/roi_jobs.json,2026-09-12T02:08:19.396360+00:00
RSAR,am_noise_vertical,SFYOLO,44,ema,missing_export,8538,,,.67:/mnt/shared/zechuan/iraod_artifacts/comparison/xaf_student_quant_20260908/qualitative_manifests_b87f34e/roi/RSAR/am_noise_vertical/seed_44/SFYOLO/ema,.67:/mnt/shared/zechuan/iraod_artifacts/comparison/xaf_student_quant_20260908/qualitative_manifests_b87f34e/roi_jobs.json,2026-09-12T02:08:19.396734+00:00
RSAR,am_noise_vertical,SFYOLO,44,student,missing_export,8538,,,.67:/mnt/shared/zechuan/iraod_artifacts/comparison/xaf_student_quant_20260908/qualitative_manifests_b87f34e/roi/RSAR/am_noise_vertical/seed_44/SFYOLO/student,.67:/mnt/shared/zechuan/iraod_artifacts/comparison/xaf_student_quant_20260908/qualitative_manifests_b87f34e/roi_jobs.json,2026-09-12T02:08:19.397017+00:00
RSAR,chaff,AASFOD,44,ema,missing_export,8538,,,.67:/mnt/shared/zechuan/iraod_artifacts/comparison/xaf_student_quant_20260908/qualitative_manifests_b87f34e/roi/RSAR/chaff/seed_44/AASFOD/ema,.67:/mnt/shared/zechuan/iraod_artifacts/comparison/xaf_student_quant_20260908/qualitative_manifests_b87f34e/roi_jobs.json,2026-09-12T02:08:19.397339+00:00
RSAR,chaff,AASFOD,44,student,missing_export,8538,,,.67:/mnt/shared/zechuan/iraod_artifacts/comparison/xaf_student_quant_20260908/qualitative_manifests_b87f34e/roi/RSAR/chaff/seed_44/AASFOD/student,.67:/mnt/shared/zechuan/iraod_artifacts/comparison/xaf_student_quant_20260908/qualitative_manifests_b87f34e/roi_jobs.json,2026-09-12T02:08:19.397560+00:00
RSAR,chaff,IRG,44,ema,missing_export,8538,,,.67:/mnt/shared/zechuan/iraod_artifacts/comparison/xaf_student_quant_20260908/qualitative_manifests_b87f34e/roi/RSAR/chaff/seed_44/IRG/ema,.67:/mnt/shared/zechuan/iraod_artifacts/comparison/xaf_student_quant_20260908/qualitative_manifests_b87f34e/roi_jobs.json,2026-09-12T02:08:19.397799+00:00
RSAR,chaff,IRG,44,student,missing_export,8538,,,.67:/mnt/shared/zechuan/iraod_artifacts/comparison/xaf_student_quant_20260908/qualitative_manifests_b87f34e/roi/RSAR/chaff/seed_44/IRG/student,.67:/mnt/shared/zechuan/iraod_artifacts/comparison/xaf_student_quant_20260908/qualitative_manifests_b87f34e/roi_jobs.json,2026-09-12T02:08:19.398018+00:00
RSAR,chaff,LPLD,44,ema,missing_export,8538,,,.67:/mnt/shared/zechuan/iraod_artifacts/comparison/xaf_student_quant_20260908/qualitative_manifests_b87f34e/roi/RSAR/chaff/seed_44/LPLD/ema,.67:/mnt/shared/zechuan/iraod_artifacts/comparison/xaf_student_quant_20260908/qualitative_manifests_b87f34e/roi_jobs.json,2026-09-12T02:08:19.398316+00:00
RSAR,chaff,LPLD,44,student,missing_export,8538,,,.67:/mnt/shared/zechuan/iraod_artifacts/comparison/xaf_student_quant_20260908/qualitative_manifests_b87f34e/roi/RSAR/chaff/seed_44/LPLD/student,.67:/mnt/shared/zechuan/iraod_artifacts/comparison/xaf_student_quant_20260908/qualitative_manifests_b87f34e/roi_jobs.json,2026-09-12T02:08:19.398636+00:00
RSAR,chaff,SFUT,44,ema,missing_export,8538,,,.67:/mnt/shared/zechuan/iraod_artifacts/comparison/xaf_student_quant_20260908/qualitative_manifests_b87f34e/roi/RSAR/chaff/seed_44/SFUT/ema,.67:/mnt/shared/zechuan/iraod_artifacts/comparison/xaf_student_quant_20260908/qualitative_manifests_b87f34e/roi_jobs.json,2026-09-12T02:08:19.398907+00:00
RSAR,chaff,SFUT,44,student,missing_export,8538,,,.67:/mnt/shared/zechuan/iraod_artifacts/comparison/xaf_student_quant_20260908/qualitative_manifests_b87f34e/roi/RSAR/chaff/seed_44/SFUT/student,.67:/mnt/shared/zechuan/iraod_artifacts/comparison/xaf_student_quant_20260908/qualitative_manifests_b87f34e/roi_jobs.json,2026-09-12T02:08:19.399224+00:00
RSAR,chaff,SFYOLO,44,ema,missing_export,8538,,,.67:/mnt/shared/zechuan/iraod_artifacts/comparison/xaf_student_quant_20260908/qualitative_manifests_b87f34e/roi/RSAR/chaff/seed_44/SFYOLO/ema,.67:/mnt/shared/zechuan/iraod_artifacts/comparison/xaf_student_quant_20260908/qualitative_manifests_b87f34e/roi_jobs.json,2026-09-12T02:08:19.399545+00:00
RSAR,chaff,SFYOLO,44,student,missing_export,8538,,,.67:/mnt/shared/zechuan/iraod_artifacts/comparison/xaf_student_quant_20260908/qualitative_manifests_b87f34e/roi/RSAR/chaff/seed_44/SFYOLO/student,.67:/mnt/shared/zechuan/iraod_artifacts/comparison/xaf_student_quant_20260908/qualitative_manifests_b87f34e/roi_jobs.json,2026-09-12T02:08:19.399852+00:00
RSAR,clean,AASFOD,44,ema,missing_export,8538,,,.67:/mnt/shared/zechuan/iraod_artifacts/comparison/xaf_student_quant_20260908/qualitative_manifests_b87f34e/roi/RSAR/clean/seed_44/AASFOD/ema,.67:/mnt/shared/zechuan/iraod_artifacts/comparison/xaf_student_quant_20260908/qualitative_manifests_b87f34e/roi_jobs.json,2026-09-12T02:08:19.400107+00:00
RSAR,clean,AASFOD,44,student,missing_export,8538,,,.67:/mnt/shared/zechuan/iraod_artifacts/comparison/xaf_student_quant_20260908/qualitative_manifests_b87f34e/roi/RSAR/clean/seed_44/AASFOD/student,.67:/mnt/shared/zechuan/iraod_artifacts/comparison/xaf_student_quant_20260908/qualitative_manifests_b87f34e/roi_jobs.json,2026-09-12T02:08:19.400370+00:00
RSAR,clean,IRG,44,ema,missing_export,8538,,,.67:/mnt/shared/zechuan/iraod_artifacts/comparison/xaf_student_quant_20260908/qualitative_manifests_b87f34e/roi/RSAR/clean/seed_44/IRG/ema,.67:/mnt/shared/zechuan/iraod_artifacts/comparison/xaf_student_quant_20260908/qualitative_manifests_b87f34e/roi_jobs.json,2026-09-12T02:08:19.400682+00:00
RSAR,clean,IRG,44,student,missing_export,8538,,,.67:/mnt/shared/zechuan/iraod_artifacts/comparison/xaf_student_quant_20260908/qualitative_manifests_b87f34e/roi/RSAR/clean/seed_44/IRG/student,.67:/mnt/shared/zechuan/iraod_artifacts/comparison/xaf_student_quant_20260908/qualitative_manifests_b87f34e/roi_jobs.json,2026-09-12T02:08:19.400902+00:00
RSAR,clean,LPLD,44,ema,missing_export,8538,,,.67:/mnt/shared/zechuan/iraod_artifacts/comparison/xaf_student_quant_20260908/qualitative_manifests_b87f34e/roi/RSAR/clean/seed_44/LPLD/ema,.67:/mnt/shared/zechuan/iraod_artifacts/comparison/xaf_student_quant_20260908/qualitative_manifests_b87f34e/roi_jobs.json,2026-09-12T02:08:19.401261+00:00
RSAR,clean,LPLD,44,student,missing_export,8538,,,.67:/mnt/shared/zechuan/iraod_artifacts/comparison/xaf_student_quant_20260908/qualitative_manifests_b87f34e/roi/RSAR/clean/seed_44/LPLD/student,.67:/mnt/shared/zechuan/iraod_artifacts/comparison/xaf_student_quant_20260908/qualitative_manifests_b87f34e/roi_jobs.json,2026-09-12T02:08:19.401545+00:00
RSAR,clean,SFUT,44,ema,missing_export,8538,,,.67:/mnt/shared/zechuan/iraod_artifacts/comparison/xaf_student_quant_20260908/qualitative_manifests_b87f34e/roi/RSAR/clean/seed_44/SFUT/ema,.67:/mnt/shared/zechuan/iraod_artifacts/comparison/xaf_student_quant_20260908/qualitative_manifests_b87f34e/roi_jobs.json,2026-09-12T02:08:19.401827+00:00
RSAR,clean,SFUT,44,student,missing_export,8538,,,.67:/mnt/shared/zechuan/iraod_artifacts/comparison/xaf_student_quant_20260908/qualitative_manifests_b87f34e/roi/RSAR/clean/seed_44/SFUT/student,.67:/mnt/shared/zechuan/iraod_artifacts/comparison/xaf_student_quant_20260908/qualitative_manifests_b87f34e/roi_jobs.json,2026-09-12T02:08:19.402078+00:00
RSAR,clean,SFYOLO,44,ema,missing_export,8538,,,.67:/mnt/shared/zechuan/iraod_artifacts/comparison/xaf_student_quant_20260908/qualitative_manifests_b87f34e/roi/RSAR/clean/seed_44/SFYOLO/ema,.67:/mnt/shared/zechuan/iraod_artifacts/comparison/xaf_student_quant_20260908/qualitative_manifests_b87f34e/roi_jobs.json,2026-09-12T02:08:19.402458+00:00
RSAR,clean,SFYOLO,44,student,missing_export,8538,,,.67:/mnt/shared/zechuan/iraod_artifacts/comparison/xaf_student_quant_20260908/qualitative_manifests_b87f34e/roi/RSAR/clean/seed_44/SFYOLO/student,.67:/mnt/shared/zechuan/iraod_artifacts/comparison/xaf_student_quant_20260908/qualitative_manifests_b87f34e/roi_jobs.json,2026-09-12T02:08:19.402784+00:00
RSAR,gaussian_white_noise,AASFOD,44,ema,missing_export,8538,,,.67:/mnt/shared/zechuan/iraod_artifacts/comparison/xaf_student_quant_20260908/qualitative_manifests_b87f34e/roi/RSAR/gaussian_white_noise/seed_44/AASFOD/ema,.67:/mnt/shared/zechuan/iraod_artifacts/comparison/xaf_student_quant_20260908/qualitative_manifests_b87f34e/roi_jobs.json,2026-09-12T02:08:19.403053+00:00
RSAR,gaussian_white_noise,AASFOD,44,student,missing_export,8538,,,.67:/mnt/shared/zechuan/iraod_artifacts/comparison/xaf_student_quant_20260908/qualitative_manifests_b87f34e/roi/RSAR/gaussian_white_noise/seed_44/AASFOD/student,.67:/mnt/shared/zechuan/iraod_artifacts/comparison/xaf_student_quant_20260908/qualitative_manifests_b87f34e/roi_jobs.json,2026-09-12T02:08:19.403444+00:00
RSAR,gaussian_white_noise,IRG,44,ema,missing_export,8538,,,.67:/mnt/shared/zechuan/iraod_artifacts/comparison/xaf_student_quant_20260908/qualitative_manifests_b87f34e/roi/RSAR/gaussian_white_noise/seed_44/IRG/ema,.67:/mnt/shared/zechuan/iraod_artifacts/comparison/xaf_student_quant_20260908/qualitative_manifests_b87f34e/roi_jobs.json,2026-09-12T02:08:19.403711+00:00
RSAR,gaussian_white_noise,IRG,44,student,missing_export,8538,,,.67:/mnt/shared/zechuan/iraod_artifacts/comparison/xaf_student_quant_20260908/qualitative_manifests_b87f34e/roi/RSAR/gaussian_white_noise/seed_44/IRG/student,.67:/mnt/shared/zechuan/iraod_artifacts/comparison/xaf_student_quant_20260908/qualitative_manifests_b87f34e/roi_jobs.json,2026-09-12T02:08:19.404014+00:00
RSAR,gaussian_white_noise,LPLD,44,ema,missing_export,8538,,,.67:/mnt/shared/zechuan/iraod_artifacts/comparison/xaf_student_quant_20260908/qualitative_manifests_b87f34e/roi/RSAR/gaussian_white_noise/seed_44/LPLD/ema,.67:/mnt/shared/zechuan/iraod_artifacts/comparison/xaf_student_quant_20260908/qualitative_manifests_b87f34e/roi_jobs.json,2026-09-12T02:08:19.404297+00:00
RSAR,gaussian_white_noise,LPLD,44,student,missing_export,8538,,,.67:/mnt/shared/zechuan/iraod_artifacts/comparison/xaf_student_quant_20260908/qualitative_manifests_b87f34e/roi/RSAR/gaussian_white_noise/seed_44/LPLD/student,.67:/mnt/shared/zechuan/iraod_artifacts/comparison/xaf_student_quant_20260908/qualitative_manifests_b87f34e/roi_jobs.json,2026-09-12T02:08:19.404539+00:00
RSAR,gaussian_white_noise,SFUT,44,ema,missing_export,8538,,,.67:/mnt/shared/zechuan/iraod_artifacts/comparison/xaf_student_quant_20260908/qualitative_manifests_b87f34e/roi/RSAR/gaussian_white_noise/seed_44/SFUT/ema,.67:/mnt/shared/zechuan/iraod_artifacts/comparison/xaf_student_quant_20260908/qualitative_manifests_b87f34e/roi_jobs.json,2026-09-12T02:08:19.404807+00:00
RSAR,gaussian_white_noise,SFUT,44,student,missing_export,8538,,,.67:/mnt/shared/zechuan/iraod_artifacts/comparison/xaf_student_quant_20260908/qualitative_manifests_b87f34e/roi/RSAR/gaussian_white_noise/seed_44/SFUT/student,.67:/mnt/shared/zechuan/iraod_artifacts/comparison/xaf_student_quant_20260908/qualitative_manifests_b87f34e/roi_jobs.json,2026-09-12T02:08:19.405050+00:00
RSAR,gaussian_white_noise,SFYOLO,44,ema,missing_export,8538,,,.67:/mnt/shared/zechuan/iraod_artifacts/comparison/xaf_student_quant_20260908/qualitative_manifests_b87f34e/roi/RSAR/gaussian_white_noise/seed_44/SFYOLO/ema,.67:/mnt/shared/zechuan/iraod_artifacts/comparison/xaf_student_quant_20260908/qualitative_manifests_b87f34e/roi_jobs.json,2026-09-12T02:08:19.405307+00:00
RSAR,gaussian_white_noise,SFYOLO,44,student,missing_export,8538,,,.67:/mnt/shared/zechuan/iraod_artifacts/comparison/xaf_student_quant_20260908/qualitative_manifests_b87f34e/roi/RSAR/gaussian_white_noise/seed_44/SFYOLO/student,.67:/mnt/shared/zechuan/iraod_artifacts/comparison/xaf_student_quant_20260908/qualitative_manifests_b87f34e/roi_jobs.json,2026-09-12T02:08:19.405700+00:00
RSAR,noise_suppression,AASFOD,44,ema,missing_export,8538,,,.67:/mnt/shared/zechuan/iraod_artifacts/comparison/xaf_student_quant_20260908/qualitative_manifests_b87f34e/roi/RSAR/noise_suppression/seed_44/AASFOD/ema,.67:/mnt/shared/zechuan/iraod_artifacts/comparison/xaf_student_quant_20260908/qualitative_manifests_b87f34e/roi_jobs.json,2026-09-12T02:08:19.405943+00:00
RSAR,noise_suppression,AASFOD,44,student,missing_export,8538,,,.67:/mnt/shared/zechuan/iraod_artifacts/comparison/xaf_student_quant_20260908/qualitative_manifests_b87f34e/roi/RSAR/noise_suppression/seed_44/AASFOD/student,.67:/mnt/shared/zechuan/iraod_artifacts/comparison/xaf_student_quant_20260908/qualitative_manifests_b87f34e/roi_jobs.json,2026-09-12T02:08:19.406227+00:00
RSAR,noise_suppression,IRG,44,ema,held_nan_roi,8538,,,.67:/mnt/shared/zechuan/iraod_artifacts/comparison/xaf_student_quant_20260908/qualitative_manifests_b87f34e/roi/RSAR/noise_suppression/seed_44/IRG/ema,.67:/mnt/shared/zechuan/iraod_artifacts/comparison/xaf_student_quant_20260908/qualitative_manifests_b87f34e/roi_jobs.json,2026-09-12T02:08:19.406565+00:00
RSAR,noise_suppression,IRG,44,student,held_nan_roi,8538,,,.67:/mnt/shared/zechuan/iraod_artifacts/comparison/xaf_student_quant_20260908/qualitative_manifests_b87f34e/roi/RSAR/noise_suppression/seed_44/IRG/student,.67:/mnt/shared/zechuan/iraod_artifacts/comparison/xaf_student_quant_20260908/qualitative_manifests_b87f34e/roi_jobs.json,2026-09-12T02:08:19.406860+00:00
RSAR,noise_suppression,LPLD,44,ema,held_nan_roi,8538,,,.67:/mnt/shared/zechuan/iraod_artifacts/comparison/xaf_student_quant_20260908/qualitative_manifests_b87f34e/roi/RSAR/noise_suppression/seed_44/LPLD/ema,.67:/mnt/shared/zechuan/iraod_artifacts/comparison/xaf_student_quant_20260908/qualitative_manifests_b87f34e/roi_jobs.json,2026-09-12T02:08:19.407113+00:00
RSAR,noise_suppression,LPLD,44,student,held_nan_roi,8538,,,.67:/mnt/shared/zechuan/iraod_artifacts/comparison/xaf_student_quant_20260908/qualitative_manifests_b87f34e/roi/RSAR/noise_suppression/seed_44/LPLD/student,.67:/mnt/shared/zechuan/iraod_artifacts/comparison/xaf_student_quant_20260908/qualitative_manifests_b87f34e/roi_jobs.json,2026-09-12T02:08:19.407450+00:00
RSAR,noise_suppression,SFUT,44,ema,held_nan_roi,8538,,,.67:/mnt/shared/zechuan/iraod_artifacts/comparison/xaf_student_quant_20260908/qualitative_manifests_b87f34e/roi/RSAR/noise_suppression/seed_44/SFUT/ema,.67:/mnt/shared/zechuan/iraod_artifacts/comparison/xaf_student_quant_20260908/qualitative_manifests_b87f34e/roi_jobs.json,2026-09-12T02:08:19.407727+00:00
RSAR,noise_suppression,SFUT,44,student,held_nan_roi,8538,,,.67:/mnt/shared/zechuan/iraod_artifacts/comparison/xaf_student_quant_20260908/qualitative_manifests_b87f34e/roi/RSAR/noise_suppression/seed_44/SFUT/student,.67:/mnt/shared/zechuan/iraod_artifacts/comparison/xaf_student_quant_20260908/qualitative_manifests_b87f34e/roi_jobs.json,2026-09-12T02:08:19.408017+00:00
RSAR,noise_suppression,SFYOLO,44,ema,missing_export,8538,,,.67:/mnt/shared/zechuan/iraod_artifacts/comparison/xaf_student_quant_20260908/qualitative_manifests_b87f34e/roi/RSAR/noise_suppression/seed_44/SFYOLO/ema,.67:/mnt/shared/zechuan/iraod_artifacts/comparison/xaf_student_quant_20260908/qualitative_manifests_b87f34e/roi_jobs.json,2026-09-12T02:08:19.408299+00:00
RSAR,noise_suppression,SFYOLO,44,student,missing_export,8538,,,.67:/mnt/shared/zechuan/iraod_artifacts/comparison/xaf_student_quant_20260908/qualitative_manifests_b87f34e/roi/RSAR/noise_suppression/seed_44/SFYOLO/student,.67:/mnt/shared/zechuan/iraod_artifacts/comparison/xaf_student_quant_20260908/qualitative_manifests_b87f34e/roi_jobs.json,2026-09-12T02:08:19.408696+00:00
RSAR,point_target,AASFOD,44,ema,missing_export,8538,,,.67:/mnt/shared/zechuan/iraod_artifacts/comparison/xaf_student_quant_20260908/qualitative_manifests_b87f34e/roi/RSAR/point_target/seed_44/AASFOD/ema,.67:/mnt/shared/zechuan/iraod_artifacts/comparison/xaf_student_quant_20260908/qualitative_manifests_b87f34e/roi_jobs.json,2026-09-12T02:08:19.408955+00:00
RSAR,point_target,AASFOD,44,student,missing_export,8538,,,.67:/mnt/shared/zechuan/iraod_artifacts/comparison/xaf_student_quant_20260908/qualitative_manifests_b87f34e/roi/RSAR/point_target/seed_44/AASFOD/student,.67:/mnt/shared/zechuan/iraod_artifacts/comparison/xaf_student_quant_20260908/qualitative_manifests_b87f34e/roi_jobs.json,2026-09-12T02:08:19.409207+00:00
RSAR,point_target,IRG,44,ema,held_nan_roi,8538,,,.67:/mnt/shared/zechuan/iraod_artifacts/comparison/xaf_student_quant_20260908/qualitative_manifests_b87f34e/roi/RSAR/point_target/seed_44/IRG/ema,.67:/mnt/shared/zechuan/iraod_artifacts/comparison/xaf_student_quant_20260908/qualitative_manifests_b87f34e/roi_jobs.json,2026-09-12T02:08:19.409468+00:00
RSAR,point_target,IRG,44,student,held_nan_roi,8538,,,.67:/mnt/shared/zechuan/iraod_artifacts/comparison/xaf_student_quant_20260908/qualitative_manifests_b87f34e/roi/RSAR/point_target/seed_44/IRG/student,.67:/mnt/shared/zechuan/iraod_artifacts/comparison/xaf_student_quant_20260908/qualitative_manifests_b87f34e/roi_jobs.json,2026-09-12T02:08:19.409711+00:00
RSAR,point_target,LPLD,44,ema,held_nan_roi,8538,,,.67:/mnt/shared/zechuan/iraod_artifacts/comparison/xaf_student_quant_20260908/qualitative_manifests_b87f34e/roi/RSAR/point_target/seed_44/LPLD/ema,.67:/mnt/shared/zechuan/iraod_artifacts/comparison/xaf_student_quant_20260908/qualitative_manifests_b87f34e/roi_jobs.json,2026-09-12T02:08:19.410025+00:00
RSAR,point_target,LPLD,44,student,held_nan_roi,8538,,,.67:/mnt/shared/zechuan/iraod_artifacts/comparison/xaf_student_quant_20260908/qualitative_manifests_b87f34e/roi/RSAR/point_target/seed_44/LPLD/student,.67:/mnt/shared/zechuan/iraod_artifacts/comparison/xaf_student_quant_20260908/qualitative_manifests_b87f34e/roi_jobs.json,2026-09-12T02:08:19.410269+00:00
RSAR,point_target,SFUT,44,ema,missing_export,8538,,,.67:/mnt/shared/zechuan/iraod_artifacts/comparison/xaf_student_quant_20260908/qualitative_manifests_b87f34e/roi/RSAR/point_target/seed_44/SFUT/ema,.67:/mnt/shared/zechuan/iraod_artifacts/comparison/xaf_student_quant_20260908/qualitative_manifests_b87f34e/roi_jobs.json,2026-09-12T02:08:19.410533+00:00
RSAR,point_target,SFUT,44,student,missing_export,8538,,,.67:/mnt/shared/zechuan/iraod_artifacts/comparison/xaf_student_quant_20260908/qualitative_manifests_b87f34e/roi/RSAR/point_target/seed_44/SFUT/student,.67:/mnt/shared/zechuan/iraod_artifacts/comparison/xaf_student_quant_20260908/qualitative_manifests_b87f34e/roi_jobs.json,2026-09-12T02:08:19.410811+00:00
RSAR,point_target,SFYOLO,44,ema,missing_export,8538,,,.67:/mnt/shared/zechuan/iraod_artifacts/comparison/xaf_student_quant_20260908/qualitative_manifests_b87f34e/roi/RSAR/point_target/seed_44/SFYOLO/ema,.67:/mnt/shared/zechuan/iraod_artifacts/comparison/xaf_student_quant_20260908/qualitative_manifests_b87f34e/roi_jobs.json,2026-09-12T02:08:19.411074+00:00
RSAR,point_target,SFYOLO,44,student,missing_export,8538,,,.67:/mnt/shared/zechuan/iraod_artifacts/comparison/xaf_student_quant_20260908/qualitative_manifests_b87f34e/roi/RSAR/point_target/seed_44/SFYOLO/student,.67:/mnt/shared/zechuan/iraod_artifacts/comparison/xaf_student_quant_20260908/qualitative_manifests_b87f34e/roi_jobs.json,2026-09-12T02:08:19.411322+00:00
RSAR,smart_suppression,AASFOD,44,ema,missing_export,8538,,,.67:/mnt/shared/zechuan/iraod_artifacts/comparison/xaf_student_quant_20260908/qualitative_manifests_b87f34e/roi/RSAR/smart_suppression/seed_44/AASFOD/ema,.67:/mnt/shared/zechuan/iraod_artifacts/comparison/xaf_student_quant_20260908/qualitative_manifests_b87f34e/roi_jobs.json,2026-09-12T02:08:19.411604+00:00
RSAR,smart_suppression,AASFOD,44,student,missing_export,8538,,,.67:/mnt/shared/zechuan/iraod_artifacts/comparison/xaf_student_quant_20260908/qualitative_manifests_b87f34e/roi/RSAR/smart_suppression/seed_44/AASFOD/student,.67:/mnt/shared/zechuan/iraod_artifacts/comparison/xaf_student_quant_20260908/qualitative_manifests_b87f34e/roi_jobs.json,2026-09-12T02:08:19.411819+00:00
RSAR,smart_suppression,IRG,44,ema,missing_export,8538,,,.67:/mnt/shared/zechuan/iraod_artifacts/comparison/xaf_student_quant_20260908/qualitative_manifests_b87f34e/roi/RSAR/smart_suppression/seed_44/IRG/ema,.67:/mnt/shared/zechuan/iraod_artifacts/comparison/xaf_student_quant_20260908/qualitative_manifests_b87f34e/roi_jobs.json,2026-09-12T02:08:19.412090+00:00
RSAR,smart_suppression,IRG,44,student,missing_export,8538,,,.67:/mnt/shared/zechuan/iraod_artifacts/comparison/xaf_student_quant_20260908/qualitative_manifests_b87f34e/roi/RSAR/smart_suppression/seed_44/IRG/student,.67:/mnt/shared/zechuan/iraod_artifacts/comparison/xaf_student_quant_20260908/qualitative_manifests_b87f34e/roi_jobs.json,2026-09-12T02:08:19.412307+00:00
RSAR,smart_suppression,LPLD,44,ema,missing_export,8538,,,.67:/mnt/shared/zechuan/iraod_artifacts/comparison/xaf_student_quant_20260908/qualitative_manifests_b87f34e/roi/RSAR/smart_suppression/seed_44/LPLD/ema,.67:/mnt/shared/zechuan/iraod_artifacts/comparison/xaf_student_quant_20260908/qualitative_manifests_b87f34e/roi_jobs.json,2026-09-12T02:08:19.412700+00:00
RSAR,smart_suppression,LPLD,44,student,missing_export,8538,,,.67:/mnt/shared/zechuan/iraod_artifacts/comparison/xaf_student_quant_20260908/qualitative_manifests_b87f34e/roi/RSAR/smart_suppression/seed_44/LPLD/student,.67:/mnt/shared/zechuan/iraod_artifacts/comparison/xaf_student_quant_20260908/qualitative_manifests_b87f34e/roi_jobs.json,2026-09-12T02:08:19.412967+00:00
RSAR,smart_suppression,SFUT,44,ema,missing_export,8538,,,.67:/mnt/shared/zechuan/iraod_artifacts/comparison/xaf_student_quant_20260908/qualitative_manifests_b87f34e/roi/RSAR/smart_suppression/seed_44/SFUT/ema,.67:/mnt/shared/zechuan/iraod_artifacts/comparison/xaf_student_quant_20260908/qualitative_manifests_b87f34e/roi_jobs.json,2026-09-12T02:08:19.413216+00:00
RSAR,smart_suppression,SFUT,44,student,missing_export,8538,,,.67:/mnt/shared/zechuan/iraod_artifacts/comparison/xaf_student_quant_20260908/qualitative_manifests_b87f34e/roi/RSAR/smart_suppression/seed_44/SFUT/student,.67:/mnt/shared/zechuan/iraod_artifacts/comparison/xaf_student_quant_20260908/qualitative_manifests_b87f34e/roi_jobs.json,2026-09-12T02:08:19.413554+00:00
RSAR,smart_suppression,SFYOLO,44,ema,missing_export,8538,,,.67:/mnt/shared/zechuan/iraod_artifacts/comparison/xaf_student_quant_20260908/qualitative_manifests_b87f34e/roi/RSAR/smart_suppression/seed_44/SFYOLO/ema,.67:/mnt/shared/zechuan/iraod_artifacts/comparison/xaf_student_quant_20260908/qualitative_manifests_b87f34e/roi_jobs.json,2026-09-12T02:08:19.413855+00:00
RSAR,smart_suppression,SFYOLO,44,student,missing_export,8538,,,.67:/mnt/shared/zechuan/iraod_artifacts/comparison/xaf_student_quant_20260908/qualitative_manifests_b87f34e/roi/RSAR/smart_suppression/seed_44/SFYOLO/student,.67:/mnt/shared/zechuan/iraod_artifacts/comparison/xaf_student_quant_20260908/qualitative_manifests_b87f34e/roi_jobs.json,2026-09-12T02:08:19.414117+00:00
