dataset,domain,method,seed,comparison_group,status,terminal_complete,numerically_invalid,host,student_checkpoint,ema_checkpoint,completed_at,training_code_sha,terminal_evidence,execution_evidence,collected_at,note
DIOR,brightness,AASFOD,42,common_1epoch,complete,True,False,221,/home/zechuan/iraod_artifacts/comparison/xaf_student_quant_20260908/aasfod_runs_36c2053/dior/brightness/seed_42/methods/AASFOD/work/iter_185.pth,/home/zechuan/iraod_artifacts/comparison/xaf_student_quant_20260908/aasfod_runs_36c2053/dior/brightness/seed_42/methods/AASFOD/work/iter_185_ema.pth,2026-09-11T21:29:58.564235+00:00,cbd0f75ab147fea6728f61d6fd696325cc195296,.221:/home/zechuan/iraod_artifacts/comparison/xaf_student_quant_20260908/aasfod_runs_36c2053/dior/brightness/seed_42/methods/AASFOD/terminal_status,.221:/home/zechuan/iraod_artifacts/comparison/xaf_student_quant_20260908/aasfod_runs_36c2053/dior/brightness/seed_42/methods/AASFOD/execution.json,2026-09-12T01:56:13.685476+00:00,
DIOR,brightness,AASFOD,43,common_1epoch,complete,True,False,221,/home/zechuan/iraod_artifacts/comparison/xaf_student_quant_20260908/aasfod_runs_36c2053/dior/brightness/seed_43/methods/AASFOD/work/iter_185.pth,/home/zechuan/iraod_artifacts/comparison/xaf_student_quant_20260908/aasfod_runs_36c2053/dior/brightness/seed_43/methods/AASFOD/work/iter_185_ema.pth,2026-09-11T21:53:21.560931+00:00,cbd0f75ab147fea6728f61d6fd696325cc195296,.221:/home/zechuan/iraod_artifacts/comparison/xaf_student_quant_20260908/aasfod_runs_36c2053/dior/brightness/seed_43/methods/AASFOD/terminal_status,.221:/home/zechuan/iraod_artifacts/comparison/xaf_student_quant_20260908/aasfod_runs_36c2053/dior/brightness/seed_43/methods/AASFOD/execution.json,2026-09-12T01:56:13.747183+00:00,
DIOR,brightness,AASFOD,44,common_1epoch,complete,True,False,221,/home/zechuan/iraod_artifacts/comparison/xaf_student_quant_20260908/aasfod_runs_36c2053/dior/brightness/seed_44/methods/AASFOD/work/iter_185.pth,/home/zechuan/iraod_artifacts/comparison/xaf_student_quant_20260908/aasfod_runs_36c2053/dior/brightness/seed_44/methods/AASFOD/work/iter_185_ema.pth,2026-09-11T21:53:20.402886+00:00,cbd0f75ab147fea6728f61d6fd696325cc195296,.221:/home/zechuan/iraod_artifacts/comparison/xaf_student_quant_20260908/aasfod_runs_36c2053/dior/brightness/seed_44/methods/AASFOD/terminal_status,.221:/home/zechuan/iraod_artifacts/comparison/xaf_student_quant_20260908/aasfod_runs_36c2053/dior/brightness/seed_44/methods/AASFOD/execution.json,2026-09-12T01:56:13.707503+00:00,
DIOR,brightness,B,42,common_1epoch,complete,True,False,67,/mnt/shared/zechuan/iraod_artifacts/comparison/dior/brightness/seed_42/0f98a48/methods/B/work/iter_185.pth,/mnt/shared/zechuan/iraod_artifacts/comparison/dior/brightness/seed_42/0f98a48/methods/B/work/iter_185_ema.pth,2026-09-06T02:58:50+00:00,0f98a48b539f9260055fc305784ffbc924f50451,/mnt/shared/zechuan/iraod_artifacts/comparison/dior/brightness/seed_42/0f98a48/methods/B/terminal_status,.67:/mnt/shared/zechuan/iraod_artifacts/comparison/final_delivery_20260908_4a6bc50/report/report.json,2026-09-12T01:56:02.159389+00:00,
DIOR,brightness,B,43,common_1epoch,complete,True,False,67,/mnt/shared/zechuan/iraod_artifacts/comparison/dior/brightness/seed_43/0f98a48/methods/B/work/iter_185.pth,/mnt/shared/zechuan/iraod_artifacts/comparison/dior/brightness/seed_43/0f98a48/methods/B/work/iter_185_ema.pth,2026-09-07T00:40:25+00:00,0f98a48b539f9260055fc305784ffbc924f50451,/mnt/shared/zechuan/iraod_artifacts/comparison/dior/brightness/seed_43/0f98a48/methods/B/terminal_status,.67:/mnt/shared/zechuan/iraod_artifacts/comparison/final_delivery_20260908_4a6bc50/report/report.json,2026-09-12T01:56:02.471193+00:00,
DIOR,brightness,B,44,common_1epoch,complete,True,False,67,/mnt/shared/zechuan/iraod_artifacts/comparison/dior/brightness/seed_44/0f98a48/methods/B/work/iter_185.pth,/mnt/shared/zechuan/iraod_artifacts/comparison/dior/brightness/seed_44/0f98a48/methods/B/work/iter_185_ema.pth,2026-09-07T15:11:32+00:00,0f98a48b539f9260055fc305784ffbc924f50451,/mnt/shared/zechuan/iraod_artifacts/comparison/dior/brightness/seed_44/0f98a48/methods/B/terminal_status,.67:/mnt/shared/zechuan/iraod_artifacts/comparison/final_delivery_20260908_4a6bc50/report/report.json,2026-09-12T01:56:02.745466+00:00,
DIOR,brightness,B_REG,42,common_1epoch,complete,True,False,221,/home/zechuan/iraod_artifacts/comparison/xaf_student_quant_20260908/b_reg_runs_0e5f8f7/dior/brightness/seed_42/methods/B_REG/work/iter_185.pth,/home/zechuan/iraod_artifacts/comparison/xaf_student_quant_20260908/b_reg_runs_0e5f8f7/dior/brightness/seed_42/methods/B_REG/work/iter_185_ema.pth,2026-09-09T01:01:23.066556+00:00,0f98a48b539f9260055fc305784ffbc924f50451,.221:/home/zechuan/iraod_artifacts/comparison/xaf_student_quant_20260908/b_reg_runs_0e5f8f7/dior/brightness/seed_42/methods/B_REG/terminal_status,.221:/home/zechuan/iraod_artifacts/comparison/xaf_student_quant_20260908/b_reg_runs_0e5f8f7/dior/brightness/seed_42/methods/B_REG/execution.json,2026-09-12T01:56:06.641705+00:00,
DIOR,brightness,B_REG,43,common_1epoch,complete,True,False,221,/home/zechuan/iraod_artifacts/comparison/xaf_student_quant_20260908/b_reg_runs_0e5f8f7/dior/brightness/seed_43/methods/B_REG/work/iter_185.pth,/home/zechuan/iraod_artifacts/comparison/xaf_student_quant_20260908/b_reg_runs_0e5f8f7/dior/brightness/seed_43/methods/B_REG/work/iter_185_ema.pth,2026-09-09T01:01:22.778545+00:00,0f98a48b539f9260055fc305784ffbc924f50451,.221:/home/zechuan/iraod_artifacts/comparison/xaf_student_quant_20260908/b_reg_runs_0e5f8f7/dior/brightness/seed_43/methods/B_REG/terminal_status,.221:/home/zechuan/iraod_artifacts/comparison/xaf_student_quant_20260908/b_reg_runs_0e5f8f7/dior/brightness/seed_43/methods/B_REG/execution.json,2026-09-12T01:56:06.747991+00:00,
DIOR,brightness,B_REG,44,common_1epoch,complete,True,False,221,/home/zechuan/iraod_artifacts/comparison/xaf_student_quant_20260908/b_reg_runs_0e5f8f7/dior/brightness/seed_44/methods/B_REG/work/iter_185.pth,/home/zechuan/iraod_artifacts/comparison/xaf_student_quant_20260908/b_reg_runs_0e5f8f7/dior/brightness/seed_44/methods/B_REG/work/iter_185_ema.pth,2026-09-09T01:10:11.209293+00:00,0f98a48b539f9260055fc305784ffbc924f50451,.221:/home/zechuan/iraod_artifacts/comparison/xaf_student_quant_20260908/b_reg_runs_0e5f8f7/dior/brightness/seed_44/methods/B_REG/terminal_status,.221:/home/zechuan/iraod_artifacts/comparison/xaf_student_quant_20260908/b_reg_runs_0e5f8f7/dior/brightness/seed_44/methods/B_REG/execution.json,2026-09-12T01:56:06.815989+00:00,
DIOR,brightness,C,42,common_1epoch,complete,True,False,67,/mnt/shared/zechuan/iraod_artifacts/comparison/dior/brightness/seed_42/0f98a48/methods/C/work/iter_185.pth,/mnt/shared/zechuan/iraod_artifacts/comparison/dior/brightness/seed_42/0f98a48/methods/C/work/iter_185_ema.pth,2026-09-06T04:36:23+00:00,0f98a48b539f9260055fc305784ffbc924f50451,/mnt/shared/zechuan/iraod_artifacts/comparison/dior/brightness/seed_42/0f98a48/methods/C/terminal_status,.67:/mnt/shared/zechuan/iraod_artifacts/comparison/final_delivery_20260908_4a6bc50/report/report.json,2026-09-12T01:56:02.220698+00:00,
DIOR,brightness,C,43,common_1epoch,complete,True,False,67,/mnt/shared/zechuan/iraod_artifacts/comparison/dior/brightness/seed_43/0f98a48/methods/C/work/iter_185.pth,/mnt/shared/zechuan/iraod_artifacts/comparison/dior/brightness/seed_43/0f98a48/methods/C/work/iter_185_ema.pth,2026-09-07T02:37:15+00:00,0f98a48b539f9260055fc305784ffbc924f50451,/mnt/shared/zechuan/iraod_artifacts/comparison/dior/brightness/seed_43/0f98a48/methods/C/terminal_status,.67:/mnt/shared/zechuan/iraod_artifacts/comparison/final_delivery_20260908_4a6bc50/report/report.json,2026-09-12T01:56:02.525049+00:00,
DIOR,brightness,C,44,common_1epoch,complete,True,False,67,/mnt/shared/zechuan/iraod_artifacts/comparison/dior/brightness/seed_44/0f98a48/methods/C/work/iter_185.pth,/mnt/shared/zechuan/iraod_artifacts/comparison/dior/brightness/seed_44/0f98a48/methods/C/work/iter_185_ema.pth,2026-09-07T16:05:32+00:00,0f98a48b539f9260055fc305784ffbc924f50451,/mnt/shared/zechuan/iraod_artifacts/comparison/dior/brightness/seed_44/0f98a48/methods/C/terminal_status,.67:/mnt/shared/zechuan/iraod_artifacts/comparison/final_delivery_20260908_4a6bc50/report/report.json,2026-09-12T01:56:02.801227+00:00,
DIOR,brightness,D,42,common_1epoch,complete,True,False,67,/mnt/shared/zechuan/iraod_artifacts/comparison/dior/brightness/seed_42/0f98a48/methods/D/work/iter_185.pth,/mnt/shared/zechuan/iraod_artifacts/comparison/dior/brightness/seed_42/0f98a48/methods/D/work/iter_185_ema.pth,2026-09-06T03:13:25+00:00,0f98a48b539f9260055fc305784ffbc924f50451,/mnt/shared/zechuan/iraod_artifacts/comparison/dior/brightness/seed_42/0f98a48/methods/D/terminal_status,.67:/mnt/shared/zechuan/iraod_artifacts/comparison/final_delivery_20260908_4a6bc50/report/report.json,2026-09-12T01:56:02.282864+00:00,
DIOR,brightness,D,43,common_1epoch,complete,True,False,67,/mnt/shared/zechuan/iraod_artifacts/comparison/dior/brightness/seed_43/0f98a48/methods/D/work/iter_185.pth,/mnt/shared/zechuan/iraod_artifacts/comparison/dior/brightness/seed_43/0f98a48/methods/D/work/iter_185_ema.pth,2026-09-07T01:55:27+00:00,0f98a48b539f9260055fc305784ffbc924f50451,/mnt/shared/zechuan/iraod_artifacts/comparison/dior/brightness/seed_43/0f98a48/methods/D/terminal_status,.67:/mnt/shared/zechuan/iraod_artifacts/comparison/final_delivery_20260908_4a6bc50/report/report.json,2026-09-12T01:56:02.579467+00:00,
DIOR,brightness,D,44,common_1epoch,complete,True,False,67,/mnt/shared/zechuan/iraod_artifacts/comparison/dior/brightness/seed_44/0f98a48/methods/D/work/iter_185.pth,/mnt/shared/zechuan/iraod_artifacts/comparison/dior/brightness/seed_44/0f98a48/methods/D/work/iter_185_ema.pth,2026-09-07T16:38:11+00:00,0f98a48b539f9260055fc305784ffbc924f50451,/mnt/shared/zechuan/iraod_artifacts/comparison/dior/brightness/seed_44/0f98a48/methods/D/terminal_status,.67:/mnt/shared/zechuan/iraod_artifacts/comparison/final_delivery_20260908_4a6bc50/report/report.json,2026-09-12T01:56:02.857488+00:00,
DIOR,brightness,E,42,common_1epoch,complete,True,False,67,/mnt/shared/zechuan/iraod_artifacts/comparison/dior/brightness/seed_42/0f98a48/methods/E/ddp2/work/iter_185.pth,/mnt/shared/zechuan/iraod_artifacts/comparison/dior/brightness/seed_42/0f98a48/methods/E/ddp2/work/iter_185_ema.pth,2026-09-06T06:28:01+00:00,0f98a48b539f9260055fc305784ffbc924f50451,/mnt/shared/zechuan/iraod_artifacts/comparison/dior/brightness/seed_42/0f98a48/methods/E/ddp2/terminal_status,.67:/mnt/shared/zechuan/iraod_artifacts/comparison/final_delivery_20260908_4a6bc50/report/report.json,2026-09-12T01:56:02.345534+00:00,
DIOR,brightness,E,43,common_1epoch,complete,True,False,67,/mnt/shared/zechuan/iraod_artifacts/comparison/dior/brightness/seed_43/0f98a48/methods/E/ddp2/work/iter_185.pth,/mnt/shared/zechuan/iraod_artifacts/comparison/dior/brightness/seed_43/0f98a48/methods/E/ddp2/work/iter_185_ema.pth,2026-09-07T19:00:48+00:00,0f98a48b539f9260055fc305784ffbc924f50451,/mnt/shared/zechuan/iraod_artifacts/comparison/dior/brightness/seed_43/0f98a48/methods/E/ddp2/terminal_status,.67:/mnt/shared/zechuan/iraod_artifacts/comparison/final_delivery_20260908_4a6bc50/report/report.json,2026-09-12T01:56:02.634640+00:00,
DIOR,brightness,E,44,common_1epoch,complete,True,False,67,/mnt/shared/zechuan/iraod_artifacts/comparison/dior/brightness/seed_44/0f98a48/methods/E/ddp2/work/iter_185.pth,/mnt/shared/zechuan/iraod_artifacts/comparison/dior/brightness/seed_44/0f98a48/methods/E/ddp2/work/iter_185_ema.pth,2026-09-07T19:20:59+00:00,0f98a48b539f9260055fc305784ffbc924f50451,/mnt/shared/zechuan/iraod_artifacts/comparison/dior/brightness/seed_44/0f98a48/methods/E/ddp2/terminal_status,.67:/mnt/shared/zechuan/iraod_artifacts/comparison/final_delivery_20260908_4a6bc50/report/report.json,2026-09-12T01:56:02.913916+00:00,
DIOR,brightness,F,42,common_1epoch,complete,True,False,67,/mnt/shared/zechuan/iraod_artifacts/comparison/dior/brightness/seed_42/0f98a48/methods/F/ddp2/work/iter_185.pth,/mnt/shared/zechuan/iraod_artifacts/comparison/dior/brightness/seed_42/0f98a48/methods/F/ddp2/work/iter_185_ema.pth,2026-09-06T07:17:13+00:00,0f98a48b539f9260055fc305784ffbc924f50451,/mnt/shared/zechuan/iraod_artifacts/comparison/dior/brightness/seed_42/0f98a48/methods/F/ddp2/terminal_status,.67:/mnt/shared/zechuan/iraod_artifacts/comparison/final_delivery_20260908_4a6bc50/report/report.json,2026-09-12T01:56:02.409597+00:00,
DIOR,brightness,F,43,common_1epoch,complete,True,False,67,/mnt/shared/zechuan/iraod_artifacts/comparison/dior/brightness/seed_43/0f98a48/methods/F/ddp2/work/iter_185.pth,/mnt/shared/zechuan/iraod_artifacts/comparison/dior/brightness/seed_43/0f98a48/methods/F/ddp2/work/iter_185_ema.pth,2026-09-07T19:12:17+00:00,0f98a48b539f9260055fc305784ffbc924f50451,/mnt/shared/zechuan/iraod_artifacts/comparison/dior/brightness/seed_43/0f98a48/methods/F/ddp2/terminal_status,.67:/mnt/shared/zechuan/iraod_artifacts/comparison/final_delivery_20260908_4a6bc50/report/report.json,2026-09-12T01:56:02.690974+00:00,
DIOR,brightness,F,44,common_1epoch,complete,True,False,67,/mnt/shared/zechuan/iraod_artifacts/comparison/dior/brightness/seed_44/0f98a48/methods/F/ddp2/work/iter_185.pth,/mnt/shared/zechuan/iraod_artifacts/comparison/dior/brightness/seed_44/0f98a48/methods/F/ddp2/work/iter_185_ema.pth,2026-09-07T19:32:22+00:00,0f98a48b539f9260055fc305784ffbc924f50451,/mnt/shared/zechuan/iraod_artifacts/comparison/dior/brightness/seed_44/0f98a48/methods/F/ddp2/terminal_status,.67:/mnt/shared/zechuan/iraod_artifacts/comparison/final_delivery_20260908_4a6bc50/report/report.json,2026-09-12T01:56:02.974252+00:00,
DIOR,brightness,F_text_only,42,common_1epoch,complete,True,False,221,/home/zechuan/iraod_artifacts/comparison/xaf_student_quant_20260908/f_deletion_runs_daa3992/dior/brightness/seed_42/methods/F_text_only/ddp2/work/iter_185.pth,/home/zechuan/iraod_artifacts/comparison/xaf_student_quant_20260908/f_deletion_runs_daa3992/dior/brightness/seed_42/methods/F_text_only/ddp2/work/iter_185_ema.pth,2026-09-09T01:04:41.204564+00:00,0f98a48b539f9260055fc305784ffbc924f50451,.221:/home/zechuan/iraod_artifacts/comparison/xaf_student_quant_20260908/f_deletion_runs_daa3992/dior/brightness/seed_42/methods/F_text_only/ddp2/terminal_status,.221:/home/zechuan/iraod_artifacts/comparison/xaf_student_quant_20260908/f_deletion_runs_daa3992/dior/brightness/seed_42/methods/F_text_only/execution.json,2026-09-12T01:56:07.435376+00:00,
DIOR,brightness,F_text_only,43,common_1epoch,complete,True,False,221,/home/zechuan/iraod_artifacts/comparison/xaf_student_quant_20260908/f_deletion_runs_daa3992/dior/brightness/seed_43/methods/F_text_only/ddp2/work/iter_185.pth,/home/zechuan/iraod_artifacts/comparison/xaf_student_quant_20260908/f_deletion_runs_daa3992/dior/brightness/seed_43/methods/F_text_only/ddp2/work/iter_185_ema.pth,2026-09-08T21:05:38.550865+00:00,0f98a48b539f9260055fc305784ffbc924f50451,.221:/home/zechuan/iraod_artifacts/comparison/xaf_student_quant_20260908/f_deletion_runs_daa3992/dior/brightness/seed_43/methods/F_text_only/ddp2/terminal_status,.221:/home/zechuan/iraod_artifacts/comparison/xaf_student_quant_20260908/f_deletion_runs_daa3992/dior/brightness/seed_43/methods/F_text_only/execution.json,2026-09-12T01:56:07.647707+00:00,
DIOR,brightness,F_text_only,44,common_1epoch,complete,True,False,221,/home/zechuan/iraod_artifacts/comparison/xaf_student_quant_20260908/f_deletion_runs_daa3992/dior/brightness/seed_44/methods/F_text_only/ddp2/work/iter_185.pth,/home/zechuan/iraod_artifacts/comparison/xaf_student_quant_20260908/f_deletion_runs_daa3992/dior/brightness/seed_44/methods/F_text_only/ddp2/work/iter_185_ema.pth,2026-09-08T21:31:05.454891+00:00,0f98a48b539f9260055fc305784ffbc924f50451,.221:/home/zechuan/iraod_artifacts/comparison/xaf_student_quant_20260908/f_deletion_runs_daa3992/dior/brightness/seed_44/methods/F_text_only/ddp2/terminal_status,.221:/home/zechuan/iraod_artifacts/comparison/xaf_student_quant_20260908/f_deletion_runs_daa3992/dior/brightness/seed_44/methods/F_text_only/execution.json,2026-09-12T01:56:07.823413+00:00,
DIOR,brightness,F_veto_only,42,common_1epoch,complete,True,False,221,/home/zechuan/iraod_artifacts/comparison/xaf_student_quant_20260908/f_deletion_runs_daa3992/dior/brightness/seed_42/methods/F_veto_only/ddp2/work/iter_185.pth,/home/zechuan/iraod_artifacts/comparison/xaf_student_quant_20260908/f_deletion_runs_daa3992/dior/brightness/seed_42/methods/F_veto_only/ddp2/work/iter_185_ema.pth,2026-09-09T01:18:11.428286+00:00,0f98a48b539f9260055fc305784ffbc924f50451,.221:/home/zechuan/iraod_artifacts/comparison/xaf_student_quant_20260908/f_deletion_runs_daa3992/dior/brightness/seed_42/methods/F_veto_only/ddp2/terminal_status,.221:/home/zechuan/iraod_artifacts/comparison/xaf_student_quant_20260908/f_deletion_runs_daa3992/dior/brightness/seed_42/methods/F_veto_only/execution.json,2026-09-12T01:56:07.526568+00:00,
DIOR,brightness,F_veto_only,43,common_1epoch,complete,True,False,221,/home/zechuan/iraod_artifacts/comparison/xaf_student_quant_20260908/f_deletion_runs_daa3992/dior/brightness/seed_43/methods/F_veto_only/ddp2/work/iter_185.pth,/home/zechuan/iraod_artifacts/comparison/xaf_student_quant_20260908/f_deletion_runs_daa3992/dior/brightness/seed_43/methods/F_veto_only/ddp2/work/iter_185_ema.pth,2026-09-08T21:19:07.024953+00:00,0f98a48b539f9260055fc305784ffbc924f50451,.221:/home/zechuan/iraod_artifacts/comparison/xaf_student_quant_20260908/f_deletion_runs_daa3992/dior/brightness/seed_43/methods/F_veto_only/ddp2/terminal_status,.221:/home/zechuan/iraod_artifacts/comparison/xaf_student_quant_20260908/f_deletion_runs_daa3992/dior/brightness/seed_43/methods/F_veto_only/execution.json,2026-09-12T01:56:07.738863+00:00,
DIOR,brightness,F_veto_only,44,common_1epoch,complete,True,False,221,/home/zechuan/iraod_artifacts/comparison/xaf_student_quant_20260908/f_deletion_runs_daa3992/dior/brightness/seed_44/methods/F_veto_only/ddp2/work/iter_185.pth,/home/zechuan/iraod_artifacts/comparison/xaf_student_quant_20260908/f_deletion_runs_daa3992/dior/brightness/seed_44/methods/F_veto_only/ddp2/work/iter_185_ema.pth,2026-09-08T21:44:23.964019+00:00,0f98a48b539f9260055fc305784ffbc924f50451,.221:/home/zechuan/iraod_artifacts/comparison/xaf_student_quant_20260908/f_deletion_runs_daa3992/dior/brightness/seed_44/methods/F_veto_only/ddp2/terminal_status,.221:/home/zechuan/iraod_artifacts/comparison/xaf_student_quant_20260908/f_deletion_runs_daa3992/dior/brightness/seed_44/methods/F_veto_only/execution.json,2026-09-12T01:56:07.917789+00:00,
DIOR,brightness,IRG,42,common_1epoch,complete,True,False,67,/mnt/shared/zechuan/iraod_artifacts/comparison/xaf_student_quant_20260908/formal_ports_runs_a39c832/dior/brightness/seed_42/methods/IRG/work/iter_185.pth,/mnt/shared/zechuan/iraod_artifacts/comparison/xaf_student_quant_20260908/formal_ports_runs_a39c832/dior/brightness/seed_42/methods/IRG/work/iter_185_ema.pth,2026-09-08T09:49:01+00:00,a39c83221c73e71d273b96ef95c65f6d8d1e84f9,.67:/mnt/shared/zechuan/iraod_artifacts/comparison/xaf_student_quant_20260908/formal_ports_runs_a39c832/dior/brightness/seed_42/methods/IRG/terminal_status,.67:/mnt/shared/zechuan/iraod_artifacts/comparison/xaf_student_quant_20260908/formal_ports_runs_a39c832/dior/brightness/seed_42/methods/IRG/execution.json,2026-09-12T01:56:08.114521+00:00,
DIOR,brightness,IRG,43,common_1epoch,complete,True,False,67,/mnt/shared/zechuan/iraod_artifacts/comparison/xaf_student_quant_20260908/formal_ports_runs_a39c832/dior/brightness/seed_43/methods/IRG/work/iter_185.pth,/mnt/shared/zechuan/iraod_artifacts/comparison/xaf_student_quant_20260908/formal_ports_runs_a39c832/dior/brightness/seed_43/methods/IRG/work/iter_185_ema.pth,2026-09-08T09:55:18+00:00,a39c83221c73e71d273b96ef95c65f6d8d1e84f9,.67:/mnt/shared/zechuan/iraod_artifacts/comparison/xaf_student_quant_20260908/formal_ports_runs_a39c832/dior/brightness/seed_43/methods/IRG/terminal_status,.67:/mnt/shared/zechuan/iraod_artifacts/comparison/xaf_student_quant_20260908/formal_ports_runs_a39c832/dior/brightness/seed_43/methods/IRG/execution.json,2026-09-12T01:56:08.216295+00:00,
DIOR,brightness,IRG,44,common_1epoch,complete,True,False,67,/mnt/shared/zechuan/iraod_artifacts/comparison/xaf_student_quant_20260908/formal_ports_runs_a39c832/dior/brightness/seed_44/methods/IRG/work/iter_185.pth,/mnt/shared/zechuan/iraod_artifacts/comparison/xaf_student_quant_20260908/formal_ports_runs_a39c832/dior/brightness/seed_44/methods/IRG/work/iter_185_ema.pth,2026-09-08T10:01:52+00:00,a39c83221c73e71d273b96ef95c65f6d8d1e84f9,.67:/mnt/shared/zechuan/iraod_artifacts/comparison/xaf_student_quant_20260908/formal_ports_runs_a39c832/dior/brightness/seed_44/methods/IRG/terminal_status,.67:/mnt/shared/zechuan/iraod_artifacts/comparison/xaf_student_quant_20260908/formal_ports_runs_a39c832/dior/brightness/seed_44/methods/IRG/execution.json,2026-09-12T01:56:08.310996+00:00,
DIOR,brightness,LPLD,42,common_1epoch,complete,True,False,67,/mnt/shared/zechuan/iraod_artifacts/comparison/xaf_student_quant_20260908/formal_ports_runs_a39c832/dior/brightness/seed_42/methods/LPLD/work/iter_185.pth,/mnt/shared/zechuan/iraod_artifacts/comparison/xaf_student_quant_20260908/formal_ports_runs_a39c832/dior/brightness/seed_42/methods/LPLD/work/iter_185_ema.pth,2026-09-08T09:48:51+00:00,a39c83221c73e71d273b96ef95c65f6d8d1e84f9,.67:/mnt/shared/zechuan/iraod_artifacts/comparison/xaf_student_quant_20260908/formal_ports_runs_a39c832/dior/brightness/seed_42/methods/LPLD/terminal_status,.67:/mnt/shared/zechuan/iraod_artifacts/comparison/xaf_student_quant_20260908/formal_ports_runs_a39c832/dior/brightness/seed_42/methods/LPLD/execution.json,2026-09-12T01:56:08.150561+00:00,
DIOR,brightness,LPLD,43,common_1epoch,complete,True,False,67,/mnt/shared/zechuan/iraod_artifacts/comparison/xaf_student_quant_20260908/formal_ports_runs_a39c832/dior/brightness/seed_43/methods/LPLD/work/iter_185.pth,/mnt/shared/zechuan/iraod_artifacts/comparison/xaf_student_quant_20260908/formal_ports_runs_a39c832/dior/brightness/seed_43/methods/LPLD/work/iter_185_ema.pth,2026-09-08T09:55:14+00:00,a39c83221c73e71d273b96ef95c65f6d8d1e84f9,.67:/mnt/shared/zechuan/iraod_artifacts/comparison/xaf_student_quant_20260908/formal_ports_runs_a39c832/dior/brightness/seed_43/methods/LPLD/terminal_status,.67:/mnt/shared/zechuan/iraod_artifacts/comparison/xaf_student_quant_20260908/formal_ports_runs_a39c832/dior/brightness/seed_43/methods/LPLD/execution.json,2026-09-12T01:56:08.249387+00:00,
DIOR,brightness,LPLD,44,common_1epoch,complete,True,False,67,/mnt/shared/zechuan/iraod_artifacts/comparison/xaf_student_quant_20260908/formal_ports_runs_a39c832/dior/brightness/seed_44/methods/LPLD/work/iter_185.pth,/mnt/shared/zechuan/iraod_artifacts/comparison/xaf_student_quant_20260908/formal_ports_runs_a39c832/dior/brightness/seed_44/methods/LPLD/work/iter_185_ema.pth,2026-09-08T10:01:34+00:00,a39c83221c73e71d273b96ef95c65f6d8d1e84f9,.67:/mnt/shared/zechuan/iraod_artifacts/comparison/xaf_student_quant_20260908/formal_ports_runs_a39c832/dior/brightness/seed_44/methods/LPLD/terminal_status,.67:/mnt/shared/zechuan/iraod_artifacts/comparison/xaf_student_quant_20260908/formal_ports_runs_a39c832/dior/brightness/seed_44/methods/LPLD/execution.json,2026-09-12T01:56:08.344952+00:00,
DIOR,brightness,LoRA-CGA,42,supervised_lora_oracle,complete,True,False,221,/home/zechuan/iraod_artifacts/comparison/xaf_student_quant_20260908/oracle_dior24_20260909/dior/brightness/seed_42/methods/LoRA-CGA/work/iter_185.pth,/home/zechuan/iraod_artifacts/comparison/xaf_student_quant_20260908/oracle_dior24_20260909/dior/brightness/seed_42/methods/LoRA-CGA/work/iter_185_ema.pth,2026-09-12T00:19:46.425456+00:00,599de030df5a8658bf5f50d9fd5dfe442f8fc35d,.221:/home/zechuan/iraod_artifacts/comparison/xaf_student_quant_20260908/oracle_dior24_20260909/dior/brightness/seed_42/methods/LoRA-CGA/terminal_status,.221:/home/zechuan/iraod_artifacts/comparison/xaf_student_quant_20260908/oracle_dior24_20260909/dior/brightness/seed_42/methods/LoRA-CGA/execution.json,2026-09-12T01:56:14.025799+00:00,
DIOR,brightness,LoRA-CGA,43,supervised_lora_oracle,complete,True,False,221,/home/zechuan/iraod_artifacts/comparison/xaf_student_quant_20260908/oracle_dior24_20260909/dior/brightness/seed_43/methods/LoRA-CGA/work/iter_185.pth,/home/zechuan/iraod_artifacts/comparison/xaf_student_quant_20260908/oracle_dior24_20260909/dior/brightness/seed_43/methods/LoRA-CGA/work/iter_185_ema.pth,2026-09-12T00:20:53.858113+00:00,599de030df5a8658bf5f50d9fd5dfe442f8fc35d,.221:/home/zechuan/iraod_artifacts/comparison/xaf_student_quant_20260908/oracle_dior24_20260909/dior/brightness/seed_43/methods/LoRA-CGA/terminal_status,.221:/home/zechuan/iraod_artifacts/comparison/xaf_student_quant_20260908/oracle_dior24_20260909/dior/brightness/seed_43/methods/LoRA-CGA/execution.json,2026-09-12T01:56:14.037461+00:00,
DIOR,brightness,LoRA-CGA,44,supervised_lora_oracle,complete,True,False,221,/home/zechuan/iraod_artifacts/comparison/xaf_student_quant_20260908/oracle_dior24_20260909/dior/brightness/seed_44/methods/LoRA-CGA/work/iter_185.pth,/home/zechuan/iraod_artifacts/comparison/xaf_student_quant_20260908/oracle_dior24_20260909/dior/brightness/seed_44/methods/LoRA-CGA/work/iter_185_ema.pth,2026-09-12T00:20:52.749136+00:00,599de030df5a8658bf5f50d9fd5dfe442f8fc35d,.221:/home/zechuan/iraod_artifacts/comparison/xaf_student_quant_20260908/oracle_dior24_20260909/dior/brightness/seed_44/methods/LoRA-CGA/terminal_status,.221:/home/zechuan/iraod_artifacts/comparison/xaf_student_quant_20260908/oracle_dior24_20260909/dior/brightness/seed_44/methods/LoRA-CGA/execution.json,2026-09-12T01:56:14.031638+00:00,
DIOR,brightness,LoRA-CGA+VLST,42,supervised_lora_oracle,complete,True,False,183,/home/zechuan/iraod_artifacts/comparison/xaf_student_quant_20260908/oracle_dior24_20260909/dior/brightness/seed_42/methods/LoRA-CGA+VLST/ddp2/work/iter_185.pth,/home/zechuan/iraod_artifacts/comparison/xaf_student_quant_20260908/oracle_dior24_20260909/dior/brightness/seed_42/methods/LoRA-CGA+VLST/ddp2/work/iter_185_ema.pth,2026-09-12T01:08:30.912518+00:00,599de030df5a8658bf5f50d9fd5dfe442f8fc35d,.183:/home/zechuan/iraod_artifacts/comparison/xaf_student_quant_20260908/oracle_dior24_20260909/dior/brightness/seed_42/methods/LoRA-CGA+VLST/ddp2/terminal_status,.183:/home/zechuan/iraod_artifacts/comparison/xaf_student_quant_20260908/oracle_dior24_20260909/dior/brightness/seed_42/methods/LoRA-CGA+VLST/execution.json,2026-09-12T01:55:56.046111+00:00,
DIOR,brightness,LoRA-CGA+VLST,43,supervised_lora_oracle,complete,True,False,183,/home/zechuan/iraod_artifacts/comparison/xaf_student_quant_20260908/oracle_dior24_20260909/dior/brightness/seed_43/methods/LoRA-CGA+VLST/ddp2/work/iter_185.pth,/home/zechuan/iraod_artifacts/comparison/xaf_student_quant_20260908/oracle_dior24_20260909/dior/brightness/seed_43/methods/LoRA-CGA+VLST/ddp2/work/iter_185_ema.pth,2026-09-12T01:08:20.869513+00:00,599de030df5a8658bf5f50d9fd5dfe442f8fc35d,.183:/home/zechuan/iraod_artifacts/comparison/xaf_student_quant_20260908/oracle_dior24_20260909/dior/brightness/seed_43/methods/LoRA-CGA+VLST/ddp2/terminal_status,.183:/home/zechuan/iraod_artifacts/comparison/xaf_student_quant_20260908/oracle_dior24_20260909/dior/brightness/seed_43/methods/LoRA-CGA+VLST/execution.json,2026-09-12T01:55:56.048402+00:00,
DIOR,brightness,LoRA-CGA+VLST,44,supervised_lora_oracle,complete,True,False,183,/home/zechuan/iraod_artifacts/comparison/xaf_student_quant_20260908/oracle_dior24_20260909/dior/brightness/seed_44/methods/LoRA-CGA+VLST/ddp2/work/iter_185.pth,/home/zechuan/iraod_artifacts/comparison/xaf_student_quant_20260908/oracle_dior24_20260909/dior/brightness/seed_44/methods/LoRA-CGA+VLST/ddp2/work/iter_185_ema.pth,2026-09-12T01:08:16.326510+00:00,599de030df5a8658bf5f50d9fd5dfe442f8fc35d,.183:/home/zechuan/iraod_artifacts/comparison/xaf_student_quant_20260908/oracle_dior24_20260909/dior/brightness/seed_44/methods/LoRA-CGA+VLST/ddp2/terminal_status,.183:/home/zechuan/iraod_artifacts/comparison/xaf_student_quant_20260908/oracle_dior24_20260909/dior/brightness/seed_44/methods/LoRA-CGA+VLST/execution.json,2026-09-12T01:55:56.050698+00:00,
DIOR,brightness,SFUT,42,common_1epoch,complete,True,False,67,/mnt/shared/zechuan/iraod_artifacts/comparison/xaf_student_quant_20260908/formal_ports_runs_a39c832/dior/brightness/seed_42/methods/SFUT/work/iter_185.pth,/mnt/shared/zechuan/iraod_artifacts/comparison/xaf_student_quant_20260908/formal_ports_runs_a39c832/dior/brightness/seed_42/methods/SFUT/work/iter_185_ema.pth,2026-09-08T09:48:42+00:00,a39c83221c73e71d273b96ef95c65f6d8d1e84f9,.67:/mnt/shared/zechuan/iraod_artifacts/comparison/xaf_student_quant_20260908/formal_ports_runs_a39c832/dior/brightness/seed_42/methods/SFUT/terminal_status,.67:/mnt/shared/zechuan/iraod_artifacts/comparison/xaf_student_quant_20260908/formal_ports_runs_a39c832/dior/brightness/seed_42/methods/SFUT/execution.json,2026-09-12T01:56:08.183251+00:00,
DIOR,brightness,SFUT,43,common_1epoch,complete,True,False,67,/mnt/shared/zechuan/iraod_artifacts/comparison/xaf_student_quant_20260908/formal_ports_runs_a39c832/dior/brightness/seed_43/methods/SFUT/work/iter_185.pth,/mnt/shared/zechuan/iraod_artifacts/comparison/xaf_student_quant_20260908/formal_ports_runs_a39c832/dior/brightness/seed_43/methods/SFUT/work/iter_185_ema.pth,2026-09-08T09:55:23+00:00,a39c83221c73e71d273b96ef95c65f6d8d1e84f9,.67:/mnt/shared/zechuan/iraod_artifacts/comparison/xaf_student_quant_20260908/formal_ports_runs_a39c832/dior/brightness/seed_43/methods/SFUT/terminal_status,.67:/mnt/shared/zechuan/iraod_artifacts/comparison/xaf_student_quant_20260908/formal_ports_runs_a39c832/dior/brightness/seed_43/methods/SFUT/execution.json,2026-09-12T01:56:08.281434+00:00,
DIOR,brightness,SFUT,44,common_1epoch,complete,True,False,67,/mnt/shared/zechuan/iraod_artifacts/comparison/xaf_student_quant_20260908/formal_ports_runs_a39c832/dior/brightness/seed_44/methods/SFUT/work/iter_185.pth,/mnt/shared/zechuan/iraod_artifacts/comparison/xaf_student_quant_20260908/formal_ports_runs_a39c832/dior/brightness/seed_44/methods/SFUT/work/iter_185_ema.pth,2026-09-08T10:01:57+00:00,a39c83221c73e71d273b96ef95c65f6d8d1e84f9,.67:/mnt/shared/zechuan/iraod_artifacts/comparison/xaf_student_quant_20260908/formal_ports_runs_a39c832/dior/brightness/seed_44/methods/SFUT/terminal_status,.67:/mnt/shared/zechuan/iraod_artifacts/comparison/xaf_student_quant_20260908/formal_ports_runs_a39c832/dior/brightness/seed_44/methods/SFUT/execution.json,2026-09-12T01:56:08.381098+00:00,
DIOR,brightness,SFYOLO,42,extended_2epoch,complete,True,False,183,/home/zechuan/iraod_artifacts/comparison/xaf_student_quant_20260908/sfyolo_runs_84a1aeb/dior/brightness/seed_42/methods/SFYOLO/work/iter_369.pth,/home/zechuan/iraod_artifacts/comparison/xaf_student_quant_20260908/sfyolo_runs_84a1aeb/dior/brightness/seed_42/methods/SFYOLO/work/iter_369_ema.pth,2026-09-12T00:54:41.954348+00:00,84a1aebcdf9fa6f710acc5c031dc12d4c0d465be,.183:/home/zechuan/iraod_artifacts/comparison/xaf_student_quant_20260908/sfyolo_runs_84a1aeb/dior/brightness/seed_42/methods/SFYOLO/terminal_status,.183:/home/zechuan/iraod_artifacts/comparison/xaf_student_quant_20260908/sfyolo_runs_84a1aeb/dior/brightness/seed_42/methods/SFYOLO/execution.json,2026-09-12T01:55:56.038363+00:00,
DIOR,brightness,SFYOLO,43,extended_2epoch,complete,True,False,183,/home/zechuan/iraod_artifacts/comparison/xaf_student_quant_20260908/sfyolo_runs_84a1aeb/dior/brightness/seed_43/methods/SFYOLO/work/iter_369.pth,/home/zechuan/iraod_artifacts/comparison/xaf_student_quant_20260908/sfyolo_runs_84a1aeb/dior/brightness/seed_43/methods/SFYOLO/work/iter_369_ema.pth,2026-09-12T00:56:14.097326+00:00,84a1aebcdf9fa6f710acc5c031dc12d4c0d465be,.183:/home/zechuan/iraod_artifacts/comparison/xaf_student_quant_20260908/sfyolo_runs_84a1aeb/dior/brightness/seed_43/methods/SFYOLO/terminal_status,.183:/home/zechuan/iraod_artifacts/comparison/xaf_student_quant_20260908/sfyolo_runs_84a1aeb/dior/brightness/seed_43/methods/SFYOLO/execution.json,2026-09-12T01:55:56.043402+00:00,
DIOR,brightness,SFYOLO,44,extended_2epoch,complete,True,False,183,/home/zechuan/iraod_artifacts/comparison/xaf_student_quant_20260908/sfyolo_runs_84a1aeb/dior/brightness/seed_44/methods/SFYOLO/work/iter_369.pth,/home/zechuan/iraod_artifacts/comparison/xaf_student_quant_20260908/sfyolo_runs_84a1aeb/dior/brightness/seed_44/methods/SFYOLO/work/iter_369_ema.pth,2026-09-12T00:56:22.239325+00:00,84a1aebcdf9fa6f710acc5c031dc12d4c0d465be,.183:/home/zechuan/iraod_artifacts/comparison/xaf_student_quant_20260908/sfyolo_runs_84a1aeb/dior/brightness/seed_44/methods/SFYOLO/terminal_status,.183:/home/zechuan/iraod_artifacts/comparison/xaf_student_quant_20260908/sfyolo_runs_84a1aeb/dior/brightness/seed_44/methods/SFYOLO/execution.json,2026-09-12T01:55:56.040867+00:00,
DIOR,clean,AASFOD,42,common_1epoch,complete,True,False,221,/home/zechuan/iraod_artifacts/comparison/xaf_student_quant_20260908/aasfod_runs_36c2053/dior/clean/seed_42/methods/AASFOD/work/iter_185.pth,/home/zechuan/iraod_artifacts/comparison/xaf_student_quant_20260908/aasfod_runs_36c2053/dior/clean/seed_42/methods/AASFOD/work/iter_185_ema.pth,2026-09-11T21:02:21.298207+00:00,cbd0f75ab147fea6728f61d6fd696325cc195296,.221:/home/zechuan/iraod_artifacts/comparison/xaf_student_quant_20260908/aasfod_runs_36c2053/dior/clean/seed_42/methods/AASFOD/terminal_status,.221:/home/zechuan/iraod_artifacts/comparison/xaf_student_quant_20260908/aasfod_runs_36c2053/dior/clean/seed_42/methods/AASFOD/execution.json,2026-09-12T01:56:13.619211+00:00,
DIOR,clean,AASFOD,43,common_1epoch,complete,True,False,221,/home/zechuan/iraod_artifacts/comparison/xaf_student_quant_20260908/aasfod_runs_36c2053/dior/clean/seed_43/methods/AASFOD/work/iter_185.pth,/home/zechuan/iraod_artifacts/comparison/xaf_student_quant_20260908/aasfod_runs_36c2053/dior/clean/seed_43/methods/AASFOD/work/iter_185_ema.pth,2026-09-11T21:29:55.688129+00:00,cbd0f75ab147fea6728f61d6fd696325cc195296,.221:/home/zechuan/iraod_artifacts/comparison/xaf_student_quant_20260908/aasfod_runs_36c2053/dior/clean/seed_43/methods/AASFOD/terminal_status,.221:/home/zechuan/iraod_artifacts/comparison/xaf_student_quant_20260908/aasfod_runs_36c2053/dior/clean/seed_43/methods/AASFOD/execution.json,2026-09-12T01:56:13.666228+00:00,
DIOR,clean,AASFOD,44,common_1epoch,complete,True,False,221,/home/zechuan/iraod_artifacts/comparison/xaf_student_quant_20260908/aasfod_runs_36c2053/dior/clean/seed_44/methods/AASFOD/work/iter_185.pth,/home/zechuan/iraod_artifacts/comparison/xaf_student_quant_20260908/aasfod_runs_36c2053/dior/clean/seed_44/methods/AASFOD/work/iter_185_ema.pth,2026-09-11T21:29:58.528234+00:00,cbd0f75ab147fea6728f61d6fd696325cc195296,.221:/home/zechuan/iraod_artifacts/comparison/xaf_student_quant_20260908/aasfod_runs_36c2053/dior/clean/seed_44/methods/AASFOD/terminal_status,.221:/home/zechuan/iraod_artifacts/comparison/xaf_student_quant_20260908/aasfod_runs_36c2053/dior/clean/seed_44/methods/AASFOD/execution.json,2026-09-12T01:56:13.644749+00:00,
DIOR,clean,B,42,common_1epoch,complete,True,False,67,/mnt/shared/zechuan/iraod_artifacts/comparison/dior/clean/seed_42/0f98a48/methods/B/work/iter_185.pth,/mnt/shared/zechuan/iraod_artifacts/comparison/dior/clean/seed_42/0f98a48/methods/B/work/iter_185_ema.pth,2026-09-06T16:54:44+00:00,0f98a48b539f9260055fc305784ffbc924f50451,/mnt/shared/zechuan/iraod_artifacts/comparison/dior/clean/seed_42/0f98a48/methods/B/terminal_status,.67:/mnt/shared/zechuan/iraod_artifacts/comparison/final_delivery_20260908_4a6bc50/report/report.json,2026-09-12T01:56:04.947370+00:00,
DIOR,clean,B,43,common_1epoch,complete,True,False,67,/mnt/shared/zechuan/iraod_artifacts/comparison/dior/clean/seed_43/0f98a48/methods/B/work/iter_185.pth,/mnt/shared/zechuan/iraod_artifacts/comparison/dior/clean/seed_43/0f98a48/methods/B/work/iter_185_ema.pth,2026-09-07T00:52:13+00:00,0f98a48b539f9260055fc305784ffbc924f50451,/mnt/shared/zechuan/iraod_artifacts/comparison/dior/clean/seed_43/0f98a48/methods/B/terminal_status,.67:/mnt/shared/zechuan/iraod_artifacts/comparison/final_delivery_20260908_4a6bc50/report/report.json,2026-09-12T01:56:05.295928+00:00,
DIOR,clean,B,44,common_1epoch,complete,True,False,67,/mnt/shared/zechuan/iraod_artifacts/comparison/dior/clean/seed_44/0f98a48/methods/B/work/iter_185.pth,/mnt/shared/zechuan/iraod_artifacts/comparison/dior/clean/seed_44/0f98a48/methods/B/work/iter_185_ema.pth,2026-09-07T13:19:58+00:00,0f98a48b539f9260055fc305784ffbc924f50451,/mnt/shared/zechuan/iraod_artifacts/comparison/dior/clean/seed_44/0f98a48/methods/B/terminal_status,.67:/mnt/shared/zechuan/iraod_artifacts/comparison/final_delivery_20260908_4a6bc50/report/report.json,2026-09-12T01:56:05.572839+00:00,
DIOR,clean,B_REG,42,common_1epoch,complete,True,False,221,/home/zechuan/iraod_artifacts/comparison/xaf_student_quant_20260908/b_reg_runs_0e5f8f7/dior/clean/seed_42/methods/B_REG/work/iter_185.pth,/home/zechuan/iraod_artifacts/comparison/xaf_student_quant_20260908/b_reg_runs_0e5f8f7/dior/clean/seed_42/methods/B_REG/work/iter_185_ema.pth,2026-09-08T21:01:28.357305+00:00,0f98a48b539f9260055fc305784ffbc924f50451,.221:/home/zechuan/iraod_artifacts/comparison/xaf_student_quant_20260908/b_reg_runs_0e5f8f7/dior/clean/seed_42/methods/B_REG/terminal_status,.221:/home/zechuan/iraod_artifacts/comparison/xaf_student_quant_20260908/b_reg_runs_0e5f8f7/dior/clean/seed_42/methods/B_REG/execution.json,2026-09-12T01:56:06.872260+00:00,
DIOR,clean,B_REG,43,common_1epoch,complete,True,False,221,/home/zechuan/iraod_artifacts/comparison/xaf_student_quant_20260908/b_reg_runs_0e5f8f7/dior/clean/seed_43/methods/B_REG/work/iter_185.pth,/home/zechuan/iraod_artifacts/comparison/xaf_student_quant_20260908/b_reg_runs_0e5f8f7/dior/clean/seed_43/methods/B_REG/work/iter_185_ema.pth,2026-09-08T21:01:44.209848+00:00,0f98a48b539f9260055fc305784ffbc924f50451,.221:/home/zechuan/iraod_artifacts/comparison/xaf_student_quant_20260908/b_reg_runs_0e5f8f7/dior/clean/seed_43/methods/B_REG/terminal_status,.221:/home/zechuan/iraod_artifacts/comparison/xaf_student_quant_20260908/b_reg_runs_0e5f8f7/dior/clean/seed_43/methods/B_REG/execution.json,2026-09-12T01:56:06.933397+00:00,
DIOR,clean,B_REG,44,common_1epoch,complete,True,False,221,/home/zechuan/iraod_artifacts/comparison/xaf_student_quant_20260908/b_reg_runs_0e5f8f7/dior/clean/seed_44/methods/B_REG/work/iter_185.pth,/home/zechuan/iraod_artifacts/comparison/xaf_student_quant_20260908/b_reg_runs_0e5f8f7/dior/clean/seed_44/methods/B_REG/work/iter_185_ema.pth,2026-09-08T21:09:58.492748+00:00,0f98a48b539f9260055fc305784ffbc924f50451,.221:/home/zechuan/iraod_artifacts/comparison/xaf_student_quant_20260908/b_reg_runs_0e5f8f7/dior/clean/seed_44/methods/B_REG/terminal_status,.221:/home/zechuan/iraod_artifacts/comparison/xaf_student_quant_20260908/b_reg_runs_0e5f8f7/dior/clean/seed_44/methods/B_REG/execution.json,2026-09-12T01:56:06.986830+00:00,
DIOR,clean,C,42,common_1epoch,complete,True,False,67,/mnt/shared/zechuan/iraod_artifacts/comparison/dior/clean/seed_42/0f98a48/methods/C/work/iter_185.pth,/mnt/shared/zechuan/iraod_artifacts/comparison/dior/clean/seed_42/0f98a48/methods/C/work/iter_185_ema.pth,2026-09-06T18:11:09+00:00,0f98a48b539f9260055fc305784ffbc924f50451,/mnt/shared/zechuan/iraod_artifacts/comparison/dior/clean/seed_42/0f98a48/methods/C/terminal_status,.67:/mnt/shared/zechuan/iraod_artifacts/comparison/final_delivery_20260908_4a6bc50/report/report.json,2026-09-12T01:56:05.012053+00:00,
DIOR,clean,C,43,common_1epoch,complete,True,False,67,/mnt/shared/zechuan/iraod_artifacts/comparison/dior/clean/seed_43/0f98a48/methods/C/work/iter_185.pth,/mnt/shared/zechuan/iraod_artifacts/comparison/dior/clean/seed_43/0f98a48/methods/C/work/iter_185_ema.pth,2026-09-07T01:12:05+00:00,0f98a48b539f9260055fc305784ffbc924f50451,/mnt/shared/zechuan/iraod_artifacts/comparison/dior/clean/seed_43/0f98a48/methods/C/terminal_status,.67:/mnt/shared/zechuan/iraod_artifacts/comparison/final_delivery_20260908_4a6bc50/report/report.json,2026-09-12T01:56:05.349361+00:00,
DIOR,clean,C,44,common_1epoch,complete,True,False,67,/mnt/shared/zechuan/iraod_artifacts/comparison/dior/clean/seed_44/0f98a48/methods/C/work/iter_185.pth,/mnt/shared/zechuan/iraod_artifacts/comparison/dior/clean/seed_44/0f98a48/methods/C/work/iter_185_ema.pth,2026-09-07T14:12:43+00:00,0f98a48b539f9260055fc305784ffbc924f50451,/mnt/shared/zechuan/iraod_artifacts/comparison/dior/clean/seed_44/0f98a48/methods/C/terminal_status,.67:/mnt/shared/zechuan/iraod_artifacts/comparison/final_delivery_20260908_4a6bc50/report/report.json,2026-09-12T01:56:05.629251+00:00,
DIOR,clean,D,42,common_1epoch,complete,True,False,67,/mnt/shared/zechuan/iraod_artifacts/comparison/dior/clean/seed_42/0f98a48/methods/D/work/iter_185.pth,/mnt/shared/zechuan/iraod_artifacts/comparison/dior/clean/seed_42/0f98a48/methods/D/work/iter_185_ema.pth,2026-09-06T17:48:33+00:00,0f98a48b539f9260055fc305784ffbc924f50451,/mnt/shared/zechuan/iraod_artifacts/comparison/dior/clean/seed_42/0f98a48/methods/D/terminal_status,.67:/mnt/shared/zechuan/iraod_artifacts/comparison/final_delivery_20260908_4a6bc50/report/report.json,2026-09-12T01:56:05.074381+00:00,
DIOR,clean,D,43,common_1epoch,complete,True,False,67,/mnt/shared/zechuan/iraod_artifacts/comparison/dior/clean/seed_43/0f98a48/methods/D/work/iter_185.pth,/mnt/shared/zechuan/iraod_artifacts/comparison/dior/clean/seed_43/0f98a48/methods/D/work/iter_185_ema.pth,2026-09-07T00:59:44+00:00,0f98a48b539f9260055fc305784ffbc924f50451,/mnt/shared/zechuan/iraod_artifacts/comparison/dior/clean/seed_43/0f98a48/methods/D/terminal_status,.67:/mnt/shared/zechuan/iraod_artifacts/comparison/final_delivery_20260908_4a6bc50/report/report.json,2026-09-12T01:56:05.404999+00:00,
DIOR,clean,D,44,common_1epoch,complete,True,False,67,/mnt/shared/zechuan/iraod_artifacts/comparison/dior/clean/seed_44/0f98a48/methods/D/work/iter_185.pth,/mnt/shared/zechuan/iraod_artifacts/comparison/dior/clean/seed_44/0f98a48/methods/D/work/iter_185_ema.pth,2026-09-07T14:46:10+00:00,0f98a48b539f9260055fc305784ffbc924f50451,/mnt/shared/zechuan/iraod_artifacts/comparison/dior/clean/seed_44/0f98a48/methods/D/terminal_status,.67:/mnt/shared/zechuan/iraod_artifacts/comparison/final_delivery_20260908_4a6bc50/report/report.json,2026-09-12T01:56:05.685458+00:00,
DIOR,clean,E,42,common_1epoch,complete,True,False,67,/mnt/shared/zechuan/iraod_artifacts/comparison/dior/clean/seed_42/0f98a48/methods/E/ddp2/work/iter_185.pth,/mnt/shared/zechuan/iraod_artifacts/comparison/dior/clean/seed_42/0f98a48/methods/E/ddp2/work/iter_185_ema.pth,2026-09-06T18:52:26+00:00,0f98a48b539f9260055fc305784ffbc924f50451,/mnt/shared/zechuan/iraod_artifacts/comparison/dior/clean/seed_42/0f98a48/methods/E/ddp2/terminal_status,.67:/mnt/shared/zechuan/iraod_artifacts/comparison/final_delivery_20260908_4a6bc50/report/report.json,2026-09-12T01:56:05.142602+00:00,
DIOR,clean,E,43,common_1epoch,complete,True,False,67,/mnt/shared/zechuan/iraod_artifacts/comparison/dior/clean/seed_43/0f98a48/methods/E/ddp2/work/iter_185.pth,/mnt/shared/zechuan/iraod_artifacts/comparison/dior/clean/seed_43/0f98a48/methods/E/ddp2/work/iter_185_ema.pth,2026-09-07T19:41:33+00:00,0f98a48b539f9260055fc305784ffbc924f50451,/mnt/shared/zechuan/iraod_artifacts/comparison/dior/clean/seed_43/0f98a48/methods/E/ddp2/terminal_status,.67:/mnt/shared/zechuan/iraod_artifacts/comparison/final_delivery_20260908_4a6bc50/report/report.json,2026-09-12T01:56:05.461325+00:00,
DIOR,clean,E,44,common_1epoch,complete,True,False,67,/mnt/shared/zechuan/iraod_artifacts/comparison/dior/clean/seed_44/0f98a48/methods/E/ddp2/work/iter_185.pth,/mnt/shared/zechuan/iraod_artifacts/comparison/dior/clean/seed_44/0f98a48/methods/E/ddp2/work/iter_185_ema.pth,2026-09-07T20:02:28+00:00,0f98a48b539f9260055fc305784ffbc924f50451,/mnt/shared/zechuan/iraod_artifacts/comparison/dior/clean/seed_44/0f98a48/methods/E/ddp2/terminal_status,.67:/mnt/shared/zechuan/iraod_artifacts/comparison/final_delivery_20260908_4a6bc50/report/report.json,2026-09-12T01:56:05.772174+00:00,
DIOR,clean,F,42,common_1epoch,complete,True,False,67,/mnt/shared/zechuan/iraod_artifacts/comparison/dior/clean/seed_42/0f98a48/methods/F/ddp2/work/iter_185.pth,/mnt/shared/zechuan/iraod_artifacts/comparison/dior/clean/seed_42/0f98a48/methods/F/ddp2/work/iter_185_ema.pth,2026-09-06T19:09:21+00:00,0f98a48b539f9260055fc305784ffbc924f50451,/mnt/shared/zechuan/iraod_artifacts/comparison/dior/clean/seed_42/0f98a48/methods/F/ddp2/terminal_status,.67:/mnt/shared/zechuan/iraod_artifacts/comparison/final_delivery_20260908_4a6bc50/report/report.json,2026-09-12T01:56:05.207498+00:00,
DIOR,clean,F,43,common_1epoch,complete,True,False,67,/mnt/shared/zechuan/iraod_artifacts/comparison/dior/clean/seed_43/0f98a48/methods/F/ddp2/work/iter_185.pth,/mnt/shared/zechuan/iraod_artifacts/comparison/dior/clean/seed_43/0f98a48/methods/F/ddp2/work/iter_185_ema.pth,2026-09-07T19:53:18+00:00,0f98a48b539f9260055fc305784ffbc924f50451,/mnt/shared/zechuan/iraod_artifacts/comparison/dior/clean/seed_43/0f98a48/methods/F/ddp2/terminal_status,.67:/mnt/shared/zechuan/iraod_artifacts/comparison/final_delivery_20260908_4a6bc50/report/report.json,2026-09-12T01:56:05.515633+00:00,
DIOR,clean,F,44,common_1epoch,complete,True,False,67,/mnt/shared/zechuan/iraod_artifacts/comparison/dior/clean/seed_44/0f98a48/methods/F/ddp2/work/iter_185.pth,/mnt/shared/zechuan/iraod_artifacts/comparison/dior/clean/seed_44/0f98a48/methods/F/ddp2/work/iter_185_ema.pth,2026-09-07T20:14:14+00:00,0f98a48b539f9260055fc305784ffbc924f50451,/mnt/shared/zechuan/iraod_artifacts/comparison/dior/clean/seed_44/0f98a48/methods/F/ddp2/terminal_status,.67:/mnt/shared/zechuan/iraod_artifacts/comparison/final_delivery_20260908_4a6bc50/report/report.json,2026-09-12T01:56:05.860753+00:00,
DIOR,clean,F_text_only,42,common_1epoch,complete,True,False,221,/home/zechuan/iraod_artifacts/comparison/xaf_student_quant_20260908/f_deletion_runs_daa3992/dior/clean/seed_42/methods/F_text_only/ddp2/work/iter_185.pth,/home/zechuan/iraod_artifacts/comparison/xaf_student_quant_20260908/f_deletion_runs_daa3992/dior/clean/seed_42/methods/F_text_only/ddp2/work/iter_185_ema.pth,2026-09-08T21:47:29.603177+00:00,0f98a48b539f9260055fc305784ffbc924f50451,.221:/home/zechuan/iraod_artifacts/comparison/xaf_student_quant_20260908/f_deletion_runs_daa3992/dior/clean/seed_42/methods/F_text_only/ddp2/terminal_status,.221:/home/zechuan/iraod_artifacts/comparison/xaf_student_quant_20260908/f_deletion_runs_daa3992/dior/clean/seed_42/methods/F_text_only/execution.json,2026-09-12T01:56:08.003948+00:00,
DIOR,clean,F_text_only,43,common_1epoch,complete,True,False,221,/home/zechuan/iraod_artifacts/comparison/xaf_student_quant_20260908/f_deletion_runs_daa3992/dior/clean/seed_43/methods/F_text_only/ddp2/work/iter_185.pth,/home/zechuan/iraod_artifacts/comparison/xaf_student_quant_20260908/f_deletion_runs_daa3992/dior/clean/seed_43/methods/F_text_only/ddp2/work/iter_185_ema.pth,2026-09-08T21:59:47.880253+00:00,0f98a48b539f9260055fc305784ffbc924f50451,.221:/home/zechuan/iraod_artifacts/comparison/xaf_student_quant_20260908/f_deletion_runs_daa3992/dior/clean/seed_43/methods/F_text_only/ddp2/terminal_status,.221:/home/zechuan/iraod_artifacts/comparison/xaf_student_quant_20260908/f_deletion_runs_daa3992/dior/clean/seed_43/methods/F_text_only/execution.json,2026-09-12T01:56:08.130916+00:00,
DIOR,clean,F_text_only,44,common_1epoch,complete,True,False,221,/home/zechuan/iraod_artifacts/comparison/xaf_student_quant_20260908/f_deletion_runs_daa3992/dior/clean/seed_44/methods/F_text_only/ddp2/work/iter_185.pth,/home/zechuan/iraod_artifacts/comparison/xaf_student_quant_20260908/f_deletion_runs_daa3992/dior/clean/seed_44/methods/F_text_only/ddp2/work/iter_185_ema.pth,2026-09-08T22:12:01.128536+00:00,0f98a48b539f9260055fc305784ffbc924f50451,.221:/home/zechuan/iraod_artifacts/comparison/xaf_student_quant_20260908/f_deletion_runs_daa3992/dior/clean/seed_44/methods/F_text_only/ddp2/terminal_status,.221:/home/zechuan/iraod_artifacts/comparison/xaf_student_quant_20260908/f_deletion_runs_daa3992/dior/clean/seed_44/methods/F_text_only/execution.json,2026-09-12T01:56:08.278950+00:00,
DIOR,clean,F_veto_only,42,common_1epoch,complete,True,False,221,/home/zechuan/iraod_artifacts/comparison/xaf_student_quant_20260908/f_deletion_runs_daa3992/dior/clean/seed_42/methods/F_veto_only/ddp2/work/iter_185.pth,/home/zechuan/iraod_artifacts/comparison/xaf_student_quant_20260908/f_deletion_runs_daa3992/dior/clean/seed_42/methods/F_veto_only/ddp2/work/iter_185_ema.pth,2026-09-08T21:57:57.340058+00:00,0f98a48b539f9260055fc305784ffbc924f50451,.221:/home/zechuan/iraod_artifacts/comparison/xaf_student_quant_20260908/f_deletion_runs_daa3992/dior/clean/seed_42/methods/F_veto_only/ddp2/terminal_status,.221:/home/zechuan/iraod_artifacts/comparison/xaf_student_quant_20260908/f_deletion_runs_daa3992/dior/clean/seed_42/methods/F_veto_only/execution.json,2026-09-12T01:56:08.057526+00:00,
DIOR,clean,F_veto_only,43,common_1epoch,complete,True,False,221,/home/zechuan/iraod_artifacts/comparison/xaf_student_quant_20260908/f_deletion_runs_daa3992/dior/clean/seed_43/methods/F_veto_only/ddp2/work/iter_185.pth,/home/zechuan/iraod_artifacts/comparison/xaf_student_quant_20260908/f_deletion_runs_daa3992/dior/clean/seed_43/methods/F_veto_only/ddp2/work/iter_185_ema.pth,2026-09-08T22:11:20.766048+00:00,0f98a48b539f9260055fc305784ffbc924f50451,.221:/home/zechuan/iraod_artifacts/comparison/xaf_student_quant_20260908/f_deletion_runs_daa3992/dior/clean/seed_43/methods/F_veto_only/ddp2/terminal_status,.221:/home/zechuan/iraod_artifacts/comparison/xaf_student_quant_20260908/f_deletion_runs_daa3992/dior/clean/seed_43/methods/F_veto_only/execution.json,2026-09-12T01:56:08.214158+00:00,
DIOR,clean,F_veto_only,44,common_1epoch,complete,True,False,221,/home/zechuan/iraod_artifacts/comparison/xaf_student_quant_20260908/f_deletion_runs_daa3992/dior/clean/seed_44/methods/F_veto_only/ddp2/work/iter_185.pth,/home/zechuan/iraod_artifacts/comparison/xaf_student_quant_20260908/f_deletion_runs_daa3992/dior/clean/seed_44/methods/F_veto_only/ddp2/work/iter_185_ema.pth,2026-09-08T22:24:49.164341+00:00,0f98a48b539f9260055fc305784ffbc924f50451,.221:/home/zechuan/iraod_artifacts/comparison/xaf_student_quant_20260908/f_deletion_runs_daa3992/dior/clean/seed_44/methods/F_veto_only/ddp2/terminal_status,.221:/home/zechuan/iraod_artifacts/comparison/xaf_student_quant_20260908/f_deletion_runs_daa3992/dior/clean/seed_44/methods/F_veto_only/execution.json,2026-09-12T01:56:08.357566+00:00,
DIOR,clean,IRG,42,common_1epoch,complete,True,False,67,/mnt/shared/zechuan/iraod_artifacts/comparison/xaf_student_quant_20260908/formal_ports_runs_a39c832/dior/clean/seed_42/methods/IRG/work/iter_185.pth,/mnt/shared/zechuan/iraod_artifacts/comparison/xaf_student_quant_20260908/formal_ports_runs_a39c832/dior/clean/seed_42/methods/IRG/work/iter_185_ema.pth,2026-09-08T10:08:19+00:00,a39c83221c73e71d273b96ef95c65f6d8d1e84f9,.67:/mnt/shared/zechuan/iraod_artifacts/comparison/xaf_student_quant_20260908/formal_ports_runs_a39c832/dior/clean/seed_42/methods/IRG/terminal_status,.67:/mnt/shared/zechuan/iraod_artifacts/comparison/xaf_student_quant_20260908/formal_ports_runs_a39c832/dior/clean/seed_42/methods/IRG/execution.json,2026-09-12T01:56:08.416563+00:00,
DIOR,clean,IRG,43,common_1epoch,complete,True,False,67,/mnt/shared/zechuan/iraod_artifacts/comparison/xaf_student_quant_20260908/formal_ports_runs_a39c832/dior/clean/seed_43/methods/IRG/work/iter_185.pth,/mnt/shared/zechuan/iraod_artifacts/comparison/xaf_student_quant_20260908/formal_ports_runs_a39c832/dior/clean/seed_43/methods/IRG/work/iter_185_ema.pth,2026-09-08T10:14:56+00:00,a39c83221c73e71d273b96ef95c65f6d8d1e84f9,.67:/mnt/shared/zechuan/iraod_artifacts/comparison/xaf_student_quant_20260908/formal_ports_runs_a39c832/dior/clean/seed_43/methods/IRG/terminal_status,.67:/mnt/shared/zechuan/iraod_artifacts/comparison/xaf_student_quant_20260908/formal_ports_runs_a39c832/dior/clean/seed_43/methods/IRG/execution.json,2026-09-12T01:56:08.517728+00:00,
DIOR,clean,IRG,44,common_1epoch,complete,True,False,67,/mnt/shared/zechuan/iraod_artifacts/comparison/xaf_student_quant_20260908/formal_ports_runs_a39c832/dior/clean/seed_44/methods/IRG/work/iter_185.pth,/mnt/shared/zechuan/iraod_artifacts/comparison/xaf_student_quant_20260908/formal_ports_runs_a39c832/dior/clean/seed_44/methods/IRG/work/iter_185_ema.pth,2026-09-08T10:21:07+00:00,a39c83221c73e71d273b96ef95c65f6d8d1e84f9,.67:/mnt/shared/zechuan/iraod_artifacts/comparison/xaf_student_quant_20260908/formal_ports_runs_a39c832/dior/clean/seed_44/methods/IRG/terminal_status,.67:/mnt/shared/zechuan/iraod_artifacts/comparison/xaf_student_quant_20260908/formal_ports_runs_a39c832/dior/clean/seed_44/methods/IRG/execution.json,2026-09-12T01:56:08.628021+00:00,
DIOR,clean,LPLD,42,common_1epoch,complete,True,False,67,/mnt/shared/zechuan/iraod_artifacts/comparison/xaf_student_quant_20260908/formal_ports_runs_a39c832/dior/clean/seed_42/methods/LPLD/work/iter_185.pth,/mnt/shared/zechuan/iraod_artifacts/comparison/xaf_student_quant_20260908/formal_ports_runs_a39c832/dior/clean/seed_42/methods/LPLD/work/iter_185_ema.pth,2026-09-08T10:08:08+00:00,a39c83221c73e71d273b96ef95c65f6d8d1e84f9,.67:/mnt/shared/zechuan/iraod_artifacts/comparison/xaf_student_quant_20260908/formal_ports_runs_a39c832/dior/clean/seed_42/methods/LPLD/terminal_status,.67:/mnt/shared/zechuan/iraod_artifacts/comparison/xaf_student_quant_20260908/formal_ports_runs_a39c832/dior/clean/seed_42/methods/LPLD/execution.json,2026-09-12T01:56:08.449943+00:00,
DIOR,clean,LPLD,43,common_1epoch,complete,True,False,67,/mnt/shared/zechuan/iraod_artifacts/comparison/xaf_student_quant_20260908/formal_ports_runs_a39c832/dior/clean/seed_43/methods/LPLD/work/iter_185.pth,/mnt/shared/zechuan/iraod_artifacts/comparison/xaf_student_quant_20260908/formal_ports_runs_a39c832/dior/clean/seed_43/methods/LPLD/work/iter_185_ema.pth,2026-09-08T10:14:35+00:00,a39c83221c73e71d273b96ef95c65f6d8d1e84f9,.67:/mnt/shared/zechuan/iraod_artifacts/comparison/xaf_student_quant_20260908/formal_ports_runs_a39c832/dior/clean/seed_43/methods/LPLD/terminal_status,.67:/mnt/shared/zechuan/iraod_artifacts/comparison/xaf_student_quant_20260908/formal_ports_runs_a39c832/dior/clean/seed_43/methods/LPLD/execution.json,2026-09-12T01:56:08.552045+00:00,
DIOR,clean,LPLD,44,common_1epoch,complete,True,False,67,/mnt/shared/zechuan/iraod_artifacts/comparison/xaf_student_quant_20260908/formal_ports_runs_a39c832/dior/clean/seed_44/methods/LPLD/work/iter_185.pth,/mnt/shared/zechuan/iraod_artifacts/comparison/xaf_student_quant_20260908/formal_ports_runs_a39c832/dior/clean/seed_44/methods/LPLD/work/iter_185_ema.pth,2026-09-08T10:21:22+00:00,a39c83221c73e71d273b96ef95c65f6d8d1e84f9,.67:/mnt/shared/zechuan/iraod_artifacts/comparison/xaf_student_quant_20260908/formal_ports_runs_a39c832/dior/clean/seed_44/methods/LPLD/terminal_status,.67:/mnt/shared/zechuan/iraod_artifacts/comparison/xaf_student_quant_20260908/formal_ports_runs_a39c832/dior/clean/seed_44/methods/LPLD/execution.json,2026-09-12T01:56:08.662796+00:00,
DIOR,clean,LoRA-CGA,42,supervised_lora_oracle,complete,True,False,221,/home/zechuan/iraod_artifacts/comparison/xaf_student_quant_20260908/oracle_dior24_20260909/dior/clean/seed_42/methods/LoRA-CGA/work/iter_185.pth,/home/zechuan/iraod_artifacts/comparison/xaf_student_quant_20260908/oracle_dior24_20260909/dior/clean/seed_42/methods/LoRA-CGA/work/iter_185_ema.pth,2026-09-11T23:37:05.825963+00:00,599de030df5a8658bf5f50d9fd5dfe442f8fc35d,.221:/home/zechuan/iraod_artifacts/comparison/xaf_student_quant_20260908/oracle_dior24_20260909/dior/clean/seed_42/methods/LoRA-CGA/terminal_status,.221:/home/zechuan/iraod_artifacts/comparison/xaf_student_quant_20260908/oracle_dior24_20260909/dior/clean/seed_42/methods/LoRA-CGA/execution.json,2026-09-12T01:56:13.995306+00:00,
DIOR,clean,LoRA-CGA,43,supervised_lora_oracle,complete,True,False,221,/home/zechuan/iraod_artifacts/comparison/xaf_student_quant_20260908/oracle_dior24_20260909/dior/clean/seed_43/methods/LoRA-CGA/work/iter_185.pth,/home/zechuan/iraod_artifacts/comparison/xaf_student_quant_20260908/oracle_dior24_20260909/dior/clean/seed_43/methods/LoRA-CGA/work/iter_185_ema.pth,2026-09-11T23:41:41.102518+00:00,599de030df5a8658bf5f50d9fd5dfe442f8fc35d,.221:/home/zechuan/iraod_artifacts/comparison/xaf_student_quant_20260908/oracle_dior24_20260909/dior/clean/seed_43/methods/LoRA-CGA/terminal_status,.221:/home/zechuan/iraod_artifacts/comparison/xaf_student_quant_20260908/oracle_dior24_20260909/dior/clean/seed_43/methods/LoRA-CGA/execution.json,2026-09-12T01:56:14.020649+00:00,
DIOR,clean,LoRA-CGA,44,supervised_lora_oracle,complete,True,False,221,/home/zechuan/iraod_artifacts/comparison/xaf_student_quant_20260908/oracle_dior24_20260909/dior/clean/seed_44/methods/LoRA-CGA/work/iter_185.pth,/home/zechuan/iraod_artifacts/comparison/xaf_student_quant_20260908/oracle_dior24_20260909/dior/clean/seed_44/methods/LoRA-CGA/work/iter_185_ema.pth,2026-09-11T23:41:40.527543+00:00,599de030df5a8658bf5f50d9fd5dfe442f8fc35d,.221:/home/zechuan/iraod_artifacts/comparison/xaf_student_quant_20260908/oracle_dior24_20260909/dior/clean/seed_44/methods/LoRA-CGA/terminal_status,.221:/home/zechuan/iraod_artifacts/comparison/xaf_student_quant_20260908/oracle_dior24_20260909/dior/clean/seed_44/methods/LoRA-CGA/execution.json,2026-09-12T01:56:14.010952+00:00,
DIOR,clean,LoRA-CGA+VLST,42,supervised_lora_oracle,complete,True,False,221,/home/zechuan/iraod_artifacts/comparison/xaf_student_quant_20260908/oracle_dior24_20260909/dior/clean/seed_42/methods/LoRA-CGA+VLST/ddp2/work/iter_185.pth,/home/zechuan/iraod_artifacts/comparison/xaf_student_quant_20260908/oracle_dior24_20260909/dior/clean/seed_42/methods/LoRA-CGA+VLST/ddp2/work/iter_185_ema.pth,2026-09-12T00:43:33.266177+00:00,272fea93347537da1f5d329ed112bbf550cc72f8,.221:/home/zechuan/iraod_artifacts/comparison/xaf_student_quant_20260908/oracle_dior24_20260909/dior/clean/seed_42/methods/LoRA-CGA+VLST/ddp2/terminal_status,.221:/home/zechuan/iraod_artifacts/comparison/xaf_student_quant_20260908/oracle_dior24_20260909/dior/clean/seed_42/methods/LoRA-CGA+VLST/execution.json,2026-09-12T01:56:14.004156+00:00,
DIOR,clean,LoRA-CGA+VLST,43,supervised_lora_oracle,complete,True,False,183,/home/zechuan/iraod_artifacts/comparison/xaf_student_quant_20260908/oracle_dior24_20260909/dior/clean/seed_43/methods/LoRA-CGA+VLST/ddp2/work/iter_185.pth,/home/zechuan/iraod_artifacts/comparison/xaf_student_quant_20260908/oracle_dior24_20260909/dior/clean/seed_43/methods/LoRA-CGA+VLST/ddp2/work/iter_185_ema.pth,2026-09-12T01:19:37.904924+00:00,599de030df5a8658bf5f50d9fd5dfe442f8fc35d,.183:/home/zechuan/iraod_artifacts/comparison/xaf_student_quant_20260908/oracle_dior24_20260909/dior/clean/seed_43/methods/LoRA-CGA+VLST/ddp2/terminal_status,.183:/home/zechuan/iraod_artifacts/comparison/xaf_student_quant_20260908/oracle_dior24_20260909/dior/clean/seed_43/methods/LoRA-CGA+VLST/execution.json,2026-09-12T01:55:56.053007+00:00,
DIOR,clean,LoRA-CGA+VLST,44,supervised_lora_oracle,complete,True,False,183,/home/zechuan/iraod_artifacts/comparison/xaf_student_quant_20260908/oracle_dior24_20260909/dior/clean/seed_44/methods/LoRA-CGA+VLST/ddp2/work/iter_185.pth,/home/zechuan/iraod_artifacts/comparison/xaf_student_quant_20260908/oracle_dior24_20260909/dior/clean/seed_44/methods/LoRA-CGA+VLST/ddp2/work/iter_185_ema.pth,2026-09-12T01:19:47.207931+00:00,599de030df5a8658bf5f50d9fd5dfe442f8fc35d,.183:/home/zechuan/iraod_artifacts/comparison/xaf_student_quant_20260908/oracle_dior24_20260909/dior/clean/seed_44/methods/LoRA-CGA+VLST/ddp2/terminal_status,.183:/home/zechuan/iraod_artifacts/comparison/xaf_student_quant_20260908/oracle_dior24_20260909/dior/clean/seed_44/methods/LoRA-CGA+VLST/execution.json,2026-09-12T01:55:56.055278+00:00,
DIOR,clean,SFUT,42,common_1epoch,complete,True,False,67,/mnt/shared/zechuan/iraod_artifacts/comparison/xaf_student_quant_20260908/formal_ports_runs_a39c832/dior/clean/seed_42/methods/SFUT/work/iter_185.pth,/mnt/shared/zechuan/iraod_artifacts/comparison/xaf_student_quant_20260908/formal_ports_runs_a39c832/dior/clean/seed_42/methods/SFUT/work/iter_185_ema.pth,2026-09-08T10:08:32+00:00,a39c83221c73e71d273b96ef95c65f6d8d1e84f9,.67:/mnt/shared/zechuan/iraod_artifacts/comparison/xaf_student_quant_20260908/formal_ports_runs_a39c832/dior/clean/seed_42/methods/SFUT/terminal_status,.67:/mnt/shared/zechuan/iraod_artifacts/comparison/xaf_student_quant_20260908/formal_ports_runs_a39c832/dior/clean/seed_42/methods/SFUT/execution.json,2026-09-12T01:56:08.483469+00:00,
DIOR,clean,SFUT,43,common_1epoch,complete,True,False,67,/mnt/shared/zechuan/iraod_artifacts/comparison/xaf_student_quant_20260908/formal_ports_runs_a39c832/dior/clean/seed_43/methods/SFUT/work/iter_185.pth,/mnt/shared/zechuan/iraod_artifacts/comparison/xaf_student_quant_20260908/formal_ports_runs_a39c832/dior/clean/seed_43/methods/SFUT/work/iter_185_ema.pth,2026-09-08T10:14:59+00:00,a39c83221c73e71d273b96ef95c65f6d8d1e84f9,.67:/mnt/shared/zechuan/iraod_artifacts/comparison/xaf_student_quant_20260908/formal_ports_runs_a39c832/dior/clean/seed_43/methods/SFUT/terminal_status,.67:/mnt/shared/zechuan/iraod_artifacts/comparison/xaf_student_quant_20260908/formal_ports_runs_a39c832/dior/clean/seed_43/methods/SFUT/execution.json,2026-09-12T01:56:08.586939+00:00,
DIOR,clean,SFUT,44,common_1epoch,complete,True,False,67,/mnt/shared/zechuan/iraod_artifacts/comparison/xaf_student_quant_20260908/formal_ports_runs_a39c832/dior/clean/seed_44/methods/SFUT/work/iter_185.pth,/mnt/shared/zechuan/iraod_artifacts/comparison/xaf_student_quant_20260908/formal_ports_runs_a39c832/dior/clean/seed_44/methods/SFUT/work/iter_185_ema.pth,2026-09-08T10:21:32+00:00,a39c83221c73e71d273b96ef95c65f6d8d1e84f9,.67:/mnt/shared/zechuan/iraod_artifacts/comparison/xaf_student_quant_20260908/formal_ports_runs_a39c832/dior/clean/seed_44/methods/SFUT/terminal_status,.67:/mnt/shared/zechuan/iraod_artifacts/comparison/xaf_student_quant_20260908/formal_ports_runs_a39c832/dior/clean/seed_44/methods/SFUT/execution.json,2026-09-12T01:56:08.694618+00:00,
DIOR,clean,SFYOLO,42,extended_2epoch,complete,True,False,183,/home/zechuan/iraod_artifacts/comparison/xaf_student_quant_20260908/sfyolo_runs_84a1aeb/dior/clean/seed_42/methods/SFYOLO/work/iter_369.pth,/home/zechuan/iraod_artifacts/comparison/xaf_student_quant_20260908/sfyolo_runs_84a1aeb/dior/clean/seed_42/methods/SFYOLO/work/iter_369_ema.pth,2026-09-12T00:37:46.285199+00:00,84a1aebcdf9fa6f710acc5c031dc12d4c0d465be,.183:/home/zechuan/iraod_artifacts/comparison/xaf_student_quant_20260908/sfyolo_runs_84a1aeb/dior/clean/seed_42/methods/SFYOLO/terminal_status,.183:/home/zechuan/iraod_artifacts/comparison/xaf_student_quant_20260908/sfyolo_runs_84a1aeb/dior/clean/seed_42/methods/SFYOLO/execution.json,2026-09-12T01:55:56.023060+00:00,
DIOR,clean,SFYOLO,43,extended_2epoch,complete,True,False,183,/home/zechuan/iraod_artifacts/comparison/xaf_student_quant_20260908/sfyolo_runs_84a1aeb/dior/clean/seed_43/methods/SFYOLO/work/iter_369.pth,/home/zechuan/iraod_artifacts/comparison/xaf_student_quant_20260908/sfyolo_runs_84a1aeb/dior/clean/seed_43/methods/SFYOLO/work/iter_369_ema.pth,2026-09-12T00:54:40.691349+00:00,84a1aebcdf9fa6f710acc5c031dc12d4c0d465be,.183:/home/zechuan/iraod_artifacts/comparison/xaf_student_quant_20260908/sfyolo_runs_84a1aeb/dior/clean/seed_43/methods/SFYOLO/terminal_status,.183:/home/zechuan/iraod_artifacts/comparison/xaf_student_quant_20260908/sfyolo_runs_84a1aeb/dior/clean/seed_43/methods/SFYOLO/execution.json,2026-09-12T01:55:56.025586+00:00,
DIOR,clean,SFYOLO,44,extended_2epoch,complete,True,False,183,/home/zechuan/iraod_artifacts/comparison/xaf_student_quant_20260908/sfyolo_runs_84a1aeb/dior/clean/seed_44/methods/SFYOLO/work/iter_369.pth,/home/zechuan/iraod_artifacts/comparison/xaf_student_quant_20260908/sfyolo_runs_84a1aeb/dior/clean/seed_44/methods/SFYOLO/work/iter_369_ema.pth,2026-09-12T00:56:23.085325+00:00,84a1aebcdf9fa6f710acc5c031dc12d4c0d465be,.183:/home/zechuan/iraod_artifacts/comparison/xaf_student_quant_20260908/sfyolo_runs_84a1aeb/dior/clean/seed_44/methods/SFYOLO/terminal_status,.183:/home/zechuan/iraod_artifacts/comparison/xaf_student_quant_20260908/sfyolo_runs_84a1aeb/dior/clean/seed_44/methods/SFYOLO/execution.json,2026-09-12T01:55:56.028111+00:00,
DIOR,cloudy,AASFOD,42,common_1epoch,complete,True,False,221,/home/zechuan/iraod_artifacts/comparison/xaf_student_quant_20260908/aasfod_runs_36c2053/dior/cloudy/seed_42/methods/AASFOD/work/iter_185.pth,/home/zechuan/iraod_artifacts/comparison/xaf_student_quant_20260908/aasfod_runs_36c2053/dior/cloudy/seed_42/methods/AASFOD/work/iter_185_ema.pth,2026-09-11T21:53:18.831825+00:00,cbd0f75ab147fea6728f61d6fd696325cc195296,.221:/home/zechuan/iraod_artifacts/comparison/xaf_student_quant_20260908/aasfod_runs_36c2053/dior/cloudy/seed_42/methods/AASFOD/terminal_status,.221:/home/zechuan/iraod_artifacts/comparison/xaf_student_quant_20260908/aasfod_runs_36c2053/dior/cloudy/seed_42/methods/AASFOD/execution.json,2026-09-12T01:56:13.778687+00:00,
DIOR,cloudy,AASFOD,43,common_1epoch,complete,True,False,221,/home/zechuan/iraod_artifacts/comparison/xaf_student_quant_20260908/aasfod_runs_36c2053/dior/cloudy/seed_43/methods/AASFOD/work/iter_185.pth,/home/zechuan/iraod_artifacts/comparison/xaf_student_quant_20260908/aasfod_runs_36c2053/dior/cloudy/seed_43/methods/AASFOD/work/iter_185_ema.pth,2026-09-11T22:16:48.069413+00:00,cbd0f75ab147fea6728f61d6fd696325cc195296,.221:/home/zechuan/iraod_artifacts/comparison/xaf_student_quant_20260908/aasfod_runs_36c2053/dior/cloudy/seed_43/methods/AASFOD/terminal_status,.221:/home/zechuan/iraod_artifacts/comparison/xaf_student_quant_20260908/aasfod_runs_36c2053/dior/cloudy/seed_43/methods/AASFOD/execution.json,2026-09-12T01:56:13.837510+00:00,
DIOR,cloudy,AASFOD,44,common_1epoch,complete,True,False,221,/home/zechuan/iraod_artifacts/comparison/xaf_student_quant_20260908/aasfod_runs_36c2053/dior/cloudy/seed_44/methods/AASFOD/work/iter_185.pth,/home/zechuan/iraod_artifacts/comparison/xaf_student_quant_20260908/aasfod_runs_36c2053/dior/cloudy/seed_44/methods/AASFOD/work/iter_185_ema.pth,2026-09-11T22:16:45.430314+00:00,cbd0f75ab147fea6728f61d6fd696325cc195296,.221:/home/zechuan/iraod_artifacts/comparison/xaf_student_quant_20260908/aasfod_runs_36c2053/dior/cloudy/seed_44/methods/AASFOD/terminal_status,.221:/home/zechuan/iraod_artifacts/comparison/xaf_student_quant_20260908/aasfod_runs_36c2053/dior/cloudy/seed_44/methods/AASFOD/execution.json,2026-09-12T01:56:13.825217+00:00,
DIOR,cloudy,B,42,common_1epoch,complete,True,False,67,/mnt/shared/zechuan/iraod_artifacts/comparison/dior/cloudy/seed_42/0f98a48/methods/B/work/iter_185.pth,/mnt/shared/zechuan/iraod_artifacts/comparison/dior/cloudy/seed_42/0f98a48/methods/B/work/iter_185_ema.pth,2026-09-06T02:58:28+00:00,0f98a48b539f9260055fc305784ffbc924f50451,/mnt/shared/zechuan/iraod_artifacts/comparison/dior/cloudy/seed_42/0f98a48/methods/B/terminal_status,.67:/mnt/shared/zechuan/iraod_artifacts/comparison/final_delivery_20260908_4a6bc50/report/report.json,2026-09-12T01:56:03.060283+00:00,
DIOR,cloudy,B,43,common_1epoch,complete,True,False,67,/mnt/shared/zechuan/iraod_artifacts/comparison/dior/cloudy/seed_43/0f98a48/methods/B/work/iter_185.pth,/mnt/shared/zechuan/iraod_artifacts/comparison/dior/cloudy/seed_43/0f98a48/methods/B/work/iter_185_ema.pth,2026-09-07T01:41:26+00:00,0f98a48b539f9260055fc305784ffbc924f50451,/mnt/shared/zechuan/iraod_artifacts/comparison/dior/cloudy/seed_43/0f98a48/methods/B/terminal_status,.67:/mnt/shared/zechuan/iraod_artifacts/comparison/final_delivery_20260908_4a6bc50/report/report.json,2026-09-12T01:56:03.411100+00:00,
DIOR,cloudy,B,44,common_1epoch,complete,True,False,67,/mnt/shared/zechuan/iraod_artifacts/comparison/dior/cloudy/seed_44/0f98a48/methods/B/work/iter_185.pth,/mnt/shared/zechuan/iraod_artifacts/comparison/dior/cloudy/seed_44/0f98a48/methods/B/work/iter_185_ema.pth,2026-09-07T17:04:41+00:00,0f98a48b539f9260055fc305784ffbc924f50451,/mnt/shared/zechuan/iraod_artifacts/comparison/dior/cloudy/seed_44/0f98a48/methods/B/terminal_status,.67:/mnt/shared/zechuan/iraod_artifacts/comparison/final_delivery_20260908_4a6bc50/report/report.json,2026-09-12T01:56:03.723593+00:00,
DIOR,cloudy,B_REG,42,common_1epoch,complete,True,False,221,/home/zechuan/iraod_artifacts/comparison/xaf_student_quant_20260908/b_reg_runs_0e5f8f7/dior/cloudy/seed_42/methods/B_REG/work/iter_185.pth,/home/zechuan/iraod_artifacts/comparison/xaf_student_quant_20260908/b_reg_runs_0e5f8f7/dior/cloudy/seed_42/methods/B_REG/work/iter_185_ema.pth,2026-09-08T21:10:14.577297+00:00,0f98a48b539f9260055fc305784ffbc924f50451,.221:/home/zechuan/iraod_artifacts/comparison/xaf_student_quant_20260908/b_reg_runs_0e5f8f7/dior/cloudy/seed_42/methods/B_REG/terminal_status,.221:/home/zechuan/iraod_artifacts/comparison/xaf_student_quant_20260908/b_reg_runs_0e5f8f7/dior/cloudy/seed_42/methods/B_REG/execution.json,2026-09-12T01:56:07.049034+00:00,
DIOR,cloudy,B_REG,43,common_1epoch,complete,True,False,221,/home/zechuan/iraod_artifacts/comparison/xaf_student_quant_20260908/b_reg_runs_0e5f8f7/dior/cloudy/seed_43/methods/B_REG/work/iter_185.pth,/home/zechuan/iraod_artifacts/comparison/xaf_student_quant_20260908/b_reg_runs_0e5f8f7/dior/cloudy/seed_43/methods/B_REG/work/iter_185_ema.pth,2026-09-08T21:18:30.016406+00:00,0f98a48b539f9260055fc305784ffbc924f50451,.221:/home/zechuan/iraod_artifacts/comparison/xaf_student_quant_20260908/b_reg_runs_0e5f8f7/dior/cloudy/seed_43/methods/B_REG/terminal_status,.221:/home/zechuan/iraod_artifacts/comparison/xaf_student_quant_20260908/b_reg_runs_0e5f8f7/dior/cloudy/seed_43/methods/B_REG/execution.json,2026-09-12T01:56:07.084577+00:00,
DIOR,cloudy,B_REG,44,common_1epoch,complete,True,False,221,/home/zechuan/iraod_artifacts/comparison/xaf_student_quant_20260908/b_reg_runs_0e5f8f7/dior/cloudy/seed_44/methods/B_REG/work/iter_185.pth,/home/zechuan/iraod_artifacts/comparison/xaf_student_quant_20260908/b_reg_runs_0e5f8f7/dior/cloudy/seed_44/methods/B_REG/work/iter_185_ema.pth,2026-09-08T21:18:43.820985+00:00,0f98a48b539f9260055fc305784ffbc924f50451,.221:/home/zechuan/iraod_artifacts/comparison/xaf_student_quant_20260908/b_reg_runs_0e5f8f7/dior/cloudy/seed_44/methods/B_REG/terminal_status,.221:/home/zechuan/iraod_artifacts/comparison/xaf_student_quant_20260908/b_reg_runs_0e5f8f7/dior/cloudy/seed_44/methods/B_REG/execution.json,2026-09-12T01:56:07.124806+00:00,
DIOR,cloudy,C,42,common_1epoch,complete,True,False,67,/mnt/shared/zechuan/iraod_artifacts/comparison/dior/cloudy/seed_42/0f98a48/methods/C/work/iter_185.pth,/mnt/shared/zechuan/iraod_artifacts/comparison/dior/cloudy/seed_42/0f98a48/methods/C/work/iter_185_ema.pth,2026-09-06T05:24:39+00:00,0f98a48b539f9260055fc305784ffbc924f50451,/mnt/shared/zechuan/iraod_artifacts/comparison/dior/cloudy/seed_42/0f98a48/methods/C/terminal_status,.67:/mnt/shared/zechuan/iraod_artifacts/comparison/final_delivery_20260908_4a6bc50/report/report.json,2026-09-12T01:56:03.123188+00:00,
DIOR,cloudy,C,43,common_1epoch,complete,True,False,67,/mnt/shared/zechuan/iraod_artifacts/comparison/dior/cloudy/seed_43/0f98a48/methods/C/work/iter_185.pth,/mnt/shared/zechuan/iraod_artifacts/comparison/dior/cloudy/seed_43/0f98a48/methods/C/work/iter_185_ema.pth,2026-09-07T02:18:24+00:00,0f98a48b539f9260055fc305784ffbc924f50451,/mnt/shared/zechuan/iraod_artifacts/comparison/dior/cloudy/seed_43/0f98a48/methods/C/terminal_status,.67:/mnt/shared/zechuan/iraod_artifacts/comparison/final_delivery_20260908_4a6bc50/report/report.json,2026-09-12T01:56:03.473070+00:00,
DIOR,cloudy,C,44,common_1epoch,complete,True,False,67,/mnt/shared/zechuan/iraod_artifacts/comparison/dior/cloudy/seed_44/0f98a48/methods/C/work/iter_185.pth,/mnt/shared/zechuan/iraod_artifacts/comparison/dior/cloudy/seed_44/0f98a48/methods/C/work/iter_185_ema.pth,2026-09-07T17:26:10+00:00,0f98a48b539f9260055fc305784ffbc924f50451,/mnt/shared/zechuan/iraod_artifacts/comparison/dior/cloudy/seed_44/0f98a48/methods/C/terminal_status,.67:/mnt/shared/zechuan/iraod_artifacts/comparison/final_delivery_20260908_4a6bc50/report/report.json,2026-09-12T01:56:03.799046+00:00,
DIOR,cloudy,D,42,common_1epoch,complete,True,False,67,/mnt/shared/zechuan/iraod_artifacts/comparison/dior/cloudy/seed_42/0f98a48/methods/D/work/iter_185.pth,/mnt/shared/zechuan/iraod_artifacts/comparison/dior/cloudy/seed_42/0f98a48/methods/D/work/iter_185_ema.pth,2026-09-06T05:07:04+00:00,0f98a48b539f9260055fc305784ffbc924f50451,/mnt/shared/zechuan/iraod_artifacts/comparison/dior/cloudy/seed_42/0f98a48/methods/D/terminal_status,.67:/mnt/shared/zechuan/iraod_artifacts/comparison/final_delivery_20260908_4a6bc50/report/report.json,2026-09-12T01:56:03.192303+00:00,
DIOR,cloudy,D,43,common_1epoch,complete,True,False,67,/mnt/shared/zechuan/iraod_artifacts/comparison/dior/cloudy/seed_43/0f98a48/methods/D/work/iter_185.pth,/mnt/shared/zechuan/iraod_artifacts/comparison/dior/cloudy/seed_43/0f98a48/methods/D/work/iter_185_ema.pth,2026-09-07T04:25:04+00:00,0f98a48b539f9260055fc305784ffbc924f50451,/mnt/shared/zechuan/iraod_artifacts/comparison/dior/cloudy/seed_43/0f98a48/methods/D/terminal_status,.67:/mnt/shared/zechuan/iraod_artifacts/comparison/final_delivery_20260908_4a6bc50/report/report.json,2026-09-12T01:56:03.537050+00:00,
DIOR,cloudy,D,44,common_1epoch,complete,True,False,67,/mnt/shared/zechuan/iraod_artifacts/comparison/dior/cloudy/seed_44/0f98a48/methods/D/work/iter_185.pth,/mnt/shared/zechuan/iraod_artifacts/comparison/dior/cloudy/seed_44/0f98a48/methods/D/work/iter_185_ema.pth,2026-09-07T18:22:02+00:00,0f98a48b539f9260055fc305784ffbc924f50451,/mnt/shared/zechuan/iraod_artifacts/comparison/dior/cloudy/seed_44/0f98a48/methods/D/terminal_status,.67:/mnt/shared/zechuan/iraod_artifacts/comparison/final_delivery_20260908_4a6bc50/report/report.json,2026-09-12T01:56:03.863862+00:00,
DIOR,cloudy,E,42,common_1epoch,complete,True,False,67,/mnt/shared/zechuan/iraod_artifacts/comparison/dior/cloudy/seed_42/0f98a48/methods/E/ddp2/work/iter_185.pth,/mnt/shared/zechuan/iraod_artifacts/comparison/dior/cloudy/seed_42/0f98a48/methods/E/ddp2/work/iter_185_ema.pth,2026-09-06T06:43:41+00:00,0f98a48b539f9260055fc305784ffbc924f50451,/mnt/shared/zechuan/iraod_artifacts/comparison/dior/cloudy/seed_42/0f98a48/methods/E/ddp2/terminal_status,.67:/mnt/shared/zechuan/iraod_artifacts/comparison/final_delivery_20260908_4a6bc50/report/report.json,2026-09-12T01:56:03.266126+00:00,
DIOR,cloudy,E,43,common_1epoch,complete,True,False,67,/mnt/shared/zechuan/iraod_artifacts/comparison/dior/cloudy/seed_43/0f98a48/methods/E/ddp2/work/iter_185.pth,/mnt/shared/zechuan/iraod_artifacts/comparison/dior/cloudy/seed_43/0f98a48/methods/E/ddp2/work/iter_185_ema.pth,2026-09-07T20:23:06+00:00,0f98a48b539f9260055fc305784ffbc924f50451,/mnt/shared/zechuan/iraod_artifacts/comparison/dior/cloudy/seed_43/0f98a48/methods/E/ddp2/terminal_status,.67:/mnt/shared/zechuan/iraod_artifacts/comparison/final_delivery_20260908_4a6bc50/report/report.json,2026-09-12T01:56:03.598394+00:00,
DIOR,cloudy,E,44,common_1epoch,complete,True,False,67,/mnt/shared/zechuan/iraod_artifacts/comparison/dior/cloudy/seed_44/0f98a48/methods/E/ddp2/work/iter_185.pth,/mnt/shared/zechuan/iraod_artifacts/comparison/dior/cloudy/seed_44/0f98a48/methods/E/ddp2/work/iter_185_ema.pth,2026-09-07T20:43:01+00:00,0f98a48b539f9260055fc305784ffbc924f50451,/mnt/shared/zechuan/iraod_artifacts/comparison/dior/cloudy/seed_44/0f98a48/methods/E/ddp2/terminal_status,.67:/mnt/shared/zechuan/iraod_artifacts/comparison/final_delivery_20260908_4a6bc50/report/report.json,2026-09-12T01:56:03.926522+00:00,
DIOR,cloudy,F,42,common_1epoch,complete,True,False,67,/mnt/shared/zechuan/iraod_artifacts/comparison/dior/cloudy/seed_42/0f98a48/methods/F/ddp2/work/iter_185.pth,/mnt/shared/zechuan/iraod_artifacts/comparison/dior/cloudy/seed_42/0f98a48/methods/F/ddp2/work/iter_185_ema.pth,2026-09-06T07:35:15+00:00,0f98a48b539f9260055fc305784ffbc924f50451,/mnt/shared/zechuan/iraod_artifacts/comparison/dior/cloudy/seed_42/0f98a48/methods/F/ddp2/terminal_status,.67:/mnt/shared/zechuan/iraod_artifacts/comparison/final_delivery_20260908_4a6bc50/report/report.json,2026-09-12T01:56:03.339346+00:00,
DIOR,cloudy,F,43,common_1epoch,complete,True,False,67,/mnt/shared/zechuan/iraod_artifacts/comparison/dior/cloudy/seed_43/0f98a48/methods/F/ddp2/work/iter_185.pth,/mnt/shared/zechuan/iraod_artifacts/comparison/dior/cloudy/seed_43/0f98a48/methods/F/ddp2/work/iter_185_ema.pth,2026-09-07T20:34:18+00:00,0f98a48b539f9260055fc305784ffbc924f50451,/mnt/shared/zechuan/iraod_artifacts/comparison/dior/cloudy/seed_43/0f98a48/methods/F/ddp2/terminal_status,.67:/mnt/shared/zechuan/iraod_artifacts/comparison/final_delivery_20260908_4a6bc50/report/report.json,2026-09-12T01:56:03.657829+00:00,
DIOR,cloudy,F,44,common_1epoch,complete,True,False,67,/mnt/shared/zechuan/iraod_artifacts/comparison/dior/cloudy/seed_44/0f98a48/methods/F/ddp2/work/iter_185.pth,/mnt/shared/zechuan/iraod_artifacts/comparison/dior/cloudy/seed_44/0f98a48/methods/F/ddp2/work/iter_185_ema.pth,2026-09-07T20:54:24+00:00,0f98a48b539f9260055fc305784ffbc924f50451,/mnt/shared/zechuan/iraod_artifacts/comparison/dior/cloudy/seed_44/0f98a48/methods/F/ddp2/terminal_status,.67:/mnt/shared/zechuan/iraod_artifacts/comparison/final_delivery_20260908_4a6bc50/report/report.json,2026-09-12T01:56:03.980742+00:00,
DIOR,cloudy,F_text_only,42,common_1epoch,complete,True,False,221,/home/zechuan/iraod_artifacts/comparison/xaf_student_quant_20260908/f_deletion_runs_daa3992/dior/cloudy/seed_42/methods/F_text_only/ddp2/work/iter_185.pth,/home/zechuan/iraod_artifacts/comparison/xaf_student_quant_20260908/f_deletion_runs_daa3992/dior/cloudy/seed_42/methods/F_text_only/ddp2/work/iter_185_ema.pth,2026-09-08T22:23:54.426055+00:00,0f98a48b539f9260055fc305784ffbc924f50451,.221:/home/zechuan/iraod_artifacts/comparison/xaf_student_quant_20260908/f_deletion_runs_daa3992/dior/cloudy/seed_42/methods/F_text_only/ddp2/terminal_status,.221:/home/zechuan/iraod_artifacts/comparison/xaf_student_quant_20260908/f_deletion_runs_daa3992/dior/cloudy/seed_42/methods/F_text_only/execution.json,2026-09-12T01:56:08.483822+00:00,
DIOR,cloudy,F_text_only,43,common_1epoch,complete,True,False,221,/home/zechuan/iraod_artifacts/comparison/xaf_student_quant_20260908/f_deletion_runs_daa3992/dior/cloudy/seed_43/methods/F_text_only/ddp2/work/iter_185.pth,/home/zechuan/iraod_artifacts/comparison/xaf_student_quant_20260908/f_deletion_runs_daa3992/dior/cloudy/seed_43/methods/F_text_only/ddp2/work/iter_185_ema.pth,2026-09-08T22:36:42.427730+00:00,0f98a48b539f9260055fc305784ffbc924f50451,.221:/home/zechuan/iraod_artifacts/comparison/xaf_student_quant_20260908/f_deletion_runs_daa3992/dior/cloudy/seed_43/methods/F_text_only/ddp2/terminal_status,.221:/home/zechuan/iraod_artifacts/comparison/xaf_student_quant_20260908/f_deletion_runs_daa3992/dior/cloudy/seed_43/methods/F_text_only/execution.json,2026-09-12T01:56:08.673988+00:00,
DIOR,cloudy,F_text_only,44,common_1epoch,complete,True,False,221,/home/zechuan/iraod_artifacts/comparison/xaf_student_quant_20260908/f_deletion_runs_daa3992/dior/cloudy/seed_44/methods/F_text_only/ddp2/work/iter_185.pth,/home/zechuan/iraod_artifacts/comparison/xaf_student_quant_20260908/f_deletion_runs_daa3992/dior/cloudy/seed_44/methods/F_text_only/ddp2/work/iter_185_ema.pth,2026-09-08T22:48:41.125218+00:00,0f98a48b539f9260055fc305784ffbc924f50451,.221:/home/zechuan/iraod_artifacts/comparison/xaf_student_quant_20260908/f_deletion_runs_daa3992/dior/cloudy/seed_44/methods/F_text_only/ddp2/terminal_status,.221:/home/zechuan/iraod_artifacts/comparison/xaf_student_quant_20260908/f_deletion_runs_daa3992/dior/cloudy/seed_44/methods/F_text_only/execution.json,2026-09-12T01:56:08.800562+00:00,
DIOR,cloudy,F_veto_only,42,common_1epoch,complete,True,False,221,/home/zechuan/iraod_artifacts/comparison/xaf_student_quant_20260908/f_deletion_runs_daa3992/dior/cloudy/seed_42/methods/F_veto_only/ddp2/work/iter_185.pth,/home/zechuan/iraod_artifacts/comparison/xaf_student_quant_20260908/f_deletion_runs_daa3992/dior/cloudy/seed_42/methods/F_veto_only/ddp2/work/iter_185_ema.pth,2026-09-08T22:36:52.782131+00:00,0f98a48b539f9260055fc305784ffbc924f50451,.221:/home/zechuan/iraod_artifacts/comparison/xaf_student_quant_20260908/f_deletion_runs_daa3992/dior/cloudy/seed_42/methods/F_veto_only/ddp2/terminal_status,.221:/home/zechuan/iraod_artifacts/comparison/xaf_student_quant_20260908/f_deletion_runs_daa3992/dior/cloudy/seed_42/methods/F_veto_only/execution.json,2026-09-12T01:56:08.565543+00:00,
DIOR,cloudy,F_veto_only,43,common_1epoch,complete,True,False,221,/home/zechuan/iraod_artifacts/comparison/xaf_student_quant_20260908/f_deletion_runs_daa3992/dior/cloudy/seed_43/methods/F_veto_only/ddp2/work/iter_185.pth,/home/zechuan/iraod_artifacts/comparison/xaf_student_quant_20260908/f_deletion_runs_daa3992/dior/cloudy/seed_43/methods/F_veto_only/ddp2/work/iter_185_ema.pth,2026-09-08T22:49:40.973489+00:00,0f98a48b539f9260055fc305784ffbc924f50451,.221:/home/zechuan/iraod_artifacts/comparison/xaf_student_quant_20260908/f_deletion_runs_daa3992/dior/cloudy/seed_43/methods/F_veto_only/ddp2/terminal_status,.221:/home/zechuan/iraod_artifacts/comparison/xaf_student_quant_20260908/f_deletion_runs_daa3992/dior/cloudy/seed_43/methods/F_veto_only/execution.json,2026-09-12T01:56:08.737680+00:00,
DIOR,cloudy,F_veto_only,44,common_1epoch,complete,True,False,221,/home/zechuan/iraod_artifacts/comparison/xaf_student_quant_20260908/f_deletion_runs_daa3992/dior/cloudy/seed_44/methods/F_veto_only/ddp2/work/iter_185.pth,/home/zechuan/iraod_artifacts/comparison/xaf_student_quant_20260908/f_deletion_runs_daa3992/dior/cloudy/seed_44/methods/F_veto_only/ddp2/work/iter_185_ema.pth,2026-09-08T23:01:44.559347+00:00,0f98a48b539f9260055fc305784ffbc924f50451,.221:/home/zechuan/iraod_artifacts/comparison/xaf_student_quant_20260908/f_deletion_runs_daa3992/dior/cloudy/seed_44/methods/F_veto_only/ddp2/terminal_status,.221:/home/zechuan/iraod_artifacts/comparison/xaf_student_quant_20260908/f_deletion_runs_daa3992/dior/cloudy/seed_44/methods/F_veto_only/execution.json,2026-09-12T01:56:08.856522+00:00,
DIOR,cloudy,IRG,42,common_1epoch,complete,True,False,67,/mnt/shared/zechuan/iraod_artifacts/comparison/xaf_student_quant_20260908/formal_ports_runs_a39c832/dior/cloudy/seed_42/methods/IRG/work/iter_185.pth,/mnt/shared/zechuan/iraod_artifacts/comparison/xaf_student_quant_20260908/formal_ports_runs_a39c832/dior/cloudy/seed_42/methods/IRG/work/iter_185_ema.pth,2026-09-08T10:27:53+00:00,a39c83221c73e71d273b96ef95c65f6d8d1e84f9,.67:/mnt/shared/zechuan/iraod_artifacts/comparison/xaf_student_quant_20260908/formal_ports_runs_a39c832/dior/cloudy/seed_42/methods/IRG/terminal_status,.67:/mnt/shared/zechuan/iraod_artifacts/comparison/xaf_student_quant_20260908/formal_ports_runs_a39c832/dior/cloudy/seed_42/methods/IRG/execution.json,2026-09-12T01:56:08.731677+00:00,
DIOR,cloudy,IRG,43,common_1epoch,complete,True,False,67,/mnt/shared/zechuan/iraod_artifacts/comparison/xaf_student_quant_20260908/formal_ports_runs_a39c832/dior/cloudy/seed_43/methods/IRG/work/iter_185.pth,/mnt/shared/zechuan/iraod_artifacts/comparison/xaf_student_quant_20260908/formal_ports_runs_a39c832/dior/cloudy/seed_43/methods/IRG/work/iter_185_ema.pth,2026-09-08T10:34:33+00:00,a39c83221c73e71d273b96ef95c65f6d8d1e84f9,.67:/mnt/shared/zechuan/iraod_artifacts/comparison/xaf_student_quant_20260908/formal_ports_runs_a39c832/dior/cloudy/seed_43/methods/IRG/terminal_status,.67:/mnt/shared/zechuan/iraod_artifacts/comparison/xaf_student_quant_20260908/formal_ports_runs_a39c832/dior/cloudy/seed_43/methods/IRG/execution.json,2026-09-12T01:56:08.836923+00:00,
DIOR,cloudy,IRG,44,common_1epoch,complete,True,False,67,/mnt/shared/zechuan/iraod_artifacts/comparison/xaf_student_quant_20260908/formal_ports_runs_a39c832/dior/cloudy/seed_44/methods/IRG/work/iter_185.pth,/mnt/shared/zechuan/iraod_artifacts/comparison/xaf_student_quant_20260908/formal_ports_runs_a39c832/dior/cloudy/seed_44/methods/IRG/work/iter_185_ema.pth,2026-09-08T10:40:59+00:00,a39c83221c73e71d273b96ef95c65f6d8d1e84f9,.67:/mnt/shared/zechuan/iraod_artifacts/comparison/xaf_student_quant_20260908/formal_ports_runs_a39c832/dior/cloudy/seed_44/methods/IRG/terminal_status,.67:/mnt/shared/zechuan/iraod_artifacts/comparison/xaf_student_quant_20260908/formal_ports_runs_a39c832/dior/cloudy/seed_44/methods/IRG/execution.json,2026-09-12T01:56:08.938476+00:00,
DIOR,cloudy,LPLD,42,common_1epoch,complete,True,False,67,/mnt/shared/zechuan/iraod_artifacts/comparison/xaf_student_quant_20260908/formal_ports_runs_a39c832/dior/cloudy/seed_42/methods/LPLD/work/iter_185.pth,/mnt/shared/zechuan/iraod_artifacts/comparison/xaf_student_quant_20260908/formal_ports_runs_a39c832/dior/cloudy/seed_42/methods/LPLD/work/iter_185_ema.pth,2026-09-08T10:27:49+00:00,a39c83221c73e71d273b96ef95c65f6d8d1e84f9,.67:/mnt/shared/zechuan/iraod_artifacts/comparison/xaf_student_quant_20260908/formal_ports_runs_a39c832/dior/cloudy/seed_42/methods/LPLD/terminal_status,.67:/mnt/shared/zechuan/iraod_artifacts/comparison/xaf_student_quant_20260908/formal_ports_runs_a39c832/dior/cloudy/seed_42/methods/LPLD/execution.json,2026-09-12T01:56:08.768245+00:00,
DIOR,cloudy,LPLD,43,common_1epoch,complete,True,False,67,/mnt/shared/zechuan/iraod_artifacts/comparison/xaf_student_quant_20260908/formal_ports_runs_a39c832/dior/cloudy/seed_43/methods/LPLD/work/iter_185.pth,/mnt/shared/zechuan/iraod_artifacts/comparison/xaf_student_quant_20260908/formal_ports_runs_a39c832/dior/cloudy/seed_43/methods/LPLD/work/iter_185_ema.pth,2026-09-08T10:34:08+00:00,a39c83221c73e71d273b96ef95c65f6d8d1e84f9,.67:/mnt/shared/zechuan/iraod_artifacts/comparison/xaf_student_quant_20260908/formal_ports_runs_a39c832/dior/cloudy/seed_43/methods/LPLD/terminal_status,.67:/mnt/shared/zechuan/iraod_artifacts/comparison/xaf_student_quant_20260908/formal_ports_runs_a39c832/dior/cloudy/seed_43/methods/LPLD/execution.json,2026-09-12T01:56:08.871670+00:00,
DIOR,cloudy,LPLD,44,common_1epoch,complete,True,False,67,/mnt/shared/zechuan/iraod_artifacts/comparison/xaf_student_quant_20260908/formal_ports_runs_a39c832/dior/cloudy/seed_44/methods/LPLD/work/iter_185.pth,/mnt/shared/zechuan/iraod_artifacts/comparison/xaf_student_quant_20260908/formal_ports_runs_a39c832/dior/cloudy/seed_44/methods/LPLD/work/iter_185_ema.pth,2026-09-08T10:40:32+00:00,a39c83221c73e71d273b96ef95c65f6d8d1e84f9,.67:/mnt/shared/zechuan/iraod_artifacts/comparison/xaf_student_quant_20260908/formal_ports_runs_a39c832/dior/cloudy/seed_44/methods/LPLD/terminal_status,.67:/mnt/shared/zechuan/iraod_artifacts/comparison/xaf_student_quant_20260908/formal_ports_runs_a39c832/dior/cloudy/seed_44/methods/LPLD/execution.json,2026-09-12T01:56:08.967643+00:00,
DIOR,cloudy,LoRA-CGA,42,supervised_lora_oracle,complete,True,False,221,/home/zechuan/iraod_artifacts/comparison/xaf_student_quant_20260908/oracle_dior24_20260909/dior/cloudy/seed_42/methods/LoRA-CGA/work/iter_185.pth,/home/zechuan/iraod_artifacts/comparison/xaf_student_quant_20260908/oracle_dior24_20260909/dior/cloudy/seed_42/methods/LoRA-CGA/work/iter_185_ema.pth,2026-09-12T01:43:57.746834+00:00,599de030df5a8658bf5f50d9fd5dfe442f8fc35d,.221:/home/zechuan/iraod_artifacts/comparison/xaf_student_quant_20260908/oracle_dior24_20260909/dior/cloudy/seed_42/methods/LoRA-CGA/terminal_status,.221:/home/zechuan/iraod_artifacts/comparison/xaf_student_quant_20260908/oracle_dior24_20260909/dior/cloudy/seed_42/methods/LoRA-CGA/execution.json,2026-09-12T01:56:14.049082+00:00,
DIOR,cloudy,LoRA-CGA,43,supervised_lora_oracle,complete,True,False,221,/home/zechuan/iraod_artifacts/comparison/xaf_student_quant_20260908/oracle_dior24_20260909/dior/cloudy/seed_43/methods/LoRA-CGA/work/iter_185.pth,/home/zechuan/iraod_artifacts/comparison/xaf_student_quant_20260908/oracle_dior24_20260909/dior/cloudy/seed_43/methods/LoRA-CGA/work/iter_185_ema.pth,2026-09-12T01:43:55.097746+00:00,599de030df5a8658bf5f50d9fd5dfe442f8fc35d,.221:/home/zechuan/iraod_artifacts/comparison/xaf_student_quant_20260908/oracle_dior24_20260909/dior/cloudy/seed_43/methods/LoRA-CGA/terminal_status,.221:/home/zechuan/iraod_artifacts/comparison/xaf_student_quant_20260908/oracle_dior24_20260909/dior/cloudy/seed_43/methods/LoRA-CGA/execution.json,2026-09-12T01:56:14.054911+00:00,
DIOR,cloudy,LoRA-CGA,44,supervised_lora_oracle,complete,True,False,221,/home/zechuan/iraod_artifacts/comparison/xaf_student_quant_20260908/oracle_dior24_20260909/dior/cloudy/seed_44/methods/LoRA-CGA/work/iter_185.pth,/home/zechuan/iraod_artifacts/comparison/xaf_student_quant_20260908/oracle_dior24_20260909/dior/cloudy/seed_44/methods/LoRA-CGA/work/iter_185_ema.pth,2026-09-12T01:44:19.006541+00:00,599de030df5a8658bf5f50d9fd5dfe442f8fc35d,.221:/home/zechuan/iraod_artifacts/comparison/xaf_student_quant_20260908/oracle_dior24_20260909/dior/cloudy/seed_44/methods/LoRA-CGA/terminal_status,.221:/home/zechuan/iraod_artifacts/comparison/xaf_student_quant_20260908/oracle_dior24_20260909/dior/cloudy/seed_44/methods/LoRA-CGA/execution.json,2026-09-12T01:56:14.043299+00:00,
DIOR,cloudy,LoRA-CGA+VLST,42,supervised_lora_oracle,complete,True,False,183,/home/zechuan/iraod_artifacts/comparison/xaf_student_quant_20260908/oracle_dior24_20260909/dior/cloudy/seed_42/methods/LoRA-CGA+VLST/ddp2/work/iter_185.pth,/home/zechuan/iraod_artifacts/comparison/xaf_student_quant_20260908/oracle_dior24_20260909/dior/cloudy/seed_42/methods/LoRA-CGA+VLST/ddp2/work/iter_185_ema.pth,2026-09-12T01:19:47.457931+00:00,599de030df5a8658bf5f50d9fd5dfe442f8fc35d,.183:/home/zechuan/iraod_artifacts/comparison/xaf_student_quant_20260908/oracle_dior24_20260909/dior/cloudy/seed_42/methods/LoRA-CGA+VLST/ddp2/terminal_status,.183:/home/zechuan/iraod_artifacts/comparison/xaf_student_quant_20260908/oracle_dior24_20260909/dior/cloudy/seed_42/methods/LoRA-CGA+VLST/execution.json,2026-09-12T01:55:56.057599+00:00,
DIOR,cloudy,LoRA-CGA+VLST,43,supervised_lora_oracle,complete,True,False,183,/home/zechuan/iraod_artifacts/comparison/xaf_student_quant_20260908/oracle_dior24_20260909/dior/cloudy/seed_43/methods/LoRA-CGA+VLST/ddp2/work/iter_185.pth,/home/zechuan/iraod_artifacts/comparison/xaf_student_quant_20260908/oracle_dior24_20260909/dior/cloudy/seed_43/methods/LoRA-CGA+VLST/ddp2/work/iter_185_ema.pth,2026-09-12T01:23:50.931405+00:00,599de030df5a8658bf5f50d9fd5dfe442f8fc35d,.183:/home/zechuan/iraod_artifacts/comparison/xaf_student_quant_20260908/oracle_dior24_20260909/dior/cloudy/seed_43/methods/LoRA-CGA+VLST/ddp2/terminal_status,.183:/home/zechuan/iraod_artifacts/comparison/xaf_student_quant_20260908/oracle_dior24_20260909/dior/cloudy/seed_43/methods/LoRA-CGA+VLST/execution.json,2026-09-12T01:55:56.059867+00:00,
DIOR,cloudy,LoRA-CGA+VLST,44,supervised_lora_oracle,complete,True,False,183,/home/zechuan/iraod_artifacts/comparison/xaf_student_quant_20260908/oracle_dior24_20260909/dior/cloudy/seed_44/methods/LoRA-CGA+VLST/ddp2/work/iter_185.pth,/home/zechuan/iraod_artifacts/comparison/xaf_student_quant_20260908/oracle_dior24_20260909/dior/cloudy/seed_44/methods/LoRA-CGA+VLST/ddp2/work/iter_185_ema.pth,2026-09-12T01:31:28.999197+00:00,599de030df5a8658bf5f50d9fd5dfe442f8fc35d,.183:/home/zechuan/iraod_artifacts/comparison/xaf_student_quant_20260908/oracle_dior24_20260909/dior/cloudy/seed_44/methods/LoRA-CGA+VLST/ddp2/terminal_status,.183:/home/zechuan/iraod_artifacts/comparison/xaf_student_quant_20260908/oracle_dior24_20260909/dior/cloudy/seed_44/methods/LoRA-CGA+VLST/execution.json,2026-09-12T01:55:56.062113+00:00,
DIOR,cloudy,SFUT,42,common_1epoch,complete,True,False,67,/mnt/shared/zechuan/iraod_artifacts/comparison/xaf_student_quant_20260908/formal_ports_runs_a39c832/dior/cloudy/seed_42/methods/SFUT/work/iter_185.pth,/mnt/shared/zechuan/iraod_artifacts/comparison/xaf_student_quant_20260908/formal_ports_runs_a39c832/dior/cloudy/seed_42/methods/SFUT/work/iter_185_ema.pth,2026-09-08T10:27:54+00:00,a39c83221c73e71d273b96ef95c65f6d8d1e84f9,.67:/mnt/shared/zechuan/iraod_artifacts/comparison/xaf_student_quant_20260908/formal_ports_runs_a39c832/dior/cloudy/seed_42/methods/SFUT/terminal_status,.67:/mnt/shared/zechuan/iraod_artifacts/comparison/xaf_student_quant_20260908/formal_ports_runs_a39c832/dior/cloudy/seed_42/methods/SFUT/execution.json,2026-09-12T01:56:08.801462+00:00,
DIOR,cloudy,SFUT,43,common_1epoch,complete,True,False,67,/mnt/shared/zechuan/iraod_artifacts/comparison/xaf_student_quant_20260908/formal_ports_runs_a39c832/dior/cloudy/seed_43/methods/SFUT/work/iter_185.pth,/mnt/shared/zechuan/iraod_artifacts/comparison/xaf_student_quant_20260908/formal_ports_runs_a39c832/dior/cloudy/seed_43/methods/SFUT/work/iter_185_ema.pth,2026-09-08T10:34:19+00:00,a39c83221c73e71d273b96ef95c65f6d8d1e84f9,.67:/mnt/shared/zechuan/iraod_artifacts/comparison/xaf_student_quant_20260908/formal_ports_runs_a39c832/dior/cloudy/seed_43/methods/SFUT/terminal_status,.67:/mnt/shared/zechuan/iraod_artifacts/comparison/xaf_student_quant_20260908/formal_ports_runs_a39c832/dior/cloudy/seed_43/methods/SFUT/execution.json,2026-09-12T01:56:08.905659+00:00,
DIOR,cloudy,SFUT,44,common_1epoch,complete,True,False,67,/mnt/shared/zechuan/iraod_artifacts/comparison/xaf_student_quant_20260908/formal_ports_runs_a39c832/dior/cloudy/seed_44/methods/SFUT/work/iter_185.pth,/mnt/shared/zechuan/iraod_artifacts/comparison/xaf_student_quant_20260908/formal_ports_runs_a39c832/dior/cloudy/seed_44/methods/SFUT/work/iter_185_ema.pth,2026-09-08T10:40:57+00:00,a39c83221c73e71d273b96ef95c65f6d8d1e84f9,.67:/mnt/shared/zechuan/iraod_artifacts/comparison/xaf_student_quant_20260908/formal_ports_runs_a39c832/dior/cloudy/seed_44/methods/SFUT/terminal_status,.67:/mnt/shared/zechuan/iraod_artifacts/comparison/xaf_student_quant_20260908/formal_ports_runs_a39c832/dior/cloudy/seed_44/methods/SFUT/execution.json,2026-09-12T01:56:08.996851+00:00,
DIOR,cloudy,SFYOLO,42,extended_2epoch,complete,True,False,183,/home/zechuan/iraod_artifacts/comparison/xaf_student_quant_20260908/sfyolo_runs_84a1aeb/dior/cloudy/seed_42/methods/SFYOLO/work/iter_369.pth,/home/zechuan/iraod_artifacts/comparison/xaf_student_quant_20260908/sfyolo_runs_84a1aeb/dior/cloudy/seed_42/methods/SFYOLO/work/iter_369_ema.pth,2026-09-12T00:50:58.174482+00:00,84a1aebcdf9fa6f710acc5c031dc12d4c0d465be,.183:/home/zechuan/iraod_artifacts/comparison/xaf_student_quant_20260908/sfyolo_runs_84a1aeb/dior/cloudy/seed_42/methods/SFYOLO/terminal_status,.183:/home/zechuan/iraod_artifacts/comparison/xaf_student_quant_20260908/sfyolo_runs_84a1aeb/dior/cloudy/seed_42/methods/SFYOLO/execution.json,2026-09-12T01:55:56.030676+00:00,
DIOR,cloudy,SFYOLO,43,extended_2epoch,complete,True,False,183,/home/zechuan/iraod_artifacts/comparison/xaf_student_quant_20260908/sfyolo_runs_84a1aeb/dior/cloudy/seed_43/methods/SFYOLO/work/iter_369.pth,/home/zechuan/iraod_artifacts/comparison/xaf_student_quant_20260908/sfyolo_runs_84a1aeb/dior/cloudy/seed_43/methods/SFYOLO/work/iter_369_ema.pth,2026-09-12T00:56:24.978325+00:00,84a1aebcdf9fa6f710acc5c031dc12d4c0d465be,.183:/home/zechuan/iraod_artifacts/comparison/xaf_student_quant_20260908/sfyolo_runs_84a1aeb/dior/cloudy/seed_43/methods/SFYOLO/terminal_status,.183:/home/zechuan/iraod_artifacts/comparison/xaf_student_quant_20260908/sfyolo_runs_84a1aeb/dior/cloudy/seed_43/methods/SFYOLO/execution.json,2026-09-12T01:55:56.033203+00:00,
DIOR,cloudy,SFYOLO,44,extended_2epoch,complete,True,False,183,/home/zechuan/iraod_artifacts/comparison/xaf_student_quant_20260908/sfyolo_runs_84a1aeb/dior/cloudy/seed_44/methods/SFYOLO/work/iter_369.pth,/home/zechuan/iraod_artifacts/comparison/xaf_student_quant_20260908/sfyolo_runs_84a1aeb/dior/cloudy/seed_44/methods/SFYOLO/work/iter_369_ema.pth,2026-09-12T00:56:25.749325+00:00,84a1aebcdf9fa6f710acc5c031dc12d4c0d465be,.183:/home/zechuan/iraod_artifacts/comparison/xaf_student_quant_20260908/sfyolo_runs_84a1aeb/dior/cloudy/seed_44/methods/SFYOLO/terminal_status,.183:/home/zechuan/iraod_artifacts/comparison/xaf_student_quant_20260908/sfyolo_runs_84a1aeb/dior/cloudy/seed_44/methods/SFYOLO/execution.json,2026-09-12T01:55:56.035728+00:00,
DIOR,contrast,AASFOD,42,common_1epoch,complete,True,False,221,/home/zechuan/iraod_artifacts/comparison/xaf_student_quant_20260908/aasfod_runs_36c2053/dior/contrast/seed_42/methods/AASFOD/work/iter_185.pth,/home/zechuan/iraod_artifacts/comparison/xaf_student_quant_20260908/aasfod_runs_36c2053/dior/contrast/seed_42/methods/AASFOD/work/iter_185_ema.pth,2026-09-11T22:16:47.124377+00:00,cbd0f75ab147fea6728f61d6fd696325cc195296,.221:/home/zechuan/iraod_artifacts/comparison/xaf_student_quant_20260908/aasfod_runs_36c2053/dior/contrast/seed_42/methods/AASFOD/terminal_status,.221:/home/zechuan/iraod_artifacts/comparison/xaf_student_quant_20260908/aasfod_runs_36c2053/dior/contrast/seed_42/methods/AASFOD/execution.json,2026-09-12T01:56:13.869651+00:00,
DIOR,contrast,AASFOD,43,common_1epoch,complete,True,False,221,/home/zechuan/iraod_artifacts/comparison/xaf_student_quant_20260908/aasfod_runs_36c2053/dior/contrast/seed_43/methods/AASFOD/work/iter_185.pth,/home/zechuan/iraod_artifacts/comparison/xaf_student_quant_20260908/aasfod_runs_36c2053/dior/contrast/seed_43/methods/AASFOD/work/iter_185_ema.pth,2026-09-11T22:47:24.145079+00:00,cbd0f75ab147fea6728f61d6fd696325cc195296,.221:/home/zechuan/iraod_artifacts/comparison/xaf_student_quant_20260908/aasfod_runs_36c2053/dior/contrast/seed_43/methods/AASFOD/terminal_status,.221:/home/zechuan/iraod_artifacts/comparison/xaf_student_quant_20260908/aasfod_runs_36c2053/dior/contrast/seed_43/methods/AASFOD/execution.json,2026-09-12T01:56:13.891251+00:00,
DIOR,contrast,AASFOD,44,common_1epoch,complete,True,False,221,/home/zechuan/iraod_artifacts/comparison/xaf_student_quant_20260908/aasfod_runs_36c2053/dior/contrast/seed_44/methods/AASFOD/work/iter_185.pth,/home/zechuan/iraod_artifacts/comparison/xaf_student_quant_20260908/aasfod_runs_36c2053/dior/contrast/seed_44/methods/AASFOD/work/iter_185_ema.pth,2026-09-11T22:47:26.504166+00:00,cbd0f75ab147fea6728f61d6fd696325cc195296,.221:/home/zechuan/iraod_artifacts/comparison/xaf_student_quant_20260908/aasfod_runs_36c2053/dior/contrast/seed_44/methods/AASFOD/terminal_status,.221:/home/zechuan/iraod_artifacts/comparison/xaf_student_quant_20260908/aasfod_runs_36c2053/dior/contrast/seed_44/methods/AASFOD/execution.json,2026-09-12T01:56:13.909474+00:00,
DIOR,contrast,B,42,common_1epoch,complete,True,False,67,/mnt/shared/zechuan/iraod_artifacts/comparison/dior/contrast/seed_42/0f98a48/methods/B/work/iter_185.pth,/mnt/shared/zechuan/iraod_artifacts/comparison/dior/contrast/seed_42/0f98a48/methods/B/work/iter_185_ema.pth,2026-09-06T03:28:57+00:00,0f98a48b539f9260055fc305784ffbc924f50451,/mnt/shared/zechuan/iraod_artifacts/comparison/dior/contrast/seed_42/0f98a48/methods/B/terminal_status,.67:/mnt/shared/zechuan/iraod_artifacts/comparison/final_delivery_20260908_4a6bc50/report/report.json,2026-09-12T01:56:04.069735+00:00,
DIOR,contrast,B,43,common_1epoch,complete,True,False,67,/mnt/shared/zechuan/iraod_artifacts/comparison/dior/contrast/seed_43/0f98a48/methods/B/work/iter_185.pth,/mnt/shared/zechuan/iraod_artifacts/comparison/dior/contrast/seed_43/0f98a48/methods/B/work/iter_185_ema.pth,2026-09-07T03:03:02+00:00,0f98a48b539f9260055fc305784ffbc924f50451,/mnt/shared/zechuan/iraod_artifacts/comparison/dior/contrast/seed_43/0f98a48/methods/B/terminal_status,.67:/mnt/shared/zechuan/iraod_artifacts/comparison/final_delivery_20260908_4a6bc50/report/report.json,2026-09-12T01:56:04.390106+00:00,
DIOR,contrast,B,44,common_1epoch,complete,True,False,67,/mnt/shared/zechuan/iraod_artifacts/comparison/dior/contrast/seed_44/0f98a48/methods/B/work/iter_185.pth,/mnt/shared/zechuan/iraod_artifacts/comparison/dior/contrast/seed_44/0f98a48/methods/B/work/iter_185_ema.pth,2026-09-07T18:34:38+00:00,0f98a48b539f9260055fc305784ffbc924f50451,/mnt/shared/zechuan/iraod_artifacts/comparison/dior/contrast/seed_44/0f98a48/methods/B/terminal_status,.67:/mnt/shared/zechuan/iraod_artifacts/comparison/final_delivery_20260908_4a6bc50/report/report.json,2026-09-12T01:56:04.721274+00:00,
DIOR,contrast,B_REG,42,common_1epoch,complete,True,False,221,/home/zechuan/iraod_artifacts/comparison/xaf_student_quant_20260908/b_reg_runs_0e5f8f7/dior/contrast/seed_42/methods/B_REG/work/iter_185.pth,/home/zechuan/iraod_artifacts/comparison/xaf_student_quant_20260908/b_reg_runs_0e5f8f7/dior/contrast/seed_42/methods/B_REG/work/iter_185_ema.pth,2026-09-08T21:26:53.157404+00:00,0f98a48b539f9260055fc305784ffbc924f50451,.221:/home/zechuan/iraod_artifacts/comparison/xaf_student_quant_20260908/b_reg_runs_0e5f8f7/dior/contrast/seed_42/methods/B_REG/terminal_status,.221:/home/zechuan/iraod_artifacts/comparison/xaf_student_quant_20260908/b_reg_runs_0e5f8f7/dior/contrast/seed_42/methods/B_REG/execution.json,2026-09-12T01:56:07.165810+00:00,
DIOR,contrast,B_REG,43,common_1epoch,complete,True,False,221,/home/zechuan/iraod_artifacts/comparison/xaf_student_quant_20260908/b_reg_runs_0e5f8f7/dior/contrast/seed_43/methods/B_REG/work/iter_185.pth,/home/zechuan/iraod_artifacts/comparison/xaf_student_quant_20260908/b_reg_runs_0e5f8f7/dior/contrast/seed_43/methods/B_REG/work/iter_185_ema.pth,2026-09-08T21:27:04.812847+00:00,0f98a48b539f9260055fc305784ffbc924f50451,.221:/home/zechuan/iraod_artifacts/comparison/xaf_student_quant_20260908/b_reg_runs_0e5f8f7/dior/contrast/seed_43/methods/B_REG/terminal_status,.221:/home/zechuan/iraod_artifacts/comparison/xaf_student_quant_20260908/b_reg_runs_0e5f8f7/dior/contrast/seed_43/methods/B_REG/execution.json,2026-09-12T01:56:07.228543+00:00,
DIOR,contrast,B_REG,44,common_1epoch,complete,True,False,221,/home/zechuan/iraod_artifacts/comparison/xaf_student_quant_20260908/b_reg_runs_0e5f8f7/dior/contrast/seed_44/methods/B_REG/work/iter_185.pth,/home/zechuan/iraod_artifacts/comparison/xaf_student_quant_20260908/b_reg_runs_0e5f8f7/dior/contrast/seed_44/methods/B_REG/work/iter_185_ema.pth,2026-09-08T21:35:21.201323+00:00,0f98a48b539f9260055fc305784ffbc924f50451,.221:/home/zechuan/iraod_artifacts/comparison/xaf_student_quant_20260908/b_reg_runs_0e5f8f7/dior/contrast/seed_44/methods/B_REG/terminal_status,.221:/home/zechuan/iraod_artifacts/comparison/xaf_student_quant_20260908/b_reg_runs_0e5f8f7/dior/contrast/seed_44/methods/B_REG/execution.json,2026-09-12T01:56:07.266116+00:00,
DIOR,contrast,C,42,common_1epoch,complete,True,False,67,/mnt/shared/zechuan/iraod_artifacts/comparison/dior/contrast/seed_42/0f98a48/methods/C/work/iter_185.pth,/mnt/shared/zechuan/iraod_artifacts/comparison/dior/contrast/seed_42/0f98a48/methods/C/work/iter_185_ema.pth,2026-09-06T06:09:24+00:00,0f98a48b539f9260055fc305784ffbc924f50451,/mnt/shared/zechuan/iraod_artifacts/comparison/dior/contrast/seed_42/0f98a48/methods/C/terminal_status,.67:/mnt/shared/zechuan/iraod_artifacts/comparison/final_delivery_20260908_4a6bc50/report/report.json,2026-09-12T01:56:04.198019+00:00,
DIOR,contrast,C,43,common_1epoch,complete,True,False,67,/mnt/shared/zechuan/iraod_artifacts/comparison/dior/contrast/seed_43/0f98a48/methods/C/work/iter_185.pth,/mnt/shared/zechuan/iraod_artifacts/comparison/dior/contrast/seed_43/0f98a48/methods/C/work/iter_185_ema.pth,2026-09-07T04:32:17+00:00,0f98a48b539f9260055fc305784ffbc924f50451,/mnt/shared/zechuan/iraod_artifacts/comparison/dior/contrast/seed_43/0f98a48/methods/C/terminal_status,.67:/mnt/shared/zechuan/iraod_artifacts/comparison/final_delivery_20260908_4a6bc50/report/report.json,2026-09-12T01:56:04.443894+00:00,
DIOR,contrast,C,44,common_1epoch,complete,True,False,67,/mnt/shared/zechuan/iraod_artifacts/comparison/dior/contrast/seed_44/0f98a48/methods/C/work/iter_185.pth,/mnt/shared/zechuan/iraod_artifacts/comparison/dior/contrast/seed_44/0f98a48/methods/C/work/iter_185_ema.pth,2026-09-07T18:02:42+00:00,0f98a48b539f9260055fc305784ffbc924f50451,/mnt/shared/zechuan/iraod_artifacts/comparison/dior/contrast/seed_44/0f98a48/methods/C/terminal_status,.67:/mnt/shared/zechuan/iraod_artifacts/comparison/final_delivery_20260908_4a6bc50/report/report.json,2026-09-12T01:56:04.666391+00:00,
DIOR,contrast,D,42,common_1epoch,complete,True,False,67,/mnt/shared/zechuan/iraod_artifacts/comparison/dior/contrast/seed_42/0f98a48/methods/D/work/iter_185.pth,/mnt/shared/zechuan/iraod_artifacts/comparison/dior/contrast/seed_42/0f98a48/methods/D/work/iter_185_ema.pth,2026-09-06T05:16:44+00:00,0f98a48b539f9260055fc305784ffbc924f50451,/mnt/shared/zechuan/iraod_artifacts/comparison/dior/contrast/seed_42/0f98a48/methods/D/terminal_status,.67:/mnt/shared/zechuan/iraod_artifacts/comparison/final_delivery_20260908_4a6bc50/report/report.json,2026-09-12T01:56:04.135958+00:00,
DIOR,contrast,D,43,common_1epoch,complete,True,False,67,/mnt/shared/zechuan/iraod_artifacts/comparison/dior/contrast/seed_43/0f98a48/methods/D/work/iter_185.pth,/mnt/shared/zechuan/iraod_artifacts/comparison/dior/contrast/seed_43/0f98a48/methods/D/work/iter_185_ema.pth,2026-09-07T04:24:20+00:00,0f98a48b539f9260055fc305784ffbc924f50451,/mnt/shared/zechuan/iraod_artifacts/comparison/dior/contrast/seed_43/0f98a48/methods/D/terminal_status,.67:/mnt/shared/zechuan/iraod_artifacts/comparison/final_delivery_20260908_4a6bc50/report/report.json,2026-09-12T01:56:04.497942+00:00,
DIOR,contrast,D,44,common_1epoch,complete,True,False,67,/mnt/shared/zechuan/iraod_artifacts/comparison/dior/contrast/seed_44/0f98a48/methods/D/work/iter_185.pth,/mnt/shared/zechuan/iraod_artifacts/comparison/dior/contrast/seed_44/0f98a48/methods/D/work/iter_185_ema.pth,2026-09-07T19:02:03+00:00,0f98a48b539f9260055fc305784ffbc924f50451,/mnt/shared/zechuan/iraod_artifacts/comparison/dior/contrast/seed_44/0f98a48/methods/D/terminal_status,.67:/mnt/shared/zechuan/iraod_artifacts/comparison/final_delivery_20260908_4a6bc50/report/report.json,2026-09-12T01:56:04.775556+00:00,
DIOR,contrast,E,42,common_1epoch,complete,True,False,67,/mnt/shared/zechuan/iraod_artifacts/comparison/dior/contrast/seed_42/0f98a48/methods/E/ddp2/work/iter_185.pth,/mnt/shared/zechuan/iraod_artifacts/comparison/dior/contrast/seed_42/0f98a48/methods/E/ddp2/work/iter_185_ema.pth,2026-09-06T06:59:56+00:00,0f98a48b539f9260055fc305784ffbc924f50451,/mnt/shared/zechuan/iraod_artifacts/comparison/dior/contrast/seed_42/0f98a48/methods/E/ddp2/terminal_status,.67:/mnt/shared/zechuan/iraod_artifacts/comparison/final_delivery_20260908_4a6bc50/report/report.json,2026-09-12T01:56:04.259926+00:00,
DIOR,contrast,E,43,common_1epoch,complete,True,False,67,/mnt/shared/zechuan/iraod_artifacts/comparison/dior/contrast/seed_43/0f98a48/methods/E/ddp2/work/iter_185.pth,/mnt/shared/zechuan/iraod_artifacts/comparison/dior/contrast/seed_43/0f98a48/methods/E/ddp2/work/iter_185_ema.pth,2026-09-07T21:03:47+00:00,0f98a48b539f9260055fc305784ffbc924f50451,/mnt/shared/zechuan/iraod_artifacts/comparison/dior/contrast/seed_43/0f98a48/methods/E/ddp2/terminal_status,.67:/mnt/shared/zechuan/iraod_artifacts/comparison/final_delivery_20260908_4a6bc50/report/report.json,2026-09-12T01:56:04.551703+00:00,
DIOR,contrast,E,44,common_1epoch,complete,True,False,67,/mnt/shared/zechuan/iraod_artifacts/comparison/dior/contrast/seed_44/0f98a48/methods/E/ddp2/work/iter_185.pth,/mnt/shared/zechuan/iraod_artifacts/comparison/dior/contrast/seed_44/0f98a48/methods/E/ddp2/work/iter_185_ema.pth,2026-09-07T21:25:15+00:00,0f98a48b539f9260055fc305784ffbc924f50451,/mnt/shared/zechuan/iraod_artifacts/comparison/dior/contrast/seed_44/0f98a48/methods/E/ddp2/terminal_status,.67:/mnt/shared/zechuan/iraod_artifacts/comparison/final_delivery_20260908_4a6bc50/report/report.json,2026-09-12T01:56:04.830298+00:00,
DIOR,contrast,F,42,common_1epoch,complete,True,False,67,/mnt/shared/zechuan/iraod_artifacts/comparison/dior/contrast/seed_42/0f98a48/methods/F/ddp2/work/iter_185.pth,/mnt/shared/zechuan/iraod_artifacts/comparison/dior/contrast/seed_42/0f98a48/methods/F/ddp2/work/iter_185_ema.pth,2026-09-06T07:53:12+00:00,0f98a48b539f9260055fc305784ffbc924f50451,/mnt/shared/zechuan/iraod_artifacts/comparison/dior/contrast/seed_42/0f98a48/methods/F/ddp2/terminal_status,.67:/mnt/shared/zechuan/iraod_artifacts/comparison/final_delivery_20260908_4a6bc50/report/report.json,2026-09-12T01:56:04.325878+00:00,
DIOR,contrast,F,43,common_1epoch,complete,True,False,67,/mnt/shared/zechuan/iraod_artifacts/comparison/dior/contrast/seed_43/0f98a48/methods/F/ddp2/work/iter_185.pth,/mnt/shared/zechuan/iraod_artifacts/comparison/dior/contrast/seed_43/0f98a48/methods/F/ddp2/work/iter_185_ema.pth,2026-09-07T21:15:49+00:00,0f98a48b539f9260055fc305784ffbc924f50451,/mnt/shared/zechuan/iraod_artifacts/comparison/dior/contrast/seed_43/0f98a48/methods/F/ddp2/terminal_status,.67:/mnt/shared/zechuan/iraod_artifacts/comparison/final_delivery_20260908_4a6bc50/report/report.json,2026-09-12T01:56:04.609016+00:00,
DIOR,contrast,F,44,common_1epoch,complete,True,False,67,/mnt/shared/zechuan/iraod_artifacts/comparison/dior/contrast/seed_44/0f98a48/methods/F/ddp2/work/iter_185.pth,/mnt/shared/zechuan/iraod_artifacts/comparison/dior/contrast/seed_44/0f98a48/methods/F/ddp2/work/iter_185_ema.pth,2026-09-07T21:37:05+00:00,0f98a48b539f9260055fc305784ffbc924f50451,/mnt/shared/zechuan/iraod_artifacts/comparison/dior/contrast/seed_44/0f98a48/methods/F/ddp2/terminal_status,.67:/mnt/shared/zechuan/iraod_artifacts/comparison/final_delivery_20260908_4a6bc50/report/report.json,2026-09-12T01:56:04.888544+00:00,
DIOR,contrast,F_text_only,42,common_1epoch,complete,True,False,221,/home/zechuan/iraod_artifacts/comparison/xaf_student_quant_20260908/f_deletion_runs_daa3992/dior/contrast/seed_42/methods/F_text_only/ddp2/work/iter_185.pth,/home/zechuan/iraod_artifacts/comparison/xaf_student_quant_20260908/f_deletion_runs_daa3992/dior/contrast/seed_42/methods/F_text_only/ddp2/work/iter_185_ema.pth,2026-09-08T23:02:09.328301+00:00,0f98a48b539f9260055fc305784ffbc924f50451,.221:/home/zechuan/iraod_artifacts/comparison/xaf_student_quant_20260908/f_deletion_runs_daa3992/dior/contrast/seed_42/methods/F_text_only/ddp2/terminal_status,.221:/home/zechuan/iraod_artifacts/comparison/xaf_student_quant_20260908/f_deletion_runs_daa3992/dior/contrast/seed_42/methods/F_text_only/execution.json,2026-09-12T01:56:08.895451+00:00,
DIOR,contrast,F_text_only,43,common_1epoch,complete,True,False,221,/home/zechuan/iraod_artifacts/comparison/xaf_student_quant_20260908/f_deletion_runs_daa3992/dior/contrast/seed_43/methods/F_text_only/ddp2/work/iter_185.pth,/home/zechuan/iraod_artifacts/comparison/xaf_student_quant_20260908/f_deletion_runs_daa3992/dior/contrast/seed_43/methods/F_text_only/ddp2/work/iter_185_ema.pth,2026-09-08T23:14:32.663722+00:00,0f98a48b539f9260055fc305784ffbc924f50451,.221:/home/zechuan/iraod_artifacts/comparison/xaf_student_quant_20260908/f_deletion_runs_daa3992/dior/contrast/seed_43/methods/F_text_only/ddp2/terminal_status,.221:/home/zechuan/iraod_artifacts/comparison/xaf_student_quant_20260908/f_deletion_runs_daa3992/dior/contrast/seed_43/methods/F_text_only/execution.json,2026-09-12T01:56:09.017429+00:00,
DIOR,contrast,F_text_only,44,common_1epoch,complete,True,False,221,/home/zechuan/iraod_artifacts/comparison/xaf_student_quant_20260908/f_deletion_runs_daa3992/dior/contrast/seed_44/methods/F_text_only/ddp2/work/iter_185.pth,/home/zechuan/iraod_artifacts/comparison/xaf_student_quant_20260908/f_deletion_runs_daa3992/dior/contrast/seed_44/methods/F_text_only/ddp2/work/iter_185_ema.pth,2026-09-08T23:28:06.360633+00:00,0f98a48b539f9260055fc305784ffbc924f50451,.221:/home/zechuan/iraod_artifacts/comparison/xaf_student_quant_20260908/f_deletion_runs_daa3992/dior/contrast/seed_44/methods/F_text_only/ddp2/terminal_status,.221:/home/zechuan/iraod_artifacts/comparison/xaf_student_quant_20260908/f_deletion_runs_daa3992/dior/contrast/seed_44/methods/F_text_only/execution.json,2026-09-12T01:56:09.134313+00:00,
DIOR,contrast,F_veto_only,42,common_1epoch,complete,True,False,221,/home/zechuan/iraod_artifacts/comparison/xaf_student_quant_20260908/f_deletion_runs_daa3992/dior/contrast/seed_42/methods/F_veto_only/ddp2/work/iter_185.pth,/home/zechuan/iraod_artifacts/comparison/xaf_student_quant_20260908/f_deletion_runs_daa3992/dior/contrast/seed_42/methods/F_veto_only/ddp2/work/iter_185_ema.pth,2026-09-08T23:15:43.019398+00:00,0f98a48b539f9260055fc305784ffbc924f50451,.221:/home/zechuan/iraod_artifacts/comparison/xaf_student_quant_20260908/f_deletion_runs_daa3992/dior/contrast/seed_42/methods/F_veto_only/ddp2/terminal_status,.221:/home/zechuan/iraod_artifacts/comparison/xaf_student_quant_20260908/f_deletion_runs_daa3992/dior/contrast/seed_42/methods/F_veto_only/execution.json,2026-09-12T01:56:08.938268+00:00,
DIOR,contrast,F_veto_only,43,common_1epoch,complete,True,False,221,/home/zechuan/iraod_artifacts/comparison/xaf_student_quant_20260908/f_deletion_runs_daa3992/dior/contrast/seed_43/methods/F_veto_only/ddp2/work/iter_185.pth,/home/zechuan/iraod_artifacts/comparison/xaf_student_quant_20260908/f_deletion_runs_daa3992/dior/contrast/seed_43/methods/F_veto_only/ddp2/work/iter_185_ema.pth,2026-09-08T23:28:31.101572+00:00,0f98a48b539f9260055fc305784ffbc924f50451,.221:/home/zechuan/iraod_artifacts/comparison/xaf_student_quant_20260908/f_deletion_runs_daa3992/dior/contrast/seed_43/methods/F_veto_only/ddp2/terminal_status,.221:/home/zechuan/iraod_artifacts/comparison/xaf_student_quant_20260908/f_deletion_runs_daa3992/dior/contrast/seed_43/methods/F_veto_only/execution.json,2026-09-12T01:56:09.113874+00:00,
DIOR,contrast,F_veto_only,44,common_1epoch,complete,True,False,221,/home/zechuan/iraod_artifacts/comparison/xaf_student_quant_20260908/f_deletion_runs_daa3992/dior/contrast/seed_44/methods/F_veto_only/ddp2/work/iter_185.pth,/home/zechuan/iraod_artifacts/comparison/xaf_student_quant_20260908/f_deletion_runs_daa3992/dior/contrast/seed_44/methods/F_veto_only/ddp2/work/iter_185_ema.pth,2026-09-08T23:42:04.811791+00:00,0f98a48b539f9260055fc305784ffbc924f50451,.221:/home/zechuan/iraod_artifacts/comparison/xaf_student_quant_20260908/f_deletion_runs_daa3992/dior/contrast/seed_44/methods/F_veto_only/ddp2/terminal_status,.221:/home/zechuan/iraod_artifacts/comparison/xaf_student_quant_20260908/f_deletion_runs_daa3992/dior/contrast/seed_44/methods/F_veto_only/execution.json,2026-09-12T01:56:09.184858+00:00,
DIOR,contrast,IRG,42,common_1epoch,complete,True,False,67,/mnt/shared/zechuan/iraod_artifacts/comparison/xaf_student_quant_20260908/formal_ports_runs_a39c832/dior/contrast/seed_42/methods/IRG/work/iter_185.pth,/mnt/shared/zechuan/iraod_artifacts/comparison/xaf_student_quant_20260908/formal_ports_runs_a39c832/dior/contrast/seed_42/methods/IRG/work/iter_185_ema.pth,2026-09-08T10:47:19+00:00,a39c83221c73e71d273b96ef95c65f6d8d1e84f9,.67:/mnt/shared/zechuan/iraod_artifacts/comparison/xaf_student_quant_20260908/formal_ports_runs_a39c832/dior/contrast/seed_42/methods/IRG/terminal_status,.67:/mnt/shared/zechuan/iraod_artifacts/comparison/xaf_student_quant_20260908/formal_ports_runs_a39c832/dior/contrast/seed_42/methods/IRG/execution.json,2026-09-12T01:56:09.026500+00:00,
DIOR,contrast,IRG,43,common_1epoch,complete,True,False,67,/mnt/shared/zechuan/iraod_artifacts/comparison/xaf_student_quant_20260908/formal_ports_runs_a39c832/dior/contrast/seed_43/methods/IRG/work/iter_185.pth,/mnt/shared/zechuan/iraod_artifacts/comparison/xaf_student_quant_20260908/formal_ports_runs_a39c832/dior/contrast/seed_43/methods/IRG/work/iter_185_ema.pth,2026-09-08T10:47:48+00:00,a39c83221c73e71d273b96ef95c65f6d8d1e84f9,.67:/mnt/shared/zechuan/iraod_artifacts/comparison/xaf_student_quant_20260908/formal_ports_runs_a39c832/dior/contrast/seed_43/methods/IRG/terminal_status,.67:/mnt/shared/zechuan/iraod_artifacts/comparison/xaf_student_quant_20260908/formal_ports_runs_a39c832/dior/contrast/seed_43/methods/IRG/execution.json,2026-09-12T01:56:09.109973+00:00,
DIOR,contrast,IRG,44,common_1epoch,complete,True,False,67,/mnt/shared/zechuan/iraod_artifacts/comparison/xaf_student_quant_20260908/formal_ports_runs_a39c832/dior/contrast/seed_44/methods/IRG/work/iter_185.pth,/mnt/shared/zechuan/iraod_artifacts/comparison/xaf_student_quant_20260908/formal_ports_runs_a39c832/dior/contrast/seed_44/methods/IRG/work/iter_185_ema.pth,2026-09-08T10:54:25+00:00,a39c83221c73e71d273b96ef95c65f6d8d1e84f9,.67:/mnt/shared/zechuan/iraod_artifacts/comparison/xaf_student_quant_20260908/formal_ports_runs_a39c832/dior/contrast/seed_44/methods/IRG/terminal_status,.67:/mnt/shared/zechuan/iraod_artifacts/comparison/xaf_student_quant_20260908/formal_ports_runs_a39c832/dior/contrast/seed_44/methods/IRG/execution.json,2026-09-12T01:56:09.200718+00:00,
DIOR,contrast,LPLD,42,common_1epoch,complete,True,False,67,/mnt/shared/zechuan/iraod_artifacts/comparison/xaf_student_quant_20260908/formal_ports_runs_a39c832/dior/contrast/seed_42/methods/LPLD/work/iter_185.pth,/mnt/shared/zechuan/iraod_artifacts/comparison/xaf_student_quant_20260908/formal_ports_runs_a39c832/dior/contrast/seed_42/methods/LPLD/work/iter_185_ema.pth,2026-09-08T10:46:50+00:00,a39c83221c73e71d273b96ef95c65f6d8d1e84f9,.67:/mnt/shared/zechuan/iraod_artifacts/comparison/xaf_student_quant_20260908/formal_ports_runs_a39c832/dior/contrast/seed_42/methods/LPLD/terminal_status,.67:/mnt/shared/zechuan/iraod_artifacts/comparison/xaf_student_quant_20260908/formal_ports_runs_a39c832/dior/contrast/seed_42/methods/LPLD/execution.json,2026-09-12T01:56:09.053853+00:00,
DIOR,contrast,LPLD,43,common_1epoch,complete,True,False,67,/mnt/shared/zechuan/iraod_artifacts/comparison/xaf_student_quant_20260908/formal_ports_runs_a39c832/dior/contrast/seed_43/methods/LPLD/work/iter_185.pth,/mnt/shared/zechuan/iraod_artifacts/comparison/xaf_student_quant_20260908/formal_ports_runs_a39c832/dior/contrast/seed_43/methods/LPLD/work/iter_185_ema.pth,2026-09-08T10:53:11+00:00,a39c83221c73e71d273b96ef95c65f6d8d1e84f9,.67:/mnt/shared/zechuan/iraod_artifacts/comparison/xaf_student_quant_20260908/formal_ports_runs_a39c832/dior/contrast/seed_43/methods/LPLD/terminal_status,.67:/mnt/shared/zechuan/iraod_artifacts/comparison/xaf_student_quant_20260908/formal_ports_runs_a39c832/dior/contrast/seed_43/methods/LPLD/execution.json,2026-09-12T01:56:09.139022+00:00,
DIOR,contrast,LPLD,44,common_1epoch,complete,True,False,67,/mnt/shared/zechuan/iraod_artifacts/comparison/xaf_student_quant_20260908/formal_ports_runs_a39c832/dior/contrast/seed_44/methods/LPLD/work/iter_185.pth,/mnt/shared/zechuan/iraod_artifacts/comparison/xaf_student_quant_20260908/formal_ports_runs_a39c832/dior/contrast/seed_44/methods/LPLD/work/iter_185_ema.pth,2026-09-08T10:54:23+00:00,a39c83221c73e71d273b96ef95c65f6d8d1e84f9,.67:/mnt/shared/zechuan/iraod_artifacts/comparison/xaf_student_quant_20260908/formal_ports_runs_a39c832/dior/contrast/seed_44/methods/LPLD/terminal_status,.67:/mnt/shared/zechuan/iraod_artifacts/comparison/xaf_student_quant_20260908/formal_ports_runs_a39c832/dior/contrast/seed_44/methods/LPLD/execution.json,2026-09-12T01:56:09.231912+00:00,
DIOR,contrast,LoRA-CGA,42,supervised_lora_oracle,not_complete_at_cutoff,False,False,,,,,,,,,No terminal-success plus frozen final Student/EMA pair before cutoff.
DIOR,contrast,LoRA-CGA,43,supervised_lora_oracle,not_complete_at_cutoff,False,False,,,,,,,,,No terminal-success plus frozen final Student/EMA pair before cutoff.
DIOR,contrast,LoRA-CGA,44,supervised_lora_oracle,not_complete_at_cutoff,False,False,,,,,,,,,No terminal-success plus frozen final Student/EMA pair before cutoff.
DIOR,contrast,LoRA-CGA+VLST,42,supervised_lora_oracle,complete,True,False,183,/home/zechuan/iraod_artifacts/comparison/xaf_student_quant_20260908/oracle_dior24_20260909/dior/contrast/seed_42/methods/LoRA-CGA+VLST/ddp2/work/iter_185.pth,/home/zechuan/iraod_artifacts/comparison/xaf_student_quant_20260908/oracle_dior24_20260909/dior/contrast/seed_42/methods/LoRA-CGA+VLST/ddp2/work/iter_185_ema.pth,2026-09-12T01:32:23.989274+00:00,599de030df5a8658bf5f50d9fd5dfe442f8fc35d,.183:/home/zechuan/iraod_artifacts/comparison/xaf_student_quant_20260908/oracle_dior24_20260909/dior/contrast/seed_42/methods/LoRA-CGA+VLST/ddp2/terminal_status,.183:/home/zechuan/iraod_artifacts/comparison/xaf_student_quant_20260908/oracle_dior24_20260909/dior/contrast/seed_42/methods/LoRA-CGA+VLST/execution.json,2026-09-12T01:55:56.066616+00:00,
DIOR,contrast,LoRA-CGA+VLST,43,supervised_lora_oracle,complete,True,False,183,/home/zechuan/iraod_artifacts/comparison/xaf_student_quant_20260908/oracle_dior24_20260909/dior/contrast/seed_43/methods/LoRA-CGA+VLST/ddp2/work/iter_185.pth,/home/zechuan/iraod_artifacts/comparison/xaf_student_quant_20260908/oracle_dior24_20260909/dior/contrast/seed_43/methods/LoRA-CGA+VLST/ddp2/work/iter_185_ema.pth,2026-09-12T01:32:43.836301+00:00,599de030df5a8658bf5f50d9fd5dfe442f8fc35d,.183:/home/zechuan/iraod_artifacts/comparison/xaf_student_quant_20260908/oracle_dior24_20260909/dior/contrast/seed_43/methods/LoRA-CGA+VLST/ddp2/terminal_status,.183:/home/zechuan/iraod_artifacts/comparison/xaf_student_quant_20260908/oracle_dior24_20260909/dior/contrast/seed_43/methods/LoRA-CGA+VLST/execution.json,2026-09-12T01:55:56.064381+00:00,
DIOR,contrast,LoRA-CGA+VLST,44,supervised_lora_oracle,complete,True,False,183,/home/zechuan/iraod_artifacts/comparison/xaf_student_quant_20260908/oracle_dior24_20260909/dior/contrast/seed_44/methods/LoRA-CGA+VLST/ddp2/work/iter_185.pth,/home/zechuan/iraod_artifacts/comparison/xaf_student_quant_20260908/oracle_dior24_20260909/dior/contrast/seed_44/methods/LoRA-CGA+VLST/ddp2/work/iter_185_ema.pth,2026-09-12T01:36:22.524582+00:00,599de030df5a8658bf5f50d9fd5dfe442f8fc35d,.183:/home/zechuan/iraod_artifacts/comparison/xaf_student_quant_20260908/oracle_dior24_20260909/dior/contrast/seed_44/methods/LoRA-CGA+VLST/ddp2/terminal_status,.183:/home/zechuan/iraod_artifacts/comparison/xaf_student_quant_20260908/oracle_dior24_20260909/dior/contrast/seed_44/methods/LoRA-CGA+VLST/execution.json,2026-09-12T01:55:56.068896+00:00,
DIOR,contrast,SFUT,42,common_1epoch,complete,True,False,67,/mnt/shared/zechuan/iraod_artifacts/comparison/xaf_student_quant_20260908/formal_ports_runs_a39c832/dior/contrast/seed_42/methods/SFUT/work/iter_185.pth,/mnt/shared/zechuan/iraod_artifacts/comparison/xaf_student_quant_20260908/formal_ports_runs_a39c832/dior/contrast/seed_42/methods/SFUT/work/iter_185_ema.pth,2026-09-08T10:47:39+00:00,a39c83221c73e71d273b96ef95c65f6d8d1e84f9,.67:/mnt/shared/zechuan/iraod_artifacts/comparison/xaf_student_quant_20260908/formal_ports_runs_a39c832/dior/contrast/seed_42/methods/SFUT/terminal_status,.67:/mnt/shared/zechuan/iraod_artifacts/comparison/xaf_student_quant_20260908/formal_ports_runs_a39c832/dior/contrast/seed_42/methods/SFUT/execution.json,2026-09-12T01:56:09.081169+00:00,
DIOR,contrast,SFUT,43,common_1epoch,complete,True,False,67,/mnt/shared/zechuan/iraod_artifacts/comparison/xaf_student_quant_20260908/formal_ports_runs_a39c832/dior/contrast/seed_43/methods/SFUT/work/iter_185.pth,/mnt/shared/zechuan/iraod_artifacts/comparison/xaf_student_quant_20260908/formal_ports_runs_a39c832/dior/contrast/seed_43/methods/SFUT/work/iter_185_ema.pth,2026-09-08T10:53:53+00:00,a39c83221c73e71d273b96ef95c65f6d8d1e84f9,.67:/mnt/shared/zechuan/iraod_artifacts/comparison/xaf_student_quant_20260908/formal_ports_runs_a39c832/dior/contrast/seed_43/methods/SFUT/terminal_status,.67:/mnt/shared/zechuan/iraod_artifacts/comparison/xaf_student_quant_20260908/formal_ports_runs_a39c832/dior/contrast/seed_43/methods/SFUT/execution.json,2026-09-12T01:56:09.167194+00:00,
DIOR,contrast,SFUT,44,common_1epoch,complete,True,False,67,/mnt/shared/zechuan/iraod_artifacts/comparison/xaf_student_quant_20260908/formal_ports_runs_a39c832/dior/contrast/seed_44/methods/SFUT/work/iter_185.pth,/mnt/shared/zechuan/iraod_artifacts/comparison/xaf_student_quant_20260908/formal_ports_runs_a39c832/dior/contrast/seed_44/methods/SFUT/work/iter_185_ema.pth,2026-09-08T10:59:30+00:00,a39c83221c73e71d273b96ef95c65f6d8d1e84f9,.67:/mnt/shared/zechuan/iraod_artifacts/comparison/xaf_student_quant_20260908/formal_ports_runs_a39c832/dior/contrast/seed_44/methods/SFUT/terminal_status,.67:/mnt/shared/zechuan/iraod_artifacts/comparison/xaf_student_quant_20260908/formal_ports_runs_a39c832/dior/contrast/seed_44/methods/SFUT/execution.json,2026-09-12T01:56:09.261708+00:00,
DIOR,contrast,SFYOLO,42,extended_2epoch,complete,True,False,183,/home/zechuan/iraod_artifacts/comparison/xaf_student_quant_20260908/sfyolo_runs_84a1aeb/dior/contrast/seed_42/methods/SFYOLO/work/iter_369.pth,/home/zechuan/iraod_artifacts/comparison/xaf_student_quant_20260908/sfyolo_runs_84a1aeb/dior/contrast/seed_42/methods/SFYOLO/work/iter_369_ema.pth,2026-09-12T00:35:26.187035+00:00,84a1aebcdf9fa6f710acc5c031dc12d4c0d465be,.183:/home/zechuan/iraod_artifacts/comparison/xaf_student_quant_20260908/sfyolo_runs_84a1aeb/dior/contrast/seed_42/methods/SFYOLO/terminal_status,.183:/home/zechuan/iraod_artifacts/comparison/xaf_student_quant_20260908/sfyolo_runs_84a1aeb/dior/contrast/seed_42/methods/SFYOLO/execution.json,2026-09-12T01:55:56.015434+00:00,
DIOR,contrast,SFYOLO,43,extended_2epoch,complete,True,False,183,/home/zechuan/iraod_artifacts/comparison/xaf_student_quant_20260908/sfyolo_runs_84a1aeb/dior/contrast/seed_43/methods/SFYOLO/work/iter_369.pth,/home/zechuan/iraod_artifacts/comparison/xaf_student_quant_20260908/sfyolo_runs_84a1aeb/dior/contrast/seed_43/methods/SFYOLO/work/iter_369_ema.pth,2026-09-12T00:52:15.103421+00:00,84a1aebcdf9fa6f710acc5c031dc12d4c0d465be,.183:/home/zechuan/iraod_artifacts/comparison/xaf_student_quant_20260908/sfyolo_runs_84a1aeb/dior/contrast/seed_43/methods/SFYOLO/terminal_status,.183:/home/zechuan/iraod_artifacts/comparison/xaf_student_quant_20260908/sfyolo_runs_84a1aeb/dior/contrast/seed_43/methods/SFYOLO/execution.json,2026-09-12T01:55:56.017977+00:00,
DIOR,contrast,SFYOLO,44,extended_2epoch,complete,True,False,183,/home/zechuan/iraod_artifacts/comparison/xaf_student_quant_20260908/sfyolo_runs_84a1aeb/dior/contrast/seed_44/methods/SFYOLO/work/iter_369.pth,/home/zechuan/iraod_artifacts/comparison/xaf_student_quant_20260908/sfyolo_runs_84a1aeb/dior/contrast/seed_44/methods/SFYOLO/work/iter_369_ema.pth,2026-09-12T01:07:09.207477+00:00,84a1aebcdf9fa6f710acc5c031dc12d4c0d465be,.183:/home/zechuan/iraod_artifacts/comparison/xaf_student_quant_20260908/sfyolo_runs_84a1aeb/dior/contrast/seed_44/methods/SFYOLO/terminal_status,.183:/home/zechuan/iraod_artifacts/comparison/xaf_student_quant_20260908/sfyolo_runs_84a1aeb/dior/contrast/seed_44/methods/SFYOLO/execution.json,2026-09-12T01:55:56.020516+00:00,
RSAR,am_noise_horizontal,AASFOD,42,common_1epoch,complete,True,False,221,/home/zechuan/iraod_artifacts/comparison/xaf_student_quant_20260908/aasfod_runs_36c2053/rsar/am_noise_horizontal/seed_42/methods/AASFOD/work/iter_266.pth,/home/zechuan/iraod_artifacts/comparison/xaf_student_quant_20260908/aasfod_runs_36c2053/rsar/am_noise_horizontal/seed_42/methods/AASFOD/work/iter_266_ema.pth,2026-09-11T19:24:45.023805+00:00,cbd0f75ab147fea6728f61d6fd696325cc195296,.221:/home/zechuan/iraod_artifacts/comparison/xaf_student_quant_20260908/aasfod_runs_36c2053/rsar/am_noise_horizontal/seed_42/methods/AASFOD/terminal_status,.221:/home/zechuan/iraod_artifacts/comparison/xaf_student_quant_20260908/aasfod_runs_36c2053/rsar/am_noise_horizontal/seed_42/methods/AASFOD/execution.json,2026-09-12T01:56:13.231497+00:00,
RSAR,am_noise_horizontal,AASFOD,43,common_1epoch,complete,True,False,221,/home/zechuan/iraod_artifacts/comparison/xaf_student_quant_20260908/aasfod_runs_36c2053/rsar/am_noise_horizontal/seed_43/methods/AASFOD/work/iter_266.pth,/home/zechuan/iraod_artifacts/comparison/xaf_student_quant_20260908/aasfod_runs_36c2053/rsar/am_noise_horizontal/seed_43/methods/AASFOD/work/iter_266_ema.pth,2026-09-11T19:58:54.568775+00:00,cbd0f75ab147fea6728f61d6fd696325cc195296,.221:/home/zechuan/iraod_artifacts/comparison/xaf_student_quant_20260908/aasfod_runs_36c2053/rsar/am_noise_horizontal/seed_43/methods/AASFOD/terminal_status,.221:/home/zechuan/iraod_artifacts/comparison/xaf_student_quant_20260908/aasfod_runs_36c2053/rsar/am_noise_horizontal/seed_43/methods/AASFOD/execution.json,2026-09-12T01:56:13.307542+00:00,
RSAR,am_noise_horizontal,AASFOD,44,common_1epoch,complete,True,False,221,/home/zechuan/iraod_artifacts/comparison/xaf_student_quant_20260908/aasfod_runs_36c2053/rsar/am_noise_horizontal/seed_44/methods/AASFOD/work/iter_266.pth,/home/zechuan/iraod_artifacts/comparison/xaf_student_quant_20260908/aasfod_runs_36c2053/rsar/am_noise_horizontal/seed_44/methods/AASFOD/work/iter_266_ema.pth,2026-09-11T19:58:51.234654+00:00,cbd0f75ab147fea6728f61d6fd696325cc195296,.221:/home/zechuan/iraod_artifacts/comparison/xaf_student_quant_20260908/aasfod_runs_36c2053/rsar/am_noise_horizontal/seed_44/methods/AASFOD/terminal_status,.221:/home/zechuan/iraod_artifacts/comparison/xaf_student_quant_20260908/aasfod_runs_36c2053/rsar/am_noise_horizontal/seed_44/methods/AASFOD/execution.json,2026-09-12T01:56:13.354975+00:00,
RSAR,am_noise_horizontal,B,42,common_1epoch,complete,True,False,67,/mnt/shared/zechuan/iraod_artifacts/comparison/rsar/am_noise_horizontal/seed_42/0f98a48/methods/B/work/iter_266.pth,/mnt/shared/zechuan/iraod_artifacts/comparison/rsar/am_noise_horizontal/seed_42/0f98a48/methods/B/work/iter_266_ema.pth,2026-09-05T20:01:44+00:00,0f98a48b539f9260055fc305784ffbc924f50451,/mnt/shared/zechuan/iraod_artifacts/comparison/rsar/am_noise_horizontal/seed_42/0f98a48/methods/B/terminal_status,.67:/mnt/shared/zechuan/iraod_artifacts/comparison/final_delivery_20260908_4a6bc50/report/report.json,2026-09-12T01:55:59.535715+00:00,
RSAR,am_noise_horizontal,B,43,common_1epoch,complete,True,False,67,/mnt/shared/zechuan/iraod_artifacts/comparison/rsar/am_noise_horizontal/seed_43/0f98a48/methods/B/work/iter_266.pth,/mnt/shared/zechuan/iraod_artifacts/comparison/rsar/am_noise_horizontal/seed_43/0f98a48/methods/B/work/iter_266_ema.pth,2026-09-06T22:47:24+00:00,0f98a48b539f9260055fc305784ffbc924f50451,/mnt/shared/zechuan/iraod_artifacts/comparison/rsar/am_noise_horizontal/seed_43/0f98a48/methods/B/terminal_status,.67:/mnt/shared/zechuan/iraod_artifacts/comparison/final_delivery_20260908_4a6bc50/report/report.json,2026-09-12T01:55:59.855386+00:00,
RSAR,am_noise_horizontal,B,44,common_1epoch,complete,True,False,67,/mnt/shared/zechuan/iraod_artifacts/comparison/rsar/am_noise_horizontal/seed_44/0f98a48/methods/B/work/iter_266.pth,/mnt/shared/zechuan/iraod_artifacts/comparison/rsar/am_noise_horizontal/seed_44/0f98a48/methods/B/work/iter_266_ema.pth,2026-09-07T09:50:55+00:00,0f98a48b539f9260055fc305784ffbc924f50451,/mnt/shared/zechuan/iraod_artifacts/comparison/rsar/am_noise_horizontal/seed_44/0f98a48/methods/B/terminal_status,.67:/mnt/shared/zechuan/iraod_artifacts/comparison/final_delivery_20260908_4a6bc50/report/report.json,2026-09-12T01:56:00.097951+00:00,
RSAR,am_noise_horizontal,B_REG,42,common_1epoch,complete,True,False,67,/mnt/shared/zechuan/iraod_artifacts/comparison/xaf_student_quant_20260908/b_reg_runs_0e5f8f7/rsar/am_noise_horizontal/seed_42/methods/B_REG/work/iter_266.pth,/mnt/shared/zechuan/iraod_artifacts/comparison/xaf_student_quant_20260908/b_reg_runs_0e5f8f7/rsar/am_noise_horizontal/seed_42/methods/B_REG/work/iter_266_ema.pth,2026-09-11T20:21:45+00:00,0f98a48b539f9260055fc305784ffbc924f50451,.67:/mnt/shared/zechuan/iraod_artifacts/comparison/xaf_student_quant_20260908/b_reg_runs_0e5f8f7/rsar/am_noise_horizontal/seed_42/methods/B_REG/terminal_status,.67:/mnt/shared/zechuan/iraod_artifacts/comparison/xaf_student_quant_20260908/b_reg_runs_0e5f8f7/rsar/am_noise_horizontal/seed_42/methods/B_REG/execution.json,2026-09-12T01:56:09.476709+00:00,
RSAR,am_noise_horizontal,B_REG,43,common_1epoch,complete,True,False,67,/mnt/shared/zechuan/iraod_artifacts/comparison/xaf_student_quant_20260908/b_reg_runs_0e5f8f7/rsar/am_noise_horizontal/seed_43/methods/B_REG/work/iter_266.pth,/mnt/shared/zechuan/iraod_artifacts/comparison/xaf_student_quant_20260908/b_reg_runs_0e5f8f7/rsar/am_noise_horizontal/seed_43/methods/B_REG/work/iter_266_ema.pth,2026-09-11T20:21:54+00:00,0f98a48b539f9260055fc305784ffbc924f50451,.67:/mnt/shared/zechuan/iraod_artifacts/comparison/xaf_student_quant_20260908/b_reg_runs_0e5f8f7/rsar/am_noise_horizontal/seed_43/methods/B_REG/terminal_status,.67:/mnt/shared/zechuan/iraod_artifacts/comparison/xaf_student_quant_20260908/b_reg_runs_0e5f8f7/rsar/am_noise_horizontal/seed_43/methods/B_REG/execution.json,2026-09-12T01:56:09.483677+00:00,
RSAR,am_noise_horizontal,B_REG,44,common_1epoch,complete,True,False,67,/mnt/shared/zechuan/iraod_artifacts/comparison/xaf_student_quant_20260908/b_reg_runs_0e5f8f7/rsar/am_noise_horizontal/seed_44/methods/B_REG/work/iter_266.pth,/mnt/shared/zechuan/iraod_artifacts/comparison/xaf_student_quant_20260908/b_reg_runs_0e5f8f7/rsar/am_noise_horizontal/seed_44/methods/B_REG/work/iter_266_ema.pth,2026-09-11T20:21:50+00:00,0f98a48b539f9260055fc305784ffbc924f50451,.67:/mnt/shared/zechuan/iraod_artifacts/comparison/xaf_student_quant_20260908/b_reg_runs_0e5f8f7/rsar/am_noise_horizontal/seed_44/methods/B_REG/terminal_status,.67:/mnt/shared/zechuan/iraod_artifacts/comparison/xaf_student_quant_20260908/b_reg_runs_0e5f8f7/rsar/am_noise_horizontal/seed_44/methods/B_REG/execution.json,2026-09-12T01:56:09.490736+00:00,
RSAR,am_noise_horizontal,C,42,common_1epoch,complete,True,False,67,/mnt/shared/zechuan/iraod_artifacts/comparison/rsar/am_noise_horizontal/seed_42/0f98a48/methods/C/work/iter_266.pth,/mnt/shared/zechuan/iraod_artifacts/comparison/rsar/am_noise_horizontal/seed_42/0f98a48/methods/C/work/iter_266_ema.pth,2026-09-05T20:55:48+00:00,0f98a48b539f9260055fc305784ffbc924f50451,/mnt/shared/zechuan/iraod_artifacts/comparison/rsar/am_noise_horizontal/seed_42/0f98a48/methods/C/terminal_status,.67:/mnt/shared/zechuan/iraod_artifacts/comparison/final_delivery_20260908_4a6bc50/report/report.json,2026-09-12T01:55:59.597021+00:00,
RSAR,am_noise_horizontal,C,43,common_1epoch,complete,True,False,67,/mnt/shared/zechuan/iraod_artifacts/comparison/rsar/am_noise_horizontal/seed_43/0f98a48/methods/C/work/iter_266.pth,/mnt/shared/zechuan/iraod_artifacts/comparison/rsar/am_noise_horizontal/seed_43/0f98a48/methods/C/work/iter_266_ema.pth,2026-09-06T23:32:37+00:00,0f98a48b539f9260055fc305784ffbc924f50451,/mnt/shared/zechuan/iraod_artifacts/comparison/rsar/am_noise_horizontal/seed_43/0f98a48/methods/C/terminal_status,.67:/mnt/shared/zechuan/iraod_artifacts/comparison/final_delivery_20260908_4a6bc50/report/report.json,2026-09-12T01:55:59.903492+00:00,
RSAR,am_noise_horizontal,C,44,common_1epoch,complete,True,False,67,/mnt/shared/zechuan/iraod_artifacts/comparison/rsar/am_noise_horizontal/seed_44/0f98a48/methods/C/work/iter_266.pth,/mnt/shared/zechuan/iraod_artifacts/comparison/rsar/am_noise_horizontal/seed_44/0f98a48/methods/C/work/iter_266_ema.pth,2026-09-07T10:49:42+00:00,0f98a48b539f9260055fc305784ffbc924f50451,/mnt/shared/zechuan/iraod_artifacts/comparison/rsar/am_noise_horizontal/seed_44/0f98a48/methods/C/terminal_status,.67:/mnt/shared/zechuan/iraod_artifacts/comparison/final_delivery_20260908_4a6bc50/report/report.json,2026-09-12T01:56:00.146855+00:00,
RSAR,am_noise_horizontal,D,42,common_1epoch,complete,True,False,67,/mnt/shared/zechuan/iraod_artifacts/comparison/rsar/am_noise_horizontal/seed_42/0f98a48/methods/D/work/iter_266.pth,/mnt/shared/zechuan/iraod_artifacts/comparison/rsar/am_noise_horizontal/seed_42/0f98a48/methods/D/work/iter_266_ema.pth,2026-09-05T20:17:49+00:00,0f98a48b539f9260055fc305784ffbc924f50451,/mnt/shared/zechuan/iraod_artifacts/comparison/rsar/am_noise_horizontal/seed_42/0f98a48/methods/D/terminal_status,.67:/mnt/shared/zechuan/iraod_artifacts/comparison/final_delivery_20260908_4a6bc50/report/report.json,2026-09-12T01:55:59.662383+00:00,
RSAR,am_noise_horizontal,D,43,common_1epoch,complete,True,False,67,/mnt/shared/zechuan/iraod_artifacts/comparison/rsar/am_noise_horizontal/seed_43/0f98a48/methods/D/work/iter_266.pth,/mnt/shared/zechuan/iraod_artifacts/comparison/rsar/am_noise_horizontal/seed_43/0f98a48/methods/D/work/iter_266_ema.pth,2026-09-07T00:23:26+00:00,0f98a48b539f9260055fc305784ffbc924f50451,/mnt/shared/zechuan/iraod_artifacts/comparison/rsar/am_noise_horizontal/seed_43/0f98a48/methods/D/terminal_status,.67:/mnt/shared/zechuan/iraod_artifacts/comparison/final_delivery_20260908_4a6bc50/report/report.json,2026-09-12T01:55:59.950151+00:00,
RSAR,am_noise_horizontal,D,44,common_1epoch,complete,True,False,67,/mnt/shared/zechuan/iraod_artifacts/comparison/rsar/am_noise_horizontal/seed_44/0f98a48/methods/D/work/iter_266.pth,/mnt/shared/zechuan/iraod_artifacts/comparison/rsar/am_noise_horizontal/seed_44/0f98a48/methods/D/work/iter_266_ema.pth,2026-09-07T11:14:36+00:00,0f98a48b539f9260055fc305784ffbc924f50451,/mnt/shared/zechuan/iraod_artifacts/comparison/rsar/am_noise_horizontal/seed_44/0f98a48/methods/D/terminal_status,.67:/mnt/shared/zechuan/iraod_artifacts/comparison/final_delivery_20260908_4a6bc50/report/report.json,2026-09-12T01:56:00.197184+00:00,
RSAR,am_noise_horizontal,E,42,common_1epoch,complete,True,False,67,/mnt/shared/zechuan/iraod_artifacts/comparison/rsar/am_noise_horizontal/seed_42/0f98a48/methods/E/ddp2/work/iter_266.pth,/mnt/shared/zechuan/iraod_artifacts/comparison/rsar/am_noise_horizontal/seed_42/0f98a48/methods/E/ddp2/work/iter_266_ema.pth,2026-09-05T21:19:15+00:00,0f98a48b539f9260055fc305784ffbc924f50451,/mnt/shared/zechuan/iraod_artifacts/comparison/rsar/am_noise_horizontal/seed_42/0f98a48/methods/E/ddp2/terminal_status,.67:/mnt/shared/zechuan/iraod_artifacts/comparison/final_delivery_20260908_4a6bc50/report/report.json,2026-09-12T01:55:59.726456+00:00,
RSAR,am_noise_horizontal,E,43,common_1epoch,complete,True,False,67,/mnt/shared/zechuan/iraod_artifacts/comparison/rsar/am_noise_horizontal/seed_43/0f98a48/methods/E/ddp2/work/iter_266.pth,/mnt/shared/zechuan/iraod_artifacts/comparison/rsar/am_noise_horizontal/seed_43/0f98a48/methods/E/ddp2/work/iter_266_ema.pth,2026-09-07T21:49:18+00:00,0f98a48b539f9260055fc305784ffbc924f50451,/mnt/shared/zechuan/iraod_artifacts/comparison/rsar/am_noise_horizontal/seed_43/0f98a48/methods/E/ddp2/terminal_status,.67:/mnt/shared/zechuan/iraod_artifacts/comparison/final_delivery_20260908_4a6bc50/report/report.json,2026-09-12T01:55:59.998677+00:00,
RSAR,am_noise_horizontal,E,44,common_1epoch,complete,True,False,67,/mnt/shared/zechuan/iraod_artifacts/comparison/rsar/am_noise_horizontal/seed_44/0f98a48/methods/E/ddp2/work/iter_266.pth,/mnt/shared/zechuan/iraod_artifacts/comparison/rsar/am_noise_horizontal/seed_44/0f98a48/methods/E/ddp2/work/iter_266_ema.pth,2026-09-07T22:17:30+00:00,0f98a48b539f9260055fc305784ffbc924f50451,/mnt/shared/zechuan/iraod_artifacts/comparison/rsar/am_noise_horizontal/seed_44/0f98a48/methods/E/ddp2/terminal_status,.67:/mnt/shared/zechuan/iraod_artifacts/comparison/final_delivery_20260908_4a6bc50/report/report.json,2026-09-12T01:56:00.247230+00:00,
RSAR,am_noise_horizontal,F,42,common_1epoch,complete,True,False,67,/mnt/shared/zechuan/iraod_artifacts/comparison/rsar/am_noise_horizontal/seed_42/0f98a48/methods/F/ddp2/work/iter_266.pth,/mnt/shared/zechuan/iraod_artifacts/comparison/rsar/am_noise_horizontal/seed_42/0f98a48/methods/F/ddp2/work/iter_266_ema.pth,2026-09-05T21:22:03+00:00,0f98a48b539f9260055fc305784ffbc924f50451,/mnt/shared/zechuan/iraod_artifacts/comparison/rsar/am_noise_horizontal/seed_42/0f98a48/methods/F/ddp2/terminal_status,.67:/mnt/shared/zechuan/iraod_artifacts/comparison/final_delivery_20260908_4a6bc50/report/report.json,2026-09-12T01:55:59.791130+00:00,
RSAR,am_noise_horizontal,F,43,common_1epoch,complete,True,False,67,/mnt/shared/zechuan/iraod_artifacts/comparison/rsar/am_noise_horizontal/seed_43/0f98a48/methods/F/ddp2/work/iter_266.pth,/mnt/shared/zechuan/iraod_artifacts/comparison/rsar/am_noise_horizontal/seed_43/0f98a48/methods/F/ddp2/work/iter_266_ema.pth,2026-09-07T22:05:12+00:00,0f98a48b539f9260055fc305784ffbc924f50451,/mnt/shared/zechuan/iraod_artifacts/comparison/rsar/am_noise_horizontal/seed_43/0f98a48/methods/F/ddp2/terminal_status,.67:/mnt/shared/zechuan/iraod_artifacts/comparison/final_delivery_20260908_4a6bc50/report/report.json,2026-09-12T01:56:00.049143+00:00,
RSAR,am_noise_horizontal,F,44,common_1epoch,complete,True,False,67,/mnt/shared/zechuan/iraod_artifacts/comparison/rsar/am_noise_horizontal/seed_44/0f98a48/methods/F/ddp2/work/iter_266.pth,/mnt/shared/zechuan/iraod_artifacts/comparison/rsar/am_noise_horizontal/seed_44/0f98a48/methods/F/ddp2/work/iter_266_ema.pth,2026-09-07T22:32:20+00:00,0f98a48b539f9260055fc305784ffbc924f50451,/mnt/shared/zechuan/iraod_artifacts/comparison/rsar/am_noise_horizontal/seed_44/0f98a48/methods/F/ddp2/terminal_status,.67:/mnt/shared/zechuan/iraod_artifacts/comparison/final_delivery_20260908_4a6bc50/report/report.json,2026-09-12T01:56:00.296197+00:00,
RSAR,am_noise_horizontal,F_text_only,42,common_1epoch,complete,True,False,221,/home/zechuan/iraod_artifacts/comparison/xaf_student_quant_20260908/f_deletion_runs_daa3992/rsar/am_noise_horizontal/seed_42/methods/F_text_only/ddp2/work/iter_266.pth,/home/zechuan/iraod_artifacts/comparison/xaf_student_quant_20260908/f_deletion_runs_daa3992/rsar/am_noise_horizontal/seed_42/methods/F_text_only/ddp2/work/iter_266_ema.pth,2026-09-09T01:47:46.998421+00:00,0f98a48b539f9260055fc305784ffbc924f50451,.221:/home/zechuan/iraod_artifacts/comparison/xaf_student_quant_20260908/f_deletion_runs_daa3992/rsar/am_noise_horizontal/seed_42/methods/F_text_only/ddp2/terminal_status,.221:/home/zechuan/iraod_artifacts/comparison/xaf_student_quant_20260908/f_deletion_runs_daa3992/rsar/am_noise_horizontal/seed_42/methods/F_text_only/execution.json,2026-09-12T01:56:09.241283+00:00,
RSAR,am_noise_horizontal,F_text_only,43,common_1epoch,complete,True,False,67,/mnt/shared/zechuan/iraod_artifacts/comparison/xaf_student_quant_20260908/f_deletion_runs_daa3992/rsar/am_noise_horizontal/seed_43/methods/F_text_only/ddp2/work/iter_266.pth,/mnt/shared/zechuan/iraod_artifacts/comparison/xaf_student_quant_20260908/f_deletion_runs_daa3992/rsar/am_noise_horizontal/seed_43/methods/F_text_only/ddp2/work/iter_266_ema.pth,2026-09-11T19:24:40+00:00,0f98a48b539f9260055fc305784ffbc924f50451,.67:/mnt/shared/zechuan/iraod_artifacts/comparison/xaf_student_quant_20260908/f_deletion_runs_daa3992/rsar/am_noise_horizontal/seed_43/methods/F_text_only/ddp2/terminal_status,.67:/mnt/shared/zechuan/iraod_artifacts/comparison/xaf_student_quant_20260908/f_deletion_runs_daa3992/rsar/am_noise_horizontal/seed_43/methods/F_text_only/execution.json,2026-09-12T01:56:09.381355+00:00,
RSAR,am_noise_horizontal,F_text_only,44,common_1epoch,complete,True,False,67,/mnt/shared/zechuan/iraod_artifacts/comparison/xaf_student_quant_20260908/f_deletion_runs_daa3992/rsar/am_noise_horizontal/seed_44/methods/F_text_only/ddp2/work/iter_266.pth,/mnt/shared/zechuan/iraod_artifacts/comparison/xaf_student_quant_20260908/f_deletion_runs_daa3992/rsar/am_noise_horizontal/seed_44/methods/F_text_only/ddp2/work/iter_266_ema.pth,2026-09-11T19:38:48+00:00,0f98a48b539f9260055fc305784ffbc924f50451,.67:/mnt/shared/zechuan/iraod_artifacts/comparison/xaf_student_quant_20260908/f_deletion_runs_daa3992/rsar/am_noise_horizontal/seed_44/methods/F_text_only/ddp2/terminal_status,.67:/mnt/shared/zechuan/iraod_artifacts/comparison/xaf_student_quant_20260908/f_deletion_runs_daa3992/rsar/am_noise_horizontal/seed_44/methods/F_text_only/execution.json,2026-09-12T01:56:09.396554+00:00,
RSAR,am_noise_horizontal,F_veto_only,42,common_1epoch,complete,True,False,221,/home/zechuan/iraod_artifacts/comparison/xaf_student_quant_20260908/f_deletion_runs_daa3992/rsar/am_noise_horizontal/seed_42/methods/F_veto_only/ddp2/work/iter_266.pth,/home/zechuan/iraod_artifacts/comparison/xaf_student_quant_20260908/f_deletion_runs_daa3992/rsar/am_noise_horizontal/seed_42/methods/F_veto_only/ddp2/work/iter_266_ema.pth,2026-09-09T02:06:38.172241+00:00,0f98a48b539f9260055fc305784ffbc924f50451,.221:/home/zechuan/iraod_artifacts/comparison/xaf_student_quant_20260908/f_deletion_runs_daa3992/rsar/am_noise_horizontal/seed_42/methods/F_veto_only/ddp2/terminal_status,.221:/home/zechuan/iraod_artifacts/comparison/xaf_student_quant_20260908/f_deletion_runs_daa3992/rsar/am_noise_horizontal/seed_42/methods/F_veto_only/execution.json,2026-09-12T01:56:09.317059+00:00,
RSAR,am_noise_horizontal,F_veto_only,43,common_1epoch,complete,True,False,67,/mnt/shared/zechuan/iraod_artifacts/comparison/xaf_student_quant_20260908/f_deletion_runs_daa3992/rsar/am_noise_horizontal/seed_43/methods/F_veto_only/ddp2/work/iter_266.pth,/mnt/shared/zechuan/iraod_artifacts/comparison/xaf_student_quant_20260908/f_deletion_runs_daa3992/rsar/am_noise_horizontal/seed_43/methods/F_veto_only/ddp2/work/iter_266_ema.pth,2026-09-11T19:26:55+00:00,0f98a48b539f9260055fc305784ffbc924f50451,.67:/mnt/shared/zechuan/iraod_artifacts/comparison/xaf_student_quant_20260908/f_deletion_runs_daa3992/rsar/am_noise_horizontal/seed_43/methods/F_veto_only/ddp2/terminal_status,.67:/mnt/shared/zechuan/iraod_artifacts/comparison/xaf_student_quant_20260908/f_deletion_runs_daa3992/rsar/am_noise_horizontal/seed_43/methods/F_veto_only/execution.json,2026-09-12T01:56:09.388747+00:00,
RSAR,am_noise_horizontal,F_veto_only,44,common_1epoch,complete,True,False,221,/home/zechuan/iraod_artifacts/comparison/xaf_student_quant_20260908/f_deletion_runs_daa3992/rsar/am_noise_horizontal/seed_44/methods/F_veto_only/ddp2/work/iter_266.pth,/home/zechuan/iraod_artifacts/comparison/xaf_student_quant_20260908/f_deletion_runs_daa3992/rsar/am_noise_horizontal/seed_44/methods/F_veto_only/ddp2/work/iter_266_ema.pth,2026-09-09T02:44:04.098214+00:00,0f98a48b539f9260055fc305784ffbc924f50451,.221:/home/zechuan/iraod_artifacts/comparison/xaf_student_quant_20260908/f_deletion_runs_daa3992/rsar/am_noise_horizontal/seed_44/methods/F_veto_only/ddp2/terminal_status,.221:/home/zechuan/iraod_artifacts/comparison/xaf_student_quant_20260908/f_deletion_runs_daa3992/rsar/am_noise_horizontal/seed_44/methods/F_veto_only/execution.json,2026-09-12T01:56:09.601175+00:00,
RSAR,am_noise_horizontal,IRG,42,common_1epoch,complete,True,False,67,/mnt/shared/zechuan/iraod_artifacts/comparison/xaf_student_quant_20260908/formal_ports_runs_a39c832/rsar/am_noise_horizontal/seed_42/methods/IRG/work/iter_266.pth,/mnt/shared/zechuan/iraod_artifacts/comparison/xaf_student_quant_20260908/formal_ports_runs_a39c832/rsar/am_noise_horizontal/seed_42/methods/IRG/work/iter_266_ema.pth,2026-09-08T11:02:39+00:00,a39c83221c73e71d273b96ef95c65f6d8d1e84f9,.67:/mnt/shared/zechuan/iraod_artifacts/comparison/xaf_student_quant_20260908/formal_ports_runs_a39c832/rsar/am_noise_horizontal/seed_42/methods/IRG/terminal_status,.67:/mnt/shared/zechuan/iraod_artifacts/comparison/xaf_student_quant_20260908/formal_ports_runs_a39c832/rsar/am_noise_horizontal/seed_42/methods/IRG/execution.json,2026-09-12T01:56:06.397466+00:00,
RSAR,am_noise_horizontal,IRG,43,common_1epoch,complete,True,False,67,/mnt/shared/zechuan/iraod_artifacts/comparison/xaf_student_quant_20260908/formal_ports_runs_a39c832/rsar/am_noise_horizontal/seed_43/methods/IRG/work/iter_266.pth,/mnt/shared/zechuan/iraod_artifacts/comparison/xaf_student_quant_20260908/formal_ports_runs_a39c832/rsar/am_noise_horizontal/seed_43/methods/IRG/work/iter_266_ema.pth,2026-09-08T11:07:59+00:00,a39c83221c73e71d273b96ef95c65f6d8d1e84f9,.67:/mnt/shared/zechuan/iraod_artifacts/comparison/xaf_student_quant_20260908/formal_ports_runs_a39c832/rsar/am_noise_horizontal/seed_43/methods/IRG/terminal_status,.67:/mnt/shared/zechuan/iraod_artifacts/comparison/xaf_student_quant_20260908/formal_ports_runs_a39c832/rsar/am_noise_horizontal/seed_43/methods/IRG/execution.json,2026-09-12T01:56:06.492060+00:00,
RSAR,am_noise_horizontal,IRG,44,common_1epoch,complete,True,False,67,/mnt/shared/zechuan/iraod_artifacts/comparison/xaf_student_quant_20260908/formal_ports_runs_a39c832/rsar/am_noise_horizontal/seed_44/methods/IRG/work/iter_266.pth,/mnt/shared/zechuan/iraod_artifacts/comparison/xaf_student_quant_20260908/formal_ports_runs_a39c832/rsar/am_noise_horizontal/seed_44/methods/IRG/work/iter_266_ema.pth,2026-09-08T11:11:34+00:00,a39c83221c73e71d273b96ef95c65f6d8d1e84f9,.67:/mnt/shared/zechuan/iraod_artifacts/comparison/xaf_student_quant_20260908/formal_ports_runs_a39c832/rsar/am_noise_horizontal/seed_44/methods/IRG/terminal_status,.67:/mnt/shared/zechuan/iraod_artifacts/comparison/xaf_student_quant_20260908/formal_ports_runs_a39c832/rsar/am_noise_horizontal/seed_44/methods/IRG/execution.json,2026-09-12T01:56:06.572344+00:00,
RSAR,am_noise_horizontal,LPLD,42,common_1epoch,complete,True,False,67,/mnt/shared/zechuan/iraod_artifacts/comparison/xaf_student_quant_20260908/formal_ports_runs_a39c832/rsar/am_noise_horizontal/seed_42/methods/LPLD/work/iter_266.pth,/mnt/shared/zechuan/iraod_artifacts/comparison/xaf_student_quant_20260908/formal_ports_runs_a39c832/rsar/am_noise_horizontal/seed_42/methods/LPLD/work/iter_266_ema.pth,2026-09-08T11:02:28+00:00,a39c83221c73e71d273b96ef95c65f6d8d1e84f9,.67:/mnt/shared/zechuan/iraod_artifacts/comparison/xaf_student_quant_20260908/formal_ports_runs_a39c832/rsar/am_noise_horizontal/seed_42/methods/LPLD/terminal_status,.67:/mnt/shared/zechuan/iraod_artifacts/comparison/xaf_student_quant_20260908/formal_ports_runs_a39c832/rsar/am_noise_horizontal/seed_42/methods/LPLD/execution.json,2026-09-12T01:56:06.430245+00:00,
RSAR,am_noise_horizontal,LPLD,43,common_1epoch,complete,True,False,67,/mnt/shared/zechuan/iraod_artifacts/comparison/xaf_student_quant_20260908/formal_ports_runs_a39c832/rsar/am_noise_horizontal/seed_43/methods/LPLD/work/iter_266.pth,/mnt/shared/zechuan/iraod_artifacts/comparison/xaf_student_quant_20260908/formal_ports_runs_a39c832/rsar/am_noise_horizontal/seed_43/methods/LPLD/work/iter_266_ema.pth,2026-09-08T11:10:49+00:00,a39c83221c73e71d273b96ef95c65f6d8d1e84f9,.67:/mnt/shared/zechuan/iraod_artifacts/comparison/xaf_student_quant_20260908/formal_ports_runs_a39c832/rsar/am_noise_horizontal/seed_43/methods/LPLD/terminal_status,.67:/mnt/shared/zechuan/iraod_artifacts/comparison/xaf_student_quant_20260908/formal_ports_runs_a39c832/rsar/am_noise_horizontal/seed_43/methods/LPLD/execution.json,2026-09-12T01:56:06.517635+00:00,
RSAR,am_noise_horizontal,LPLD,44,common_1epoch,complete,True,False,67,/mnt/shared/zechuan/iraod_artifacts/comparison/xaf_student_quant_20260908/formal_ports_runs_a39c832/rsar/am_noise_horizontal/seed_44/methods/LPLD/work/iter_266.pth,/mnt/shared/zechuan/iraod_artifacts/comparison/xaf_student_quant_20260908/formal_ports_runs_a39c832/rsar/am_noise_horizontal/seed_44/methods/LPLD/work/iter_266_ema.pth,2026-09-08T11:16:00+00:00,a39c83221c73e71d273b96ef95c65f6d8d1e84f9,.67:/mnt/shared/zechuan/iraod_artifacts/comparison/xaf_student_quant_20260908/formal_ports_runs_a39c832/rsar/am_noise_horizontal/seed_44/methods/LPLD/terminal_status,.67:/mnt/shared/zechuan/iraod_artifacts/comparison/xaf_student_quant_20260908/formal_ports_runs_a39c832/rsar/am_noise_horizontal/seed_44/methods/LPLD/execution.json,2026-09-12T01:56:06.597986+00:00,
RSAR,am_noise_horizontal,LoRA-CGA,42,supervised_lora_oracle,complete,True,False,67,/mnt/shared/zechuan/iraod_artifacts/comparison/xaf_student_quant_20260908/oracle_rsar48_20260909/rsar/am_noise_horizontal/seed_42/methods/LoRA-CGA/work/iter_266.pth,/mnt/shared/zechuan/iraod_artifacts/comparison/xaf_student_quant_20260908/oracle_rsar48_20260909/rsar/am_noise_horizontal/seed_42/methods/LoRA-CGA/work/iter_266_ema.pth,2026-09-12T01:14:55+00:00,05de46817149a14f549805a6939529d2d2002add,.67:/mnt/shared/zechuan/iraod_artifacts/comparison/xaf_student_quant_20260908/oracle_rsar48_20260909/rsar/am_noise_horizontal/seed_42/methods/LoRA-CGA/terminal_status,.67:/mnt/shared/zechuan/iraod_artifacts/comparison/xaf_student_quant_20260908/oracle_rsar48_20260909/rsar/am_noise_horizontal/seed_42/methods/LoRA-CGA/execution.json,2026-09-12T01:56:09.809722+00:00,
RSAR,am_noise_horizontal,LoRA-CGA,43,supervised_lora_oracle,complete,True,False,67,/mnt/shared/zechuan/iraod_artifacts/comparison/xaf_student_quant_20260908/oracle_rsar48_20260909/rsar/am_noise_horizontal/seed_43/methods/LoRA-CGA/work/iter_266.pth,/mnt/shared/zechuan/iraod_artifacts/comparison/xaf_student_quant_20260908/oracle_rsar48_20260909/rsar/am_noise_horizontal/seed_43/methods/LoRA-CGA/work/iter_266_ema.pth,2026-09-12T01:32:49+00:00,05de46817149a14f549805a6939529d2d2002add,.67:/mnt/shared/zechuan/iraod_artifacts/comparison/xaf_student_quant_20260908/oracle_rsar48_20260909/rsar/am_noise_horizontal/seed_43/methods/LoRA-CGA/terminal_status,.67:/mnt/shared/zechuan/iraod_artifacts/comparison/xaf_student_quant_20260908/oracle_rsar48_20260909/rsar/am_noise_horizontal/seed_43/methods/LoRA-CGA/execution.json,2026-09-12T01:56:09.817136+00:00,
RSAR,am_noise_horizontal,LoRA-CGA,44,supervised_lora_oracle,not_complete_at_cutoff,False,False,,,,,,,,,No terminal-success plus frozen final Student/EMA pair before cutoff.
RSAR,am_noise_horizontal,LoRA-CGA+VLST,42,supervised_lora_oracle,not_complete_at_cutoff,False,False,,,,,,,,,No terminal-success plus frozen final Student/EMA pair before cutoff.
RSAR,am_noise_horizontal,LoRA-CGA+VLST,43,supervised_lora_oracle,not_complete_at_cutoff,False,False,,,,,,,,,No terminal-success plus frozen final Student/EMA pair before cutoff.
RSAR,am_noise_horizontal,LoRA-CGA+VLST,44,supervised_lora_oracle,not_complete_at_cutoff,False,False,,,,,,,,,No terminal-success plus frozen final Student/EMA pair before cutoff.
RSAR,am_noise_horizontal,SFUT,42,common_1epoch,complete,True,False,67,/mnt/shared/zechuan/iraod_artifacts/comparison/xaf_student_quant_20260908/formal_ports_runs_a39c832/rsar/am_noise_horizontal/seed_42/methods/SFUT/work/iter_266.pth,/mnt/shared/zechuan/iraod_artifacts/comparison/xaf_student_quant_20260908/formal_ports_runs_a39c832/rsar/am_noise_horizontal/seed_42/methods/SFUT/work/iter_266_ema.pth,2026-09-08T11:02:47+00:00,a39c83221c73e71d273b96ef95c65f6d8d1e84f9,.67:/mnt/shared/zechuan/iraod_artifacts/comparison/xaf_student_quant_20260908/formal_ports_runs_a39c832/rsar/am_noise_horizontal/seed_42/methods/SFUT/terminal_status,.67:/mnt/shared/zechuan/iraod_artifacts/comparison/xaf_student_quant_20260908/formal_ports_runs_a39c832/rsar/am_noise_horizontal/seed_42/methods/SFUT/execution.json,2026-09-12T01:56:06.460498+00:00,
RSAR,am_noise_horizontal,SFUT,43,common_1epoch,complete,True,False,67,/mnt/shared/zechuan/iraod_artifacts/comparison/xaf_student_quant_20260908/formal_ports_runs_a39c832/rsar/am_noise_horizontal/seed_43/methods/SFUT/work/iter_266.pth,/mnt/shared/zechuan/iraod_artifacts/comparison/xaf_student_quant_20260908/formal_ports_runs_a39c832/rsar/am_noise_horizontal/seed_43/methods/SFUT/work/iter_266_ema.pth,2026-09-08T11:11:02+00:00,a39c83221c73e71d273b96ef95c65f6d8d1e84f9,.67:/mnt/shared/zechuan/iraod_artifacts/comparison/xaf_student_quant_20260908/formal_ports_runs_a39c832/rsar/am_noise_horizontal/seed_43/methods/SFUT/terminal_status,.67:/mnt/shared/zechuan/iraod_artifacts/comparison/xaf_student_quant_20260908/formal_ports_runs_a39c832/rsar/am_noise_horizontal/seed_43/methods/SFUT/execution.json,2026-09-12T01:56:06.545396+00:00,
RSAR,am_noise_horizontal,SFUT,44,common_1epoch,complete,True,False,67,/mnt/shared/zechuan/iraod_artifacts/comparison/xaf_student_quant_20260908/formal_ports_runs_a39c832/rsar/am_noise_horizontal/seed_44/methods/SFUT/work/iter_266.pth,/mnt/shared/zechuan/iraod_artifacts/comparison/xaf_student_quant_20260908/formal_ports_runs_a39c832/rsar/am_noise_horizontal/seed_44/methods/SFUT/work/iter_266_ema.pth,2026-09-08T11:19:16+00:00,a39c83221c73e71d273b96ef95c65f6d8d1e84f9,.67:/mnt/shared/zechuan/iraod_artifacts/comparison/xaf_student_quant_20260908/formal_ports_runs_a39c832/rsar/am_noise_horizontal/seed_44/methods/SFUT/terminal_status,.67:/mnt/shared/zechuan/iraod_artifacts/comparison/xaf_student_quant_20260908/formal_ports_runs_a39c832/rsar/am_noise_horizontal/seed_44/methods/SFUT/execution.json,2026-09-12T01:56:06.623739+00:00,
RSAR,am_noise_horizontal,SFYOLO,42,extended_2epoch,not_complete_at_cutoff,False,False,,,,,,,,,No terminal-success plus frozen final Student/EMA pair before cutoff. Same-domain full-budget TAM prerequisite unfinished.
RSAR,am_noise_horizontal,SFYOLO,43,extended_2epoch,not_complete_at_cutoff,False,False,,,,,,,,,No terminal-success plus frozen final Student/EMA pair before cutoff. Same-domain full-budget TAM prerequisite unfinished.
RSAR,am_noise_horizontal,SFYOLO,44,extended_2epoch,not_complete_at_cutoff,False,False,,,,,,,,,No terminal-success plus frozen final Student/EMA pair before cutoff. Same-domain full-budget TAM prerequisite unfinished.
RSAR,am_noise_vertical,AASFOD,42,common_1epoch,complete,True,False,221,/home/zechuan/iraod_artifacts/comparison/xaf_student_quant_20260908/aasfod_runs_36c2053/rsar/am_noise_vertical/seed_42/methods/AASFOD/work/iter_266.pth,/home/zechuan/iraod_artifacts/comparison/xaf_student_quant_20260908/aasfod_runs_36c2053/rsar/am_noise_vertical/seed_42/methods/AASFOD/work/iter_266_ema.pth,2026-09-11T19:59:52.023860+00:00,cbd0f75ab147fea6728f61d6fd696325cc195296,.221:/home/zechuan/iraod_artifacts/comparison/xaf_student_quant_20260908/aasfod_runs_36c2053/rsar/am_noise_vertical/seed_42/methods/AASFOD/terminal_status,.221:/home/zechuan/iraod_artifacts/comparison/xaf_student_quant_20260908/aasfod_runs_36c2053/rsar/am_noise_vertical/seed_42/methods/AASFOD/execution.json,2026-09-12T01:56:13.409950+00:00,
RSAR,am_noise_vertical,AASFOD,43,common_1epoch,complete,True,False,221,/home/zechuan/iraod_artifacts/comparison/xaf_student_quant_20260908/aasfod_runs_36c2053/rsar/am_noise_vertical/seed_43/methods/AASFOD/work/iter_266.pth,/home/zechuan/iraod_artifacts/comparison/xaf_student_quant_20260908/aasfod_runs_36c2053/rsar/am_noise_vertical/seed_43/methods/AASFOD/work/iter_266_ema.pth,2026-09-11T20:33:04.598795+00:00,cbd0f75ab147fea6728f61d6fd696325cc195296,.221:/home/zechuan/iraod_artifacts/comparison/xaf_student_quant_20260908/aasfod_runs_36c2053/rsar/am_noise_vertical/seed_43/methods/AASFOD/terminal_status,.221:/home/zechuan/iraod_artifacts/comparison/xaf_student_quant_20260908/aasfod_runs_36c2053/rsar/am_noise_vertical/seed_43/methods/AASFOD/execution.json,2026-09-12T01:56:13.486310+00:00,
RSAR,am_noise_vertical,AASFOD,44,common_1epoch,complete,True,False,221,/home/zechuan/iraod_artifacts/comparison/xaf_student_quant_20260908/aasfod_runs_36c2053/rsar/am_noise_vertical/seed_44/methods/AASFOD/work/iter_266.pth,/home/zechuan/iraod_artifacts/comparison/xaf_student_quant_20260908/aasfod_runs_36c2053/rsar/am_noise_vertical/seed_44/methods/AASFOD/work/iter_266_ema.pth,2026-09-11T20:33:05.677836+00:00,cbd0f75ab147fea6728f61d6fd696325cc195296,.221:/home/zechuan/iraod_artifacts/comparison/xaf_student_quant_20260908/aasfod_runs_36c2053/rsar/am_noise_vertical/seed_44/methods/AASFOD/terminal_status,.221:/home/zechuan/iraod_artifacts/comparison/xaf_student_quant_20260908/aasfod_runs_36c2053/rsar/am_noise_vertical/seed_44/methods/AASFOD/execution.json,2026-09-12T01:56:13.456389+00:00,
RSAR,am_noise_vertical,B,42,common_1epoch,complete,True,False,67,/mnt/shared/zechuan/iraod_artifacts/comparison/rsar/am_noise_vertical/seed_42/0f98a48/methods/B/work/iter_266.pth,/mnt/shared/zechuan/iraod_artifacts/comparison/rsar/am_noise_vertical/seed_42/0f98a48/methods/B/work/iter_266_ema.pth,2026-09-05T21:34:57+00:00,0f98a48b539f9260055fc305784ffbc924f50451,/mnt/shared/zechuan/iraod_artifacts/comparison/rsar/am_noise_vertical/seed_42/0f98a48/methods/B/terminal_status,.67:/mnt/shared/zechuan/iraod_artifacts/comparison/final_delivery_20260908_4a6bc50/report/report.json,2026-09-12T01:56:00.382577+00:00,
RSAR,am_noise_vertical,B,43,common_1epoch,complete,True,False,67,/mnt/shared/zechuan/iraod_artifacts/comparison/rsar/am_noise_vertical/seed_43/0f98a48/methods/B/work/iter_266.pth,/mnt/shared/zechuan/iraod_artifacts/comparison/rsar/am_noise_vertical/seed_43/0f98a48/methods/B/work/iter_266_ema.pth,2026-09-07T00:00:33+00:00,0f98a48b539f9260055fc305784ffbc924f50451,/mnt/shared/zechuan/iraod_artifacts/comparison/rsar/am_noise_vertical/seed_43/0f98a48/methods/B/terminal_status,.67:/mnt/shared/zechuan/iraod_artifacts/comparison/final_delivery_20260908_4a6bc50/report/report.json,2026-09-12T01:56:00.725493+00:00,
RSAR,am_noise_vertical,B,44,common_1epoch,complete,True,False,67,/mnt/shared/zechuan/iraod_artifacts/comparison/rsar/am_noise_vertical/seed_44/0f98a48/methods/B/work/iter_266.pth,/mnt/shared/zechuan/iraod_artifacts/comparison/rsar/am_noise_vertical/seed_44/0f98a48/methods/B/work/iter_266_ema.pth,2026-09-07T11:50:20+00:00,0f98a48b539f9260055fc305784ffbc924f50451,/mnt/shared/zechuan/iraod_artifacts/comparison/rsar/am_noise_vertical/seed_44/0f98a48/methods/B/terminal_status,.67:/mnt/shared/zechuan/iraod_artifacts/comparison/final_delivery_20260908_4a6bc50/report/report.json,2026-09-12T01:56:00.997506+00:00,
RSAR,am_noise_vertical,B_REG,42,common_1epoch,complete,True,False,67,/mnt/shared/zechuan/iraod_artifacts/comparison/xaf_student_quant_20260908/b_reg_runs_0e5f8f7/rsar/am_noise_vertical/seed_42/methods/B_REG/work/iter_266.pth,/mnt/shared/zechuan/iraod_artifacts/comparison/xaf_student_quant_20260908/b_reg_runs_0e5f8f7/rsar/am_noise_vertical/seed_42/methods/B_REG/work/iter_266_ema.pth,2026-09-11T20:21:42+00:00,0f98a48b539f9260055fc305784ffbc924f50451,.67:/mnt/shared/zechuan/iraod_artifacts/comparison/xaf_student_quant_20260908/b_reg_runs_0e5f8f7/rsar/am_noise_vertical/seed_42/methods/B_REG/terminal_status,.67:/mnt/shared/zechuan/iraod_artifacts/comparison/xaf_student_quant_20260908/b_reg_runs_0e5f8f7/rsar/am_noise_vertical/seed_42/methods/B_REG/execution.json,2026-09-12T01:56:09.498592+00:00,
RSAR,am_noise_vertical,B_REG,43,common_1epoch,complete,True,False,67,/mnt/shared/zechuan/iraod_artifacts/comparison/xaf_student_quant_20260908/b_reg_runs_0e5f8f7/rsar/am_noise_vertical/seed_43/methods/B_REG/work/iter_266.pth,/mnt/shared/zechuan/iraod_artifacts/comparison/xaf_student_quant_20260908/b_reg_runs_0e5f8f7/rsar/am_noise_vertical/seed_43/methods/B_REG/work/iter_266_ema.pth,2026-09-11T20:29:31+00:00,0f98a48b539f9260055fc305784ffbc924f50451,.67:/mnt/shared/zechuan/iraod_artifacts/comparison/xaf_student_quant_20260908/b_reg_runs_0e5f8f7/rsar/am_noise_vertical/seed_43/methods/B_REG/terminal_status,.67:/mnt/shared/zechuan/iraod_artifacts/comparison/xaf_student_quant_20260908/b_reg_runs_0e5f8f7/rsar/am_noise_vertical/seed_43/methods/B_REG/execution.json,2026-09-12T01:56:09.505761+00:00,
RSAR,am_noise_vertical,B_REG,44,common_1epoch,complete,True,False,67,/mnt/shared/zechuan/iraod_artifacts/comparison/xaf_student_quant_20260908/b_reg_runs_0e5f8f7/rsar/am_noise_vertical/seed_44/methods/B_REG/work/iter_266.pth,/mnt/shared/zechuan/iraod_artifacts/comparison/xaf_student_quant_20260908/b_reg_runs_0e5f8f7/rsar/am_noise_vertical/seed_44/methods/B_REG/work/iter_266_ema.pth,2026-09-11T20:29:58+00:00,0f98a48b539f9260055fc305784ffbc924f50451,.67:/mnt/shared/zechuan/iraod_artifacts/comparison/xaf_student_quant_20260908/b_reg_runs_0e5f8f7/rsar/am_noise_vertical/seed_44/methods/B_REG/terminal_status,.67:/mnt/shared/zechuan/iraod_artifacts/comparison/xaf_student_quant_20260908/b_reg_runs_0e5f8f7/rsar/am_noise_vertical/seed_44/methods/B_REG/execution.json,2026-09-12T01:56:09.513152+00:00,
RSAR,am_noise_vertical,C,42,common_1epoch,complete,True,False,67,/mnt/shared/zechuan/iraod_artifacts/comparison/rsar/am_noise_vertical/seed_42/0f98a48/methods/C/work/iter_266.pth,/mnt/shared/zechuan/iraod_artifacts/comparison/rsar/am_noise_vertical/seed_42/0f98a48/methods/C/work/iter_266_ema.pth,2026-09-05T21:49:23+00:00,0f98a48b539f9260055fc305784ffbc924f50451,/mnt/shared/zechuan/iraod_artifacts/comparison/rsar/am_noise_vertical/seed_42/0f98a48/methods/C/terminal_status,.67:/mnt/shared/zechuan/iraod_artifacts/comparison/final_delivery_20260908_4a6bc50/report/report.json,2026-09-12T01:56:00.446159+00:00,
RSAR,am_noise_vertical,C,43,common_1epoch,complete,True,False,67,/mnt/shared/zechuan/iraod_artifacts/comparison/rsar/am_noise_vertical/seed_43/0f98a48/methods/C/work/iter_266.pth,/mnt/shared/zechuan/iraod_artifacts/comparison/rsar/am_noise_vertical/seed_43/0f98a48/methods/C/work/iter_266_ema.pth,2026-09-07T00:18:30+00:00,0f98a48b539f9260055fc305784ffbc924f50451,/mnt/shared/zechuan/iraod_artifacts/comparison/rsar/am_noise_vertical/seed_43/0f98a48/methods/C/terminal_status,.67:/mnt/shared/zechuan/iraod_artifacts/comparison/final_delivery_20260908_4a6bc50/report/report.json,2026-09-12T01:56:00.782904+00:00,
RSAR,am_noise_vertical,C,44,common_1epoch,complete,True,False,67,/mnt/shared/zechuan/iraod_artifacts/comparison/rsar/am_noise_vertical/seed_44/0f98a48/methods/C/work/iter_266.pth,/mnt/shared/zechuan/iraod_artifacts/comparison/rsar/am_noise_vertical/seed_44/0f98a48/methods/C/work/iter_266_ema.pth,2026-09-07T12:27:05+00:00,0f98a48b539f9260055fc305784ffbc924f50451,/mnt/shared/zechuan/iraod_artifacts/comparison/rsar/am_noise_vertical/seed_44/0f98a48/methods/C/terminal_status,.67:/mnt/shared/zechuan/iraod_artifacts/comparison/final_delivery_20260908_4a6bc50/report/report.json,2026-09-12T01:56:01.047097+00:00,
RSAR,am_noise_vertical,D,42,common_1epoch,complete,True,False,67,/mnt/shared/zechuan/iraod_artifacts/comparison/rsar/am_noise_vertical/seed_42/0f98a48/methods/D/work/iter_266.pth,/mnt/shared/zechuan/iraod_artifacts/comparison/rsar/am_noise_vertical/seed_42/0f98a48/methods/D/work/iter_266_ema.pth,2026-09-05T21:39:15+00:00,0f98a48b539f9260055fc305784ffbc924f50451,/mnt/shared/zechuan/iraod_artifacts/comparison/rsar/am_noise_vertical/seed_42/0f98a48/methods/D/terminal_status,.67:/mnt/shared/zechuan/iraod_artifacts/comparison/final_delivery_20260908_4a6bc50/report/report.json,2026-09-12T01:56:00.507826+00:00,
RSAR,am_noise_vertical,D,43,common_1epoch,complete,True,False,67,/mnt/shared/zechuan/iraod_artifacts/comparison/rsar/am_noise_vertical/seed_43/0f98a48/methods/D/work/iter_266.pth,/mnt/shared/zechuan/iraod_artifacts/comparison/rsar/am_noise_vertical/seed_43/0f98a48/methods/D/work/iter_266_ema.pth,2026-09-07T00:08:56+00:00,0f98a48b539f9260055fc305784ffbc924f50451,/mnt/shared/zechuan/iraod_artifacts/comparison/rsar/am_noise_vertical/seed_43/0f98a48/methods/D/terminal_status,.67:/mnt/shared/zechuan/iraod_artifacts/comparison/final_delivery_20260908_4a6bc50/report/report.json,2026-09-12T01:56:00.838681+00:00,
RSAR,am_noise_vertical,D,44,common_1epoch,complete,True,False,67,/mnt/shared/zechuan/iraod_artifacts/comparison/rsar/am_noise_vertical/seed_44/0f98a48/methods/D/work/iter_266.pth,/mnt/shared/zechuan/iraod_artifacts/comparison/rsar/am_noise_vertical/seed_44/0f98a48/methods/D/work/iter_266_ema.pth,2026-09-07T12:55:27+00:00,0f98a48b539f9260055fc305784ffbc924f50451,/mnt/shared/zechuan/iraod_artifacts/comparison/rsar/am_noise_vertical/seed_44/0f98a48/methods/D/terminal_status,.67:/mnt/shared/zechuan/iraod_artifacts/comparison/final_delivery_20260908_4a6bc50/report/report.json,2026-09-12T01:56:01.095280+00:00,
RSAR,am_noise_vertical,E,42,common_1epoch,complete,True,False,67,/mnt/shared/zechuan/iraod_artifacts/comparison/rsar/am_noise_vertical/seed_42/0f98a48/methods/E/ddp2/work/iter_266.pth,/mnt/shared/zechuan/iraod_artifacts/comparison/rsar/am_noise_vertical/seed_42/0f98a48/methods/E/ddp2/work/iter_266_ema.pth,2026-09-05T22:04:26+00:00,0f98a48b539f9260055fc305784ffbc924f50451,/mnt/shared/zechuan/iraod_artifacts/comparison/rsar/am_noise_vertical/seed_42/0f98a48/methods/E/ddp2/terminal_status,.67:/mnt/shared/zechuan/iraod_artifacts/comparison/final_delivery_20260908_4a6bc50/report/report.json,2026-09-12T01:56:00.573597+00:00,
RSAR,am_noise_vertical,E,43,common_1epoch,complete,True,False,67,/mnt/shared/zechuan/iraod_artifacts/comparison/rsar/am_noise_vertical/seed_43/0f98a48/methods/E/ddp2/work/iter_266.pth,/mnt/shared/zechuan/iraod_artifacts/comparison/rsar/am_noise_vertical/seed_43/0f98a48/methods/E/ddp2/work/iter_266_ema.pth,2026-09-07T22:40:42+00:00,0f98a48b539f9260055fc305784ffbc924f50451,/mnt/shared/zechuan/iraod_artifacts/comparison/rsar/am_noise_vertical/seed_43/0f98a48/methods/E/ddp2/terminal_status,.67:/mnt/shared/zechuan/iraod_artifacts/comparison/final_delivery_20260908_4a6bc50/report/report.json,2026-09-12T01:56:00.893664+00:00,
RSAR,am_noise_vertical,E,44,common_1epoch,complete,True,False,67,/mnt/shared/zechuan/iraod_artifacts/comparison/rsar/am_noise_vertical/seed_44/0f98a48/methods/E/ddp2/work/iter_266.pth,/mnt/shared/zechuan/iraod_artifacts/comparison/rsar/am_noise_vertical/seed_44/0f98a48/methods/E/ddp2/work/iter_266_ema.pth,2026-09-07T22:57:55+00:00,0f98a48b539f9260055fc305784ffbc924f50451,/mnt/shared/zechuan/iraod_artifacts/comparison/rsar/am_noise_vertical/seed_44/0f98a48/methods/E/ddp2/terminal_status,.67:/mnt/shared/zechuan/iraod_artifacts/comparison/final_delivery_20260908_4a6bc50/report/report.json,2026-09-12T01:56:01.143268+00:00,
RSAR,am_noise_vertical,F,42,common_1epoch,complete,True,False,67,/mnt/shared/zechuan/iraod_artifacts/comparison/rsar/am_noise_vertical/seed_42/0f98a48/methods/F/ddp2/work/iter_266.pth,/mnt/shared/zechuan/iraod_artifacts/comparison/rsar/am_noise_vertical/seed_42/0f98a48/methods/F/ddp2/work/iter_266_ema.pth,2026-09-05T22:05:25+00:00,0f98a48b539f9260055fc305784ffbc924f50451,/mnt/shared/zechuan/iraod_artifacts/comparison/rsar/am_noise_vertical/seed_42/0f98a48/methods/F/ddp2/terminal_status,.67:/mnt/shared/zechuan/iraod_artifacts/comparison/final_delivery_20260908_4a6bc50/report/report.json,2026-09-12T01:56:00.649764+00:00,
RSAR,am_noise_vertical,F,43,common_1epoch,complete,True,False,67,/mnt/shared/zechuan/iraod_artifacts/comparison/rsar/am_noise_vertical/seed_43/0f98a48/methods/F/ddp2/work/iter_266.pth,/mnt/shared/zechuan/iraod_artifacts/comparison/rsar/am_noise_vertical/seed_43/0f98a48/methods/F/ddp2/work/iter_266_ema.pth,2026-09-07T22:49:50+00:00,0f98a48b539f9260055fc305784ffbc924f50451,/mnt/shared/zechuan/iraod_artifacts/comparison/rsar/am_noise_vertical/seed_43/0f98a48/methods/F/ddp2/terminal_status,.67:/mnt/shared/zechuan/iraod_artifacts/comparison/final_delivery_20260908_4a6bc50/report/report.json,2026-09-12T01:56:00.943547+00:00,
RSAR,am_noise_vertical,F,44,common_1epoch,complete,True,False,67,/mnt/shared/zechuan/iraod_artifacts/comparison/rsar/am_noise_vertical/seed_44/0f98a48/methods/F/ddp2/work/iter_266.pth,/mnt/shared/zechuan/iraod_artifacts/comparison/rsar/am_noise_vertical/seed_44/0f98a48/methods/F/ddp2/work/iter_266_ema.pth,2026-09-07T23:06:50+00:00,0f98a48b539f9260055fc305784ffbc924f50451,/mnt/shared/zechuan/iraod_artifacts/comparison/rsar/am_noise_vertical/seed_44/0f98a48/methods/F/ddp2/terminal_status,.67:/mnt/shared/zechuan/iraod_artifacts/comparison/final_delivery_20260908_4a6bc50/report/report.json,2026-09-12T01:56:01.193307+00:00,
RSAR,am_noise_vertical,F_text_only,42,common_1epoch,complete,True,False,221,/home/zechuan/iraod_artifacts/comparison/xaf_student_quant_20260908/f_deletion_runs_daa3992/rsar/am_noise_vertical/seed_42/methods/F_text_only/ddp2/work/iter_266.pth,/home/zechuan/iraod_artifacts/comparison/xaf_student_quant_20260908/f_deletion_runs_daa3992/rsar/am_noise_vertical/seed_42/methods/F_text_only/ddp2/work/iter_266_ema.pth,2026-09-09T02:55:39.092469+00:00,0f98a48b539f9260055fc305784ffbc924f50451,.221:/home/zechuan/iraod_artifacts/comparison/xaf_student_quant_20260908/f_deletion_runs_daa3992/rsar/am_noise_vertical/seed_42/methods/F_text_only/ddp2/terminal_status,.221:/home/zechuan/iraod_artifacts/comparison/xaf_student_quant_20260908/f_deletion_runs_daa3992/rsar/am_noise_vertical/seed_42/methods/F_text_only/execution.json,2026-09-12T01:56:09.686661+00:00,
RSAR,am_noise_vertical,F_text_only,43,common_1epoch,complete,True,False,221,/home/zechuan/iraod_artifacts/comparison/xaf_student_quant_20260908/f_deletion_runs_daa3992/rsar/am_noise_vertical/seed_43/methods/F_text_only/ddp2/work/iter_266.pth,/home/zechuan/iraod_artifacts/comparison/xaf_student_quant_20260908/f_deletion_runs_daa3992/rsar/am_noise_vertical/seed_43/methods/F_text_only/ddp2/work/iter_266_ema.pth,2026-09-09T03:19:38.292001+00:00,0f98a48b539f9260055fc305784ffbc924f50451,.221:/home/zechuan/iraod_artifacts/comparison/xaf_student_quant_20260908/f_deletion_runs_daa3992/rsar/am_noise_vertical/seed_43/methods/F_text_only/ddp2/terminal_status,.221:/home/zechuan/iraod_artifacts/comparison/xaf_student_quant_20260908/f_deletion_runs_daa3992/rsar/am_noise_vertical/seed_43/methods/F_text_only/execution.json,2026-09-12T01:56:09.906502+00:00,
RSAR,am_noise_vertical,F_text_only,44,common_1epoch,complete,True,False,221,/home/zechuan/iraod_artifacts/comparison/xaf_student_quant_20260908/f_deletion_runs_daa3992/rsar/am_noise_vertical/seed_44/methods/F_text_only/ddp2/work/iter_266.pth,/home/zechuan/iraod_artifacts/comparison/xaf_student_quant_20260908/f_deletion_runs_daa3992/rsar/am_noise_vertical/seed_44/methods/F_text_only/ddp2/work/iter_266_ema.pth,2026-09-09T03:43:11.095160+00:00,0f98a48b539f9260055fc305784ffbc924f50451,.221:/home/zechuan/iraod_artifacts/comparison/xaf_student_quant_20260908/f_deletion_runs_daa3992/rsar/am_noise_vertical/seed_44/methods/F_text_only/ddp2/terminal_status,.221:/home/zechuan/iraod_artifacts/comparison/xaf_student_quant_20260908/f_deletion_runs_daa3992/rsar/am_noise_vertical/seed_44/methods/F_text_only/execution.json,2026-09-12T01:56:10.119536+00:00,
RSAR,am_noise_vertical,F_veto_only,42,common_1epoch,complete,True,False,221,/home/zechuan/iraod_artifacts/comparison/xaf_student_quant_20260908/f_deletion_runs_daa3992/rsar/am_noise_vertical/seed_42/methods/F_veto_only/ddp2/work/iter_266.pth,/home/zechuan/iraod_artifacts/comparison/xaf_student_quant_20260908/f_deletion_runs_daa3992/rsar/am_noise_vertical/seed_42/methods/F_veto_only/ddp2/work/iter_266_ema.pth,2026-09-09T03:07:58.946703+00:00,0f98a48b539f9260055fc305784ffbc924f50451,.221:/home/zechuan/iraod_artifacts/comparison/xaf_student_quant_20260908/f_deletion_runs_daa3992/rsar/am_noise_vertical/seed_42/methods/F_veto_only/ddp2/terminal_status,.221:/home/zechuan/iraod_artifacts/comparison/xaf_student_quant_20260908/f_deletion_runs_daa3992/rsar/am_noise_vertical/seed_42/methods/F_veto_only/execution.json,2026-09-12T01:56:09.788932+00:00,
RSAR,am_noise_vertical,F_veto_only,43,common_1epoch,complete,True,False,221,/home/zechuan/iraod_artifacts/comparison/xaf_student_quant_20260908/f_deletion_runs_daa3992/rsar/am_noise_vertical/seed_43/methods/F_veto_only/ddp2/work/iter_266.pth,/home/zechuan/iraod_artifacts/comparison/xaf_student_quant_20260908/f_deletion_runs_daa3992/rsar/am_noise_vertical/seed_43/methods/F_veto_only/ddp2/work/iter_266_ema.pth,2026-09-09T03:31:37.479237+00:00,0f98a48b539f9260055fc305784ffbc924f50451,.221:/home/zechuan/iraod_artifacts/comparison/xaf_student_quant_20260908/f_deletion_runs_daa3992/rsar/am_noise_vertical/seed_43/methods/F_veto_only/ddp2/terminal_status,.221:/home/zechuan/iraod_artifacts/comparison/xaf_student_quant_20260908/f_deletion_runs_daa3992/rsar/am_noise_vertical/seed_43/methods/F_veto_only/execution.json,2026-09-12T01:56:09.992978+00:00,
RSAR,am_noise_vertical,F_veto_only,44,common_1epoch,complete,True,False,221,/home/zechuan/iraod_artifacts/comparison/xaf_student_quant_20260908/f_deletion_runs_daa3992/rsar/am_noise_vertical/seed_44/methods/F_veto_only/ddp2/work/iter_266.pth,/home/zechuan/iraod_artifacts/comparison/xaf_student_quant_20260908/f_deletion_runs_daa3992/rsar/am_noise_vertical/seed_44/methods/F_veto_only/ddp2/work/iter_266_ema.pth,2026-09-09T16:30:26.218940+00:00,0f98a48b539f9260055fc305784ffbc924f50451,.221:/home/zechuan/iraod_artifacts/comparison/xaf_student_quant_20260908/f_deletion_runs_daa3992/rsar/am_noise_vertical/seed_44/methods/F_veto_only/ddp2/terminal_status,.221:/home/zechuan/iraod_artifacts/comparison/xaf_student_quant_20260908/f_deletion_runs_daa3992/rsar/am_noise_vertical/seed_44/methods/F_veto_only/execution.json,2026-09-12T01:56:10.213035+00:00,
RSAR,am_noise_vertical,IRG,42,common_1epoch,complete,True,False,67,/mnt/shared/zechuan/iraod_artifacts/comparison/xaf_student_quant_20260908/formal_ports_runs_a39c832/rsar/am_noise_vertical/seed_42/methods/IRG/work/iter_266.pth,/mnt/shared/zechuan/iraod_artifacts/comparison/xaf_student_quant_20260908/formal_ports_runs_a39c832/rsar/am_noise_vertical/seed_42/methods/IRG/work/iter_266_ema.pth,2026-09-08T11:19:35+00:00,a39c83221c73e71d273b96ef95c65f6d8d1e84f9,.67:/mnt/shared/zechuan/iraod_artifacts/comparison/xaf_student_quant_20260908/formal_ports_runs_a39c832/rsar/am_noise_vertical/seed_42/methods/IRG/terminal_status,.67:/mnt/shared/zechuan/iraod_artifacts/comparison/xaf_student_quant_20260908/formal_ports_runs_a39c832/rsar/am_noise_vertical/seed_42/methods/IRG/execution.json,2026-09-12T01:56:06.650734+00:00,
RSAR,am_noise_vertical,IRG,43,common_1epoch,complete,True,False,67,/mnt/shared/zechuan/iraod_artifacts/comparison/xaf_student_quant_20260908/formal_ports_runs_a39c832/rsar/am_noise_vertical/seed_43/methods/IRG/work/iter_266.pth,/mnt/shared/zechuan/iraod_artifacts/comparison/xaf_student_quant_20260908/formal_ports_runs_a39c832/rsar/am_noise_vertical/seed_43/methods/IRG/work/iter_266_ema.pth,2026-09-08T11:28:09+00:00,a39c83221c73e71d273b96ef95c65f6d8d1e84f9,.67:/mnt/shared/zechuan/iraod_artifacts/comparison/xaf_student_quant_20260908/formal_ports_runs_a39c832/rsar/am_noise_vertical/seed_43/methods/IRG/terminal_status,.67:/mnt/shared/zechuan/iraod_artifacts/comparison/xaf_student_quant_20260908/formal_ports_runs_a39c832/rsar/am_noise_vertical/seed_43/methods/IRG/execution.json,2026-09-12T01:56:06.730717+00:00,
RSAR,am_noise_vertical,IRG,44,common_1epoch,complete,True,False,67,/mnt/shared/zechuan/iraod_artifacts/comparison/xaf_student_quant_20260908/formal_ports_runs_a39c832/rsar/am_noise_vertical/seed_44/methods/IRG/work/iter_266.pth,/mnt/shared/zechuan/iraod_artifacts/comparison/xaf_student_quant_20260908/formal_ports_runs_a39c832/rsar/am_noise_vertical/seed_44/methods/IRG/work/iter_266_ema.pth,2026-09-08T11:32:48+00:00,a39c83221c73e71d273b96ef95c65f6d8d1e84f9,.67:/mnt/shared/zechuan/iraod_artifacts/comparison/xaf_student_quant_20260908/formal_ports_runs_a39c832/rsar/am_noise_vertical/seed_44/methods/IRG/terminal_status,.67:/mnt/shared/zechuan/iraod_artifacts/comparison/xaf_student_quant_20260908/formal_ports_runs_a39c832/rsar/am_noise_vertical/seed_44/methods/IRG/execution.json,2026-09-12T01:56:06.814708+00:00,
RSAR,am_noise_vertical,LPLD,42,common_1epoch,complete,True,False,67,/mnt/shared/zechuan/iraod_artifacts/comparison/xaf_student_quant_20260908/formal_ports_runs_a39c832/rsar/am_noise_vertical/seed_42/methods/LPLD/work/iter_266.pth,/mnt/shared/zechuan/iraod_artifacts/comparison/xaf_student_quant_20260908/formal_ports_runs_a39c832/rsar/am_noise_vertical/seed_42/methods/LPLD/work/iter_266_ema.pth,2026-09-08T11:19:48+00:00,a39c83221c73e71d273b96ef95c65f6d8d1e84f9,.67:/mnt/shared/zechuan/iraod_artifacts/comparison/xaf_student_quant_20260908/formal_ports_runs_a39c832/rsar/am_noise_vertical/seed_42/methods/LPLD/terminal_status,.67:/mnt/shared/zechuan/iraod_artifacts/comparison/xaf_student_quant_20260908/formal_ports_runs_a39c832/rsar/am_noise_vertical/seed_42/methods/LPLD/execution.json,2026-09-12T01:56:06.676362+00:00,
RSAR,am_noise_vertical,LPLD,43,common_1epoch,complete,True,False,67,/mnt/shared/zechuan/iraod_artifacts/comparison/xaf_student_quant_20260908/formal_ports_runs_a39c832/rsar/am_noise_vertical/seed_43/methods/LPLD/work/iter_266.pth,/mnt/shared/zechuan/iraod_artifacts/comparison/xaf_student_quant_20260908/formal_ports_runs_a39c832/rsar/am_noise_vertical/seed_43/methods/LPLD/work/iter_266_ema.pth,2026-09-08T11:27:43+00:00,a39c83221c73e71d273b96ef95c65f6d8d1e84f9,.67:/mnt/shared/zechuan/iraod_artifacts/comparison/xaf_student_quant_20260908/formal_ports_runs_a39c832/rsar/am_noise_vertical/seed_43/methods/LPLD/terminal_status,.67:/mnt/shared/zechuan/iraod_artifacts/comparison/xaf_student_quant_20260908/formal_ports_runs_a39c832/rsar/am_noise_vertical/seed_43/methods/LPLD/execution.json,2026-09-12T01:56:06.760137+00:00,
RSAR,am_noise_vertical,LPLD,44,common_1epoch,complete,True,False,67,/mnt/shared/zechuan/iraod_artifacts/comparison/xaf_student_quant_20260908/formal_ports_runs_a39c832/rsar/am_noise_vertical/seed_44/methods/LPLD/work/iter_266.pth,/mnt/shared/zechuan/iraod_artifacts/comparison/xaf_student_quant_20260908/formal_ports_runs_a39c832/rsar/am_noise_vertical/seed_44/methods/LPLD/work/iter_266_ema.pth,2026-09-08T11:35:56+00:00,a39c83221c73e71d273b96ef95c65f6d8d1e84f9,.67:/mnt/shared/zechuan/iraod_artifacts/comparison/xaf_student_quant_20260908/formal_ports_runs_a39c832/rsar/am_noise_vertical/seed_44/methods/LPLD/terminal_status,.67:/mnt/shared/zechuan/iraod_artifacts/comparison/xaf_student_quant_20260908/formal_ports_runs_a39c832/rsar/am_noise_vertical/seed_44/methods/LPLD/execution.json,2026-09-12T01:56:06.840669+00:00,
RSAR,am_noise_vertical,LoRA-CGA,42,supervised_lora_oracle,not_complete_at_cutoff,False,False,,,,,,,,,No terminal-success plus frozen final Student/EMA pair before cutoff.
RSAR,am_noise_vertical,LoRA-CGA,43,supervised_lora_oracle,not_complete_at_cutoff,False,False,,,,,,,,,No terminal-success plus frozen final Student/EMA pair before cutoff.
RSAR,am_noise_vertical,LoRA-CGA,44,supervised_lora_oracle,not_complete_at_cutoff,False,False,,,,,,,,,No terminal-success plus frozen final Student/EMA pair before cutoff.
RSAR,am_noise_vertical,LoRA-CGA+VLST,42,supervised_lora_oracle,not_complete_at_cutoff,False,False,,,,,,,,,No terminal-success plus frozen final Student/EMA pair before cutoff.
RSAR,am_noise_vertical,LoRA-CGA+VLST,43,supervised_lora_oracle,not_complete_at_cutoff,False,False,,,,,,,,,No terminal-success plus frozen final Student/EMA pair before cutoff.
RSAR,am_noise_vertical,LoRA-CGA+VLST,44,supervised_lora_oracle,not_complete_at_cutoff,False,False,,,,,,,,,No terminal-success plus frozen final Student/EMA pair before cutoff.
RSAR,am_noise_vertical,SFUT,42,common_1epoch,complete,True,False,67,/mnt/shared/zechuan/iraod_artifacts/comparison/xaf_student_quant_20260908/formal_ports_runs_a39c832/rsar/am_noise_vertical/seed_42/methods/SFUT/work/iter_266.pth,/mnt/shared/zechuan/iraod_artifacts/comparison/xaf_student_quant_20260908/formal_ports_runs_a39c832/rsar/am_noise_vertical/seed_42/methods/SFUT/work/iter_266_ema.pth,2026-09-08T11:24:10+00:00,a39c83221c73e71d273b96ef95c65f6d8d1e84f9,.67:/mnt/shared/zechuan/iraod_artifacts/comparison/xaf_student_quant_20260908/formal_ports_runs_a39c832/rsar/am_noise_vertical/seed_42/methods/SFUT/terminal_status,.67:/mnt/shared/zechuan/iraod_artifacts/comparison/xaf_student_quant_20260908/formal_ports_runs_a39c832/rsar/am_noise_vertical/seed_42/methods/SFUT/execution.json,2026-09-12T01:56:06.703472+00:00,
RSAR,am_noise_vertical,SFUT,43,common_1epoch,complete,True,False,67,/mnt/shared/zechuan/iraod_artifacts/comparison/xaf_student_quant_20260908/formal_ports_runs_a39c832/rsar/am_noise_vertical/seed_43/methods/SFUT/work/iter_266.pth,/mnt/shared/zechuan/iraod_artifacts/comparison/xaf_student_quant_20260908/formal_ports_runs_a39c832/rsar/am_noise_vertical/seed_43/methods/SFUT/work/iter_266_ema.pth,2026-09-08T11:28:04+00:00,a39c83221c73e71d273b96ef95c65f6d8d1e84f9,.67:/mnt/shared/zechuan/iraod_artifacts/comparison/xaf_student_quant_20260908/formal_ports_runs_a39c832/rsar/am_noise_vertical/seed_43/methods/SFUT/terminal_status,.67:/mnt/shared/zechuan/iraod_artifacts/comparison/xaf_student_quant_20260908/formal_ports_runs_a39c832/rsar/am_noise_vertical/seed_43/methods/SFUT/execution.json,2026-09-12T01:56:06.789184+00:00,
RSAR,am_noise_vertical,SFUT,44,common_1epoch,complete,True,False,67,/mnt/shared/zechuan/iraod_artifacts/comparison/xaf_student_quant_20260908/formal_ports_runs_a39c832/rsar/am_noise_vertical/seed_44/methods/SFUT/work/iter_266.pth,/mnt/shared/zechuan/iraod_artifacts/comparison/xaf_student_quant_20260908/formal_ports_runs_a39c832/rsar/am_noise_vertical/seed_44/methods/SFUT/work/iter_266_ema.pth,2026-09-08T11:36:38+00:00,a39c83221c73e71d273b96ef95c65f6d8d1e84f9,.67:/mnt/shared/zechuan/iraod_artifacts/comparison/xaf_student_quant_20260908/formal_ports_runs_a39c832/rsar/am_noise_vertical/seed_44/methods/SFUT/terminal_status,.67:/mnt/shared/zechuan/iraod_artifacts/comparison/xaf_student_quant_20260908/formal_ports_runs_a39c832/rsar/am_noise_vertical/seed_44/methods/SFUT/execution.json,2026-09-12T01:56:06.865978+00:00,
RSAR,am_noise_vertical,SFYOLO,42,extended_2epoch,not_complete_at_cutoff,False,False,,,,,,,,,No terminal-success plus frozen final Student/EMA pair before cutoff. Same-domain full-budget TAM prerequisite unfinished.
RSAR,am_noise_vertical,SFYOLO,43,extended_2epoch,not_complete_at_cutoff,False,False,,,,,,,,,No terminal-success plus frozen final Student/EMA pair before cutoff. Same-domain full-budget TAM prerequisite unfinished.
RSAR,am_noise_vertical,SFYOLO,44,extended_2epoch,not_complete_at_cutoff,False,False,,,,,,,,,No terminal-success plus frozen final Student/EMA pair before cutoff. Same-domain full-budget TAM prerequisite unfinished.
RSAR,chaff,AASFOD,42,common_1epoch,complete,True,False,221,/home/zechuan/iraod_artifacts/comparison/xaf_student_quant_20260908/aasfod_runs_36c2053/rsar/chaff/seed_42/methods/AASFOD/work/iter_266.pth,/home/zechuan/iraod_artifacts/comparison/xaf_student_quant_20260908/aasfod_runs_36c2053/rsar/chaff/seed_42/methods/AASFOD/work/iter_266_ema.pth,2026-09-11T22:24:16.472959+00:00,cbd0f75ab147fea6728f61d6fd696325cc195296,.221:/home/zechuan/iraod_artifacts/comparison/xaf_student_quant_20260908/aasfod_runs_36c2053/rsar/chaff/seed_42/methods/AASFOD/terminal_status,.221:/home/zechuan/iraod_artifacts/comparison/xaf_student_quant_20260908/aasfod_runs_36c2053/rsar/chaff/seed_42/methods/AASFOD/execution.json,2026-09-12T01:56:12.639309+00:00,
RSAR,chaff,AASFOD,43,common_1epoch,complete,True,False,221,/home/zechuan/iraod_artifacts/comparison/xaf_student_quant_20260908/aasfod_runs_36c2053/rsar/chaff/seed_43/methods/AASFOD/work/iter_266.pth,/home/zechuan/iraod_artifacts/comparison/xaf_student_quant_20260908/aasfod_runs_36c2053/rsar/chaff/seed_43/methods/AASFOD/work/iter_266_ema.pth,2026-09-11T17:49:31.577093+00:00,cbd0f75ab147fea6728f61d6fd696325cc195296,.221:/home/zechuan/iraod_artifacts/comparison/xaf_student_quant_20260908/aasfod_runs_36c2053/rsar/chaff/seed_43/methods/AASFOD/terminal_status,.221:/home/zechuan/iraod_artifacts/comparison/xaf_student_quant_20260908/aasfod_runs_36c2053/rsar/chaff/seed_43/methods/AASFOD/execution.json,2026-09-12T01:56:12.780911+00:00,
RSAR,chaff,AASFOD,44,common_1epoch,complete,True,False,221,/home/zechuan/iraod_artifacts/comparison/xaf_student_quant_20260908/aasfod_runs_36c2053/rsar/chaff/seed_44/methods/AASFOD/work/iter_266.pth,/home/zechuan/iraod_artifacts/comparison/xaf_student_quant_20260908/aasfod_runs_36c2053/rsar/chaff/seed_44/methods/AASFOD/work/iter_266_ema.pth,2026-09-11T17:49:33.250155+00:00,cbd0f75ab147fea6728f61d6fd696325cc195296,.221:/home/zechuan/iraod_artifacts/comparison/xaf_student_quant_20260908/aasfod_runs_36c2053/rsar/chaff/seed_44/methods/AASFOD/terminal_status,.221:/home/zechuan/iraod_artifacts/comparison/xaf_student_quant_20260908/aasfod_runs_36c2053/rsar/chaff/seed_44/methods/AASFOD/execution.json,2026-09-12T01:56:12.710921+00:00,
RSAR,chaff,B,42,common_1epoch,complete,True,False,67,/mnt/shared/zechuan/iraod_artifacts/comparison/rsar/chaff/seed_42/f2145b4/methods/B/work/iter_266.pth,/mnt/shared/zechuan/iraod_artifacts/comparison/rsar/chaff/seed_42/f2145b4/methods/B/work/iter_266_ema.pth,2026-09-05T16:06:58+00:00,0f98a48b539f9260055fc305784ffbc924f50451,/mnt/shared/zechuan/iraod_artifacts/comparison/rsar/chaff/seed_42/f2145b4/methods/B/terminal_status,.67:/mnt/shared/zechuan/iraod_artifacts/comparison/final_delivery_20260908_4a6bc50/report/report.json,2026-09-12T01:55:55.271380+00:00,
RSAR,chaff,B,43,common_1epoch,complete,True,False,67,/mnt/shared/zechuan/iraod_artifacts/comparison/rsar/chaff/seed_43/0f98a48/methods/B/work/iter_266.pth,/mnt/shared/zechuan/iraod_artifacts/comparison/rsar/chaff/seed_43/0f98a48/methods/B/work/iter_266_ema.pth,2026-09-06T20:23:21+00:00,0f98a48b539f9260055fc305784ffbc924f50451,/mnt/shared/zechuan/iraod_artifacts/comparison/rsar/chaff/seed_43/0f98a48/methods/B/terminal_status,.67:/mnt/shared/zechuan/iraod_artifacts/comparison/final_delivery_20260908_4a6bc50/report/report.json,2026-09-12T01:55:55.621495+00:00,
RSAR,chaff,B,44,common_1epoch,complete,True,False,67,/mnt/shared/zechuan/iraod_artifacts/comparison/rsar/chaff/seed_44/0f98a48/methods/B/work/iter_266.pth,/mnt/shared/zechuan/iraod_artifacts/comparison/rsar/chaff/seed_44/0f98a48/methods/B/work/iter_266_ema.pth,2026-09-07T05:13:45+00:00,0f98a48b539f9260055fc305784ffbc924f50451,/mnt/shared/zechuan/iraod_artifacts/comparison/rsar/chaff/seed_44/0f98a48/methods/B/terminal_status,.67:/mnt/shared/zechuan/iraod_artifacts/comparison/final_delivery_20260908_4a6bc50/report/report.json,2026-09-12T01:55:55.854842+00:00,
RSAR,chaff,B_REG,42,common_1epoch,complete,True,False,67,/mnt/shared/zechuan/iraod_artifacts/comparison/xaf_student_quant_20260908/b_reg_runs_0e5f8f7/rsar/chaff/seed_42/methods/B_REG/work/iter_266.pth,/mnt/shared/zechuan/iraod_artifacts/comparison/xaf_student_quant_20260908/b_reg_runs_0e5f8f7/rsar/chaff/seed_42/methods/B_REG/work/iter_266_ema.pth,2026-09-11T20:30:04+00:00,0f98a48b539f9260055fc305784ffbc924f50451,.67:/mnt/shared/zechuan/iraod_artifacts/comparison/xaf_student_quant_20260908/b_reg_runs_0e5f8f7/rsar/chaff/seed_42/methods/B_REG/terminal_status,.67:/mnt/shared/zechuan/iraod_artifacts/comparison/xaf_student_quant_20260908/b_reg_runs_0e5f8f7/rsar/chaff/seed_42/methods/B_REG/execution.json,2026-09-12T01:56:09.520524+00:00,
RSAR,chaff,B_REG,43,common_1epoch,complete,True,False,67,/mnt/shared/zechuan/iraod_artifacts/comparison/xaf_student_quant_20260908/b_reg_runs_0e5f8f7/rsar/chaff/seed_43/methods/B_REG/work/iter_266.pth,/mnt/shared/zechuan/iraod_artifacts/comparison/xaf_student_quant_20260908/b_reg_runs_0e5f8f7/rsar/chaff/seed_43/methods/B_REG/work/iter_266_ema.pth,2026-09-11T20:30:16+00:00,0f98a48b539f9260055fc305784ffbc924f50451,.67:/mnt/shared/zechuan/iraod_artifacts/comparison/xaf_student_quant_20260908/b_reg_runs_0e5f8f7/rsar/chaff/seed_43/methods/B_REG/terminal_status,.67:/mnt/shared/zechuan/iraod_artifacts/comparison/xaf_student_quant_20260908/b_reg_runs_0e5f8f7/rsar/chaff/seed_43/methods/B_REG/execution.json,2026-09-12T01:56:09.528062+00:00,
RSAR,chaff,B_REG,44,common_1epoch,complete,True,False,67,/mnt/shared/zechuan/iraod_artifacts/comparison/xaf_student_quant_20260908/b_reg_runs_0e5f8f7/rsar/chaff/seed_44/methods/B_REG/work/iter_266.pth,/mnt/shared/zechuan/iraod_artifacts/comparison/xaf_student_quant_20260908/b_reg_runs_0e5f8f7/rsar/chaff/seed_44/methods/B_REG/work/iter_266_ema.pth,2026-09-11T20:37:29+00:00,0f98a48b539f9260055fc305784ffbc924f50451,.67:/mnt/shared/zechuan/iraod_artifacts/comparison/xaf_student_quant_20260908/b_reg_runs_0e5f8f7/rsar/chaff/seed_44/methods/B_REG/terminal_status,.67:/mnt/shared/zechuan/iraod_artifacts/comparison/xaf_student_quant_20260908/b_reg_runs_0e5f8f7/rsar/chaff/seed_44/methods/B_REG/execution.json,2026-09-12T01:56:09.535316+00:00,
RSAR,chaff,C,42,common_1epoch,complete,True,False,67,/mnt/shared/zechuan/iraod_artifacts/comparison/rsar/chaff/seed_42/f2145b4/methods/C/work/iter_266.pth,/mnt/shared/zechuan/iraod_artifacts/comparison/rsar/chaff/seed_42/f2145b4/methods/C/work/iter_266_ema.pth,2026-09-05T16:20:32+00:00,0f98a48b539f9260055fc305784ffbc924f50451,/mnt/shared/zechuan/iraod_artifacts/comparison/rsar/chaff/seed_42/f2145b4/methods/C/terminal_status,.67:/mnt/shared/zechuan/iraod_artifacts/comparison/final_delivery_20260908_4a6bc50/report/report.json,2026-09-12T01:55:55.341973+00:00,
RSAR,chaff,C,43,common_1epoch,complete,True,False,67,/mnt/shared/zechuan/iraod_artifacts/comparison/rsar/chaff/seed_43/0f98a48/methods/C/work/iter_266.pth,/mnt/shared/zechuan/iraod_artifacts/comparison/rsar/chaff/seed_43/0f98a48/methods/C/work/iter_266_ema.pth,2026-09-06T21:18:20+00:00,0f98a48b539f9260055fc305784ffbc924f50451,/mnt/shared/zechuan/iraod_artifacts/comparison/rsar/chaff/seed_43/0f98a48/methods/C/terminal_status,.67:/mnt/shared/zechuan/iraod_artifacts/comparison/final_delivery_20260908_4a6bc50/report/report.json,2026-09-12T01:55:55.670104+00:00,
RSAR,chaff,C,44,common_1epoch,complete,True,False,67,/mnt/shared/zechuan/iraod_artifacts/comparison/rsar/chaff/seed_44/0f98a48/methods/C/work/iter_266.pth,/mnt/shared/zechuan/iraod_artifacts/comparison/rsar/chaff/seed_44/0f98a48/methods/C/work/iter_266_ema.pth,2026-09-07T06:22:19+00:00,0f98a48b539f9260055fc305784ffbc924f50451,/mnt/shared/zechuan/iraod_artifacts/comparison/rsar/chaff/seed_44/0f98a48/methods/C/terminal_status,.67:/mnt/shared/zechuan/iraod_artifacts/comparison/final_delivery_20260908_4a6bc50/report/report.json,2026-09-12T01:55:55.898816+00:00,
RSAR,chaff,D,42,common_1epoch,complete,True,False,67,/mnt/shared/zechuan/iraod_artifacts/comparison/rsar/chaff/seed_42/f2145b4/methods/D/work/iter_266.pth,/mnt/shared/zechuan/iraod_artifacts/comparison/rsar/chaff/seed_42/f2145b4/methods/D/work/iter_266_ema.pth,2026-09-05T16:21:29+00:00,0f98a48b539f9260055fc305784ffbc924f50451,/mnt/shared/zechuan/iraod_artifacts/comparison/rsar/chaff/seed_42/f2145b4/methods/D/terminal_status,.67:/mnt/shared/zechuan/iraod_artifacts/comparison/final_delivery_20260908_4a6bc50/report/report.json,2026-09-12T01:55:55.412193+00:00,
RSAR,chaff,D,43,common_1epoch,complete,True,False,67,/mnt/shared/zechuan/iraod_artifacts/comparison/rsar/chaff/seed_43/0f98a48/methods/D/work/iter_266.pth,/mnt/shared/zechuan/iraod_artifacts/comparison/rsar/chaff/seed_43/0f98a48/methods/D/work/iter_266_ema.pth,2026-09-06T21:10:29+00:00,0f98a48b539f9260055fc305784ffbc924f50451,/mnt/shared/zechuan/iraod_artifacts/comparison/rsar/chaff/seed_43/0f98a48/methods/D/terminal_status,.67:/mnt/shared/zechuan/iraod_artifacts/comparison/final_delivery_20260908_4a6bc50/report/report.json,2026-09-12T01:55:55.716941+00:00,
RSAR,chaff,D,44,common_1epoch,complete,True,False,67,/mnt/shared/zechuan/iraod_artifacts/comparison/rsar/chaff/seed_44/0f98a48/methods/D/work/iter_266.pth,/mnt/shared/zechuan/iraod_artifacts/comparison/rsar/chaff/seed_44/0f98a48/methods/D/work/iter_266_ema.pth,2026-09-07T06:24:51+00:00,0f98a48b539f9260055fc305784ffbc924f50451,/mnt/shared/zechuan/iraod_artifacts/comparison/rsar/chaff/seed_44/0f98a48/methods/D/terminal_status,.67:/mnt/shared/zechuan/iraod_artifacts/comparison/final_delivery_20260908_4a6bc50/report/report.json,2026-09-12T01:55:55.951224+00:00,
RSAR,chaff,E,42,common_1epoch,complete,True,False,67,/mnt/shared/zechuan/iraod_artifacts/comparison/rsar/chaff/seed_42/f2145b4/methods/E/ddp2/work/iter_266.pth,/mnt/shared/zechuan/iraod_artifacts/comparison/rsar/chaff/seed_42/f2145b4/methods/E/ddp2/work/iter_266_ema.pth,2026-09-05T16:31:47+00:00,0f98a48b539f9260055fc305784ffbc924f50451,/mnt/shared/zechuan/iraod_artifacts/comparison/rsar/chaff/seed_42/f2145b4/methods/E/terminal_status;/mnt/shared/zechuan/iraod_artifacts/comparison/rsar/chaff/seed_42/f2145b4/methods/E/ddp2/terminal_status,.67:/mnt/shared/zechuan/iraod_artifacts/comparison/final_delivery_20260908_4a6bc50/report/report.json,2026-09-12T01:55:55.479993+00:00,
RSAR,chaff,E,43,common_1epoch,complete,True,False,67,/mnt/shared/zechuan/iraod_artifacts/comparison/rsar/chaff/seed_43/0f98a48/methods/E/ddp2/work/iter_266.pth,/mnt/shared/zechuan/iraod_artifacts/comparison/rsar/chaff/seed_43/0f98a48/methods/E/ddp2/work/iter_266_ema.pth,2026-09-07T17:21:05+00:00,0f98a48b539f9260055fc305784ffbc924f50451,/mnt/shared/zechuan/iraod_artifacts/comparison/rsar/chaff/seed_43/0f98a48/methods/E/ddp2/terminal_status,.67:/mnt/shared/zechuan/iraod_artifacts/comparison/final_delivery_20260908_4a6bc50/report/report.json,2026-09-12T01:55:55.765401+00:00,
RSAR,chaff,E,44,common_1epoch,complete,True,False,67,/mnt/shared/zechuan/iraod_artifacts/comparison/rsar/chaff/seed_44/0f98a48/methods/E/ddp2/work/iter_266.pth,/mnt/shared/zechuan/iraod_artifacts/comparison/rsar/chaff/seed_44/0f98a48/methods/E/ddp2/work/iter_266_ema.pth,2026-09-07T23:15:07+00:00,0f98a48b539f9260055fc305784ffbc924f50451,/mnt/shared/zechuan/iraod_artifacts/comparison/rsar/chaff/seed_44/0f98a48/methods/E/ddp2/terminal_status,.67:/mnt/shared/zechuan/iraod_artifacts/comparison/final_delivery_20260908_4a6bc50/report/report.json,2026-09-12T01:55:56.006220+00:00,
RSAR,chaff,F,42,common_1epoch,complete,True,False,67,/mnt/shared/zechuan/iraod_artifacts/comparison/rsar/chaff/seed_42/f2145b4/methods/F/preflight_ddp2/work/iter_266.pth,/mnt/shared/zechuan/iraod_artifacts/comparison/rsar/chaff/seed_42/f2145b4/methods/F/preflight_ddp2/work/iter_266_ema.pth,2026-09-05T16:09:00+00:00,0f98a48b539f9260055fc305784ffbc924f50451,/mnt/shared/zechuan/iraod_artifacts/comparison/rsar/chaff/seed_42/f2145b4/methods/F/preflight_ddp2/terminal_status,.67:/mnt/shared/zechuan/iraod_artifacts/comparison/final_delivery_20260908_4a6bc50/report/report.json,2026-09-12T01:55:55.547935+00:00,
RSAR,chaff,F,43,common_1epoch,complete,True,False,67,/mnt/shared/zechuan/iraod_artifacts/comparison/rsar/chaff/seed_43/0f98a48/methods/F/ddp2/work/iter_266.pth,/mnt/shared/zechuan/iraod_artifacts/comparison/rsar/chaff/seed_43/0f98a48/methods/F/ddp2/work/iter_266_ema.pth,2026-09-07T17:32:06+00:00,0f98a48b539f9260055fc305784ffbc924f50451,/mnt/shared/zechuan/iraod_artifacts/comparison/rsar/chaff/seed_43/0f98a48/methods/F/ddp2/terminal_status,.67:/mnt/shared/zechuan/iraod_artifacts/comparison/final_delivery_20260908_4a6bc50/report/report.json,2026-09-12T01:55:55.810264+00:00,
RSAR,chaff,F,44,common_1epoch,complete,True,False,67,/mnt/shared/zechuan/iraod_artifacts/comparison/rsar/chaff/seed_44/0f98a48/methods/F/ddp2/work/iter_266.pth,/mnt/shared/zechuan/iraod_artifacts/comparison/rsar/chaff/seed_44/0f98a48/methods/F/ddp2/work/iter_266_ema.pth,2026-09-07T23:24:16+00:00,0f98a48b539f9260055fc305784ffbc924f50451,/mnt/shared/zechuan/iraod_artifacts/comparison/rsar/chaff/seed_44/0f98a48/methods/F/ddp2/terminal_status,.67:/mnt/shared/zechuan/iraod_artifacts/comparison/final_delivery_20260908_4a6bc50/report/report.json,2026-09-12T01:55:56.049954+00:00,
RSAR,chaff,F_text_only,42,common_1epoch,complete,True,False,221,/home/zechuan/iraod_artifacts/comparison/xaf_student_quant_20260908/f_deletion_runs_daa3992/rsar/chaff/seed_42/methods/F_text_only/ddp2/work/iter_266.pth,/home/zechuan/iraod_artifacts/comparison/xaf_student_quant_20260908/f_deletion_runs_daa3992/rsar/chaff/seed_42/methods/F_text_only/ddp2/work/iter_266_ema.pth,2026-09-09T16:18:26.322452+00:00,0f98a48b539f9260055fc305784ffbc924f50451,.221:/home/zechuan/iraod_artifacts/comparison/xaf_student_quant_20260908/f_deletion_runs_daa3992/rsar/chaff/seed_42/methods/F_text_only/ddp2/terminal_status,.221:/home/zechuan/iraod_artifacts/comparison/xaf_student_quant_20260908/f_deletion_runs_daa3992/rsar/chaff/seed_42/methods/F_text_only/execution.json,2026-09-12T01:56:10.322128+00:00,
RSAR,chaff,F_text_only,43,common_1epoch,complete,True,False,221,/home/zechuan/iraod_artifacts/comparison/xaf_student_quant_20260908/f_deletion_runs_daa3992/rsar/chaff/seed_43/methods/F_text_only/ddp2/work/iter_266.pth,/home/zechuan/iraod_artifacts/comparison/xaf_student_quant_20260908/f_deletion_runs_daa3992/rsar/chaff/seed_43/methods/F_text_only/ddp2/work/iter_266_ema.pth,2026-09-09T16:30:21.203750+00:00,0f98a48b539f9260055fc305784ffbc924f50451,.221:/home/zechuan/iraod_artifacts/comparison/xaf_student_quant_20260908/f_deletion_runs_daa3992/rsar/chaff/seed_43/methods/F_text_only/ddp2/terminal_status,.221:/home/zechuan/iraod_artifacts/comparison/xaf_student_quant_20260908/f_deletion_runs_daa3992/rsar/chaff/seed_43/methods/F_text_only/execution.json,2026-09-12T01:56:10.457551+00:00,
RSAR,chaff,F_text_only,44,common_1epoch,complete,True,False,221,/home/zechuan/iraod_artifacts/comparison/xaf_student_quant_20260908/f_deletion_runs_daa3992/rsar/chaff/seed_44/methods/F_text_only/ddp2/work/iter_266.pth,/home/zechuan/iraod_artifacts/comparison/xaf_student_quant_20260908/f_deletion_runs_daa3992/rsar/chaff/seed_44/methods/F_text_only/ddp2/work/iter_266_ema.pth,2026-09-09T16:42:17.663223+00:00,0f98a48b539f9260055fc305784ffbc924f50451,.221:/home/zechuan/iraod_artifacts/comparison/xaf_student_quant_20260908/f_deletion_runs_daa3992/rsar/chaff/seed_44/methods/F_text_only/ddp2/terminal_status,.221:/home/zechuan/iraod_artifacts/comparison/xaf_student_quant_20260908/f_deletion_runs_daa3992/rsar/chaff/seed_44/methods/F_text_only/execution.json,2026-09-12T01:56:10.575696+00:00,
RSAR,chaff,F_veto_only,42,common_1epoch,complete,True,False,221,/home/zechuan/iraod_artifacts/comparison/xaf_student_quant_20260908/f_deletion_runs_daa3992/rsar/chaff/seed_42/methods/F_veto_only/ddp2/work/iter_266.pth,/home/zechuan/iraod_artifacts/comparison/xaf_student_quant_20260908/f_deletion_runs_daa3992/rsar/chaff/seed_42/methods/F_veto_only/ddp2/work/iter_266_ema.pth,2026-09-09T16:18:46.350015+00:00,0f98a48b539f9260055fc305784ffbc924f50451,.221:/home/zechuan/iraod_artifacts/comparison/xaf_student_quant_20260908/f_deletion_runs_daa3992/rsar/chaff/seed_42/methods/F_veto_only/ddp2/terminal_status,.221:/home/zechuan/iraod_artifacts/comparison/xaf_student_quant_20260908/f_deletion_runs_daa3992/rsar/chaff/seed_42/methods/F_veto_only/execution.json,2026-09-12T01:56:10.393413+00:00,
RSAR,chaff,F_veto_only,43,common_1epoch,complete,True,False,221,/home/zechuan/iraod_artifacts/comparison/xaf_student_quant_20260908/f_deletion_runs_daa3992/rsar/chaff/seed_43/methods/F_veto_only/ddp2/work/iter_266.pth,/home/zechuan/iraod_artifacts/comparison/xaf_student_quant_20260908/f_deletion_runs_daa3992/rsar/chaff/seed_43/methods/F_veto_only/ddp2/work/iter_266_ema.pth,2026-09-09T16:42:20.863297+00:00,0f98a48b539f9260055fc305784ffbc924f50451,.221:/home/zechuan/iraod_artifacts/comparison/xaf_student_quant_20260908/f_deletion_runs_daa3992/rsar/chaff/seed_43/methods/F_veto_only/ddp2/terminal_status,.221:/home/zechuan/iraod_artifacts/comparison/xaf_student_quant_20260908/f_deletion_runs_daa3992/rsar/chaff/seed_43/methods/F_veto_only/execution.json,2026-09-12T01:56:10.510160+00:00,
RSAR,chaff,F_veto_only,44,common_1epoch,complete,True,False,221,/home/zechuan/iraod_artifacts/comparison/xaf_student_quant_20260908/f_deletion_runs_daa3992/rsar/chaff/seed_44/methods/F_veto_only/ddp2/work/iter_266.pth,/home/zechuan/iraod_artifacts/comparison/xaf_student_quant_20260908/f_deletion_runs_daa3992/rsar/chaff/seed_44/methods/F_veto_only/ddp2/work/iter_266_ema.pth,2026-09-09T16:54:34.914388+00:00,0f98a48b539f9260055fc305784ffbc924f50451,.221:/home/zechuan/iraod_artifacts/comparison/xaf_student_quant_20260908/f_deletion_runs_daa3992/rsar/chaff/seed_44/methods/F_veto_only/ddp2/terminal_status,.221:/home/zechuan/iraod_artifacts/comparison/xaf_student_quant_20260908/f_deletion_runs_daa3992/rsar/chaff/seed_44/methods/F_veto_only/execution.json,2026-09-12T01:56:10.637532+00:00,
RSAR,chaff,IRG,42,common_1epoch,complete,True,False,67,/mnt/shared/zechuan/iraod_artifacts/comparison/xaf_student_quant_20260908/formal_ports_runs_a39c832/rsar/chaff/seed_42/methods/IRG/work/iter_266.pth,/mnt/shared/zechuan/iraod_artifacts/comparison/xaf_student_quant_20260908/formal_ports_runs_a39c832/rsar/chaff/seed_42/methods/IRG/work/iter_266_ema.pth,2026-09-08T11:37:11+00:00,a39c83221c73e71d273b96ef95c65f6d8d1e84f9,.67:/mnt/shared/zechuan/iraod_artifacts/comparison/xaf_student_quant_20260908/formal_ports_runs_a39c832/rsar/chaff/seed_42/methods/IRG/terminal_status,.67:/mnt/shared/zechuan/iraod_artifacts/comparison/xaf_student_quant_20260908/formal_ports_runs_a39c832/rsar/chaff/seed_42/methods/IRG/execution.json,2026-09-12T01:56:06.893358+00:00,
RSAR,chaff,IRG,43,common_1epoch,complete,True,False,67,/mnt/shared/zechuan/iraod_artifacts/comparison/xaf_student_quant_20260908/formal_ports_runs_a39c832/rsar/chaff/seed_43/methods/IRG/work/iter_266.pth,/mnt/shared/zechuan/iraod_artifacts/comparison/xaf_student_quant_20260908/formal_ports_runs_a39c832/rsar/chaff/seed_43/methods/IRG/work/iter_266_ema.pth,2026-09-08T11:45:39+00:00,a39c83221c73e71d273b96ef95c65f6d8d1e84f9,.67:/mnt/shared/zechuan/iraod_artifacts/comparison/xaf_student_quant_20260908/formal_ports_runs_a39c832/rsar/chaff/seed_43/methods/IRG/terminal_status,.67:/mnt/shared/zechuan/iraod_artifacts/comparison/xaf_student_quant_20260908/formal_ports_runs_a39c832/rsar/chaff/seed_43/methods/IRG/execution.json,2026-09-12T01:56:06.977004+00:00,
RSAR,chaff,IRG,44,common_1epoch,complete,True,False,67,/mnt/shared/zechuan/iraod_artifacts/comparison/xaf_student_quant_20260908/formal_ports_runs_a39c832/rsar/chaff/seed_44/methods/IRG/work/iter_266.pth,/mnt/shared/zechuan/iraod_artifacts/comparison/xaf_student_quant_20260908/formal_ports_runs_a39c832/rsar/chaff/seed_44/methods/IRG/work/iter_266_ema.pth,2026-09-08T11:53:12+00:00,a39c83221c73e71d273b96ef95c65f6d8d1e84f9,.67:/mnt/shared/zechuan/iraod_artifacts/comparison/xaf_student_quant_20260908/formal_ports_runs_a39c832/rsar/chaff/seed_44/methods/IRG/terminal_status,.67:/mnt/shared/zechuan/iraod_artifacts/comparison/xaf_student_quant_20260908/formal_ports_runs_a39c832/rsar/chaff/seed_44/methods/IRG/execution.json,2026-09-12T01:56:07.059855+00:00,
RSAR,chaff,LPLD,42,common_1epoch,complete,True,False,67,/mnt/shared/zechuan/iraod_artifacts/comparison/xaf_student_quant_20260908/formal_ports_runs_a39c832/rsar/chaff/seed_42/methods/LPLD/work/iter_266.pth,/mnt/shared/zechuan/iraod_artifacts/comparison/xaf_student_quant_20260908/formal_ports_runs_a39c832/rsar/chaff/seed_42/methods/LPLD/work/iter_266_ema.pth,2026-09-08T11:41:08+00:00,a39c83221c73e71d273b96ef95c65f6d8d1e84f9,.67:/mnt/shared/zechuan/iraod_artifacts/comparison/xaf_student_quant_20260908/formal_ports_runs_a39c832/rsar/chaff/seed_42/methods/LPLD/terminal_status,.67:/mnt/shared/zechuan/iraod_artifacts/comparison/xaf_student_quant_20260908/formal_ports_runs_a39c832/rsar/chaff/seed_42/methods/LPLD/execution.json,2026-09-12T01:56:06.920012+00:00,
RSAR,chaff,LPLD,43,common_1epoch,complete,True,False,67,/mnt/shared/zechuan/iraod_artifacts/comparison/xaf_student_quant_20260908/formal_ports_runs_a39c832/rsar/chaff/seed_43/methods/LPLD/work/iter_266.pth,/mnt/shared/zechuan/iraod_artifacts/comparison/xaf_student_quant_20260908/formal_ports_runs_a39c832/rsar/chaff/seed_43/methods/LPLD/work/iter_266_ema.pth,2026-09-08T11:45:49+00:00,a39c83221c73e71d273b96ef95c65f6d8d1e84f9,.67:/mnt/shared/zechuan/iraod_artifacts/comparison/xaf_student_quant_20260908/formal_ports_runs_a39c832/rsar/chaff/seed_43/methods/LPLD/terminal_status,.67:/mnt/shared/zechuan/iraod_artifacts/comparison/xaf_student_quant_20260908/formal_ports_runs_a39c832/rsar/chaff/seed_43/methods/LPLD/execution.json,2026-09-12T01:56:07.004009+00:00,
RSAR,chaff,LPLD,44,common_1epoch,complete,True,False,67,/mnt/shared/zechuan/iraod_artifacts/comparison/xaf_student_quant_20260908/formal_ports_runs_a39c832/rsar/chaff/seed_44/methods/LPLD/work/iter_266.pth,/mnt/shared/zechuan/iraod_artifacts/comparison/xaf_student_quant_20260908/formal_ports_runs_a39c832/rsar/chaff/seed_44/methods/LPLD/work/iter_266_ema.pth,2026-09-08T11:54:21+00:00,a39c83221c73e71d273b96ef95c65f6d8d1e84f9,.67:/mnt/shared/zechuan/iraod_artifacts/comparison/xaf_student_quant_20260908/formal_ports_runs_a39c832/rsar/chaff/seed_44/methods/LPLD/terminal_status,.67:/mnt/shared/zechuan/iraod_artifacts/comparison/xaf_student_quant_20260908/formal_ports_runs_a39c832/rsar/chaff/seed_44/methods/LPLD/execution.json,2026-09-12T01:56:07.085992+00:00,
RSAR,chaff,LoRA-CGA,42,supervised_lora_oracle,not_complete_at_cutoff,False,False,,,,,,,,,No terminal-success plus frozen final Student/EMA pair before cutoff.
RSAR,chaff,LoRA-CGA,43,supervised_lora_oracle,not_complete_at_cutoff,False,False,,,,,,,,,No terminal-success plus frozen final Student/EMA pair before cutoff.
RSAR,chaff,LoRA-CGA,44,supervised_lora_oracle,not_complete_at_cutoff,False,False,,,,,,,,,No terminal-success plus frozen final Student/EMA pair before cutoff.
RSAR,chaff,LoRA-CGA+VLST,42,supervised_lora_oracle,not_complete_at_cutoff,False,False,,,,,,,,,No terminal-success plus frozen final Student/EMA pair before cutoff.
RSAR,chaff,LoRA-CGA+VLST,43,supervised_lora_oracle,not_complete_at_cutoff,False,False,,,,,,,,,No terminal-success plus frozen final Student/EMA pair before cutoff.
RSAR,chaff,LoRA-CGA+VLST,44,supervised_lora_oracle,not_complete_at_cutoff,False,False,,,,,,,,,No terminal-success plus frozen final Student/EMA pair before cutoff.
RSAR,chaff,SFUT,42,common_1epoch,complete,True,False,67,/mnt/shared/zechuan/iraod_artifacts/comparison/xaf_student_quant_20260908/formal_ports_runs_a39c832/rsar/chaff/seed_42/methods/SFUT/work/iter_266.pth,/mnt/shared/zechuan/iraod_artifacts/comparison/xaf_student_quant_20260908/formal_ports_runs_a39c832/rsar/chaff/seed_42/methods/SFUT/work/iter_266_ema.pth,2026-09-08T11:44:24+00:00,a39c83221c73e71d273b96ef95c65f6d8d1e84f9,.67:/mnt/shared/zechuan/iraod_artifacts/comparison/xaf_student_quant_20260908/formal_ports_runs_a39c832/rsar/chaff/seed_42/methods/SFUT/terminal_status,.67:/mnt/shared/zechuan/iraod_artifacts/comparison/xaf_student_quant_20260908/formal_ports_runs_a39c832/rsar/chaff/seed_42/methods/SFUT/execution.json,2026-09-12T01:56:06.947560+00:00,
RSAR,chaff,SFUT,43,common_1epoch,complete,True,False,67,/mnt/shared/zechuan/iraod_artifacts/comparison/xaf_student_quant_20260908/formal_ports_runs_a39c832/rsar/chaff/seed_43/methods/SFUT/work/iter_266.pth,/mnt/shared/zechuan/iraod_artifacts/comparison/xaf_student_quant_20260908/formal_ports_runs_a39c832/rsar/chaff/seed_43/methods/SFUT/work/iter_266_ema.pth,2026-09-08T11:49:36+00:00,a39c83221c73e71d273b96ef95c65f6d8d1e84f9,.67:/mnt/shared/zechuan/iraod_artifacts/comparison/xaf_student_quant_20260908/formal_ports_runs_a39c832/rsar/chaff/seed_43/methods/SFUT/terminal_status,.67:/mnt/shared/zechuan/iraod_artifacts/comparison/xaf_student_quant_20260908/formal_ports_runs_a39c832/rsar/chaff/seed_43/methods/SFUT/execution.json,2026-09-12T01:56:07.032192+00:00,
RSAR,chaff,SFUT,44,common_1epoch,complete,True,False,67,/mnt/shared/zechuan/iraod_artifacts/comparison/xaf_student_quant_20260908/formal_ports_runs_a39c832/rsar/chaff/seed_44/methods/SFUT/work/iter_266.pth,/mnt/shared/zechuan/iraod_artifacts/comparison/xaf_student_quant_20260908/formal_ports_runs_a39c832/rsar/chaff/seed_44/methods/SFUT/work/iter_266_ema.pth,2026-09-08T11:54:30+00:00,a39c83221c73e71d273b96ef95c65f6d8d1e84f9,.67:/mnt/shared/zechuan/iraod_artifacts/comparison/xaf_student_quant_20260908/formal_ports_runs_a39c832/rsar/chaff/seed_44/methods/SFUT/terminal_status,.67:/mnt/shared/zechuan/iraod_artifacts/comparison/xaf_student_quant_20260908/formal_ports_runs_a39c832/rsar/chaff/seed_44/methods/SFUT/execution.json,2026-09-12T01:56:07.112342+00:00,
RSAR,chaff,SFYOLO,42,extended_2epoch,complete,True,False,67,/mnt/shared/zechuan/iraod_artifacts/comparison/xaf_student_quant_20260908/sfyolo_runs_84a1aeb/rsar/chaff/seed_42/methods/SFYOLO/work/iter_531.pth,/mnt/shared/zechuan/iraod_artifacts/comparison/xaf_student_quant_20260908/sfyolo_runs_84a1aeb/rsar/chaff/seed_42/methods/SFYOLO/work/iter_531_ema.pth,2026-09-11T23:49:33+00:00,d668a7719833ea59c6320380b6bc4f80a59b5399,.67:/mnt/shared/zechuan/iraod_artifacts/comparison/xaf_student_quant_20260908/sfyolo_runs_84a1aeb/rsar/chaff/seed_42/methods/SFYOLO/terminal_status,.67:/mnt/shared/zechuan/iraod_artifacts/comparison/xaf_student_quant_20260908/sfyolo_runs_84a1aeb/rsar/chaff/seed_42/methods/SFYOLO/execution.json,2026-09-12T01:56:09.662598+00:00,
RSAR,chaff,SFYOLO,43,extended_2epoch,complete,True,False,67,/mnt/shared/zechuan/iraod_artifacts/comparison/xaf_student_quant_20260908/sfyolo_runs_84a1aeb/rsar/chaff/seed_43/methods/SFYOLO/work/iter_531.pth,/mnt/shared/zechuan/iraod_artifacts/comparison/xaf_student_quant_20260908/sfyolo_runs_84a1aeb/rsar/chaff/seed_43/methods/SFYOLO/work/iter_531_ema.pth,2026-09-12T00:07:28+00:00,d668a7719833ea59c6320380b6bc4f80a59b5399,.67:/mnt/shared/zechuan/iraod_artifacts/comparison/xaf_student_quant_20260908/sfyolo_runs_84a1aeb/rsar/chaff/seed_43/methods/SFYOLO/terminal_status,.67:/mnt/shared/zechuan/iraod_artifacts/comparison/xaf_student_quant_20260908/sfyolo_runs_84a1aeb/rsar/chaff/seed_43/methods/SFYOLO/execution.json,2026-09-12T01:56:09.676346+00:00,
RSAR,chaff,SFYOLO,44,extended_2epoch,complete,True,False,67,/mnt/shared/zechuan/iraod_artifacts/comparison/xaf_student_quant_20260908/sfyolo_runs_84a1aeb/rsar/chaff/seed_44/methods/SFYOLO/work/iter_531.pth,/mnt/shared/zechuan/iraod_artifacts/comparison/xaf_student_quant_20260908/sfyolo_runs_84a1aeb/rsar/chaff/seed_44/methods/SFYOLO/work/iter_531_ema.pth,2026-09-12T00:09:01+00:00,d668a7719833ea59c6320380b6bc4f80a59b5399,.67:/mnt/shared/zechuan/iraod_artifacts/comparison/xaf_student_quant_20260908/sfyolo_runs_84a1aeb/rsar/chaff/seed_44/methods/SFYOLO/terminal_status,.67:/mnt/shared/zechuan/iraod_artifacts/comparison/xaf_student_quant_20260908/sfyolo_runs_84a1aeb/rsar/chaff/seed_44/methods/SFYOLO/execution.json,2026-09-12T01:56:09.684264+00:00,
RSAR,clean,AASFOD,42,common_1epoch,complete,True,False,221,/home/zechuan/iraod_artifacts/comparison/xaf_student_quant_20260908/aasfod_runs_36c2053/rsar/clean/seed_42/methods/AASFOD/work/iter_266.pth,/home/zechuan/iraod_artifacts/comparison/xaf_student_quant_20260908/aasfod_runs_36c2053/rsar/clean/seed_42/methods/AASFOD/work/iter_266_ema.pth,2026-09-10T00:57:38.721955+00:00,cbd0f75ab147fea6728f61d6fd696325cc195296,.221:/home/zechuan/iraod_artifacts/comparison/xaf_student_quant_20260908/aasfod_runs_36c2053/rsar/clean/seed_42/methods/AASFOD/terminal_status,.221:/home/zechuan/iraod_artifacts/comparison/xaf_student_quant_20260908/aasfod_runs_36c2053/rsar/clean/seed_42/methods/AASFOD/execution.json,2026-09-12T01:56:12.368597+00:00,
RSAR,clean,AASFOD,43,common_1epoch,complete,True,False,221,/home/zechuan/iraod_artifacts/comparison/xaf_student_quant_20260908/aasfod_runs_36c2053/rsar/clean/seed_43/methods/AASFOD/work/iter_266.pth,/home/zechuan/iraod_artifacts/comparison/xaf_student_quant_20260908/aasfod_runs_36c2053/rsar/clean/seed_43/methods/AASFOD/work/iter_266_ema.pth,2026-09-11T17:49:29.074000+00:00,cbd0f75ab147fea6728f61d6fd696325cc195296,.221:/home/zechuan/iraod_artifacts/comparison/xaf_student_quant_20260908/aasfod_runs_36c2053/rsar/clean/seed_43/methods/AASFOD/terminal_status,.221:/home/zechuan/iraod_artifacts/comparison/xaf_student_quant_20260908/aasfod_runs_36c2053/rsar/clean/seed_43/methods/AASFOD/execution.json,2026-09-12T01:56:12.569207+00:00,
RSAR,clean,AASFOD,44,common_1epoch,complete,True,False,221,/home/zechuan/iraod_artifacts/comparison/xaf_student_quant_20260908/aasfod_runs_36c2053/rsar/clean/seed_44/methods/AASFOD/work/iter_266.pth,/home/zechuan/iraod_artifacts/comparison/xaf_student_quant_20260908/aasfod_runs_36c2053/rsar/clean/seed_44/methods/AASFOD/work/iter_266_ema.pth,2026-09-11T17:49:33.175153+00:00,cbd0f75ab147fea6728f61d6fd696325cc195296,.221:/home/zechuan/iraod_artifacts/comparison/xaf_student_quant_20260908/aasfod_runs_36c2053/rsar/clean/seed_44/methods/AASFOD/terminal_status,.221:/home/zechuan/iraod_artifacts/comparison/xaf_student_quant_20260908/aasfod_runs_36c2053/rsar/clean/seed_44/methods/AASFOD/execution.json,2026-09-12T01:56:12.502282+00:00,
RSAR,clean,B,42,common_1epoch,complete,True,False,67,/mnt/shared/zechuan/iraod_artifacts/comparison/rsar/clean/seed_42/0f98a48/methods/B/work/iter_266.pth,/mnt/shared/zechuan/iraod_artifacts/comparison/rsar/clean/seed_42/0f98a48/methods/B/work/iter_266_ema.pth,2026-09-06T16:56:33+00:00,0f98a48b539f9260055fc305784ffbc924f50451,/mnt/shared/zechuan/iraod_artifacts/comparison/rsar/clean/seed_42/0f98a48/methods/B/terminal_status,.67:/mnt/shared/zechuan/iraod_artifacts/comparison/final_delivery_20260908_4a6bc50/report/report.json,2026-09-12T01:56:01.245194+00:00,
RSAR,clean,B,43,common_1epoch,complete,True,False,67,/mnt/shared/zechuan/iraod_artifacts/comparison/rsar/clean/seed_43/0f98a48/methods/B/work/iter_266.pth,/mnt/shared/zechuan/iraod_artifacts/comparison/rsar/clean/seed_43/0f98a48/methods/B/work/iter_266_ema.pth,2026-09-06T20:23:20+00:00,0f98a48b539f9260055fc305784ffbc924f50451,/mnt/shared/zechuan/iraod_artifacts/comparison/rsar/clean/seed_43/0f98a48/methods/B/terminal_status,.67:/mnt/shared/zechuan/iraod_artifacts/comparison/final_delivery_20260908_4a6bc50/report/report.json,2026-09-12T01:56:01.567822+00:00,
RSAR,clean,B,44,common_1epoch,complete,True,False,67,/mnt/shared/zechuan/iraod_artifacts/comparison/rsar/clean/seed_44/0f98a48/methods/B/work/iter_266.pth,/mnt/shared/zechuan/iraod_artifacts/comparison/rsar/clean/seed_44/0f98a48/methods/B/work/iter_266_ema.pth,2026-09-07T05:17:59+00:00,0f98a48b539f9260055fc305784ffbc924f50451,/mnt/shared/zechuan/iraod_artifacts/comparison/rsar/clean/seed_44/0f98a48/methods/B/terminal_status,.67:/mnt/shared/zechuan/iraod_artifacts/comparison/final_delivery_20260908_4a6bc50/report/report.json,2026-09-12T01:56:01.800862+00:00,
RSAR,clean,B_REG,42,common_1epoch,complete,True,False,67,/mnt/shared/zechuan/iraod_artifacts/comparison/xaf_student_quant_20260908/b_reg_runs_0e5f8f7/rsar/clean/seed_42/methods/B_REG/work/iter_266.pth,/mnt/shared/zechuan/iraod_artifacts/comparison/xaf_student_quant_20260908/b_reg_runs_0e5f8f7/rsar/clean/seed_42/methods/B_REG/work/iter_266_ema.pth,2026-09-11T20:12:26+00:00,0f98a48b539f9260055fc305784ffbc924f50451,.67:/mnt/shared/zechuan/iraod_artifacts/comparison/xaf_student_quant_20260908/b_reg_runs_0e5f8f7/rsar/clean/seed_42/methods/B_REG/terminal_status,.67:/mnt/shared/zechuan/iraod_artifacts/comparison/xaf_student_quant_20260908/b_reg_runs_0e5f8f7/rsar/clean/seed_42/methods/B_REG/execution.json,2026-09-12T01:56:09.450263+00:00,
RSAR,clean,B_REG,43,common_1epoch,complete,True,False,67,/mnt/shared/zechuan/iraod_artifacts/comparison/xaf_student_quant_20260908/b_reg_runs_0e5f8f7/rsar/clean/seed_43/methods/B_REG/work/iter_266.pth,/mnt/shared/zechuan/iraod_artifacts/comparison/xaf_student_quant_20260908/b_reg_runs_0e5f8f7/rsar/clean/seed_43/methods/B_REG/work/iter_266_ema.pth,2026-09-11T20:37:53+00:00,0f98a48b539f9260055fc305784ffbc924f50451,.67:/mnt/shared/zechuan/iraod_artifacts/comparison/xaf_student_quant_20260908/b_reg_runs_0e5f8f7/rsar/clean/seed_43/methods/B_REG/terminal_status,.67:/mnt/shared/zechuan/iraod_artifacts/comparison/xaf_student_quant_20260908/b_reg_runs_0e5f8f7/rsar/clean/seed_43/methods/B_REG/execution.json,2026-09-12T01:56:09.457599+00:00,
RSAR,clean,B_REG,44,common_1epoch,complete,True,False,67,/mnt/shared/zechuan/iraod_artifacts/comparison/xaf_student_quant_20260908/b_reg_runs_0e5f8f7/rsar/clean/seed_44/methods/B_REG/work/iter_266.pth,/mnt/shared/zechuan/iraod_artifacts/comparison/xaf_student_quant_20260908/b_reg_runs_0e5f8f7/rsar/clean/seed_44/methods/B_REG/work/iter_266_ema.pth,2026-09-11T20:38:32+00:00,0f98a48b539f9260055fc305784ffbc924f50451,.67:/mnt/shared/zechuan/iraod_artifacts/comparison/xaf_student_quant_20260908/b_reg_runs_0e5f8f7/rsar/clean/seed_44/methods/B_REG/terminal_status,.67:/mnt/shared/zechuan/iraod_artifacts/comparison/xaf_student_quant_20260908/b_reg_runs_0e5f8f7/rsar/clean/seed_44/methods/B_REG/execution.json,2026-09-12T01:56:09.468908+00:00,
RSAR,clean,C,42,common_1epoch,complete,True,False,67,/mnt/shared/zechuan/iraod_artifacts/comparison/rsar/clean/seed_42/0f98a48/methods/C/work/iter_266.pth,/mnt/shared/zechuan/iraod_artifacts/comparison/rsar/clean/seed_42/0f98a48/methods/C/work/iter_266_ema.pth,2026-09-06T17:11:29+00:00,0f98a48b539f9260055fc305784ffbc924f50451,/mnt/shared/zechuan/iraod_artifacts/comparison/rsar/clean/seed_42/0f98a48/methods/C/terminal_status,.67:/mnt/shared/zechuan/iraod_artifacts/comparison/final_delivery_20260908_4a6bc50/report/report.json,2026-09-12T01:56:01.302265+00:00,
RSAR,clean,C,43,common_1epoch,complete,True,False,67,/mnt/shared/zechuan/iraod_artifacts/comparison/rsar/clean/seed_43/0f98a48/methods/C/work/iter_266.pth,/mnt/shared/zechuan/iraod_artifacts/comparison/rsar/clean/seed_43/0f98a48/methods/C/work/iter_266_ema.pth,2026-09-06T20:35:41+00:00,0f98a48b539f9260055fc305784ffbc924f50451,/mnt/shared/zechuan/iraod_artifacts/comparison/rsar/clean/seed_43/0f98a48/methods/C/terminal_status,.67:/mnt/shared/zechuan/iraod_artifacts/comparison/final_delivery_20260908_4a6bc50/report/report.json,2026-09-12T01:56:01.614173+00:00,
RSAR,clean,C,44,common_1epoch,complete,True,False,67,/mnt/shared/zechuan/iraod_artifacts/comparison/rsar/clean/seed_44/0f98a48/methods/C/work/iter_266.pth,/mnt/shared/zechuan/iraod_artifacts/comparison/rsar/clean/seed_44/0f98a48/methods/C/work/iter_266_ema.pth,2026-09-07T05:26:23+00:00,0f98a48b539f9260055fc305784ffbc924f50451,/mnt/shared/zechuan/iraod_artifacts/comparison/rsar/clean/seed_44/0f98a48/methods/C/terminal_status,.67:/mnt/shared/zechuan/iraod_artifacts/comparison/final_delivery_20260908_4a6bc50/report/report.json,2026-09-12T01:56:01.851688+00:00,
RSAR,clean,D,42,common_1epoch,complete,True,False,67,/mnt/shared/zechuan/iraod_artifacts/comparison/rsar/clean/seed_42/0f98a48/methods/D/work/iter_266.pth,/mnt/shared/zechuan/iraod_artifacts/comparison/rsar/clean/seed_42/0f98a48/methods/D/work/iter_266_ema.pth,2026-09-06T17:00:59+00:00,0f98a48b539f9260055fc305784ffbc924f50451,/mnt/shared/zechuan/iraod_artifacts/comparison/rsar/clean/seed_42/0f98a48/methods/D/terminal_status,.67:/mnt/shared/zechuan/iraod_artifacts/comparison/final_delivery_20260908_4a6bc50/report/report.json,2026-09-12T01:56:01.357921+00:00,
RSAR,clean,D,43,common_1epoch,complete,True,False,67,/mnt/shared/zechuan/iraod_artifacts/comparison/rsar/clean/seed_43/0f98a48/methods/D/work/iter_266.pth,/mnt/shared/zechuan/iraod_artifacts/comparison/rsar/clean/seed_43/0f98a48/methods/D/work/iter_266_ema.pth,2026-09-06T20:27:19+00:00,0f98a48b539f9260055fc305784ffbc924f50451,/mnt/shared/zechuan/iraod_artifacts/comparison/rsar/clean/seed_43/0f98a48/methods/D/terminal_status,.67:/mnt/shared/zechuan/iraod_artifacts/comparison/final_delivery_20260908_4a6bc50/report/report.json,2026-09-12T01:56:01.659652+00:00,
RSAR,clean,D,44,common_1epoch,complete,True,False,67,/mnt/shared/zechuan/iraod_artifacts/comparison/rsar/clean/seed_44/0f98a48/methods/D/work/iter_266.pth,/mnt/shared/zechuan/iraod_artifacts/comparison/rsar/clean/seed_44/0f98a48/methods/D/work/iter_266_ema.pth,2026-09-07T05:09:40+00:00,0f98a48b539f9260055fc305784ffbc924f50451,/mnt/shared/zechuan/iraod_artifacts/comparison/rsar/clean/seed_44/0f98a48/methods/D/terminal_status,.67:/mnt/shared/zechuan/iraod_artifacts/comparison/final_delivery_20260908_4a6bc50/report/report.json,2026-09-12T01:56:01.899483+00:00,
RSAR,clean,E,42,common_1epoch,complete,True,False,67,/mnt/shared/zechuan/iraod_artifacts/comparison/rsar/clean/seed_42/0f98a48/methods/E/ddp2/work/iter_266.pth,/mnt/shared/zechuan/iraod_artifacts/comparison/rsar/clean/seed_42/0f98a48/methods/E/ddp2/work/iter_266_ema.pth,2026-09-06T18:38:43+00:00,0f98a48b539f9260055fc305784ffbc924f50451,/mnt/shared/zechuan/iraod_artifacts/comparison/rsar/clean/seed_42/0f98a48/methods/E/ddp2/terminal_status,.67:/mnt/shared/zechuan/iraod_artifacts/comparison/final_delivery_20260908_4a6bc50/report/report.json,2026-09-12T01:56:01.419473+00:00,
RSAR,clean,E,43,common_1epoch,complete,True,False,67,/mnt/shared/zechuan/iraod_artifacts/comparison/rsar/clean/seed_43/0f98a48/methods/E/ddp2/work/iter_266.pth,/mnt/shared/zechuan/iraod_artifacts/comparison/rsar/clean/seed_43/0f98a48/methods/E/ddp2/work/iter_266_ema.pth,2026-09-07T16:44:20+00:00,0f98a48b539f9260055fc305784ffbc924f50451,/mnt/shared/zechuan/iraod_artifacts/comparison/rsar/clean/seed_43/0f98a48/methods/E/ddp2/terminal_status,.67:/mnt/shared/zechuan/iraod_artifacts/comparison/final_delivery_20260908_4a6bc50/report/report.json,2026-09-12T01:56:01.705974+00:00,
RSAR,clean,E,44,common_1epoch,complete,True,False,67,/mnt/shared/zechuan/iraod_artifacts/comparison/rsar/clean/seed_44/0f98a48/methods/E/ddp2/work/iter_266.pth,/mnt/shared/zechuan/iraod_artifacts/comparison/rsar/clean/seed_44/0f98a48/methods/E/ddp2/work/iter_266_ema.pth,2026-09-07T23:32:30+00:00,0f98a48b539f9260055fc305784ffbc924f50451,/mnt/shared/zechuan/iraod_artifacts/comparison/rsar/clean/seed_44/0f98a48/methods/E/ddp2/terminal_status,.67:/mnt/shared/zechuan/iraod_artifacts/comparison/final_delivery_20260908_4a6bc50/report/report.json,2026-09-12T01:56:01.944591+00:00,
RSAR,clean,F,42,common_1epoch,complete,True,False,67,/mnt/shared/zechuan/iraod_artifacts/comparison/rsar/clean/seed_42/0f98a48/methods/F/ddp2/work/iter_266.pth,/mnt/shared/zechuan/iraod_artifacts/comparison/rsar/clean/seed_42/0f98a48/methods/F/ddp2/work/iter_266_ema.pth,2026-09-06T18:26:58+00:00,0f98a48b539f9260055fc305784ffbc924f50451,/mnt/shared/zechuan/iraod_artifacts/comparison/rsar/clean/seed_42/0f98a48/methods/F/ddp2/terminal_status,.67:/mnt/shared/zechuan/iraod_artifacts/comparison/final_delivery_20260908_4a6bc50/report/report.json,2026-09-12T01:56:01.486228+00:00,
RSAR,clean,F,43,common_1epoch,complete,True,False,67,/mnt/shared/zechuan/iraod_artifacts/comparison/rsar/clean/seed_43/0f98a48/methods/F/ddp2/work/iter_266.pth,/mnt/shared/zechuan/iraod_artifacts/comparison/rsar/clean/seed_43/0f98a48/methods/F/ddp2/work/iter_266_ema.pth,2026-09-07T17:10:43+00:00,0f98a48b539f9260055fc305784ffbc924f50451,/mnt/shared/zechuan/iraod_artifacts/comparison/rsar/clean/seed_43/0f98a48/methods/F/ddp2/terminal_status,.67:/mnt/shared/zechuan/iraod_artifacts/comparison/final_delivery_20260908_4a6bc50/report/report.json,2026-09-12T01:56:01.752477+00:00,
RSAR,clean,F,44,common_1epoch,complete,True,False,67,/mnt/shared/zechuan/iraod_artifacts/comparison/rsar/clean/seed_44/0f98a48/methods/F/ddp2/work/iter_266.pth,/mnt/shared/zechuan/iraod_artifacts/comparison/rsar/clean/seed_44/0f98a48/methods/F/ddp2/work/iter_266_ema.pth,2026-09-07T23:41:44+00:00,0f98a48b539f9260055fc305784ffbc924f50451,/mnt/shared/zechuan/iraod_artifacts/comparison/rsar/clean/seed_44/0f98a48/methods/F/ddp2/terminal_status,.67:/mnt/shared/zechuan/iraod_artifacts/comparison/final_delivery_20260908_4a6bc50/report/report.json,2026-09-12T01:56:02.003882+00:00,
RSAR,clean,F_text_only,42,common_1epoch,complete,True,False,67,/mnt/shared/zechuan/iraod_artifacts/comparison/xaf_student_quant_20260908/f_deletion_runs_daa3992/rsar/clean/seed_42/methods/F_text_only/ddp2/work/iter_266.pth,/mnt/shared/zechuan/iraod_artifacts/comparison/xaf_student_quant_20260908/f_deletion_runs_daa3992/rsar/clean/seed_42/methods/F_text_only/ddp2/work/iter_266_ema.pth,2026-09-11T19:36:02+00:00,0f98a48b539f9260055fc305784ffbc924f50451,.67:/mnt/shared/zechuan/iraod_artifacts/comparison/xaf_student_quant_20260908/f_deletion_runs_daa3992/rsar/clean/seed_42/methods/F_text_only/ddp2/terminal_status,.67:/mnt/shared/zechuan/iraod_artifacts/comparison/xaf_student_quant_20260908/f_deletion_runs_daa3992/rsar/clean/seed_42/methods/F_text_only/execution.json,2026-09-12T01:56:09.404750+00:00,
RSAR,clean,F_text_only,43,common_1epoch,complete,True,False,221,/home/zechuan/iraod_artifacts/comparison/xaf_student_quant_20260908/f_deletion_runs_daa3992/rsar/clean/seed_43/methods/F_text_only/ddp2/work/iter_266.pth,/home/zechuan/iraod_artifacts/comparison/xaf_student_quant_20260908/f_deletion_runs_daa3992/rsar/clean/seed_43/methods/F_text_only/ddp2/work/iter_266_ema.pth,2026-09-09T17:05:30.106813+00:00,0f98a48b539f9260055fc305784ffbc924f50451,.221:/home/zechuan/iraod_artifacts/comparison/xaf_student_quant_20260908/f_deletion_runs_daa3992/rsar/clean/seed_43/methods/F_text_only/ddp2/terminal_status,.221:/home/zechuan/iraod_artifacts/comparison/xaf_student_quant_20260908/f_deletion_runs_daa3992/rsar/clean/seed_43/methods/F_text_only/execution.json,2026-09-12T01:56:10.735002+00:00,
RSAR,clean,F_text_only,44,common_1epoch,complete,True,False,221,/home/zechuan/iraod_artifacts/comparison/xaf_student_quant_20260908/f_deletion_runs_daa3992/rsar/clean/seed_44/methods/F_text_only/ddp2/work/iter_266.pth,/home/zechuan/iraod_artifacts/comparison/xaf_student_quant_20260908/f_deletion_runs_daa3992/rsar/clean/seed_44/methods/F_text_only/ddp2/work/iter_266_ema.pth,2026-09-09T17:09:02.797660+00:00,0f98a48b539f9260055fc305784ffbc924f50451,.221:/home/zechuan/iraod_artifacts/comparison/xaf_student_quant_20260908/f_deletion_runs_daa3992/rsar/clean/seed_44/methods/F_text_only/ddp2/terminal_status,.221:/home/zechuan/iraod_artifacts/comparison/xaf_student_quant_20260908/f_deletion_runs_daa3992/rsar/clean/seed_44/methods/F_text_only/execution.json,2026-09-12T01:56:10.787790+00:00,
RSAR,clean,F_veto_only,42,common_1epoch,complete,True,False,67,/mnt/shared/zechuan/iraod_artifacts/comparison/xaf_student_quant_20260908/f_deletion_runs_daa3992/rsar/clean/seed_42/methods/F_veto_only/ddp2/work/iter_266.pth,/mnt/shared/zechuan/iraod_artifacts/comparison/xaf_student_quant_20260908/f_deletion_runs_daa3992/rsar/clean/seed_42/methods/F_veto_only/ddp2/work/iter_266_ema.pth,2026-09-11T19:45:36+00:00,0f98a48b539f9260055fc305784ffbc924f50451,.67:/mnt/shared/zechuan/iraod_artifacts/comparison/xaf_student_quant_20260908/f_deletion_runs_daa3992/rsar/clean/seed_42/methods/F_veto_only/ddp2/terminal_status,.67:/mnt/shared/zechuan/iraod_artifacts/comparison/xaf_student_quant_20260908/f_deletion_runs_daa3992/rsar/clean/seed_42/methods/F_veto_only/execution.json,2026-09-12T01:56:09.412286+00:00,
RSAR,clean,F_veto_only,43,common_1epoch,complete,True,False,67,/mnt/shared/zechuan/iraod_artifacts/comparison/xaf_student_quant_20260908/f_deletion_runs_daa3992/rsar/clean/seed_43/methods/F_veto_only/ddp2/work/iter_266.pth,/mnt/shared/zechuan/iraod_artifacts/comparison/xaf_student_quant_20260908/f_deletion_runs_daa3992/rsar/clean/seed_43/methods/F_veto_only/ddp2/work/iter_266_ema.pth,2026-09-11T19:48:31+00:00,0f98a48b539f9260055fc305784ffbc924f50451,.67:/mnt/shared/zechuan/iraod_artifacts/comparison/xaf_student_quant_20260908/f_deletion_runs_daa3992/rsar/clean/seed_43/methods/F_veto_only/ddp2/terminal_status,.67:/mnt/shared/zechuan/iraod_artifacts/comparison/xaf_student_quant_20260908/f_deletion_runs_daa3992/rsar/clean/seed_43/methods/F_veto_only/execution.json,2026-09-12T01:56:09.419797+00:00,
RSAR,clean,F_veto_only,44,common_1epoch,complete,True,False,221,/home/zechuan/iraod_artifacts/comparison/xaf_student_quant_20260908/f_deletion_runs_daa3992/rsar/clean/seed_44/methods/F_veto_only/ddp2/work/iter_266.pth,/home/zechuan/iraod_artifacts/comparison/xaf_student_quant_20260908/f_deletion_runs_daa3992/rsar/clean/seed_44/methods/F_veto_only/ddp2/work/iter_266_ema.pth,2026-09-09T17:17:29.105654+00:00,0f98a48b539f9260055fc305784ffbc924f50451,.221:/home/zechuan/iraod_artifacts/comparison/xaf_student_quant_20260908/f_deletion_runs_daa3992/rsar/clean/seed_44/methods/F_veto_only/ddp2/terminal_status,.221:/home/zechuan/iraod_artifacts/comparison/xaf_student_quant_20260908/f_deletion_runs_daa3992/rsar/clean/seed_44/methods/F_veto_only/execution.json,2026-09-12T01:56:10.823312+00:00,
RSAR,clean,IRG,42,common_1epoch,complete,True,False,67,/mnt/shared/zechuan/iraod_artifacts/comparison/xaf_student_quant_20260908/formal_ports_runs_a39c832/rsar/clean/seed_42/methods/IRG/work/iter_266.pth,/mnt/shared/zechuan/iraod_artifacts/comparison/xaf_student_quant_20260908/formal_ports_runs_a39c832/rsar/clean/seed_42/methods/IRG/work/iter_266_ema.pth,2026-09-08T07:48:21+00:00,a39c83221c73e71d273b96ef95c65f6d8d1e84f9,.67:/mnt/shared/zechuan/iraod_artifacts/comparison/xaf_student_quant_20260908/formal_ports_runs_a39c832/rsar/clean/seed_42/methods/IRG/terminal_status,.67:/mnt/shared/zechuan/iraod_artifacts/comparison/xaf_student_quant_20260908/formal_ports_runs_a39c832/rsar/clean/seed_42/methods/IRG/execution.json,2026-09-12T01:56:06.160332+00:00,
RSAR,clean,IRG,43,common_1epoch,complete,True,False,67,/mnt/shared/zechuan/iraod_artifacts/comparison/xaf_student_quant_20260908/formal_ports_runs_a39c832/rsar/clean/seed_43/methods/IRG/work/iter_266.pth,/mnt/shared/zechuan/iraod_artifacts/comparison/xaf_student_quant_20260908/formal_ports_runs_a39c832/rsar/clean/seed_43/methods/IRG/work/iter_266_ema.pth,2026-09-08T11:58:22+00:00,a39c83221c73e71d273b96ef95c65f6d8d1e84f9,.67:/mnt/shared/zechuan/iraod_artifacts/comparison/xaf_student_quant_20260908/formal_ports_runs_a39c832/rsar/clean/seed_43/methods/IRG/terminal_status,.67:/mnt/shared/zechuan/iraod_artifacts/comparison/xaf_student_quant_20260908/formal_ports_runs_a39c832/rsar/clean/seed_43/methods/IRG/execution.json,2026-09-12T01:56:06.221122+00:00,
RSAR,clean,IRG,44,common_1epoch,complete,True,False,67,/mnt/shared/zechuan/iraod_artifacts/comparison/xaf_student_quant_20260908/formal_ports_runs_a39c832/rsar/clean/seed_44/methods/IRG/work/iter_266.pth,/mnt/shared/zechuan/iraod_artifacts/comparison/xaf_student_quant_20260908/formal_ports_runs_a39c832/rsar/clean/seed_44/methods/IRG/work/iter_266_ema.pth,2026-09-08T12:03:35+00:00,a39c83221c73e71d273b96ef95c65f6d8d1e84f9,.67:/mnt/shared/zechuan/iraod_artifacts/comparison/xaf_student_quant_20260908/formal_ports_runs_a39c832/rsar/clean/seed_44/methods/IRG/terminal_status,.67:/mnt/shared/zechuan/iraod_artifacts/comparison/xaf_student_quant_20260908/formal_ports_runs_a39c832/rsar/clean/seed_44/methods/IRG/execution.json,2026-09-12T01:56:06.311301+00:00,
RSAR,clean,LPLD,42,common_1epoch,complete,True,False,67,/mnt/shared/zechuan/iraod_artifacts/comparison/xaf_student_quant_20260908/formal_ports_runs_a39c832/rsar/clean/seed_42/methods/LPLD/work/iter_266.pth,/mnt/shared/zechuan/iraod_artifacts/comparison/xaf_student_quant_20260908/formal_ports_runs_a39c832/rsar/clean/seed_42/methods/LPLD/work/iter_266_ema.pth,2026-09-08T07:36:42+00:00,a39c83221c73e71d273b96ef95c65f6d8d1e84f9,.67:/mnt/shared/zechuan/iraod_artifacts/comparison/xaf_student_quant_20260908/formal_ports_runs_a39c832/rsar/clean/seed_42/methods/LPLD/terminal_status,.67:/mnt/shared/zechuan/iraod_artifacts/comparison/xaf_student_quant_20260908/formal_ports_runs_a39c832/rsar/clean/seed_42/methods/LPLD/execution.json,2026-09-12T01:56:06.128881+00:00,
RSAR,clean,LPLD,43,common_1epoch,complete,True,False,67,/mnt/shared/zechuan/iraod_artifacts/comparison/xaf_student_quant_20260908/formal_ports_runs_a39c832/rsar/clean/seed_43/methods/LPLD/work/iter_266.pth,/mnt/shared/zechuan/iraod_artifacts/comparison/xaf_student_quant_20260908/formal_ports_runs_a39c832/rsar/clean/seed_43/methods/LPLD/work/iter_266_ema.pth,2026-09-08T12:01:39+00:00,a39c83221c73e71d273b96ef95c65f6d8d1e84f9,.67:/mnt/shared/zechuan/iraod_artifacts/comparison/xaf_student_quant_20260908/formal_ports_runs_a39c832/rsar/clean/seed_43/methods/LPLD/terminal_status,.67:/mnt/shared/zechuan/iraod_artifacts/comparison/xaf_student_quant_20260908/formal_ports_runs_a39c832/rsar/clean/seed_43/methods/LPLD/execution.json,2026-09-12T01:56:06.252952+00:00,
RSAR,clean,LPLD,44,common_1epoch,complete,True,False,67,/mnt/shared/zechuan/iraod_artifacts/comparison/xaf_student_quant_20260908/formal_ports_runs_a39c832/rsar/clean/seed_44/methods/LPLD/work/iter_266.pth,/mnt/shared/zechuan/iraod_artifacts/comparison/xaf_student_quant_20260908/formal_ports_runs_a39c832/rsar/clean/seed_44/methods/LPLD/work/iter_266_ema.pth,2026-09-08T12:06:47+00:00,a39c83221c73e71d273b96ef95c65f6d8d1e84f9,.67:/mnt/shared/zechuan/iraod_artifacts/comparison/xaf_student_quant_20260908/formal_ports_runs_a39c832/rsar/clean/seed_44/methods/LPLD/terminal_status,.67:/mnt/shared/zechuan/iraod_artifacts/comparison/xaf_student_quant_20260908/formal_ports_runs_a39c832/rsar/clean/seed_44/methods/LPLD/execution.json,2026-09-12T01:56:06.337824+00:00,
RSAR,clean,LoRA-CGA,42,supervised_lora_oracle,complete,True,False,67,/mnt/shared/zechuan/iraod_artifacts/comparison/xaf_student_quant_20260908/oracle_rsar48_20260909/rsar/clean/seed_42/methods/LoRA-CGA/work/iter_266.pth,/mnt/shared/zechuan/iraod_artifacts/comparison/xaf_student_quant_20260908/oracle_rsar48_20260909/rsar/clean/seed_42/methods/LoRA-CGA/work/iter_266_ema.pth,2026-09-12T00:53:56+00:00,05de46817149a14f549805a6939529d2d2002add,.67:/mnt/shared/zechuan/iraod_artifacts/comparison/xaf_student_quant_20260908/oracle_rsar48_20260909/rsar/clean/seed_42/methods/LoRA-CGA/terminal_status,.67:/mnt/shared/zechuan/iraod_artifacts/comparison/xaf_student_quant_20260908/oracle_rsar48_20260909/rsar/clean/seed_42/methods/LoRA-CGA/execution.json,2026-09-12T01:56:09.793353+00:00,
RSAR,clean,LoRA-CGA,43,supervised_lora_oracle,not_complete_at_cutoff,False,False,,,,,,,,,No terminal-success plus frozen final Student/EMA pair before cutoff.
RSAR,clean,LoRA-CGA,44,supervised_lora_oracle,not_complete_at_cutoff,False,False,,,,,,,,,No terminal-success plus frozen final Student/EMA pair before cutoff.
RSAR,clean,LoRA-CGA+VLST,42,supervised_lora_oracle,not_complete_at_cutoff,False,False,,,,,,,,,No terminal-success plus frozen final Student/EMA pair before cutoff.
RSAR,clean,LoRA-CGA+VLST,43,supervised_lora_oracle,not_complete_at_cutoff,False,False,,,,,,,,,No terminal-success plus frozen final Student/EMA pair before cutoff.
RSAR,clean,LoRA-CGA+VLST,44,supervised_lora_oracle,not_complete_at_cutoff,False,False,,,,,,,,,No terminal-success plus frozen final Student/EMA pair before cutoff.
RSAR,clean,SFUT,42,common_1epoch,complete,True,False,67,/mnt/shared/zechuan/iraod_artifacts/comparison/xaf_student_quant_20260908/formal_ports_runs_a39c832/rsar/clean/seed_42/methods/SFUT/work/iter_266.pth,/mnt/shared/zechuan/iraod_artifacts/comparison/xaf_student_quant_20260908/formal_ports_runs_a39c832/rsar/clean/seed_42/methods/SFUT/work/iter_266_ema.pth,2026-09-08T08:24:37+00:00,a39c83221c73e71d273b96ef95c65f6d8d1e84f9,.67:/mnt/shared/zechuan/iraod_artifacts/comparison/xaf_student_quant_20260908/formal_ports_runs_a39c832/rsar/clean/seed_42/methods/SFUT/terminal_status,.67:/mnt/shared/zechuan/iraod_artifacts/comparison/xaf_student_quant_20260908/formal_ports_runs_a39c832/rsar/clean/seed_42/methods/SFUT/execution.json,2026-09-12T01:56:06.189337+00:00,
RSAR,clean,SFUT,43,common_1epoch,complete,True,False,67,/mnt/shared/zechuan/iraod_artifacts/comparison/xaf_student_quant_20260908/formal_ports_runs_a39c832/rsar/clean/seed_43/methods/SFUT/work/iter_266.pth,/mnt/shared/zechuan/iraod_artifacts/comparison/xaf_student_quant_20260908/formal_ports_runs_a39c832/rsar/clean/seed_43/methods/SFUT/work/iter_266_ema.pth,2026-09-08T12:03:05+00:00,a39c83221c73e71d273b96ef95c65f6d8d1e84f9,.67:/mnt/shared/zechuan/iraod_artifacts/comparison/xaf_student_quant_20260908/formal_ports_runs_a39c832/rsar/clean/seed_43/methods/SFUT/terminal_status,.67:/mnt/shared/zechuan/iraod_artifacts/comparison/xaf_student_quant_20260908/formal_ports_runs_a39c832/rsar/clean/seed_43/methods/SFUT/execution.json,2026-09-12T01:56:06.284088+00:00,
RSAR,clean,SFUT,44,common_1epoch,complete,True,False,67,/mnt/shared/zechuan/iraod_artifacts/comparison/xaf_student_quant_20260908/formal_ports_runs_a39c832/rsar/clean/seed_44/methods/SFUT/work/iter_266.pth,/mnt/shared/zechuan/iraod_artifacts/comparison/xaf_student_quant_20260908/formal_ports_runs_a39c832/rsar/clean/seed_44/methods/SFUT/work/iter_266_ema.pth,2026-09-08T12:10:21+00:00,a39c83221c73e71d273b96ef95c65f6d8d1e84f9,.67:/mnt/shared/zechuan/iraod_artifacts/comparison/xaf_student_quant_20260908/formal_ports_runs_a39c832/rsar/clean/seed_44/methods/SFUT/terminal_status,.67:/mnt/shared/zechuan/iraod_artifacts/comparison/xaf_student_quant_20260908/formal_ports_runs_a39c832/rsar/clean/seed_44/methods/SFUT/execution.json,2026-09-12T01:56:06.367289+00:00,
RSAR,clean,SFYOLO,42,extended_2epoch,complete,True,False,67,/mnt/shared/zechuan/iraod_artifacts/comparison/xaf_student_quant_20260908/sfyolo_runs_84a1aeb/rsar/clean/seed_42/methods/SFYOLO/work/iter_531.pth,/mnt/shared/zechuan/iraod_artifacts/comparison/xaf_student_quant_20260908/sfyolo_runs_84a1aeb/rsar/clean/seed_42/methods/SFYOLO/work/iter_531_ema.pth,2026-09-11T22:22:36+00:00,84a1aebcdf9fa6f710acc5c031dc12d4c0d465be,.67:/mnt/shared/zechuan/iraod_artifacts/comparison/xaf_student_quant_20260908/sfyolo_runs_84a1aeb/rsar/clean/seed_42/methods/SFYOLO/terminal_status,.67:/mnt/shared/zechuan/iraod_artifacts/comparison/xaf_student_quant_20260908/sfyolo_runs_84a1aeb/rsar/clean/seed_42/methods/SFYOLO/execution.json,2026-09-12T01:56:09.638374+00:00,
RSAR,clean,SFYOLO,43,extended_2epoch,complete,True,False,67,/mnt/shared/zechuan/iraod_artifacts/comparison/xaf_student_quant_20260908/sfyolo_runs_84a1aeb/rsar/clean/seed_43/methods/SFYOLO/work/iter_531.pth,/mnt/shared/zechuan/iraod_artifacts/comparison/xaf_student_quant_20260908/sfyolo_runs_84a1aeb/rsar/clean/seed_43/methods/SFYOLO/work/iter_531_ema.pth,2026-09-11T22:40:06+00:00,84a1aebcdf9fa6f710acc5c031dc12d4c0d465be,.67:/mnt/shared/zechuan/iraod_artifacts/comparison/xaf_student_quant_20260908/sfyolo_runs_84a1aeb/rsar/clean/seed_43/methods/SFYOLO/terminal_status,.67:/mnt/shared/zechuan/iraod_artifacts/comparison/xaf_student_quant_20260908/sfyolo_runs_84a1aeb/rsar/clean/seed_43/methods/SFYOLO/execution.json,2026-09-12T01:56:09.646459+00:00,
RSAR,clean,SFYOLO,44,extended_2epoch,complete,True,False,67,/mnt/shared/zechuan/iraod_artifacts/comparison/xaf_student_quant_20260908/sfyolo_runs_84a1aeb/rsar/clean/seed_44/methods/SFYOLO/work/iter_531.pth,/mnt/shared/zechuan/iraod_artifacts/comparison/xaf_student_quant_20260908/sfyolo_runs_84a1aeb/rsar/clean/seed_44/methods/SFYOLO/work/iter_531_ema.pth,2026-09-11T23:32:29+00:00,84a1aebcdf9fa6f710acc5c031dc12d4c0d465be,.67:/mnt/shared/zechuan/iraod_artifacts/comparison/xaf_student_quant_20260908/sfyolo_runs_84a1aeb/rsar/clean/seed_44/methods/SFYOLO/terminal_status,.67:/mnt/shared/zechuan/iraod_artifacts/comparison/xaf_student_quant_20260908/sfyolo_runs_84a1aeb/rsar/clean/seed_44/methods/SFYOLO/execution.json,2026-09-12T01:56:09.654297+00:00,
RSAR,gaussian_white_noise,AASFOD,42,common_1epoch,complete,True,False,221,/home/zechuan/iraod_artifacts/comparison/xaf_student_quant_20260908/aasfod_runs_36c2053/rsar/gaussian_white_noise/seed_42/methods/AASFOD/work/iter_266.pth,/home/zechuan/iraod_artifacts/comparison/xaf_student_quant_20260908/aasfod_runs_36c2053/rsar/gaussian_white_noise/seed_42/methods/AASFOD/work/iter_266_ema.pth,2026-09-11T17:49:40.135412+00:00,cbd0f75ab147fea6728f61d6fd696325cc195296,.221:/home/zechuan/iraod_artifacts/comparison/xaf_student_quant_20260908/aasfod_runs_36c2053/rsar/gaussian_white_noise/seed_42/methods/AASFOD/terminal_status,.221:/home/zechuan/iraod_artifacts/comparison/xaf_student_quant_20260908/aasfod_runs_36c2053/rsar/gaussian_white_noise/seed_42/methods/AASFOD/execution.json,2026-09-12T01:56:12.845935+00:00,
RSAR,gaussian_white_noise,AASFOD,43,common_1epoch,complete,True,False,221,/home/zechuan/iraod_artifacts/comparison/xaf_student_quant_20260908/aasfod_runs_36c2053/rsar/gaussian_white_noise/seed_43/methods/AASFOD/work/iter_266.pth,/home/zechuan/iraod_artifacts/comparison/xaf_student_quant_20260908/aasfod_runs_36c2053/rsar/gaussian_white_noise/seed_43/methods/AASFOD/work/iter_266_ema.pth,2026-09-11T17:57:04.431928+00:00,cbd0f75ab147fea6728f61d6fd696325cc195296,.221:/home/zechuan/iraod_artifacts/comparison/xaf_student_quant_20260908/aasfod_runs_36c2053/rsar/gaussian_white_noise/seed_43/methods/AASFOD/terminal_status,.221:/home/zechuan/iraod_artifacts/comparison/xaf_student_quant_20260908/aasfod_runs_36c2053/rsar/gaussian_white_noise/seed_43/methods/AASFOD/execution.json,2026-09-12T01:56:12.916204+00:00,
RSAR,gaussian_white_noise,AASFOD,44,common_1epoch,complete,True,False,221,/home/zechuan/iraod_artifacts/comparison/xaf_student_quant_20260908/aasfod_runs_36c2053/rsar/gaussian_white_noise/seed_44/methods/AASFOD/work/iter_266.pth,/home/zechuan/iraod_artifacts/comparison/xaf_student_quant_20260908/aasfod_runs_36c2053/rsar/gaussian_white_noise/seed_44/methods/AASFOD/work/iter_266_ema.pth,2026-09-11T17:57:16.387372+00:00,cbd0f75ab147fea6728f61d6fd696325cc195296,.221:/home/zechuan/iraod_artifacts/comparison/xaf_student_quant_20260908/aasfod_runs_36c2053/rsar/gaussian_white_noise/seed_44/methods/AASFOD/terminal_status,.221:/home/zechuan/iraod_artifacts/comparison/xaf_student_quant_20260908/aasfod_runs_36c2053/rsar/gaussian_white_noise/seed_44/methods/AASFOD/execution.json,2026-09-12T01:56:12.882842+00:00,
RSAR,gaussian_white_noise,B,42,common_1epoch,complete,True,False,67,/mnt/shared/zechuan/iraod_artifacts/comparison/rsar/gaussian_white_noise/seed_42/0f98a48/methods/B/work/iter_266.pth,/mnt/shared/zechuan/iraod_artifacts/comparison/rsar/gaussian_white_noise/seed_42/0f98a48/methods/B/work/iter_266_ema.pth,2026-09-05T19:16:28+00:00,0f98a48b539f9260055fc305784ffbc924f50451,/mnt/shared/zechuan/iraod_artifacts/comparison/rsar/gaussian_white_noise/seed_42/0f98a48/methods/B/terminal_status,.67:/mnt/shared/zechuan/iraod_artifacts/comparison/final_delivery_20260908_4a6bc50/report/report.json,2026-09-12T01:55:58.701229+00:00,
RSAR,gaussian_white_noise,B,43,common_1epoch,complete,True,False,67,/mnt/shared/zechuan/iraod_artifacts/comparison/rsar/gaussian_white_noise/seed_43/0f98a48/methods/B/work/iter_266.pth,/mnt/shared/zechuan/iraod_artifacts/comparison/rsar/gaussian_white_noise/seed_43/0f98a48/methods/B/work/iter_266_ema.pth,2026-09-06T22:20:38+00:00,0f98a48b539f9260055fc305784ffbc924f50451,/mnt/shared/zechuan/iraod_artifacts/comparison/rsar/gaussian_white_noise/seed_43/0f98a48/methods/B/terminal_status,.67:/mnt/shared/zechuan/iraod_artifacts/comparison/final_delivery_20260908_4a6bc50/report/report.json,2026-09-12T01:55:59.021493+00:00,
RSAR,gaussian_white_noise,B,44,common_1epoch,complete,True,False,67,/mnt/shared/zechuan/iraod_artifacts/comparison/rsar/gaussian_white_noise/seed_44/0f98a48/methods/B/work/iter_266.pth,/mnt/shared/zechuan/iraod_artifacts/comparison/rsar/gaussian_white_noise/seed_44/0f98a48/methods/B/work/iter_266_ema.pth,2026-09-07T08:44:56+00:00,0f98a48b539f9260055fc305784ffbc924f50451,/mnt/shared/zechuan/iraod_artifacts/comparison/rsar/gaussian_white_noise/seed_44/0f98a48/methods/B/terminal_status,.67:/mnt/shared/zechuan/iraod_artifacts/comparison/final_delivery_20260908_4a6bc50/report/report.json,2026-09-12T01:55:59.261470+00:00,
RSAR,gaussian_white_noise,B_REG,42,common_1epoch,complete,True,False,67,/mnt/shared/zechuan/iraod_artifacts/comparison/xaf_student_quant_20260908/b_reg_runs_0e5f8f7/rsar/gaussian_white_noise/seed_42/methods/B_REG/work/iter_266.pth,/mnt/shared/zechuan/iraod_artifacts/comparison/xaf_student_quant_20260908/b_reg_runs_0e5f8f7/rsar/gaussian_white_noise/seed_42/methods/B_REG/work/iter_266_ema.pth,2026-09-11T20:38:26+00:00,0f98a48b539f9260055fc305784ffbc924f50451,.67:/mnt/shared/zechuan/iraod_artifacts/comparison/xaf_student_quant_20260908/b_reg_runs_0e5f8f7/rsar/gaussian_white_noise/seed_42/methods/B_REG/terminal_status,.67:/mnt/shared/zechuan/iraod_artifacts/comparison/xaf_student_quant_20260908/b_reg_runs_0e5f8f7/rsar/gaussian_white_noise/seed_42/methods/B_REG/execution.json,2026-09-12T01:56:09.544084+00:00,
RSAR,gaussian_white_noise,B_REG,43,common_1epoch,complete,True,False,67,/mnt/shared/zechuan/iraod_artifacts/comparison/xaf_student_quant_20260908/b_reg_runs_0e5f8f7/rsar/gaussian_white_noise/seed_43/methods/B_REG/work/iter_266.pth,/mnt/shared/zechuan/iraod_artifacts/comparison/xaf_student_quant_20260908/b_reg_runs_0e5f8f7/rsar/gaussian_white_noise/seed_43/methods/B_REG/work/iter_266_ema.pth,2026-09-11T20:45:20+00:00,0f98a48b539f9260055fc305784ffbc924f50451,.67:/mnt/shared/zechuan/iraod_artifacts/comparison/xaf_student_quant_20260908/b_reg_runs_0e5f8f7/rsar/gaussian_white_noise/seed_43/methods/B_REG/terminal_status,.67:/mnt/shared/zechuan/iraod_artifacts/comparison/xaf_student_quant_20260908/b_reg_runs_0e5f8f7/rsar/gaussian_white_noise/seed_43/methods/B_REG/execution.json,2026-09-12T01:56:09.552009+00:00,
RSAR,gaussian_white_noise,B_REG,44,common_1epoch,complete,True,False,67,/mnt/shared/zechuan/iraod_artifacts/comparison/xaf_student_quant_20260908/b_reg_runs_0e5f8f7/rsar/gaussian_white_noise/seed_44/methods/B_REG/work/iter_266.pth,/mnt/shared/zechuan/iraod_artifacts/comparison/xaf_student_quant_20260908/b_reg_runs_0e5f8f7/rsar/gaussian_white_noise/seed_44/methods/B_REG/work/iter_266_ema.pth,2026-09-11T20:45:45+00:00,0f98a48b539f9260055fc305784ffbc924f50451,.67:/mnt/shared/zechuan/iraod_artifacts/comparison/xaf_student_quant_20260908/b_reg_runs_0e5f8f7/rsar/gaussian_white_noise/seed_44/methods/B_REG/terminal_status,.67:/mnt/shared/zechuan/iraod_artifacts/comparison/xaf_student_quant_20260908/b_reg_runs_0e5f8f7/rsar/gaussian_white_noise/seed_44/methods/B_REG/execution.json,2026-09-12T01:56:09.559295+00:00,
RSAR,gaussian_white_noise,C,42,common_1epoch,complete,True,False,67,/mnt/shared/zechuan/iraod_artifacts/comparison/rsar/gaussian_white_noise/seed_42/0f98a48/methods/C/work/iter_266.pth,/mnt/shared/zechuan/iraod_artifacts/comparison/rsar/gaussian_white_noise/seed_42/0f98a48/methods/C/work/iter_266_ema.pth,2026-09-05T19:34:07+00:00,0f98a48b539f9260055fc305784ffbc924f50451,/mnt/shared/zechuan/iraod_artifacts/comparison/rsar/gaussian_white_noise/seed_42/0f98a48/methods/C/terminal_status,.67:/mnt/shared/zechuan/iraod_artifacts/comparison/final_delivery_20260908_4a6bc50/report/report.json,2026-09-12T01:55:58.765811+00:00,
RSAR,gaussian_white_noise,C,43,common_1epoch,complete,True,False,67,/mnt/shared/zechuan/iraod_artifacts/comparison/rsar/gaussian_white_noise/seed_43/0f98a48/methods/C/work/iter_266.pth,/mnt/shared/zechuan/iraod_artifacts/comparison/rsar/gaussian_white_noise/seed_43/0f98a48/methods/C/work/iter_266_ema.pth,2026-09-06T23:12:09+00:00,0f98a48b539f9260055fc305784ffbc924f50451,/mnt/shared/zechuan/iraod_artifacts/comparison/rsar/gaussian_white_noise/seed_43/0f98a48/methods/C/terminal_status,.67:/mnt/shared/zechuan/iraod_artifacts/comparison/final_delivery_20260908_4a6bc50/report/report.json,2026-09-12T01:55:59.067630+00:00,
RSAR,gaussian_white_noise,C,44,common_1epoch,complete,True,False,67,/mnt/shared/zechuan/iraod_artifacts/comparison/rsar/gaussian_white_noise/seed_44/0f98a48/methods/C/work/iter_266.pth,/mnt/shared/zechuan/iraod_artifacts/comparison/rsar/gaussian_white_noise/seed_44/0f98a48/methods/C/work/iter_266_ema.pth,2026-09-07T09:07:53+00:00,0f98a48b539f9260055fc305784ffbc924f50451,/mnt/shared/zechuan/iraod_artifacts/comparison/rsar/gaussian_white_noise/seed_44/0f98a48/methods/C/terminal_status,.67:/mnt/shared/zechuan/iraod_artifacts/comparison/final_delivery_20260908_4a6bc50/report/report.json,2026-09-12T01:55:59.310321+00:00,
RSAR,gaussian_white_noise,D,42,common_1epoch,complete,True,False,67,/mnt/shared/zechuan/iraod_artifacts/comparison/rsar/gaussian_white_noise/seed_42/0f98a48/methods/D/work/iter_266.pth,/mnt/shared/zechuan/iraod_artifacts/comparison/rsar/gaussian_white_noise/seed_42/0f98a48/methods/D/work/iter_266_ema.pth,2026-09-05T19:24:12+00:00,0f98a48b539f9260055fc305784ffbc924f50451,/mnt/shared/zechuan/iraod_artifacts/comparison/rsar/gaussian_white_noise/seed_42/0f98a48/methods/D/terminal_status,.67:/mnt/shared/zechuan/iraod_artifacts/comparison/final_delivery_20260908_4a6bc50/report/report.json,2026-09-12T01:55:58.826107+00:00,
RSAR,gaussian_white_noise,D,43,common_1epoch,complete,True,False,67,/mnt/shared/zechuan/iraod_artifacts/comparison/rsar/gaussian_white_noise/seed_43/0f98a48/methods/D/work/iter_266.pth,/mnt/shared/zechuan/iraod_artifacts/comparison/rsar/gaussian_white_noise/seed_43/0f98a48/methods/D/work/iter_266_ema.pth,2026-09-06T22:52:13+00:00,0f98a48b539f9260055fc305784ffbc924f50451,/mnt/shared/zechuan/iraod_artifacts/comparison/rsar/gaussian_white_noise/seed_43/0f98a48/methods/D/terminal_status,.67:/mnt/shared/zechuan/iraod_artifacts/comparison/final_delivery_20260908_4a6bc50/report/report.json,2026-09-12T01:55:59.114883+00:00,
RSAR,gaussian_white_noise,D,44,common_1epoch,complete,True,False,67,/mnt/shared/zechuan/iraod_artifacts/comparison/rsar/gaussian_white_noise/seed_44/0f98a48/methods/D/work/iter_266.pth,/mnt/shared/zechuan/iraod_artifacts/comparison/rsar/gaussian_white_noise/seed_44/0f98a48/methods/D/work/iter_266_ema.pth,2026-09-07T09:19:57+00:00,0f98a48b539f9260055fc305784ffbc924f50451,/mnt/shared/zechuan/iraod_artifacts/comparison/rsar/gaussian_white_noise/seed_44/0f98a48/methods/D/terminal_status,.67:/mnt/shared/zechuan/iraod_artifacts/comparison/final_delivery_20260908_4a6bc50/report/report.json,2026-09-12T01:55:59.357641+00:00,
RSAR,gaussian_white_noise,E,42,common_1epoch,complete,True,False,67,/mnt/shared/zechuan/iraod_artifacts/comparison/rsar/gaussian_white_noise/seed_42/0f98a48/methods/E/ddp2/work/iter_266.pth,/mnt/shared/zechuan/iraod_artifacts/comparison/rsar/gaussian_white_noise/seed_42/0f98a48/methods/E/ddp2/work/iter_266_ema.pth,2026-09-05T19:47:24+00:00,0f98a48b539f9260055fc305784ffbc924f50451,/mnt/shared/zechuan/iraod_artifacts/comparison/rsar/gaussian_white_noise/seed_42/0f98a48/methods/E/ddp2/terminal_status,.67:/mnt/shared/zechuan/iraod_artifacts/comparison/final_delivery_20260908_4a6bc50/report/report.json,2026-09-12T01:55:58.887460+00:00,
RSAR,gaussian_white_noise,E,43,common_1epoch,complete,True,False,67,/mnt/shared/zechuan/iraod_artifacts/comparison/rsar/gaussian_white_noise/seed_43/0f98a48/methods/E/ddp2/work/iter_266.pth,/mnt/shared/zechuan/iraod_artifacts/comparison/rsar/gaussian_white_noise/seed_43/0f98a48/methods/E/ddp2/work/iter_266_ema.pth,2026-09-07T18:44:30+00:00,0f98a48b539f9260055fc305784ffbc924f50451,/mnt/shared/zechuan/iraod_artifacts/comparison/rsar/gaussian_white_noise/seed_43/0f98a48/methods/E/ddp2/terminal_status,.67:/mnt/shared/zechuan/iraod_artifacts/comparison/final_delivery_20260908_4a6bc50/report/report.json,2026-09-12T01:55:59.162745+00:00,
RSAR,gaussian_white_noise,E,44,common_1epoch,complete,True,False,67,/mnt/shared/zechuan/iraod_artifacts/comparison/rsar/gaussian_white_noise/seed_44/0f98a48/methods/E/ddp2/work/iter_266.pth,/mnt/shared/zechuan/iraod_artifacts/comparison/rsar/gaussian_white_noise/seed_44/0f98a48/methods/E/ddp2/work/iter_266_ema.pth,2026-09-07T23:58:59+00:00,0f98a48b539f9260055fc305784ffbc924f50451,/mnt/shared/zechuan/iraod_artifacts/comparison/rsar/gaussian_white_noise/seed_44/0f98a48/methods/E/ddp2/terminal_status,.67:/mnt/shared/zechuan/iraod_artifacts/comparison/final_delivery_20260908_4a6bc50/report/report.json,2026-09-12T01:55:59.404988+00:00,
RSAR,gaussian_white_noise,F,42,common_1epoch,complete,True,False,67,/mnt/shared/zechuan/iraod_artifacts/comparison/rsar/gaussian_white_noise/seed_42/0f98a48/methods/F/ddp2/work/iter_266.pth,/mnt/shared/zechuan/iraod_artifacts/comparison/rsar/gaussian_white_noise/seed_42/0f98a48/methods/F/ddp2/work/iter_266_ema.pth,2026-09-05T19:48:25+00:00,0f98a48b539f9260055fc305784ffbc924f50451,/mnt/shared/zechuan/iraod_artifacts/comparison/rsar/gaussian_white_noise/seed_42/0f98a48/methods/F/ddp2/terminal_status,.67:/mnt/shared/zechuan/iraod_artifacts/comparison/final_delivery_20260908_4a6bc50/report/report.json,2026-09-12T01:55:58.952598+00:00,
RSAR,gaussian_white_noise,F,43,common_1epoch,complete,True,False,67,/mnt/shared/zechuan/iraod_artifacts/comparison/rsar/gaussian_white_noise/seed_43/0f98a48/methods/F/ddp2/work/iter_266.pth,/mnt/shared/zechuan/iraod_artifacts/comparison/rsar/gaussian_white_noise/seed_43/0f98a48/methods/F/ddp2/work/iter_266_ema.pth,2026-09-07T23:50:39+00:00,0f98a48b539f9260055fc305784ffbc924f50451,/mnt/shared/zechuan/iraod_artifacts/comparison/rsar/gaussian_white_noise/seed_43/0f98a48/methods/F/ddp2/terminal_status,.67:/mnt/shared/zechuan/iraod_artifacts/comparison/final_delivery_20260908_4a6bc50/report/report.json,2026-09-12T01:55:59.209790+00:00,
RSAR,gaussian_white_noise,F,44,common_1epoch,complete,True,False,67,/mnt/shared/zechuan/iraod_artifacts/comparison/rsar/gaussian_white_noise/seed_44/0f98a48/methods/F/ddp2/work/iter_266.pth,/mnt/shared/zechuan/iraod_artifacts/comparison/rsar/gaussian_white_noise/seed_44/0f98a48/methods/F/ddp2/work/iter_266_ema.pth,2026-09-08T00:08:13+00:00,0f98a48b539f9260055fc305784ffbc924f50451,/mnt/shared/zechuan/iraod_artifacts/comparison/rsar/gaussian_white_noise/seed_44/0f98a48/methods/F/ddp2/terminal_status,.67:/mnt/shared/zechuan/iraod_artifacts/comparison/final_delivery_20260908_4a6bc50/report/report.json,2026-09-12T01:55:59.452727+00:00,
RSAR,gaussian_white_noise,F_text_only,42,common_1epoch,complete,True,False,221,/home/zechuan/iraod_artifacts/comparison/xaf_student_quant_20260908/f_deletion_runs_daa3992/rsar/gaussian_white_noise/seed_42/methods/F_text_only/ddp2/work/iter_266.pth,/home/zechuan/iraod_artifacts/comparison/xaf_student_quant_20260908/f_deletion_runs_daa3992/rsar/gaussian_white_noise/seed_42/methods/F_text_only/ddp2/work/iter_266_ema.pth,2026-09-09T17:20:47.118476+00:00,0f98a48b539f9260055fc305784ffbc924f50451,.221:/home/zechuan/iraod_artifacts/comparison/xaf_student_quant_20260908/f_deletion_runs_daa3992/rsar/gaussian_white_noise/seed_42/methods/F_text_only/ddp2/terminal_status,.221:/home/zechuan/iraod_artifacts/comparison/xaf_student_quant_20260908/f_deletion_runs_daa3992/rsar/gaussian_white_noise/seed_42/methods/F_text_only/execution.json,2026-09-12T01:56:10.851143+00:00,
RSAR,gaussian_white_noise,F_text_only,43,common_1epoch,complete,True,False,221,/home/zechuan/iraod_artifacts/comparison/xaf_student_quant_20260908/f_deletion_runs_daa3992/rsar/gaussian_white_noise/seed_43/methods/F_text_only/ddp2/work/iter_266.pth,/home/zechuan/iraod_artifacts/comparison/xaf_student_quant_20260908/f_deletion_runs_daa3992/rsar/gaussian_white_noise/seed_43/methods/F_text_only/ddp2/work/iter_266_ema.pth,2026-09-09T17:32:21.448221+00:00,0f98a48b539f9260055fc305784ffbc924f50451,.221:/home/zechuan/iraod_artifacts/comparison/xaf_student_quant_20260908/f_deletion_runs_daa3992/rsar/gaussian_white_noise/seed_43/methods/F_text_only/ddp2/terminal_status,.221:/home/zechuan/iraod_artifacts/comparison/xaf_student_quant_20260908/f_deletion_runs_daa3992/rsar/gaussian_white_noise/seed_43/methods/F_text_only/execution.json,2026-09-12T01:56:10.909565+00:00,
RSAR,gaussian_white_noise,F_text_only,44,common_1epoch,complete,True,False,67,/mnt/shared/zechuan/iraod_artifacts/comparison/xaf_student_quant_20260908/f_deletion_runs_daa3992/rsar/gaussian_white_noise/seed_44/methods/F_text_only/ddp2/work/iter_266.pth,/mnt/shared/zechuan/iraod_artifacts/comparison/xaf_student_quant_20260908/f_deletion_runs_daa3992/rsar/gaussian_white_noise/seed_44/methods/F_text_only/ddp2/work/iter_266_ema.pth,2026-09-11T19:57:43+00:00,0f98a48b539f9260055fc305784ffbc924f50451,.67:/mnt/shared/zechuan/iraod_artifacts/comparison/xaf_student_quant_20260908/f_deletion_runs_daa3992/rsar/gaussian_white_noise/seed_44/methods/F_text_only/ddp2/terminal_status,.67:/mnt/shared/zechuan/iraod_artifacts/comparison/xaf_student_quant_20260908/f_deletion_runs_daa3992/rsar/gaussian_white_noise/seed_44/methods/F_text_only/execution.json,2026-09-12T01:56:09.434816+00:00,
RSAR,gaussian_white_noise,F_veto_only,42,common_1epoch,complete,True,False,67,/mnt/shared/zechuan/iraod_artifacts/comparison/xaf_student_quant_20260908/f_deletion_runs_daa3992/rsar/gaussian_white_noise/seed_42/methods/F_veto_only/ddp2/work/iter_266.pth,/mnt/shared/zechuan/iraod_artifacts/comparison/xaf_student_quant_20260908/f_deletion_runs_daa3992/rsar/gaussian_white_noise/seed_42/methods/F_veto_only/ddp2/work/iter_266_ema.pth,2026-09-11T19:55:10+00:00,0f98a48b539f9260055fc305784ffbc924f50451,.67:/mnt/shared/zechuan/iraod_artifacts/comparison/xaf_student_quant_20260908/f_deletion_runs_daa3992/rsar/gaussian_white_noise/seed_42/methods/F_veto_only/ddp2/terminal_status,.67:/mnt/shared/zechuan/iraod_artifacts/comparison/xaf_student_quant_20260908/f_deletion_runs_daa3992/rsar/gaussian_white_noise/seed_42/methods/F_veto_only/execution.json,2026-09-12T01:56:09.427817+00:00,
RSAR,gaussian_white_noise,F_veto_only,43,common_1epoch,complete,True,False,221,/home/zechuan/iraod_artifacts/comparison/xaf_student_quant_20260908/f_deletion_runs_daa3992/rsar/gaussian_white_noise/seed_43/methods/F_veto_only/ddp2/work/iter_266.pth,/home/zechuan/iraod_artifacts/comparison/xaf_student_quant_20260908/f_deletion_runs_daa3992/rsar/gaussian_white_noise/seed_43/methods/F_veto_only/ddp2/work/iter_266_ema.pth,2026-09-09T17:35:07.333229+00:00,0f98a48b539f9260055fc305784ffbc924f50451,.221:/home/zechuan/iraod_artifacts/comparison/xaf_student_quant_20260908/f_deletion_runs_daa3992/rsar/gaussian_white_noise/seed_43/methods/F_veto_only/ddp2/terminal_status,.221:/home/zechuan/iraod_artifacts/comparison/xaf_student_quant_20260908/f_deletion_runs_daa3992/rsar/gaussian_white_noise/seed_43/methods/F_veto_only/execution.json,2026-09-12T01:56:10.976843+00:00,
RSAR,gaussian_white_noise,F_veto_only,44,common_1epoch,complete,True,False,221,/home/zechuan/iraod_artifacts/comparison/xaf_student_quant_20260908/f_deletion_runs_daa3992/rsar/gaussian_white_noise/seed_44/methods/F_veto_only/ddp2/work/iter_266.pth,/home/zechuan/iraod_artifacts/comparison/xaf_student_quant_20260908/f_deletion_runs_daa3992/rsar/gaussian_white_noise/seed_44/methods/F_veto_only/ddp2/work/iter_266_ema.pth,2026-09-09T17:47:10.833678+00:00,0f98a48b539f9260055fc305784ffbc924f50451,.221:/home/zechuan/iraod_artifacts/comparison/xaf_student_quant_20260908/f_deletion_runs_daa3992/rsar/gaussian_white_noise/seed_44/methods/F_veto_only/ddp2/terminal_status,.221:/home/zechuan/iraod_artifacts/comparison/xaf_student_quant_20260908/f_deletion_runs_daa3992/rsar/gaussian_white_noise/seed_44/methods/F_veto_only/execution.json,2026-09-12T01:56:11.073505+00:00,
RSAR,gaussian_white_noise,IRG,42,common_1epoch,complete,True,False,67,/mnt/shared/zechuan/iraod_artifacts/comparison/xaf_student_quant_20260908/formal_ports_runs_a39c832/rsar/gaussian_white_noise/seed_42/methods/IRG/work/iter_266.pth,/mnt/shared/zechuan/iraod_artifacts/comparison/xaf_student_quant_20260908/formal_ports_runs_a39c832/rsar/gaussian_white_noise/seed_42/methods/IRG/work/iter_266_ema.pth,2026-09-08T12:11:51+00:00,a39c83221c73e71d273b96ef95c65f6d8d1e84f9,.67:/mnt/shared/zechuan/iraod_artifacts/comparison/xaf_student_quant_20260908/formal_ports_runs_a39c832/rsar/gaussian_white_noise/seed_42/methods/IRG/terminal_status,.67:/mnt/shared/zechuan/iraod_artifacts/comparison/xaf_student_quant_20260908/formal_ports_runs_a39c832/rsar/gaussian_white_noise/seed_42/methods/IRG/execution.json,2026-09-12T01:56:07.139960+00:00,
RSAR,gaussian_white_noise,IRG,43,common_1epoch,complete,True,False,67,/mnt/shared/zechuan/iraod_artifacts/comparison/xaf_student_quant_20260908/formal_ports_runs_a39c832/rsar/gaussian_white_noise/seed_43/methods/IRG/work/iter_266.pth,/mnt/shared/zechuan/iraod_artifacts/comparison/xaf_student_quant_20260908/formal_ports_runs_a39c832/rsar/gaussian_white_noise/seed_43/methods/IRG/work/iter_266_ema.pth,2026-09-08T12:19:22+00:00,a39c83221c73e71d273b96ef95c65f6d8d1e84f9,.67:/mnt/shared/zechuan/iraod_artifacts/comparison/xaf_student_quant_20260908/formal_ports_runs_a39c832/rsar/gaussian_white_noise/seed_43/methods/IRG/terminal_status,.67:/mnt/shared/zechuan/iraod_artifacts/comparison/xaf_student_quant_20260908/formal_ports_runs_a39c832/rsar/gaussian_white_noise/seed_43/methods/IRG/execution.json,2026-09-12T01:56:07.222435+00:00,
RSAR,gaussian_white_noise,IRG,44,common_1epoch,complete,True,False,67,/mnt/shared/zechuan/iraod_artifacts/comparison/xaf_student_quant_20260908/formal_ports_runs_a39c832/rsar/gaussian_white_noise/seed_44/methods/IRG/work/iter_266.pth,/mnt/shared/zechuan/iraod_artifacts/comparison/xaf_student_quant_20260908/formal_ports_runs_a39c832/rsar/gaussian_white_noise/seed_44/methods/IRG/work/iter_266_ema.pth,2026-09-08T12:24:22+00:00,a39c83221c73e71d273b96ef95c65f6d8d1e84f9,.67:/mnt/shared/zechuan/iraod_artifacts/comparison/xaf_student_quant_20260908/formal_ports_runs_a39c832/rsar/gaussian_white_noise/seed_44/methods/IRG/terminal_status,.67:/mnt/shared/zechuan/iraod_artifacts/comparison/xaf_student_quant_20260908/formal_ports_runs_a39c832/rsar/gaussian_white_noise/seed_44/methods/IRG/execution.json,2026-09-12T01:56:07.305640+00:00,
RSAR,gaussian_white_noise,LPLD,42,common_1epoch,complete,True,False,67,/mnt/shared/zechuan/iraod_artifacts/comparison/xaf_student_quant_20260908/formal_ports_runs_a39c832/rsar/gaussian_white_noise/seed_42/methods/LPLD/work/iter_266.pth,/mnt/shared/zechuan/iraod_artifacts/comparison/xaf_student_quant_20260908/formal_ports_runs_a39c832/rsar/gaussian_white_noise/seed_42/methods/LPLD/work/iter_266_ema.pth,2026-09-08T12:12:12+00:00,a39c83221c73e71d273b96ef95c65f6d8d1e84f9,.67:/mnt/shared/zechuan/iraod_artifacts/comparison/xaf_student_quant_20260908/formal_ports_runs_a39c832/rsar/gaussian_white_noise/seed_42/methods/LPLD/terminal_status,.67:/mnt/shared/zechuan/iraod_artifacts/comparison/xaf_student_quant_20260908/formal_ports_runs_a39c832/rsar/gaussian_white_noise/seed_42/methods/LPLD/execution.json,2026-09-12T01:56:07.167262+00:00,
RSAR,gaussian_white_noise,LPLD,43,common_1epoch,complete,True,False,67,/mnt/shared/zechuan/iraod_artifacts/comparison/xaf_student_quant_20260908/formal_ports_runs_a39c832/rsar/gaussian_white_noise/seed_43/methods/LPLD/work/iter_266.pth,/mnt/shared/zechuan/iraod_artifacts/comparison/xaf_student_quant_20260908/formal_ports_runs_a39c832/rsar/gaussian_white_noise/seed_43/methods/LPLD/work/iter_266_ema.pth,2026-09-08T12:20:11+00:00,a39c83221c73e71d273b96ef95c65f6d8d1e84f9,.67:/mnt/shared/zechuan/iraod_artifacts/comparison/xaf_student_quant_20260908/formal_ports_runs_a39c832/rsar/gaussian_white_noise/seed_43/methods/LPLD/terminal_status,.67:/mnt/shared/zechuan/iraod_artifacts/comparison/xaf_student_quant_20260908/formal_ports_runs_a39c832/rsar/gaussian_white_noise/seed_43/methods/LPLD/execution.json,2026-09-12T01:56:07.249232+00:00,
RSAR,gaussian_white_noise,LPLD,44,common_1epoch,complete,True,False,67,/mnt/shared/zechuan/iraod_artifacts/comparison/xaf_student_quant_20260908/formal_ports_runs_a39c832/rsar/gaussian_white_noise/seed_44/methods/LPLD/work/iter_266.pth,/mnt/shared/zechuan/iraod_artifacts/comparison/xaf_student_quant_20260908/formal_ports_runs_a39c832/rsar/gaussian_white_noise/seed_44/methods/LPLD/work/iter_266_ema.pth,2026-09-08T12:27:55+00:00,a39c83221c73e71d273b96ef95c65f6d8d1e84f9,.67:/mnt/shared/zechuan/iraod_artifacts/comparison/xaf_student_quant_20260908/formal_ports_runs_a39c832/rsar/gaussian_white_noise/seed_44/methods/LPLD/terminal_status,.67:/mnt/shared/zechuan/iraod_artifacts/comparison/xaf_student_quant_20260908/formal_ports_runs_a39c832/rsar/gaussian_white_noise/seed_44/methods/LPLD/execution.json,2026-09-12T01:56:07.333014+00:00,
RSAR,gaussian_white_noise,LoRA-CGA,42,supervised_lora_oracle,not_complete_at_cutoff,False,False,,,,,,,,,No terminal-success plus frozen final Student/EMA pair before cutoff.
RSAR,gaussian_white_noise,LoRA-CGA,43,supervised_lora_oracle,not_complete_at_cutoff,False,False,,,,,,,,,No terminal-success plus frozen final Student/EMA pair before cutoff.
RSAR,gaussian_white_noise,LoRA-CGA,44,supervised_lora_oracle,not_complete_at_cutoff,False,False,,,,,,,,,No terminal-success plus frozen final Student/EMA pair before cutoff.
RSAR,gaussian_white_noise,LoRA-CGA+VLST,42,supervised_lora_oracle,not_complete_at_cutoff,False,False,,,,,,,,,No terminal-success plus frozen final Student/EMA pair before cutoff.
RSAR,gaussian_white_noise,LoRA-CGA+VLST,43,supervised_lora_oracle,not_complete_at_cutoff,False,False,,,,,,,,,No terminal-success plus frozen final Student/EMA pair before cutoff.
RSAR,gaussian_white_noise,LoRA-CGA+VLST,44,supervised_lora_oracle,not_complete_at_cutoff,False,False,,,,,,,,,No terminal-success plus frozen final Student/EMA pair before cutoff.
RSAR,gaussian_white_noise,SFUT,42,common_1epoch,complete,True,False,67,/mnt/shared/zechuan/iraod_artifacts/comparison/xaf_student_quant_20260908/formal_ports_runs_a39c832/rsar/gaussian_white_noise/seed_42/methods/SFUT/work/iter_266.pth,/mnt/shared/zechuan/iraod_artifacts/comparison/xaf_student_quant_20260908/formal_ports_runs_a39c832/rsar/gaussian_white_noise/seed_42/methods/SFUT/work/iter_266_ema.pth,2026-09-08T12:15:23+00:00,a39c83221c73e71d273b96ef95c65f6d8d1e84f9,.67:/mnt/shared/zechuan/iraod_artifacts/comparison/xaf_student_quant_20260908/formal_ports_runs_a39c832/rsar/gaussian_white_noise/seed_42/methods/SFUT/terminal_status,.67:/mnt/shared/zechuan/iraod_artifacts/comparison/xaf_student_quant_20260908/formal_ports_runs_a39c832/rsar/gaussian_white_noise/seed_42/methods/SFUT/execution.json,2026-09-12T01:56:07.194268+00:00,
RSAR,gaussian_white_noise,SFUT,43,common_1epoch,complete,True,False,67,/mnt/shared/zechuan/iraod_artifacts/comparison/xaf_student_quant_20260908/formal_ports_runs_a39c832/rsar/gaussian_white_noise/seed_43/methods/SFUT/work/iter_266.pth,/mnt/shared/zechuan/iraod_artifacts/comparison/xaf_student_quant_20260908/formal_ports_runs_a39c832/rsar/gaussian_white_noise/seed_43/methods/SFUT/work/iter_266_ema.pth,2026-09-08T12:20:45+00:00,a39c83221c73e71d273b96ef95c65f6d8d1e84f9,.67:/mnt/shared/zechuan/iraod_artifacts/comparison/xaf_student_quant_20260908/formal_ports_runs_a39c832/rsar/gaussian_white_noise/seed_43/methods/SFUT/terminal_status,.67:/mnt/shared/zechuan/iraod_artifacts/comparison/xaf_student_quant_20260908/formal_ports_runs_a39c832/rsar/gaussian_white_noise/seed_43/methods/SFUT/execution.json,2026-09-12T01:56:07.277235+00:00,
RSAR,gaussian_white_noise,SFUT,44,common_1epoch,complete,True,False,67,/mnt/shared/zechuan/iraod_artifacts/comparison/xaf_student_quant_20260908/formal_ports_runs_a39c832/rsar/gaussian_white_noise/seed_44/methods/SFUT/work/iter_266.pth,/mnt/shared/zechuan/iraod_artifacts/comparison/xaf_student_quant_20260908/formal_ports_runs_a39c832/rsar/gaussian_white_noise/seed_44/methods/SFUT/work/iter_266_ema.pth,2026-09-08T12:28:53+00:00,a39c83221c73e71d273b96ef95c65f6d8d1e84f9,.67:/mnt/shared/zechuan/iraod_artifacts/comparison/xaf_student_quant_20260908/formal_ports_runs_a39c832/rsar/gaussian_white_noise/seed_44/methods/SFUT/terminal_status,.67:/mnt/shared/zechuan/iraod_artifacts/comparison/xaf_student_quant_20260908/formal_ports_runs_a39c832/rsar/gaussian_white_noise/seed_44/methods/SFUT/execution.json,2026-09-12T01:56:07.357825+00:00,
RSAR,gaussian_white_noise,SFYOLO,42,extended_2epoch,complete,True,False,67,/mnt/shared/zechuan/iraod_artifacts/comparison/xaf_student_quant_20260908/sfyolo_runs_84a1aeb/rsar/gaussian_white_noise/seed_42/methods/SFYOLO/work/iter_531.pth,/mnt/shared/zechuan/iraod_artifacts/comparison/xaf_student_quant_20260908/sfyolo_runs_84a1aeb/rsar/gaussian_white_noise/seed_42/methods/SFYOLO/work/iter_531_ema.pth,2026-09-11T23:50:23+00:00,d668a7719833ea59c6320380b6bc4f80a59b5399,.67:/mnt/shared/zechuan/iraod_artifacts/comparison/xaf_student_quant_20260908/sfyolo_runs_84a1aeb/rsar/gaussian_white_noise/seed_42/methods/SFYOLO/terminal_status,.67:/mnt/shared/zechuan/iraod_artifacts/comparison/xaf_student_quant_20260908/sfyolo_runs_84a1aeb/rsar/gaussian_white_noise/seed_42/methods/SFYOLO/execution.json,2026-09-12T01:56:09.692733+00:00,
RSAR,gaussian_white_noise,SFYOLO,43,extended_2epoch,complete,True,False,67,/mnt/shared/zechuan/iraod_artifacts/comparison/xaf_student_quant_20260908/sfyolo_runs_84a1aeb/rsar/gaussian_white_noise/seed_43/methods/SFYOLO/work/iter_531.pth,/mnt/shared/zechuan/iraod_artifacts/comparison/xaf_student_quant_20260908/sfyolo_runs_84a1aeb/rsar/gaussian_white_noise/seed_43/methods/SFYOLO/work/iter_531_ema.pth,2026-09-12T00:09:20+00:00,d668a7719833ea59c6320380b6bc4f80a59b5399,.67:/mnt/shared/zechuan/iraod_artifacts/comparison/xaf_student_quant_20260908/sfyolo_runs_84a1aeb/rsar/gaussian_white_noise/seed_43/methods/SFYOLO/terminal_status,.67:/mnt/shared/zechuan/iraod_artifacts/comparison/xaf_student_quant_20260908/sfyolo_runs_84a1aeb/rsar/gaussian_white_noise/seed_43/methods/SFYOLO/execution.json,2026-09-12T01:56:09.706750+00:00,
RSAR,gaussian_white_noise,SFYOLO,44,extended_2epoch,complete,True,False,67,/mnt/shared/zechuan/iraod_artifacts/comparison/xaf_student_quant_20260908/sfyolo_runs_84a1aeb/rsar/gaussian_white_noise/seed_44/methods/SFYOLO/work/iter_531.pth,/mnt/shared/zechuan/iraod_artifacts/comparison/xaf_student_quant_20260908/sfyolo_runs_84a1aeb/rsar/gaussian_white_noise/seed_44/methods/SFYOLO/work/iter_531_ema.pth,2026-09-12T00:25:06+00:00,d668a7719833ea59c6320380b6bc4f80a59b5399,.67:/mnt/shared/zechuan/iraod_artifacts/comparison/xaf_student_quant_20260908/sfyolo_runs_84a1aeb/rsar/gaussian_white_noise/seed_44/methods/SFYOLO/terminal_status,.67:/mnt/shared/zechuan/iraod_artifacts/comparison/xaf_student_quant_20260908/sfyolo_runs_84a1aeb/rsar/gaussian_white_noise/seed_44/methods/SFYOLO/execution.json,2026-09-12T01:56:09.715102+00:00,
RSAR,noise_suppression,AASFOD,42,common_1epoch,complete,True,False,221,/home/zechuan/iraod_artifacts/comparison/xaf_student_quant_20260908/aasfod_runs_36c2053/rsar/noise_suppression/seed_42/methods/AASFOD/work/iter_266.pth,/home/zechuan/iraod_artifacts/comparison/xaf_student_quant_20260908/aasfod_runs_36c2053/rsar/noise_suppression/seed_42/methods/AASFOD/work/iter_266_ema.pth,2026-09-11T18:52:42.063841+00:00,cbd0f75ab147fea6728f61d6fd696325cc195296,.221:/home/zechuan/iraod_artifacts/comparison/xaf_student_quant_20260908/aasfod_runs_36c2053/rsar/noise_suppression/seed_42/methods/AASFOD/terminal_status,.221:/home/zechuan/iraod_artifacts/comparison/xaf_student_quant_20260908/aasfod_runs_36c2053/rsar/noise_suppression/seed_42/methods/AASFOD/execution.json,2026-09-12T01:56:13.066840+00:00,
RSAR,noise_suppression,AASFOD,43,common_1epoch,complete,True,False,221,/home/zechuan/iraod_artifacts/comparison/xaf_student_quant_20260908/aasfod_runs_36c2053/rsar/noise_suppression/seed_43/methods/AASFOD/work/iter_266.pth,/home/zechuan/iraod_artifacts/comparison/xaf_student_quant_20260908/aasfod_runs_36c2053/rsar/noise_suppression/seed_43/methods/AASFOD/work/iter_266_ema.pth,2026-09-11T19:25:26.933344+00:00,cbd0f75ab147fea6728f61d6fd696325cc195296,.221:/home/zechuan/iraod_artifacts/comparison/xaf_student_quant_20260908/aasfod_runs_36c2053/rsar/noise_suppression/seed_43/methods/AASFOD/terminal_status,.221:/home/zechuan/iraod_artifacts/comparison/xaf_student_quant_20260908/aasfod_runs_36c2053/rsar/noise_suppression/seed_43/methods/AASFOD/execution.json,2026-09-12T01:56:13.124366+00:00,
RSAR,noise_suppression,AASFOD,44,common_1epoch,complete,True,False,221,/home/zechuan/iraod_artifacts/comparison/xaf_student_quant_20260908/aasfod_runs_36c2053/rsar/noise_suppression/seed_44/methods/AASFOD/work/iter_266.pth,/home/zechuan/iraod_artifacts/comparison/xaf_student_quant_20260908/aasfod_runs_36c2053/rsar/noise_suppression/seed_44/methods/AASFOD/work/iter_266_ema.pth,2026-09-11T19:25:29.514438+00:00,cbd0f75ab147fea6728f61d6fd696325cc195296,.221:/home/zechuan/iraod_artifacts/comparison/xaf_student_quant_20260908/aasfod_runs_36c2053/rsar/noise_suppression/seed_44/methods/AASFOD/terminal_status,.221:/home/zechuan/iraod_artifacts/comparison/xaf_student_quant_20260908/aasfod_runs_36c2053/rsar/noise_suppression/seed_44/methods/AASFOD/execution.json,2026-09-12T01:56:13.201052+00:00,
RSAR,noise_suppression,B,42,common_1epoch,complete,True,False,67,/mnt/shared/zechuan/iraod_artifacts/comparison/rsar/noise_suppression/seed_42/0f98a48/methods/B/work/iter_266.pth,/mnt/shared/zechuan/iraod_artifacts/comparison/rsar/noise_suppression/seed_42/0f98a48/methods/B/work/iter_266_ema.pth,2026-09-05T17:48:57+00:00,0f98a48b539f9260055fc305784ffbc924f50451,/mnt/shared/zechuan/iraod_artifacts/comparison/rsar/noise_suppression/seed_42/0f98a48/methods/B/terminal_status,.67:/mnt/shared/zechuan/iraod_artifacts/comparison/final_delivery_20260908_4a6bc50/report/report.json,2026-09-12T01:55:56.984306+00:00,
RSAR,noise_suppression,B,43,common_1epoch,complete,True,False,67,/mnt/shared/zechuan/iraod_artifacts/comparison/rsar/noise_suppression/seed_43/0f98a48/methods/B/work/iter_266.pth,/mnt/shared/zechuan/iraod_artifacts/comparison/rsar/noise_suppression/seed_43/0f98a48/methods/B/work/iter_266_ema.pth,2026-09-06T21:37:11+00:00,0f98a48b539f9260055fc305784ffbc924f50451,/mnt/shared/zechuan/iraod_artifacts/comparison/rsar/noise_suppression/seed_43/0f98a48/methods/B/terminal_status,.67:/mnt/shared/zechuan/iraod_artifacts/comparison/final_delivery_20260908_4a6bc50/report/report.json,2026-09-12T01:55:57.292168+00:00,
RSAR,noise_suppression,B,44,common_1epoch,complete,True,False,67,/mnt/shared/zechuan/iraod_artifacts/comparison/rsar/noise_suppression/seed_44/0f98a48/methods/B/work/iter_266.pth,/mnt/shared/zechuan/iraod_artifacts/comparison/rsar/noise_suppression/seed_44/0f98a48/methods/B/work/iter_266_ema.pth,2026-09-07T07:05:24+00:00,0f98a48b539f9260055fc305784ffbc924f50451,/mnt/shared/zechuan/iraod_artifacts/comparison/rsar/noise_suppression/seed_44/0f98a48/methods/B/terminal_status,.67:/mnt/shared/zechuan/iraod_artifacts/comparison/final_delivery_20260908_4a6bc50/report/report.json,2026-09-12T01:55:57.538974+00:00,
RSAR,noise_suppression,B_REG,42,common_1epoch,complete,True,False,67,/mnt/shared/zechuan/iraod_artifacts/comparison/xaf_student_quant_20260908/b_reg_runs_0e5f8f7/rsar/noise_suppression/seed_42/methods/B_REG/work/iter_266.pth,/mnt/shared/zechuan/iraod_artifacts/comparison/xaf_student_quant_20260908/b_reg_runs_0e5f8f7/rsar/noise_suppression/seed_42/methods/B_REG/work/iter_266_ema.pth,2026-09-11T20:46:19+00:00,0f98a48b539f9260055fc305784ffbc924f50451,.67:/mnt/shared/zechuan/iraod_artifacts/comparison/xaf_student_quant_20260908/b_reg_runs_0e5f8f7/rsar/noise_suppression/seed_42/methods/B_REG/terminal_status,.67:/mnt/shared/zechuan/iraod_artifacts/comparison/xaf_student_quant_20260908/b_reg_runs_0e5f8f7/rsar/noise_suppression/seed_42/methods/B_REG/execution.json,2026-09-12T01:56:09.566783+00:00,
RSAR,noise_suppression,B_REG,43,common_1epoch,complete,True,False,67,/mnt/shared/zechuan/iraod_artifacts/comparison/xaf_student_quant_20260908/b_reg_runs_0e5f8f7/rsar/noise_suppression/seed_43/methods/B_REG/work/iter_266.pth,/mnt/shared/zechuan/iraod_artifacts/comparison/xaf_student_quant_20260908/b_reg_runs_0e5f8f7/rsar/noise_suppression/seed_43/methods/B_REG/work/iter_266_ema.pth,2026-09-11T20:46:28+00:00,0f98a48b539f9260055fc305784ffbc924f50451,.67:/mnt/shared/zechuan/iraod_artifacts/comparison/xaf_student_quant_20260908/b_reg_runs_0e5f8f7/rsar/noise_suppression/seed_43/methods/B_REG/terminal_status,.67:/mnt/shared/zechuan/iraod_artifacts/comparison/xaf_student_quant_20260908/b_reg_runs_0e5f8f7/rsar/noise_suppression/seed_43/methods/B_REG/execution.json,2026-09-12T01:56:09.573511+00:00,
RSAR,noise_suppression,B_REG,44,common_1epoch,complete,True,False,67,/mnt/shared/zechuan/iraod_artifacts/comparison/xaf_student_quant_20260908/b_reg_runs_0e5f8f7/rsar/noise_suppression/seed_44/methods/B_REG/work/iter_266.pth,/mnt/shared/zechuan/iraod_artifacts/comparison/xaf_student_quant_20260908/b_reg_runs_0e5f8f7/rsar/noise_suppression/seed_44/methods/B_REG/work/iter_266_ema.pth,2026-09-11T20:52:58+00:00,0f98a48b539f9260055fc305784ffbc924f50451,.67:/mnt/shared/zechuan/iraod_artifacts/comparison/xaf_student_quant_20260908/b_reg_runs_0e5f8f7/rsar/noise_suppression/seed_44/methods/B_REG/terminal_status,.67:/mnt/shared/zechuan/iraod_artifacts/comparison/xaf_student_quant_20260908/b_reg_runs_0e5f8f7/rsar/noise_suppression/seed_44/methods/B_REG/execution.json,2026-09-12T01:56:09.580580+00:00,
RSAR,noise_suppression,C,42,common_1epoch,complete,True,False,67,/mnt/shared/zechuan/iraod_artifacts/comparison/rsar/noise_suppression/seed_42/0f98a48/methods/C/work/iter_266.pth,/mnt/shared/zechuan/iraod_artifacts/comparison/rsar/noise_suppression/seed_42/0f98a48/methods/C/work/iter_266_ema.pth,2026-09-05T18:00:54+00:00,0f98a48b539f9260055fc305784ffbc924f50451,/mnt/shared/zechuan/iraod_artifacts/comparison/rsar/noise_suppression/seed_42/0f98a48/methods/C/terminal_status,.67:/mnt/shared/zechuan/iraod_artifacts/comparison/final_delivery_20260908_4a6bc50/report/report.json,2026-09-12T01:55:57.043525+00:00,
RSAR,noise_suppression,C,43,common_1epoch,complete,True,False,67,/mnt/shared/zechuan/iraod_artifacts/comparison/rsar/noise_suppression/seed_43/0f98a48/methods/C/work/iter_266.pth,/mnt/shared/zechuan/iraod_artifacts/comparison/rsar/noise_suppression/seed_43/0f98a48/methods/C/work/iter_266_ema.pth,2026-09-06T21:59:35+00:00,0f98a48b539f9260055fc305784ffbc924f50451,/mnt/shared/zechuan/iraod_artifacts/comparison/rsar/noise_suppression/seed_43/0f98a48/methods/C/terminal_status,.67:/mnt/shared/zechuan/iraod_artifacts/comparison/final_delivery_20260908_4a6bc50/report/report.json,2026-09-12T01:55:57.343497+00:00,
RSAR,noise_suppression,C,44,common_1epoch,complete,True,False,67,/mnt/shared/zechuan/iraod_artifacts/comparison/rsar/noise_suppression/seed_44/0f98a48/methods/C/work/iter_266.pth,/mnt/shared/zechuan/iraod_artifacts/comparison/rsar/noise_suppression/seed_44/0f98a48/methods/C/work/iter_266_ema.pth,2026-09-07T07:22:25+00:00,0f98a48b539f9260055fc305784ffbc924f50451,/mnt/shared/zechuan/iraod_artifacts/comparison/rsar/noise_suppression/seed_44/0f98a48/methods/C/terminal_status,.67:/mnt/shared/zechuan/iraod_artifacts/comparison/final_delivery_20260908_4a6bc50/report/report.json,2026-09-12T01:55:57.591330+00:00,
RSAR,noise_suppression,D,42,common_1epoch,complete,True,False,67,/mnt/shared/zechuan/iraod_artifacts/comparison/rsar/noise_suppression/seed_42/0f98a48/methods/D/work/iter_266.pth,/mnt/shared/zechuan/iraod_artifacts/comparison/rsar/noise_suppression/seed_42/0f98a48/methods/D/work/iter_266_ema.pth,2026-09-05T17:53:10+00:00,0f98a48b539f9260055fc305784ffbc924f50451,/mnt/shared/zechuan/iraod_artifacts/comparison/rsar/noise_suppression/seed_42/0f98a48/methods/D/terminal_status,.67:/mnt/shared/zechuan/iraod_artifacts/comparison/final_delivery_20260908_4a6bc50/report/report.json,2026-09-12T01:55:57.104381+00:00,
RSAR,noise_suppression,D,43,common_1epoch,complete,True,False,67,/mnt/shared/zechuan/iraod_artifacts/comparison/rsar/noise_suppression/seed_43/0f98a48/methods/D/work/iter_266.pth,/mnt/shared/zechuan/iraod_artifacts/comparison/rsar/noise_suppression/seed_43/0f98a48/methods/D/work/iter_266_ema.pth,2026-09-06T21:53:43+00:00,0f98a48b539f9260055fc305784ffbc924f50451,/mnt/shared/zechuan/iraod_artifacts/comparison/rsar/noise_suppression/seed_43/0f98a48/methods/D/terminal_status,.67:/mnt/shared/zechuan/iraod_artifacts/comparison/final_delivery_20260908_4a6bc50/report/report.json,2026-09-12T01:55:57.388267+00:00,
RSAR,noise_suppression,D,44,common_1epoch,complete,True,False,67,/mnt/shared/zechuan/iraod_artifacts/comparison/rsar/noise_suppression/seed_44/0f98a48/methods/D/work/iter_266.pth,/mnt/shared/zechuan/iraod_artifacts/comparison/rsar/noise_suppression/seed_44/0f98a48/methods/D/work/iter_266_ema.pth,2026-09-07T07:11:21+00:00,0f98a48b539f9260055fc305784ffbc924f50451,/mnt/shared/zechuan/iraod_artifacts/comparison/rsar/noise_suppression/seed_44/0f98a48/methods/D/terminal_status,.67:/mnt/shared/zechuan/iraod_artifacts/comparison/final_delivery_20260908_4a6bc50/report/report.json,2026-09-12T01:55:57.637746+00:00,
RSAR,noise_suppression,E,42,common_1epoch,complete,True,False,67,/mnt/shared/zechuan/iraod_artifacts/comparison/rsar/noise_suppression/seed_42/0f98a48/methods/E/ddp2/work/iter_266.pth,/mnt/shared/zechuan/iraod_artifacts/comparison/rsar/noise_suppression/seed_42/0f98a48/methods/E/ddp2/work/iter_266_ema.pth,2026-09-05T18:14:03+00:00,0f98a48b539f9260055fc305784ffbc924f50451,/mnt/shared/zechuan/iraod_artifacts/comparison/rsar/noise_suppression/seed_42/0f98a48/methods/E/ddp2/terminal_status,.67:/mnt/shared/zechuan/iraod_artifacts/comparison/final_delivery_20260908_4a6bc50/report/report.json,2026-09-12T01:55:57.164675+00:00,
RSAR,noise_suppression,E,43,common_1epoch,complete,True,False,67,/mnt/shared/zechuan/iraod_artifacts/comparison/rsar/noise_suppression/seed_43/0f98a48/methods/E/ddp2/work/iter_266.pth,/mnt/shared/zechuan/iraod_artifacts/comparison/rsar/noise_suppression/seed_43/0f98a48/methods/E/ddp2/work/iter_266_ema.pth,2026-09-07T18:02:55+00:00,0f98a48b539f9260055fc305784ffbc924f50451,/mnt/shared/zechuan/iraod_artifacts/comparison/rsar/noise_suppression/seed_43/0f98a48/methods/E/ddp2/terminal_status,.67:/mnt/shared/zechuan/iraod_artifacts/comparison/final_delivery_20260908_4a6bc50/report/report.json,2026-09-12T01:55:57.431963+00:00,
RSAR,noise_suppression,E,44,common_1epoch,complete,True,False,67,/mnt/shared/zechuan/iraod_artifacts/comparison/rsar/noise_suppression/seed_44/0f98a48/methods/E/ddp2/work/iter_266.pth,/mnt/shared/zechuan/iraod_artifacts/comparison/rsar/noise_suppression/seed_44/0f98a48/methods/E/ddp2/work/iter_266_ema.pth,2026-09-08T00:16:11+00:00,0f98a48b539f9260055fc305784ffbc924f50451,/mnt/shared/zechuan/iraod_artifacts/comparison/rsar/noise_suppression/seed_44/0f98a48/methods/E/ddp2/terminal_status,.67:/mnt/shared/zechuan/iraod_artifacts/comparison/final_delivery_20260908_4a6bc50/report/report.json,2026-09-12T01:55:57.683978+00:00,
RSAR,noise_suppression,F,42,common_1epoch,complete,True,False,67,/mnt/shared/zechuan/iraod_artifacts/comparison/rsar/noise_suppression/seed_42/0f98a48/methods/F/ddp2/work/iter_266.pth,/mnt/shared/zechuan/iraod_artifacts/comparison/rsar/noise_suppression/seed_42/0f98a48/methods/F/ddp2/work/iter_266_ema.pth,2026-09-05T18:14:48+00:00,0f98a48b539f9260055fc305784ffbc924f50451,/mnt/shared/zechuan/iraod_artifacts/comparison/rsar/noise_suppression/seed_42/0f98a48/methods/F/ddp2/terminal_status,.67:/mnt/shared/zechuan/iraod_artifacts/comparison/final_delivery_20260908_4a6bc50/report/report.json,2026-09-12T01:55:57.230841+00:00,
RSAR,noise_suppression,F,43,common_1epoch,complete,True,False,67,/mnt/shared/zechuan/iraod_artifacts/comparison/rsar/noise_suppression/seed_43/0f98a48/methods/F/ddp2/work/iter_266.pth,/mnt/shared/zechuan/iraod_artifacts/comparison/rsar/noise_suppression/seed_43/0f98a48/methods/F/ddp2/work/iter_266_ema.pth,2026-09-07T18:13:26+00:00,0f98a48b539f9260055fc305784ffbc924f50451,/mnt/shared/zechuan/iraod_artifacts/comparison/rsar/noise_suppression/seed_43/0f98a48/methods/F/ddp2/terminal_status,.67:/mnt/shared/zechuan/iraod_artifacts/comparison/final_delivery_20260908_4a6bc50/report/report.json,2026-09-12T01:55:57.477247+00:00,
RSAR,noise_suppression,F,44,common_1epoch,complete,True,False,67,/mnt/shared/zechuan/iraod_artifacts/comparison/rsar/noise_suppression/seed_44/0f98a48/methods/F/ddp2/work/iter_266.pth,/mnt/shared/zechuan/iraod_artifacts/comparison/rsar/noise_suppression/seed_44/0f98a48/methods/F/ddp2/work/iter_266_ema.pth,2026-09-08T00:25:02+00:00,0f98a48b539f9260055fc305784ffbc924f50451,/mnt/shared/zechuan/iraod_artifacts/comparison/rsar/noise_suppression/seed_44/0f98a48/methods/F/ddp2/terminal_status,.67:/mnt/shared/zechuan/iraod_artifacts/comparison/final_delivery_20260908_4a6bc50/report/report.json,2026-09-12T01:55:57.729239+00:00,
RSAR,noise_suppression,F_text_only,42,common_1epoch,complete,True,False,67,/mnt/shared/zechuan/iraod_artifacts/comparison/xaf_student_quant_20260908/f_deletion_runs_daa3992/rsar/noise_suppression/seed_42/methods/F_text_only/ddp2/work/iter_266.pth,/mnt/shared/zechuan/iraod_artifacts/comparison/xaf_student_quant_20260908/f_deletion_runs_daa3992/rsar/noise_suppression/seed_42/methods/F_text_only/ddp2/work/iter_266_ema.pth,2026-09-11T20:03:46+00:00,0f98a48b539f9260055fc305784ffbc924f50451,.67:/mnt/shared/zechuan/iraod_artifacts/comparison/xaf_student_quant_20260908/f_deletion_runs_daa3992/rsar/noise_suppression/seed_42/methods/F_text_only/ddp2/terminal_status,.67:/mnt/shared/zechuan/iraod_artifacts/comparison/xaf_student_quant_20260908/f_deletion_runs_daa3992/rsar/noise_suppression/seed_42/methods/F_text_only/execution.json,2026-09-12T01:56:09.442200+00:00,
RSAR,noise_suppression,F_text_only,43,common_1epoch,complete,True,False,221,/home/zechuan/iraod_artifacts/comparison/xaf_student_quant_20260908/f_deletion_runs_daa3992/rsar/noise_suppression/seed_43/methods/F_text_only/ddp2/work/iter_266.pth,/home/zechuan/iraod_artifacts/comparison/xaf_student_quant_20260908/f_deletion_runs_daa3992/rsar/noise_suppression/seed_43/methods/F_text_only/ddp2/work/iter_266_ema.pth,2026-09-09T17:58:24.458557+00:00,0f98a48b539f9260055fc305784ffbc924f50451,.221:/home/zechuan/iraod_artifacts/comparison/xaf_student_quant_20260908/f_deletion_runs_daa3992/rsar/noise_suppression/seed_43/methods/F_text_only/ddp2/terminal_status,.221:/home/zechuan/iraod_artifacts/comparison/xaf_student_quant_20260908/f_deletion_runs_daa3992/rsar/noise_suppression/seed_43/methods/F_text_only/execution.json,2026-09-12T01:56:11.266955+00:00,
RSAR,noise_suppression,F_text_only,44,common_1epoch,complete,True,False,221,/home/zechuan/iraod_artifacts/comparison/xaf_student_quant_20260908/f_deletion_runs_daa3992/rsar/noise_suppression/seed_44/methods/F_text_only/ddp2/work/iter_266.pth,/home/zechuan/iraod_artifacts/comparison/xaf_student_quant_20260908/f_deletion_runs_daa3992/rsar/noise_suppression/seed_44/methods/F_text_only/ddp2/work/iter_266_ema.pth,2026-09-09T18:09:37.795299+00:00,0f98a48b539f9260055fc305784ffbc924f50451,.221:/home/zechuan/iraod_artifacts/comparison/xaf_student_quant_20260908/f_deletion_runs_daa3992/rsar/noise_suppression/seed_44/methods/F_text_only/ddp2/terminal_status,.221:/home/zechuan/iraod_artifacts/comparison/xaf_student_quant_20260908/f_deletion_runs_daa3992/rsar/noise_suppression/seed_44/methods/F_text_only/execution.json,2026-09-12T01:56:11.429277+00:00,
RSAR,noise_suppression,F_veto_only,42,common_1epoch,complete,True,False,221,/home/zechuan/iraod_artifacts/comparison/xaf_student_quant_20260908/f_deletion_runs_daa3992/rsar/noise_suppression/seed_42/methods/F_veto_only/ddp2/work/iter_266.pth,/home/zechuan/iraod_artifacts/comparison/xaf_student_quant_20260908/f_deletion_runs_daa3992/rsar/noise_suppression/seed_42/methods/F_veto_only/ddp2/work/iter_266_ema.pth,2026-09-09T17:55:02.039102+00:00,0f98a48b539f9260055fc305784ffbc924f50451,.221:/home/zechuan/iraod_artifacts/comparison/xaf_student_quant_20260908/f_deletion_runs_daa3992/rsar/noise_suppression/seed_42/methods/F_veto_only/ddp2/terminal_status,.221:/home/zechuan/iraod_artifacts/comparison/xaf_student_quant_20260908/f_deletion_runs_daa3992/rsar/noise_suppression/seed_42/methods/F_veto_only/execution.json,2026-09-12T01:56:11.162819+00:00,
RSAR,noise_suppression,F_veto_only,43,common_1epoch,complete,True,False,221,/home/zechuan/iraod_artifacts/comparison/xaf_student_quant_20260908/f_deletion_runs_daa3992/rsar/noise_suppression/seed_43/methods/F_veto_only/ddp2/work/iter_266.pth,/home/zechuan/iraod_artifacts/comparison/xaf_student_quant_20260908/f_deletion_runs_daa3992/rsar/noise_suppression/seed_43/methods/F_veto_only/ddp2/work/iter_266_ema.pth,2026-09-09T18:06:30.252413+00:00,0f98a48b539f9260055fc305784ffbc924f50451,.221:/home/zechuan/iraod_artifacts/comparison/xaf_student_quant_20260908/f_deletion_runs_daa3992/rsar/noise_suppression/seed_43/methods/F_veto_only/ddp2/terminal_status,.221:/home/zechuan/iraod_artifacts/comparison/xaf_student_quant_20260908/f_deletion_runs_daa3992/rsar/noise_suppression/seed_43/methods/F_veto_only/execution.json,2026-09-12T01:56:11.353581+00:00,
RSAR,noise_suppression,F_veto_only,44,common_1epoch,complete,True,False,221,/home/zechuan/iraod_artifacts/comparison/xaf_student_quant_20260908/f_deletion_runs_daa3992/rsar/noise_suppression/seed_44/methods/F_veto_only/ddp2/work/iter_266.pth,/home/zechuan/iraod_artifacts/comparison/xaf_student_quant_20260908/f_deletion_runs_daa3992/rsar/noise_suppression/seed_44/methods/F_veto_only/ddp2/work/iter_266_ema.pth,2026-09-09T18:18:03.649862+00:00,0f98a48b539f9260055fc305784ffbc924f50451,.221:/home/zechuan/iraod_artifacts/comparison/xaf_student_quant_20260908/f_deletion_runs_daa3992/rsar/noise_suppression/seed_44/methods/F_veto_only/ddp2/terminal_status,.221:/home/zechuan/iraod_artifacts/comparison/xaf_student_quant_20260908/f_deletion_runs_daa3992/rsar/noise_suppression/seed_44/methods/F_veto_only/execution.json,2026-09-12T01:56:11.499409+00:00,
RSAR,noise_suppression,IRG,42,common_1epoch,complete,True,False,67,/mnt/shared/zechuan/iraod_artifacts/comparison/xaf_student_quant_20260908/formal_ports_runs_a39c832/rsar/noise_suppression/seed_42/methods/IRG/work/iter_266.pth,/mnt/shared/zechuan/iraod_artifacts/comparison/xaf_student_quant_20260908/formal_ports_runs_a39c832/rsar/noise_suppression/seed_42/methods/IRG/work/iter_266_ema.pth,2026-09-08T12:29:37+00:00,a39c83221c73e71d273b96ef95c65f6d8d1e84f9,.67:/mnt/shared/zechuan/iraod_artifacts/comparison/xaf_student_quant_20260908/formal_ports_runs_a39c832/rsar/noise_suppression/seed_42/methods/IRG/terminal_status,.67:/mnt/shared/zechuan/iraod_artifacts/comparison/xaf_student_quant_20260908/formal_ports_runs_a39c832/rsar/noise_suppression/seed_42/methods/IRG/execution.json,2026-09-12T01:56:07.384577+00:00,
RSAR,noise_suppression,IRG,43,common_1epoch,complete,True,False,67,/mnt/shared/zechuan/iraod_artifacts/comparison/xaf_student_quant_20260908/formal_ports_runs_a39c832/rsar/noise_suppression/seed_43/methods/IRG/work/iter_266.pth,/mnt/shared/zechuan/iraod_artifacts/comparison/xaf_student_quant_20260908/formal_ports_runs_a39c832/rsar/noise_suppression/seed_43/methods/IRG/work/iter_266_ema.pth,2026-09-08T12:37:45+00:00,a39c83221c73e71d273b96ef95c65f6d8d1e84f9,.67:/mnt/shared/zechuan/iraod_artifacts/comparison/xaf_student_quant_20260908/formal_ports_runs_a39c832/rsar/noise_suppression/seed_43/methods/IRG/terminal_status,.67:/mnt/shared/zechuan/iraod_artifacts/comparison/xaf_student_quant_20260908/formal_ports_runs_a39c832/rsar/noise_suppression/seed_43/methods/IRG/execution.json,2026-09-12T01:56:07.461549+00:00,
RSAR,noise_suppression,IRG,44,common_1epoch,complete_nan_model,True,True,67,/mnt/shared/zechuan/iraod_artifacts/comparison/xaf_student_quant_20260908/formal_ports_runs_a39c832/rsar/noise_suppression/seed_44/methods/IRG/work/iter_266.pth,/mnt/shared/zechuan/iraod_artifacts/comparison/xaf_student_quant_20260908/formal_ports_runs_a39c832/rsar/noise_suppression/seed_44/methods/IRG/work/iter_266_ema.pth,2026-09-08T12:45:01+00:00,a39c83221c73e71d273b96ef95c65f6d8d1e84f9,.67:/mnt/shared/zechuan/iraod_artifacts/comparison/xaf_student_quant_20260908/formal_ports_runs_a39c832/rsar/noise_suppression/seed_44/methods/IRG/terminal_status,.67:/mnt/shared/zechuan/iraod_artifacts/comparison/xaf_student_quant_20260908/formal_ports_runs_a39c832/rsar/noise_suppression/seed_44/methods/IRG/execution.json,2026-09-12T01:56:07.541970+00:00,
RSAR,noise_suppression,LPLD,42,common_1epoch,complete,True,False,67,/mnt/shared/zechuan/iraod_artifacts/comparison/xaf_student_quant_20260908/formal_ports_runs_a39c832/rsar/noise_suppression/seed_42/methods/LPLD/work/iter_266.pth,/mnt/shared/zechuan/iraod_artifacts/comparison/xaf_student_quant_20260908/formal_ports_runs_a39c832/rsar/noise_suppression/seed_42/methods/LPLD/work/iter_266_ema.pth,2026-09-08T12:32:29+00:00,a39c83221c73e71d273b96ef95c65f6d8d1e84f9,.67:/mnt/shared/zechuan/iraod_artifacts/comparison/xaf_student_quant_20260908/formal_ports_runs_a39c832/rsar/noise_suppression/seed_42/methods/LPLD/terminal_status,.67:/mnt/shared/zechuan/iraod_artifacts/comparison/xaf_student_quant_20260908/formal_ports_runs_a39c832/rsar/noise_suppression/seed_42/methods/LPLD/execution.json,2026-09-12T01:56:07.410012+00:00,
RSAR,noise_suppression,LPLD,43,common_1epoch,complete,True,False,67,/mnt/shared/zechuan/iraod_artifacts/comparison/xaf_student_quant_20260908/formal_ports_runs_a39c832/rsar/noise_suppression/seed_43/methods/LPLD/work/iter_266.pth,/mnt/shared/zechuan/iraod_artifacts/comparison/xaf_student_quant_20260908/formal_ports_runs_a39c832/rsar/noise_suppression/seed_43/methods/LPLD/work/iter_266_ema.pth,2026-09-08T12:37:43+00:00,a39c83221c73e71d273b96ef95c65f6d8d1e84f9,.67:/mnt/shared/zechuan/iraod_artifacts/comparison/xaf_student_quant_20260908/formal_ports_runs_a39c832/rsar/noise_suppression/seed_43/methods/LPLD/terminal_status,.67:/mnt/shared/zechuan/iraod_artifacts/comparison/xaf_student_quant_20260908/formal_ports_runs_a39c832/rsar/noise_suppression/seed_43/methods/LPLD/execution.json,2026-09-12T01:56:07.487406+00:00,
RSAR,noise_suppression,LPLD,44,common_1epoch,complete_nan_model,True,True,67,/mnt/shared/zechuan/iraod_artifacts/comparison/xaf_student_quant_20260908/formal_ports_runs_a39c832/rsar/noise_suppression/seed_44/methods/LPLD/work/iter_266.pth,/mnt/shared/zechuan/iraod_artifacts/comparison/xaf_student_quant_20260908/formal_ports_runs_a39c832/rsar/noise_suppression/seed_44/methods/LPLD/work/iter_266_ema.pth,2026-09-08T12:46:06+00:00,a39c83221c73e71d273b96ef95c65f6d8d1e84f9,.67:/mnt/shared/zechuan/iraod_artifacts/comparison/xaf_student_quant_20260908/formal_ports_runs_a39c832/rsar/noise_suppression/seed_44/methods/LPLD/terminal_status,.67:/mnt/shared/zechuan/iraod_artifacts/comparison/xaf_student_quant_20260908/formal_ports_runs_a39c832/rsar/noise_suppression/seed_44/methods/LPLD/execution.json,2026-09-12T01:56:07.569194+00:00,
RSAR,noise_suppression,LoRA-CGA,42,supervised_lora_oracle,not_complete_at_cutoff,False,False,,,,,,,,,No terminal-success plus frozen final Student/EMA pair before cutoff.
RSAR,noise_suppression,LoRA-CGA,43,supervised_lora_oracle,not_complete_at_cutoff,False,False,,,,,,,,,No terminal-success plus frozen final Student/EMA pair before cutoff.
RSAR,noise_suppression,LoRA-CGA,44,supervised_lora_oracle,not_complete_at_cutoff,False,False,,,,,,,,,No terminal-success plus frozen final Student/EMA pair before cutoff.
RSAR,noise_suppression,LoRA-CGA+VLST,42,supervised_lora_oracle,not_complete_at_cutoff,False,False,,,,,,,,,No terminal-success plus frozen final Student/EMA pair before cutoff.
RSAR,noise_suppression,LoRA-CGA+VLST,43,supervised_lora_oracle,not_complete_at_cutoff,False,False,,,,,,,,,No terminal-success plus frozen final Student/EMA pair before cutoff.
RSAR,noise_suppression,LoRA-CGA+VLST,44,supervised_lora_oracle,not_complete_at_cutoff,False,False,,,,,,,,,No terminal-success plus frozen final Student/EMA pair before cutoff.
RSAR,noise_suppression,SFUT,42,common_1epoch,complete,True,False,67,/mnt/shared/zechuan/iraod_artifacts/comparison/xaf_student_quant_20260908/formal_ports_runs_a39c832/rsar/noise_suppression/seed_42/methods/SFUT/work/iter_266.pth,/mnt/shared/zechuan/iraod_artifacts/comparison/xaf_student_quant_20260908/formal_ports_runs_a39c832/rsar/noise_suppression/seed_42/methods/SFUT/work/iter_266_ema.pth,2026-09-08T12:36:10+00:00,a39c83221c73e71d273b96ef95c65f6d8d1e84f9,.67:/mnt/shared/zechuan/iraod_artifacts/comparison/xaf_student_quant_20260908/formal_ports_runs_a39c832/rsar/noise_suppression/seed_42/methods/SFUT/terminal_status,.67:/mnt/shared/zechuan/iraod_artifacts/comparison/xaf_student_quant_20260908/formal_ports_runs_a39c832/rsar/noise_suppression/seed_42/methods/SFUT/execution.json,2026-09-12T01:56:07.435595+00:00,
RSAR,noise_suppression,SFUT,43,common_1epoch,complete,True,False,67,/mnt/shared/zechuan/iraod_artifacts/comparison/xaf_student_quant_20260908/formal_ports_runs_a39c832/rsar/noise_suppression/seed_43/methods/SFUT/work/iter_266.pth,/mnt/shared/zechuan/iraod_artifacts/comparison/xaf_student_quant_20260908/formal_ports_runs_a39c832/rsar/noise_suppression/seed_43/methods/SFUT/work/iter_266_ema.pth,2026-09-08T12:41:08+00:00,a39c83221c73e71d273b96ef95c65f6d8d1e84f9,.67:/mnt/shared/zechuan/iraod_artifacts/comparison/xaf_student_quant_20260908/formal_ports_runs_a39c832/rsar/noise_suppression/seed_43/methods/SFUT/terminal_status,.67:/mnt/shared/zechuan/iraod_artifacts/comparison/xaf_student_quant_20260908/formal_ports_runs_a39c832/rsar/noise_suppression/seed_43/methods/SFUT/execution.json,2026-09-12T01:56:07.514451+00:00,
RSAR,noise_suppression,SFUT,44,common_1epoch,complete_nan_model,True,True,67,/mnt/shared/zechuan/iraod_artifacts/comparison/xaf_student_quant_20260908/formal_ports_runs_a39c832/rsar/noise_suppression/seed_44/methods/SFUT/work/iter_266.pth,/mnt/shared/zechuan/iraod_artifacts/comparison/xaf_student_quant_20260908/formal_ports_runs_a39c832/rsar/noise_suppression/seed_44/methods/SFUT/work/iter_266_ema.pth,2026-09-08T12:46:03+00:00,a39c83221c73e71d273b96ef95c65f6d8d1e84f9,.67:/mnt/shared/zechuan/iraod_artifacts/comparison/xaf_student_quant_20260908/formal_ports_runs_a39c832/rsar/noise_suppression/seed_44/methods/SFUT/terminal_status,.67:/mnt/shared/zechuan/iraod_artifacts/comparison/xaf_student_quant_20260908/formal_ports_runs_a39c832/rsar/noise_suppression/seed_44/methods/SFUT/execution.json,2026-09-12T01:56:07.596545+00:00,
RSAR,noise_suppression,SFYOLO,42,extended_2epoch,complete,True,False,67,/mnt/shared/zechuan/iraod_artifacts/comparison/xaf_student_quant_20260908/sfyolo_runs_84a1aeb/rsar/noise_suppression/seed_42/methods/SFYOLO/work/iter_531.pth,/mnt/shared/zechuan/iraod_artifacts/comparison/xaf_student_quant_20260908/sfyolo_runs_84a1aeb/rsar/noise_suppression/seed_42/methods/SFYOLO/work/iter_531_ema.pth,2026-09-11T23:50:54+00:00,d668a7719833ea59c6320380b6bc4f80a59b5399,.67:/mnt/shared/zechuan/iraod_artifacts/comparison/xaf_student_quant_20260908/sfyolo_runs_84a1aeb/rsar/noise_suppression/seed_42/methods/SFYOLO/terminal_status,.67:/mnt/shared/zechuan/iraod_artifacts/comparison/xaf_student_quant_20260908/sfyolo_runs_84a1aeb/rsar/noise_suppression/seed_42/methods/SFYOLO/execution.json,2026-09-12T01:56:09.750963+00:00,
RSAR,noise_suppression,SFYOLO,43,extended_2epoch,complete,True,False,67,/mnt/shared/zechuan/iraod_artifacts/comparison/xaf_student_quant_20260908/sfyolo_runs_84a1aeb/rsar/noise_suppression/seed_43/methods/SFYOLO/work/iter_531.pth,/mnt/shared/zechuan/iraod_artifacts/comparison/xaf_student_quant_20260908/sfyolo_runs_84a1aeb/rsar/noise_suppression/seed_43/methods/SFYOLO/work/iter_531_ema.pth,2026-09-12T00:27:00+00:00,d668a7719833ea59c6320380b6bc4f80a59b5399,.67:/mnt/shared/zechuan/iraod_artifacts/comparison/xaf_student_quant_20260908/sfyolo_runs_84a1aeb/rsar/noise_suppression/seed_43/methods/SFYOLO/terminal_status,.67:/mnt/shared/zechuan/iraod_artifacts/comparison/xaf_student_quant_20260908/sfyolo_runs_84a1aeb/rsar/noise_suppression/seed_43/methods/SFYOLO/execution.json,2026-09-12T01:56:09.758098+00:00,
RSAR,noise_suppression,SFYOLO,44,extended_2epoch,complete,True,False,67,/mnt/shared/zechuan/iraod_artifacts/comparison/xaf_student_quant_20260908/sfyolo_runs_84a1aeb/rsar/noise_suppression/seed_44/methods/SFYOLO/work/iter_531.pth,/mnt/shared/zechuan/iraod_artifacts/comparison/xaf_student_quant_20260908/sfyolo_runs_84a1aeb/rsar/noise_suppression/seed_44/methods/SFYOLO/work/iter_531_ema.pth,2026-09-12T00:28:21+00:00,d668a7719833ea59c6320380b6bc4f80a59b5399,.67:/mnt/shared/zechuan/iraod_artifacts/comparison/xaf_student_quant_20260908/sfyolo_runs_84a1aeb/rsar/noise_suppression/seed_44/methods/SFYOLO/terminal_status,.67:/mnt/shared/zechuan/iraod_artifacts/comparison/xaf_student_quant_20260908/sfyolo_runs_84a1aeb/rsar/noise_suppression/seed_44/methods/SFYOLO/execution.json,2026-09-12T01:56:09.765372+00:00,
RSAR,point_target,AASFOD,42,common_1epoch,complete,True,False,221,/home/zechuan/iraod_artifacts/comparison/xaf_student_quant_20260908/aasfod_runs_36c2053/rsar/point_target/seed_42/methods/AASFOD/work/iter_266.pth,/home/zechuan/iraod_artifacts/comparison/xaf_student_quant_20260908/aasfod_runs_36c2053/rsar/point_target/seed_42/methods/AASFOD/work/iter_266_ema.pth,2026-09-11T17:57:16.191365+00:00,cbd0f75ab147fea6728f61d6fd696325cc195296,.221:/home/zechuan/iraod_artifacts/comparison/xaf_student_quant_20260908/aasfod_runs_36c2053/rsar/point_target/seed_42/methods/AASFOD/terminal_status,.221:/home/zechuan/iraod_artifacts/comparison/xaf_student_quant_20260908/aasfod_runs_36c2053/rsar/point_target/seed_42/methods/AASFOD/execution.json,2026-09-12T01:56:12.945718+00:00,
RSAR,point_target,AASFOD,43,common_1epoch,complete,True,False,221,/home/zechuan/iraod_artifacts/comparison/xaf_student_quant_20260908/aasfod_runs_36c2053/rsar/point_target/seed_43/methods/AASFOD/work/iter_266.pth,/home/zechuan/iraod_artifacts/comparison/xaf_student_quant_20260908/aasfod_runs_36c2053/rsar/point_target/seed_43/methods/AASFOD/work/iter_266_ema.pth,2026-09-11T18:53:36.209665+00:00,cbd0f75ab147fea6728f61d6fd696325cc195296,.221:/home/zechuan/iraod_artifacts/comparison/xaf_student_quant_20260908/aasfod_runs_36c2053/rsar/point_target/seed_43/methods/AASFOD/terminal_status,.221:/home/zechuan/iraod_artifacts/comparison/xaf_student_quant_20260908/aasfod_runs_36c2053/rsar/point_target/seed_43/methods/AASFOD/execution.json,2026-09-12T01:56:13.021828+00:00,
RSAR,point_target,AASFOD,44,common_1epoch,complete,True,False,221,/home/zechuan/iraod_artifacts/comparison/xaf_student_quant_20260908/aasfod_runs_36c2053/rsar/point_target/seed_44/methods/AASFOD/work/iter_266.pth,/home/zechuan/iraod_artifacts/comparison/xaf_student_quant_20260908/aasfod_runs_36c2053/rsar/point_target/seed_44/methods/AASFOD/work/iter_266_ema.pth,2026-09-11T18:53:51.514181+00:00,cbd0f75ab147fea6728f61d6fd696325cc195296,.221:/home/zechuan/iraod_artifacts/comparison/xaf_student_quant_20260908/aasfod_runs_36c2053/rsar/point_target/seed_44/methods/AASFOD/terminal_status,.221:/home/zechuan/iraod_artifacts/comparison/xaf_student_quant_20260908/aasfod_runs_36c2053/rsar/point_target/seed_44/methods/AASFOD/execution.json,2026-09-12T01:56:12.983524+00:00,
RSAR,point_target,B,42,common_1epoch,complete,True,False,67,/mnt/shared/zechuan/iraod_artifacts/comparison/rsar/point_target/seed_42/0f98a48/methods/B/work/iter_266.pth,/mnt/shared/zechuan/iraod_artifacts/comparison/rsar/point_target/seed_42/0f98a48/methods/B/work/iter_266_ema.pth,2026-09-05T16:59:34+00:00,0f98a48b539f9260055fc305784ffbc924f50451,/mnt/shared/zechuan/iraod_artifacts/comparison/rsar/point_target/seed_42/0f98a48/methods/B/terminal_status,.67:/mnt/shared/zechuan/iraod_artifacts/comparison/final_delivery_20260908_4a6bc50/report/report.json,2026-09-12T01:55:56.131571+00:00,
RSAR,point_target,B,43,common_1epoch,complete,True,False,67,/mnt/shared/zechuan/iraod_artifacts/comparison/rsar/point_target/seed_43/0f98a48/methods/B/work/iter_266.pth,/mnt/shared/zechuan/iraod_artifacts/comparison/rsar/point_target/seed_43/0f98a48/methods/B/work/iter_266_ema.pth,2026-09-06T20:50:12+00:00,0f98a48b539f9260055fc305784ffbc924f50451,/mnt/shared/zechuan/iraod_artifacts/comparison/rsar/point_target/seed_43/0f98a48/methods/B/terminal_status,.67:/mnt/shared/zechuan/iraod_artifacts/comparison/final_delivery_20260908_4a6bc50/report/report.json,2026-09-12T01:55:56.472384+00:00,
RSAR,point_target,B,44,common_1epoch,complete,True,False,67,/mnt/shared/zechuan/iraod_artifacts/comparison/rsar/point_target/seed_44/0f98a48/methods/B/work/iter_266.pth,/mnt/shared/zechuan/iraod_artifacts/comparison/rsar/point_target/seed_44/0f98a48/methods/B/work/iter_266_ema.pth,2026-09-07T06:04:12+00:00,0f98a48b539f9260055fc305784ffbc924f50451,/mnt/shared/zechuan/iraod_artifacts/comparison/rsar/point_target/seed_44/0f98a48/methods/B/terminal_status,.67:/mnt/shared/zechuan/iraod_artifacts/comparison/final_delivery_20260908_4a6bc50/report/report.json,2026-09-12T01:55:56.714764+00:00,
RSAR,point_target,B_REG,42,common_1epoch,complete,True,False,67,/mnt/shared/zechuan/iraod_artifacts/comparison/xaf_student_quant_20260908/b_reg_runs_0e5f8f7/rsar/point_target/seed_42/methods/B_REG/work/iter_266.pth,/mnt/shared/zechuan/iraod_artifacts/comparison/xaf_student_quant_20260908/b_reg_runs_0e5f8f7/rsar/point_target/seed_42/methods/B_REG/work/iter_266_ema.pth,2026-09-11T20:53:39+00:00,0f98a48b539f9260055fc305784ffbc924f50451,.67:/mnt/shared/zechuan/iraod_artifacts/comparison/xaf_student_quant_20260908/b_reg_runs_0e5f8f7/rsar/point_target/seed_42/methods/B_REG/terminal_status,.67:/mnt/shared/zechuan/iraod_artifacts/comparison/xaf_student_quant_20260908/b_reg_runs_0e5f8f7/rsar/point_target/seed_42/methods/B_REG/execution.json,2026-09-12T01:56:09.588169+00:00,
RSAR,point_target,B_REG,43,common_1epoch,complete,True,False,67,/mnt/shared/zechuan/iraod_artifacts/comparison/xaf_student_quant_20260908/b_reg_runs_0e5f8f7/rsar/point_target/seed_43/methods/B_REG/work/iter_266.pth,/mnt/shared/zechuan/iraod_artifacts/comparison/xaf_student_quant_20260908/b_reg_runs_0e5f8f7/rsar/point_target/seed_43/methods/B_REG/work/iter_266_ema.pth,2026-09-11T20:54:15+00:00,0f98a48b539f9260055fc305784ffbc924f50451,.67:/mnt/shared/zechuan/iraod_artifacts/comparison/xaf_student_quant_20260908/b_reg_runs_0e5f8f7/rsar/point_target/seed_43/methods/B_REG/terminal_status,.67:/mnt/shared/zechuan/iraod_artifacts/comparison/xaf_student_quant_20260908/b_reg_runs_0e5f8f7/rsar/point_target/seed_43/methods/B_REG/execution.json,2026-09-12T01:56:09.595278+00:00,
RSAR,point_target,B_REG,44,common_1epoch,complete,True,False,67,/mnt/shared/zechuan/iraod_artifacts/comparison/xaf_student_quant_20260908/b_reg_runs_0e5f8f7/rsar/point_target/seed_44/methods/B_REG/work/iter_266.pth,/mnt/shared/zechuan/iraod_artifacts/comparison/xaf_student_quant_20260908/b_reg_runs_0e5f8f7/rsar/point_target/seed_44/methods/B_REG/work/iter_266_ema.pth,2026-09-11T20:54:28+00:00,0f98a48b539f9260055fc305784ffbc924f50451,.67:/mnt/shared/zechuan/iraod_artifacts/comparison/xaf_student_quant_20260908/b_reg_runs_0e5f8f7/rsar/point_target/seed_44/methods/B_REG/terminal_status,.67:/mnt/shared/zechuan/iraod_artifacts/comparison/xaf_student_quant_20260908/b_reg_runs_0e5f8f7/rsar/point_target/seed_44/methods/B_REG/execution.json,2026-09-12T01:56:09.602224+00:00,
RSAR,point_target,C,42,common_1epoch,complete,True,False,67,/mnt/shared/zechuan/iraod_artifacts/comparison/rsar/point_target/seed_42/0f98a48/methods/C/work/iter_266.pth,/mnt/shared/zechuan/iraod_artifacts/comparison/rsar/point_target/seed_42/0f98a48/methods/C/work/iter_266_ema.pth,2026-09-05T17:19:27+00:00,0f98a48b539f9260055fc305784ffbc924f50451,/mnt/shared/zechuan/iraod_artifacts/comparison/rsar/point_target/seed_42/0f98a48/methods/C/terminal_status,.67:/mnt/shared/zechuan/iraod_artifacts/comparison/final_delivery_20260908_4a6bc50/report/report.json,2026-09-12T01:55:56.194547+00:00,
RSAR,point_target,C,43,common_1epoch,complete,True,False,67,/mnt/shared/zechuan/iraod_artifacts/comparison/rsar/point_target/seed_43/0f98a48/methods/C/work/iter_266.pth,/mnt/shared/zechuan/iraod_artifacts/comparison/rsar/point_target/seed_43/0f98a48/methods/C/work/iter_266_ema.pth,2026-09-06T21:22:17+00:00,0f98a48b539f9260055fc305784ffbc924f50451,/mnt/shared/zechuan/iraod_artifacts/comparison/rsar/point_target/seed_43/0f98a48/methods/C/terminal_status,.67:/mnt/shared/zechuan/iraod_artifacts/comparison/final_delivery_20260908_4a6bc50/report/report.json,2026-09-12T01:55:56.527512+00:00,
RSAR,point_target,C,44,common_1epoch,complete,True,False,67,/mnt/shared/zechuan/iraod_artifacts/comparison/rsar/point_target/seed_44/0f98a48/methods/C/work/iter_266.pth,/mnt/shared/zechuan/iraod_artifacts/comparison/rsar/point_target/seed_44/0f98a48/methods/C/work/iter_266_ema.pth,2026-09-07T06:30:07+00:00,0f98a48b539f9260055fc305784ffbc924f50451,/mnt/shared/zechuan/iraod_artifacts/comparison/rsar/point_target/seed_44/0f98a48/methods/C/terminal_status,.67:/mnt/shared/zechuan/iraod_artifacts/comparison/final_delivery_20260908_4a6bc50/report/report.json,2026-09-12T01:55:56.761956+00:00,
RSAR,point_target,D,42,common_1epoch,complete,True,False,67,/mnt/shared/zechuan/iraod_artifacts/comparison/rsar/point_target/seed_42/0f98a48/methods/D/work/iter_266.pth,/mnt/shared/zechuan/iraod_artifacts/comparison/rsar/point_target/seed_42/0f98a48/methods/D/work/iter_266_ema.pth,2026-09-05T17:11:12+00:00,0f98a48b539f9260055fc305784ffbc924f50451,/mnt/shared/zechuan/iraod_artifacts/comparison/rsar/point_target/seed_42/0f98a48/methods/D/terminal_status,.67:/mnt/shared/zechuan/iraod_artifacts/comparison/final_delivery_20260908_4a6bc50/report/report.json,2026-09-12T01:55:56.255963+00:00,
RSAR,point_target,D,43,common_1epoch,complete,True,False,67,/mnt/shared/zechuan/iraod_artifacts/comparison/rsar/point_target/seed_43/0f98a48/methods/D/work/iter_266.pth,/mnt/shared/zechuan/iraod_artifacts/comparison/rsar/point_target/seed_43/0f98a48/methods/D/work/iter_266_ema.pth,2026-09-06T21:56:01+00:00,0f98a48b539f9260055fc305784ffbc924f50451,/mnt/shared/zechuan/iraod_artifacts/comparison/rsar/point_target/seed_43/0f98a48/methods/D/terminal_status,.67:/mnt/shared/zechuan/iraod_artifacts/comparison/final_delivery_20260908_4a6bc50/report/report.json,2026-09-12T01:55:56.573616+00:00,
RSAR,point_target,D,44,common_1epoch,complete,True,False,67,/mnt/shared/zechuan/iraod_artifacts/comparison/rsar/point_target/seed_44/0f98a48/methods/D/work/iter_266.pth,/mnt/shared/zechuan/iraod_artifacts/comparison/rsar/point_target/seed_44/0f98a48/methods/D/work/iter_266_ema.pth,2026-09-07T07:11:37+00:00,0f98a48b539f9260055fc305784ffbc924f50451,/mnt/shared/zechuan/iraod_artifacts/comparison/rsar/point_target/seed_44/0f98a48/methods/D/terminal_status,.67:/mnt/shared/zechuan/iraod_artifacts/comparison/final_delivery_20260908_4a6bc50/report/report.json,2026-09-12T01:55:56.813270+00:00,
RSAR,point_target,E,42,common_1epoch,complete,True,False,67,/mnt/shared/zechuan/iraod_artifacts/comparison/rsar/point_target/seed_42/0f98a48/methods/E/ddp2/work/iter_266.pth,/mnt/shared/zechuan/iraod_artifacts/comparison/rsar/point_target/seed_42/0f98a48/methods/E/ddp2/work/iter_266_ema.pth,2026-09-05T17:34:43+00:00,0f98a48b539f9260055fc305784ffbc924f50451,/mnt/shared/zechuan/iraod_artifacts/comparison/rsar/point_target/seed_42/0f98a48/methods/E/ddp2/terminal_status,.67:/mnt/shared/zechuan/iraod_artifacts/comparison/final_delivery_20260908_4a6bc50/report/report.json,2026-09-12T01:55:56.323105+00:00,
RSAR,point_target,E,43,common_1epoch,complete,True,False,67,/mnt/shared/zechuan/iraod_artifacts/comparison/rsar/point_target/seed_43/0f98a48/methods/E/ddp2/work/iter_266.pth,/mnt/shared/zechuan/iraod_artifacts/comparison/rsar/point_target/seed_43/0f98a48/methods/E/ddp2/work/iter_266_ema.pth,2026-09-07T17:42:23+00:00,0f98a48b539f9260055fc305784ffbc924f50451,/mnt/shared/zechuan/iraod_artifacts/comparison/rsar/point_target/seed_43/0f98a48/methods/E/ddp2/terminal_status,.67:/mnt/shared/zechuan/iraod_artifacts/comparison/final_delivery_20260908_4a6bc50/report/report.json,2026-09-12T01:55:56.618244+00:00,
RSAR,point_target,E,44,common_1epoch,complete,True,False,67,/mnt/shared/zechuan/iraod_artifacts/comparison/rsar/point_target/seed_44/0f98a48/methods/E/ddp2/work/iter_266.pth,/mnt/shared/zechuan/iraod_artifacts/comparison/rsar/point_target/seed_44/0f98a48/methods/E/ddp2/work/iter_266_ema.pth,2026-09-08T00:33:55+00:00,0f98a48b539f9260055fc305784ffbc924f50451,/mnt/shared/zechuan/iraod_artifacts/comparison/rsar/point_target/seed_44/0f98a48/methods/E/ddp2/terminal_status,.67:/mnt/shared/zechuan/iraod_artifacts/comparison/final_delivery_20260908_4a6bc50/report/report.json,2026-09-12T01:55:56.858561+00:00,
RSAR,point_target,F,42,common_1epoch,complete,True,False,67,/mnt/shared/zechuan/iraod_artifacts/comparison/rsar/point_target/seed_42/0f98a48/methods/F/ddp2/work/iter_266.pth,/mnt/shared/zechuan/iraod_artifacts/comparison/rsar/point_target/seed_42/0f98a48/methods/F/ddp2/work/iter_266_ema.pth,2026-09-05T17:35:57+00:00,0f98a48b539f9260055fc305784ffbc924f50451,/mnt/shared/zechuan/iraod_artifacts/comparison/rsar/point_target/seed_42/0f98a48/methods/F/ddp2/terminal_status,.67:/mnt/shared/zechuan/iraod_artifacts/comparison/final_delivery_20260908_4a6bc50/report/report.json,2026-09-12T01:55:56.405787+00:00,
RSAR,point_target,F,43,common_1epoch,complete,True,False,67,/mnt/shared/zechuan/iraod_artifacts/comparison/rsar/point_target/seed_43/0f98a48/methods/F/ddp2/work/iter_266.pth,/mnt/shared/zechuan/iraod_artifacts/comparison/rsar/point_target/seed_43/0f98a48/methods/F/ddp2/work/iter_266_ema.pth,2026-09-07T17:54:00+00:00,0f98a48b539f9260055fc305784ffbc924f50451,/mnt/shared/zechuan/iraod_artifacts/comparison/rsar/point_target/seed_43/0f98a48/methods/F/ddp2/terminal_status,.67:/mnt/shared/zechuan/iraod_artifacts/comparison/final_delivery_20260908_4a6bc50/report/report.json,2026-09-12T01:55:56.665497+00:00,
RSAR,point_target,F,44,common_1epoch,complete,True,False,67,/mnt/shared/zechuan/iraod_artifacts/comparison/rsar/point_target/seed_44/0f98a48/methods/F/ddp2/work/iter_266.pth,/mnt/shared/zechuan/iraod_artifacts/comparison/rsar/point_target/seed_44/0f98a48/methods/F/ddp2/work/iter_266_ema.pth,2026-09-08T00:44:14+00:00,0f98a48b539f9260055fc305784ffbc924f50451,/mnt/shared/zechuan/iraod_artifacts/comparison/rsar/point_target/seed_44/0f98a48/methods/F/ddp2/terminal_status,.67:/mnt/shared/zechuan/iraod_artifacts/comparison/final_delivery_20260908_4a6bc50/report/report.json,2026-09-12T01:55:56.902726+00:00,
RSAR,point_target,F_text_only,42,common_1epoch,complete,True,False,221,/home/zechuan/iraod_artifacts/comparison/xaf_student_quant_20260908/f_deletion_runs_daa3992/rsar/point_target/seed_42/methods/F_text_only/ddp2/work/iter_266.pth,/home/zechuan/iraod_artifacts/comparison/xaf_student_quant_20260908/f_deletion_runs_daa3992/rsar/point_target/seed_42/methods/F_text_only/ddp2/work/iter_266_ema.pth,2026-09-09T18:22:05.793746+00:00,0f98a48b539f9260055fc305784ffbc924f50451,.221:/home/zechuan/iraod_artifacts/comparison/xaf_student_quant_20260908/f_deletion_runs_daa3992/rsar/point_target/seed_42/methods/F_text_only/ddp2/terminal_status,.221:/home/zechuan/iraod_artifacts/comparison/xaf_student_quant_20260908/f_deletion_runs_daa3992/rsar/point_target/seed_42/methods/F_text_only/execution.json,2026-09-12T01:56:11.550483+00:00,
RSAR,point_target,F_text_only,43,common_1epoch,complete,True,False,221,/home/zechuan/iraod_artifacts/comparison/xaf_student_quant_20260908/f_deletion_runs_daa3992/rsar/point_target/seed_43/methods/F_text_only/ddp2/work/iter_266.pth,/home/zechuan/iraod_artifacts/comparison/xaf_student_quant_20260908/f_deletion_runs_daa3992/rsar/point_target/seed_43/methods/F_text_only/ddp2/work/iter_266_ema.pth,2026-09-09T18:34:23.942821+00:00,0f98a48b539f9260055fc305784ffbc924f50451,.221:/home/zechuan/iraod_artifacts/comparison/xaf_student_quant_20260908/f_deletion_runs_daa3992/rsar/point_target/seed_43/methods/F_text_only/ddp2/terminal_status,.221:/home/zechuan/iraod_artifacts/comparison/xaf_student_quant_20260908/f_deletion_runs_daa3992/rsar/point_target/seed_43/methods/F_text_only/execution.json,2026-09-12T01:56:11.634966+00:00,
RSAR,point_target,F_text_only,44,common_1epoch,complete,True,False,221,/home/zechuan/iraod_artifacts/comparison/xaf_student_quant_20260908/f_deletion_runs_daa3992/rsar/point_target/seed_44/methods/F_text_only/ddp2/work/iter_266.pth,/home/zechuan/iraod_artifacts/comparison/xaf_student_quant_20260908/f_deletion_runs_daa3992/rsar/point_target/seed_44/methods/F_text_only/ddp2/work/iter_266_ema.pth,2026-09-09T18:46:51.717937+00:00,0f98a48b539f9260055fc305784ffbc924f50451,.221:/home/zechuan/iraod_artifacts/comparison/xaf_student_quant_20260908/f_deletion_runs_daa3992/rsar/point_target/seed_44/methods/F_text_only/ddp2/terminal_status,.221:/home/zechuan/iraod_artifacts/comparison/xaf_student_quant_20260908/f_deletion_runs_daa3992/rsar/point_target/seed_44/methods/F_text_only/execution.json,2026-09-12T01:56:11.794216+00:00,
RSAR,point_target,F_veto_only,42,common_1epoch,complete,True,False,221,/home/zechuan/iraod_artifacts/comparison/xaf_student_quant_20260908/f_deletion_runs_daa3992/rsar/point_target/seed_42/methods/F_veto_only/ddp2/work/iter_266.pth,/home/zechuan/iraod_artifacts/comparison/xaf_student_quant_20260908/f_deletion_runs_daa3992/rsar/point_target/seed_42/methods/F_veto_only/ddp2/work/iter_266_ema.pth,2026-09-09T18:30:56.869226+00:00,0f98a48b539f9260055fc305784ffbc924f50451,.221:/home/zechuan/iraod_artifacts/comparison/xaf_student_quant_20260908/f_deletion_runs_daa3992/rsar/point_target/seed_42/methods/F_veto_only/ddp2/terminal_status,.221:/home/zechuan/iraod_artifacts/comparison/xaf_student_quant_20260908/f_deletion_runs_daa3992/rsar/point_target/seed_42/methods/F_veto_only/execution.json,2026-09-12T01:56:11.580740+00:00,
RSAR,point_target,F_veto_only,43,common_1epoch,complete,True,False,221,/home/zechuan/iraod_artifacts/comparison/xaf_student_quant_20260908/f_deletion_runs_daa3992/rsar/point_target/seed_43/methods/F_veto_only/ddp2/work/iter_266.pth,/home/zechuan/iraod_artifacts/comparison/xaf_student_quant_20260908/f_deletion_runs_daa3992/rsar/point_target/seed_43/methods/F_veto_only/ddp2/work/iter_266_ema.pth,2026-09-09T18:43:50.581772+00:00,0f98a48b539f9260055fc305784ffbc924f50451,.221:/home/zechuan/iraod_artifacts/comparison/xaf_student_quant_20260908/f_deletion_runs_daa3992/rsar/point_target/seed_43/methods/F_veto_only/ddp2/terminal_status,.221:/home/zechuan/iraod_artifacts/comparison/xaf_student_quant_20260908/f_deletion_runs_daa3992/rsar/point_target/seed_43/methods/F_veto_only/execution.json,2026-09-12T01:56:11.716019+00:00,
RSAR,point_target,F_veto_only,44,common_1epoch,complete,True,False,221,/home/zechuan/iraod_artifacts/comparison/xaf_student_quant_20260908/f_deletion_runs_daa3992/rsar/point_target/seed_44/methods/F_veto_only/ddp2/work/iter_266.pth,/home/zechuan/iraod_artifacts/comparison/xaf_student_quant_20260908/f_deletion_runs_daa3992/rsar/point_target/seed_44/methods/F_veto_only/ddp2/work/iter_266_ema.pth,2026-09-09T18:56:48.707963+00:00,0f98a48b539f9260055fc305784ffbc924f50451,.221:/home/zechuan/iraod_artifacts/comparison/xaf_student_quant_20260908/f_deletion_runs_daa3992/rsar/point_target/seed_44/methods/F_veto_only/ddp2/terminal_status,.221:/home/zechuan/iraod_artifacts/comparison/xaf_student_quant_20260908/f_deletion_runs_daa3992/rsar/point_target/seed_44/methods/F_veto_only/execution.json,2026-09-12T01:56:11.891735+00:00,
RSAR,point_target,IRG,42,common_1epoch,complete,True,False,67,/mnt/shared/zechuan/iraod_artifacts/comparison/xaf_student_quant_20260908/formal_ports_runs_a39c832/rsar/point_target/seed_42/methods/IRG/work/iter_266.pth,/mnt/shared/zechuan/iraod_artifacts/comparison/xaf_student_quant_20260908/formal_ports_runs_a39c832/rsar/point_target/seed_42/methods/IRG/work/iter_266_ema.pth,2026-09-08T12:50:05+00:00,a39c83221c73e71d273b96ef95c65f6d8d1e84f9,.67:/mnt/shared/zechuan/iraod_artifacts/comparison/xaf_student_quant_20260908/formal_ports_runs_a39c832/rsar/point_target/seed_42/methods/IRG/terminal_status,.67:/mnt/shared/zechuan/iraod_artifacts/comparison/xaf_student_quant_20260908/formal_ports_runs_a39c832/rsar/point_target/seed_42/methods/IRG/execution.json,2026-09-12T01:56:07.624551+00:00,
RSAR,point_target,IRG,43,common_1epoch,complete,True,False,67,/mnt/shared/zechuan/iraod_artifacts/comparison/xaf_student_quant_20260908/formal_ports_runs_a39c832/rsar/point_target/seed_43/methods/IRG/work/iter_266.pth,/mnt/shared/zechuan/iraod_artifacts/comparison/xaf_student_quant_20260908/formal_ports_runs_a39c832/rsar/point_target/seed_43/methods/IRG/work/iter_266_ema.pth,2026-09-08T12:54:56+00:00,a39c83221c73e71d273b96ef95c65f6d8d1e84f9,.67:/mnt/shared/zechuan/iraod_artifacts/comparison/xaf_student_quant_20260908/formal_ports_runs_a39c832/rsar/point_target/seed_43/methods/IRG/terminal_status,.67:/mnt/shared/zechuan/iraod_artifacts/comparison/xaf_student_quant_20260908/formal_ports_runs_a39c832/rsar/point_target/seed_43/methods/IRG/execution.json,2026-09-12T01:56:07.702437+00:00,
RSAR,point_target,IRG,44,common_1epoch,complete_nan_model,True,True,67,/mnt/shared/zechuan/iraod_artifacts/comparison/xaf_student_quant_20260908/formal_ports_runs_a39c832/rsar/point_target/seed_44/methods/IRG/work/iter_266.pth,/mnt/shared/zechuan/iraod_artifacts/comparison/xaf_student_quant_20260908/formal_ports_runs_a39c832/rsar/point_target/seed_44/methods/IRG/work/iter_266_ema.pth,2026-09-08T13:03:34+00:00,a39c83221c73e71d273b96ef95c65f6d8d1e84f9,.67:/mnt/shared/zechuan/iraod_artifacts/comparison/xaf_student_quant_20260908/formal_ports_runs_a39c832/rsar/point_target/seed_44/methods/IRG/terminal_status,.67:/mnt/shared/zechuan/iraod_artifacts/comparison/xaf_student_quant_20260908/formal_ports_runs_a39c832/rsar/point_target/seed_44/methods/IRG/execution.json,2026-09-12T01:56:07.783590+00:00,
RSAR,point_target,LPLD,42,common_1epoch,complete,True,False,67,/mnt/shared/zechuan/iraod_artifacts/comparison/xaf_student_quant_20260908/formal_ports_runs_a39c832/rsar/point_target/seed_42/methods/LPLD/work/iter_266.pth,/mnt/shared/zechuan/iraod_artifacts/comparison/xaf_student_quant_20260908/formal_ports_runs_a39c832/rsar/point_target/seed_42/methods/LPLD/work/iter_266_ema.pth,2026-09-08T12:53:29+00:00,a39c83221c73e71d273b96ef95c65f6d8d1e84f9,.67:/mnt/shared/zechuan/iraod_artifacts/comparison/xaf_student_quant_20260908/formal_ports_runs_a39c832/rsar/point_target/seed_42/methods/LPLD/terminal_status,.67:/mnt/shared/zechuan/iraod_artifacts/comparison/xaf_student_quant_20260908/formal_ports_runs_a39c832/rsar/point_target/seed_42/methods/LPLD/execution.json,2026-09-12T01:56:07.650431+00:00,
RSAR,point_target,LPLD,43,common_1epoch,complete,True,False,67,/mnt/shared/zechuan/iraod_artifacts/comparison/xaf_student_quant_20260908/formal_ports_runs_a39c832/rsar/point_target/seed_43/methods/LPLD/work/iter_266.pth,/mnt/shared/zechuan/iraod_artifacts/comparison/xaf_student_quant_20260908/formal_ports_runs_a39c832/rsar/point_target/seed_43/methods/LPLD/work/iter_266_ema.pth,2026-09-08T12:58:42+00:00,a39c83221c73e71d273b96ef95c65f6d8d1e84f9,.67:/mnt/shared/zechuan/iraod_artifacts/comparison/xaf_student_quant_20260908/formal_ports_runs_a39c832/rsar/point_target/seed_43/methods/LPLD/terminal_status,.67:/mnt/shared/zechuan/iraod_artifacts/comparison/xaf_student_quant_20260908/formal_ports_runs_a39c832/rsar/point_target/seed_43/methods/LPLD/execution.json,2026-09-12T01:56:07.729095+00:00,
RSAR,point_target,LPLD,44,common_1epoch,complete_nan_model,True,True,67,/mnt/shared/zechuan/iraod_artifacts/comparison/xaf_student_quant_20260908/formal_ports_runs_a39c832/rsar/point_target/seed_44/methods/LPLD/work/iter_266.pth,/mnt/shared/zechuan/iraod_artifacts/comparison/xaf_student_quant_20260908/formal_ports_runs_a39c832/rsar/point_target/seed_44/methods/LPLD/work/iter_266_ema.pth,2026-09-08T13:03:34+00:00,a39c83221c73e71d273b96ef95c65f6d8d1e84f9,.67:/mnt/shared/zechuan/iraod_artifacts/comparison/xaf_student_quant_20260908/formal_ports_runs_a39c832/rsar/point_target/seed_44/methods/LPLD/terminal_status,.67:/mnt/shared/zechuan/iraod_artifacts/comparison/xaf_student_quant_20260908/formal_ports_runs_a39c832/rsar/point_target/seed_44/methods/LPLD/execution.json,2026-09-12T01:56:07.811911+00:00,
RSAR,point_target,LoRA-CGA,42,supervised_lora_oracle,not_complete_at_cutoff,False,False,,,,,,,,,No terminal-success plus frozen final Student/EMA pair before cutoff.
RSAR,point_target,LoRA-CGA,43,supervised_lora_oracle,not_complete_at_cutoff,False,False,,,,,,,,,No terminal-success plus frozen final Student/EMA pair before cutoff.
RSAR,point_target,LoRA-CGA,44,supervised_lora_oracle,not_complete_at_cutoff,False,False,,,,,,,,,No terminal-success plus frozen final Student/EMA pair before cutoff.
RSAR,point_target,LoRA-CGA+VLST,42,supervised_lora_oracle,not_complete_at_cutoff,False,False,,,,,,,,,No terminal-success plus frozen final Student/EMA pair before cutoff.
RSAR,point_target,LoRA-CGA+VLST,43,supervised_lora_oracle,not_complete_at_cutoff,False,False,,,,,,,,,No terminal-success plus frozen final Student/EMA pair before cutoff.
RSAR,point_target,LoRA-CGA+VLST,44,supervised_lora_oracle,not_complete_at_cutoff,False,False,,,,,,,,,No terminal-success plus frozen final Student/EMA pair before cutoff.
RSAR,point_target,SFUT,42,common_1epoch,complete,True,False,67,/mnt/shared/zechuan/iraod_artifacts/comparison/xaf_student_quant_20260908/formal_ports_runs_a39c832/rsar/point_target/seed_42/methods/SFUT/work/iter_266.pth,/mnt/shared/zechuan/iraod_artifacts/comparison/xaf_student_quant_20260908/formal_ports_runs_a39c832/rsar/point_target/seed_42/methods/SFUT/work/iter_266_ema.pth,2026-09-08T12:54:44+00:00,a39c83221c73e71d273b96ef95c65f6d8d1e84f9,.67:/mnt/shared/zechuan/iraod_artifacts/comparison/xaf_student_quant_20260908/formal_ports_runs_a39c832/rsar/point_target/seed_42/methods/SFUT/terminal_status,.67:/mnt/shared/zechuan/iraod_artifacts/comparison/xaf_student_quant_20260908/formal_ports_runs_a39c832/rsar/point_target/seed_42/methods/SFUT/execution.json,2026-09-12T01:56:07.676317+00:00,
RSAR,point_target,SFUT,43,common_1epoch,complete,True,False,67,/mnt/shared/zechuan/iraod_artifacts/comparison/xaf_student_quant_20260908/formal_ports_runs_a39c832/rsar/point_target/seed_43/methods/SFUT/work/iter_266.pth,/mnt/shared/zechuan/iraod_artifacts/comparison/xaf_student_quant_20260908/formal_ports_runs_a39c832/rsar/point_target/seed_43/methods/SFUT/work/iter_266_ema.pth,2026-09-08T13:02:15+00:00,a39c83221c73e71d273b96ef95c65f6d8d1e84f9,.67:/mnt/shared/zechuan/iraod_artifacts/comparison/xaf_student_quant_20260908/formal_ports_runs_a39c832/rsar/point_target/seed_43/methods/SFUT/terminal_status,.67:/mnt/shared/zechuan/iraod_artifacts/comparison/xaf_student_quant_20260908/formal_ports_runs_a39c832/rsar/point_target/seed_43/methods/SFUT/execution.json,2026-09-12T01:56:07.755793+00:00,
RSAR,point_target,SFUT,44,common_1epoch,complete,True,False,67,/mnt/shared/zechuan/iraod_artifacts/comparison/xaf_student_quant_20260908/formal_ports_runs_a39c832/rsar/point_target/seed_44/methods/SFUT/work/iter_266.pth,/mnt/shared/zechuan/iraod_artifacts/comparison/xaf_student_quant_20260908/formal_ports_runs_a39c832/rsar/point_target/seed_44/methods/SFUT/work/iter_266_ema.pth,2026-09-08T13:07:38+00:00,a39c83221c73e71d273b96ef95c65f6d8d1e84f9,.67:/mnt/shared/zechuan/iraod_artifacts/comparison/xaf_student_quant_20260908/formal_ports_runs_a39c832/rsar/point_target/seed_44/methods/SFUT/terminal_status,.67:/mnt/shared/zechuan/iraod_artifacts/comparison/xaf_student_quant_20260908/formal_ports_runs_a39c832/rsar/point_target/seed_44/methods/SFUT/execution.json,2026-09-12T01:56:07.838431+00:00,
RSAR,point_target,SFYOLO,42,extended_2epoch,complete,True,False,67,/mnt/shared/zechuan/iraod_artifacts/comparison/xaf_student_quant_20260908/sfyolo_runs_84a1aeb/rsar/point_target/seed_42/methods/SFYOLO/work/iter_531.pth,/mnt/shared/zechuan/iraod_artifacts/comparison/xaf_student_quant_20260908/sfyolo_runs_84a1aeb/rsar/point_target/seed_42/methods/SFYOLO/work/iter_531_ema.pth,2026-09-11T23:50:25+00:00,d668a7719833ea59c6320380b6bc4f80a59b5399,.67:/mnt/shared/zechuan/iraod_artifacts/comparison/xaf_student_quant_20260908/sfyolo_runs_84a1aeb/rsar/point_target/seed_42/methods/SFYOLO/terminal_status,.67:/mnt/shared/zechuan/iraod_artifacts/comparison/xaf_student_quant_20260908/sfyolo_runs_84a1aeb/rsar/point_target/seed_42/methods/SFYOLO/execution.json,2026-09-12T01:56:09.722613+00:00,
RSAR,point_target,SFYOLO,43,extended_2epoch,complete,True,False,67,/mnt/shared/zechuan/iraod_artifacts/comparison/xaf_student_quant_20260908/sfyolo_runs_84a1aeb/rsar/point_target/seed_43/methods/SFYOLO/work/iter_531.pth,/mnt/shared/zechuan/iraod_artifacts/comparison/xaf_student_quant_20260908/sfyolo_runs_84a1aeb/rsar/point_target/seed_43/methods/SFYOLO/work/iter_531_ema.pth,2026-09-12T00:09:06+00:00,d668a7719833ea59c6320380b6bc4f80a59b5399,.67:/mnt/shared/zechuan/iraod_artifacts/comparison/xaf_student_quant_20260908/sfyolo_runs_84a1aeb/rsar/point_target/seed_43/methods/SFYOLO/terminal_status,.67:/mnt/shared/zechuan/iraod_artifacts/comparison/xaf_student_quant_20260908/sfyolo_runs_84a1aeb/rsar/point_target/seed_43/methods/SFYOLO/execution.json,2026-09-12T01:56:09.735948+00:00,
RSAR,point_target,SFYOLO,44,extended_2epoch,complete,True,False,67,/mnt/shared/zechuan/iraod_artifacts/comparison/xaf_student_quant_20260908/sfyolo_runs_84a1aeb/rsar/point_target/seed_44/methods/SFYOLO/work/iter_531.pth,/mnt/shared/zechuan/iraod_artifacts/comparison/xaf_student_quant_20260908/sfyolo_runs_84a1aeb/rsar/point_target/seed_44/methods/SFYOLO/work/iter_531_ema.pth,2026-09-12T00:28:36+00:00,d668a7719833ea59c6320380b6bc4f80a59b5399,.67:/mnt/shared/zechuan/iraod_artifacts/comparison/xaf_student_quant_20260908/sfyolo_runs_84a1aeb/rsar/point_target/seed_44/methods/SFYOLO/terminal_status,.67:/mnt/shared/zechuan/iraod_artifacts/comparison/xaf_student_quant_20260908/sfyolo_runs_84a1aeb/rsar/point_target/seed_44/methods/SFYOLO/execution.json,2026-09-12T01:56:09.743187+00:00,
RSAR,smart_suppression,AASFOD,42,common_1epoch,complete,True,False,221,/home/zechuan/iraod_artifacts/comparison/xaf_student_quant_20260908/aasfod_runs_36c2053/rsar/smart_suppression/seed_42/methods/AASFOD/work/iter_266.pth,/home/zechuan/iraod_artifacts/comparison/xaf_student_quant_20260908/aasfod_runs_36c2053/rsar/smart_suppression/seed_42/methods/AASFOD/work/iter_266_ema.pth,2026-09-11T20:32:56.244476+00:00,cbd0f75ab147fea6728f61d6fd696325cc195296,.221:/home/zechuan/iraod_artifacts/comparison/xaf_student_quant_20260908/aasfod_runs_36c2053/rsar/smart_suppression/seed_42/methods/AASFOD/terminal_status,.221:/home/zechuan/iraod_artifacts/comparison/xaf_student_quant_20260908/aasfod_runs_36c2053/rsar/smart_suppression/seed_42/methods/AASFOD/execution.json,2026-09-12T01:56:13.519987+00:00,
RSAR,smart_suppression,AASFOD,43,common_1epoch,complete,True,False,221,/home/zechuan/iraod_artifacts/comparison/xaf_student_quant_20260908/aasfod_runs_36c2053/rsar/smart_suppression/seed_43/methods/AASFOD/work/iter_266.pth,/home/zechuan/iraod_artifacts/comparison/xaf_student_quant_20260908/aasfod_runs_36c2053/rsar/smart_suppression/seed_43/methods/AASFOD/work/iter_266_ema.pth,2026-09-11T21:03:30.983819+00:00,cbd0f75ab147fea6728f61d6fd696325cc195296,.221:/home/zechuan/iraod_artifacts/comparison/xaf_student_quant_20260908/aasfod_runs_36c2053/rsar/smart_suppression/seed_43/methods/AASFOD/terminal_status,.221:/home/zechuan/iraod_artifacts/comparison/xaf_student_quant_20260908/aasfod_runs_36c2053/rsar/smart_suppression/seed_43/methods/AASFOD/execution.json,2026-09-12T01:56:13.585672+00:00,
RSAR,smart_suppression,AASFOD,44,common_1epoch,complete,True,False,221,/home/zechuan/iraod_artifacts/comparison/xaf_student_quant_20260908/aasfod_runs_36c2053/rsar/smart_suppression/seed_44/methods/AASFOD/work/iter_266.pth,/home/zechuan/iraod_artifacts/comparison/xaf_student_quant_20260908/aasfod_runs_36c2053/rsar/smart_suppression/seed_44/methods/AASFOD/work/iter_266_ema.pth,2026-09-11T21:03:33.575916+00:00,cbd0f75ab147fea6728f61d6fd696325cc195296,.221:/home/zechuan/iraod_artifacts/comparison/xaf_student_quant_20260908/aasfod_runs_36c2053/rsar/smart_suppression/seed_44/methods/AASFOD/terminal_status,.221:/home/zechuan/iraod_artifacts/comparison/xaf_student_quant_20260908/aasfod_runs_36c2053/rsar/smart_suppression/seed_44/methods/AASFOD/execution.json,2026-09-12T01:56:13.552680+00:00,
RSAR,smart_suppression,B,42,common_1epoch,complete,True,False,67,/mnt/shared/zechuan/iraod_artifacts/comparison/rsar/smart_suppression/seed_42/0f98a48/methods/B/work/iter_266.pth,/mnt/shared/zechuan/iraod_artifacts/comparison/rsar/smart_suppression/seed_42/0f98a48/methods/B/work/iter_266_ema.pth,2026-09-05T18:28:10+00:00,0f98a48b539f9260055fc305784ffbc924f50451,/mnt/shared/zechuan/iraod_artifacts/comparison/rsar/smart_suppression/seed_42/0f98a48/methods/B/terminal_status,.67:/mnt/shared/zechuan/iraod_artifacts/comparison/final_delivery_20260908_4a6bc50/report/report.json,2026-09-12T01:55:57.813647+00:00,
RSAR,smart_suppression,B,43,common_1epoch,complete,True,False,67,/mnt/shared/zechuan/iraod_artifacts/comparison/rsar/smart_suppression/seed_43/0f98a48/methods/B/work/iter_266.pth,/mnt/shared/zechuan/iraod_artifacts/comparison/rsar/smart_suppression/seed_43/0f98a48/methods/B/work/iter_266_ema.pth,2026-09-06T22:23:18+00:00,0f98a48b539f9260055fc305784ffbc924f50451,/mnt/shared/zechuan/iraod_artifacts/comparison/rsar/smart_suppression/seed_43/0f98a48/methods/B/terminal_status,.67:/mnt/shared/zechuan/iraod_artifacts/comparison/final_delivery_20260908_4a6bc50/report/report.json,2026-09-12T01:55:58.135754+00:00,
RSAR,smart_suppression,B,44,common_1epoch,complete,True,False,67,/mnt/shared/zechuan/iraod_artifacts/comparison/rsar/smart_suppression/seed_44/0f98a48/methods/B/work/iter_266.pth,/mnt/shared/zechuan/iraod_artifacts/comparison/rsar/smart_suppression/seed_44/0f98a48/methods/B/work/iter_266_ema.pth,2026-09-07T08:19:12+00:00,0f98a48b539f9260055fc305784ffbc924f50451,/mnt/shared/zechuan/iraod_artifacts/comparison/rsar/smart_suppression/seed_44/0f98a48/methods/B/terminal_status,.67:/mnt/shared/zechuan/iraod_artifacts/comparison/final_delivery_20260908_4a6bc50/report/report.json,2026-09-12T01:55:58.415675+00:00,
RSAR,smart_suppression,B_REG,42,common_1epoch,complete,True,False,67,/mnt/shared/zechuan/iraod_artifacts/comparison/xaf_student_quant_20260908/b_reg_runs_0e5f8f7/rsar/smart_suppression/seed_42/methods/B_REG/work/iter_266.pth,/mnt/shared/zechuan/iraod_artifacts/comparison/xaf_student_quant_20260908/b_reg_runs_0e5f8f7/rsar/smart_suppression/seed_42/methods/B_REG/work/iter_266_ema.pth,2026-09-11T21:00:41+00:00,0f98a48b539f9260055fc305784ffbc924f50451,.67:/mnt/shared/zechuan/iraod_artifacts/comparison/xaf_student_quant_20260908/b_reg_runs_0e5f8f7/rsar/smart_suppression/seed_42/methods/B_REG/terminal_status,.67:/mnt/shared/zechuan/iraod_artifacts/comparison/xaf_student_quant_20260908/b_reg_runs_0e5f8f7/rsar/smart_suppression/seed_42/methods/B_REG/execution.json,2026-09-12T01:56:09.609780+00:00,
RSAR,smart_suppression,B_REG,43,common_1epoch,complete,True,False,67,/mnt/shared/zechuan/iraod_artifacts/comparison/xaf_student_quant_20260908/b_reg_runs_0e5f8f7/rsar/smart_suppression/seed_43/methods/B_REG/work/iter_266.pth,/mnt/shared/zechuan/iraod_artifacts/comparison/xaf_student_quant_20260908/b_reg_runs_0e5f8f7/rsar/smart_suppression/seed_43/methods/B_REG/work/iter_266_ema.pth,2026-09-11T21:01:20+00:00,0f98a48b539f9260055fc305784ffbc924f50451,.67:/mnt/shared/zechuan/iraod_artifacts/comparison/xaf_student_quant_20260908/b_reg_runs_0e5f8f7/rsar/smart_suppression/seed_43/methods/B_REG/terminal_status,.67:/mnt/shared/zechuan/iraod_artifacts/comparison/xaf_student_quant_20260908/b_reg_runs_0e5f8f7/rsar/smart_suppression/seed_43/methods/B_REG/execution.json,2026-09-12T01:56:09.616813+00:00,
RSAR,smart_suppression,B_REG,44,common_1epoch,complete,True,False,67,/mnt/shared/zechuan/iraod_artifacts/comparison/xaf_student_quant_20260908/b_reg_runs_0e5f8f7/rsar/smart_suppression/seed_44/methods/B_REG/work/iter_266.pth,/mnt/shared/zechuan/iraod_artifacts/comparison/xaf_student_quant_20260908/b_reg_runs_0e5f8f7/rsar/smart_suppression/seed_44/methods/B_REG/work/iter_266_ema.pth,2026-09-11T21:02:02+00:00,0f98a48b539f9260055fc305784ffbc924f50451,.67:/mnt/shared/zechuan/iraod_artifacts/comparison/xaf_student_quant_20260908/b_reg_runs_0e5f8f7/rsar/smart_suppression/seed_44/methods/B_REG/terminal_status,.67:/mnt/shared/zechuan/iraod_artifacts/comparison/xaf_student_quant_20260908/b_reg_runs_0e5f8f7/rsar/smart_suppression/seed_44/methods/B_REG/execution.json,2026-09-12T01:56:09.623915+00:00,
RSAR,smart_suppression,C,42,common_1epoch,complete,True,False,67,/mnt/shared/zechuan/iraod_artifacts/comparison/rsar/smart_suppression/seed_42/0f98a48/methods/C/work/iter_266.pth,/mnt/shared/zechuan/iraod_artifacts/comparison/rsar/smart_suppression/seed_42/0f98a48/methods/C/work/iter_266_ema.pth,2026-09-05T18:49:16+00:00,0f98a48b539f9260055fc305784ffbc924f50451,/mnt/shared/zechuan/iraod_artifacts/comparison/rsar/smart_suppression/seed_42/0f98a48/methods/C/terminal_status,.67:/mnt/shared/zechuan/iraod_artifacts/comparison/final_delivery_20260908_4a6bc50/report/report.json,2026-09-12T01:55:57.879369+00:00,
RSAR,smart_suppression,C,43,common_1epoch,complete,True,False,67,/mnt/shared/zechuan/iraod_artifacts/comparison/rsar/smart_suppression/seed_43/0f98a48/methods/C/work/iter_266.pth,/mnt/shared/zechuan/iraod_artifacts/comparison/rsar/smart_suppression/seed_43/0f98a48/methods/C/work/iter_266_ema.pth,2026-09-06T22:26:40+00:00,0f98a48b539f9260055fc305784ffbc924f50451,/mnt/shared/zechuan/iraod_artifacts/comparison/rsar/smart_suppression/seed_43/0f98a48/methods/C/terminal_status,.67:/mnt/shared/zechuan/iraod_artifacts/comparison/final_delivery_20260908_4a6bc50/report/report.json,2026-09-12T01:55:58.191025+00:00,
RSAR,smart_suppression,C,44,common_1epoch,complete,True,False,67,/mnt/shared/zechuan/iraod_artifacts/comparison/rsar/smart_suppression/seed_44/0f98a48/methods/C/work/iter_266.pth,/mnt/shared/zechuan/iraod_artifacts/comparison/rsar/smart_suppression/seed_44/0f98a48/methods/C/work/iter_266_ema.pth,2026-09-07T09:38:28+00:00,0f98a48b539f9260055fc305784ffbc924f50451,/mnt/shared/zechuan/iraod_artifacts/comparison/rsar/smart_suppression/seed_44/0f98a48/methods/C/terminal_status,.67:/mnt/shared/zechuan/iraod_artifacts/comparison/final_delivery_20260908_4a6bc50/report/report.json,2026-09-12T01:55:58.464750+00:00,
RSAR,smart_suppression,D,42,common_1epoch,complete,True,False,67,/mnt/shared/zechuan/iraod_artifacts/comparison/rsar/smart_suppression/seed_42/0f98a48/methods/D/work/iter_266.pth,/mnt/shared/zechuan/iraod_artifacts/comparison/rsar/smart_suppression/seed_42/0f98a48/methods/D/work/iter_266_ema.pth,2026-09-05T18:39:31+00:00,0f98a48b539f9260055fc305784ffbc924f50451,/mnt/shared/zechuan/iraod_artifacts/comparison/rsar/smart_suppression/seed_42/0f98a48/methods/D/terminal_status,.67:/mnt/shared/zechuan/iraod_artifacts/comparison/final_delivery_20260908_4a6bc50/report/report.json,2026-09-12T01:55:57.941752+00:00,
RSAR,smart_suppression,D,43,common_1epoch,complete,True,False,67,/mnt/shared/zechuan/iraod_artifacts/comparison/rsar/smart_suppression/seed_43/0f98a48/methods/D/work/iter_266.pth,/mnt/shared/zechuan/iraod_artifacts/comparison/rsar/smart_suppression/seed_43/0f98a48/methods/D/work/iter_266_ema.pth,2026-09-06T22:28:07+00:00,0f98a48b539f9260055fc305784ffbc924f50451,/mnt/shared/zechuan/iraod_artifacts/comparison/rsar/smart_suppression/seed_43/0f98a48/methods/D/terminal_status,.67:/mnt/shared/zechuan/iraod_artifacts/comparison/final_delivery_20260908_4a6bc50/report/report.json,2026-09-12T01:55:58.245700+00:00,
RSAR,smart_suppression,D,44,common_1epoch,complete,True,False,67,/mnt/shared/zechuan/iraod_artifacts/comparison/rsar/smart_suppression/seed_44/0f98a48/methods/D/work/iter_266.pth,/mnt/shared/zechuan/iraod_artifacts/comparison/rsar/smart_suppression/seed_44/0f98a48/methods/D/work/iter_266_ema.pth,2026-09-07T08:17:29+00:00,0f98a48b539f9260055fc305784ffbc924f50451,/mnt/shared/zechuan/iraod_artifacts/comparison/rsar/smart_suppression/seed_44/0f98a48/methods/D/terminal_status,.67:/mnt/shared/zechuan/iraod_artifacts/comparison/final_delivery_20260908_4a6bc50/report/report.json,2026-09-12T01:55:58.516364+00:00,
RSAR,smart_suppression,E,42,common_1epoch,complete,True,False,67,/mnt/shared/zechuan/iraod_artifacts/comparison/rsar/smart_suppression/seed_42/0f98a48/methods/E/ddp2/work/iter_266.pth,/mnt/shared/zechuan/iraod_artifacts/comparison/rsar/smart_suppression/seed_42/0f98a48/methods/E/ddp2/work/iter_266_ema.pth,2026-09-05T19:02:29+00:00,0f98a48b539f9260055fc305784ffbc924f50451,/mnt/shared/zechuan/iraod_artifacts/comparison/rsar/smart_suppression/seed_42/0f98a48/methods/E/ddp2/terminal_status,.67:/mnt/shared/zechuan/iraod_artifacts/comparison/final_delivery_20260908_4a6bc50/report/report.json,2026-09-12T01:55:58.003783+00:00,
RSAR,smart_suppression,E,43,common_1epoch,complete,True,False,67,/mnt/shared/zechuan/iraod_artifacts/comparison/rsar/smart_suppression/seed_43/0f98a48/methods/E/ddp2/work/iter_266.pth,/mnt/shared/zechuan/iraod_artifacts/comparison/rsar/smart_suppression/seed_43/0f98a48/methods/E/ddp2/work/iter_266_ema.pth,2026-09-07T18:23:35+00:00,0f98a48b539f9260055fc305784ffbc924f50451,/mnt/shared/zechuan/iraod_artifacts/comparison/rsar/smart_suppression/seed_43/0f98a48/methods/E/ddp2/terminal_status,.67:/mnt/shared/zechuan/iraod_artifacts/comparison/final_delivery_20260908_4a6bc50/report/report.json,2026-09-12T01:55:58.299006+00:00,
RSAR,smart_suppression,E,44,common_1epoch,complete,True,False,67,/mnt/shared/zechuan/iraod_artifacts/comparison/rsar/smart_suppression/seed_44/0f98a48/methods/E/ddp2/work/iter_266.pth,/mnt/shared/zechuan/iraod_artifacts/comparison/rsar/smart_suppression/seed_44/0f98a48/methods/E/ddp2/work/iter_266_ema.pth,2026-09-08T00:52:30+00:00,0f98a48b539f9260055fc305784ffbc924f50451,/mnt/shared/zechuan/iraod_artifacts/comparison/rsar/smart_suppression/seed_44/0f98a48/methods/E/ddp2/terminal_status,.67:/mnt/shared/zechuan/iraod_artifacts/comparison/final_delivery_20260908_4a6bc50/report/report.json,2026-09-12T01:55:58.566401+00:00,
RSAR,smart_suppression,F,42,common_1epoch,complete,True,False,67,/mnt/shared/zechuan/iraod_artifacts/comparison/rsar/smart_suppression/seed_42/0f98a48/methods/F/ddp2/work/iter_266.pth,/mnt/shared/zechuan/iraod_artifacts/comparison/rsar/smart_suppression/seed_42/0f98a48/methods/F/ddp2/work/iter_266_ema.pth,2026-09-05T19:03:17+00:00,0f98a48b539f9260055fc305784ffbc924f50451,/mnt/shared/zechuan/iraod_artifacts/comparison/rsar/smart_suppression/seed_42/0f98a48/methods/F/ddp2/terminal_status,.67:/mnt/shared/zechuan/iraod_artifacts/comparison/final_delivery_20260908_4a6bc50/report/report.json,2026-09-12T01:55:58.068302+00:00,
RSAR,smart_suppression,F,43,common_1epoch,complete,True,False,67,/mnt/shared/zechuan/iraod_artifacts/comparison/rsar/smart_suppression/seed_43/0f98a48/methods/F/ddp2/work/iter_266.pth,/mnt/shared/zechuan/iraod_artifacts/comparison/rsar/smart_suppression/seed_43/0f98a48/methods/F/ddp2/work/iter_266_ema.pth,2026-09-07T18:34:42+00:00,0f98a48b539f9260055fc305784ffbc924f50451,/mnt/shared/zechuan/iraod_artifacts/comparison/rsar/smart_suppression/seed_43/0f98a48/methods/F/ddp2/terminal_status,.67:/mnt/shared/zechuan/iraod_artifacts/comparison/final_delivery_20260908_4a6bc50/report/report.json,2026-09-12T01:55:58.355794+00:00,
RSAR,smart_suppression,F,44,common_1epoch,complete,True,False,67,/mnt/shared/zechuan/iraod_artifacts/comparison/rsar/smart_suppression/seed_44/0f98a48/methods/F/ddp2/work/iter_266.pth,/mnt/shared/zechuan/iraod_artifacts/comparison/rsar/smart_suppression/seed_44/0f98a48/methods/F/ddp2/work/iter_266_ema.pth,2026-09-08T01:01:44+00:00,0f98a48b539f9260055fc305784ffbc924f50451,/mnt/shared/zechuan/iraod_artifacts/comparison/rsar/smart_suppression/seed_44/0f98a48/methods/F/ddp2/terminal_status,.67:/mnt/shared/zechuan/iraod_artifacts/comparison/final_delivery_20260908_4a6bc50/report/report.json,2026-09-12T01:55:58.616763+00:00,
RSAR,smart_suppression,F_text_only,42,common_1epoch,complete,True,False,221,/home/zechuan/iraod_artifacts/comparison/xaf_student_quant_20260908/f_deletion_runs_daa3992/rsar/smart_suppression/seed_42/methods/F_text_only/ddp2/work/iter_266.pth,/home/zechuan/iraod_artifacts/comparison/xaf_student_quant_20260908/f_deletion_runs_daa3992/rsar/smart_suppression/seed_42/methods/F_text_only/ddp2/work/iter_266_ema.pth,2026-09-09T18:58:34.500991+00:00,0f98a48b539f9260055fc305784ffbc924f50451,.221:/home/zechuan/iraod_artifacts/comparison/xaf_student_quant_20260908/f_deletion_runs_daa3992/rsar/smart_suppression/seed_42/methods/F_text_only/ddp2/terminal_status,.221:/home/zechuan/iraod_artifacts/comparison/xaf_student_quant_20260908/f_deletion_runs_daa3992/rsar/smart_suppression/seed_42/methods/F_text_only/execution.json,2026-09-12T01:56:11.945404+00:00,
RSAR,smart_suppression,F_text_only,43,common_1epoch,complete,True,False,221,/home/zechuan/iraod_artifacts/comparison/xaf_student_quant_20260908/f_deletion_runs_daa3992/rsar/smart_suppression/seed_43/methods/F_text_only/ddp2/work/iter_266.pth,/home/zechuan/iraod_artifacts/comparison/xaf_student_quant_20260908/f_deletion_runs_daa3992/rsar/smart_suppression/seed_43/methods/F_text_only/ddp2/work/iter_266_ema.pth,2026-09-09T19:10:22.642749+00:00,0f98a48b539f9260055fc305784ffbc924f50451,.221:/home/zechuan/iraod_artifacts/comparison/xaf_student_quant_20260908/f_deletion_runs_daa3992/rsar/smart_suppression/seed_43/methods/F_text_only/ddp2/terminal_status,.221:/home/zechuan/iraod_artifacts/comparison/xaf_student_quant_20260908/f_deletion_runs_daa3992/rsar/smart_suppression/seed_43/methods/F_text_only/execution.json,2026-09-12T01:56:12.056876+00:00,
RSAR,smart_suppression,F_text_only,44,common_1epoch,complete,True,False,221,/home/zechuan/iraod_artifacts/comparison/xaf_student_quant_20260908/f_deletion_runs_daa3992/rsar/smart_suppression/seed_44/methods/F_text_only/ddp2/work/iter_266.pth,/home/zechuan/iraod_artifacts/comparison/xaf_student_quant_20260908/f_deletion_runs_daa3992/rsar/smart_suppression/seed_44/methods/F_text_only/ddp2/work/iter_266_ema.pth,2026-09-09T19:22:00.124947+00:00,0f98a48b539f9260055fc305784ffbc924f50451,.221:/home/zechuan/iraod_artifacts/comparison/xaf_student_quant_20260908/f_deletion_runs_daa3992/rsar/smart_suppression/seed_44/methods/F_text_only/ddp2/terminal_status,.221:/home/zechuan/iraod_artifacts/comparison/xaf_student_quant_20260908/f_deletion_runs_daa3992/rsar/smart_suppression/seed_44/methods/F_text_only/execution.json,2026-09-12T01:56:12.161637+00:00,
RSAR,smart_suppression,F_veto_only,42,common_1epoch,complete,True,False,221,/home/zechuan/iraod_artifacts/comparison/xaf_student_quant_20260908/f_deletion_runs_daa3992/rsar/smart_suppression/seed_42/methods/F_veto_only/ddp2/work/iter_266.pth,/home/zechuan/iraod_artifacts/comparison/xaf_student_quant_20260908/f_deletion_runs_daa3992/rsar/smart_suppression/seed_42/methods/F_veto_only/ddp2/work/iter_266_ema.pth,2026-09-09T19:08:56.530539+00:00,0f98a48b539f9260055fc305784ffbc924f50451,.221:/home/zechuan/iraod_artifacts/comparison/xaf_student_quant_20260908/f_deletion_runs_daa3992/rsar/smart_suppression/seed_42/methods/F_veto_only/ddp2/terminal_status,.221:/home/zechuan/iraod_artifacts/comparison/xaf_student_quant_20260908/f_deletion_runs_daa3992/rsar/smart_suppression/seed_42/methods/F_veto_only/execution.json,2026-09-12T01:56:12.009411+00:00,
RSAR,smart_suppression,F_veto_only,43,common_1epoch,complete,True,False,221,/home/zechuan/iraod_artifacts/comparison/xaf_student_quant_20260908/f_deletion_runs_daa3992/rsar/smart_suppression/seed_43/methods/F_veto_only/ddp2/work/iter_266.pth,/home/zechuan/iraod_artifacts/comparison/xaf_student_quant_20260908/f_deletion_runs_daa3992/rsar/smart_suppression/seed_43/methods/F_veto_only/ddp2/work/iter_266_ema.pth,2026-09-09T19:21:03.838927+00:00,0f98a48b539f9260055fc305784ffbc924f50451,.221:/home/zechuan/iraod_artifacts/comparison/xaf_student_quant_20260908/f_deletion_runs_daa3992/rsar/smart_suppression/seed_43/methods/F_veto_only/ddp2/terminal_status,.221:/home/zechuan/iraod_artifacts/comparison/xaf_student_quant_20260908/f_deletion_runs_daa3992/rsar/smart_suppression/seed_43/methods/F_veto_only/execution.json,2026-09-12T01:56:12.122884+00:00,
RSAR,smart_suppression,F_veto_only,44,common_1epoch,complete,True,False,221,/home/zechuan/iraod_artifacts/comparison/xaf_student_quant_20260908/f_deletion_runs_daa3992/rsar/smart_suppression/seed_44/methods/F_veto_only/ddp2/work/iter_266.pth,/home/zechuan/iraod_artifacts/comparison/xaf_student_quant_20260908/f_deletion_runs_daa3992/rsar/smart_suppression/seed_44/methods/F_veto_only/ddp2/work/iter_266_ema.pth,2026-09-09T19:33:16.044585+00:00,0f98a48b539f9260055fc305784ffbc924f50451,.221:/home/zechuan/iraod_artifacts/comparison/xaf_student_quant_20260908/f_deletion_runs_daa3992/rsar/smart_suppression/seed_44/methods/F_veto_only/ddp2/terminal_status,.221:/home/zechuan/iraod_artifacts/comparison/xaf_student_quant_20260908/f_deletion_runs_daa3992/rsar/smart_suppression/seed_44/methods/F_veto_only/execution.json,2026-09-12T01:56:12.219667+00:00,
RSAR,smart_suppression,IRG,42,common_1epoch,complete,True,False,67,/mnt/shared/zechuan/iraod_artifacts/comparison/xaf_student_quant_20260908/formal_ports_runs_a39c832/rsar/smart_suppression/seed_42/methods/IRG/work/iter_266.pth,/mnt/shared/zechuan/iraod_artifacts/comparison/xaf_student_quant_20260908/formal_ports_runs_a39c832/rsar/smart_suppression/seed_42/methods/IRG/work/iter_266_ema.pth,2026-09-08T13:11:06+00:00,a39c83221c73e71d273b96ef95c65f6d8d1e84f9,.67:/mnt/shared/zechuan/iraod_artifacts/comparison/xaf_student_quant_20260908/formal_ports_runs_a39c832/rsar/smart_suppression/seed_42/methods/IRG/terminal_status,.67:/mnt/shared/zechuan/iraod_artifacts/comparison/xaf_student_quant_20260908/formal_ports_runs_a39c832/rsar/smart_suppression/seed_42/methods/IRG/execution.json,2026-09-12T01:56:07.866297+00:00,
RSAR,smart_suppression,IRG,43,common_1epoch,complete,True,False,67,/mnt/shared/zechuan/iraod_artifacts/comparison/xaf_student_quant_20260908/formal_ports_runs_a39c832/rsar/smart_suppression/seed_43/methods/IRG/work/iter_266.pth,/mnt/shared/zechuan/iraod_artifacts/comparison/xaf_student_quant_20260908/formal_ports_runs_a39c832/rsar/smart_suppression/seed_43/methods/IRG/work/iter_266_ema.pth,2026-09-08T13:16:28+00:00,a39c83221c73e71d273b96ef95c65f6d8d1e84f9,.67:/mnt/shared/zechuan/iraod_artifacts/comparison/xaf_student_quant_20260908/formal_ports_runs_a39c832/rsar/smart_suppression/seed_43/methods/IRG/terminal_status,.67:/mnt/shared/zechuan/iraod_artifacts/comparison/xaf_student_quant_20260908/formal_ports_runs_a39c832/rsar/smart_suppression/seed_43/methods/IRG/execution.json,2026-09-12T01:56:07.949161+00:00,
RSAR,smart_suppression,IRG,44,common_1epoch,complete,True,False,67,/mnt/shared/zechuan/iraod_artifacts/comparison/xaf_student_quant_20260908/formal_ports_runs_a39c832/rsar/smart_suppression/seed_44/methods/IRG/work/iter_266.pth,/mnt/shared/zechuan/iraod_artifacts/comparison/xaf_student_quant_20260908/formal_ports_runs_a39c832/rsar/smart_suppression/seed_44/methods/IRG/work/iter_266_ema.pth,2026-09-08T13:21:07+00:00,a39c83221c73e71d273b96ef95c65f6d8d1e84f9,.67:/mnt/shared/zechuan/iraod_artifacts/comparison/xaf_student_quant_20260908/formal_ports_runs_a39c832/rsar/smart_suppression/seed_44/methods/IRG/terminal_status,.67:/mnt/shared/zechuan/iraod_artifacts/comparison/xaf_student_quant_20260908/formal_ports_runs_a39c832/rsar/smart_suppression/seed_44/methods/IRG/execution.json,2026-09-12T01:56:08.024119+00:00,
RSAR,smart_suppression,LPLD,42,common_1epoch,complete,True,False,67,/mnt/shared/zechuan/iraod_artifacts/comparison/xaf_student_quant_20260908/formal_ports_runs_a39c832/rsar/smart_suppression/seed_42/methods/LPLD/work/iter_266.pth,/mnt/shared/zechuan/iraod_artifacts/comparison/xaf_student_quant_20260908/formal_ports_runs_a39c832/rsar/smart_suppression/seed_42/methods/LPLD/work/iter_266_ema.pth,2026-09-08T13:11:40+00:00,a39c83221c73e71d273b96ef95c65f6d8d1e84f9,.67:/mnt/shared/zechuan/iraod_artifacts/comparison/xaf_student_quant_20260908/formal_ports_runs_a39c832/rsar/smart_suppression/seed_42/methods/LPLD/terminal_status,.67:/mnt/shared/zechuan/iraod_artifacts/comparison/xaf_student_quant_20260908/formal_ports_runs_a39c832/rsar/smart_suppression/seed_42/methods/LPLD/execution.json,2026-09-12T01:56:07.893181+00:00,
RSAR,smart_suppression,LPLD,43,common_1epoch,complete,True,False,67,/mnt/shared/zechuan/iraod_artifacts/comparison/xaf_student_quant_20260908/formal_ports_runs_a39c832/rsar/smart_suppression/seed_43/methods/LPLD/work/iter_266.pth,/mnt/shared/zechuan/iraod_artifacts/comparison/xaf_student_quant_20260908/formal_ports_runs_a39c832/rsar/smart_suppression/seed_43/methods/LPLD/work/iter_266_ema.pth,2026-09-08T13:19:31+00:00,a39c83221c73e71d273b96ef95c65f6d8d1e84f9,.67:/mnt/shared/zechuan/iraod_artifacts/comparison/xaf_student_quant_20260908/formal_ports_runs_a39c832/rsar/smart_suppression/seed_43/methods/LPLD/terminal_status,.67:/mnt/shared/zechuan/iraod_artifacts/comparison/xaf_student_quant_20260908/formal_ports_runs_a39c832/rsar/smart_suppression/seed_43/methods/LPLD/execution.json,2026-09-12T01:56:07.974248+00:00,
RSAR,smart_suppression,LPLD,44,common_1epoch,complete,True,False,67,/mnt/shared/zechuan/iraod_artifacts/comparison/xaf_student_quant_20260908/formal_ports_runs_a39c832/rsar/smart_suppression/seed_44/methods/LPLD/work/iter_266.pth,/mnt/shared/zechuan/iraod_artifacts/comparison/xaf_student_quant_20260908/formal_ports_runs_a39c832/rsar/smart_suppression/seed_44/methods/LPLD/work/iter_266_ema.pth,2026-09-08T13:24:57+00:00,a39c83221c73e71d273b96ef95c65f6d8d1e84f9,.67:/mnt/shared/zechuan/iraod_artifacts/comparison/xaf_student_quant_20260908/formal_ports_runs_a39c832/rsar/smart_suppression/seed_44/methods/LPLD/terminal_status,.67:/mnt/shared/zechuan/iraod_artifacts/comparison/xaf_student_quant_20260908/formal_ports_runs_a39c832/rsar/smart_suppression/seed_44/methods/LPLD/execution.json,2026-09-12T01:56:08.053443+00:00,
RSAR,smart_suppression,LoRA-CGA,42,supervised_lora_oracle,not_complete_at_cutoff,False,False,,,,,,,,,No terminal-success plus frozen final Student/EMA pair before cutoff.
RSAR,smart_suppression,LoRA-CGA,43,supervised_lora_oracle,not_complete_at_cutoff,False,False,,,,,,,,,No terminal-success plus frozen final Student/EMA pair before cutoff.
RSAR,smart_suppression,LoRA-CGA,44,supervised_lora_oracle,not_complete_at_cutoff,False,False,,,,,,,,,No terminal-success plus frozen final Student/EMA pair before cutoff.
RSAR,smart_suppression,LoRA-CGA+VLST,42,supervised_lora_oracle,not_complete_at_cutoff,False,False,,,,,,,,,No terminal-success plus frozen final Student/EMA pair before cutoff.
RSAR,smart_suppression,LoRA-CGA+VLST,43,supervised_lora_oracle,not_complete_at_cutoff,False,False,,,,,,,,,No terminal-success plus frozen final Student/EMA pair before cutoff.
RSAR,smart_suppression,LoRA-CGA+VLST,44,supervised_lora_oracle,not_complete_at_cutoff,False,False,,,,,,,,,No terminal-success plus frozen final Student/EMA pair before cutoff.
RSAR,smart_suppression,SFUT,42,common_1epoch,complete,True,False,67,/mnt/shared/zechuan/iraod_artifacts/comparison/xaf_student_quant_20260908/formal_ports_runs_a39c832/rsar/smart_suppression/seed_42/methods/SFUT/work/iter_266.pth,/mnt/shared/zechuan/iraod_artifacts/comparison/xaf_student_quant_20260908/formal_ports_runs_a39c832/rsar/smart_suppression/seed_42/methods/SFUT/work/iter_266_ema.pth,2026-09-08T13:12:19+00:00,a39c83221c73e71d273b96ef95c65f6d8d1e84f9,.67:/mnt/shared/zechuan/iraod_artifacts/comparison/xaf_student_quant_20260908/formal_ports_runs_a39c832/rsar/smart_suppression/seed_42/methods/SFUT/terminal_status,.67:/mnt/shared/zechuan/iraod_artifacts/comparison/xaf_student_quant_20260908/formal_ports_runs_a39c832/rsar/smart_suppression/seed_42/methods/SFUT/execution.json,2026-09-12T01:56:07.920488+00:00,
RSAR,smart_suppression,SFUT,43,common_1epoch,complete,True,False,67,/mnt/shared/zechuan/iraod_artifacts/comparison/xaf_student_quant_20260908/formal_ports_runs_a39c832/rsar/smart_suppression/seed_43/methods/SFUT/work/iter_266.pth,/mnt/shared/zechuan/iraod_artifacts/comparison/xaf_student_quant_20260908/formal_ports_runs_a39c832/rsar/smart_suppression/seed_43/methods/SFUT/work/iter_266_ema.pth,2026-09-08T13:20:03+00:00,a39c83221c73e71d273b96ef95c65f6d8d1e84f9,.67:/mnt/shared/zechuan/iraod_artifacts/comparison/xaf_student_quant_20260908/formal_ports_runs_a39c832/rsar/smart_suppression/seed_43/methods/SFUT/terminal_status,.67:/mnt/shared/zechuan/iraod_artifacts/comparison/xaf_student_quant_20260908/formal_ports_runs_a39c832/rsar/smart_suppression/seed_43/methods/SFUT/execution.json,2026-09-12T01:56:07.999810+00:00,
RSAR,smart_suppression,SFUT,44,common_1epoch,complete,True,False,67,/mnt/shared/zechuan/iraod_artifacts/comparison/xaf_student_quant_20260908/formal_ports_runs_a39c832/rsar/smart_suppression/seed_44/methods/SFUT/work/iter_266.pth,/mnt/shared/zechuan/iraod_artifacts/comparison/xaf_student_quant_20260908/formal_ports_runs_a39c832/rsar/smart_suppression/seed_44/methods/SFUT/work/iter_266_ema.pth,2026-09-08T13:27:50+00:00,a39c83221c73e71d273b96ef95c65f6d8d1e84f9,.67:/mnt/shared/zechuan/iraod_artifacts/comparison/xaf_student_quant_20260908/formal_ports_runs_a39c832/rsar/smart_suppression/seed_44/methods/SFUT/terminal_status,.67:/mnt/shared/zechuan/iraod_artifacts/comparison/xaf_student_quant_20260908/formal_ports_runs_a39c832/rsar/smart_suppression/seed_44/methods/SFUT/execution.json,2026-09-12T01:56:08.082401+00:00,
RSAR,smart_suppression,SFYOLO,42,extended_2epoch,not_complete_at_cutoff,False,False,,,,,,,,,No terminal-success plus frozen final Student/EMA pair before cutoff. Same-domain full-budget TAM prerequisite unfinished.
RSAR,smart_suppression,SFYOLO,43,extended_2epoch,not_complete_at_cutoff,False,False,,,,,,,,,No terminal-success plus frozen final Student/EMA pair before cutoff. Same-domain full-budget TAM prerequisite unfinished.
RSAR,smart_suppression,SFYOLO,44,extended_2epoch,not_complete_at_cutoff,False,False,,,,,,,,,No terminal-success plus frozen final Student/EMA pair before cutoff. Same-domain full-budget TAM prerequisite unfinished.
