dataset,domain,method,seed,role,class_name,AP50,precision,historical_AP50,eval_AP50,status,evidence
RSAR,clean,A,42,source,ship,0.776,printed class_ap.txt (typically 3 decimals),0.776,0.776,complete,/mnt/shared/zechuan/iraod_artifacts/comparison/rsar/clean/seed_42/0f98a48/methods/A/eval_full_clean_ids_v1/class_ap.txt
RSAR,clean,A,42,source,aircraft,0.622,printed class_ap.txt (typically 3 decimals),0.622,0.622,complete,/mnt/shared/zechuan/iraod_artifacts/comparison/rsar/clean/seed_42/0f98a48/methods/A/eval_full_clean_ids_v1/class_ap.txt
RSAR,clean,A,42,source,car,0.784,printed class_ap.txt (typically 3 decimals),0.784,0.784,complete,/mnt/shared/zechuan/iraod_artifacts/comparison/rsar/clean/seed_42/0f98a48/methods/A/eval_full_clean_ids_v1/class_ap.txt
RSAR,clean,A,42,source,tank,0.173,printed class_ap.txt (typically 3 decimals),0.173,0.173,complete,/mnt/shared/zechuan/iraod_artifacts/comparison/rsar/clean/seed_42/0f98a48/methods/A/eval_full_clean_ids_v1/class_ap.txt
RSAR,clean,A,42,source,bridge,0.395,printed class_ap.txt (typically 3 decimals),0.395,0.395,complete,/mnt/shared/zechuan/iraod_artifacts/comparison/rsar/clean/seed_42/0f98a48/methods/A/eval_full_clean_ids_v1/class_ap.txt
RSAR,clean,A,42,source,harbor,0.438,printed class_ap.txt (typically 3 decimals),0.438,0.438,complete,/mnt/shared/zechuan/iraod_artifacts/comparison/rsar/clean/seed_42/0f98a48/methods/A/eval_full_clean_ids_v1/class_ap.txt
RSAR,clean,IRG,42,ema,ship,0.772,printed class_ap.txt (typically 3 decimals),,,complete,/mnt/shared/zechuan/iraod_artifacts/comparison/xaf_student_quant_20260908/formal_ports_runs_a39c832/rsar/clean/seed_42/methods/IRG/eval_full_clean_ids_v1/class_ap.txt
RSAR,clean,IRG,42,ema,aircraft,0.724,printed class_ap.txt (typically 3 decimals),,,complete,/mnt/shared/zechuan/iraod_artifacts/comparison/xaf_student_quant_20260908/formal_ports_runs_a39c832/rsar/clean/seed_42/methods/IRG/eval_full_clean_ids_v1/class_ap.txt
RSAR,clean,IRG,42,ema,car,0.783,printed class_ap.txt (typically 3 decimals),,,complete,/mnt/shared/zechuan/iraod_artifacts/comparison/xaf_student_quant_20260908/formal_ports_runs_a39c832/rsar/clean/seed_42/methods/IRG/eval_full_clean_ids_v1/class_ap.txt
RSAR,clean,IRG,42,ema,tank,0.171,printed class_ap.txt (typically 3 decimals),,,complete,/mnt/shared/zechuan/iraod_artifacts/comparison/xaf_student_quant_20260908/formal_ports_runs_a39c832/rsar/clean/seed_42/methods/IRG/eval_full_clean_ids_v1/class_ap.txt
RSAR,clean,IRG,42,ema,bridge,0.399,printed class_ap.txt (typically 3 decimals),,,complete,/mnt/shared/zechuan/iraod_artifacts/comparison/xaf_student_quant_20260908/formal_ports_runs_a39c832/rsar/clean/seed_42/methods/IRG/eval_full_clean_ids_v1/class_ap.txt
RSAR,clean,IRG,42,ema,harbor,0.447,printed class_ap.txt (typically 3 decimals),,,complete,/mnt/shared/zechuan/iraod_artifacts/comparison/xaf_student_quant_20260908/formal_ports_runs_a39c832/rsar/clean/seed_42/methods/IRG/eval_full_clean_ids_v1/class_ap.txt
RSAR,clean,IRG,43,ema,ship,0.773,printed class_ap.txt (typically 3 decimals),,,complete,/mnt/shared/zechuan/iraod_artifacts/comparison/xaf_student_quant_20260908/formal_ports_runs_a39c832/rsar/clean/seed_43/methods/IRG/eval_full_clean_ids_v1/class_ap.txt
RSAR,clean,IRG,43,ema,aircraft,0.708,printed class_ap.txt (typically 3 decimals),,,complete,/mnt/shared/zechuan/iraod_artifacts/comparison/xaf_student_quant_20260908/formal_ports_runs_a39c832/rsar/clean/seed_43/methods/IRG/eval_full_clean_ids_v1/class_ap.txt
RSAR,clean,IRG,43,ema,car,0.781,printed class_ap.txt (typically 3 decimals),,,complete,/mnt/shared/zechuan/iraod_artifacts/comparison/xaf_student_quant_20260908/formal_ports_runs_a39c832/rsar/clean/seed_43/methods/IRG/eval_full_clean_ids_v1/class_ap.txt
RSAR,clean,IRG,43,ema,tank,0.173,printed class_ap.txt (typically 3 decimals),,,complete,/mnt/shared/zechuan/iraod_artifacts/comparison/xaf_student_quant_20260908/formal_ports_runs_a39c832/rsar/clean/seed_43/methods/IRG/eval_full_clean_ids_v1/class_ap.txt
RSAR,clean,IRG,43,ema,bridge,0.401,printed class_ap.txt (typically 3 decimals),,,complete,/mnt/shared/zechuan/iraod_artifacts/comparison/xaf_student_quant_20260908/formal_ports_runs_a39c832/rsar/clean/seed_43/methods/IRG/eval_full_clean_ids_v1/class_ap.txt
RSAR,clean,IRG,43,ema,harbor,0.461,printed class_ap.txt (typically 3 decimals),,,complete,/mnt/shared/zechuan/iraod_artifacts/comparison/xaf_student_quant_20260908/formal_ports_runs_a39c832/rsar/clean/seed_43/methods/IRG/eval_full_clean_ids_v1/class_ap.txt
RSAR,clean,IRG,44,ema,ship,0.771,printed class_ap.txt (typically 3 decimals),,,complete,/mnt/shared/zechuan/iraod_artifacts/comparison/xaf_student_quant_20260908/formal_ports_runs_a39c832/rsar/clean/seed_44/methods/IRG/eval_full_clean_ids_v1/class_ap.txt
RSAR,clean,IRG,44,ema,aircraft,0.699,printed class_ap.txt (typically 3 decimals),,,complete,/mnt/shared/zechuan/iraod_artifacts/comparison/xaf_student_quant_20260908/formal_ports_runs_a39c832/rsar/clean/seed_44/methods/IRG/eval_full_clean_ids_v1/class_ap.txt
RSAR,clean,IRG,44,ema,car,0.78,printed class_ap.txt (typically 3 decimals),,,complete,/mnt/shared/zechuan/iraod_artifacts/comparison/xaf_student_quant_20260908/formal_ports_runs_a39c832/rsar/clean/seed_44/methods/IRG/eval_full_clean_ids_v1/class_ap.txt
RSAR,clean,IRG,44,ema,tank,0.173,printed class_ap.txt (typically 3 decimals),,,complete,/mnt/shared/zechuan/iraod_artifacts/comparison/xaf_student_quant_20260908/formal_ports_runs_a39c832/rsar/clean/seed_44/methods/IRG/eval_full_clean_ids_v1/class_ap.txt
RSAR,clean,IRG,44,ema,bridge,0.4,printed class_ap.txt (typically 3 decimals),,,complete,/mnt/shared/zechuan/iraod_artifacts/comparison/xaf_student_quant_20260908/formal_ports_runs_a39c832/rsar/clean/seed_44/methods/IRG/eval_full_clean_ids_v1/class_ap.txt
RSAR,clean,IRG,44,ema,harbor,0.449,printed class_ap.txt (typically 3 decimals),,,complete,/mnt/shared/zechuan/iraod_artifacts/comparison/xaf_student_quant_20260908/formal_ports_runs_a39c832/rsar/clean/seed_44/methods/IRG/eval_full_clean_ids_v1/class_ap.txt
RSAR,clean,LPLD,42,ema,ship,0.763,printed class_ap.txt (typically 3 decimals),,,complete,/mnt/shared/zechuan/iraod_artifacts/comparison/xaf_student_quant_20260908/formal_ports_runs_a39c832/rsar/clean/seed_42/methods/LPLD/eval_full_clean_ids_v1/class_ap.txt
RSAR,clean,LPLD,42,ema,aircraft,0.745,printed class_ap.txt (typically 3 decimals),,,complete,/mnt/shared/zechuan/iraod_artifacts/comparison/xaf_student_quant_20260908/formal_ports_runs_a39c832/rsar/clean/seed_42/methods/LPLD/eval_full_clean_ids_v1/class_ap.txt
RSAR,clean,LPLD,42,ema,car,0.767,printed class_ap.txt (typically 3 decimals),,,complete,/mnt/shared/zechuan/iraod_artifacts/comparison/xaf_student_quant_20260908/formal_ports_runs_a39c832/rsar/clean/seed_42/methods/LPLD/eval_full_clean_ids_v1/class_ap.txt
RSAR,clean,LPLD,42,ema,tank,0.148,printed class_ap.txt (typically 3 decimals),,,complete,/mnt/shared/zechuan/iraod_artifacts/comparison/xaf_student_quant_20260908/formal_ports_runs_a39c832/rsar/clean/seed_42/methods/LPLD/eval_full_clean_ids_v1/class_ap.txt
RSAR,clean,LPLD,42,ema,bridge,0.367,printed class_ap.txt (typically 3 decimals),,,complete,/mnt/shared/zechuan/iraod_artifacts/comparison/xaf_student_quant_20260908/formal_ports_runs_a39c832/rsar/clean/seed_42/methods/LPLD/eval_full_clean_ids_v1/class_ap.txt
RSAR,clean,LPLD,42,ema,harbor,0.416,printed class_ap.txt (typically 3 decimals),,,complete,/mnt/shared/zechuan/iraod_artifacts/comparison/xaf_student_quant_20260908/formal_ports_runs_a39c832/rsar/clean/seed_42/methods/LPLD/eval_full_clean_ids_v1/class_ap.txt
RSAR,clean,LPLD,43,ema,ship,0.764,printed class_ap.txt (typically 3 decimals),,,complete,/mnt/shared/zechuan/iraod_artifacts/comparison/xaf_student_quant_20260908/formal_ports_runs_a39c832/rsar/clean/seed_43/methods/LPLD/eval_full_clean_ids_v1/class_ap.txt
RSAR,clean,LPLD,43,ema,aircraft,0.756,printed class_ap.txt (typically 3 decimals),,,complete,/mnt/shared/zechuan/iraod_artifacts/comparison/xaf_student_quant_20260908/formal_ports_runs_a39c832/rsar/clean/seed_43/methods/LPLD/eval_full_clean_ids_v1/class_ap.txt
RSAR,clean,LPLD,43,ema,car,0.773,printed class_ap.txt (typically 3 decimals),,,complete,/mnt/shared/zechuan/iraod_artifacts/comparison/xaf_student_quant_20260908/formal_ports_runs_a39c832/rsar/clean/seed_43/methods/LPLD/eval_full_clean_ids_v1/class_ap.txt
RSAR,clean,LPLD,43,ema,tank,0.161,printed class_ap.txt (typically 3 decimals),,,complete,/mnt/shared/zechuan/iraod_artifacts/comparison/xaf_student_quant_20260908/formal_ports_runs_a39c832/rsar/clean/seed_43/methods/LPLD/eval_full_clean_ids_v1/class_ap.txt
RSAR,clean,LPLD,43,ema,bridge,0.375,printed class_ap.txt (typically 3 decimals),,,complete,/mnt/shared/zechuan/iraod_artifacts/comparison/xaf_student_quant_20260908/formal_ports_runs_a39c832/rsar/clean/seed_43/methods/LPLD/eval_full_clean_ids_v1/class_ap.txt
RSAR,clean,LPLD,43,ema,harbor,0.391,printed class_ap.txt (typically 3 decimals),,,complete,/mnt/shared/zechuan/iraod_artifacts/comparison/xaf_student_quant_20260908/formal_ports_runs_a39c832/rsar/clean/seed_43/methods/LPLD/eval_full_clean_ids_v1/class_ap.txt
RSAR,clean,LPLD,44,ema,ship,0.758,printed class_ap.txt (typically 3 decimals),,,complete,/mnt/shared/zechuan/iraod_artifacts/comparison/xaf_student_quant_20260908/formal_ports_runs_a39c832/rsar/clean/seed_44/methods/LPLD/eval_full_clean_ids_v1/class_ap.txt
RSAR,clean,LPLD,44,ema,aircraft,0.761,printed class_ap.txt (typically 3 decimals),,,complete,/mnt/shared/zechuan/iraod_artifacts/comparison/xaf_student_quant_20260908/formal_ports_runs_a39c832/rsar/clean/seed_44/methods/LPLD/eval_full_clean_ids_v1/class_ap.txt
RSAR,clean,LPLD,44,ema,car,0.77,printed class_ap.txt (typically 3 decimals),,,complete,/mnt/shared/zechuan/iraod_artifacts/comparison/xaf_student_quant_20260908/formal_ports_runs_a39c832/rsar/clean/seed_44/methods/LPLD/eval_full_clean_ids_v1/class_ap.txt
RSAR,clean,LPLD,44,ema,tank,0.127,printed class_ap.txt (typically 3 decimals),,,complete,/mnt/shared/zechuan/iraod_artifacts/comparison/xaf_student_quant_20260908/formal_ports_runs_a39c832/rsar/clean/seed_44/methods/LPLD/eval_full_clean_ids_v1/class_ap.txt
RSAR,clean,LPLD,44,ema,bridge,0.371,printed class_ap.txt (typically 3 decimals),,,complete,/mnt/shared/zechuan/iraod_artifacts/comparison/xaf_student_quant_20260908/formal_ports_runs_a39c832/rsar/clean/seed_44/methods/LPLD/eval_full_clean_ids_v1/class_ap.txt
RSAR,clean,LPLD,44,ema,harbor,0.397,printed class_ap.txt (typically 3 decimals),,,complete,/mnt/shared/zechuan/iraod_artifacts/comparison/xaf_student_quant_20260908/formal_ports_runs_a39c832/rsar/clean/seed_44/methods/LPLD/eval_full_clean_ids_v1/class_ap.txt
RSAR,clean,SFUT,42,ema,ship,0.774,printed class_ap.txt (typically 3 decimals),,,complete,/mnt/shared/zechuan/iraod_artifacts/comparison/xaf_student_quant_20260908/formal_ports_runs_a39c832/rsar/clean/seed_42/methods/SFUT/eval_full_clean_ids_v1/class_ap.txt
RSAR,clean,SFUT,42,ema,aircraft,0.695,printed class_ap.txt (typically 3 decimals),,,complete,/mnt/shared/zechuan/iraod_artifacts/comparison/xaf_student_quant_20260908/formal_ports_runs_a39c832/rsar/clean/seed_42/methods/SFUT/eval_full_clean_ids_v1/class_ap.txt
RSAR,clean,SFUT,42,ema,car,0.783,printed class_ap.txt (typically 3 decimals),,,complete,/mnt/shared/zechuan/iraod_artifacts/comparison/xaf_student_quant_20260908/formal_ports_runs_a39c832/rsar/clean/seed_42/methods/SFUT/eval_full_clean_ids_v1/class_ap.txt
RSAR,clean,SFUT,42,ema,tank,0.172,printed class_ap.txt (typically 3 decimals),,,complete,/mnt/shared/zechuan/iraod_artifacts/comparison/xaf_student_quant_20260908/formal_ports_runs_a39c832/rsar/clean/seed_42/methods/SFUT/eval_full_clean_ids_v1/class_ap.txt
RSAR,clean,SFUT,42,ema,bridge,0.399,printed class_ap.txt (typically 3 decimals),,,complete,/mnt/shared/zechuan/iraod_artifacts/comparison/xaf_student_quant_20260908/formal_ports_runs_a39c832/rsar/clean/seed_42/methods/SFUT/eval_full_clean_ids_v1/class_ap.txt
RSAR,clean,SFUT,42,ema,harbor,0.442,printed class_ap.txt (typically 3 decimals),,,complete,/mnt/shared/zechuan/iraod_artifacts/comparison/xaf_student_quant_20260908/formal_ports_runs_a39c832/rsar/clean/seed_42/methods/SFUT/eval_full_clean_ids_v1/class_ap.txt
RSAR,clean,SFUT,43,ema,ship,0.774,printed class_ap.txt (typically 3 decimals),,,complete,/mnt/shared/zechuan/iraod_artifacts/comparison/xaf_student_quant_20260908/formal_ports_runs_a39c832/rsar/clean/seed_43/methods/SFUT/eval_full_clean_ids_v1/class_ap.txt
RSAR,clean,SFUT,43,ema,aircraft,0.707,printed class_ap.txt (typically 3 decimals),,,complete,/mnt/shared/zechuan/iraod_artifacts/comparison/xaf_student_quant_20260908/formal_ports_runs_a39c832/rsar/clean/seed_43/methods/SFUT/eval_full_clean_ids_v1/class_ap.txt
RSAR,clean,SFUT,43,ema,car,0.784,printed class_ap.txt (typically 3 decimals),,,complete,/mnt/shared/zechuan/iraod_artifacts/comparison/xaf_student_quant_20260908/formal_ports_runs_a39c832/rsar/clean/seed_43/methods/SFUT/eval_full_clean_ids_v1/class_ap.txt
RSAR,clean,SFUT,43,ema,tank,0.177,printed class_ap.txt (typically 3 decimals),,,complete,/mnt/shared/zechuan/iraod_artifacts/comparison/xaf_student_quant_20260908/formal_ports_runs_a39c832/rsar/clean/seed_43/methods/SFUT/eval_full_clean_ids_v1/class_ap.txt
RSAR,clean,SFUT,43,ema,bridge,0.406,printed class_ap.txt (typically 3 decimals),,,complete,/mnt/shared/zechuan/iraod_artifacts/comparison/xaf_student_quant_20260908/formal_ports_runs_a39c832/rsar/clean/seed_43/methods/SFUT/eval_full_clean_ids_v1/class_ap.txt
RSAR,clean,SFUT,43,ema,harbor,0.441,printed class_ap.txt (typically 3 decimals),,,complete,/mnt/shared/zechuan/iraod_artifacts/comparison/xaf_student_quant_20260908/formal_ports_runs_a39c832/rsar/clean/seed_43/methods/SFUT/eval_full_clean_ids_v1/class_ap.txt
RSAR,clean,SFUT,44,ema,ship,0.774,printed class_ap.txt (typically 3 decimals),,,complete,/mnt/shared/zechuan/iraod_artifacts/comparison/xaf_student_quant_20260908/formal_ports_runs_a39c832/rsar/clean/seed_44/methods/SFUT/eval_full_clean_ids_v1/class_ap.txt
RSAR,clean,SFUT,44,ema,aircraft,0.707,printed class_ap.txt (typically 3 decimals),,,complete,/mnt/shared/zechuan/iraod_artifacts/comparison/xaf_student_quant_20260908/formal_ports_runs_a39c832/rsar/clean/seed_44/methods/SFUT/eval_full_clean_ids_v1/class_ap.txt
RSAR,clean,SFUT,44,ema,car,0.784,printed class_ap.txt (typically 3 decimals),,,complete,/mnt/shared/zechuan/iraod_artifacts/comparison/xaf_student_quant_20260908/formal_ports_runs_a39c832/rsar/clean/seed_44/methods/SFUT/eval_full_clean_ids_v1/class_ap.txt
RSAR,clean,SFUT,44,ema,tank,0.173,printed class_ap.txt (typically 3 decimals),,,complete,/mnt/shared/zechuan/iraod_artifacts/comparison/xaf_student_quant_20260908/formal_ports_runs_a39c832/rsar/clean/seed_44/methods/SFUT/eval_full_clean_ids_v1/class_ap.txt
RSAR,clean,SFUT,44,ema,bridge,0.404,printed class_ap.txt (typically 3 decimals),,,complete,/mnt/shared/zechuan/iraod_artifacts/comparison/xaf_student_quant_20260908/formal_ports_runs_a39c832/rsar/clean/seed_44/methods/SFUT/eval_full_clean_ids_v1/class_ap.txt
RSAR,clean,SFUT,44,ema,harbor,0.439,printed class_ap.txt (typically 3 decimals),,,complete,/mnt/shared/zechuan/iraod_artifacts/comparison/xaf_student_quant_20260908/formal_ports_runs_a39c832/rsar/clean/seed_44/methods/SFUT/eval_full_clean_ids_v1/class_ap.txt
RSAR,chaff,A,42,source,ship,0.679,printed class_ap.txt (typically 3 decimals),0.679,0.679,complete,/mnt/shared/zechuan/iraod_artifacts/comparison/rsar/chaff/seed_42/f2145b4/methods/A/eval_full_chaff_ids_v1/class_ap.txt
RSAR,chaff,A,42,source,aircraft,0.601,printed class_ap.txt (typically 3 decimals),0.601,0.601,complete,/mnt/shared/zechuan/iraod_artifacts/comparison/rsar/chaff/seed_42/f2145b4/methods/A/eval_full_chaff_ids_v1/class_ap.txt
RSAR,chaff,A,42,source,car,0.693,printed class_ap.txt (typically 3 decimals),0.693,0.693,complete,/mnt/shared/zechuan/iraod_artifacts/comparison/rsar/chaff/seed_42/f2145b4/methods/A/eval_full_chaff_ids_v1/class_ap.txt
RSAR,chaff,A,42,source,tank,0.168,printed class_ap.txt (typically 3 decimals),0.168,0.168,complete,/mnt/shared/zechuan/iraod_artifacts/comparison/rsar/chaff/seed_42/f2145b4/methods/A/eval_full_chaff_ids_v1/class_ap.txt
RSAR,chaff,A,42,source,bridge,0.368,printed class_ap.txt (typically 3 decimals),0.368,0.368,complete,/mnt/shared/zechuan/iraod_artifacts/comparison/rsar/chaff/seed_42/f2145b4/methods/A/eval_full_chaff_ids_v1/class_ap.txt
RSAR,chaff,A,42,source,harbor,0.323,printed class_ap.txt (typically 3 decimals),0.323,0.323,complete,/mnt/shared/zechuan/iraod_artifacts/comparison/rsar/chaff/seed_42/f2145b4/methods/A/eval_full_chaff_ids_v1/class_ap.txt
RSAR,chaff,IRG,42,ema,ship,0.705,printed class_ap.txt (typically 3 decimals),,,complete,/mnt/shared/zechuan/iraod_artifacts/comparison/xaf_student_quant_20260908/formal_ports_runs_a39c832/rsar/chaff/seed_42/methods/IRG/eval_full_chaff_ids_v1/class_ap.txt
RSAR,chaff,IRG,42,ema,aircraft,0.628,printed class_ap.txt (typically 3 decimals),,,complete,/mnt/shared/zechuan/iraod_artifacts/comparison/xaf_student_quant_20260908/formal_ports_runs_a39c832/rsar/chaff/seed_42/methods/IRG/eval_full_chaff_ids_v1/class_ap.txt
RSAR,chaff,IRG,42,ema,car,0.696,printed class_ap.txt (typically 3 decimals),,,complete,/mnt/shared/zechuan/iraod_artifacts/comparison/xaf_student_quant_20260908/formal_ports_runs_a39c832/rsar/chaff/seed_42/methods/IRG/eval_full_chaff_ids_v1/class_ap.txt
RSAR,chaff,IRG,42,ema,tank,0.159,printed class_ap.txt (typically 3 decimals),,,complete,/mnt/shared/zechuan/iraod_artifacts/comparison/xaf_student_quant_20260908/formal_ports_runs_a39c832/rsar/chaff/seed_42/methods/IRG/eval_full_chaff_ids_v1/class_ap.txt
RSAR,chaff,IRG,42,ema,bridge,0.37,printed class_ap.txt (typically 3 decimals),,,complete,/mnt/shared/zechuan/iraod_artifacts/comparison/xaf_student_quant_20260908/formal_ports_runs_a39c832/rsar/chaff/seed_42/methods/IRG/eval_full_chaff_ids_v1/class_ap.txt
RSAR,chaff,IRG,42,ema,harbor,0.331,printed class_ap.txt (typically 3 decimals),,,complete,/mnt/shared/zechuan/iraod_artifacts/comparison/xaf_student_quant_20260908/formal_ports_runs_a39c832/rsar/chaff/seed_42/methods/IRG/eval_full_chaff_ids_v1/class_ap.txt
RSAR,chaff,IRG,43,ema,ship,0.708,printed class_ap.txt (typically 3 decimals),,,complete,/mnt/shared/zechuan/iraod_artifacts/comparison/xaf_student_quant_20260908/formal_ports_runs_a39c832/rsar/chaff/seed_43/methods/IRG/eval_full_chaff_ids_v1/class_ap.txt
RSAR,chaff,IRG,43,ema,aircraft,0.65,printed class_ap.txt (typically 3 decimals),,,complete,/mnt/shared/zechuan/iraod_artifacts/comparison/xaf_student_quant_20260908/formal_ports_runs_a39c832/rsar/chaff/seed_43/methods/IRG/eval_full_chaff_ids_v1/class_ap.txt
RSAR,chaff,IRG,43,ema,car,0.726,printed class_ap.txt (typically 3 decimals),,,complete,/mnt/shared/zechuan/iraod_artifacts/comparison/xaf_student_quant_20260908/formal_ports_runs_a39c832/rsar/chaff/seed_43/methods/IRG/eval_full_chaff_ids_v1/class_ap.txt
RSAR,chaff,IRG,43,ema,tank,0.163,printed class_ap.txt (typically 3 decimals),,,complete,/mnt/shared/zechuan/iraod_artifacts/comparison/xaf_student_quant_20260908/formal_ports_runs_a39c832/rsar/chaff/seed_43/methods/IRG/eval_full_chaff_ids_v1/class_ap.txt
RSAR,chaff,IRG,43,ema,bridge,0.372,printed class_ap.txt (typically 3 decimals),,,complete,/mnt/shared/zechuan/iraod_artifacts/comparison/xaf_student_quant_20260908/formal_ports_runs_a39c832/rsar/chaff/seed_43/methods/IRG/eval_full_chaff_ids_v1/class_ap.txt
RSAR,chaff,IRG,43,ema,harbor,0.366,printed class_ap.txt (typically 3 decimals),,,complete,/mnt/shared/zechuan/iraod_artifacts/comparison/xaf_student_quant_20260908/formal_ports_runs_a39c832/rsar/chaff/seed_43/methods/IRG/eval_full_chaff_ids_v1/class_ap.txt
RSAR,chaff,IRG,44,ema,ship,0.706,printed class_ap.txt (typically 3 decimals),,,complete,/mnt/shared/zechuan/iraod_artifacts/comparison/xaf_student_quant_20260908/formal_ports_runs_a39c832/rsar/chaff/seed_44/methods/IRG/eval_full_chaff_ids_v1/class_ap.txt
RSAR,chaff,IRG,44,ema,aircraft,0.649,printed class_ap.txt (typically 3 decimals),,,complete,/mnt/shared/zechuan/iraod_artifacts/comparison/xaf_student_quant_20260908/formal_ports_runs_a39c832/rsar/chaff/seed_44/methods/IRG/eval_full_chaff_ids_v1/class_ap.txt
RSAR,chaff,IRG,44,ema,car,0.697,printed class_ap.txt (typically 3 decimals),,,complete,/mnt/shared/zechuan/iraod_artifacts/comparison/xaf_student_quant_20260908/formal_ports_runs_a39c832/rsar/chaff/seed_44/methods/IRG/eval_full_chaff_ids_v1/class_ap.txt
RSAR,chaff,IRG,44,ema,tank,0.158,printed class_ap.txt (typically 3 decimals),,,complete,/mnt/shared/zechuan/iraod_artifacts/comparison/xaf_student_quant_20260908/formal_ports_runs_a39c832/rsar/chaff/seed_44/methods/IRG/eval_full_chaff_ids_v1/class_ap.txt
RSAR,chaff,IRG,44,ema,bridge,0.372,printed class_ap.txt (typically 3 decimals),,,complete,/mnt/shared/zechuan/iraod_artifacts/comparison/xaf_student_quant_20260908/formal_ports_runs_a39c832/rsar/chaff/seed_44/methods/IRG/eval_full_chaff_ids_v1/class_ap.txt
RSAR,chaff,IRG,44,ema,harbor,0.371,printed class_ap.txt (typically 3 decimals),,,complete,/mnt/shared/zechuan/iraod_artifacts/comparison/xaf_student_quant_20260908/formal_ports_runs_a39c832/rsar/chaff/seed_44/methods/IRG/eval_full_chaff_ids_v1/class_ap.txt
RSAR,chaff,LPLD,42,ema,ship,0.698,printed class_ap.txt (typically 3 decimals),,,complete,/mnt/shared/zechuan/iraod_artifacts/comparison/xaf_student_quant_20260908/formal_ports_runs_a39c832/rsar/chaff/seed_42/methods/LPLD/eval_full_chaff_ids_v1/class_ap.txt
RSAR,chaff,LPLD,42,ema,aircraft,0.665,printed class_ap.txt (typically 3 decimals),,,complete,/mnt/shared/zechuan/iraod_artifacts/comparison/xaf_student_quant_20260908/formal_ports_runs_a39c832/rsar/chaff/seed_42/methods/LPLD/eval_full_chaff_ids_v1/class_ap.txt
RSAR,chaff,LPLD,42,ema,car,0.691,printed class_ap.txt (typically 3 decimals),,,complete,/mnt/shared/zechuan/iraod_artifacts/comparison/xaf_student_quant_20260908/formal_ports_runs_a39c832/rsar/chaff/seed_42/methods/LPLD/eval_full_chaff_ids_v1/class_ap.txt
RSAR,chaff,LPLD,42,ema,tank,0.124,printed class_ap.txt (typically 3 decimals),,,complete,/mnt/shared/zechuan/iraod_artifacts/comparison/xaf_student_quant_20260908/formal_ports_runs_a39c832/rsar/chaff/seed_42/methods/LPLD/eval_full_chaff_ids_v1/class_ap.txt
RSAR,chaff,LPLD,42,ema,bridge,0.342,printed class_ap.txt (typically 3 decimals),,,complete,/mnt/shared/zechuan/iraod_artifacts/comparison/xaf_student_quant_20260908/formal_ports_runs_a39c832/rsar/chaff/seed_42/methods/LPLD/eval_full_chaff_ids_v1/class_ap.txt
RSAR,chaff,LPLD,42,ema,harbor,0.345,printed class_ap.txt (typically 3 decimals),,,complete,/mnt/shared/zechuan/iraod_artifacts/comparison/xaf_student_quant_20260908/formal_ports_runs_a39c832/rsar/chaff/seed_42/methods/LPLD/eval_full_chaff_ids_v1/class_ap.txt
RSAR,chaff,LPLD,43,ema,ship,0.701,printed class_ap.txt (typically 3 decimals),,,complete,/mnt/shared/zechuan/iraod_artifacts/comparison/xaf_student_quant_20260908/formal_ports_runs_a39c832/rsar/chaff/seed_43/methods/LPLD/eval_full_chaff_ids_v1/class_ap.txt
RSAR,chaff,LPLD,43,ema,aircraft,0.664,printed class_ap.txt (typically 3 decimals),,,complete,/mnt/shared/zechuan/iraod_artifacts/comparison/xaf_student_quant_20260908/formal_ports_runs_a39c832/rsar/chaff/seed_43/methods/LPLD/eval_full_chaff_ids_v1/class_ap.txt
RSAR,chaff,LPLD,43,ema,car,0.692,printed class_ap.txt (typically 3 decimals),,,complete,/mnt/shared/zechuan/iraod_artifacts/comparison/xaf_student_quant_20260908/formal_ports_runs_a39c832/rsar/chaff/seed_43/methods/LPLD/eval_full_chaff_ids_v1/class_ap.txt
RSAR,chaff,LPLD,43,ema,tank,0.14,printed class_ap.txt (typically 3 decimals),,,complete,/mnt/shared/zechuan/iraod_artifacts/comparison/xaf_student_quant_20260908/formal_ports_runs_a39c832/rsar/chaff/seed_43/methods/LPLD/eval_full_chaff_ids_v1/class_ap.txt
RSAR,chaff,LPLD,43,ema,bridge,0.334,printed class_ap.txt (typically 3 decimals),,,complete,/mnt/shared/zechuan/iraod_artifacts/comparison/xaf_student_quant_20260908/formal_ports_runs_a39c832/rsar/chaff/seed_43/methods/LPLD/eval_full_chaff_ids_v1/class_ap.txt
RSAR,chaff,LPLD,43,ema,harbor,0.359,printed class_ap.txt (typically 3 decimals),,,complete,/mnt/shared/zechuan/iraod_artifacts/comparison/xaf_student_quant_20260908/formal_ports_runs_a39c832/rsar/chaff/seed_43/methods/LPLD/eval_full_chaff_ids_v1/class_ap.txt
RSAR,chaff,LPLD,44,ema,ship,0.698,printed class_ap.txt (typically 3 decimals),,,complete,/mnt/shared/zechuan/iraod_artifacts/comparison/xaf_student_quant_20260908/formal_ports_runs_a39c832/rsar/chaff/seed_44/methods/LPLD/eval_full_chaff_ids_v1/class_ap.txt
RSAR,chaff,LPLD,44,ema,aircraft,0.674,printed class_ap.txt (typically 3 decimals),,,complete,/mnt/shared/zechuan/iraod_artifacts/comparison/xaf_student_quant_20260908/formal_ports_runs_a39c832/rsar/chaff/seed_44/methods/LPLD/eval_full_chaff_ids_v1/class_ap.txt
RSAR,chaff,LPLD,44,ema,car,0.692,printed class_ap.txt (typically 3 decimals),,,complete,/mnt/shared/zechuan/iraod_artifacts/comparison/xaf_student_quant_20260908/formal_ports_runs_a39c832/rsar/chaff/seed_44/methods/LPLD/eval_full_chaff_ids_v1/class_ap.txt
RSAR,chaff,LPLD,44,ema,tank,0.123,printed class_ap.txt (typically 3 decimals),,,complete,/mnt/shared/zechuan/iraod_artifacts/comparison/xaf_student_quant_20260908/formal_ports_runs_a39c832/rsar/chaff/seed_44/methods/LPLD/eval_full_chaff_ids_v1/class_ap.txt
RSAR,chaff,LPLD,44,ema,bridge,0.347,printed class_ap.txt (typically 3 decimals),,,complete,/mnt/shared/zechuan/iraod_artifacts/comparison/xaf_student_quant_20260908/formal_ports_runs_a39c832/rsar/chaff/seed_44/methods/LPLD/eval_full_chaff_ids_v1/class_ap.txt
RSAR,chaff,LPLD,44,ema,harbor,0.336,printed class_ap.txt (typically 3 decimals),,,complete,/mnt/shared/zechuan/iraod_artifacts/comparison/xaf_student_quant_20260908/formal_ports_runs_a39c832/rsar/chaff/seed_44/methods/LPLD/eval_full_chaff_ids_v1/class_ap.txt
RSAR,chaff,SFUT,42,ema,ship,0.708,printed class_ap.txt (typically 3 decimals),,,complete,/mnt/shared/zechuan/iraod_artifacts/comparison/xaf_student_quant_20260908/formal_ports_runs_a39c832/rsar/chaff/seed_42/methods/SFUT/eval_full_chaff_ids_v1/class_ap.txt
RSAR,chaff,SFUT,42,ema,aircraft,0.613,printed class_ap.txt (typically 3 decimals),,,complete,/mnt/shared/zechuan/iraod_artifacts/comparison/xaf_student_quant_20260908/formal_ports_runs_a39c832/rsar/chaff/seed_42/methods/SFUT/eval_full_chaff_ids_v1/class_ap.txt
RSAR,chaff,SFUT,42,ema,car,0.695,printed class_ap.txt (typically 3 decimals),,,complete,/mnt/shared/zechuan/iraod_artifacts/comparison/xaf_student_quant_20260908/formal_ports_runs_a39c832/rsar/chaff/seed_42/methods/SFUT/eval_full_chaff_ids_v1/class_ap.txt
RSAR,chaff,SFUT,42,ema,tank,0.161,printed class_ap.txt (typically 3 decimals),,,complete,/mnt/shared/zechuan/iraod_artifacts/comparison/xaf_student_quant_20260908/formal_ports_runs_a39c832/rsar/chaff/seed_42/methods/SFUT/eval_full_chaff_ids_v1/class_ap.txt
RSAR,chaff,SFUT,42,ema,bridge,0.371,printed class_ap.txt (typically 3 decimals),,,complete,/mnt/shared/zechuan/iraod_artifacts/comparison/xaf_student_quant_20260908/formal_ports_runs_a39c832/rsar/chaff/seed_42/methods/SFUT/eval_full_chaff_ids_v1/class_ap.txt
RSAR,chaff,SFUT,42,ema,harbor,0.346,printed class_ap.txt (typically 3 decimals),,,complete,/mnt/shared/zechuan/iraod_artifacts/comparison/xaf_student_quant_20260908/formal_ports_runs_a39c832/rsar/chaff/seed_42/methods/SFUT/eval_full_chaff_ids_v1/class_ap.txt
RSAR,chaff,SFUT,43,ema,ship,0.708,printed class_ap.txt (typically 3 decimals),,,complete,/mnt/shared/zechuan/iraod_artifacts/comparison/xaf_student_quant_20260908/formal_ports_runs_a39c832/rsar/chaff/seed_43/methods/SFUT/eval_full_chaff_ids_v1/class_ap.txt
RSAR,chaff,SFUT,43,ema,aircraft,0.622,printed class_ap.txt (typically 3 decimals),,,complete,/mnt/shared/zechuan/iraod_artifacts/comparison/xaf_student_quant_20260908/formal_ports_runs_a39c832/rsar/chaff/seed_43/methods/SFUT/eval_full_chaff_ids_v1/class_ap.txt
RSAR,chaff,SFUT,43,ema,car,0.694,printed class_ap.txt (typically 3 decimals),,,complete,/mnt/shared/zechuan/iraod_artifacts/comparison/xaf_student_quant_20260908/formal_ports_runs_a39c832/rsar/chaff/seed_43/methods/SFUT/eval_full_chaff_ids_v1/class_ap.txt
RSAR,chaff,SFUT,43,ema,tank,0.164,printed class_ap.txt (typically 3 decimals),,,complete,/mnt/shared/zechuan/iraod_artifacts/comparison/xaf_student_quant_20260908/formal_ports_runs_a39c832/rsar/chaff/seed_43/methods/SFUT/eval_full_chaff_ids_v1/class_ap.txt
RSAR,chaff,SFUT,43,ema,bridge,0.371,printed class_ap.txt (typically 3 decimals),,,complete,/mnt/shared/zechuan/iraod_artifacts/comparison/xaf_student_quant_20260908/formal_ports_runs_a39c832/rsar/chaff/seed_43/methods/SFUT/eval_full_chaff_ids_v1/class_ap.txt
RSAR,chaff,SFUT,43,ema,harbor,0.347,printed class_ap.txt (typically 3 decimals),,,complete,/mnt/shared/zechuan/iraod_artifacts/comparison/xaf_student_quant_20260908/formal_ports_runs_a39c832/rsar/chaff/seed_43/methods/SFUT/eval_full_chaff_ids_v1/class_ap.txt
RSAR,chaff,SFUT,44,ema,ship,0.709,printed class_ap.txt (typically 3 decimals),,,complete,/mnt/shared/zechuan/iraod_artifacts/comparison/xaf_student_quant_20260908/formal_ports_runs_a39c832/rsar/chaff/seed_44/methods/SFUT/eval_full_chaff_ids_v1/class_ap.txt
RSAR,chaff,SFUT,44,ema,aircraft,0.628,printed class_ap.txt (typically 3 decimals),,,complete,/mnt/shared/zechuan/iraod_artifacts/comparison/xaf_student_quant_20260908/formal_ports_runs_a39c832/rsar/chaff/seed_44/methods/SFUT/eval_full_chaff_ids_v1/class_ap.txt
RSAR,chaff,SFUT,44,ema,car,0.698,printed class_ap.txt (typically 3 decimals),,,complete,/mnt/shared/zechuan/iraod_artifacts/comparison/xaf_student_quant_20260908/formal_ports_runs_a39c832/rsar/chaff/seed_44/methods/SFUT/eval_full_chaff_ids_v1/class_ap.txt
RSAR,chaff,SFUT,44,ema,tank,0.157,printed class_ap.txt (typically 3 decimals),,,complete,/mnt/shared/zechuan/iraod_artifacts/comparison/xaf_student_quant_20260908/formal_ports_runs_a39c832/rsar/chaff/seed_44/methods/SFUT/eval_full_chaff_ids_v1/class_ap.txt
RSAR,chaff,SFUT,44,ema,bridge,0.373,printed class_ap.txt (typically 3 decimals),,,complete,/mnt/shared/zechuan/iraod_artifacts/comparison/xaf_student_quant_20260908/formal_ports_runs_a39c832/rsar/chaff/seed_44/methods/SFUT/eval_full_chaff_ids_v1/class_ap.txt
RSAR,chaff,SFUT,44,ema,harbor,0.35,printed class_ap.txt (typically 3 decimals),,,complete,/mnt/shared/zechuan/iraod_artifacts/comparison/xaf_student_quant_20260908/formal_ports_runs_a39c832/rsar/chaff/seed_44/methods/SFUT/eval_full_chaff_ids_v1/class_ap.txt
RSAR,gaussian_white_noise,A,42,source,ship,0.775,printed class_ap.txt (typically 3 decimals),0.775,0.775,complete,/mnt/shared/zechuan/iraod_artifacts/comparison/rsar/gaussian_white_noise/seed_42/0f98a48/methods/A/eval_full_gaussian_white_noise_ids_v1/class_ap.txt
RSAR,gaussian_white_noise,A,42,source,aircraft,0.613,printed class_ap.txt (typically 3 decimals),0.613,0.613,complete,/mnt/shared/zechuan/iraod_artifacts/comparison/rsar/gaussian_white_noise/seed_42/0f98a48/methods/A/eval_full_gaussian_white_noise_ids_v1/class_ap.txt
RSAR,gaussian_white_noise,A,42,source,car,0.783,printed class_ap.txt (typically 3 decimals),0.783,0.783,complete,/mnt/shared/zechuan/iraod_artifacts/comparison/rsar/gaussian_white_noise/seed_42/0f98a48/methods/A/eval_full_gaussian_white_noise_ids_v1/class_ap.txt
RSAR,gaussian_white_noise,A,42,source,tank,0.174,printed class_ap.txt (typically 3 decimals),0.174,0.174,complete,/mnt/shared/zechuan/iraod_artifacts/comparison/rsar/gaussian_white_noise/seed_42/0f98a48/methods/A/eval_full_gaussian_white_noise_ids_v1/class_ap.txt
RSAR,gaussian_white_noise,A,42,source,bridge,0.399,printed class_ap.txt (typically 3 decimals),0.399,0.399,complete,/mnt/shared/zechuan/iraod_artifacts/comparison/rsar/gaussian_white_noise/seed_42/0f98a48/methods/A/eval_full_gaussian_white_noise_ids_v1/class_ap.txt
RSAR,gaussian_white_noise,A,42,source,harbor,0.426,printed class_ap.txt (typically 3 decimals),0.426,0.426,complete,/mnt/shared/zechuan/iraod_artifacts/comparison/rsar/gaussian_white_noise/seed_42/0f98a48/methods/A/eval_full_gaussian_white_noise_ids_v1/class_ap.txt
RSAR,gaussian_white_noise,IRG,42,ema,ship,0.771,printed class_ap.txt (typically 3 decimals),,,complete,/mnt/shared/zechuan/iraod_artifacts/comparison/xaf_student_quant_20260908/formal_ports_runs_a39c832/rsar/gaussian_white_noise/seed_42/methods/IRG/eval_full_gaussian_white_noise_ids_v1/class_ap.txt
RSAR,gaussian_white_noise,IRG,42,ema,aircraft,0.718,printed class_ap.txt (typically 3 decimals),,,complete,/mnt/shared/zechuan/iraod_artifacts/comparison/xaf_student_quant_20260908/formal_ports_runs_a39c832/rsar/gaussian_white_noise/seed_42/methods/IRG/eval_full_gaussian_white_noise_ids_v1/class_ap.txt
RSAR,gaussian_white_noise,IRG,42,ema,car,0.781,printed class_ap.txt (typically 3 decimals),,,complete,/mnt/shared/zechuan/iraod_artifacts/comparison/xaf_student_quant_20260908/formal_ports_runs_a39c832/rsar/gaussian_white_noise/seed_42/methods/IRG/eval_full_gaussian_white_noise_ids_v1/class_ap.txt
RSAR,gaussian_white_noise,IRG,42,ema,tank,0.169,printed class_ap.txt (typically 3 decimals),,,complete,/mnt/shared/zechuan/iraod_artifacts/comparison/xaf_student_quant_20260908/formal_ports_runs_a39c832/rsar/gaussian_white_noise/seed_42/methods/IRG/eval_full_gaussian_white_noise_ids_v1/class_ap.txt
RSAR,gaussian_white_noise,IRG,42,ema,bridge,0.402,printed class_ap.txt (typically 3 decimals),,,complete,/mnt/shared/zechuan/iraod_artifacts/comparison/xaf_student_quant_20260908/formal_ports_runs_a39c832/rsar/gaussian_white_noise/seed_42/methods/IRG/eval_full_gaussian_white_noise_ids_v1/class_ap.txt
RSAR,gaussian_white_noise,IRG,42,ema,harbor,0.442,printed class_ap.txt (typically 3 decimals),,,complete,/mnt/shared/zechuan/iraod_artifacts/comparison/xaf_student_quant_20260908/formal_ports_runs_a39c832/rsar/gaussian_white_noise/seed_42/methods/IRG/eval_full_gaussian_white_noise_ids_v1/class_ap.txt
RSAR,gaussian_white_noise,IRG,43,ema,ship,0.771,printed class_ap.txt (typically 3 decimals),,,complete,/mnt/shared/zechuan/iraod_artifacts/comparison/xaf_student_quant_20260908/formal_ports_runs_a39c832/rsar/gaussian_white_noise/seed_43/methods/IRG/eval_full_gaussian_white_noise_ids_v1/class_ap.txt
RSAR,gaussian_white_noise,IRG,43,ema,aircraft,0.722,printed class_ap.txt (typically 3 decimals),,,complete,/mnt/shared/zechuan/iraod_artifacts/comparison/xaf_student_quant_20260908/formal_ports_runs_a39c832/rsar/gaussian_white_noise/seed_43/methods/IRG/eval_full_gaussian_white_noise_ids_v1/class_ap.txt
RSAR,gaussian_white_noise,IRG,43,ema,car,0.783,printed class_ap.txt (typically 3 decimals),,,complete,/mnt/shared/zechuan/iraod_artifacts/comparison/xaf_student_quant_20260908/formal_ports_runs_a39c832/rsar/gaussian_white_noise/seed_43/methods/IRG/eval_full_gaussian_white_noise_ids_v1/class_ap.txt
RSAR,gaussian_white_noise,IRG,43,ema,tank,0.175,printed class_ap.txt (typically 3 decimals),,,complete,/mnt/shared/zechuan/iraod_artifacts/comparison/xaf_student_quant_20260908/formal_ports_runs_a39c832/rsar/gaussian_white_noise/seed_43/methods/IRG/eval_full_gaussian_white_noise_ids_v1/class_ap.txt
RSAR,gaussian_white_noise,IRG,43,ema,bridge,0.401,printed class_ap.txt (typically 3 decimals),,,complete,/mnt/shared/zechuan/iraod_artifacts/comparison/xaf_student_quant_20260908/formal_ports_runs_a39c832/rsar/gaussian_white_noise/seed_43/methods/IRG/eval_full_gaussian_white_noise_ids_v1/class_ap.txt
RSAR,gaussian_white_noise,IRG,43,ema,harbor,0.454,printed class_ap.txt (typically 3 decimals),,,complete,/mnt/shared/zechuan/iraod_artifacts/comparison/xaf_student_quant_20260908/formal_ports_runs_a39c832/rsar/gaussian_white_noise/seed_43/methods/IRG/eval_full_gaussian_white_noise_ids_v1/class_ap.txt
RSAR,gaussian_white_noise,IRG,44,ema,ship,0.77,printed class_ap.txt (typically 3 decimals),,,complete,/mnt/shared/zechuan/iraod_artifacts/comparison/xaf_student_quant_20260908/formal_ports_runs_a39c832/rsar/gaussian_white_noise/seed_44/methods/IRG/eval_full_gaussian_white_noise_ids_v1/class_ap.txt
RSAR,gaussian_white_noise,IRG,44,ema,aircraft,0.692,printed class_ap.txt (typically 3 decimals),,,complete,/mnt/shared/zechuan/iraod_artifacts/comparison/xaf_student_quant_20260908/formal_ports_runs_a39c832/rsar/gaussian_white_noise/seed_44/methods/IRG/eval_full_gaussian_white_noise_ids_v1/class_ap.txt
RSAR,gaussian_white_noise,IRG,44,ema,car,0.778,printed class_ap.txt (typically 3 decimals),,,complete,/mnt/shared/zechuan/iraod_artifacts/comparison/xaf_student_quant_20260908/formal_ports_runs_a39c832/rsar/gaussian_white_noise/seed_44/methods/IRG/eval_full_gaussian_white_noise_ids_v1/class_ap.txt
RSAR,gaussian_white_noise,IRG,44,ema,tank,0.169,printed class_ap.txt (typically 3 decimals),,,complete,/mnt/shared/zechuan/iraod_artifacts/comparison/xaf_student_quant_20260908/formal_ports_runs_a39c832/rsar/gaussian_white_noise/seed_44/methods/IRG/eval_full_gaussian_white_noise_ids_v1/class_ap.txt
RSAR,gaussian_white_noise,IRG,44,ema,bridge,0.403,printed class_ap.txt (typically 3 decimals),,,complete,/mnt/shared/zechuan/iraod_artifacts/comparison/xaf_student_quant_20260908/formal_ports_runs_a39c832/rsar/gaussian_white_noise/seed_44/methods/IRG/eval_full_gaussian_white_noise_ids_v1/class_ap.txt
RSAR,gaussian_white_noise,IRG,44,ema,harbor,0.453,printed class_ap.txt (typically 3 decimals),,,complete,/mnt/shared/zechuan/iraod_artifacts/comparison/xaf_student_quant_20260908/formal_ports_runs_a39c832/rsar/gaussian_white_noise/seed_44/methods/IRG/eval_full_gaussian_white_noise_ids_v1/class_ap.txt
RSAR,gaussian_white_noise,LPLD,42,ema,ship,0.759,printed class_ap.txt (typically 3 decimals),,,complete,/mnt/shared/zechuan/iraod_artifacts/comparison/xaf_student_quant_20260908/formal_ports_runs_a39c832/rsar/gaussian_white_noise/seed_42/methods/LPLD/eval_full_gaussian_white_noise_ids_v1/class_ap.txt
RSAR,gaussian_white_noise,LPLD,42,ema,aircraft,0.751,printed class_ap.txt (typically 3 decimals),,,complete,/mnt/shared/zechuan/iraod_artifacts/comparison/xaf_student_quant_20260908/formal_ports_runs_a39c832/rsar/gaussian_white_noise/seed_42/methods/LPLD/eval_full_gaussian_white_noise_ids_v1/class_ap.txt
RSAR,gaussian_white_noise,LPLD,42,ema,car,0.767,printed class_ap.txt (typically 3 decimals),,,complete,/mnt/shared/zechuan/iraod_artifacts/comparison/xaf_student_quant_20260908/formal_ports_runs_a39c832/rsar/gaussian_white_noise/seed_42/methods/LPLD/eval_full_gaussian_white_noise_ids_v1/class_ap.txt
RSAR,gaussian_white_noise,LPLD,42,ema,tank,0.148,printed class_ap.txt (typically 3 decimals),,,complete,/mnt/shared/zechuan/iraod_artifacts/comparison/xaf_student_quant_20260908/formal_ports_runs_a39c832/rsar/gaussian_white_noise/seed_42/methods/LPLD/eval_full_gaussian_white_noise_ids_v1/class_ap.txt
RSAR,gaussian_white_noise,LPLD,42,ema,bridge,0.369,printed class_ap.txt (typically 3 decimals),,,complete,/mnt/shared/zechuan/iraod_artifacts/comparison/xaf_student_quant_20260908/formal_ports_runs_a39c832/rsar/gaussian_white_noise/seed_42/methods/LPLD/eval_full_gaussian_white_noise_ids_v1/class_ap.txt
RSAR,gaussian_white_noise,LPLD,42,ema,harbor,0.427,printed class_ap.txt (typically 3 decimals),,,complete,/mnt/shared/zechuan/iraod_artifacts/comparison/xaf_student_quant_20260908/formal_ports_runs_a39c832/rsar/gaussian_white_noise/seed_42/methods/LPLD/eval_full_gaussian_white_noise_ids_v1/class_ap.txt
RSAR,gaussian_white_noise,LPLD,43,ema,ship,0.76,printed class_ap.txt (typically 3 decimals),,,complete,/mnt/shared/zechuan/iraod_artifacts/comparison/xaf_student_quant_20260908/formal_ports_runs_a39c832/rsar/gaussian_white_noise/seed_43/methods/LPLD/eval_full_gaussian_white_noise_ids_v1/class_ap.txt
RSAR,gaussian_white_noise,LPLD,43,ema,aircraft,0.747,printed class_ap.txt (typically 3 decimals),,,complete,/mnt/shared/zechuan/iraod_artifacts/comparison/xaf_student_quant_20260908/formal_ports_runs_a39c832/rsar/gaussian_white_noise/seed_43/methods/LPLD/eval_full_gaussian_white_noise_ids_v1/class_ap.txt
RSAR,gaussian_white_noise,LPLD,43,ema,car,0.769,printed class_ap.txt (typically 3 decimals),,,complete,/mnt/shared/zechuan/iraod_artifacts/comparison/xaf_student_quant_20260908/formal_ports_runs_a39c832/rsar/gaussian_white_noise/seed_43/methods/LPLD/eval_full_gaussian_white_noise_ids_v1/class_ap.txt
RSAR,gaussian_white_noise,LPLD,43,ema,tank,0.16,printed class_ap.txt (typically 3 decimals),,,complete,/mnt/shared/zechuan/iraod_artifacts/comparison/xaf_student_quant_20260908/formal_ports_runs_a39c832/rsar/gaussian_white_noise/seed_43/methods/LPLD/eval_full_gaussian_white_noise_ids_v1/class_ap.txt
RSAR,gaussian_white_noise,LPLD,43,ema,bridge,0.373,printed class_ap.txt (typically 3 decimals),,,complete,/mnt/shared/zechuan/iraod_artifacts/comparison/xaf_student_quant_20260908/formal_ports_runs_a39c832/rsar/gaussian_white_noise/seed_43/methods/LPLD/eval_full_gaussian_white_noise_ids_v1/class_ap.txt
RSAR,gaussian_white_noise,LPLD,43,ema,harbor,0.394,printed class_ap.txt (typically 3 decimals),,,complete,/mnt/shared/zechuan/iraod_artifacts/comparison/xaf_student_quant_20260908/formal_ports_runs_a39c832/rsar/gaussian_white_noise/seed_43/methods/LPLD/eval_full_gaussian_white_noise_ids_v1/class_ap.txt
RSAR,gaussian_white_noise,LPLD,44,ema,ship,0.757,printed class_ap.txt (typically 3 decimals),,,complete,/mnt/shared/zechuan/iraod_artifacts/comparison/xaf_student_quant_20260908/formal_ports_runs_a39c832/rsar/gaussian_white_noise/seed_44/methods/LPLD/eval_full_gaussian_white_noise_ids_v1/class_ap.txt
RSAR,gaussian_white_noise,LPLD,44,ema,aircraft,0.75,printed class_ap.txt (typically 3 decimals),,,complete,/mnt/shared/zechuan/iraod_artifacts/comparison/xaf_student_quant_20260908/formal_ports_runs_a39c832/rsar/gaussian_white_noise/seed_44/methods/LPLD/eval_full_gaussian_white_noise_ids_v1/class_ap.txt
RSAR,gaussian_white_noise,LPLD,44,ema,car,0.768,printed class_ap.txt (typically 3 decimals),,,complete,/mnt/shared/zechuan/iraod_artifacts/comparison/xaf_student_quant_20260908/formal_ports_runs_a39c832/rsar/gaussian_white_noise/seed_44/methods/LPLD/eval_full_gaussian_white_noise_ids_v1/class_ap.txt
RSAR,gaussian_white_noise,LPLD,44,ema,tank,0.131,printed class_ap.txt (typically 3 decimals),,,complete,/mnt/shared/zechuan/iraod_artifacts/comparison/xaf_student_quant_20260908/formal_ports_runs_a39c832/rsar/gaussian_white_noise/seed_44/methods/LPLD/eval_full_gaussian_white_noise_ids_v1/class_ap.txt
RSAR,gaussian_white_noise,LPLD,44,ema,bridge,0.366,printed class_ap.txt (typically 3 decimals),,,complete,/mnt/shared/zechuan/iraod_artifacts/comparison/xaf_student_quant_20260908/formal_ports_runs_a39c832/rsar/gaussian_white_noise/seed_44/methods/LPLD/eval_full_gaussian_white_noise_ids_v1/class_ap.txt
RSAR,gaussian_white_noise,LPLD,44,ema,harbor,0.408,printed class_ap.txt (typically 3 decimals),,,complete,/mnt/shared/zechuan/iraod_artifacts/comparison/xaf_student_quant_20260908/formal_ports_runs_a39c832/rsar/gaussian_white_noise/seed_44/methods/LPLD/eval_full_gaussian_white_noise_ids_v1/class_ap.txt
RSAR,gaussian_white_noise,SFUT,42,ema,ship,0.772,printed class_ap.txt (typically 3 decimals),,,complete,/mnt/shared/zechuan/iraod_artifacts/comparison/xaf_student_quant_20260908/formal_ports_runs_a39c832/rsar/gaussian_white_noise/seed_42/methods/SFUT/eval_full_gaussian_white_noise_ids_v1/class_ap.txt
RSAR,gaussian_white_noise,SFUT,42,ema,aircraft,0.687,printed class_ap.txt (typically 3 decimals),,,complete,/mnt/shared/zechuan/iraod_artifacts/comparison/xaf_student_quant_20260908/formal_ports_runs_a39c832/rsar/gaussian_white_noise/seed_42/methods/SFUT/eval_full_gaussian_white_noise_ids_v1/class_ap.txt
RSAR,gaussian_white_noise,SFUT,42,ema,car,0.783,printed class_ap.txt (typically 3 decimals),,,complete,/mnt/shared/zechuan/iraod_artifacts/comparison/xaf_student_quant_20260908/formal_ports_runs_a39c832/rsar/gaussian_white_noise/seed_42/methods/SFUT/eval_full_gaussian_white_noise_ids_v1/class_ap.txt
RSAR,gaussian_white_noise,SFUT,42,ema,tank,0.173,printed class_ap.txt (typically 3 decimals),,,complete,/mnt/shared/zechuan/iraod_artifacts/comparison/xaf_student_quant_20260908/formal_ports_runs_a39c832/rsar/gaussian_white_noise/seed_42/methods/SFUT/eval_full_gaussian_white_noise_ids_v1/class_ap.txt
RSAR,gaussian_white_noise,SFUT,42,ema,bridge,0.396,printed class_ap.txt (typically 3 decimals),,,complete,/mnt/shared/zechuan/iraod_artifacts/comparison/xaf_student_quant_20260908/formal_ports_runs_a39c832/rsar/gaussian_white_noise/seed_42/methods/SFUT/eval_full_gaussian_white_noise_ids_v1/class_ap.txt
RSAR,gaussian_white_noise,SFUT,42,ema,harbor,0.44,printed class_ap.txt (typically 3 decimals),,,complete,/mnt/shared/zechuan/iraod_artifacts/comparison/xaf_student_quant_20260908/formal_ports_runs_a39c832/rsar/gaussian_white_noise/seed_42/methods/SFUT/eval_full_gaussian_white_noise_ids_v1/class_ap.txt
RSAR,gaussian_white_noise,SFUT,43,ema,ship,0.772,printed class_ap.txt (typically 3 decimals),,,complete,/mnt/shared/zechuan/iraod_artifacts/comparison/xaf_student_quant_20260908/formal_ports_runs_a39c832/rsar/gaussian_white_noise/seed_43/methods/SFUT/eval_full_gaussian_white_noise_ids_v1/class_ap.txt
RSAR,gaussian_white_noise,SFUT,43,ema,aircraft,0.64,printed class_ap.txt (typically 3 decimals),,,complete,/mnt/shared/zechuan/iraod_artifacts/comparison/xaf_student_quant_20260908/formal_ports_runs_a39c832/rsar/gaussian_white_noise/seed_43/methods/SFUT/eval_full_gaussian_white_noise_ids_v1/class_ap.txt
RSAR,gaussian_white_noise,SFUT,43,ema,car,0.783,printed class_ap.txt (typically 3 decimals),,,complete,/mnt/shared/zechuan/iraod_artifacts/comparison/xaf_student_quant_20260908/formal_ports_runs_a39c832/rsar/gaussian_white_noise/seed_43/methods/SFUT/eval_full_gaussian_white_noise_ids_v1/class_ap.txt
RSAR,gaussian_white_noise,SFUT,43,ema,tank,0.174,printed class_ap.txt (typically 3 decimals),,,complete,/mnt/shared/zechuan/iraod_artifacts/comparison/xaf_student_quant_20260908/formal_ports_runs_a39c832/rsar/gaussian_white_noise/seed_43/methods/SFUT/eval_full_gaussian_white_noise_ids_v1/class_ap.txt
RSAR,gaussian_white_noise,SFUT,43,ema,bridge,0.402,printed class_ap.txt (typically 3 decimals),,,complete,/mnt/shared/zechuan/iraod_artifacts/comparison/xaf_student_quant_20260908/formal_ports_runs_a39c832/rsar/gaussian_white_noise/seed_43/methods/SFUT/eval_full_gaussian_white_noise_ids_v1/class_ap.txt
RSAR,gaussian_white_noise,SFUT,43,ema,harbor,0.438,printed class_ap.txt (typically 3 decimals),,,complete,/mnt/shared/zechuan/iraod_artifacts/comparison/xaf_student_quant_20260908/formal_ports_runs_a39c832/rsar/gaussian_white_noise/seed_43/methods/SFUT/eval_full_gaussian_white_noise_ids_v1/class_ap.txt
RSAR,gaussian_white_noise,SFUT,44,ema,ship,0.772,printed class_ap.txt (typically 3 decimals),,,complete,/mnt/shared/zechuan/iraod_artifacts/comparison/xaf_student_quant_20260908/formal_ports_runs_a39c832/rsar/gaussian_white_noise/seed_44/methods/SFUT/eval_full_gaussian_white_noise_ids_v1/class_ap.txt
RSAR,gaussian_white_noise,SFUT,44,ema,aircraft,0.683,printed class_ap.txt (typically 3 decimals),,,complete,/mnt/shared/zechuan/iraod_artifacts/comparison/xaf_student_quant_20260908/formal_ports_runs_a39c832/rsar/gaussian_white_noise/seed_44/methods/SFUT/eval_full_gaussian_white_noise_ids_v1/class_ap.txt
RSAR,gaussian_white_noise,SFUT,44,ema,car,0.782,printed class_ap.txt (typically 3 decimals),,,complete,/mnt/shared/zechuan/iraod_artifacts/comparison/xaf_student_quant_20260908/formal_ports_runs_a39c832/rsar/gaussian_white_noise/seed_44/methods/SFUT/eval_full_gaussian_white_noise_ids_v1/class_ap.txt
RSAR,gaussian_white_noise,SFUT,44,ema,tank,0.172,printed class_ap.txt (typically 3 decimals),,,complete,/mnt/shared/zechuan/iraod_artifacts/comparison/xaf_student_quant_20260908/formal_ports_runs_a39c832/rsar/gaussian_white_noise/seed_44/methods/SFUT/eval_full_gaussian_white_noise_ids_v1/class_ap.txt
RSAR,gaussian_white_noise,SFUT,44,ema,bridge,0.403,printed class_ap.txt (typically 3 decimals),,,complete,/mnt/shared/zechuan/iraod_artifacts/comparison/xaf_student_quant_20260908/formal_ports_runs_a39c832/rsar/gaussian_white_noise/seed_44/methods/SFUT/eval_full_gaussian_white_noise_ids_v1/class_ap.txt
RSAR,gaussian_white_noise,SFUT,44,ema,harbor,0.43,printed class_ap.txt (typically 3 decimals),,,complete,/mnt/shared/zechuan/iraod_artifacts/comparison/xaf_student_quant_20260908/formal_ports_runs_a39c832/rsar/gaussian_white_noise/seed_44/methods/SFUT/eval_full_gaussian_white_noise_ids_v1/class_ap.txt
RSAR,point_target,A,42,source,ship,0.747,printed class_ap.txt (typically 3 decimals),0.747,0.747,complete,/mnt/shared/zechuan/iraod_artifacts/comparison/rsar/point_target/seed_42/0f98a48/methods/A/eval_full_point_target_ids_v1/class_ap.txt
RSAR,point_target,A,42,source,aircraft,0.6,printed class_ap.txt (typically 3 decimals),0.6,0.6,complete,/mnt/shared/zechuan/iraod_artifacts/comparison/rsar/point_target/seed_42/0f98a48/methods/A/eval_full_point_target_ids_v1/class_ap.txt
RSAR,point_target,A,42,source,car,0.776,printed class_ap.txt (typically 3 decimals),0.776,0.776,complete,/mnt/shared/zechuan/iraod_artifacts/comparison/rsar/point_target/seed_42/0f98a48/methods/A/eval_full_point_target_ids_v1/class_ap.txt
RSAR,point_target,A,42,source,tank,0.169,printed class_ap.txt (typically 3 decimals),0.169,0.169,complete,/mnt/shared/zechuan/iraod_artifacts/comparison/rsar/point_target/seed_42/0f98a48/methods/A/eval_full_point_target_ids_v1/class_ap.txt
RSAR,point_target,A,42,source,bridge,0.378,printed class_ap.txt (typically 3 decimals),0.378,0.378,complete,/mnt/shared/zechuan/iraod_artifacts/comparison/rsar/point_target/seed_42/0f98a48/methods/A/eval_full_point_target_ids_v1/class_ap.txt
RSAR,point_target,A,42,source,harbor,0.425,printed class_ap.txt (typically 3 decimals),0.425,0.425,complete,/mnt/shared/zechuan/iraod_artifacts/comparison/rsar/point_target/seed_42/0f98a48/methods/A/eval_full_point_target_ids_v1/class_ap.txt
RSAR,point_target,IRG,42,ema,ship,0.741,printed class_ap.txt (typically 3 decimals),,,complete,/mnt/shared/zechuan/iraod_artifacts/comparison/xaf_student_quant_20260908/formal_ports_runs_a39c832/rsar/point_target/seed_42/methods/IRG/eval_full_point_target_ids_v1/class_ap.txt
RSAR,point_target,IRG,42,ema,aircraft,0.66,printed class_ap.txt (typically 3 decimals),,,complete,/mnt/shared/zechuan/iraod_artifacts/comparison/xaf_student_quant_20260908/formal_ports_runs_a39c832/rsar/point_target/seed_42/methods/IRG/eval_full_point_target_ids_v1/class_ap.txt
RSAR,point_target,IRG,42,ema,car,0.776,printed class_ap.txt (typically 3 decimals),,,complete,/mnt/shared/zechuan/iraod_artifacts/comparison/xaf_student_quant_20260908/formal_ports_runs_a39c832/rsar/point_target/seed_42/methods/IRG/eval_full_point_target_ids_v1/class_ap.txt
RSAR,point_target,IRG,42,ema,tank,0.157,printed class_ap.txt (typically 3 decimals),,,complete,/mnt/shared/zechuan/iraod_artifacts/comparison/xaf_student_quant_20260908/formal_ports_runs_a39c832/rsar/point_target/seed_42/methods/IRG/eval_full_point_target_ids_v1/class_ap.txt
RSAR,point_target,IRG,42,ema,bridge,0.388,printed class_ap.txt (typically 3 decimals),,,complete,/mnt/shared/zechuan/iraod_artifacts/comparison/xaf_student_quant_20260908/formal_ports_runs_a39c832/rsar/point_target/seed_42/methods/IRG/eval_full_point_target_ids_v1/class_ap.txt
RSAR,point_target,IRG,42,ema,harbor,0.436,printed class_ap.txt (typically 3 decimals),,,complete,/mnt/shared/zechuan/iraod_artifacts/comparison/xaf_student_quant_20260908/formal_ports_runs_a39c832/rsar/point_target/seed_42/methods/IRG/eval_full_point_target_ids_v1/class_ap.txt
RSAR,point_target,IRG,43,ema,ship,0.746,printed class_ap.txt (typically 3 decimals),,,complete,/mnt/shared/zechuan/iraod_artifacts/comparison/xaf_student_quant_20260908/formal_ports_runs_a39c832/rsar/point_target/seed_43/methods/IRG/eval_full_point_target_ids_v1/class_ap.txt
RSAR,point_target,IRG,43,ema,aircraft,0.648,printed class_ap.txt (typically 3 decimals),,,complete,/mnt/shared/zechuan/iraod_artifacts/comparison/xaf_student_quant_20260908/formal_ports_runs_a39c832/rsar/point_target/seed_43/methods/IRG/eval_full_point_target_ids_v1/class_ap.txt
RSAR,point_target,IRG,43,ema,car,0.775,printed class_ap.txt (typically 3 decimals),,,complete,/mnt/shared/zechuan/iraod_artifacts/comparison/xaf_student_quant_20260908/formal_ports_runs_a39c832/rsar/point_target/seed_43/methods/IRG/eval_full_point_target_ids_v1/class_ap.txt
RSAR,point_target,IRG,43,ema,tank,0.159,printed class_ap.txt (typically 3 decimals),,,complete,/mnt/shared/zechuan/iraod_artifacts/comparison/xaf_student_quant_20260908/formal_ports_runs_a39c832/rsar/point_target/seed_43/methods/IRG/eval_full_point_target_ids_v1/class_ap.txt
RSAR,point_target,IRG,43,ema,bridge,0.388,printed class_ap.txt (typically 3 decimals),,,complete,/mnt/shared/zechuan/iraod_artifacts/comparison/xaf_student_quant_20260908/formal_ports_runs_a39c832/rsar/point_target/seed_43/methods/IRG/eval_full_point_target_ids_v1/class_ap.txt
RSAR,point_target,IRG,43,ema,harbor,0.44,printed class_ap.txt (typically 3 decimals),,,complete,/mnt/shared/zechuan/iraod_artifacts/comparison/xaf_student_quant_20260908/formal_ports_runs_a39c832/rsar/point_target/seed_43/methods/IRG/eval_full_point_target_ids_v1/class_ap.txt
RSAR,point_target,IRG,44,ema,ship,0.0,printed class_ap.txt (typically 3 decimals),,,complete,/mnt/shared/zechuan/iraod_artifacts/comparison/xaf_student_quant_20260908/formal_ports_runs_a39c832/rsar/point_target/seed_44/methods/IRG/eval_full_point_target_ids_v1/class_ap.txt
RSAR,point_target,IRG,44,ema,aircraft,0.0,printed class_ap.txt (typically 3 decimals),,,complete,/mnt/shared/zechuan/iraod_artifacts/comparison/xaf_student_quant_20260908/formal_ports_runs_a39c832/rsar/point_target/seed_44/methods/IRG/eval_full_point_target_ids_v1/class_ap.txt
RSAR,point_target,IRG,44,ema,car,0.0,printed class_ap.txt (typically 3 decimals),,,complete,/mnt/shared/zechuan/iraod_artifacts/comparison/xaf_student_quant_20260908/formal_ports_runs_a39c832/rsar/point_target/seed_44/methods/IRG/eval_full_point_target_ids_v1/class_ap.txt
RSAR,point_target,IRG,44,ema,tank,0.0,printed class_ap.txt (typically 3 decimals),,,complete,/mnt/shared/zechuan/iraod_artifacts/comparison/xaf_student_quant_20260908/formal_ports_runs_a39c832/rsar/point_target/seed_44/methods/IRG/eval_full_point_target_ids_v1/class_ap.txt
RSAR,point_target,IRG,44,ema,bridge,0.0,printed class_ap.txt (typically 3 decimals),,,complete,/mnt/shared/zechuan/iraod_artifacts/comparison/xaf_student_quant_20260908/formal_ports_runs_a39c832/rsar/point_target/seed_44/methods/IRG/eval_full_point_target_ids_v1/class_ap.txt
RSAR,point_target,IRG,44,ema,harbor,0.0,printed class_ap.txt (typically 3 decimals),,,complete,/mnt/shared/zechuan/iraod_artifacts/comparison/xaf_student_quant_20260908/formal_ports_runs_a39c832/rsar/point_target/seed_44/methods/IRG/eval_full_point_target_ids_v1/class_ap.txt
RSAR,point_target,LPLD,42,ema,ship,0.734,printed class_ap.txt (typically 3 decimals),,,complete,/mnt/shared/zechuan/iraod_artifacts/comparison/xaf_student_quant_20260908/formal_ports_runs_a39c832/rsar/point_target/seed_42/methods/LPLD/eval_full_point_target_ids_v1/class_ap.txt
RSAR,point_target,LPLD,42,ema,aircraft,0.677,printed class_ap.txt (typically 3 decimals),,,complete,/mnt/shared/zechuan/iraod_artifacts/comparison/xaf_student_quant_20260908/formal_ports_runs_a39c832/rsar/point_target/seed_42/methods/LPLD/eval_full_point_target_ids_v1/class_ap.txt
RSAR,point_target,LPLD,42,ema,car,0.769,printed class_ap.txt (typically 3 decimals),,,complete,/mnt/shared/zechuan/iraod_artifacts/comparison/xaf_student_quant_20260908/formal_ports_runs_a39c832/rsar/point_target/seed_42/methods/LPLD/eval_full_point_target_ids_v1/class_ap.txt
RSAR,point_target,LPLD,42,ema,tank,0.146,printed class_ap.txt (typically 3 decimals),,,complete,/mnt/shared/zechuan/iraod_artifacts/comparison/xaf_student_quant_20260908/formal_ports_runs_a39c832/rsar/point_target/seed_42/methods/LPLD/eval_full_point_target_ids_v1/class_ap.txt
RSAR,point_target,LPLD,42,ema,bridge,0.354,printed class_ap.txt (typically 3 decimals),,,complete,/mnt/shared/zechuan/iraod_artifacts/comparison/xaf_student_quant_20260908/formal_ports_runs_a39c832/rsar/point_target/seed_42/methods/LPLD/eval_full_point_target_ids_v1/class_ap.txt
RSAR,point_target,LPLD,42,ema,harbor,0.403,printed class_ap.txt (typically 3 decimals),,,complete,/mnt/shared/zechuan/iraod_artifacts/comparison/xaf_student_quant_20260908/formal_ports_runs_a39c832/rsar/point_target/seed_42/methods/LPLD/eval_full_point_target_ids_v1/class_ap.txt
RSAR,point_target,LPLD,43,ema,ship,0.74,printed class_ap.txt (typically 3 decimals),,,complete,/mnt/shared/zechuan/iraod_artifacts/comparison/xaf_student_quant_20260908/formal_ports_runs_a39c832/rsar/point_target/seed_43/methods/LPLD/eval_full_point_target_ids_v1/class_ap.txt
RSAR,point_target,LPLD,43,ema,aircraft,0.715,printed class_ap.txt (typically 3 decimals),,,complete,/mnt/shared/zechuan/iraod_artifacts/comparison/xaf_student_quant_20260908/formal_ports_runs_a39c832/rsar/point_target/seed_43/methods/LPLD/eval_full_point_target_ids_v1/class_ap.txt
RSAR,point_target,LPLD,43,ema,car,0.767,printed class_ap.txt (typically 3 decimals),,,complete,/mnt/shared/zechuan/iraod_artifacts/comparison/xaf_student_quant_20260908/formal_ports_runs_a39c832/rsar/point_target/seed_43/methods/LPLD/eval_full_point_target_ids_v1/class_ap.txt
RSAR,point_target,LPLD,43,ema,tank,0.157,printed class_ap.txt (typically 3 decimals),,,complete,/mnt/shared/zechuan/iraod_artifacts/comparison/xaf_student_quant_20260908/formal_ports_runs_a39c832/rsar/point_target/seed_43/methods/LPLD/eval_full_point_target_ids_v1/class_ap.txt
RSAR,point_target,LPLD,43,ema,bridge,0.351,printed class_ap.txt (typically 3 decimals),,,complete,/mnt/shared/zechuan/iraod_artifacts/comparison/xaf_student_quant_20260908/formal_ports_runs_a39c832/rsar/point_target/seed_43/methods/LPLD/eval_full_point_target_ids_v1/class_ap.txt
RSAR,point_target,LPLD,43,ema,harbor,0.406,printed class_ap.txt (typically 3 decimals),,,complete,/mnt/shared/zechuan/iraod_artifacts/comparison/xaf_student_quant_20260908/formal_ports_runs_a39c832/rsar/point_target/seed_43/methods/LPLD/eval_full_point_target_ids_v1/class_ap.txt
RSAR,point_target,LPLD,44,ema,ship,0.0,printed class_ap.txt (typically 3 decimals),,,complete,/mnt/shared/zechuan/iraod_artifacts/comparison/xaf_student_quant_20260908/formal_ports_runs_a39c832/rsar/point_target/seed_44/methods/LPLD/eval_full_point_target_ids_v1/class_ap.txt
RSAR,point_target,LPLD,44,ema,aircraft,0.0,printed class_ap.txt (typically 3 decimals),,,complete,/mnt/shared/zechuan/iraod_artifacts/comparison/xaf_student_quant_20260908/formal_ports_runs_a39c832/rsar/point_target/seed_44/methods/LPLD/eval_full_point_target_ids_v1/class_ap.txt
RSAR,point_target,LPLD,44,ema,car,0.0,printed class_ap.txt (typically 3 decimals),,,complete,/mnt/shared/zechuan/iraod_artifacts/comparison/xaf_student_quant_20260908/formal_ports_runs_a39c832/rsar/point_target/seed_44/methods/LPLD/eval_full_point_target_ids_v1/class_ap.txt
RSAR,point_target,LPLD,44,ema,tank,0.0,printed class_ap.txt (typically 3 decimals),,,complete,/mnt/shared/zechuan/iraod_artifacts/comparison/xaf_student_quant_20260908/formal_ports_runs_a39c832/rsar/point_target/seed_44/methods/LPLD/eval_full_point_target_ids_v1/class_ap.txt
RSAR,point_target,LPLD,44,ema,bridge,0.0,printed class_ap.txt (typically 3 decimals),,,complete,/mnt/shared/zechuan/iraod_artifacts/comparison/xaf_student_quant_20260908/formal_ports_runs_a39c832/rsar/point_target/seed_44/methods/LPLD/eval_full_point_target_ids_v1/class_ap.txt
RSAR,point_target,LPLD,44,ema,harbor,0.0,printed class_ap.txt (typically 3 decimals),,,complete,/mnt/shared/zechuan/iraod_artifacts/comparison/xaf_student_quant_20260908/formal_ports_runs_a39c832/rsar/point_target/seed_44/methods/LPLD/eval_full_point_target_ids_v1/class_ap.txt
RSAR,point_target,SFUT,42,ema,ship,0.748,printed class_ap.txt (typically 3 decimals),,,complete,/mnt/shared/zechuan/iraod_artifacts/comparison/xaf_student_quant_20260908/formal_ports_runs_a39c832/rsar/point_target/seed_42/methods/SFUT/eval_full_point_target_ids_v1/class_ap.txt
RSAR,point_target,SFUT,42,ema,aircraft,0.625,printed class_ap.txt (typically 3 decimals),,,complete,/mnt/shared/zechuan/iraod_artifacts/comparison/xaf_student_quant_20260908/formal_ports_runs_a39c832/rsar/point_target/seed_42/methods/SFUT/eval_full_point_target_ids_v1/class_ap.txt
RSAR,point_target,SFUT,42,ema,car,0.776,printed class_ap.txt (typically 3 decimals),,,complete,/mnt/shared/zechuan/iraod_artifacts/comparison/xaf_student_quant_20260908/formal_ports_runs_a39c832/rsar/point_target/seed_42/methods/SFUT/eval_full_point_target_ids_v1/class_ap.txt
RSAR,point_target,SFUT,42,ema,tank,0.169,printed class_ap.txt (typically 3 decimals),,,complete,/mnt/shared/zechuan/iraod_artifacts/comparison/xaf_student_quant_20260908/formal_ports_runs_a39c832/rsar/point_target/seed_42/methods/SFUT/eval_full_point_target_ids_v1/class_ap.txt
RSAR,point_target,SFUT,42,ema,bridge,0.38,printed class_ap.txt (typically 3 decimals),,,complete,/mnt/shared/zechuan/iraod_artifacts/comparison/xaf_student_quant_20260908/formal_ports_runs_a39c832/rsar/point_target/seed_42/methods/SFUT/eval_full_point_target_ids_v1/class_ap.txt
RSAR,point_target,SFUT,42,ema,harbor,0.43,printed class_ap.txt (typically 3 decimals),,,complete,/mnt/shared/zechuan/iraod_artifacts/comparison/xaf_student_quant_20260908/formal_ports_runs_a39c832/rsar/point_target/seed_42/methods/SFUT/eval_full_point_target_ids_v1/class_ap.txt
RSAR,point_target,SFUT,43,ema,ship,0.747,printed class_ap.txt (typically 3 decimals),,,complete,/mnt/shared/zechuan/iraod_artifacts/comparison/xaf_student_quant_20260908/formal_ports_runs_a39c832/rsar/point_target/seed_43/methods/SFUT/eval_full_point_target_ids_v1/class_ap.txt
RSAR,point_target,SFUT,43,ema,aircraft,0.634,printed class_ap.txt (typically 3 decimals),,,complete,/mnt/shared/zechuan/iraod_artifacts/comparison/xaf_student_quant_20260908/formal_ports_runs_a39c832/rsar/point_target/seed_43/methods/SFUT/eval_full_point_target_ids_v1/class_ap.txt
RSAR,point_target,SFUT,43,ema,car,0.777,printed class_ap.txt (typically 3 decimals),,,complete,/mnt/shared/zechuan/iraod_artifacts/comparison/xaf_student_quant_20260908/formal_ports_runs_a39c832/rsar/point_target/seed_43/methods/SFUT/eval_full_point_target_ids_v1/class_ap.txt
RSAR,point_target,SFUT,43,ema,tank,0.167,printed class_ap.txt (typically 3 decimals),,,complete,/mnt/shared/zechuan/iraod_artifacts/comparison/xaf_student_quant_20260908/formal_ports_runs_a39c832/rsar/point_target/seed_43/methods/SFUT/eval_full_point_target_ids_v1/class_ap.txt
RSAR,point_target,SFUT,43,ema,bridge,0.387,printed class_ap.txt (typically 3 decimals),,,complete,/mnt/shared/zechuan/iraod_artifacts/comparison/xaf_student_quant_20260908/formal_ports_runs_a39c832/rsar/point_target/seed_43/methods/SFUT/eval_full_point_target_ids_v1/class_ap.txt
RSAR,point_target,SFUT,43,ema,harbor,0.432,printed class_ap.txt (typically 3 decimals),,,complete,/mnt/shared/zechuan/iraod_artifacts/comparison/xaf_student_quant_20260908/formal_ports_runs_a39c832/rsar/point_target/seed_43/methods/SFUT/eval_full_point_target_ids_v1/class_ap.txt
RSAR,point_target,SFUT,44,ema,ship,0.747,printed class_ap.txt (typically 3 decimals),,,complete,/mnt/shared/zechuan/iraod_artifacts/comparison/xaf_student_quant_20260908/formal_ports_runs_a39c832/rsar/point_target/seed_44/methods/SFUT/eval_full_point_target_ids_v1/class_ap.txt
RSAR,point_target,SFUT,44,ema,aircraft,0.626,printed class_ap.txt (typically 3 decimals),,,complete,/mnt/shared/zechuan/iraod_artifacts/comparison/xaf_student_quant_20260908/formal_ports_runs_a39c832/rsar/point_target/seed_44/methods/SFUT/eval_full_point_target_ids_v1/class_ap.txt
RSAR,point_target,SFUT,44,ema,car,0.777,printed class_ap.txt (typically 3 decimals),,,complete,/mnt/shared/zechuan/iraod_artifacts/comparison/xaf_student_quant_20260908/formal_ports_runs_a39c832/rsar/point_target/seed_44/methods/SFUT/eval_full_point_target_ids_v1/class_ap.txt
RSAR,point_target,SFUT,44,ema,tank,0.173,printed class_ap.txt (typically 3 decimals),,,complete,/mnt/shared/zechuan/iraod_artifacts/comparison/xaf_student_quant_20260908/formal_ports_runs_a39c832/rsar/point_target/seed_44/methods/SFUT/eval_full_point_target_ids_v1/class_ap.txt
RSAR,point_target,SFUT,44,ema,bridge,0.387,printed class_ap.txt (typically 3 decimals),,,complete,/mnt/shared/zechuan/iraod_artifacts/comparison/xaf_student_quant_20260908/formal_ports_runs_a39c832/rsar/point_target/seed_44/methods/SFUT/eval_full_point_target_ids_v1/class_ap.txt
RSAR,point_target,SFUT,44,ema,harbor,0.43,printed class_ap.txt (typically 3 decimals),,,complete,/mnt/shared/zechuan/iraod_artifacts/comparison/xaf_student_quant_20260908/formal_ports_runs_a39c832/rsar/point_target/seed_44/methods/SFUT/eval_full_point_target_ids_v1/class_ap.txt
RSAR,noise_suppression,A,42,source,ship,0.466,printed class_ap.txt (typically 3 decimals),0.466,0.466,complete,/mnt/shared/zechuan/iraod_artifacts/comparison/rsar/noise_suppression/seed_42/0f98a48/methods/A/eval_full_noise_suppression_ids_v1/class_ap.txt
RSAR,noise_suppression,A,42,source,aircraft,0.051,printed class_ap.txt (typically 3 decimals),0.051,0.051,complete,/mnt/shared/zechuan/iraod_artifacts/comparison/rsar/noise_suppression/seed_42/0f98a48/methods/A/eval_full_noise_suppression_ids_v1/class_ap.txt
RSAR,noise_suppression,A,42,source,car,0.0,printed class_ap.txt (typically 3 decimals),0.0,0.0,complete,/mnt/shared/zechuan/iraod_artifacts/comparison/rsar/noise_suppression/seed_42/0f98a48/methods/A/eval_full_noise_suppression_ids_v1/class_ap.txt
RSAR,noise_suppression,A,42,source,tank,0.001,printed class_ap.txt (typically 3 decimals),0.001,0.001,complete,/mnt/shared/zechuan/iraod_artifacts/comparison/rsar/noise_suppression/seed_42/0f98a48/methods/A/eval_full_noise_suppression_ids_v1/class_ap.txt
RSAR,noise_suppression,A,42,source,bridge,0.346,printed class_ap.txt (typically 3 decimals),0.346,0.346,complete,/mnt/shared/zechuan/iraod_artifacts/comparison/rsar/noise_suppression/seed_42/0f98a48/methods/A/eval_full_noise_suppression_ids_v1/class_ap.txt
RSAR,noise_suppression,A,42,source,harbor,0.116,printed class_ap.txt (typically 3 decimals),0.116,0.116,complete,/mnt/shared/zechuan/iraod_artifacts/comparison/rsar/noise_suppression/seed_42/0f98a48/methods/A/eval_full_noise_suppression_ids_v1/class_ap.txt
RSAR,noise_suppression,IRG,42,ema,ship,0.529,printed class_ap.txt (typically 3 decimals),,,complete,/mnt/shared/zechuan/iraod_artifacts/comparison/xaf_student_quant_20260908/formal_ports_runs_a39c832/rsar/noise_suppression/seed_42/methods/IRG/eval_full_noise_suppression_ids_v1/class_ap.txt
RSAR,noise_suppression,IRG,42,ema,aircraft,0.054,printed class_ap.txt (typically 3 decimals),,,complete,/mnt/shared/zechuan/iraod_artifacts/comparison/xaf_student_quant_20260908/formal_ports_runs_a39c832/rsar/noise_suppression/seed_42/methods/IRG/eval_full_noise_suppression_ids_v1/class_ap.txt
RSAR,noise_suppression,IRG,42,ema,car,0.0,printed class_ap.txt (typically 3 decimals),,,complete,/mnt/shared/zechuan/iraod_artifacts/comparison/xaf_student_quant_20260908/formal_ports_runs_a39c832/rsar/noise_suppression/seed_42/methods/IRG/eval_full_noise_suppression_ids_v1/class_ap.txt
RSAR,noise_suppression,IRG,42,ema,tank,0.003,printed class_ap.txt (typically 3 decimals),,,complete,/mnt/shared/zechuan/iraod_artifacts/comparison/xaf_student_quant_20260908/formal_ports_runs_a39c832/rsar/noise_suppression/seed_42/methods/IRG/eval_full_noise_suppression_ids_v1/class_ap.txt
RSAR,noise_suppression,IRG,42,ema,bridge,0.361,printed class_ap.txt (typically 3 decimals),,,complete,/mnt/shared/zechuan/iraod_artifacts/comparison/xaf_student_quant_20260908/formal_ports_runs_a39c832/rsar/noise_suppression/seed_42/methods/IRG/eval_full_noise_suppression_ids_v1/class_ap.txt
RSAR,noise_suppression,IRG,42,ema,harbor,0.183,printed class_ap.txt (typically 3 decimals),,,complete,/mnt/shared/zechuan/iraod_artifacts/comparison/xaf_student_quant_20260908/formal_ports_runs_a39c832/rsar/noise_suppression/seed_42/methods/IRG/eval_full_noise_suppression_ids_v1/class_ap.txt
RSAR,noise_suppression,IRG,43,ema,ship,0.526,printed class_ap.txt (typically 3 decimals),,,complete,/mnt/shared/zechuan/iraod_artifacts/comparison/xaf_student_quant_20260908/formal_ports_runs_a39c832/rsar/noise_suppression/seed_43/methods/IRG/eval_full_noise_suppression_ids_v1/class_ap.txt
RSAR,noise_suppression,IRG,43,ema,aircraft,0.094,printed class_ap.txt (typically 3 decimals),,,complete,/mnt/shared/zechuan/iraod_artifacts/comparison/xaf_student_quant_20260908/formal_ports_runs_a39c832/rsar/noise_suppression/seed_43/methods/IRG/eval_full_noise_suppression_ids_v1/class_ap.txt
RSAR,noise_suppression,IRG,43,ema,car,0.0,printed class_ap.txt (typically 3 decimals),,,complete,/mnt/shared/zechuan/iraod_artifacts/comparison/xaf_student_quant_20260908/formal_ports_runs_a39c832/rsar/noise_suppression/seed_43/methods/IRG/eval_full_noise_suppression_ids_v1/class_ap.txt
RSAR,noise_suppression,IRG,43,ema,tank,0.003,printed class_ap.txt (typically 3 decimals),,,complete,/mnt/shared/zechuan/iraod_artifacts/comparison/xaf_student_quant_20260908/formal_ports_runs_a39c832/rsar/noise_suppression/seed_43/methods/IRG/eval_full_noise_suppression_ids_v1/class_ap.txt
RSAR,noise_suppression,IRG,43,ema,bridge,0.359,printed class_ap.txt (typically 3 decimals),,,complete,/mnt/shared/zechuan/iraod_artifacts/comparison/xaf_student_quant_20260908/formal_ports_runs_a39c832/rsar/noise_suppression/seed_43/methods/IRG/eval_full_noise_suppression_ids_v1/class_ap.txt
RSAR,noise_suppression,IRG,43,ema,harbor,0.199,printed class_ap.txt (typically 3 decimals),,,complete,/mnt/shared/zechuan/iraod_artifacts/comparison/xaf_student_quant_20260908/formal_ports_runs_a39c832/rsar/noise_suppression/seed_43/methods/IRG/eval_full_noise_suppression_ids_v1/class_ap.txt
RSAR,noise_suppression,IRG,44,ema,ship,0.0,printed class_ap.txt (typically 3 decimals),,,complete,/mnt/shared/zechuan/iraod_artifacts/comparison/xaf_student_quant_20260908/formal_ports_runs_a39c832/rsar/noise_suppression/seed_44/methods/IRG/eval_full_noise_suppression_ids_v1/class_ap.txt
RSAR,noise_suppression,IRG,44,ema,aircraft,0.0,printed class_ap.txt (typically 3 decimals),,,complete,/mnt/shared/zechuan/iraod_artifacts/comparison/xaf_student_quant_20260908/formal_ports_runs_a39c832/rsar/noise_suppression/seed_44/methods/IRG/eval_full_noise_suppression_ids_v1/class_ap.txt
RSAR,noise_suppression,IRG,44,ema,car,0.0,printed class_ap.txt (typically 3 decimals),,,complete,/mnt/shared/zechuan/iraod_artifacts/comparison/xaf_student_quant_20260908/formal_ports_runs_a39c832/rsar/noise_suppression/seed_44/methods/IRG/eval_full_noise_suppression_ids_v1/class_ap.txt
RSAR,noise_suppression,IRG,44,ema,tank,0.0,printed class_ap.txt (typically 3 decimals),,,complete,/mnt/shared/zechuan/iraod_artifacts/comparison/xaf_student_quant_20260908/formal_ports_runs_a39c832/rsar/noise_suppression/seed_44/methods/IRG/eval_full_noise_suppression_ids_v1/class_ap.txt
RSAR,noise_suppression,IRG,44,ema,bridge,0.0,printed class_ap.txt (typically 3 decimals),,,complete,/mnt/shared/zechuan/iraod_artifacts/comparison/xaf_student_quant_20260908/formal_ports_runs_a39c832/rsar/noise_suppression/seed_44/methods/IRG/eval_full_noise_suppression_ids_v1/class_ap.txt
RSAR,noise_suppression,IRG,44,ema,harbor,0.0,printed class_ap.txt (typically 3 decimals),,,complete,/mnt/shared/zechuan/iraod_artifacts/comparison/xaf_student_quant_20260908/formal_ports_runs_a39c832/rsar/noise_suppression/seed_44/methods/IRG/eval_full_noise_suppression_ids_v1/class_ap.txt
RSAR,noise_suppression,LPLD,42,ema,ship,0.535,printed class_ap.txt (typically 3 decimals),,,complete,/mnt/shared/zechuan/iraod_artifacts/comparison/xaf_student_quant_20260908/formal_ports_runs_a39c832/rsar/noise_suppression/seed_42/methods/LPLD/eval_full_noise_suppression_ids_v1/class_ap.txt
RSAR,noise_suppression,LPLD,42,ema,aircraft,0.06,printed class_ap.txt (typically 3 decimals),,,complete,/mnt/shared/zechuan/iraod_artifacts/comparison/xaf_student_quant_20260908/formal_ports_runs_a39c832/rsar/noise_suppression/seed_42/methods/LPLD/eval_full_noise_suppression_ids_v1/class_ap.txt
RSAR,noise_suppression,LPLD,42,ema,car,0.001,printed class_ap.txt (typically 3 decimals),,,complete,/mnt/shared/zechuan/iraod_artifacts/comparison/xaf_student_quant_20260908/formal_ports_runs_a39c832/rsar/noise_suppression/seed_42/methods/LPLD/eval_full_noise_suppression_ids_v1/class_ap.txt
RSAR,noise_suppression,LPLD,42,ema,tank,0.003,printed class_ap.txt (typically 3 decimals),,,complete,/mnt/shared/zechuan/iraod_artifacts/comparison/xaf_student_quant_20260908/formal_ports_runs_a39c832/rsar/noise_suppression/seed_42/methods/LPLD/eval_full_noise_suppression_ids_v1/class_ap.txt
RSAR,noise_suppression,LPLD,42,ema,bridge,0.356,printed class_ap.txt (typically 3 decimals),,,complete,/mnt/shared/zechuan/iraod_artifacts/comparison/xaf_student_quant_20260908/formal_ports_runs_a39c832/rsar/noise_suppression/seed_42/methods/LPLD/eval_full_noise_suppression_ids_v1/class_ap.txt
RSAR,noise_suppression,LPLD,42,ema,harbor,0.166,printed class_ap.txt (typically 3 decimals),,,complete,/mnt/shared/zechuan/iraod_artifacts/comparison/xaf_student_quant_20260908/formal_ports_runs_a39c832/rsar/noise_suppression/seed_42/methods/LPLD/eval_full_noise_suppression_ids_v1/class_ap.txt
RSAR,noise_suppression,LPLD,43,ema,ship,0.53,printed class_ap.txt (typically 3 decimals),,,complete,/mnt/shared/zechuan/iraod_artifacts/comparison/xaf_student_quant_20260908/formal_ports_runs_a39c832/rsar/noise_suppression/seed_43/methods/LPLD/eval_full_noise_suppression_ids_v1/class_ap.txt
RSAR,noise_suppression,LPLD,43,ema,aircraft,0.057,printed class_ap.txt (typically 3 decimals),,,complete,/mnt/shared/zechuan/iraod_artifacts/comparison/xaf_student_quant_20260908/formal_ports_runs_a39c832/rsar/noise_suppression/seed_43/methods/LPLD/eval_full_noise_suppression_ids_v1/class_ap.txt
RSAR,noise_suppression,LPLD,43,ema,car,0.001,printed class_ap.txt (typically 3 decimals),,,complete,/mnt/shared/zechuan/iraod_artifacts/comparison/xaf_student_quant_20260908/formal_ports_runs_a39c832/rsar/noise_suppression/seed_43/methods/LPLD/eval_full_noise_suppression_ids_v1/class_ap.txt
RSAR,noise_suppression,LPLD,43,ema,tank,0.002,printed class_ap.txt (typically 3 decimals),,,complete,/mnt/shared/zechuan/iraod_artifacts/comparison/xaf_student_quant_20260908/formal_ports_runs_a39c832/rsar/noise_suppression/seed_43/methods/LPLD/eval_full_noise_suppression_ids_v1/class_ap.txt
RSAR,noise_suppression,LPLD,43,ema,bridge,0.354,printed class_ap.txt (typically 3 decimals),,,complete,/mnt/shared/zechuan/iraod_artifacts/comparison/xaf_student_quant_20260908/formal_ports_runs_a39c832/rsar/noise_suppression/seed_43/methods/LPLD/eval_full_noise_suppression_ids_v1/class_ap.txt
RSAR,noise_suppression,LPLD,43,ema,harbor,0.17,printed class_ap.txt (typically 3 decimals),,,complete,/mnt/shared/zechuan/iraod_artifacts/comparison/xaf_student_quant_20260908/formal_ports_runs_a39c832/rsar/noise_suppression/seed_43/methods/LPLD/eval_full_noise_suppression_ids_v1/class_ap.txt
RSAR,noise_suppression,LPLD,44,ema,ship,0.0,printed class_ap.txt (typically 3 decimals),,,complete,/mnt/shared/zechuan/iraod_artifacts/comparison/xaf_student_quant_20260908/formal_ports_runs_a39c832/rsar/noise_suppression/seed_44/methods/LPLD/eval_full_noise_suppression_ids_v1/class_ap.txt
RSAR,noise_suppression,LPLD,44,ema,aircraft,0.0,printed class_ap.txt (typically 3 decimals),,,complete,/mnt/shared/zechuan/iraod_artifacts/comparison/xaf_student_quant_20260908/formal_ports_runs_a39c832/rsar/noise_suppression/seed_44/methods/LPLD/eval_full_noise_suppression_ids_v1/class_ap.txt
RSAR,noise_suppression,LPLD,44,ema,car,0.0,printed class_ap.txt (typically 3 decimals),,,complete,/mnt/shared/zechuan/iraod_artifacts/comparison/xaf_student_quant_20260908/formal_ports_runs_a39c832/rsar/noise_suppression/seed_44/methods/LPLD/eval_full_noise_suppression_ids_v1/class_ap.txt
RSAR,noise_suppression,LPLD,44,ema,tank,0.0,printed class_ap.txt (typically 3 decimals),,,complete,/mnt/shared/zechuan/iraod_artifacts/comparison/xaf_student_quant_20260908/formal_ports_runs_a39c832/rsar/noise_suppression/seed_44/methods/LPLD/eval_full_noise_suppression_ids_v1/class_ap.txt
RSAR,noise_suppression,LPLD,44,ema,bridge,0.0,printed class_ap.txt (typically 3 decimals),,,complete,/mnt/shared/zechuan/iraod_artifacts/comparison/xaf_student_quant_20260908/formal_ports_runs_a39c832/rsar/noise_suppression/seed_44/methods/LPLD/eval_full_noise_suppression_ids_v1/class_ap.txt
RSAR,noise_suppression,LPLD,44,ema,harbor,0.0,printed class_ap.txt (typically 3 decimals),,,complete,/mnt/shared/zechuan/iraod_artifacts/comparison/xaf_student_quant_20260908/formal_ports_runs_a39c832/rsar/noise_suppression/seed_44/methods/LPLD/eval_full_noise_suppression_ids_v1/class_ap.txt
RSAR,noise_suppression,SFUT,42,ema,ship,0.472,printed class_ap.txt (typically 3 decimals),,,complete,/mnt/shared/zechuan/iraod_artifacts/comparison/xaf_student_quant_20260908/formal_ports_runs_a39c832/rsar/noise_suppression/seed_42/methods/SFUT/eval_full_noise_suppression_ids_v1/class_ap.txt
RSAR,noise_suppression,SFUT,42,ema,aircraft,0.054,printed class_ap.txt (typically 3 decimals),,,complete,/mnt/shared/zechuan/iraod_artifacts/comparison/xaf_student_quant_20260908/formal_ports_runs_a39c832/rsar/noise_suppression/seed_42/methods/SFUT/eval_full_noise_suppression_ids_v1/class_ap.txt
RSAR,noise_suppression,SFUT,42,ema,car,0.0,printed class_ap.txt (typically 3 decimals),,,complete,/mnt/shared/zechuan/iraod_artifacts/comparison/xaf_student_quant_20260908/formal_ports_runs_a39c832/rsar/noise_suppression/seed_42/methods/SFUT/eval_full_noise_suppression_ids_v1/class_ap.txt
RSAR,noise_suppression,SFUT,42,ema,tank,0.001,printed class_ap.txt (typically 3 decimals),,,complete,/mnt/shared/zechuan/iraod_artifacts/comparison/xaf_student_quant_20260908/formal_ports_runs_a39c832/rsar/noise_suppression/seed_42/methods/SFUT/eval_full_noise_suppression_ids_v1/class_ap.txt
RSAR,noise_suppression,SFUT,42,ema,bridge,0.36,printed class_ap.txt (typically 3 decimals),,,complete,/mnt/shared/zechuan/iraod_artifacts/comparison/xaf_student_quant_20260908/formal_ports_runs_a39c832/rsar/noise_suppression/seed_42/methods/SFUT/eval_full_noise_suppression_ids_v1/class_ap.txt
RSAR,noise_suppression,SFUT,42,ema,harbor,0.166,printed class_ap.txt (typically 3 decimals),,,complete,/mnt/shared/zechuan/iraod_artifacts/comparison/xaf_student_quant_20260908/formal_ports_runs_a39c832/rsar/noise_suppression/seed_42/methods/SFUT/eval_full_noise_suppression_ids_v1/class_ap.txt
RSAR,noise_suppression,SFUT,43,ema,ship,0.472,printed class_ap.txt (typically 3 decimals),,,complete,/mnt/shared/zechuan/iraod_artifacts/comparison/xaf_student_quant_20260908/formal_ports_runs_a39c832/rsar/noise_suppression/seed_43/methods/SFUT/eval_full_noise_suppression_ids_v1/class_ap.txt
RSAR,noise_suppression,SFUT,43,ema,aircraft,0.052,printed class_ap.txt (typically 3 decimals),,,complete,/mnt/shared/zechuan/iraod_artifacts/comparison/xaf_student_quant_20260908/formal_ports_runs_a39c832/rsar/noise_suppression/seed_43/methods/SFUT/eval_full_noise_suppression_ids_v1/class_ap.txt
RSAR,noise_suppression,SFUT,43,ema,car,0.0,printed class_ap.txt (typically 3 decimals),,,complete,/mnt/shared/zechuan/iraod_artifacts/comparison/xaf_student_quant_20260908/formal_ports_runs_a39c832/rsar/noise_suppression/seed_43/methods/SFUT/eval_full_noise_suppression_ids_v1/class_ap.txt
RSAR,noise_suppression,SFUT,43,ema,tank,0.001,printed class_ap.txt (typically 3 decimals),,,complete,/mnt/shared/zechuan/iraod_artifacts/comparison/xaf_student_quant_20260908/formal_ports_runs_a39c832/rsar/noise_suppression/seed_43/methods/SFUT/eval_full_noise_suppression_ids_v1/class_ap.txt
RSAR,noise_suppression,SFUT,43,ema,bridge,0.356,printed class_ap.txt (typically 3 decimals),,,complete,/mnt/shared/zechuan/iraod_artifacts/comparison/xaf_student_quant_20260908/formal_ports_runs_a39c832/rsar/noise_suppression/seed_43/methods/SFUT/eval_full_noise_suppression_ids_v1/class_ap.txt
RSAR,noise_suppression,SFUT,43,ema,harbor,0.165,printed class_ap.txt (typically 3 decimals),,,complete,/mnt/shared/zechuan/iraod_artifacts/comparison/xaf_student_quant_20260908/formal_ports_runs_a39c832/rsar/noise_suppression/seed_43/methods/SFUT/eval_full_noise_suppression_ids_v1/class_ap.txt
RSAR,noise_suppression,SFUT,44,ema,ship,0.0,printed class_ap.txt (typically 3 decimals),,,complete,/mnt/shared/zechuan/iraod_artifacts/comparison/xaf_student_quant_20260908/formal_ports_runs_a39c832/rsar/noise_suppression/seed_44/methods/SFUT/eval_full_noise_suppression_ids_v1/class_ap.txt
RSAR,noise_suppression,SFUT,44,ema,aircraft,0.0,printed class_ap.txt (typically 3 decimals),,,complete,/mnt/shared/zechuan/iraod_artifacts/comparison/xaf_student_quant_20260908/formal_ports_runs_a39c832/rsar/noise_suppression/seed_44/methods/SFUT/eval_full_noise_suppression_ids_v1/class_ap.txt
RSAR,noise_suppression,SFUT,44,ema,car,0.0,printed class_ap.txt (typically 3 decimals),,,complete,/mnt/shared/zechuan/iraod_artifacts/comparison/xaf_student_quant_20260908/formal_ports_runs_a39c832/rsar/noise_suppression/seed_44/methods/SFUT/eval_full_noise_suppression_ids_v1/class_ap.txt
RSAR,noise_suppression,SFUT,44,ema,tank,0.0,printed class_ap.txt (typically 3 decimals),,,complete,/mnt/shared/zechuan/iraod_artifacts/comparison/xaf_student_quant_20260908/formal_ports_runs_a39c832/rsar/noise_suppression/seed_44/methods/SFUT/eval_full_noise_suppression_ids_v1/class_ap.txt
RSAR,noise_suppression,SFUT,44,ema,bridge,0.0,printed class_ap.txt (typically 3 decimals),,,complete,/mnt/shared/zechuan/iraod_artifacts/comparison/xaf_student_quant_20260908/formal_ports_runs_a39c832/rsar/noise_suppression/seed_44/methods/SFUT/eval_full_noise_suppression_ids_v1/class_ap.txt
RSAR,noise_suppression,SFUT,44,ema,harbor,0.0,printed class_ap.txt (typically 3 decimals),,,complete,/mnt/shared/zechuan/iraod_artifacts/comparison/xaf_student_quant_20260908/formal_ports_runs_a39c832/rsar/noise_suppression/seed_44/methods/SFUT/eval_full_noise_suppression_ids_v1/class_ap.txt
RSAR,am_noise_horizontal,A,42,source,ship,0.285,printed class_ap.txt (typically 3 decimals),0.285,0.285,complete,/mnt/shared/zechuan/iraod_artifacts/comparison/rsar/am_noise_horizontal/seed_42/0f98a48/methods/A/eval_full_am_noise_horizontal_ids_v1/class_ap.txt
RSAR,am_noise_horizontal,A,42,source,aircraft,0.091,printed class_ap.txt (typically 3 decimals),0.091,0.091,complete,/mnt/shared/zechuan/iraod_artifacts/comparison/rsar/am_noise_horizontal/seed_42/0f98a48/methods/A/eval_full_am_noise_horizontal_ids_v1/class_ap.txt
RSAR,am_noise_horizontal,A,42,source,car,0.448,printed class_ap.txt (typically 3 decimals),0.448,0.448,complete,/mnt/shared/zechuan/iraod_artifacts/comparison/rsar/am_noise_horizontal/seed_42/0f98a48/methods/A/eval_full_am_noise_horizontal_ids_v1/class_ap.txt
RSAR,am_noise_horizontal,A,42,source,tank,0.094,printed class_ap.txt (typically 3 decimals),0.094,0.094,complete,/mnt/shared/zechuan/iraod_artifacts/comparison/rsar/am_noise_horizontal/seed_42/0f98a48/methods/A/eval_full_am_noise_horizontal_ids_v1/class_ap.txt
RSAR,am_noise_horizontal,A,42,source,bridge,0.159,printed class_ap.txt (typically 3 decimals),0.159,0.159,complete,/mnt/shared/zechuan/iraod_artifacts/comparison/rsar/am_noise_horizontal/seed_42/0f98a48/methods/A/eval_full_am_noise_horizontal_ids_v1/class_ap.txt
RSAR,am_noise_horizontal,A,42,source,harbor,0.16,printed class_ap.txt (typically 3 decimals),0.16,0.16,complete,/mnt/shared/zechuan/iraod_artifacts/comparison/rsar/am_noise_horizontal/seed_42/0f98a48/methods/A/eval_full_am_noise_horizontal_ids_v1/class_ap.txt
RSAR,am_noise_horizontal,IRG,42,ema,ship,0.296,printed class_ap.txt (typically 3 decimals),,,complete,/mnt/shared/zechuan/iraod_artifacts/comparison/xaf_student_quant_20260908/formal_ports_runs_a39c832/rsar/am_noise_horizontal/seed_42/methods/IRG/eval_full_am_noise_horizontal_ids_v1/class_ap.txt
RSAR,am_noise_horizontal,IRG,42,ema,aircraft,0.091,printed class_ap.txt (typically 3 decimals),,,complete,/mnt/shared/zechuan/iraod_artifacts/comparison/xaf_student_quant_20260908/formal_ports_runs_a39c832/rsar/am_noise_horizontal/seed_42/methods/IRG/eval_full_am_noise_horizontal_ids_v1/class_ap.txt
RSAR,am_noise_horizontal,IRG,42,ema,car,0.511,printed class_ap.txt (typically 3 decimals),,,complete,/mnt/shared/zechuan/iraod_artifacts/comparison/xaf_student_quant_20260908/formal_ports_runs_a39c832/rsar/am_noise_horizontal/seed_42/methods/IRG/eval_full_am_noise_horizontal_ids_v1/class_ap.txt
RSAR,am_noise_horizontal,IRG,42,ema,tank,0.098,printed class_ap.txt (typically 3 decimals),,,complete,/mnt/shared/zechuan/iraod_artifacts/comparison/xaf_student_quant_20260908/formal_ports_runs_a39c832/rsar/am_noise_horizontal/seed_42/methods/IRG/eval_full_am_noise_horizontal_ids_v1/class_ap.txt
RSAR,am_noise_horizontal,IRG,42,ema,bridge,0.183,printed class_ap.txt (typically 3 decimals),,,complete,/mnt/shared/zechuan/iraod_artifacts/comparison/xaf_student_quant_20260908/formal_ports_runs_a39c832/rsar/am_noise_horizontal/seed_42/methods/IRG/eval_full_am_noise_horizontal_ids_v1/class_ap.txt
RSAR,am_noise_horizontal,IRG,42,ema,harbor,0.16,printed class_ap.txt (typically 3 decimals),,,complete,/mnt/shared/zechuan/iraod_artifacts/comparison/xaf_student_quant_20260908/formal_ports_runs_a39c832/rsar/am_noise_horizontal/seed_42/methods/IRG/eval_full_am_noise_horizontal_ids_v1/class_ap.txt
RSAR,am_noise_horizontal,IRG,43,ema,ship,0.3,printed class_ap.txt (typically 3 decimals),,,complete,/mnt/shared/zechuan/iraod_artifacts/comparison/xaf_student_quant_20260908/formal_ports_runs_a39c832/rsar/am_noise_horizontal/seed_43/methods/IRG/eval_full_am_noise_horizontal_ids_v1/class_ap.txt
RSAR,am_noise_horizontal,IRG,43,ema,aircraft,0.091,printed class_ap.txt (typically 3 decimals),,,complete,/mnt/shared/zechuan/iraod_artifacts/comparison/xaf_student_quant_20260908/formal_ports_runs_a39c832/rsar/am_noise_horizontal/seed_43/methods/IRG/eval_full_am_noise_horizontal_ids_v1/class_ap.txt
RSAR,am_noise_horizontal,IRG,43,ema,car,0.508,printed class_ap.txt (typically 3 decimals),,,complete,/mnt/shared/zechuan/iraod_artifacts/comparison/xaf_student_quant_20260908/formal_ports_runs_a39c832/rsar/am_noise_horizontal/seed_43/methods/IRG/eval_full_am_noise_horizontal_ids_v1/class_ap.txt
RSAR,am_noise_horizontal,IRG,43,ema,tank,0.097,printed class_ap.txt (typically 3 decimals),,,complete,/mnt/shared/zechuan/iraod_artifacts/comparison/xaf_student_quant_20260908/formal_ports_runs_a39c832/rsar/am_noise_horizontal/seed_43/methods/IRG/eval_full_am_noise_horizontal_ids_v1/class_ap.txt
RSAR,am_noise_horizontal,IRG,43,ema,bridge,0.173,printed class_ap.txt (typically 3 decimals),,,complete,/mnt/shared/zechuan/iraod_artifacts/comparison/xaf_student_quant_20260908/formal_ports_runs_a39c832/rsar/am_noise_horizontal/seed_43/methods/IRG/eval_full_am_noise_horizontal_ids_v1/class_ap.txt
RSAR,am_noise_horizontal,IRG,43,ema,harbor,0.13,printed class_ap.txt (typically 3 decimals),,,complete,/mnt/shared/zechuan/iraod_artifacts/comparison/xaf_student_quant_20260908/formal_ports_runs_a39c832/rsar/am_noise_horizontal/seed_43/methods/IRG/eval_full_am_noise_horizontal_ids_v1/class_ap.txt
RSAR,am_noise_horizontal,IRG,44,ema,ship,0.305,printed class_ap.txt (typically 3 decimals),,,complete,/mnt/shared/zechuan/iraod_artifacts/comparison/xaf_student_quant_20260908/formal_ports_runs_a39c832/rsar/am_noise_horizontal/seed_44/methods/IRG/eval_full_am_noise_horizontal_ids_v1/class_ap.txt
RSAR,am_noise_horizontal,IRG,44,ema,aircraft,0.091,printed class_ap.txt (typically 3 decimals),,,complete,/mnt/shared/zechuan/iraod_artifacts/comparison/xaf_student_quant_20260908/formal_ports_runs_a39c832/rsar/am_noise_horizontal/seed_44/methods/IRG/eval_full_am_noise_horizontal_ids_v1/class_ap.txt
RSAR,am_noise_horizontal,IRG,44,ema,car,0.52,printed class_ap.txt (typically 3 decimals),,,complete,/mnt/shared/zechuan/iraod_artifacts/comparison/xaf_student_quant_20260908/formal_ports_runs_a39c832/rsar/am_noise_horizontal/seed_44/methods/IRG/eval_full_am_noise_horizontal_ids_v1/class_ap.txt
RSAR,am_noise_horizontal,IRG,44,ema,tank,0.097,printed class_ap.txt (typically 3 decimals),,,complete,/mnt/shared/zechuan/iraod_artifacts/comparison/xaf_student_quant_20260908/formal_ports_runs_a39c832/rsar/am_noise_horizontal/seed_44/methods/IRG/eval_full_am_noise_horizontal_ids_v1/class_ap.txt
RSAR,am_noise_horizontal,IRG,44,ema,bridge,0.185,printed class_ap.txt (typically 3 decimals),,,complete,/mnt/shared/zechuan/iraod_artifacts/comparison/xaf_student_quant_20260908/formal_ports_runs_a39c832/rsar/am_noise_horizontal/seed_44/methods/IRG/eval_full_am_noise_horizontal_ids_v1/class_ap.txt
RSAR,am_noise_horizontal,IRG,44,ema,harbor,0.136,printed class_ap.txt (typically 3 decimals),,,complete,/mnt/shared/zechuan/iraod_artifacts/comparison/xaf_student_quant_20260908/formal_ports_runs_a39c832/rsar/am_noise_horizontal/seed_44/methods/IRG/eval_full_am_noise_horizontal_ids_v1/class_ap.txt
RSAR,am_noise_horizontal,LPLD,42,ema,ship,0.341,printed class_ap.txt (typically 3 decimals),,,complete,/mnt/shared/zechuan/iraod_artifacts/comparison/xaf_student_quant_20260908/formal_ports_runs_a39c832/rsar/am_noise_horizontal/seed_42/methods/LPLD/eval_full_am_noise_horizontal_ids_v1/class_ap.txt
RSAR,am_noise_horizontal,LPLD,42,ema,aircraft,0.091,printed class_ap.txt (typically 3 decimals),,,complete,/mnt/shared/zechuan/iraod_artifacts/comparison/xaf_student_quant_20260908/formal_ports_runs_a39c832/rsar/am_noise_horizontal/seed_42/methods/LPLD/eval_full_am_noise_horizontal_ids_v1/class_ap.txt
RSAR,am_noise_horizontal,LPLD,42,ema,car,0.521,printed class_ap.txt (typically 3 decimals),,,complete,/mnt/shared/zechuan/iraod_artifacts/comparison/xaf_student_quant_20260908/formal_ports_runs_a39c832/rsar/am_noise_horizontal/seed_42/methods/LPLD/eval_full_am_noise_horizontal_ids_v1/class_ap.txt
RSAR,am_noise_horizontal,LPLD,42,ema,tank,0.061,printed class_ap.txt (typically 3 decimals),,,complete,/mnt/shared/zechuan/iraod_artifacts/comparison/xaf_student_quant_20260908/formal_ports_runs_a39c832/rsar/am_noise_horizontal/seed_42/methods/LPLD/eval_full_am_noise_horizontal_ids_v1/class_ap.txt
RSAR,am_noise_horizontal,LPLD,42,ema,bridge,0.099,printed class_ap.txt (typically 3 decimals),,,complete,/mnt/shared/zechuan/iraod_artifacts/comparison/xaf_student_quant_20260908/formal_ports_runs_a39c832/rsar/am_noise_horizontal/seed_42/methods/LPLD/eval_full_am_noise_horizontal_ids_v1/class_ap.txt
RSAR,am_noise_horizontal,LPLD,42,ema,harbor,0.056,printed class_ap.txt (typically 3 decimals),,,complete,/mnt/shared/zechuan/iraod_artifacts/comparison/xaf_student_quant_20260908/formal_ports_runs_a39c832/rsar/am_noise_horizontal/seed_42/methods/LPLD/eval_full_am_noise_horizontal_ids_v1/class_ap.txt
RSAR,am_noise_horizontal,LPLD,43,ema,ship,0.358,printed class_ap.txt (typically 3 decimals),,,complete,/mnt/shared/zechuan/iraod_artifacts/comparison/xaf_student_quant_20260908/formal_ports_runs_a39c832/rsar/am_noise_horizontal/seed_43/methods/LPLD/eval_full_am_noise_horizontal_ids_v1/class_ap.txt
RSAR,am_noise_horizontal,LPLD,43,ema,aircraft,0.091,printed class_ap.txt (typically 3 decimals),,,complete,/mnt/shared/zechuan/iraod_artifacts/comparison/xaf_student_quant_20260908/formal_ports_runs_a39c832/rsar/am_noise_horizontal/seed_43/methods/LPLD/eval_full_am_noise_horizontal_ids_v1/class_ap.txt
RSAR,am_noise_horizontal,LPLD,43,ema,car,0.537,printed class_ap.txt (typically 3 decimals),,,complete,/mnt/shared/zechuan/iraod_artifacts/comparison/xaf_student_quant_20260908/formal_ports_runs_a39c832/rsar/am_noise_horizontal/seed_43/methods/LPLD/eval_full_am_noise_horizontal_ids_v1/class_ap.txt
RSAR,am_noise_horizontal,LPLD,43,ema,tank,0.036,printed class_ap.txt (typically 3 decimals),,,complete,/mnt/shared/zechuan/iraod_artifacts/comparison/xaf_student_quant_20260908/formal_ports_runs_a39c832/rsar/am_noise_horizontal/seed_43/methods/LPLD/eval_full_am_noise_horizontal_ids_v1/class_ap.txt
RSAR,am_noise_horizontal,LPLD,43,ema,bridge,0.136,printed class_ap.txt (typically 3 decimals),,,complete,/mnt/shared/zechuan/iraod_artifacts/comparison/xaf_student_quant_20260908/formal_ports_runs_a39c832/rsar/am_noise_horizontal/seed_43/methods/LPLD/eval_full_am_noise_horizontal_ids_v1/class_ap.txt
RSAR,am_noise_horizontal,LPLD,43,ema,harbor,0.045,printed class_ap.txt (typically 3 decimals),,,complete,/mnt/shared/zechuan/iraod_artifacts/comparison/xaf_student_quant_20260908/formal_ports_runs_a39c832/rsar/am_noise_horizontal/seed_43/methods/LPLD/eval_full_am_noise_horizontal_ids_v1/class_ap.txt
RSAR,am_noise_horizontal,LPLD,44,ema,ship,0.349,printed class_ap.txt (typically 3 decimals),,,complete,/mnt/shared/zechuan/iraod_artifacts/comparison/xaf_student_quant_20260908/formal_ports_runs_a39c832/rsar/am_noise_horizontal/seed_44/methods/LPLD/eval_full_am_noise_horizontal_ids_v1/class_ap.txt
RSAR,am_noise_horizontal,LPLD,44,ema,aircraft,0.091,printed class_ap.txt (typically 3 decimals),,,complete,/mnt/shared/zechuan/iraod_artifacts/comparison/xaf_student_quant_20260908/formal_ports_runs_a39c832/rsar/am_noise_horizontal/seed_44/methods/LPLD/eval_full_am_noise_horizontal_ids_v1/class_ap.txt
RSAR,am_noise_horizontal,LPLD,44,ema,car,0.523,printed class_ap.txt (typically 3 decimals),,,complete,/mnt/shared/zechuan/iraod_artifacts/comparison/xaf_student_quant_20260908/formal_ports_runs_a39c832/rsar/am_noise_horizontal/seed_44/methods/LPLD/eval_full_am_noise_horizontal_ids_v1/class_ap.txt
RSAR,am_noise_horizontal,LPLD,44,ema,tank,0.018,printed class_ap.txt (typically 3 decimals),,,complete,/mnt/shared/zechuan/iraod_artifacts/comparison/xaf_student_quant_20260908/formal_ports_runs_a39c832/rsar/am_noise_horizontal/seed_44/methods/LPLD/eval_full_am_noise_horizontal_ids_v1/class_ap.txt
RSAR,am_noise_horizontal,LPLD,44,ema,bridge,0.109,printed class_ap.txt (typically 3 decimals),,,complete,/mnt/shared/zechuan/iraod_artifacts/comparison/xaf_student_quant_20260908/formal_ports_runs_a39c832/rsar/am_noise_horizontal/seed_44/methods/LPLD/eval_full_am_noise_horizontal_ids_v1/class_ap.txt
RSAR,am_noise_horizontal,LPLD,44,ema,harbor,0.049,printed class_ap.txt (typically 3 decimals),,,complete,/mnt/shared/zechuan/iraod_artifacts/comparison/xaf_student_quant_20260908/formal_ports_runs_a39c832/rsar/am_noise_horizontal/seed_44/methods/LPLD/eval_full_am_noise_horizontal_ids_v1/class_ap.txt
RSAR,am_noise_horizontal,SFUT,42,ema,ship,0.301,printed class_ap.txt (typically 3 decimals),,,complete,/mnt/shared/zechuan/iraod_artifacts/comparison/xaf_student_quant_20260908/formal_ports_runs_a39c832/rsar/am_noise_horizontal/seed_42/methods/SFUT/eval_full_am_noise_horizontal_ids_v1/class_ap.txt
RSAR,am_noise_horizontal,SFUT,42,ema,aircraft,0.091,printed class_ap.txt (typically 3 decimals),,,complete,/mnt/shared/zechuan/iraod_artifacts/comparison/xaf_student_quant_20260908/formal_ports_runs_a39c832/rsar/am_noise_horizontal/seed_42/methods/SFUT/eval_full_am_noise_horizontal_ids_v1/class_ap.txt
RSAR,am_noise_horizontal,SFUT,42,ema,car,0.492,printed class_ap.txt (typically 3 decimals),,,complete,/mnt/shared/zechuan/iraod_artifacts/comparison/xaf_student_quant_20260908/formal_ports_runs_a39c832/rsar/am_noise_horizontal/seed_42/methods/SFUT/eval_full_am_noise_horizontal_ids_v1/class_ap.txt
RSAR,am_noise_horizontal,SFUT,42,ema,tank,0.095,printed class_ap.txt (typically 3 decimals),,,complete,/mnt/shared/zechuan/iraod_artifacts/comparison/xaf_student_quant_20260908/formal_ports_runs_a39c832/rsar/am_noise_horizontal/seed_42/methods/SFUT/eval_full_am_noise_horizontal_ids_v1/class_ap.txt
RSAR,am_noise_horizontal,SFUT,42,ema,bridge,0.17,printed class_ap.txt (typically 3 decimals),,,complete,/mnt/shared/zechuan/iraod_artifacts/comparison/xaf_student_quant_20260908/formal_ports_runs_a39c832/rsar/am_noise_horizontal/seed_42/methods/SFUT/eval_full_am_noise_horizontal_ids_v1/class_ap.txt
RSAR,am_noise_horizontal,SFUT,42,ema,harbor,0.163,printed class_ap.txt (typically 3 decimals),,,complete,/mnt/shared/zechuan/iraod_artifacts/comparison/xaf_student_quant_20260908/formal_ports_runs_a39c832/rsar/am_noise_horizontal/seed_42/methods/SFUT/eval_full_am_noise_horizontal_ids_v1/class_ap.txt
RSAR,am_noise_horizontal,SFUT,43,ema,ship,0.317,printed class_ap.txt (typically 3 decimals),,,complete,/mnt/shared/zechuan/iraod_artifacts/comparison/xaf_student_quant_20260908/formal_ports_runs_a39c832/rsar/am_noise_horizontal/seed_43/methods/SFUT/eval_full_am_noise_horizontal_ids_v1/class_ap.txt
RSAR,am_noise_horizontal,SFUT,43,ema,aircraft,0.091,printed class_ap.txt (typically 3 decimals),,,complete,/mnt/shared/zechuan/iraod_artifacts/comparison/xaf_student_quant_20260908/formal_ports_runs_a39c832/rsar/am_noise_horizontal/seed_43/methods/SFUT/eval_full_am_noise_horizontal_ids_v1/class_ap.txt
RSAR,am_noise_horizontal,SFUT,43,ema,car,0.494,printed class_ap.txt (typically 3 decimals),,,complete,/mnt/shared/zechuan/iraod_artifacts/comparison/xaf_student_quant_20260908/formal_ports_runs_a39c832/rsar/am_noise_horizontal/seed_43/methods/SFUT/eval_full_am_noise_horizontal_ids_v1/class_ap.txt
RSAR,am_noise_horizontal,SFUT,43,ema,tank,0.096,printed class_ap.txt (typically 3 decimals),,,complete,/mnt/shared/zechuan/iraod_artifacts/comparison/xaf_student_quant_20260908/formal_ports_runs_a39c832/rsar/am_noise_horizontal/seed_43/methods/SFUT/eval_full_am_noise_horizontal_ids_v1/class_ap.txt
RSAR,am_noise_horizontal,SFUT,43,ema,bridge,0.183,printed class_ap.txt (typically 3 decimals),,,complete,/mnt/shared/zechuan/iraod_artifacts/comparison/xaf_student_quant_20260908/formal_ports_runs_a39c832/rsar/am_noise_horizontal/seed_43/methods/SFUT/eval_full_am_noise_horizontal_ids_v1/class_ap.txt
RSAR,am_noise_horizontal,SFUT,43,ema,harbor,0.153,printed class_ap.txt (typically 3 decimals),,,complete,/mnt/shared/zechuan/iraod_artifacts/comparison/xaf_student_quant_20260908/formal_ports_runs_a39c832/rsar/am_noise_horizontal/seed_43/methods/SFUT/eval_full_am_noise_horizontal_ids_v1/class_ap.txt
RSAR,am_noise_horizontal,SFUT,44,ema,ship,0.299,printed class_ap.txt (typically 3 decimals),,,complete,/mnt/shared/zechuan/iraod_artifacts/comparison/xaf_student_quant_20260908/formal_ports_runs_a39c832/rsar/am_noise_horizontal/seed_44/methods/SFUT/eval_full_am_noise_horizontal_ids_v1/class_ap.txt
RSAR,am_noise_horizontal,SFUT,44,ema,aircraft,0.091,printed class_ap.txt (typically 3 decimals),,,complete,/mnt/shared/zechuan/iraod_artifacts/comparison/xaf_student_quant_20260908/formal_ports_runs_a39c832/rsar/am_noise_horizontal/seed_44/methods/SFUT/eval_full_am_noise_horizontal_ids_v1/class_ap.txt
RSAR,am_noise_horizontal,SFUT,44,ema,car,0.503,printed class_ap.txt (typically 3 decimals),,,complete,/mnt/shared/zechuan/iraod_artifacts/comparison/xaf_student_quant_20260908/formal_ports_runs_a39c832/rsar/am_noise_horizontal/seed_44/methods/SFUT/eval_full_am_noise_horizontal_ids_v1/class_ap.txt
RSAR,am_noise_horizontal,SFUT,44,ema,tank,0.095,printed class_ap.txt (typically 3 decimals),,,complete,/mnt/shared/zechuan/iraod_artifacts/comparison/xaf_student_quant_20260908/formal_ports_runs_a39c832/rsar/am_noise_horizontal/seed_44/methods/SFUT/eval_full_am_noise_horizontal_ids_v1/class_ap.txt
RSAR,am_noise_horizontal,SFUT,44,ema,bridge,0.173,printed class_ap.txt (typically 3 decimals),,,complete,/mnt/shared/zechuan/iraod_artifacts/comparison/xaf_student_quant_20260908/formal_ports_runs_a39c832/rsar/am_noise_horizontal/seed_44/methods/SFUT/eval_full_am_noise_horizontal_ids_v1/class_ap.txt
RSAR,am_noise_horizontal,SFUT,44,ema,harbor,0.166,printed class_ap.txt (typically 3 decimals),,,complete,/mnt/shared/zechuan/iraod_artifacts/comparison/xaf_student_quant_20260908/formal_ports_runs_a39c832/rsar/am_noise_horizontal/seed_44/methods/SFUT/eval_full_am_noise_horizontal_ids_v1/class_ap.txt
RSAR,smart_suppression,A,42,source,ship,0.419,printed class_ap.txt (typically 3 decimals),0.419,0.419,complete,/mnt/shared/zechuan/iraod_artifacts/comparison/rsar/smart_suppression/seed_42/0f98a48/methods/A/eval_full_smart_suppression_ids_v1/class_ap.txt
RSAR,smart_suppression,A,42,source,aircraft,0.021,printed class_ap.txt (typically 3 decimals),0.021,0.021,complete,/mnt/shared/zechuan/iraod_artifacts/comparison/rsar/smart_suppression/seed_42/0f98a48/methods/A/eval_full_smart_suppression_ids_v1/class_ap.txt
RSAR,smart_suppression,A,42,source,car,0.007,printed class_ap.txt (typically 3 decimals),0.007,0.007,complete,/mnt/shared/zechuan/iraod_artifacts/comparison/rsar/smart_suppression/seed_42/0f98a48/methods/A/eval_full_smart_suppression_ids_v1/class_ap.txt
RSAR,smart_suppression,A,42,source,tank,0.008,printed class_ap.txt (typically 3 decimals),0.008,0.008,complete,/mnt/shared/zechuan/iraod_artifacts/comparison/rsar/smart_suppression/seed_42/0f98a48/methods/A/eval_full_smart_suppression_ids_v1/class_ap.txt
RSAR,smart_suppression,A,42,source,bridge,0.298,printed class_ap.txt (typically 3 decimals),0.298,0.298,complete,/mnt/shared/zechuan/iraod_artifacts/comparison/rsar/smart_suppression/seed_42/0f98a48/methods/A/eval_full_smart_suppression_ids_v1/class_ap.txt
RSAR,smart_suppression,A,42,source,harbor,0.11,printed class_ap.txt (typically 3 decimals),0.11,0.11,complete,/mnt/shared/zechuan/iraod_artifacts/comparison/rsar/smart_suppression/seed_42/0f98a48/methods/A/eval_full_smart_suppression_ids_v1/class_ap.txt
RSAR,smart_suppression,IRG,42,ema,ship,0.433,printed class_ap.txt (typically 3 decimals),,,complete,/mnt/shared/zechuan/iraod_artifacts/comparison/xaf_student_quant_20260908/formal_ports_runs_a39c832/rsar/smart_suppression/seed_42/methods/IRG/eval_full_smart_suppression_ids_v1/class_ap.txt
RSAR,smart_suppression,IRG,42,ema,aircraft,0.019,printed class_ap.txt (typically 3 decimals),,,complete,/mnt/shared/zechuan/iraod_artifacts/comparison/xaf_student_quant_20260908/formal_ports_runs_a39c832/rsar/smart_suppression/seed_42/methods/IRG/eval_full_smart_suppression_ids_v1/class_ap.txt
RSAR,smart_suppression,IRG,42,ema,car,0.009,printed class_ap.txt (typically 3 decimals),,,complete,/mnt/shared/zechuan/iraod_artifacts/comparison/xaf_student_quant_20260908/formal_ports_runs_a39c832/rsar/smart_suppression/seed_42/methods/IRG/eval_full_smart_suppression_ids_v1/class_ap.txt
RSAR,smart_suppression,IRG,42,ema,tank,0.045,printed class_ap.txt (typically 3 decimals),,,complete,/mnt/shared/zechuan/iraod_artifacts/comparison/xaf_student_quant_20260908/formal_ports_runs_a39c832/rsar/smart_suppression/seed_42/methods/IRG/eval_full_smart_suppression_ids_v1/class_ap.txt
RSAR,smart_suppression,IRG,42,ema,bridge,0.296,printed class_ap.txt (typically 3 decimals),,,complete,/mnt/shared/zechuan/iraod_artifacts/comparison/xaf_student_quant_20260908/formal_ports_runs_a39c832/rsar/smart_suppression/seed_42/methods/IRG/eval_full_smart_suppression_ids_v1/class_ap.txt
RSAR,smart_suppression,IRG,42,ema,harbor,0.207,printed class_ap.txt (typically 3 decimals),,,complete,/mnt/shared/zechuan/iraod_artifacts/comparison/xaf_student_quant_20260908/formal_ports_runs_a39c832/rsar/smart_suppression/seed_42/methods/IRG/eval_full_smart_suppression_ids_v1/class_ap.txt
RSAR,smart_suppression,IRG,43,ema,ship,0.432,printed class_ap.txt (typically 3 decimals),,,complete,/mnt/shared/zechuan/iraod_artifacts/comparison/xaf_student_quant_20260908/formal_ports_runs_a39c832/rsar/smart_suppression/seed_43/methods/IRG/eval_full_smart_suppression_ids_v1/class_ap.txt
RSAR,smart_suppression,IRG,43,ema,aircraft,0.013,printed class_ap.txt (typically 3 decimals),,,complete,/mnt/shared/zechuan/iraod_artifacts/comparison/xaf_student_quant_20260908/formal_ports_runs_a39c832/rsar/smart_suppression/seed_43/methods/IRG/eval_full_smart_suppression_ids_v1/class_ap.txt
RSAR,smart_suppression,IRG,43,ema,car,0.009,printed class_ap.txt (typically 3 decimals),,,complete,/mnt/shared/zechuan/iraod_artifacts/comparison/xaf_student_quant_20260908/formal_ports_runs_a39c832/rsar/smart_suppression/seed_43/methods/IRG/eval_full_smart_suppression_ids_v1/class_ap.txt
RSAR,smart_suppression,IRG,43,ema,tank,0.004,printed class_ap.txt (typically 3 decimals),,,complete,/mnt/shared/zechuan/iraod_artifacts/comparison/xaf_student_quant_20260908/formal_ports_runs_a39c832/rsar/smart_suppression/seed_43/methods/IRG/eval_full_smart_suppression_ids_v1/class_ap.txt
RSAR,smart_suppression,IRG,43,ema,bridge,0.294,printed class_ap.txt (typically 3 decimals),,,complete,/mnt/shared/zechuan/iraod_artifacts/comparison/xaf_student_quant_20260908/formal_ports_runs_a39c832/rsar/smart_suppression/seed_43/methods/IRG/eval_full_smart_suppression_ids_v1/class_ap.txt
RSAR,smart_suppression,IRG,43,ema,harbor,0.185,printed class_ap.txt (typically 3 decimals),,,complete,/mnt/shared/zechuan/iraod_artifacts/comparison/xaf_student_quant_20260908/formal_ports_runs_a39c832/rsar/smart_suppression/seed_43/methods/IRG/eval_full_smart_suppression_ids_v1/class_ap.txt
RSAR,smart_suppression,IRG,44,ema,ship,0.441,printed class_ap.txt (typically 3 decimals),,,complete,/mnt/shared/zechuan/iraod_artifacts/comparison/xaf_student_quant_20260908/formal_ports_runs_a39c832/rsar/smart_suppression/seed_44/methods/IRG/eval_full_smart_suppression_ids_v1/class_ap.txt
RSAR,smart_suppression,IRG,44,ema,aircraft,0.033,printed class_ap.txt (typically 3 decimals),,,complete,/mnt/shared/zechuan/iraod_artifacts/comparison/xaf_student_quant_20260908/formal_ports_runs_a39c832/rsar/smart_suppression/seed_44/methods/IRG/eval_full_smart_suppression_ids_v1/class_ap.txt
RSAR,smart_suppression,IRG,44,ema,car,0.011,printed class_ap.txt (typically 3 decimals),,,complete,/mnt/shared/zechuan/iraod_artifacts/comparison/xaf_student_quant_20260908/formal_ports_runs_a39c832/rsar/smart_suppression/seed_44/methods/IRG/eval_full_smart_suppression_ids_v1/class_ap.txt
RSAR,smart_suppression,IRG,44,ema,tank,0.003,printed class_ap.txt (typically 3 decimals),,,complete,/mnt/shared/zechuan/iraod_artifacts/comparison/xaf_student_quant_20260908/formal_ports_runs_a39c832/rsar/smart_suppression/seed_44/methods/IRG/eval_full_smart_suppression_ids_v1/class_ap.txt
RSAR,smart_suppression,IRG,44,ema,bridge,0.297,printed class_ap.txt (typically 3 decimals),,,complete,/mnt/shared/zechuan/iraod_artifacts/comparison/xaf_student_quant_20260908/formal_ports_runs_a39c832/rsar/smart_suppression/seed_44/methods/IRG/eval_full_smart_suppression_ids_v1/class_ap.txt
RSAR,smart_suppression,IRG,44,ema,harbor,0.14,printed class_ap.txt (typically 3 decimals),,,complete,/mnt/shared/zechuan/iraod_artifacts/comparison/xaf_student_quant_20260908/formal_ports_runs_a39c832/rsar/smart_suppression/seed_44/methods/IRG/eval_full_smart_suppression_ids_v1/class_ap.txt
RSAR,smart_suppression,LPLD,42,ema,ship,0.433,printed class_ap.txt (typically 3 decimals),,,complete,/mnt/shared/zechuan/iraod_artifacts/comparison/xaf_student_quant_20260908/formal_ports_runs_a39c832/rsar/smart_suppression/seed_42/methods/LPLD/eval_full_smart_suppression_ids_v1/class_ap.txt
RSAR,smart_suppression,LPLD,42,ema,aircraft,0.027,printed class_ap.txt (typically 3 decimals),,,complete,/mnt/shared/zechuan/iraod_artifacts/comparison/xaf_student_quant_20260908/formal_ports_runs_a39c832/rsar/smart_suppression/seed_42/methods/LPLD/eval_full_smart_suppression_ids_v1/class_ap.txt
RSAR,smart_suppression,LPLD,42,ema,car,0.009,printed class_ap.txt (typically 3 decimals),,,complete,/mnt/shared/zechuan/iraod_artifacts/comparison/xaf_student_quant_20260908/formal_ports_runs_a39c832/rsar/smart_suppression/seed_42/methods/LPLD/eval_full_smart_suppression_ids_v1/class_ap.txt
RSAR,smart_suppression,LPLD,42,ema,tank,0.045,printed class_ap.txt (typically 3 decimals),,,complete,/mnt/shared/zechuan/iraod_artifacts/comparison/xaf_student_quant_20260908/formal_ports_runs_a39c832/rsar/smart_suppression/seed_42/methods/LPLD/eval_full_smart_suppression_ids_v1/class_ap.txt
RSAR,smart_suppression,LPLD,42,ema,bridge,0.279,printed class_ap.txt (typically 3 decimals),,,complete,/mnt/shared/zechuan/iraod_artifacts/comparison/xaf_student_quant_20260908/formal_ports_runs_a39c832/rsar/smart_suppression/seed_42/methods/LPLD/eval_full_smart_suppression_ids_v1/class_ap.txt
RSAR,smart_suppression,LPLD,42,ema,harbor,0.131,printed class_ap.txt (typically 3 decimals),,,complete,/mnt/shared/zechuan/iraod_artifacts/comparison/xaf_student_quant_20260908/formal_ports_runs_a39c832/rsar/smart_suppression/seed_42/methods/LPLD/eval_full_smart_suppression_ids_v1/class_ap.txt
RSAR,smart_suppression,LPLD,43,ema,ship,0.384,printed class_ap.txt (typically 3 decimals),,,complete,/mnt/shared/zechuan/iraod_artifacts/comparison/xaf_student_quant_20260908/formal_ports_runs_a39c832/rsar/smart_suppression/seed_43/methods/LPLD/eval_full_smart_suppression_ids_v1/class_ap.txt
RSAR,smart_suppression,LPLD,43,ema,aircraft,0.004,printed class_ap.txt (typically 3 decimals),,,complete,/mnt/shared/zechuan/iraod_artifacts/comparison/xaf_student_quant_20260908/formal_ports_runs_a39c832/rsar/smart_suppression/seed_43/methods/LPLD/eval_full_smart_suppression_ids_v1/class_ap.txt
RSAR,smart_suppression,LPLD,43,ema,car,0.091,printed class_ap.txt (typically 3 decimals),,,complete,/mnt/shared/zechuan/iraod_artifacts/comparison/xaf_student_quant_20260908/formal_ports_runs_a39c832/rsar/smart_suppression/seed_43/methods/LPLD/eval_full_smart_suppression_ids_v1/class_ap.txt
RSAR,smart_suppression,LPLD,43,ema,tank,0.004,printed class_ap.txt (typically 3 decimals),,,complete,/mnt/shared/zechuan/iraod_artifacts/comparison/xaf_student_quant_20260908/formal_ports_runs_a39c832/rsar/smart_suppression/seed_43/methods/LPLD/eval_full_smart_suppression_ids_v1/class_ap.txt
RSAR,smart_suppression,LPLD,43,ema,bridge,0.156,printed class_ap.txt (typically 3 decimals),,,complete,/mnt/shared/zechuan/iraod_artifacts/comparison/xaf_student_quant_20260908/formal_ports_runs_a39c832/rsar/smart_suppression/seed_43/methods/LPLD/eval_full_smart_suppression_ids_v1/class_ap.txt
RSAR,smart_suppression,LPLD,43,ema,harbor,0.052,printed class_ap.txt (typically 3 decimals),,,complete,/mnt/shared/zechuan/iraod_artifacts/comparison/xaf_student_quant_20260908/formal_ports_runs_a39c832/rsar/smart_suppression/seed_43/methods/LPLD/eval_full_smart_suppression_ids_v1/class_ap.txt
RSAR,smart_suppression,LPLD,44,ema,ship,0.428,printed class_ap.txt (typically 3 decimals),,,complete,/mnt/shared/zechuan/iraod_artifacts/comparison/xaf_student_quant_20260908/formal_ports_runs_a39c832/rsar/smart_suppression/seed_44/methods/LPLD/eval_full_smart_suppression_ids_v1/class_ap.txt
RSAR,smart_suppression,LPLD,44,ema,aircraft,0.028,printed class_ap.txt (typically 3 decimals),,,complete,/mnt/shared/zechuan/iraod_artifacts/comparison/xaf_student_quant_20260908/formal_ports_runs_a39c832/rsar/smart_suppression/seed_44/methods/LPLD/eval_full_smart_suppression_ids_v1/class_ap.txt
RSAR,smart_suppression,LPLD,44,ema,car,0.01,printed class_ap.txt (typically 3 decimals),,,complete,/mnt/shared/zechuan/iraod_artifacts/comparison/xaf_student_quant_20260908/formal_ports_runs_a39c832/rsar/smart_suppression/seed_44/methods/LPLD/eval_full_smart_suppression_ids_v1/class_ap.txt
RSAR,smart_suppression,LPLD,44,ema,tank,0.001,printed class_ap.txt (typically 3 decimals),,,complete,/mnt/shared/zechuan/iraod_artifacts/comparison/xaf_student_quant_20260908/formal_ports_runs_a39c832/rsar/smart_suppression/seed_44/methods/LPLD/eval_full_smart_suppression_ids_v1/class_ap.txt
RSAR,smart_suppression,LPLD,44,ema,bridge,0.278,printed class_ap.txt (typically 3 decimals),,,complete,/mnt/shared/zechuan/iraod_artifacts/comparison/xaf_student_quant_20260908/formal_ports_runs_a39c832/rsar/smart_suppression/seed_44/methods/LPLD/eval_full_smart_suppression_ids_v1/class_ap.txt
RSAR,smart_suppression,LPLD,44,ema,harbor,0.111,printed class_ap.txt (typically 3 decimals),,,complete,/mnt/shared/zechuan/iraod_artifacts/comparison/xaf_student_quant_20260908/formal_ports_runs_a39c832/rsar/smart_suppression/seed_44/methods/LPLD/eval_full_smart_suppression_ids_v1/class_ap.txt
RSAR,smart_suppression,SFUT,42,ema,ship,0.422,printed class_ap.txt (typically 3 decimals),,,complete,/mnt/shared/zechuan/iraod_artifacts/comparison/xaf_student_quant_20260908/formal_ports_runs_a39c832/rsar/smart_suppression/seed_42/methods/SFUT/eval_full_smart_suppression_ids_v1/class_ap.txt
RSAR,smart_suppression,SFUT,42,ema,aircraft,0.022,printed class_ap.txt (typically 3 decimals),,,complete,/mnt/shared/zechuan/iraod_artifacts/comparison/xaf_student_quant_20260908/formal_ports_runs_a39c832/rsar/smart_suppression/seed_42/methods/SFUT/eval_full_smart_suppression_ids_v1/class_ap.txt
RSAR,smart_suppression,SFUT,42,ema,car,0.007,printed class_ap.txt (typically 3 decimals),,,complete,/mnt/shared/zechuan/iraod_artifacts/comparison/xaf_student_quant_20260908/formal_ports_runs_a39c832/rsar/smart_suppression/seed_42/methods/SFUT/eval_full_smart_suppression_ids_v1/class_ap.txt
RSAR,smart_suppression,SFUT,42,ema,tank,0.005,printed class_ap.txt (typically 3 decimals),,,complete,/mnt/shared/zechuan/iraod_artifacts/comparison/xaf_student_quant_20260908/formal_ports_runs_a39c832/rsar/smart_suppression/seed_42/methods/SFUT/eval_full_smart_suppression_ids_v1/class_ap.txt
RSAR,smart_suppression,SFUT,42,ema,bridge,0.3,printed class_ap.txt (typically 3 decimals),,,complete,/mnt/shared/zechuan/iraod_artifacts/comparison/xaf_student_quant_20260908/formal_ports_runs_a39c832/rsar/smart_suppression/seed_42/methods/SFUT/eval_full_smart_suppression_ids_v1/class_ap.txt
RSAR,smart_suppression,SFUT,42,ema,harbor,0.122,printed class_ap.txt (typically 3 decimals),,,complete,/mnt/shared/zechuan/iraod_artifacts/comparison/xaf_student_quant_20260908/formal_ports_runs_a39c832/rsar/smart_suppression/seed_42/methods/SFUT/eval_full_smart_suppression_ids_v1/class_ap.txt
RSAR,smart_suppression,SFUT,43,ema,ship,0.422,printed class_ap.txt (typically 3 decimals),,,complete,/mnt/shared/zechuan/iraod_artifacts/comparison/xaf_student_quant_20260908/formal_ports_runs_a39c832/rsar/smart_suppression/seed_43/methods/SFUT/eval_full_smart_suppression_ids_v1/class_ap.txt
RSAR,smart_suppression,SFUT,43,ema,aircraft,0.025,printed class_ap.txt (typically 3 decimals),,,complete,/mnt/shared/zechuan/iraod_artifacts/comparison/xaf_student_quant_20260908/formal_ports_runs_a39c832/rsar/smart_suppression/seed_43/methods/SFUT/eval_full_smart_suppression_ids_v1/class_ap.txt
RSAR,smart_suppression,SFUT,43,ema,car,0.008,printed class_ap.txt (typically 3 decimals),,,complete,/mnt/shared/zechuan/iraod_artifacts/comparison/xaf_student_quant_20260908/formal_ports_runs_a39c832/rsar/smart_suppression/seed_43/methods/SFUT/eval_full_smart_suppression_ids_v1/class_ap.txt
RSAR,smart_suppression,SFUT,43,ema,tank,0.007,printed class_ap.txt (typically 3 decimals),,,complete,/mnt/shared/zechuan/iraod_artifacts/comparison/xaf_student_quant_20260908/formal_ports_runs_a39c832/rsar/smart_suppression/seed_43/methods/SFUT/eval_full_smart_suppression_ids_v1/class_ap.txt
RSAR,smart_suppression,SFUT,43,ema,bridge,0.301,printed class_ap.txt (typically 3 decimals),,,complete,/mnt/shared/zechuan/iraod_artifacts/comparison/xaf_student_quant_20260908/formal_ports_runs_a39c832/rsar/smart_suppression/seed_43/methods/SFUT/eval_full_smart_suppression_ids_v1/class_ap.txt
RSAR,smart_suppression,SFUT,43,ema,harbor,0.131,printed class_ap.txt (typically 3 decimals),,,complete,/mnt/shared/zechuan/iraod_artifacts/comparison/xaf_student_quant_20260908/formal_ports_runs_a39c832/rsar/smart_suppression/seed_43/methods/SFUT/eval_full_smart_suppression_ids_v1/class_ap.txt
RSAR,smart_suppression,SFUT,44,ema,ship,0.421,printed class_ap.txt (typically 3 decimals),,,complete,/mnt/shared/zechuan/iraod_artifacts/comparison/xaf_student_quant_20260908/formal_ports_runs_a39c832/rsar/smart_suppression/seed_44/methods/SFUT/eval_full_smart_suppression_ids_v1/class_ap.txt
RSAR,smart_suppression,SFUT,44,ema,aircraft,0.021,printed class_ap.txt (typically 3 decimals),,,complete,/mnt/shared/zechuan/iraod_artifacts/comparison/xaf_student_quant_20260908/formal_ports_runs_a39c832/rsar/smart_suppression/seed_44/methods/SFUT/eval_full_smart_suppression_ids_v1/class_ap.txt
RSAR,smart_suppression,SFUT,44,ema,car,0.007,printed class_ap.txt (typically 3 decimals),,,complete,/mnt/shared/zechuan/iraod_artifacts/comparison/xaf_student_quant_20260908/formal_ports_runs_a39c832/rsar/smart_suppression/seed_44/methods/SFUT/eval_full_smart_suppression_ids_v1/class_ap.txt
RSAR,smart_suppression,SFUT,44,ema,tank,0.005,printed class_ap.txt (typically 3 decimals),,,complete,/mnt/shared/zechuan/iraod_artifacts/comparison/xaf_student_quant_20260908/formal_ports_runs_a39c832/rsar/smart_suppression/seed_44/methods/SFUT/eval_full_smart_suppression_ids_v1/class_ap.txt
RSAR,smart_suppression,SFUT,44,ema,bridge,0.301,printed class_ap.txt (typically 3 decimals),,,complete,/mnt/shared/zechuan/iraod_artifacts/comparison/xaf_student_quant_20260908/formal_ports_runs_a39c832/rsar/smart_suppression/seed_44/methods/SFUT/eval_full_smart_suppression_ids_v1/class_ap.txt
RSAR,smart_suppression,SFUT,44,ema,harbor,0.127,printed class_ap.txt (typically 3 decimals),,,complete,/mnt/shared/zechuan/iraod_artifacts/comparison/xaf_student_quant_20260908/formal_ports_runs_a39c832/rsar/smart_suppression/seed_44/methods/SFUT/eval_full_smart_suppression_ids_v1/class_ap.txt
RSAR,am_noise_vertical,A,42,source,ship,0.358,printed class_ap.txt (typically 3 decimals),0.358,0.358,complete,/mnt/shared/zechuan/iraod_artifacts/comparison/rsar/am_noise_vertical/seed_42/0f98a48/methods/A/eval_full_am_noise_vertical_ids_v1/class_ap.txt
RSAR,am_noise_vertical,A,42,source,aircraft,0.016,printed class_ap.txt (typically 3 decimals),0.016,0.016,complete,/mnt/shared/zechuan/iraod_artifacts/comparison/rsar/am_noise_vertical/seed_42/0f98a48/methods/A/eval_full_am_noise_vertical_ids_v1/class_ap.txt
RSAR,am_noise_vertical,A,42,source,car,0.429,printed class_ap.txt (typically 3 decimals),0.429,0.429,complete,/mnt/shared/zechuan/iraod_artifacts/comparison/rsar/am_noise_vertical/seed_42/0f98a48/methods/A/eval_full_am_noise_vertical_ids_v1/class_ap.txt
RSAR,am_noise_vertical,A,42,source,tank,0.092,printed class_ap.txt (typically 3 decimals),0.092,0.092,complete,/mnt/shared/zechuan/iraod_artifacts/comparison/rsar/am_noise_vertical/seed_42/0f98a48/methods/A/eval_full_am_noise_vertical_ids_v1/class_ap.txt
RSAR,am_noise_vertical,A,42,source,bridge,0.186,printed class_ap.txt (typically 3 decimals),0.186,0.186,complete,/mnt/shared/zechuan/iraod_artifacts/comparison/rsar/am_noise_vertical/seed_42/0f98a48/methods/A/eval_full_am_noise_vertical_ids_v1/class_ap.txt
RSAR,am_noise_vertical,A,42,source,harbor,0.063,printed class_ap.txt (typically 3 decimals),0.063,0.063,complete,/mnt/shared/zechuan/iraod_artifacts/comparison/rsar/am_noise_vertical/seed_42/0f98a48/methods/A/eval_full_am_noise_vertical_ids_v1/class_ap.txt
RSAR,am_noise_vertical,IRG,42,ema,ship,0.436,printed class_ap.txt (typically 3 decimals),,,complete,/mnt/shared/zechuan/iraod_artifacts/comparison/xaf_student_quant_20260908/formal_ports_runs_a39c832/rsar/am_noise_vertical/seed_42/methods/IRG/eval_full_am_noise_vertical_ids_v1/class_ap.txt
RSAR,am_noise_vertical,IRG,42,ema,aircraft,0.091,printed class_ap.txt (typically 3 decimals),,,complete,/mnt/shared/zechuan/iraod_artifacts/comparison/xaf_student_quant_20260908/formal_ports_runs_a39c832/rsar/am_noise_vertical/seed_42/methods/IRG/eval_full_am_noise_vertical_ids_v1/class_ap.txt
RSAR,am_noise_vertical,IRG,42,ema,car,0.529,printed class_ap.txt (typically 3 decimals),,,complete,/mnt/shared/zechuan/iraod_artifacts/comparison/xaf_student_quant_20260908/formal_ports_runs_a39c832/rsar/am_noise_vertical/seed_42/methods/IRG/eval_full_am_noise_vertical_ids_v1/class_ap.txt
RSAR,am_noise_vertical,IRG,42,ema,tank,0.092,printed class_ap.txt (typically 3 decimals),,,complete,/mnt/shared/zechuan/iraod_artifacts/comparison/xaf_student_quant_20260908/formal_ports_runs_a39c832/rsar/am_noise_vertical/seed_42/methods/IRG/eval_full_am_noise_vertical_ids_v1/class_ap.txt
RSAR,am_noise_vertical,IRG,42,ema,bridge,0.222,printed class_ap.txt (typically 3 decimals),,,complete,/mnt/shared/zechuan/iraod_artifacts/comparison/xaf_student_quant_20260908/formal_ports_runs_a39c832/rsar/am_noise_vertical/seed_42/methods/IRG/eval_full_am_noise_vertical_ids_v1/class_ap.txt
RSAR,am_noise_vertical,IRG,42,ema,harbor,0.143,printed class_ap.txt (typically 3 decimals),,,complete,/mnt/shared/zechuan/iraod_artifacts/comparison/xaf_student_quant_20260908/formal_ports_runs_a39c832/rsar/am_noise_vertical/seed_42/methods/IRG/eval_full_am_noise_vertical_ids_v1/class_ap.txt
RSAR,am_noise_vertical,IRG,43,ema,ship,0.432,printed class_ap.txt (typically 3 decimals),,,complete,/mnt/shared/zechuan/iraod_artifacts/comparison/xaf_student_quant_20260908/formal_ports_runs_a39c832/rsar/am_noise_vertical/seed_43/methods/IRG/eval_full_am_noise_vertical_ids_v1/class_ap.txt
RSAR,am_noise_vertical,IRG,43,ema,aircraft,0.091,printed class_ap.txt (typically 3 decimals),,,complete,/mnt/shared/zechuan/iraod_artifacts/comparison/xaf_student_quant_20260908/formal_ports_runs_a39c832/rsar/am_noise_vertical/seed_43/methods/IRG/eval_full_am_noise_vertical_ids_v1/class_ap.txt
RSAR,am_noise_vertical,IRG,43,ema,car,0.515,printed class_ap.txt (typically 3 decimals),,,complete,/mnt/shared/zechuan/iraod_artifacts/comparison/xaf_student_quant_20260908/formal_ports_runs_a39c832/rsar/am_noise_vertical/seed_43/methods/IRG/eval_full_am_noise_vertical_ids_v1/class_ap.txt
RSAR,am_noise_vertical,IRG,43,ema,tank,0.092,printed class_ap.txt (typically 3 decimals),,,complete,/mnt/shared/zechuan/iraod_artifacts/comparison/xaf_student_quant_20260908/formal_ports_runs_a39c832/rsar/am_noise_vertical/seed_43/methods/IRG/eval_full_am_noise_vertical_ids_v1/class_ap.txt
RSAR,am_noise_vertical,IRG,43,ema,bridge,0.218,printed class_ap.txt (typically 3 decimals),,,complete,/mnt/shared/zechuan/iraod_artifacts/comparison/xaf_student_quant_20260908/formal_ports_runs_a39c832/rsar/am_noise_vertical/seed_43/methods/IRG/eval_full_am_noise_vertical_ids_v1/class_ap.txt
RSAR,am_noise_vertical,IRG,43,ema,harbor,0.088,printed class_ap.txt (typically 3 decimals),,,complete,/mnt/shared/zechuan/iraod_artifacts/comparison/xaf_student_quant_20260908/formal_ports_runs_a39c832/rsar/am_noise_vertical/seed_43/methods/IRG/eval_full_am_noise_vertical_ids_v1/class_ap.txt
RSAR,am_noise_vertical,IRG,44,ema,ship,0.429,printed class_ap.txt (typically 3 decimals),,,complete,/mnt/shared/zechuan/iraod_artifacts/comparison/xaf_student_quant_20260908/formal_ports_runs_a39c832/rsar/am_noise_vertical/seed_44/methods/IRG/eval_full_am_noise_vertical_ids_v1/class_ap.txt
RSAR,am_noise_vertical,IRG,44,ema,aircraft,0.091,printed class_ap.txt (typically 3 decimals),,,complete,/mnt/shared/zechuan/iraod_artifacts/comparison/xaf_student_quant_20260908/formal_ports_runs_a39c832/rsar/am_noise_vertical/seed_44/methods/IRG/eval_full_am_noise_vertical_ids_v1/class_ap.txt
RSAR,am_noise_vertical,IRG,44,ema,car,0.527,printed class_ap.txt (typically 3 decimals),,,complete,/mnt/shared/zechuan/iraod_artifacts/comparison/xaf_student_quant_20260908/formal_ports_runs_a39c832/rsar/am_noise_vertical/seed_44/methods/IRG/eval_full_am_noise_vertical_ids_v1/class_ap.txt
RSAR,am_noise_vertical,IRG,44,ema,tank,0.092,printed class_ap.txt (typically 3 decimals),,,complete,/mnt/shared/zechuan/iraod_artifacts/comparison/xaf_student_quant_20260908/formal_ports_runs_a39c832/rsar/am_noise_vertical/seed_44/methods/IRG/eval_full_am_noise_vertical_ids_v1/class_ap.txt
RSAR,am_noise_vertical,IRG,44,ema,bridge,0.221,printed class_ap.txt (typically 3 decimals),,,complete,/mnt/shared/zechuan/iraod_artifacts/comparison/xaf_student_quant_20260908/formal_ports_runs_a39c832/rsar/am_noise_vertical/seed_44/methods/IRG/eval_full_am_noise_vertical_ids_v1/class_ap.txt
RSAR,am_noise_vertical,IRG,44,ema,harbor,0.13,printed class_ap.txt (typically 3 decimals),,,complete,/mnt/shared/zechuan/iraod_artifacts/comparison/xaf_student_quant_20260908/formal_ports_runs_a39c832/rsar/am_noise_vertical/seed_44/methods/IRG/eval_full_am_noise_vertical_ids_v1/class_ap.txt
RSAR,am_noise_vertical,LPLD,42,ema,ship,0.412,printed class_ap.txt (typically 3 decimals),,,complete,/mnt/shared/zechuan/iraod_artifacts/comparison/xaf_student_quant_20260908/formal_ports_runs_a39c832/rsar/am_noise_vertical/seed_42/methods/LPLD/eval_full_am_noise_vertical_ids_v1/class_ap.txt
RSAR,am_noise_vertical,LPLD,42,ema,aircraft,0.091,printed class_ap.txt (typically 3 decimals),,,complete,/mnt/shared/zechuan/iraod_artifacts/comparison/xaf_student_quant_20260908/formal_ports_runs_a39c832/rsar/am_noise_vertical/seed_42/methods/LPLD/eval_full_am_noise_vertical_ids_v1/class_ap.txt
RSAR,am_noise_vertical,LPLD,42,ema,car,0.518,printed class_ap.txt (typically 3 decimals),,,complete,/mnt/shared/zechuan/iraod_artifacts/comparison/xaf_student_quant_20260908/formal_ports_runs_a39c832/rsar/am_noise_vertical/seed_42/methods/LPLD/eval_full_am_noise_vertical_ids_v1/class_ap.txt
RSAR,am_noise_vertical,LPLD,42,ema,tank,0.091,printed class_ap.txt (typically 3 decimals),,,complete,/mnt/shared/zechuan/iraod_artifacts/comparison/xaf_student_quant_20260908/formal_ports_runs_a39c832/rsar/am_noise_vertical/seed_42/methods/LPLD/eval_full_am_noise_vertical_ids_v1/class_ap.txt
RSAR,am_noise_vertical,LPLD,42,ema,bridge,0.206,printed class_ap.txt (typically 3 decimals),,,complete,/mnt/shared/zechuan/iraod_artifacts/comparison/xaf_student_quant_20260908/formal_ports_runs_a39c832/rsar/am_noise_vertical/seed_42/methods/LPLD/eval_full_am_noise_vertical_ids_v1/class_ap.txt
RSAR,am_noise_vertical,LPLD,42,ema,harbor,0.029,printed class_ap.txt (typically 3 decimals),,,complete,/mnt/shared/zechuan/iraod_artifacts/comparison/xaf_student_quant_20260908/formal_ports_runs_a39c832/rsar/am_noise_vertical/seed_42/methods/LPLD/eval_full_am_noise_vertical_ids_v1/class_ap.txt
RSAR,am_noise_vertical,LPLD,43,ema,ship,0.42,printed class_ap.txt (typically 3 decimals),,,complete,/mnt/shared/zechuan/iraod_artifacts/comparison/xaf_student_quant_20260908/formal_ports_runs_a39c832/rsar/am_noise_vertical/seed_43/methods/LPLD/eval_full_am_noise_vertical_ids_v1/class_ap.txt
RSAR,am_noise_vertical,LPLD,43,ema,aircraft,0.091,printed class_ap.txt (typically 3 decimals),,,complete,/mnt/shared/zechuan/iraod_artifacts/comparison/xaf_student_quant_20260908/formal_ports_runs_a39c832/rsar/am_noise_vertical/seed_43/methods/LPLD/eval_full_am_noise_vertical_ids_v1/class_ap.txt
RSAR,am_noise_vertical,LPLD,43,ema,car,0.501,printed class_ap.txt (typically 3 decimals),,,complete,/mnt/shared/zechuan/iraod_artifacts/comparison/xaf_student_quant_20260908/formal_ports_runs_a39c832/rsar/am_noise_vertical/seed_43/methods/LPLD/eval_full_am_noise_vertical_ids_v1/class_ap.txt
RSAR,am_noise_vertical,LPLD,43,ema,tank,0.091,printed class_ap.txt (typically 3 decimals),,,complete,/mnt/shared/zechuan/iraod_artifacts/comparison/xaf_student_quant_20260908/formal_ports_runs_a39c832/rsar/am_noise_vertical/seed_43/methods/LPLD/eval_full_am_noise_vertical_ids_v1/class_ap.txt
RSAR,am_noise_vertical,LPLD,43,ema,bridge,0.199,printed class_ap.txt (typically 3 decimals),,,complete,/mnt/shared/zechuan/iraod_artifacts/comparison/xaf_student_quant_20260908/formal_ports_runs_a39c832/rsar/am_noise_vertical/seed_43/methods/LPLD/eval_full_am_noise_vertical_ids_v1/class_ap.txt
RSAR,am_noise_vertical,LPLD,43,ema,harbor,0.008,printed class_ap.txt (typically 3 decimals),,,complete,/mnt/shared/zechuan/iraod_artifacts/comparison/xaf_student_quant_20260908/formal_ports_runs_a39c832/rsar/am_noise_vertical/seed_43/methods/LPLD/eval_full_am_noise_vertical_ids_v1/class_ap.txt
RSAR,am_noise_vertical,LPLD,44,ema,ship,0.391,printed class_ap.txt (typically 3 decimals),,,complete,/mnt/shared/zechuan/iraod_artifacts/comparison/xaf_student_quant_20260908/formal_ports_runs_a39c832/rsar/am_noise_vertical/seed_44/methods/LPLD/eval_full_am_noise_vertical_ids_v1/class_ap.txt
RSAR,am_noise_vertical,LPLD,44,ema,aircraft,0.0,printed class_ap.txt (typically 3 decimals),,,complete,/mnt/shared/zechuan/iraod_artifacts/comparison/xaf_student_quant_20260908/formal_ports_runs_a39c832/rsar/am_noise_vertical/seed_44/methods/LPLD/eval_full_am_noise_vertical_ids_v1/class_ap.txt
RSAR,am_noise_vertical,LPLD,44,ema,car,0.458,printed class_ap.txt (typically 3 decimals),,,complete,/mnt/shared/zechuan/iraod_artifacts/comparison/xaf_student_quant_20260908/formal_ports_runs_a39c832/rsar/am_noise_vertical/seed_44/methods/LPLD/eval_full_am_noise_vertical_ids_v1/class_ap.txt
RSAR,am_noise_vertical,LPLD,44,ema,tank,0.03,printed class_ap.txt (typically 3 decimals),,,complete,/mnt/shared/zechuan/iraod_artifacts/comparison/xaf_student_quant_20260908/formal_ports_runs_a39c832/rsar/am_noise_vertical/seed_44/methods/LPLD/eval_full_am_noise_vertical_ids_v1/class_ap.txt
RSAR,am_noise_vertical,LPLD,44,ema,bridge,0.167,printed class_ap.txt (typically 3 decimals),,,complete,/mnt/shared/zechuan/iraod_artifacts/comparison/xaf_student_quant_20260908/formal_ports_runs_a39c832/rsar/am_noise_vertical/seed_44/methods/LPLD/eval_full_am_noise_vertical_ids_v1/class_ap.txt
RSAR,am_noise_vertical,LPLD,44,ema,harbor,0.001,printed class_ap.txt (typically 3 decimals),,,complete,/mnt/shared/zechuan/iraod_artifacts/comparison/xaf_student_quant_20260908/formal_ports_runs_a39c832/rsar/am_noise_vertical/seed_44/methods/LPLD/eval_full_am_noise_vertical_ids_v1/class_ap.txt
RSAR,am_noise_vertical,SFUT,42,ema,ship,0.408,printed class_ap.txt (typically 3 decimals),,,complete,/mnt/shared/zechuan/iraod_artifacts/comparison/xaf_student_quant_20260908/formal_ports_runs_a39c832/rsar/am_noise_vertical/seed_42/methods/SFUT/eval_full_am_noise_vertical_ids_v1/class_ap.txt
RSAR,am_noise_vertical,SFUT,42,ema,aircraft,0.045,printed class_ap.txt (typically 3 decimals),,,complete,/mnt/shared/zechuan/iraod_artifacts/comparison/xaf_student_quant_20260908/formal_ports_runs_a39c832/rsar/am_noise_vertical/seed_42/methods/SFUT/eval_full_am_noise_vertical_ids_v1/class_ap.txt
RSAR,am_noise_vertical,SFUT,42,ema,car,0.49,printed class_ap.txt (typically 3 decimals),,,complete,/mnt/shared/zechuan/iraod_artifacts/comparison/xaf_student_quant_20260908/formal_ports_runs_a39c832/rsar/am_noise_vertical/seed_42/methods/SFUT/eval_full_am_noise_vertical_ids_v1/class_ap.txt
RSAR,am_noise_vertical,SFUT,42,ema,tank,0.092,printed class_ap.txt (typically 3 decimals),,,complete,/mnt/shared/zechuan/iraod_artifacts/comparison/xaf_student_quant_20260908/formal_ports_runs_a39c832/rsar/am_noise_vertical/seed_42/methods/SFUT/eval_full_am_noise_vertical_ids_v1/class_ap.txt
RSAR,am_noise_vertical,SFUT,42,ema,bridge,0.181,printed class_ap.txt (typically 3 decimals),,,complete,/mnt/shared/zechuan/iraod_artifacts/comparison/xaf_student_quant_20260908/formal_ports_runs_a39c832/rsar/am_noise_vertical/seed_42/methods/SFUT/eval_full_am_noise_vertical_ids_v1/class_ap.txt
RSAR,am_noise_vertical,SFUT,42,ema,harbor,0.118,printed class_ap.txt (typically 3 decimals),,,complete,/mnt/shared/zechuan/iraod_artifacts/comparison/xaf_student_quant_20260908/formal_ports_runs_a39c832/rsar/am_noise_vertical/seed_42/methods/SFUT/eval_full_am_noise_vertical_ids_v1/class_ap.txt
RSAR,am_noise_vertical,SFUT,43,ema,ship,0.419,printed class_ap.txt (typically 3 decimals),,,complete,/mnt/shared/zechuan/iraod_artifacts/comparison/xaf_student_quant_20260908/formal_ports_runs_a39c832/rsar/am_noise_vertical/seed_43/methods/SFUT/eval_full_am_noise_vertical_ids_v1/class_ap.txt
RSAR,am_noise_vertical,SFUT,43,ema,aircraft,0.018,printed class_ap.txt (typically 3 decimals),,,complete,/mnt/shared/zechuan/iraod_artifacts/comparison/xaf_student_quant_20260908/formal_ports_runs_a39c832/rsar/am_noise_vertical/seed_43/methods/SFUT/eval_full_am_noise_vertical_ids_v1/class_ap.txt
RSAR,am_noise_vertical,SFUT,43,ema,car,0.491,printed class_ap.txt (typically 3 decimals),,,complete,/mnt/shared/zechuan/iraod_artifacts/comparison/xaf_student_quant_20260908/formal_ports_runs_a39c832/rsar/am_noise_vertical/seed_43/methods/SFUT/eval_full_am_noise_vertical_ids_v1/class_ap.txt
RSAR,am_noise_vertical,SFUT,43,ema,tank,0.091,printed class_ap.txt (typically 3 decimals),,,complete,/mnt/shared/zechuan/iraod_artifacts/comparison/xaf_student_quant_20260908/formal_ports_runs_a39c832/rsar/am_noise_vertical/seed_43/methods/SFUT/eval_full_am_noise_vertical_ids_v1/class_ap.txt
RSAR,am_noise_vertical,SFUT,43,ema,bridge,0.218,printed class_ap.txt (typically 3 decimals),,,complete,/mnt/shared/zechuan/iraod_artifacts/comparison/xaf_student_quant_20260908/formal_ports_runs_a39c832/rsar/am_noise_vertical/seed_43/methods/SFUT/eval_full_am_noise_vertical_ids_v1/class_ap.txt
RSAR,am_noise_vertical,SFUT,43,ema,harbor,0.107,printed class_ap.txt (typically 3 decimals),,,complete,/mnt/shared/zechuan/iraod_artifacts/comparison/xaf_student_quant_20260908/formal_ports_runs_a39c832/rsar/am_noise_vertical/seed_43/methods/SFUT/eval_full_am_noise_vertical_ids_v1/class_ap.txt
RSAR,am_noise_vertical,SFUT,44,ema,ship,0.41,printed class_ap.txt (typically 3 decimals),,,complete,/mnt/shared/zechuan/iraod_artifacts/comparison/xaf_student_quant_20260908/formal_ports_runs_a39c832/rsar/am_noise_vertical/seed_44/methods/SFUT/eval_full_am_noise_vertical_ids_v1/class_ap.txt
RSAR,am_noise_vertical,SFUT,44,ema,aircraft,0.091,printed class_ap.txt (typically 3 decimals),,,complete,/mnt/shared/zechuan/iraod_artifacts/comparison/xaf_student_quant_20260908/formal_ports_runs_a39c832/rsar/am_noise_vertical/seed_44/methods/SFUT/eval_full_am_noise_vertical_ids_v1/class_ap.txt
RSAR,am_noise_vertical,SFUT,44,ema,car,0.494,printed class_ap.txt (typically 3 decimals),,,complete,/mnt/shared/zechuan/iraod_artifacts/comparison/xaf_student_quant_20260908/formal_ports_runs_a39c832/rsar/am_noise_vertical/seed_44/methods/SFUT/eval_full_am_noise_vertical_ids_v1/class_ap.txt
RSAR,am_noise_vertical,SFUT,44,ema,tank,0.092,printed class_ap.txt (typically 3 decimals),,,complete,/mnt/shared/zechuan/iraod_artifacts/comparison/xaf_student_quant_20260908/formal_ports_runs_a39c832/rsar/am_noise_vertical/seed_44/methods/SFUT/eval_full_am_noise_vertical_ids_v1/class_ap.txt
RSAR,am_noise_vertical,SFUT,44,ema,bridge,0.205,printed class_ap.txt (typically 3 decimals),,,complete,/mnt/shared/zechuan/iraod_artifacts/comparison/xaf_student_quant_20260908/formal_ports_runs_a39c832/rsar/am_noise_vertical/seed_44/methods/SFUT/eval_full_am_noise_vertical_ids_v1/class_ap.txt
RSAR,am_noise_vertical,SFUT,44,ema,harbor,0.113,printed class_ap.txt (typically 3 decimals),,,complete,/mnt/shared/zechuan/iraod_artifacts/comparison/xaf_student_quant_20260908/formal_ports_runs_a39c832/rsar/am_noise_vertical/seed_44/methods/SFUT/eval_full_am_noise_vertical_ids_v1/class_ap.txt
DIOR,clean,A,42,source,airplane,0.488,printed class_ap.txt (typically 3 decimals),0.488,0.488,complete,/mnt/shared/zechuan/iraod_artifacts/comparison/dior/clean/seed_42/0f98a48/methods/A/eval_full_clean_ids_v1/class_ap.txt
DIOR,clean,A,42,source,airport,0.009,printed class_ap.txt (typically 3 decimals),0.009,0.009,complete,/mnt/shared/zechuan/iraod_artifacts/comparison/dior/clean/seed_42/0f98a48/methods/A/eval_full_clean_ids_v1/class_ap.txt
DIOR,clean,A,42,source,baseballfield,0.532,printed class_ap.txt (typically 3 decimals),0.532,0.532,complete,/mnt/shared/zechuan/iraod_artifacts/comparison/dior/clean/seed_42/0f98a48/methods/A/eval_full_clean_ids_v1/class_ap.txt
DIOR,clean,A,42,source,basketballcourt,0.367,printed class_ap.txt (typically 3 decimals),0.367,0.367,complete,/mnt/shared/zechuan/iraod_artifacts/comparison/dior/clean/seed_42/0f98a48/methods/A/eval_full_clean_ids_v1/class_ap.txt
DIOR,clean,A,42,source,bridge,0.114,printed class_ap.txt (typically 3 decimals),0.114,0.114,complete,/mnt/shared/zechuan/iraod_artifacts/comparison/dior/clean/seed_42/0f98a48/methods/A/eval_full_clean_ids_v1/class_ap.txt
DIOR,clean,A,42,source,chimney,0.418,printed class_ap.txt (typically 3 decimals),0.418,0.418,complete,/mnt/shared/zechuan/iraod_artifacts/comparison/dior/clean/seed_42/0f98a48/methods/A/eval_full_clean_ids_v1/class_ap.txt
DIOR,clean,A,42,source,expressway-service-area,0.281,printed class_ap.txt (typically 3 decimals),0.281,0.281,complete,/mnt/shared/zechuan/iraod_artifacts/comparison/dior/clean/seed_42/0f98a48/methods/A/eval_full_clean_ids_v1/class_ap.txt
DIOR,clean,A,42,source,expressway-toll-station,0.198,printed class_ap.txt (typically 3 decimals),0.198,0.198,complete,/mnt/shared/zechuan/iraod_artifacts/comparison/dior/clean/seed_42/0f98a48/methods/A/eval_full_clean_ids_v1/class_ap.txt
DIOR,clean,A,42,source,dam,0.021,printed class_ap.txt (typically 3 decimals),0.021,0.021,complete,/mnt/shared/zechuan/iraod_artifacts/comparison/dior/clean/seed_42/0f98a48/methods/A/eval_full_clean_ids_v1/class_ap.txt
DIOR,clean,A,42,source,golffield,0.277,printed class_ap.txt (typically 3 decimals),0.277,0.277,complete,/mnt/shared/zechuan/iraod_artifacts/comparison/dior/clean/seed_42/0f98a48/methods/A/eval_full_clean_ids_v1/class_ap.txt
DIOR,clean,A,42,source,groundtrackfield,0.248,printed class_ap.txt (typically 3 decimals),0.248,0.248,complete,/mnt/shared/zechuan/iraod_artifacts/comparison/dior/clean/seed_42/0f98a48/methods/A/eval_full_clean_ids_v1/class_ap.txt
DIOR,clean,A,42,source,harbor,0.118,printed class_ap.txt (typically 3 decimals),0.118,0.118,complete,/mnt/shared/zechuan/iraod_artifacts/comparison/dior/clean/seed_42/0f98a48/methods/A/eval_full_clean_ids_v1/class_ap.txt
DIOR,clean,A,42,source,overpass,0.179,printed class_ap.txt (typically 3 decimals),0.179,0.179,complete,/mnt/shared/zechuan/iraod_artifacts/comparison/dior/clean/seed_42/0f98a48/methods/A/eval_full_clean_ids_v1/class_ap.txt
DIOR,clean,A,42,source,ship,0.703,printed class_ap.txt (typically 3 decimals),0.703,0.703,complete,/mnt/shared/zechuan/iraod_artifacts/comparison/dior/clean/seed_42/0f98a48/methods/A/eval_full_clean_ids_v1/class_ap.txt
DIOR,clean,A,42,source,stadium,0.264,printed class_ap.txt (typically 3 decimals),0.264,0.264,complete,/mnt/shared/zechuan/iraod_artifacts/comparison/dior/clean/seed_42/0f98a48/methods/A/eval_full_clean_ids_v1/class_ap.txt
DIOR,clean,A,42,source,storagetank,0.485,printed class_ap.txt (typically 3 decimals),0.485,0.485,complete,/mnt/shared/zechuan/iraod_artifacts/comparison/dior/clean/seed_42/0f98a48/methods/A/eval_full_clean_ids_v1/class_ap.txt
DIOR,clean,A,42,source,tenniscourt,0.618,printed class_ap.txt (typically 3 decimals),0.618,0.618,complete,/mnt/shared/zechuan/iraod_artifacts/comparison/dior/clean/seed_42/0f98a48/methods/A/eval_full_clean_ids_v1/class_ap.txt
DIOR,clean,A,42,source,trainstation,0.081,printed class_ap.txt (typically 3 decimals),0.081,0.081,complete,/mnt/shared/zechuan/iraod_artifacts/comparison/dior/clean/seed_42/0f98a48/methods/A/eval_full_clean_ids_v1/class_ap.txt
DIOR,clean,A,42,source,vehicle,0.303,printed class_ap.txt (typically 3 decimals),0.303,0.303,complete,/mnt/shared/zechuan/iraod_artifacts/comparison/dior/clean/seed_42/0f98a48/methods/A/eval_full_clean_ids_v1/class_ap.txt
DIOR,clean,A,42,source,windmill,0.195,printed class_ap.txt (typically 3 decimals),0.195,0.195,complete,/mnt/shared/zechuan/iraod_artifacts/comparison/dior/clean/seed_42/0f98a48/methods/A/eval_full_clean_ids_v1/class_ap.txt
DIOR,clean,IRG,42,ema,airplane,0.485,printed class_ap.txt (typically 3 decimals),,,complete,/mnt/shared/zechuan/iraod_artifacts/comparison/xaf_student_quant_20260908/formal_ports_runs_a39c832/dior/clean/seed_42/methods/IRG/eval_full_clean_ids_v1/class_ap.txt
DIOR,clean,IRG,42,ema,airport,0.008,printed class_ap.txt (typically 3 decimals),,,complete,/mnt/shared/zechuan/iraod_artifacts/comparison/xaf_student_quant_20260908/formal_ports_runs_a39c832/dior/clean/seed_42/methods/IRG/eval_full_clean_ids_v1/class_ap.txt
DIOR,clean,IRG,42,ema,baseballfield,0.532,printed class_ap.txt (typically 3 decimals),,,complete,/mnt/shared/zechuan/iraod_artifacts/comparison/xaf_student_quant_20260908/formal_ports_runs_a39c832/dior/clean/seed_42/methods/IRG/eval_full_clean_ids_v1/class_ap.txt
DIOR,clean,IRG,42,ema,basketballcourt,0.382,printed class_ap.txt (typically 3 decimals),,,complete,/mnt/shared/zechuan/iraod_artifacts/comparison/xaf_student_quant_20260908/formal_ports_runs_a39c832/dior/clean/seed_42/methods/IRG/eval_full_clean_ids_v1/class_ap.txt
DIOR,clean,IRG,42,ema,bridge,0.115,printed class_ap.txt (typically 3 decimals),,,complete,/mnt/shared/zechuan/iraod_artifacts/comparison/xaf_student_quant_20260908/formal_ports_runs_a39c832/dior/clean/seed_42/methods/IRG/eval_full_clean_ids_v1/class_ap.txt
DIOR,clean,IRG,42,ema,chimney,0.419,printed class_ap.txt (typically 3 decimals),,,complete,/mnt/shared/zechuan/iraod_artifacts/comparison/xaf_student_quant_20260908/formal_ports_runs_a39c832/dior/clean/seed_42/methods/IRG/eval_full_clean_ids_v1/class_ap.txt
DIOR,clean,IRG,42,ema,expressway-service-area,0.282,printed class_ap.txt (typically 3 decimals),,,complete,/mnt/shared/zechuan/iraod_artifacts/comparison/xaf_student_quant_20260908/formal_ports_runs_a39c832/dior/clean/seed_42/methods/IRG/eval_full_clean_ids_v1/class_ap.txt
DIOR,clean,IRG,42,ema,expressway-toll-station,0.199,printed class_ap.txt (typically 3 decimals),,,complete,/mnt/shared/zechuan/iraod_artifacts/comparison/xaf_student_quant_20260908/formal_ports_runs_a39c832/dior/clean/seed_42/methods/IRG/eval_full_clean_ids_v1/class_ap.txt
DIOR,clean,IRG,42,ema,dam,0.018,printed class_ap.txt (typically 3 decimals),,,complete,/mnt/shared/zechuan/iraod_artifacts/comparison/xaf_student_quant_20260908/formal_ports_runs_a39c832/dior/clean/seed_42/methods/IRG/eval_full_clean_ids_v1/class_ap.txt
DIOR,clean,IRG,42,ema,golffield,0.277,printed class_ap.txt (typically 3 decimals),,,complete,/mnt/shared/zechuan/iraod_artifacts/comparison/xaf_student_quant_20260908/formal_ports_runs_a39c832/dior/clean/seed_42/methods/IRG/eval_full_clean_ids_v1/class_ap.txt
DIOR,clean,IRG,42,ema,groundtrackfield,0.251,printed class_ap.txt (typically 3 decimals),,,complete,/mnt/shared/zechuan/iraod_artifacts/comparison/xaf_student_quant_20260908/formal_ports_runs_a39c832/dior/clean/seed_42/methods/IRG/eval_full_clean_ids_v1/class_ap.txt
DIOR,clean,IRG,42,ema,harbor,0.148,printed class_ap.txt (typically 3 decimals),,,complete,/mnt/shared/zechuan/iraod_artifacts/comparison/xaf_student_quant_20260908/formal_ports_runs_a39c832/dior/clean/seed_42/methods/IRG/eval_full_clean_ids_v1/class_ap.txt
DIOR,clean,IRG,42,ema,overpass,0.178,printed class_ap.txt (typically 3 decimals),,,complete,/mnt/shared/zechuan/iraod_artifacts/comparison/xaf_student_quant_20260908/formal_ports_runs_a39c832/dior/clean/seed_42/methods/IRG/eval_full_clean_ids_v1/class_ap.txt
DIOR,clean,IRG,42,ema,ship,0.703,printed class_ap.txt (typically 3 decimals),,,complete,/mnt/shared/zechuan/iraod_artifacts/comparison/xaf_student_quant_20260908/formal_ports_runs_a39c832/dior/clean/seed_42/methods/IRG/eval_full_clean_ids_v1/class_ap.txt
DIOR,clean,IRG,42,ema,stadium,0.27,printed class_ap.txt (typically 3 decimals),,,complete,/mnt/shared/zechuan/iraod_artifacts/comparison/xaf_student_quant_20260908/formal_ports_runs_a39c832/dior/clean/seed_42/methods/IRG/eval_full_clean_ids_v1/class_ap.txt
DIOR,clean,IRG,42,ema,storagetank,0.488,printed class_ap.txt (typically 3 decimals),,,complete,/mnt/shared/zechuan/iraod_artifacts/comparison/xaf_student_quant_20260908/formal_ports_runs_a39c832/dior/clean/seed_42/methods/IRG/eval_full_clean_ids_v1/class_ap.txt
DIOR,clean,IRG,42,ema,tenniscourt,0.618,printed class_ap.txt (typically 3 decimals),,,complete,/mnt/shared/zechuan/iraod_artifacts/comparison/xaf_student_quant_20260908/formal_ports_runs_a39c832/dior/clean/seed_42/methods/IRG/eval_full_clean_ids_v1/class_ap.txt
DIOR,clean,IRG,42,ema,trainstation,0.084,printed class_ap.txt (typically 3 decimals),,,complete,/mnt/shared/zechuan/iraod_artifacts/comparison/xaf_student_quant_20260908/formal_ports_runs_a39c832/dior/clean/seed_42/methods/IRG/eval_full_clean_ids_v1/class_ap.txt
DIOR,clean,IRG,42,ema,vehicle,0.304,printed class_ap.txt (typically 3 decimals),,,complete,/mnt/shared/zechuan/iraod_artifacts/comparison/xaf_student_quant_20260908/formal_ports_runs_a39c832/dior/clean/seed_42/methods/IRG/eval_full_clean_ids_v1/class_ap.txt
DIOR,clean,IRG,42,ema,windmill,0.194,printed class_ap.txt (typically 3 decimals),,,complete,/mnt/shared/zechuan/iraod_artifacts/comparison/xaf_student_quant_20260908/formal_ports_runs_a39c832/dior/clean/seed_42/methods/IRG/eval_full_clean_ids_v1/class_ap.txt
DIOR,clean,IRG,43,ema,airplane,0.489,printed class_ap.txt (typically 3 decimals),,,complete,/mnt/shared/zechuan/iraod_artifacts/comparison/xaf_student_quant_20260908/formal_ports_runs_a39c832/dior/clean/seed_43/methods/IRG/eval_full_clean_ids_v1/class_ap.txt
DIOR,clean,IRG,43,ema,airport,0.009,printed class_ap.txt (typically 3 decimals),,,complete,/mnt/shared/zechuan/iraod_artifacts/comparison/xaf_student_quant_20260908/formal_ports_runs_a39c832/dior/clean/seed_43/methods/IRG/eval_full_clean_ids_v1/class_ap.txt
DIOR,clean,IRG,43,ema,baseballfield,0.533,printed class_ap.txt (typically 3 decimals),,,complete,/mnt/shared/zechuan/iraod_artifacts/comparison/xaf_student_quant_20260908/formal_ports_runs_a39c832/dior/clean/seed_43/methods/IRG/eval_full_clean_ids_v1/class_ap.txt
DIOR,clean,IRG,43,ema,basketballcourt,0.379,printed class_ap.txt (typically 3 decimals),,,complete,/mnt/shared/zechuan/iraod_artifacts/comparison/xaf_student_quant_20260908/formal_ports_runs_a39c832/dior/clean/seed_43/methods/IRG/eval_full_clean_ids_v1/class_ap.txt
DIOR,clean,IRG,43,ema,bridge,0.114,printed class_ap.txt (typically 3 decimals),,,complete,/mnt/shared/zechuan/iraod_artifacts/comparison/xaf_student_quant_20260908/formal_ports_runs_a39c832/dior/clean/seed_43/methods/IRG/eval_full_clean_ids_v1/class_ap.txt
DIOR,clean,IRG,43,ema,chimney,0.421,printed class_ap.txt (typically 3 decimals),,,complete,/mnt/shared/zechuan/iraod_artifacts/comparison/xaf_student_quant_20260908/formal_ports_runs_a39c832/dior/clean/seed_43/methods/IRG/eval_full_clean_ids_v1/class_ap.txt
DIOR,clean,IRG,43,ema,expressway-service-area,0.282,printed class_ap.txt (typically 3 decimals),,,complete,/mnt/shared/zechuan/iraod_artifacts/comparison/xaf_student_quant_20260908/formal_ports_runs_a39c832/dior/clean/seed_43/methods/IRG/eval_full_clean_ids_v1/class_ap.txt
DIOR,clean,IRG,43,ema,expressway-toll-station,0.199,printed class_ap.txt (typically 3 decimals),,,complete,/mnt/shared/zechuan/iraod_artifacts/comparison/xaf_student_quant_20260908/formal_ports_runs_a39c832/dior/clean/seed_43/methods/IRG/eval_full_clean_ids_v1/class_ap.txt
DIOR,clean,IRG,43,ema,dam,0.017,printed class_ap.txt (typically 3 decimals),,,complete,/mnt/shared/zechuan/iraod_artifacts/comparison/xaf_student_quant_20260908/formal_ports_runs_a39c832/dior/clean/seed_43/methods/IRG/eval_full_clean_ids_v1/class_ap.txt
DIOR,clean,IRG,43,ema,golffield,0.281,printed class_ap.txt (typically 3 decimals),,,complete,/mnt/shared/zechuan/iraod_artifacts/comparison/xaf_student_quant_20260908/formal_ports_runs_a39c832/dior/clean/seed_43/methods/IRG/eval_full_clean_ids_v1/class_ap.txt
DIOR,clean,IRG,43,ema,groundtrackfield,0.25,printed class_ap.txt (typically 3 decimals),,,complete,/mnt/shared/zechuan/iraod_artifacts/comparison/xaf_student_quant_20260908/formal_ports_runs_a39c832/dior/clean/seed_43/methods/IRG/eval_full_clean_ids_v1/class_ap.txt
DIOR,clean,IRG,43,ema,harbor,0.124,printed class_ap.txt (typically 3 decimals),,,complete,/mnt/shared/zechuan/iraod_artifacts/comparison/xaf_student_quant_20260908/formal_ports_runs_a39c832/dior/clean/seed_43/methods/IRG/eval_full_clean_ids_v1/class_ap.txt
DIOR,clean,IRG,43,ema,overpass,0.181,printed class_ap.txt (typically 3 decimals),,,complete,/mnt/shared/zechuan/iraod_artifacts/comparison/xaf_student_quant_20260908/formal_ports_runs_a39c832/dior/clean/seed_43/methods/IRG/eval_full_clean_ids_v1/class_ap.txt
DIOR,clean,IRG,43,ema,ship,0.703,printed class_ap.txt (typically 3 decimals),,,complete,/mnt/shared/zechuan/iraod_artifacts/comparison/xaf_student_quant_20260908/formal_ports_runs_a39c832/dior/clean/seed_43/methods/IRG/eval_full_clean_ids_v1/class_ap.txt
DIOR,clean,IRG,43,ema,stadium,0.273,printed class_ap.txt (typically 3 decimals),,,complete,/mnt/shared/zechuan/iraod_artifacts/comparison/xaf_student_quant_20260908/formal_ports_runs_a39c832/dior/clean/seed_43/methods/IRG/eval_full_clean_ids_v1/class_ap.txt
DIOR,clean,IRG,43,ema,storagetank,0.486,printed class_ap.txt (typically 3 decimals),,,complete,/mnt/shared/zechuan/iraod_artifacts/comparison/xaf_student_quant_20260908/formal_ports_runs_a39c832/dior/clean/seed_43/methods/IRG/eval_full_clean_ids_v1/class_ap.txt
DIOR,clean,IRG,43,ema,tenniscourt,0.62,printed class_ap.txt (typically 3 decimals),,,complete,/mnt/shared/zechuan/iraod_artifacts/comparison/xaf_student_quant_20260908/formal_ports_runs_a39c832/dior/clean/seed_43/methods/IRG/eval_full_clean_ids_v1/class_ap.txt
DIOR,clean,IRG,43,ema,trainstation,0.09,printed class_ap.txt (typically 3 decimals),,,complete,/mnt/shared/zechuan/iraod_artifacts/comparison/xaf_student_quant_20260908/formal_ports_runs_a39c832/dior/clean/seed_43/methods/IRG/eval_full_clean_ids_v1/class_ap.txt
DIOR,clean,IRG,43,ema,vehicle,0.304,printed class_ap.txt (typically 3 decimals),,,complete,/mnt/shared/zechuan/iraod_artifacts/comparison/xaf_student_quant_20260908/formal_ports_runs_a39c832/dior/clean/seed_43/methods/IRG/eval_full_clean_ids_v1/class_ap.txt
DIOR,clean,IRG,43,ema,windmill,0.195,printed class_ap.txt (typically 3 decimals),,,complete,/mnt/shared/zechuan/iraod_artifacts/comparison/xaf_student_quant_20260908/formal_ports_runs_a39c832/dior/clean/seed_43/methods/IRG/eval_full_clean_ids_v1/class_ap.txt
DIOR,clean,IRG,44,ema,airplane,0.489,printed class_ap.txt (typically 3 decimals),,,complete,/mnt/shared/zechuan/iraod_artifacts/comparison/xaf_student_quant_20260908/formal_ports_runs_a39c832/dior/clean/seed_44/methods/IRG/eval_full_clean_ids_v1/class_ap.txt
DIOR,clean,IRG,44,ema,airport,0.009,printed class_ap.txt (typically 3 decimals),,,complete,/mnt/shared/zechuan/iraod_artifacts/comparison/xaf_student_quant_20260908/formal_ports_runs_a39c832/dior/clean/seed_44/methods/IRG/eval_full_clean_ids_v1/class_ap.txt
DIOR,clean,IRG,44,ema,baseballfield,0.532,printed class_ap.txt (typically 3 decimals),,,complete,/mnt/shared/zechuan/iraod_artifacts/comparison/xaf_student_quant_20260908/formal_ports_runs_a39c832/dior/clean/seed_44/methods/IRG/eval_full_clean_ids_v1/class_ap.txt
DIOR,clean,IRG,44,ema,basketballcourt,0.382,printed class_ap.txt (typically 3 decimals),,,complete,/mnt/shared/zechuan/iraod_artifacts/comparison/xaf_student_quant_20260908/formal_ports_runs_a39c832/dior/clean/seed_44/methods/IRG/eval_full_clean_ids_v1/class_ap.txt
DIOR,clean,IRG,44,ema,bridge,0.116,printed class_ap.txt (typically 3 decimals),,,complete,/mnt/shared/zechuan/iraod_artifacts/comparison/xaf_student_quant_20260908/formal_ports_runs_a39c832/dior/clean/seed_44/methods/IRG/eval_full_clean_ids_v1/class_ap.txt
DIOR,clean,IRG,44,ema,chimney,0.421,printed class_ap.txt (typically 3 decimals),,,complete,/mnt/shared/zechuan/iraod_artifacts/comparison/xaf_student_quant_20260908/formal_ports_runs_a39c832/dior/clean/seed_44/methods/IRG/eval_full_clean_ids_v1/class_ap.txt
DIOR,clean,IRG,44,ema,expressway-service-area,0.283,printed class_ap.txt (typically 3 decimals),,,complete,/mnt/shared/zechuan/iraod_artifacts/comparison/xaf_student_quant_20260908/formal_ports_runs_a39c832/dior/clean/seed_44/methods/IRG/eval_full_clean_ids_v1/class_ap.txt
DIOR,clean,IRG,44,ema,expressway-toll-station,0.201,printed class_ap.txt (typically 3 decimals),,,complete,/mnt/shared/zechuan/iraod_artifacts/comparison/xaf_student_quant_20260908/formal_ports_runs_a39c832/dior/clean/seed_44/methods/IRG/eval_full_clean_ids_v1/class_ap.txt
DIOR,clean,IRG,44,ema,dam,0.027,printed class_ap.txt (typically 3 decimals),,,complete,/mnt/shared/zechuan/iraod_artifacts/comparison/xaf_student_quant_20260908/formal_ports_runs_a39c832/dior/clean/seed_44/methods/IRG/eval_full_clean_ids_v1/class_ap.txt
DIOR,clean,IRG,44,ema,golffield,0.272,printed class_ap.txt (typically 3 decimals),,,complete,/mnt/shared/zechuan/iraod_artifacts/comparison/xaf_student_quant_20260908/formal_ports_runs_a39c832/dior/clean/seed_44/methods/IRG/eval_full_clean_ids_v1/class_ap.txt
DIOR,clean,IRG,44,ema,groundtrackfield,0.251,printed class_ap.txt (typically 3 decimals),,,complete,/mnt/shared/zechuan/iraod_artifacts/comparison/xaf_student_quant_20260908/formal_ports_runs_a39c832/dior/clean/seed_44/methods/IRG/eval_full_clean_ids_v1/class_ap.txt
DIOR,clean,IRG,44,ema,harbor,0.132,printed class_ap.txt (typically 3 decimals),,,complete,/mnt/shared/zechuan/iraod_artifacts/comparison/xaf_student_quant_20260908/formal_ports_runs_a39c832/dior/clean/seed_44/methods/IRG/eval_full_clean_ids_v1/class_ap.txt
DIOR,clean,IRG,44,ema,overpass,0.182,printed class_ap.txt (typically 3 decimals),,,complete,/mnt/shared/zechuan/iraod_artifacts/comparison/xaf_student_quant_20260908/formal_ports_runs_a39c832/dior/clean/seed_44/methods/IRG/eval_full_clean_ids_v1/class_ap.txt
DIOR,clean,IRG,44,ema,ship,0.704,printed class_ap.txt (typically 3 decimals),,,complete,/mnt/shared/zechuan/iraod_artifacts/comparison/xaf_student_quant_20260908/formal_ports_runs_a39c832/dior/clean/seed_44/methods/IRG/eval_full_clean_ids_v1/class_ap.txt
DIOR,clean,IRG,44,ema,stadium,0.269,printed class_ap.txt (typically 3 decimals),,,complete,/mnt/shared/zechuan/iraod_artifacts/comparison/xaf_student_quant_20260908/formal_ports_runs_a39c832/dior/clean/seed_44/methods/IRG/eval_full_clean_ids_v1/class_ap.txt
DIOR,clean,IRG,44,ema,storagetank,0.486,printed class_ap.txt (typically 3 decimals),,,complete,/mnt/shared/zechuan/iraod_artifacts/comparison/xaf_student_quant_20260908/formal_ports_runs_a39c832/dior/clean/seed_44/methods/IRG/eval_full_clean_ids_v1/class_ap.txt
DIOR,clean,IRG,44,ema,tenniscourt,0.618,printed class_ap.txt (typically 3 decimals),,,complete,/mnt/shared/zechuan/iraod_artifacts/comparison/xaf_student_quant_20260908/formal_ports_runs_a39c832/dior/clean/seed_44/methods/IRG/eval_full_clean_ids_v1/class_ap.txt
DIOR,clean,IRG,44,ema,trainstation,0.085,printed class_ap.txt (typically 3 decimals),,,complete,/mnt/shared/zechuan/iraod_artifacts/comparison/xaf_student_quant_20260908/formal_ports_runs_a39c832/dior/clean/seed_44/methods/IRG/eval_full_clean_ids_v1/class_ap.txt
DIOR,clean,IRG,44,ema,vehicle,0.304,printed class_ap.txt (typically 3 decimals),,,complete,/mnt/shared/zechuan/iraod_artifacts/comparison/xaf_student_quant_20260908/formal_ports_runs_a39c832/dior/clean/seed_44/methods/IRG/eval_full_clean_ids_v1/class_ap.txt
DIOR,clean,IRG,44,ema,windmill,0.198,printed class_ap.txt (typically 3 decimals),,,complete,/mnt/shared/zechuan/iraod_artifacts/comparison/xaf_student_quant_20260908/formal_ports_runs_a39c832/dior/clean/seed_44/methods/IRG/eval_full_clean_ids_v1/class_ap.txt
DIOR,clean,LPLD,42,ema,airplane,0.48,printed class_ap.txt (typically 3 decimals),,,complete,/mnt/shared/zechuan/iraod_artifacts/comparison/xaf_student_quant_20260908/formal_ports_runs_a39c832/dior/clean/seed_42/methods/LPLD/eval_full_clean_ids_v1/class_ap.txt
DIOR,clean,LPLD,42,ema,airport,0.014,printed class_ap.txt (typically 3 decimals),,,complete,/mnt/shared/zechuan/iraod_artifacts/comparison/xaf_student_quant_20260908/formal_ports_runs_a39c832/dior/clean/seed_42/methods/LPLD/eval_full_clean_ids_v1/class_ap.txt
DIOR,clean,LPLD,42,ema,baseballfield,0.532,printed class_ap.txt (typically 3 decimals),,,complete,/mnt/shared/zechuan/iraod_artifacts/comparison/xaf_student_quant_20260908/formal_ports_runs_a39c832/dior/clean/seed_42/methods/LPLD/eval_full_clean_ids_v1/class_ap.txt
DIOR,clean,LPLD,42,ema,basketballcourt,0.38,printed class_ap.txt (typically 3 decimals),,,complete,/mnt/shared/zechuan/iraod_artifacts/comparison/xaf_student_quant_20260908/formal_ports_runs_a39c832/dior/clean/seed_42/methods/LPLD/eval_full_clean_ids_v1/class_ap.txt
DIOR,clean,LPLD,42,ema,bridge,0.115,printed class_ap.txt (typically 3 decimals),,,complete,/mnt/shared/zechuan/iraod_artifacts/comparison/xaf_student_quant_20260908/formal_ports_runs_a39c832/dior/clean/seed_42/methods/LPLD/eval_full_clean_ids_v1/class_ap.txt
DIOR,clean,LPLD,42,ema,chimney,0.41,printed class_ap.txt (typically 3 decimals),,,complete,/mnt/shared/zechuan/iraod_artifacts/comparison/xaf_student_quant_20260908/formal_ports_runs_a39c832/dior/clean/seed_42/methods/LPLD/eval_full_clean_ids_v1/class_ap.txt
DIOR,clean,LPLD,42,ema,expressway-service-area,0.29,printed class_ap.txt (typically 3 decimals),,,complete,/mnt/shared/zechuan/iraod_artifacts/comparison/xaf_student_quant_20260908/formal_ports_runs_a39c832/dior/clean/seed_42/methods/LPLD/eval_full_clean_ids_v1/class_ap.txt
DIOR,clean,LPLD,42,ema,expressway-toll-station,0.201,printed class_ap.txt (typically 3 decimals),,,complete,/mnt/shared/zechuan/iraod_artifacts/comparison/xaf_student_quant_20260908/formal_ports_runs_a39c832/dior/clean/seed_42/methods/LPLD/eval_full_clean_ids_v1/class_ap.txt
DIOR,clean,LPLD,42,ema,dam,0.03,printed class_ap.txt (typically 3 decimals),,,complete,/mnt/shared/zechuan/iraod_artifacts/comparison/xaf_student_quant_20260908/formal_ports_runs_a39c832/dior/clean/seed_42/methods/LPLD/eval_full_clean_ids_v1/class_ap.txt
DIOR,clean,LPLD,42,ema,golffield,0.271,printed class_ap.txt (typically 3 decimals),,,complete,/mnt/shared/zechuan/iraod_artifacts/comparison/xaf_student_quant_20260908/formal_ports_runs_a39c832/dior/clean/seed_42/methods/LPLD/eval_full_clean_ids_v1/class_ap.txt
DIOR,clean,LPLD,42,ema,groundtrackfield,0.245,printed class_ap.txt (typically 3 decimals),,,complete,/mnt/shared/zechuan/iraod_artifacts/comparison/xaf_student_quant_20260908/formal_ports_runs_a39c832/dior/clean/seed_42/methods/LPLD/eval_full_clean_ids_v1/class_ap.txt
DIOR,clean,LPLD,42,ema,harbor,0.148,printed class_ap.txt (typically 3 decimals),,,complete,/mnt/shared/zechuan/iraod_artifacts/comparison/xaf_student_quant_20260908/formal_ports_runs_a39c832/dior/clean/seed_42/methods/LPLD/eval_full_clean_ids_v1/class_ap.txt
DIOR,clean,LPLD,42,ema,overpass,0.177,printed class_ap.txt (typically 3 decimals),,,complete,/mnt/shared/zechuan/iraod_artifacts/comparison/xaf_student_quant_20260908/formal_ports_runs_a39c832/dior/clean/seed_42/methods/LPLD/eval_full_clean_ids_v1/class_ap.txt
DIOR,clean,LPLD,42,ema,ship,0.702,printed class_ap.txt (typically 3 decimals),,,complete,/mnt/shared/zechuan/iraod_artifacts/comparison/xaf_student_quant_20260908/formal_ports_runs_a39c832/dior/clean/seed_42/methods/LPLD/eval_full_clean_ids_v1/class_ap.txt
DIOR,clean,LPLD,42,ema,stadium,0.263,printed class_ap.txt (typically 3 decimals),,,complete,/mnt/shared/zechuan/iraod_artifacts/comparison/xaf_student_quant_20260908/formal_ports_runs_a39c832/dior/clean/seed_42/methods/LPLD/eval_full_clean_ids_v1/class_ap.txt
DIOR,clean,LPLD,42,ema,storagetank,0.486,printed class_ap.txt (typically 3 decimals),,,complete,/mnt/shared/zechuan/iraod_artifacts/comparison/xaf_student_quant_20260908/formal_ports_runs_a39c832/dior/clean/seed_42/methods/LPLD/eval_full_clean_ids_v1/class_ap.txt
DIOR,clean,LPLD,42,ema,tenniscourt,0.619,printed class_ap.txt (typically 3 decimals),,,complete,/mnt/shared/zechuan/iraod_artifacts/comparison/xaf_student_quant_20260908/formal_ports_runs_a39c832/dior/clean/seed_42/methods/LPLD/eval_full_clean_ids_v1/class_ap.txt
DIOR,clean,LPLD,42,ema,trainstation,0.077,printed class_ap.txt (typically 3 decimals),,,complete,/mnt/shared/zechuan/iraod_artifacts/comparison/xaf_student_quant_20260908/formal_ports_runs_a39c832/dior/clean/seed_42/methods/LPLD/eval_full_clean_ids_v1/class_ap.txt
DIOR,clean,LPLD,42,ema,vehicle,0.305,printed class_ap.txt (typically 3 decimals),,,complete,/mnt/shared/zechuan/iraod_artifacts/comparison/xaf_student_quant_20260908/formal_ports_runs_a39c832/dior/clean/seed_42/methods/LPLD/eval_full_clean_ids_v1/class_ap.txt
DIOR,clean,LPLD,42,ema,windmill,0.194,printed class_ap.txt (typically 3 decimals),,,complete,/mnt/shared/zechuan/iraod_artifacts/comparison/xaf_student_quant_20260908/formal_ports_runs_a39c832/dior/clean/seed_42/methods/LPLD/eval_full_clean_ids_v1/class_ap.txt
DIOR,clean,LPLD,43,ema,airplane,0.49,printed class_ap.txt (typically 3 decimals),,,complete,/mnt/shared/zechuan/iraod_artifacts/comparison/xaf_student_quant_20260908/formal_ports_runs_a39c832/dior/clean/seed_43/methods/LPLD/eval_full_clean_ids_v1/class_ap.txt
DIOR,clean,LPLD,43,ema,airport,0.011,printed class_ap.txt (typically 3 decimals),,,complete,/mnt/shared/zechuan/iraod_artifacts/comparison/xaf_student_quant_20260908/formal_ports_runs_a39c832/dior/clean/seed_43/methods/LPLD/eval_full_clean_ids_v1/class_ap.txt
DIOR,clean,LPLD,43,ema,baseballfield,0.532,printed class_ap.txt (typically 3 decimals),,,complete,/mnt/shared/zechuan/iraod_artifacts/comparison/xaf_student_quant_20260908/formal_ports_runs_a39c832/dior/clean/seed_43/methods/LPLD/eval_full_clean_ids_v1/class_ap.txt
DIOR,clean,LPLD,43,ema,basketballcourt,0.377,printed class_ap.txt (typically 3 decimals),,,complete,/mnt/shared/zechuan/iraod_artifacts/comparison/xaf_student_quant_20260908/formal_ports_runs_a39c832/dior/clean/seed_43/methods/LPLD/eval_full_clean_ids_v1/class_ap.txt
DIOR,clean,LPLD,43,ema,bridge,0.114,printed class_ap.txt (typically 3 decimals),,,complete,/mnt/shared/zechuan/iraod_artifacts/comparison/xaf_student_quant_20260908/formal_ports_runs_a39c832/dior/clean/seed_43/methods/LPLD/eval_full_clean_ids_v1/class_ap.txt
DIOR,clean,LPLD,43,ema,chimney,0.419,printed class_ap.txt (typically 3 decimals),,,complete,/mnt/shared/zechuan/iraod_artifacts/comparison/xaf_student_quant_20260908/formal_ports_runs_a39c832/dior/clean/seed_43/methods/LPLD/eval_full_clean_ids_v1/class_ap.txt
DIOR,clean,LPLD,43,ema,expressway-service-area,0.284,printed class_ap.txt (typically 3 decimals),,,complete,/mnt/shared/zechuan/iraod_artifacts/comparison/xaf_student_quant_20260908/formal_ports_runs_a39c832/dior/clean/seed_43/methods/LPLD/eval_full_clean_ids_v1/class_ap.txt
DIOR,clean,LPLD,43,ema,expressway-toll-station,0.198,printed class_ap.txt (typically 3 decimals),,,complete,/mnt/shared/zechuan/iraod_artifacts/comparison/xaf_student_quant_20260908/formal_ports_runs_a39c832/dior/clean/seed_43/methods/LPLD/eval_full_clean_ids_v1/class_ap.txt
DIOR,clean,LPLD,43,ema,dam,0.026,printed class_ap.txt (typically 3 decimals),,,complete,/mnt/shared/zechuan/iraod_artifacts/comparison/xaf_student_quant_20260908/formal_ports_runs_a39c832/dior/clean/seed_43/methods/LPLD/eval_full_clean_ids_v1/class_ap.txt
DIOR,clean,LPLD,43,ema,golffield,0.273,printed class_ap.txt (typically 3 decimals),,,complete,/mnt/shared/zechuan/iraod_artifacts/comparison/xaf_student_quant_20260908/formal_ports_runs_a39c832/dior/clean/seed_43/methods/LPLD/eval_full_clean_ids_v1/class_ap.txt
DIOR,clean,LPLD,43,ema,groundtrackfield,0.249,printed class_ap.txt (typically 3 decimals),,,complete,/mnt/shared/zechuan/iraod_artifacts/comparison/xaf_student_quant_20260908/formal_ports_runs_a39c832/dior/clean/seed_43/methods/LPLD/eval_full_clean_ids_v1/class_ap.txt
DIOR,clean,LPLD,43,ema,harbor,0.142,printed class_ap.txt (typically 3 decimals),,,complete,/mnt/shared/zechuan/iraod_artifacts/comparison/xaf_student_quant_20260908/formal_ports_runs_a39c832/dior/clean/seed_43/methods/LPLD/eval_full_clean_ids_v1/class_ap.txt
DIOR,clean,LPLD,43,ema,overpass,0.177,printed class_ap.txt (typically 3 decimals),,,complete,/mnt/shared/zechuan/iraod_artifacts/comparison/xaf_student_quant_20260908/formal_ports_runs_a39c832/dior/clean/seed_43/methods/LPLD/eval_full_clean_ids_v1/class_ap.txt
DIOR,clean,LPLD,43,ema,ship,0.702,printed class_ap.txt (typically 3 decimals),,,complete,/mnt/shared/zechuan/iraod_artifacts/comparison/xaf_student_quant_20260908/formal_ports_runs_a39c832/dior/clean/seed_43/methods/LPLD/eval_full_clean_ids_v1/class_ap.txt
DIOR,clean,LPLD,43,ema,stadium,0.277,printed class_ap.txt (typically 3 decimals),,,complete,/mnt/shared/zechuan/iraod_artifacts/comparison/xaf_student_quant_20260908/formal_ports_runs_a39c832/dior/clean/seed_43/methods/LPLD/eval_full_clean_ids_v1/class_ap.txt
DIOR,clean,LPLD,43,ema,storagetank,0.486,printed class_ap.txt (typically 3 decimals),,,complete,/mnt/shared/zechuan/iraod_artifacts/comparison/xaf_student_quant_20260908/formal_ports_runs_a39c832/dior/clean/seed_43/methods/LPLD/eval_full_clean_ids_v1/class_ap.txt
DIOR,clean,LPLD,43,ema,tenniscourt,0.621,printed class_ap.txt (typically 3 decimals),,,complete,/mnt/shared/zechuan/iraod_artifacts/comparison/xaf_student_quant_20260908/formal_ports_runs_a39c832/dior/clean/seed_43/methods/LPLD/eval_full_clean_ids_v1/class_ap.txt
DIOR,clean,LPLD,43,ema,trainstation,0.09,printed class_ap.txt (typically 3 decimals),,,complete,/mnt/shared/zechuan/iraod_artifacts/comparison/xaf_student_quant_20260908/formal_ports_runs_a39c832/dior/clean/seed_43/methods/LPLD/eval_full_clean_ids_v1/class_ap.txt
DIOR,clean,LPLD,43,ema,vehicle,0.305,printed class_ap.txt (typically 3 decimals),,,complete,/mnt/shared/zechuan/iraod_artifacts/comparison/xaf_student_quant_20260908/formal_ports_runs_a39c832/dior/clean/seed_43/methods/LPLD/eval_full_clean_ids_v1/class_ap.txt
DIOR,clean,LPLD,43,ema,windmill,0.203,printed class_ap.txt (typically 3 decimals),,,complete,/mnt/shared/zechuan/iraod_artifacts/comparison/xaf_student_quant_20260908/formal_ports_runs_a39c832/dior/clean/seed_43/methods/LPLD/eval_full_clean_ids_v1/class_ap.txt
DIOR,clean,LPLD,44,ema,airplane,0.488,printed class_ap.txt (typically 3 decimals),,,complete,/mnt/shared/zechuan/iraod_artifacts/comparison/xaf_student_quant_20260908/formal_ports_runs_a39c832/dior/clean/seed_44/methods/LPLD/eval_full_clean_ids_v1/class_ap.txt
DIOR,clean,LPLD,44,ema,airport,0.091,printed class_ap.txt (typically 3 decimals),,,complete,/mnt/shared/zechuan/iraod_artifacts/comparison/xaf_student_quant_20260908/formal_ports_runs_a39c832/dior/clean/seed_44/methods/LPLD/eval_full_clean_ids_v1/class_ap.txt
DIOR,clean,LPLD,44,ema,baseballfield,0.533,printed class_ap.txt (typically 3 decimals),,,complete,/mnt/shared/zechuan/iraod_artifacts/comparison/xaf_student_quant_20260908/formal_ports_runs_a39c832/dior/clean/seed_44/methods/LPLD/eval_full_clean_ids_v1/class_ap.txt
DIOR,clean,LPLD,44,ema,basketballcourt,0.385,printed class_ap.txt (typically 3 decimals),,,complete,/mnt/shared/zechuan/iraod_artifacts/comparison/xaf_student_quant_20260908/formal_ports_runs_a39c832/dior/clean/seed_44/methods/LPLD/eval_full_clean_ids_v1/class_ap.txt
DIOR,clean,LPLD,44,ema,bridge,0.115,printed class_ap.txt (typically 3 decimals),,,complete,/mnt/shared/zechuan/iraod_artifacts/comparison/xaf_student_quant_20260908/formal_ports_runs_a39c832/dior/clean/seed_44/methods/LPLD/eval_full_clean_ids_v1/class_ap.txt
DIOR,clean,LPLD,44,ema,chimney,0.424,printed class_ap.txt (typically 3 decimals),,,complete,/mnt/shared/zechuan/iraod_artifacts/comparison/xaf_student_quant_20260908/formal_ports_runs_a39c832/dior/clean/seed_44/methods/LPLD/eval_full_clean_ids_v1/class_ap.txt
DIOR,clean,LPLD,44,ema,expressway-service-area,0.271,printed class_ap.txt (typically 3 decimals),,,complete,/mnt/shared/zechuan/iraod_artifacts/comparison/xaf_student_quant_20260908/formal_ports_runs_a39c832/dior/clean/seed_44/methods/LPLD/eval_full_clean_ids_v1/class_ap.txt
DIOR,clean,LPLD,44,ema,expressway-toll-station,0.204,printed class_ap.txt (typically 3 decimals),,,complete,/mnt/shared/zechuan/iraod_artifacts/comparison/xaf_student_quant_20260908/formal_ports_runs_a39c832/dior/clean/seed_44/methods/LPLD/eval_full_clean_ids_v1/class_ap.txt
DIOR,clean,LPLD,44,ema,dam,0.017,printed class_ap.txt (typically 3 decimals),,,complete,/mnt/shared/zechuan/iraod_artifacts/comparison/xaf_student_quant_20260908/formal_ports_runs_a39c832/dior/clean/seed_44/methods/LPLD/eval_full_clean_ids_v1/class_ap.txt
DIOR,clean,LPLD,44,ema,golffield,0.272,printed class_ap.txt (typically 3 decimals),,,complete,/mnt/shared/zechuan/iraod_artifacts/comparison/xaf_student_quant_20260908/formal_ports_runs_a39c832/dior/clean/seed_44/methods/LPLD/eval_full_clean_ids_v1/class_ap.txt
DIOR,clean,LPLD,44,ema,groundtrackfield,0.252,printed class_ap.txt (typically 3 decimals),,,complete,/mnt/shared/zechuan/iraod_artifacts/comparison/xaf_student_quant_20260908/formal_ports_runs_a39c832/dior/clean/seed_44/methods/LPLD/eval_full_clean_ids_v1/class_ap.txt
DIOR,clean,LPLD,44,ema,harbor,0.12,printed class_ap.txt (typically 3 decimals),,,complete,/mnt/shared/zechuan/iraod_artifacts/comparison/xaf_student_quant_20260908/formal_ports_runs_a39c832/dior/clean/seed_44/methods/LPLD/eval_full_clean_ids_v1/class_ap.txt
DIOR,clean,LPLD,44,ema,overpass,0.179,printed class_ap.txt (typically 3 decimals),,,complete,/mnt/shared/zechuan/iraod_artifacts/comparison/xaf_student_quant_20260908/formal_ports_runs_a39c832/dior/clean/seed_44/methods/LPLD/eval_full_clean_ids_v1/class_ap.txt
DIOR,clean,LPLD,44,ema,ship,0.702,printed class_ap.txt (typically 3 decimals),,,complete,/mnt/shared/zechuan/iraod_artifacts/comparison/xaf_student_quant_20260908/formal_ports_runs_a39c832/dior/clean/seed_44/methods/LPLD/eval_full_clean_ids_v1/class_ap.txt
DIOR,clean,LPLD,44,ema,stadium,0.262,printed class_ap.txt (typically 3 decimals),,,complete,/mnt/shared/zechuan/iraod_artifacts/comparison/xaf_student_quant_20260908/formal_ports_runs_a39c832/dior/clean/seed_44/methods/LPLD/eval_full_clean_ids_v1/class_ap.txt
DIOR,clean,LPLD,44,ema,storagetank,0.484,printed class_ap.txt (typically 3 decimals),,,complete,/mnt/shared/zechuan/iraod_artifacts/comparison/xaf_student_quant_20260908/formal_ports_runs_a39c832/dior/clean/seed_44/methods/LPLD/eval_full_clean_ids_v1/class_ap.txt
DIOR,clean,LPLD,44,ema,tenniscourt,0.62,printed class_ap.txt (typically 3 decimals),,,complete,/mnt/shared/zechuan/iraod_artifacts/comparison/xaf_student_quant_20260908/formal_ports_runs_a39c832/dior/clean/seed_44/methods/LPLD/eval_full_clean_ids_v1/class_ap.txt
DIOR,clean,LPLD,44,ema,trainstation,0.088,printed class_ap.txt (typically 3 decimals),,,complete,/mnt/shared/zechuan/iraod_artifacts/comparison/xaf_student_quant_20260908/formal_ports_runs_a39c832/dior/clean/seed_44/methods/LPLD/eval_full_clean_ids_v1/class_ap.txt
DIOR,clean,LPLD,44,ema,vehicle,0.304,printed class_ap.txt (typically 3 decimals),,,complete,/mnt/shared/zechuan/iraod_artifacts/comparison/xaf_student_quant_20260908/formal_ports_runs_a39c832/dior/clean/seed_44/methods/LPLD/eval_full_clean_ids_v1/class_ap.txt
DIOR,clean,LPLD,44,ema,windmill,0.191,printed class_ap.txt (typically 3 decimals),,,complete,/mnt/shared/zechuan/iraod_artifacts/comparison/xaf_student_quant_20260908/formal_ports_runs_a39c832/dior/clean/seed_44/methods/LPLD/eval_full_clean_ids_v1/class_ap.txt
DIOR,clean,SFUT,42,ema,airplane,0.488,printed class_ap.txt (typically 3 decimals),,,complete,/mnt/shared/zechuan/iraod_artifacts/comparison/xaf_student_quant_20260908/formal_ports_runs_a39c832/dior/clean/seed_42/methods/SFUT/eval_full_clean_ids_v1/class_ap.txt
DIOR,clean,SFUT,42,ema,airport,0.01,printed class_ap.txt (typically 3 decimals),,,complete,/mnt/shared/zechuan/iraod_artifacts/comparison/xaf_student_quant_20260908/formal_ports_runs_a39c832/dior/clean/seed_42/methods/SFUT/eval_full_clean_ids_v1/class_ap.txt
DIOR,clean,SFUT,42,ema,baseballfield,0.532,printed class_ap.txt (typically 3 decimals),,,complete,/mnt/shared/zechuan/iraod_artifacts/comparison/xaf_student_quant_20260908/formal_ports_runs_a39c832/dior/clean/seed_42/methods/SFUT/eval_full_clean_ids_v1/class_ap.txt
DIOR,clean,SFUT,42,ema,basketballcourt,0.376,printed class_ap.txt (typically 3 decimals),,,complete,/mnt/shared/zechuan/iraod_artifacts/comparison/xaf_student_quant_20260908/formal_ports_runs_a39c832/dior/clean/seed_42/methods/SFUT/eval_full_clean_ids_v1/class_ap.txt
DIOR,clean,SFUT,42,ema,bridge,0.114,printed class_ap.txt (typically 3 decimals),,,complete,/mnt/shared/zechuan/iraod_artifacts/comparison/xaf_student_quant_20260908/formal_ports_runs_a39c832/dior/clean/seed_42/methods/SFUT/eval_full_clean_ids_v1/class_ap.txt
DIOR,clean,SFUT,42,ema,chimney,0.416,printed class_ap.txt (typically 3 decimals),,,complete,/mnt/shared/zechuan/iraod_artifacts/comparison/xaf_student_quant_20260908/formal_ports_runs_a39c832/dior/clean/seed_42/methods/SFUT/eval_full_clean_ids_v1/class_ap.txt
DIOR,clean,SFUT,42,ema,expressway-service-area,0.282,printed class_ap.txt (typically 3 decimals),,,complete,/mnt/shared/zechuan/iraod_artifacts/comparison/xaf_student_quant_20260908/formal_ports_runs_a39c832/dior/clean/seed_42/methods/SFUT/eval_full_clean_ids_v1/class_ap.txt
DIOR,clean,SFUT,42,ema,expressway-toll-station,0.197,printed class_ap.txt (typically 3 decimals),,,complete,/mnt/shared/zechuan/iraod_artifacts/comparison/xaf_student_quant_20260908/formal_ports_runs_a39c832/dior/clean/seed_42/methods/SFUT/eval_full_clean_ids_v1/class_ap.txt
DIOR,clean,SFUT,42,ema,dam,0.022,printed class_ap.txt (typically 3 decimals),,,complete,/mnt/shared/zechuan/iraod_artifacts/comparison/xaf_student_quant_20260908/formal_ports_runs_a39c832/dior/clean/seed_42/methods/SFUT/eval_full_clean_ids_v1/class_ap.txt
DIOR,clean,SFUT,42,ema,golffield,0.276,printed class_ap.txt (typically 3 decimals),,,complete,/mnt/shared/zechuan/iraod_artifacts/comparison/xaf_student_quant_20260908/formal_ports_runs_a39c832/dior/clean/seed_42/methods/SFUT/eval_full_clean_ids_v1/class_ap.txt
DIOR,clean,SFUT,42,ema,groundtrackfield,0.249,printed class_ap.txt (typically 3 decimals),,,complete,/mnt/shared/zechuan/iraod_artifacts/comparison/xaf_student_quant_20260908/formal_ports_runs_a39c832/dior/clean/seed_42/methods/SFUT/eval_full_clean_ids_v1/class_ap.txt
DIOR,clean,SFUT,42,ema,harbor,0.125,printed class_ap.txt (typically 3 decimals),,,complete,/mnt/shared/zechuan/iraod_artifacts/comparison/xaf_student_quant_20260908/formal_ports_runs_a39c832/dior/clean/seed_42/methods/SFUT/eval_full_clean_ids_v1/class_ap.txt
DIOR,clean,SFUT,42,ema,overpass,0.18,printed class_ap.txt (typically 3 decimals),,,complete,/mnt/shared/zechuan/iraod_artifacts/comparison/xaf_student_quant_20260908/formal_ports_runs_a39c832/dior/clean/seed_42/methods/SFUT/eval_full_clean_ids_v1/class_ap.txt
DIOR,clean,SFUT,42,ema,ship,0.703,printed class_ap.txt (typically 3 decimals),,,complete,/mnt/shared/zechuan/iraod_artifacts/comparison/xaf_student_quant_20260908/formal_ports_runs_a39c832/dior/clean/seed_42/methods/SFUT/eval_full_clean_ids_v1/class_ap.txt
DIOR,clean,SFUT,42,ema,stadium,0.265,printed class_ap.txt (typically 3 decimals),,,complete,/mnt/shared/zechuan/iraod_artifacts/comparison/xaf_student_quant_20260908/formal_ports_runs_a39c832/dior/clean/seed_42/methods/SFUT/eval_full_clean_ids_v1/class_ap.txt
DIOR,clean,SFUT,42,ema,storagetank,0.485,printed class_ap.txt (typically 3 decimals),,,complete,/mnt/shared/zechuan/iraod_artifacts/comparison/xaf_student_quant_20260908/formal_ports_runs_a39c832/dior/clean/seed_42/methods/SFUT/eval_full_clean_ids_v1/class_ap.txt
DIOR,clean,SFUT,42,ema,tenniscourt,0.619,printed class_ap.txt (typically 3 decimals),,,complete,/mnt/shared/zechuan/iraod_artifacts/comparison/xaf_student_quant_20260908/formal_ports_runs_a39c832/dior/clean/seed_42/methods/SFUT/eval_full_clean_ids_v1/class_ap.txt
DIOR,clean,SFUT,42,ema,trainstation,0.085,printed class_ap.txt (typically 3 decimals),,,complete,/mnt/shared/zechuan/iraod_artifacts/comparison/xaf_student_quant_20260908/formal_ports_runs_a39c832/dior/clean/seed_42/methods/SFUT/eval_full_clean_ids_v1/class_ap.txt
DIOR,clean,SFUT,42,ema,vehicle,0.304,printed class_ap.txt (typically 3 decimals),,,complete,/mnt/shared/zechuan/iraod_artifacts/comparison/xaf_student_quant_20260908/formal_ports_runs_a39c832/dior/clean/seed_42/methods/SFUT/eval_full_clean_ids_v1/class_ap.txt
DIOR,clean,SFUT,42,ema,windmill,0.194,printed class_ap.txt (typically 3 decimals),,,complete,/mnt/shared/zechuan/iraod_artifacts/comparison/xaf_student_quant_20260908/formal_ports_runs_a39c832/dior/clean/seed_42/methods/SFUT/eval_full_clean_ids_v1/class_ap.txt
DIOR,clean,SFUT,43,ema,airplane,0.488,printed class_ap.txt (typically 3 decimals),,,complete,/mnt/shared/zechuan/iraod_artifacts/comparison/xaf_student_quant_20260908/formal_ports_runs_a39c832/dior/clean/seed_43/methods/SFUT/eval_full_clean_ids_v1/class_ap.txt
DIOR,clean,SFUT,43,ema,airport,0.011,printed class_ap.txt (typically 3 decimals),,,complete,/mnt/shared/zechuan/iraod_artifacts/comparison/xaf_student_quant_20260908/formal_ports_runs_a39c832/dior/clean/seed_43/methods/SFUT/eval_full_clean_ids_v1/class_ap.txt
DIOR,clean,SFUT,43,ema,baseballfield,0.532,printed class_ap.txt (typically 3 decimals),,,complete,/mnt/shared/zechuan/iraod_artifacts/comparison/xaf_student_quant_20260908/formal_ports_runs_a39c832/dior/clean/seed_43/methods/SFUT/eval_full_clean_ids_v1/class_ap.txt
DIOR,clean,SFUT,43,ema,basketballcourt,0.368,printed class_ap.txt (typically 3 decimals),,,complete,/mnt/shared/zechuan/iraod_artifacts/comparison/xaf_student_quant_20260908/formal_ports_runs_a39c832/dior/clean/seed_43/methods/SFUT/eval_full_clean_ids_v1/class_ap.txt
DIOR,clean,SFUT,43,ema,bridge,0.114,printed class_ap.txt (typically 3 decimals),,,complete,/mnt/shared/zechuan/iraod_artifacts/comparison/xaf_student_quant_20260908/formal_ports_runs_a39c832/dior/clean/seed_43/methods/SFUT/eval_full_clean_ids_v1/class_ap.txt
DIOR,clean,SFUT,43,ema,chimney,0.416,printed class_ap.txt (typically 3 decimals),,,complete,/mnt/shared/zechuan/iraod_artifacts/comparison/xaf_student_quant_20260908/formal_ports_runs_a39c832/dior/clean/seed_43/methods/SFUT/eval_full_clean_ids_v1/class_ap.txt
DIOR,clean,SFUT,43,ema,expressway-service-area,0.282,printed class_ap.txt (typically 3 decimals),,,complete,/mnt/shared/zechuan/iraod_artifacts/comparison/xaf_student_quant_20260908/formal_ports_runs_a39c832/dior/clean/seed_43/methods/SFUT/eval_full_clean_ids_v1/class_ap.txt
DIOR,clean,SFUT,43,ema,expressway-toll-station,0.199,printed class_ap.txt (typically 3 decimals),,,complete,/mnt/shared/zechuan/iraod_artifacts/comparison/xaf_student_quant_20260908/formal_ports_runs_a39c832/dior/clean/seed_43/methods/SFUT/eval_full_clean_ids_v1/class_ap.txt
DIOR,clean,SFUT,43,ema,dam,0.023,printed class_ap.txt (typically 3 decimals),,,complete,/mnt/shared/zechuan/iraod_artifacts/comparison/xaf_student_quant_20260908/formal_ports_runs_a39c832/dior/clean/seed_43/methods/SFUT/eval_full_clean_ids_v1/class_ap.txt
DIOR,clean,SFUT,43,ema,golffield,0.274,printed class_ap.txt (typically 3 decimals),,,complete,/mnt/shared/zechuan/iraod_artifacts/comparison/xaf_student_quant_20260908/formal_ports_runs_a39c832/dior/clean/seed_43/methods/SFUT/eval_full_clean_ids_v1/class_ap.txt
DIOR,clean,SFUT,43,ema,groundtrackfield,0.248,printed class_ap.txt (typically 3 decimals),,,complete,/mnt/shared/zechuan/iraod_artifacts/comparison/xaf_student_quant_20260908/formal_ports_runs_a39c832/dior/clean/seed_43/methods/SFUT/eval_full_clean_ids_v1/class_ap.txt
DIOR,clean,SFUT,43,ema,harbor,0.125,printed class_ap.txt (typically 3 decimals),,,complete,/mnt/shared/zechuan/iraod_artifacts/comparison/xaf_student_quant_20260908/formal_ports_runs_a39c832/dior/clean/seed_43/methods/SFUT/eval_full_clean_ids_v1/class_ap.txt
DIOR,clean,SFUT,43,ema,overpass,0.179,printed class_ap.txt (typically 3 decimals),,,complete,/mnt/shared/zechuan/iraod_artifacts/comparison/xaf_student_quant_20260908/formal_ports_runs_a39c832/dior/clean/seed_43/methods/SFUT/eval_full_clean_ids_v1/class_ap.txt
DIOR,clean,SFUT,43,ema,ship,0.703,printed class_ap.txt (typically 3 decimals),,,complete,/mnt/shared/zechuan/iraod_artifacts/comparison/xaf_student_quant_20260908/formal_ports_runs_a39c832/dior/clean/seed_43/methods/SFUT/eval_full_clean_ids_v1/class_ap.txt
DIOR,clean,SFUT,43,ema,stadium,0.266,printed class_ap.txt (typically 3 decimals),,,complete,/mnt/shared/zechuan/iraod_artifacts/comparison/xaf_student_quant_20260908/formal_ports_runs_a39c832/dior/clean/seed_43/methods/SFUT/eval_full_clean_ids_v1/class_ap.txt
DIOR,clean,SFUT,43,ema,storagetank,0.485,printed class_ap.txt (typically 3 decimals),,,complete,/mnt/shared/zechuan/iraod_artifacts/comparison/xaf_student_quant_20260908/formal_ports_runs_a39c832/dior/clean/seed_43/methods/SFUT/eval_full_clean_ids_v1/class_ap.txt
DIOR,clean,SFUT,43,ema,tenniscourt,0.619,printed class_ap.txt (typically 3 decimals),,,complete,/mnt/shared/zechuan/iraod_artifacts/comparison/xaf_student_quant_20260908/formal_ports_runs_a39c832/dior/clean/seed_43/methods/SFUT/eval_full_clean_ids_v1/class_ap.txt
DIOR,clean,SFUT,43,ema,trainstation,0.089,printed class_ap.txt (typically 3 decimals),,,complete,/mnt/shared/zechuan/iraod_artifacts/comparison/xaf_student_quant_20260908/formal_ports_runs_a39c832/dior/clean/seed_43/methods/SFUT/eval_full_clean_ids_v1/class_ap.txt
DIOR,clean,SFUT,43,ema,vehicle,0.303,printed class_ap.txt (typically 3 decimals),,,complete,/mnt/shared/zechuan/iraod_artifacts/comparison/xaf_student_quant_20260908/formal_ports_runs_a39c832/dior/clean/seed_43/methods/SFUT/eval_full_clean_ids_v1/class_ap.txt
DIOR,clean,SFUT,43,ema,windmill,0.194,printed class_ap.txt (typically 3 decimals),,,complete,/mnt/shared/zechuan/iraod_artifacts/comparison/xaf_student_quant_20260908/formal_ports_runs_a39c832/dior/clean/seed_43/methods/SFUT/eval_full_clean_ids_v1/class_ap.txt
DIOR,clean,SFUT,44,ema,airplane,0.488,printed class_ap.txt (typically 3 decimals),,,complete,/mnt/shared/zechuan/iraod_artifacts/comparison/xaf_student_quant_20260908/formal_ports_runs_a39c832/dior/clean/seed_44/methods/SFUT/eval_full_clean_ids_v1/class_ap.txt
DIOR,clean,SFUT,44,ema,airport,0.011,printed class_ap.txt (typically 3 decimals),,,complete,/mnt/shared/zechuan/iraod_artifacts/comparison/xaf_student_quant_20260908/formal_ports_runs_a39c832/dior/clean/seed_44/methods/SFUT/eval_full_clean_ids_v1/class_ap.txt
DIOR,clean,SFUT,44,ema,baseballfield,0.532,printed class_ap.txt (typically 3 decimals),,,complete,/mnt/shared/zechuan/iraod_artifacts/comparison/xaf_student_quant_20260908/formal_ports_runs_a39c832/dior/clean/seed_44/methods/SFUT/eval_full_clean_ids_v1/class_ap.txt
DIOR,clean,SFUT,44,ema,basketballcourt,0.368,printed class_ap.txt (typically 3 decimals),,,complete,/mnt/shared/zechuan/iraod_artifacts/comparison/xaf_student_quant_20260908/formal_ports_runs_a39c832/dior/clean/seed_44/methods/SFUT/eval_full_clean_ids_v1/class_ap.txt
DIOR,clean,SFUT,44,ema,bridge,0.114,printed class_ap.txt (typically 3 decimals),,,complete,/mnt/shared/zechuan/iraod_artifacts/comparison/xaf_student_quant_20260908/formal_ports_runs_a39c832/dior/clean/seed_44/methods/SFUT/eval_full_clean_ids_v1/class_ap.txt
DIOR,clean,SFUT,44,ema,chimney,0.415,printed class_ap.txt (typically 3 decimals),,,complete,/mnt/shared/zechuan/iraod_artifacts/comparison/xaf_student_quant_20260908/formal_ports_runs_a39c832/dior/clean/seed_44/methods/SFUT/eval_full_clean_ids_v1/class_ap.txt
DIOR,clean,SFUT,44,ema,expressway-service-area,0.282,printed class_ap.txt (typically 3 decimals),,,complete,/mnt/shared/zechuan/iraod_artifacts/comparison/xaf_student_quant_20260908/formal_ports_runs_a39c832/dior/clean/seed_44/methods/SFUT/eval_full_clean_ids_v1/class_ap.txt
DIOR,clean,SFUT,44,ema,expressway-toll-station,0.198,printed class_ap.txt (typically 3 decimals),,,complete,/mnt/shared/zechuan/iraod_artifacts/comparison/xaf_student_quant_20260908/formal_ports_runs_a39c832/dior/clean/seed_44/methods/SFUT/eval_full_clean_ids_v1/class_ap.txt
DIOR,clean,SFUT,44,ema,dam,0.023,printed class_ap.txt (typically 3 decimals),,,complete,/mnt/shared/zechuan/iraod_artifacts/comparison/xaf_student_quant_20260908/formal_ports_runs_a39c832/dior/clean/seed_44/methods/SFUT/eval_full_clean_ids_v1/class_ap.txt
DIOR,clean,SFUT,44,ema,golffield,0.275,printed class_ap.txt (typically 3 decimals),,,complete,/mnt/shared/zechuan/iraod_artifacts/comparison/xaf_student_quant_20260908/formal_ports_runs_a39c832/dior/clean/seed_44/methods/SFUT/eval_full_clean_ids_v1/class_ap.txt
DIOR,clean,SFUT,44,ema,groundtrackfield,0.249,printed class_ap.txt (typically 3 decimals),,,complete,/mnt/shared/zechuan/iraod_artifacts/comparison/xaf_student_quant_20260908/formal_ports_runs_a39c832/dior/clean/seed_44/methods/SFUT/eval_full_clean_ids_v1/class_ap.txt
DIOR,clean,SFUT,44,ema,harbor,0.126,printed class_ap.txt (typically 3 decimals),,,complete,/mnt/shared/zechuan/iraod_artifacts/comparison/xaf_student_quant_20260908/formal_ports_runs_a39c832/dior/clean/seed_44/methods/SFUT/eval_full_clean_ids_v1/class_ap.txt
DIOR,clean,SFUT,44,ema,overpass,0.178,printed class_ap.txt (typically 3 decimals),,,complete,/mnt/shared/zechuan/iraod_artifacts/comparison/xaf_student_quant_20260908/formal_ports_runs_a39c832/dior/clean/seed_44/methods/SFUT/eval_full_clean_ids_v1/class_ap.txt
DIOR,clean,SFUT,44,ema,ship,0.703,printed class_ap.txt (typically 3 decimals),,,complete,/mnt/shared/zechuan/iraod_artifacts/comparison/xaf_student_quant_20260908/formal_ports_runs_a39c832/dior/clean/seed_44/methods/SFUT/eval_full_clean_ids_v1/class_ap.txt
DIOR,clean,SFUT,44,ema,stadium,0.266,printed class_ap.txt (typically 3 decimals),,,complete,/mnt/shared/zechuan/iraod_artifacts/comparison/xaf_student_quant_20260908/formal_ports_runs_a39c832/dior/clean/seed_44/methods/SFUT/eval_full_clean_ids_v1/class_ap.txt
DIOR,clean,SFUT,44,ema,storagetank,0.485,printed class_ap.txt (typically 3 decimals),,,complete,/mnt/shared/zechuan/iraod_artifacts/comparison/xaf_student_quant_20260908/formal_ports_runs_a39c832/dior/clean/seed_44/methods/SFUT/eval_full_clean_ids_v1/class_ap.txt
DIOR,clean,SFUT,44,ema,tenniscourt,0.619,printed class_ap.txt (typically 3 decimals),,,complete,/mnt/shared/zechuan/iraod_artifacts/comparison/xaf_student_quant_20260908/formal_ports_runs_a39c832/dior/clean/seed_44/methods/SFUT/eval_full_clean_ids_v1/class_ap.txt
DIOR,clean,SFUT,44,ema,trainstation,0.089,printed class_ap.txt (typically 3 decimals),,,complete,/mnt/shared/zechuan/iraod_artifacts/comparison/xaf_student_quant_20260908/formal_ports_runs_a39c832/dior/clean/seed_44/methods/SFUT/eval_full_clean_ids_v1/class_ap.txt
DIOR,clean,SFUT,44,ema,vehicle,0.303,printed class_ap.txt (typically 3 decimals),,,complete,/mnt/shared/zechuan/iraod_artifacts/comparison/xaf_student_quant_20260908/formal_ports_runs_a39c832/dior/clean/seed_44/methods/SFUT/eval_full_clean_ids_v1/class_ap.txt
DIOR,clean,SFUT,44,ema,windmill,0.194,printed class_ap.txt (typically 3 decimals),,,complete,/mnt/shared/zechuan/iraod_artifacts/comparison/xaf_student_quant_20260908/formal_ports_runs_a39c832/dior/clean/seed_44/methods/SFUT/eval_full_clean_ids_v1/class_ap.txt
DIOR,brightness,A,42,source,airplane,0.334,printed class_ap.txt (typically 3 decimals),0.334,0.334,complete,/mnt/shared/zechuan/iraod_artifacts/comparison/dior/brightness/seed_42/0f98a48/methods/A/eval_full_brightness_ids_v1/class_ap.txt
DIOR,brightness,A,42,source,airport,0.01,printed class_ap.txt (typically 3 decimals),0.01,0.01,complete,/mnt/shared/zechuan/iraod_artifacts/comparison/dior/brightness/seed_42/0f98a48/methods/A/eval_full_brightness_ids_v1/class_ap.txt
DIOR,brightness,A,42,source,baseballfield,0.482,printed class_ap.txt (typically 3 decimals),0.482,0.482,complete,/mnt/shared/zechuan/iraod_artifacts/comparison/dior/brightness/seed_42/0f98a48/methods/A/eval_full_brightness_ids_v1/class_ap.txt
DIOR,brightness,A,42,source,basketballcourt,0.282,printed class_ap.txt (typically 3 decimals),0.282,0.282,complete,/mnt/shared/zechuan/iraod_artifacts/comparison/dior/brightness/seed_42/0f98a48/methods/A/eval_full_brightness_ids_v1/class_ap.txt
DIOR,brightness,A,42,source,bridge,0.104,printed class_ap.txt (typically 3 decimals),0.104,0.104,complete,/mnt/shared/zechuan/iraod_artifacts/comparison/dior/brightness/seed_42/0f98a48/methods/A/eval_full_brightness_ids_v1/class_ap.txt
DIOR,brightness,A,42,source,chimney,0.344,printed class_ap.txt (typically 3 decimals),0.344,0.344,complete,/mnt/shared/zechuan/iraod_artifacts/comparison/dior/brightness/seed_42/0f98a48/methods/A/eval_full_brightness_ids_v1/class_ap.txt
DIOR,brightness,A,42,source,expressway-service-area,0.216,printed class_ap.txt (typically 3 decimals),0.216,0.216,complete,/mnt/shared/zechuan/iraod_artifacts/comparison/dior/brightness/seed_42/0f98a48/methods/A/eval_full_brightness_ids_v1/class_ap.txt
DIOR,brightness,A,42,source,expressway-toll-station,0.146,printed class_ap.txt (typically 3 decimals),0.146,0.146,complete,/mnt/shared/zechuan/iraod_artifacts/comparison/dior/brightness/seed_42/0f98a48/methods/A/eval_full_brightness_ids_v1/class_ap.txt
DIOR,brightness,A,42,source,dam,0.091,printed class_ap.txt (typically 3 decimals),0.091,0.091,complete,/mnt/shared/zechuan/iraod_artifacts/comparison/dior/brightness/seed_42/0f98a48/methods/A/eval_full_brightness_ids_v1/class_ap.txt
DIOR,brightness,A,42,source,golffield,0.119,printed class_ap.txt (typically 3 decimals),0.119,0.119,complete,/mnt/shared/zechuan/iraod_artifacts/comparison/dior/brightness/seed_42/0f98a48/methods/A/eval_full_brightness_ids_v1/class_ap.txt
DIOR,brightness,A,42,source,groundtrackfield,0.217,printed class_ap.txt (typically 3 decimals),0.217,0.217,complete,/mnt/shared/zechuan/iraod_artifacts/comparison/dior/brightness/seed_42/0f98a48/methods/A/eval_full_brightness_ids_v1/class_ap.txt
DIOR,brightness,A,42,source,harbor,0.15,printed class_ap.txt (typically 3 decimals),0.15,0.15,complete,/mnt/shared/zechuan/iraod_artifacts/comparison/dior/brightness/seed_42/0f98a48/methods/A/eval_full_brightness_ids_v1/class_ap.txt
DIOR,brightness,A,42,source,overpass,0.15,printed class_ap.txt (typically 3 decimals),0.15,0.15,complete,/mnt/shared/zechuan/iraod_artifacts/comparison/dior/brightness/seed_42/0f98a48/methods/A/eval_full_brightness_ids_v1/class_ap.txt
DIOR,brightness,A,42,source,ship,0.654,printed class_ap.txt (typically 3 decimals),0.654,0.654,complete,/mnt/shared/zechuan/iraod_artifacts/comparison/dior/brightness/seed_42/0f98a48/methods/A/eval_full_brightness_ids_v1/class_ap.txt
DIOR,brightness,A,42,source,stadium,0.196,printed class_ap.txt (typically 3 decimals),0.196,0.196,complete,/mnt/shared/zechuan/iraod_artifacts/comparison/dior/brightness/seed_42/0f98a48/methods/A/eval_full_brightness_ids_v1/class_ap.txt
DIOR,brightness,A,42,source,storagetank,0.339,printed class_ap.txt (typically 3 decimals),0.339,0.339,complete,/mnt/shared/zechuan/iraod_artifacts/comparison/dior/brightness/seed_42/0f98a48/methods/A/eval_full_brightness_ids_v1/class_ap.txt
DIOR,brightness,A,42,source,tenniscourt,0.521,printed class_ap.txt (typically 3 decimals),0.521,0.521,complete,/mnt/shared/zechuan/iraod_artifacts/comparison/dior/brightness/seed_42/0f98a48/methods/A/eval_full_brightness_ids_v1/class_ap.txt
DIOR,brightness,A,42,source,trainstation,0.125,printed class_ap.txt (typically 3 decimals),0.125,0.125,complete,/mnt/shared/zechuan/iraod_artifacts/comparison/dior/brightness/seed_42/0f98a48/methods/A/eval_full_brightness_ids_v1/class_ap.txt
DIOR,brightness,A,42,source,vehicle,0.265,printed class_ap.txt (typically 3 decimals),0.265,0.265,complete,/mnt/shared/zechuan/iraod_artifacts/comparison/dior/brightness/seed_42/0f98a48/methods/A/eval_full_brightness_ids_v1/class_ap.txt
DIOR,brightness,A,42,source,windmill,0.089,printed class_ap.txt (typically 3 decimals),0.089,0.089,complete,/mnt/shared/zechuan/iraod_artifacts/comparison/dior/brightness/seed_42/0f98a48/methods/A/eval_full_brightness_ids_v1/class_ap.txt
DIOR,brightness,IRG,42,ema,airplane,0.337,printed class_ap.txt (typically 3 decimals),,,complete,/mnt/shared/zechuan/iraod_artifacts/comparison/xaf_student_quant_20260908/formal_ports_runs_a39c832/dior/brightness/seed_42/methods/IRG/eval_full_brightness_ids_v1/class_ap.txt
DIOR,brightness,IRG,42,ema,airport,0.009,printed class_ap.txt (typically 3 decimals),,,complete,/mnt/shared/zechuan/iraod_artifacts/comparison/xaf_student_quant_20260908/formal_ports_runs_a39c832/dior/brightness/seed_42/methods/IRG/eval_full_brightness_ids_v1/class_ap.txt
DIOR,brightness,IRG,42,ema,baseballfield,0.485,printed class_ap.txt (typically 3 decimals),,,complete,/mnt/shared/zechuan/iraod_artifacts/comparison/xaf_student_quant_20260908/formal_ports_runs_a39c832/dior/brightness/seed_42/methods/IRG/eval_full_brightness_ids_v1/class_ap.txt
DIOR,brightness,IRG,42,ema,basketballcourt,0.286,printed class_ap.txt (typically 3 decimals),,,complete,/mnt/shared/zechuan/iraod_artifacts/comparison/xaf_student_quant_20260908/formal_ports_runs_a39c832/dior/brightness/seed_42/methods/IRG/eval_full_brightness_ids_v1/class_ap.txt
DIOR,brightness,IRG,42,ema,bridge,0.107,printed class_ap.txt (typically 3 decimals),,,complete,/mnt/shared/zechuan/iraod_artifacts/comparison/xaf_student_quant_20260908/formal_ports_runs_a39c832/dior/brightness/seed_42/methods/IRG/eval_full_brightness_ids_v1/class_ap.txt
DIOR,brightness,IRG,42,ema,chimney,0.362,printed class_ap.txt (typically 3 decimals),,,complete,/mnt/shared/zechuan/iraod_artifacts/comparison/xaf_student_quant_20260908/formal_ports_runs_a39c832/dior/brightness/seed_42/methods/IRG/eval_full_brightness_ids_v1/class_ap.txt
DIOR,brightness,IRG,42,ema,expressway-service-area,0.221,printed class_ap.txt (typically 3 decimals),,,complete,/mnt/shared/zechuan/iraod_artifacts/comparison/xaf_student_quant_20260908/formal_ports_runs_a39c832/dior/brightness/seed_42/methods/IRG/eval_full_brightness_ids_v1/class_ap.txt
DIOR,brightness,IRG,42,ema,expressway-toll-station,0.152,printed class_ap.txt (typically 3 decimals),,,complete,/mnt/shared/zechuan/iraod_artifacts/comparison/xaf_student_quant_20260908/formal_ports_runs_a39c832/dior/brightness/seed_42/methods/IRG/eval_full_brightness_ids_v1/class_ap.txt
DIOR,brightness,IRG,42,ema,dam,0.091,printed class_ap.txt (typically 3 decimals),,,complete,/mnt/shared/zechuan/iraod_artifacts/comparison/xaf_student_quant_20260908/formal_ports_runs_a39c832/dior/brightness/seed_42/methods/IRG/eval_full_brightness_ids_v1/class_ap.txt
DIOR,brightness,IRG,42,ema,golffield,0.119,printed class_ap.txt (typically 3 decimals),,,complete,/mnt/shared/zechuan/iraod_artifacts/comparison/xaf_student_quant_20260908/formal_ports_runs_a39c832/dior/brightness/seed_42/methods/IRG/eval_full_brightness_ids_v1/class_ap.txt
DIOR,brightness,IRG,42,ema,groundtrackfield,0.223,printed class_ap.txt (typically 3 decimals),,,complete,/mnt/shared/zechuan/iraod_artifacts/comparison/xaf_student_quant_20260908/formal_ports_runs_a39c832/dior/brightness/seed_42/methods/IRG/eval_full_brightness_ids_v1/class_ap.txt
DIOR,brightness,IRG,42,ema,harbor,0.134,printed class_ap.txt (typically 3 decimals),,,complete,/mnt/shared/zechuan/iraod_artifacts/comparison/xaf_student_quant_20260908/formal_ports_runs_a39c832/dior/brightness/seed_42/methods/IRG/eval_full_brightness_ids_v1/class_ap.txt
DIOR,brightness,IRG,42,ema,overpass,0.151,printed class_ap.txt (typically 3 decimals),,,complete,/mnt/shared/zechuan/iraod_artifacts/comparison/xaf_student_quant_20260908/formal_ports_runs_a39c832/dior/brightness/seed_42/methods/IRG/eval_full_brightness_ids_v1/class_ap.txt
DIOR,brightness,IRG,42,ema,ship,0.66,printed class_ap.txt (typically 3 decimals),,,complete,/mnt/shared/zechuan/iraod_artifacts/comparison/xaf_student_quant_20260908/formal_ports_runs_a39c832/dior/brightness/seed_42/methods/IRG/eval_full_brightness_ids_v1/class_ap.txt
DIOR,brightness,IRG,42,ema,stadium,0.19,printed class_ap.txt (typically 3 decimals),,,complete,/mnt/shared/zechuan/iraod_artifacts/comparison/xaf_student_quant_20260908/formal_ports_runs_a39c832/dior/brightness/seed_42/methods/IRG/eval_full_brightness_ids_v1/class_ap.txt
DIOR,brightness,IRG,42,ema,storagetank,0.352,printed class_ap.txt (typically 3 decimals),,,complete,/mnt/shared/zechuan/iraod_artifacts/comparison/xaf_student_quant_20260908/formal_ports_runs_a39c832/dior/brightness/seed_42/methods/IRG/eval_full_brightness_ids_v1/class_ap.txt
DIOR,brightness,IRG,42,ema,tenniscourt,0.529,printed class_ap.txt (typically 3 decimals),,,complete,/mnt/shared/zechuan/iraod_artifacts/comparison/xaf_student_quant_20260908/formal_ports_runs_a39c832/dior/brightness/seed_42/methods/IRG/eval_full_brightness_ids_v1/class_ap.txt
DIOR,brightness,IRG,42,ema,trainstation,0.123,printed class_ap.txt (typically 3 decimals),,,complete,/mnt/shared/zechuan/iraod_artifacts/comparison/xaf_student_quant_20260908/formal_ports_runs_a39c832/dior/brightness/seed_42/methods/IRG/eval_full_brightness_ids_v1/class_ap.txt
DIOR,brightness,IRG,42,ema,vehicle,0.271,printed class_ap.txt (typically 3 decimals),,,complete,/mnt/shared/zechuan/iraod_artifacts/comparison/xaf_student_quant_20260908/formal_ports_runs_a39c832/dior/brightness/seed_42/methods/IRG/eval_full_brightness_ids_v1/class_ap.txt
DIOR,brightness,IRG,42,ema,windmill,0.087,printed class_ap.txt (typically 3 decimals),,,complete,/mnt/shared/zechuan/iraod_artifacts/comparison/xaf_student_quant_20260908/formal_ports_runs_a39c832/dior/brightness/seed_42/methods/IRG/eval_full_brightness_ids_v1/class_ap.txt
DIOR,brightness,IRG,43,ema,airplane,0.337,printed class_ap.txt (typically 3 decimals),,,complete,/mnt/shared/zechuan/iraod_artifacts/comparison/xaf_student_quant_20260908/formal_ports_runs_a39c832/dior/brightness/seed_43/methods/IRG/eval_full_brightness_ids_v1/class_ap.txt
DIOR,brightness,IRG,43,ema,airport,0.01,printed class_ap.txt (typically 3 decimals),,,complete,/mnt/shared/zechuan/iraod_artifacts/comparison/xaf_student_quant_20260908/formal_ports_runs_a39c832/dior/brightness/seed_43/methods/IRG/eval_full_brightness_ids_v1/class_ap.txt
DIOR,brightness,IRG,43,ema,baseballfield,0.485,printed class_ap.txt (typically 3 decimals),,,complete,/mnt/shared/zechuan/iraod_artifacts/comparison/xaf_student_quant_20260908/formal_ports_runs_a39c832/dior/brightness/seed_43/methods/IRG/eval_full_brightness_ids_v1/class_ap.txt
DIOR,brightness,IRG,43,ema,basketballcourt,0.293,printed class_ap.txt (typically 3 decimals),,,complete,/mnt/shared/zechuan/iraod_artifacts/comparison/xaf_student_quant_20260908/formal_ports_runs_a39c832/dior/brightness/seed_43/methods/IRG/eval_full_brightness_ids_v1/class_ap.txt
DIOR,brightness,IRG,43,ema,bridge,0.105,printed class_ap.txt (typically 3 decimals),,,complete,/mnt/shared/zechuan/iraod_artifacts/comparison/xaf_student_quant_20260908/formal_ports_runs_a39c832/dior/brightness/seed_43/methods/IRG/eval_full_brightness_ids_v1/class_ap.txt
DIOR,brightness,IRG,43,ema,chimney,0.352,printed class_ap.txt (typically 3 decimals),,,complete,/mnt/shared/zechuan/iraod_artifacts/comparison/xaf_student_quant_20260908/formal_ports_runs_a39c832/dior/brightness/seed_43/methods/IRG/eval_full_brightness_ids_v1/class_ap.txt
DIOR,brightness,IRG,43,ema,expressway-service-area,0.22,printed class_ap.txt (typically 3 decimals),,,complete,/mnt/shared/zechuan/iraod_artifacts/comparison/xaf_student_quant_20260908/formal_ports_runs_a39c832/dior/brightness/seed_43/methods/IRG/eval_full_brightness_ids_v1/class_ap.txt
DIOR,brightness,IRG,43,ema,expressway-toll-station,0.134,printed class_ap.txt (typically 3 decimals),,,complete,/mnt/shared/zechuan/iraod_artifacts/comparison/xaf_student_quant_20260908/formal_ports_runs_a39c832/dior/brightness/seed_43/methods/IRG/eval_full_brightness_ids_v1/class_ap.txt
DIOR,brightness,IRG,43,ema,dam,0.091,printed class_ap.txt (typically 3 decimals),,,complete,/mnt/shared/zechuan/iraod_artifacts/comparison/xaf_student_quant_20260908/formal_ports_runs_a39c832/dior/brightness/seed_43/methods/IRG/eval_full_brightness_ids_v1/class_ap.txt
DIOR,brightness,IRG,43,ema,golffield,0.125,printed class_ap.txt (typically 3 decimals),,,complete,/mnt/shared/zechuan/iraod_artifacts/comparison/xaf_student_quant_20260908/formal_ports_runs_a39c832/dior/brightness/seed_43/methods/IRG/eval_full_brightness_ids_v1/class_ap.txt
DIOR,brightness,IRG,43,ema,groundtrackfield,0.219,printed class_ap.txt (typically 3 decimals),,,complete,/mnt/shared/zechuan/iraod_artifacts/comparison/xaf_student_quant_20260908/formal_ports_runs_a39c832/dior/brightness/seed_43/methods/IRG/eval_full_brightness_ids_v1/class_ap.txt
DIOR,brightness,IRG,43,ema,harbor,0.131,printed class_ap.txt (typically 3 decimals),,,complete,/mnt/shared/zechuan/iraod_artifacts/comparison/xaf_student_quant_20260908/formal_ports_runs_a39c832/dior/brightness/seed_43/methods/IRG/eval_full_brightness_ids_v1/class_ap.txt
DIOR,brightness,IRG,43,ema,overpass,0.152,printed class_ap.txt (typically 3 decimals),,,complete,/mnt/shared/zechuan/iraod_artifacts/comparison/xaf_student_quant_20260908/formal_ports_runs_a39c832/dior/brightness/seed_43/methods/IRG/eval_full_brightness_ids_v1/class_ap.txt
DIOR,brightness,IRG,43,ema,ship,0.659,printed class_ap.txt (typically 3 decimals),,,complete,/mnt/shared/zechuan/iraod_artifacts/comparison/xaf_student_quant_20260908/formal_ports_runs_a39c832/dior/brightness/seed_43/methods/IRG/eval_full_brightness_ids_v1/class_ap.txt
DIOR,brightness,IRG,43,ema,stadium,0.196,printed class_ap.txt (typically 3 decimals),,,complete,/mnt/shared/zechuan/iraod_artifacts/comparison/xaf_student_quant_20260908/formal_ports_runs_a39c832/dior/brightness/seed_43/methods/IRG/eval_full_brightness_ids_v1/class_ap.txt
DIOR,brightness,IRG,43,ema,storagetank,0.346,printed class_ap.txt (typically 3 decimals),,,complete,/mnt/shared/zechuan/iraod_artifacts/comparison/xaf_student_quant_20260908/formal_ports_runs_a39c832/dior/brightness/seed_43/methods/IRG/eval_full_brightness_ids_v1/class_ap.txt
DIOR,brightness,IRG,43,ema,tenniscourt,0.53,printed class_ap.txt (typically 3 decimals),,,complete,/mnt/shared/zechuan/iraod_artifacts/comparison/xaf_student_quant_20260908/formal_ports_runs_a39c832/dior/brightness/seed_43/methods/IRG/eval_full_brightness_ids_v1/class_ap.txt
DIOR,brightness,IRG,43,ema,trainstation,0.126,printed class_ap.txt (typically 3 decimals),,,complete,/mnt/shared/zechuan/iraod_artifacts/comparison/xaf_student_quant_20260908/formal_ports_runs_a39c832/dior/brightness/seed_43/methods/IRG/eval_full_brightness_ids_v1/class_ap.txt
DIOR,brightness,IRG,43,ema,vehicle,0.27,printed class_ap.txt (typically 3 decimals),,,complete,/mnt/shared/zechuan/iraod_artifacts/comparison/xaf_student_quant_20260908/formal_ports_runs_a39c832/dior/brightness/seed_43/methods/IRG/eval_full_brightness_ids_v1/class_ap.txt
DIOR,brightness,IRG,43,ema,windmill,0.084,printed class_ap.txt (typically 3 decimals),,,complete,/mnt/shared/zechuan/iraod_artifacts/comparison/xaf_student_quant_20260908/formal_ports_runs_a39c832/dior/brightness/seed_43/methods/IRG/eval_full_brightness_ids_v1/class_ap.txt
DIOR,brightness,IRG,44,ema,airplane,0.337,printed class_ap.txt (typically 3 decimals),,,complete,/mnt/shared/zechuan/iraod_artifacts/comparison/xaf_student_quant_20260908/formal_ports_runs_a39c832/dior/brightness/seed_44/methods/IRG/eval_full_brightness_ids_v1/class_ap.txt
DIOR,brightness,IRG,44,ema,airport,0.01,printed class_ap.txt (typically 3 decimals),,,complete,/mnt/shared/zechuan/iraod_artifacts/comparison/xaf_student_quant_20260908/formal_ports_runs_a39c832/dior/brightness/seed_44/methods/IRG/eval_full_brightness_ids_v1/class_ap.txt
DIOR,brightness,IRG,44,ema,baseballfield,0.486,printed class_ap.txt (typically 3 decimals),,,complete,/mnt/shared/zechuan/iraod_artifacts/comparison/xaf_student_quant_20260908/formal_ports_runs_a39c832/dior/brightness/seed_44/methods/IRG/eval_full_brightness_ids_v1/class_ap.txt
DIOR,brightness,IRG,44,ema,basketballcourt,0.287,printed class_ap.txt (typically 3 decimals),,,complete,/mnt/shared/zechuan/iraod_artifacts/comparison/xaf_student_quant_20260908/formal_ports_runs_a39c832/dior/brightness/seed_44/methods/IRG/eval_full_brightness_ids_v1/class_ap.txt
DIOR,brightness,IRG,44,ema,bridge,0.105,printed class_ap.txt (typically 3 decimals),,,complete,/mnt/shared/zechuan/iraod_artifacts/comparison/xaf_student_quant_20260908/formal_ports_runs_a39c832/dior/brightness/seed_44/methods/IRG/eval_full_brightness_ids_v1/class_ap.txt
DIOR,brightness,IRG,44,ema,chimney,0.364,printed class_ap.txt (typically 3 decimals),,,complete,/mnt/shared/zechuan/iraod_artifacts/comparison/xaf_student_quant_20260908/formal_ports_runs_a39c832/dior/brightness/seed_44/methods/IRG/eval_full_brightness_ids_v1/class_ap.txt
DIOR,brightness,IRG,44,ema,expressway-service-area,0.218,printed class_ap.txt (typically 3 decimals),,,complete,/mnt/shared/zechuan/iraod_artifacts/comparison/xaf_student_quant_20260908/formal_ports_runs_a39c832/dior/brightness/seed_44/methods/IRG/eval_full_brightness_ids_v1/class_ap.txt
DIOR,brightness,IRG,44,ema,expressway-toll-station,0.153,printed class_ap.txt (typically 3 decimals),,,complete,/mnt/shared/zechuan/iraod_artifacts/comparison/xaf_student_quant_20260908/formal_ports_runs_a39c832/dior/brightness/seed_44/methods/IRG/eval_full_brightness_ids_v1/class_ap.txt
DIOR,brightness,IRG,44,ema,dam,0.091,printed class_ap.txt (typically 3 decimals),,,complete,/mnt/shared/zechuan/iraod_artifacts/comparison/xaf_student_quant_20260908/formal_ports_runs_a39c832/dior/brightness/seed_44/methods/IRG/eval_full_brightness_ids_v1/class_ap.txt
DIOR,brightness,IRG,44,ema,golffield,0.122,printed class_ap.txt (typically 3 decimals),,,complete,/mnt/shared/zechuan/iraod_artifacts/comparison/xaf_student_quant_20260908/formal_ports_runs_a39c832/dior/brightness/seed_44/methods/IRG/eval_full_brightness_ids_v1/class_ap.txt
DIOR,brightness,IRG,44,ema,groundtrackfield,0.22,printed class_ap.txt (typically 3 decimals),,,complete,/mnt/shared/zechuan/iraod_artifacts/comparison/xaf_student_quant_20260908/formal_ports_runs_a39c832/dior/brightness/seed_44/methods/IRG/eval_full_brightness_ids_v1/class_ap.txt
DIOR,brightness,IRG,44,ema,harbor,0.135,printed class_ap.txt (typically 3 decimals),,,complete,/mnt/shared/zechuan/iraod_artifacts/comparison/xaf_student_quant_20260908/formal_ports_runs_a39c832/dior/brightness/seed_44/methods/IRG/eval_full_brightness_ids_v1/class_ap.txt
DIOR,brightness,IRG,44,ema,overpass,0.153,printed class_ap.txt (typically 3 decimals),,,complete,/mnt/shared/zechuan/iraod_artifacts/comparison/xaf_student_quant_20260908/formal_ports_runs_a39c832/dior/brightness/seed_44/methods/IRG/eval_full_brightness_ids_v1/class_ap.txt
DIOR,brightness,IRG,44,ema,ship,0.663,printed class_ap.txt (typically 3 decimals),,,complete,/mnt/shared/zechuan/iraod_artifacts/comparison/xaf_student_quant_20260908/formal_ports_runs_a39c832/dior/brightness/seed_44/methods/IRG/eval_full_brightness_ids_v1/class_ap.txt
DIOR,brightness,IRG,44,ema,stadium,0.193,printed class_ap.txt (typically 3 decimals),,,complete,/mnt/shared/zechuan/iraod_artifacts/comparison/xaf_student_quant_20260908/formal_ports_runs_a39c832/dior/brightness/seed_44/methods/IRG/eval_full_brightness_ids_v1/class_ap.txt
DIOR,brightness,IRG,44,ema,storagetank,0.348,printed class_ap.txt (typically 3 decimals),,,complete,/mnt/shared/zechuan/iraod_artifacts/comparison/xaf_student_quant_20260908/formal_ports_runs_a39c832/dior/brightness/seed_44/methods/IRG/eval_full_brightness_ids_v1/class_ap.txt
DIOR,brightness,IRG,44,ema,tenniscourt,0.53,printed class_ap.txt (typically 3 decimals),,,complete,/mnt/shared/zechuan/iraod_artifacts/comparison/xaf_student_quant_20260908/formal_ports_runs_a39c832/dior/brightness/seed_44/methods/IRG/eval_full_brightness_ids_v1/class_ap.txt
DIOR,brightness,IRG,44,ema,trainstation,0.128,printed class_ap.txt (typically 3 decimals),,,complete,/mnt/shared/zechuan/iraod_artifacts/comparison/xaf_student_quant_20260908/formal_ports_runs_a39c832/dior/brightness/seed_44/methods/IRG/eval_full_brightness_ids_v1/class_ap.txt
DIOR,brightness,IRG,44,ema,vehicle,0.272,printed class_ap.txt (typically 3 decimals),,,complete,/mnt/shared/zechuan/iraod_artifacts/comparison/xaf_student_quant_20260908/formal_ports_runs_a39c832/dior/brightness/seed_44/methods/IRG/eval_full_brightness_ids_v1/class_ap.txt
DIOR,brightness,IRG,44,ema,windmill,0.084,printed class_ap.txt (typically 3 decimals),,,complete,/mnt/shared/zechuan/iraod_artifacts/comparison/xaf_student_quant_20260908/formal_ports_runs_a39c832/dior/brightness/seed_44/methods/IRG/eval_full_brightness_ids_v1/class_ap.txt
DIOR,brightness,LPLD,42,ema,airplane,0.342,printed class_ap.txt (typically 3 decimals),,,complete,/mnt/shared/zechuan/iraod_artifacts/comparison/xaf_student_quant_20260908/formal_ports_runs_a39c832/dior/brightness/seed_42/methods/LPLD/eval_full_brightness_ids_v1/class_ap.txt
DIOR,brightness,LPLD,42,ema,airport,0.013,printed class_ap.txt (typically 3 decimals),,,complete,/mnt/shared/zechuan/iraod_artifacts/comparison/xaf_student_quant_20260908/formal_ports_runs_a39c832/dior/brightness/seed_42/methods/LPLD/eval_full_brightness_ids_v1/class_ap.txt
DIOR,brightness,LPLD,42,ema,baseballfield,0.491,printed class_ap.txt (typically 3 decimals),,,complete,/mnt/shared/zechuan/iraod_artifacts/comparison/xaf_student_quant_20260908/formal_ports_runs_a39c832/dior/brightness/seed_42/methods/LPLD/eval_full_brightness_ids_v1/class_ap.txt
DIOR,brightness,LPLD,42,ema,basketballcourt,0.293,printed class_ap.txt (typically 3 decimals),,,complete,/mnt/shared/zechuan/iraod_artifacts/comparison/xaf_student_quant_20260908/formal_ports_runs_a39c832/dior/brightness/seed_42/methods/LPLD/eval_full_brightness_ids_v1/class_ap.txt
DIOR,brightness,LPLD,42,ema,bridge,0.107,printed class_ap.txt (typically 3 decimals),,,complete,/mnt/shared/zechuan/iraod_artifacts/comparison/xaf_student_quant_20260908/formal_ports_runs_a39c832/dior/brightness/seed_42/methods/LPLD/eval_full_brightness_ids_v1/class_ap.txt
DIOR,brightness,LPLD,42,ema,chimney,0.358,printed class_ap.txt (typically 3 decimals),,,complete,/mnt/shared/zechuan/iraod_artifacts/comparison/xaf_student_quant_20260908/formal_ports_runs_a39c832/dior/brightness/seed_42/methods/LPLD/eval_full_brightness_ids_v1/class_ap.txt
DIOR,brightness,LPLD,42,ema,expressway-service-area,0.232,printed class_ap.txt (typically 3 decimals),,,complete,/mnt/shared/zechuan/iraod_artifacts/comparison/xaf_student_quant_20260908/formal_ports_runs_a39c832/dior/brightness/seed_42/methods/LPLD/eval_full_brightness_ids_v1/class_ap.txt
DIOR,brightness,LPLD,42,ema,expressway-toll-station,0.142,printed class_ap.txt (typically 3 decimals),,,complete,/mnt/shared/zechuan/iraod_artifacts/comparison/xaf_student_quant_20260908/formal_ports_runs_a39c832/dior/brightness/seed_42/methods/LPLD/eval_full_brightness_ids_v1/class_ap.txt
DIOR,brightness,LPLD,42,ema,dam,0.091,printed class_ap.txt (typically 3 decimals),,,complete,/mnt/shared/zechuan/iraod_artifacts/comparison/xaf_student_quant_20260908/formal_ports_runs_a39c832/dior/brightness/seed_42/methods/LPLD/eval_full_brightness_ids_v1/class_ap.txt
DIOR,brightness,LPLD,42,ema,golffield,0.113,printed class_ap.txt (typically 3 decimals),,,complete,/mnt/shared/zechuan/iraod_artifacts/comparison/xaf_student_quant_20260908/formal_ports_runs_a39c832/dior/brightness/seed_42/methods/LPLD/eval_full_brightness_ids_v1/class_ap.txt
DIOR,brightness,LPLD,42,ema,groundtrackfield,0.223,printed class_ap.txt (typically 3 decimals),,,complete,/mnt/shared/zechuan/iraod_artifacts/comparison/xaf_student_quant_20260908/formal_ports_runs_a39c832/dior/brightness/seed_42/methods/LPLD/eval_full_brightness_ids_v1/class_ap.txt
DIOR,brightness,LPLD,42,ema,harbor,0.135,printed class_ap.txt (typically 3 decimals),,,complete,/mnt/shared/zechuan/iraod_artifacts/comparison/xaf_student_quant_20260908/formal_ports_runs_a39c832/dior/brightness/seed_42/methods/LPLD/eval_full_brightness_ids_v1/class_ap.txt
DIOR,brightness,LPLD,42,ema,overpass,0.153,printed class_ap.txt (typically 3 decimals),,,complete,/mnt/shared/zechuan/iraod_artifacts/comparison/xaf_student_quant_20260908/formal_ports_runs_a39c832/dior/brightness/seed_42/methods/LPLD/eval_full_brightness_ids_v1/class_ap.txt
DIOR,brightness,LPLD,42,ema,ship,0.667,printed class_ap.txt (typically 3 decimals),,,complete,/mnt/shared/zechuan/iraod_artifacts/comparison/xaf_student_quant_20260908/formal_ports_runs_a39c832/dior/brightness/seed_42/methods/LPLD/eval_full_brightness_ids_v1/class_ap.txt
DIOR,brightness,LPLD,42,ema,stadium,0.204,printed class_ap.txt (typically 3 decimals),,,complete,/mnt/shared/zechuan/iraod_artifacts/comparison/xaf_student_quant_20260908/formal_ports_runs_a39c832/dior/brightness/seed_42/methods/LPLD/eval_full_brightness_ids_v1/class_ap.txt
DIOR,brightness,LPLD,42,ema,storagetank,0.362,printed class_ap.txt (typically 3 decimals),,,complete,/mnt/shared/zechuan/iraod_artifacts/comparison/xaf_student_quant_20260908/formal_ports_runs_a39c832/dior/brightness/seed_42/methods/LPLD/eval_full_brightness_ids_v1/class_ap.txt
DIOR,brightness,LPLD,42,ema,tenniscourt,0.534,printed class_ap.txt (typically 3 decimals),,,complete,/mnt/shared/zechuan/iraod_artifacts/comparison/xaf_student_quant_20260908/formal_ports_runs_a39c832/dior/brightness/seed_42/methods/LPLD/eval_full_brightness_ids_v1/class_ap.txt
DIOR,brightness,LPLD,42,ema,trainstation,0.13,printed class_ap.txt (typically 3 decimals),,,complete,/mnt/shared/zechuan/iraod_artifacts/comparison/xaf_student_quant_20260908/formal_ports_runs_a39c832/dior/brightness/seed_42/methods/LPLD/eval_full_brightness_ids_v1/class_ap.txt
DIOR,brightness,LPLD,42,ema,vehicle,0.275,printed class_ap.txt (typically 3 decimals),,,complete,/mnt/shared/zechuan/iraod_artifacts/comparison/xaf_student_quant_20260908/formal_ports_runs_a39c832/dior/brightness/seed_42/methods/LPLD/eval_full_brightness_ids_v1/class_ap.txt
DIOR,brightness,LPLD,42,ema,windmill,0.086,printed class_ap.txt (typically 3 decimals),,,complete,/mnt/shared/zechuan/iraod_artifacts/comparison/xaf_student_quant_20260908/formal_ports_runs_a39c832/dior/brightness/seed_42/methods/LPLD/eval_full_brightness_ids_v1/class_ap.txt
DIOR,brightness,LPLD,43,ema,airplane,0.344,printed class_ap.txt (typically 3 decimals),,,complete,/mnt/shared/zechuan/iraod_artifacts/comparison/xaf_student_quant_20260908/formal_ports_runs_a39c832/dior/brightness/seed_43/methods/LPLD/eval_full_brightness_ids_v1/class_ap.txt
DIOR,brightness,LPLD,43,ema,airport,0.018,printed class_ap.txt (typically 3 decimals),,,complete,/mnt/shared/zechuan/iraod_artifacts/comparison/xaf_student_quant_20260908/formal_ports_runs_a39c832/dior/brightness/seed_43/methods/LPLD/eval_full_brightness_ids_v1/class_ap.txt
DIOR,brightness,LPLD,43,ema,baseballfield,0.489,printed class_ap.txt (typically 3 decimals),,,complete,/mnt/shared/zechuan/iraod_artifacts/comparison/xaf_student_quant_20260908/formal_ports_runs_a39c832/dior/brightness/seed_43/methods/LPLD/eval_full_brightness_ids_v1/class_ap.txt
DIOR,brightness,LPLD,43,ema,basketballcourt,0.298,printed class_ap.txt (typically 3 decimals),,,complete,/mnt/shared/zechuan/iraod_artifacts/comparison/xaf_student_quant_20260908/formal_ports_runs_a39c832/dior/brightness/seed_43/methods/LPLD/eval_full_brightness_ids_v1/class_ap.txt
DIOR,brightness,LPLD,43,ema,bridge,0.108,printed class_ap.txt (typically 3 decimals),,,complete,/mnt/shared/zechuan/iraod_artifacts/comparison/xaf_student_quant_20260908/formal_ports_runs_a39c832/dior/brightness/seed_43/methods/LPLD/eval_full_brightness_ids_v1/class_ap.txt
DIOR,brightness,LPLD,43,ema,chimney,0.388,printed class_ap.txt (typically 3 decimals),,,complete,/mnt/shared/zechuan/iraod_artifacts/comparison/xaf_student_quant_20260908/formal_ports_runs_a39c832/dior/brightness/seed_43/methods/LPLD/eval_full_brightness_ids_v1/class_ap.txt
DIOR,brightness,LPLD,43,ema,expressway-service-area,0.222,printed class_ap.txt (typically 3 decimals),,,complete,/mnt/shared/zechuan/iraod_artifacts/comparison/xaf_student_quant_20260908/formal_ports_runs_a39c832/dior/brightness/seed_43/methods/LPLD/eval_full_brightness_ids_v1/class_ap.txt
DIOR,brightness,LPLD,43,ema,expressway-toll-station,0.126,printed class_ap.txt (typically 3 decimals),,,complete,/mnt/shared/zechuan/iraod_artifacts/comparison/xaf_student_quant_20260908/formal_ports_runs_a39c832/dior/brightness/seed_43/methods/LPLD/eval_full_brightness_ids_v1/class_ap.txt
DIOR,brightness,LPLD,43,ema,dam,0.091,printed class_ap.txt (typically 3 decimals),,,complete,/mnt/shared/zechuan/iraod_artifacts/comparison/xaf_student_quant_20260908/formal_ports_runs_a39c832/dior/brightness/seed_43/methods/LPLD/eval_full_brightness_ids_v1/class_ap.txt
DIOR,brightness,LPLD,43,ema,golffield,0.131,printed class_ap.txt (typically 3 decimals),,,complete,/mnt/shared/zechuan/iraod_artifacts/comparison/xaf_student_quant_20260908/formal_ports_runs_a39c832/dior/brightness/seed_43/methods/LPLD/eval_full_brightness_ids_v1/class_ap.txt
DIOR,brightness,LPLD,43,ema,groundtrackfield,0.225,printed class_ap.txt (typically 3 decimals),,,complete,/mnt/shared/zechuan/iraod_artifacts/comparison/xaf_student_quant_20260908/formal_ports_runs_a39c832/dior/brightness/seed_43/methods/LPLD/eval_full_brightness_ids_v1/class_ap.txt
DIOR,brightness,LPLD,43,ema,harbor,0.111,printed class_ap.txt (typically 3 decimals),,,complete,/mnt/shared/zechuan/iraod_artifacts/comparison/xaf_student_quant_20260908/formal_ports_runs_a39c832/dior/brightness/seed_43/methods/LPLD/eval_full_brightness_ids_v1/class_ap.txt
DIOR,brightness,LPLD,43,ema,overpass,0.158,printed class_ap.txt (typically 3 decimals),,,complete,/mnt/shared/zechuan/iraod_artifacts/comparison/xaf_student_quant_20260908/formal_ports_runs_a39c832/dior/brightness/seed_43/methods/LPLD/eval_full_brightness_ids_v1/class_ap.txt
DIOR,brightness,LPLD,43,ema,ship,0.664,printed class_ap.txt (typically 3 decimals),,,complete,/mnt/shared/zechuan/iraod_artifacts/comparison/xaf_student_quant_20260908/formal_ports_runs_a39c832/dior/brightness/seed_43/methods/LPLD/eval_full_brightness_ids_v1/class_ap.txt
DIOR,brightness,LPLD,43,ema,stadium,0.201,printed class_ap.txt (typically 3 decimals),,,complete,/mnt/shared/zechuan/iraod_artifacts/comparison/xaf_student_quant_20260908/formal_ports_runs_a39c832/dior/brightness/seed_43/methods/LPLD/eval_full_brightness_ids_v1/class_ap.txt
DIOR,brightness,LPLD,43,ema,storagetank,0.352,printed class_ap.txt (typically 3 decimals),,,complete,/mnt/shared/zechuan/iraod_artifacts/comparison/xaf_student_quant_20260908/formal_ports_runs_a39c832/dior/brightness/seed_43/methods/LPLD/eval_full_brightness_ids_v1/class_ap.txt
DIOR,brightness,LPLD,43,ema,tenniscourt,0.537,printed class_ap.txt (typically 3 decimals),,,complete,/mnt/shared/zechuan/iraod_artifacts/comparison/xaf_student_quant_20260908/formal_ports_runs_a39c832/dior/brightness/seed_43/methods/LPLD/eval_full_brightness_ids_v1/class_ap.txt
DIOR,brightness,LPLD,43,ema,trainstation,0.127,printed class_ap.txt (typically 3 decimals),,,complete,/mnt/shared/zechuan/iraod_artifacts/comparison/xaf_student_quant_20260908/formal_ports_runs_a39c832/dior/brightness/seed_43/methods/LPLD/eval_full_brightness_ids_v1/class_ap.txt
DIOR,brightness,LPLD,43,ema,vehicle,0.275,printed class_ap.txt (typically 3 decimals),,,complete,/mnt/shared/zechuan/iraod_artifacts/comparison/xaf_student_quant_20260908/formal_ports_runs_a39c832/dior/brightness/seed_43/methods/LPLD/eval_full_brightness_ids_v1/class_ap.txt
DIOR,brightness,LPLD,43,ema,windmill,0.099,printed class_ap.txt (typically 3 decimals),,,complete,/mnt/shared/zechuan/iraod_artifacts/comparison/xaf_student_quant_20260908/formal_ports_runs_a39c832/dior/brightness/seed_43/methods/LPLD/eval_full_brightness_ids_v1/class_ap.txt
DIOR,brightness,LPLD,44,ema,airplane,0.34,printed class_ap.txt (typically 3 decimals),,,complete,/mnt/shared/zechuan/iraod_artifacts/comparison/xaf_student_quant_20260908/formal_ports_runs_a39c832/dior/brightness/seed_44/methods/LPLD/eval_full_brightness_ids_v1/class_ap.txt
DIOR,brightness,LPLD,44,ema,airport,0.015,printed class_ap.txt (typically 3 decimals),,,complete,/mnt/shared/zechuan/iraod_artifacts/comparison/xaf_student_quant_20260908/formal_ports_runs_a39c832/dior/brightness/seed_44/methods/LPLD/eval_full_brightness_ids_v1/class_ap.txt
DIOR,brightness,LPLD,44,ema,baseballfield,0.491,printed class_ap.txt (typically 3 decimals),,,complete,/mnt/shared/zechuan/iraod_artifacts/comparison/xaf_student_quant_20260908/formal_ports_runs_a39c832/dior/brightness/seed_44/methods/LPLD/eval_full_brightness_ids_v1/class_ap.txt
DIOR,brightness,LPLD,44,ema,basketballcourt,0.311,printed class_ap.txt (typically 3 decimals),,,complete,/mnt/shared/zechuan/iraod_artifacts/comparison/xaf_student_quant_20260908/formal_ports_runs_a39c832/dior/brightness/seed_44/methods/LPLD/eval_full_brightness_ids_v1/class_ap.txt
DIOR,brightness,LPLD,44,ema,bridge,0.107,printed class_ap.txt (typically 3 decimals),,,complete,/mnt/shared/zechuan/iraod_artifacts/comparison/xaf_student_quant_20260908/formal_ports_runs_a39c832/dior/brightness/seed_44/methods/LPLD/eval_full_brightness_ids_v1/class_ap.txt
DIOR,brightness,LPLD,44,ema,chimney,0.373,printed class_ap.txt (typically 3 decimals),,,complete,/mnt/shared/zechuan/iraod_artifacts/comparison/xaf_student_quant_20260908/formal_ports_runs_a39c832/dior/brightness/seed_44/methods/LPLD/eval_full_brightness_ids_v1/class_ap.txt
DIOR,brightness,LPLD,44,ema,expressway-service-area,0.225,printed class_ap.txt (typically 3 decimals),,,complete,/mnt/shared/zechuan/iraod_artifacts/comparison/xaf_student_quant_20260908/formal_ports_runs_a39c832/dior/brightness/seed_44/methods/LPLD/eval_full_brightness_ids_v1/class_ap.txt
DIOR,brightness,LPLD,44,ema,expressway-toll-station,0.143,printed class_ap.txt (typically 3 decimals),,,complete,/mnt/shared/zechuan/iraod_artifacts/comparison/xaf_student_quant_20260908/formal_ports_runs_a39c832/dior/brightness/seed_44/methods/LPLD/eval_full_brightness_ids_v1/class_ap.txt
DIOR,brightness,LPLD,44,ema,dam,0.091,printed class_ap.txt (typically 3 decimals),,,complete,/mnt/shared/zechuan/iraod_artifacts/comparison/xaf_student_quant_20260908/formal_ports_runs_a39c832/dior/brightness/seed_44/methods/LPLD/eval_full_brightness_ids_v1/class_ap.txt
DIOR,brightness,LPLD,44,ema,golffield,0.123,printed class_ap.txt (typically 3 decimals),,,complete,/mnt/shared/zechuan/iraod_artifacts/comparison/xaf_student_quant_20260908/formal_ports_runs_a39c832/dior/brightness/seed_44/methods/LPLD/eval_full_brightness_ids_v1/class_ap.txt
DIOR,brightness,LPLD,44,ema,groundtrackfield,0.224,printed class_ap.txt (typically 3 decimals),,,complete,/mnt/shared/zechuan/iraod_artifacts/comparison/xaf_student_quant_20260908/formal_ports_runs_a39c832/dior/brightness/seed_44/methods/LPLD/eval_full_brightness_ids_v1/class_ap.txt
DIOR,brightness,LPLD,44,ema,harbor,0.107,printed class_ap.txt (typically 3 decimals),,,complete,/mnt/shared/zechuan/iraod_artifacts/comparison/xaf_student_quant_20260908/formal_ports_runs_a39c832/dior/brightness/seed_44/methods/LPLD/eval_full_brightness_ids_v1/class_ap.txt
DIOR,brightness,LPLD,44,ema,overpass,0.153,printed class_ap.txt (typically 3 decimals),,,complete,/mnt/shared/zechuan/iraod_artifacts/comparison/xaf_student_quant_20260908/formal_ports_runs_a39c832/dior/brightness/seed_44/methods/LPLD/eval_full_brightness_ids_v1/class_ap.txt
DIOR,brightness,LPLD,44,ema,ship,0.67,printed class_ap.txt (typically 3 decimals),,,complete,/mnt/shared/zechuan/iraod_artifacts/comparison/xaf_student_quant_20260908/formal_ports_runs_a39c832/dior/brightness/seed_44/methods/LPLD/eval_full_brightness_ids_v1/class_ap.txt
DIOR,brightness,LPLD,44,ema,stadium,0.197,printed class_ap.txt (typically 3 decimals),,,complete,/mnt/shared/zechuan/iraod_artifacts/comparison/xaf_student_quant_20260908/formal_ports_runs_a39c832/dior/brightness/seed_44/methods/LPLD/eval_full_brightness_ids_v1/class_ap.txt
DIOR,brightness,LPLD,44,ema,storagetank,0.353,printed class_ap.txt (typically 3 decimals),,,complete,/mnt/shared/zechuan/iraod_artifacts/comparison/xaf_student_quant_20260908/formal_ports_runs_a39c832/dior/brightness/seed_44/methods/LPLD/eval_full_brightness_ids_v1/class_ap.txt
DIOR,brightness,LPLD,44,ema,tenniscourt,0.536,printed class_ap.txt (typically 3 decimals),,,complete,/mnt/shared/zechuan/iraod_artifacts/comparison/xaf_student_quant_20260908/formal_ports_runs_a39c832/dior/brightness/seed_44/methods/LPLD/eval_full_brightness_ids_v1/class_ap.txt
DIOR,brightness,LPLD,44,ema,trainstation,0.128,printed class_ap.txt (typically 3 decimals),,,complete,/mnt/shared/zechuan/iraod_artifacts/comparison/xaf_student_quant_20260908/formal_ports_runs_a39c832/dior/brightness/seed_44/methods/LPLD/eval_full_brightness_ids_v1/class_ap.txt
DIOR,brightness,LPLD,44,ema,vehicle,0.276,printed class_ap.txt (typically 3 decimals),,,complete,/mnt/shared/zechuan/iraod_artifacts/comparison/xaf_student_quant_20260908/formal_ports_runs_a39c832/dior/brightness/seed_44/methods/LPLD/eval_full_brightness_ids_v1/class_ap.txt
DIOR,brightness,LPLD,44,ema,windmill,0.092,printed class_ap.txt (typically 3 decimals),,,complete,/mnt/shared/zechuan/iraod_artifacts/comparison/xaf_student_quant_20260908/formal_ports_runs_a39c832/dior/brightness/seed_44/methods/LPLD/eval_full_brightness_ids_v1/class_ap.txt
DIOR,brightness,SFUT,42,ema,airplane,0.336,printed class_ap.txt (typically 3 decimals),,,complete,/mnt/shared/zechuan/iraod_artifacts/comparison/xaf_student_quant_20260908/formal_ports_runs_a39c832/dior/brightness/seed_42/methods/SFUT/eval_full_brightness_ids_v1/class_ap.txt
DIOR,brightness,SFUT,42,ema,airport,0.011,printed class_ap.txt (typically 3 decimals),,,complete,/mnt/shared/zechuan/iraod_artifacts/comparison/xaf_student_quant_20260908/formal_ports_runs_a39c832/dior/brightness/seed_42/methods/SFUT/eval_full_brightness_ids_v1/class_ap.txt
DIOR,brightness,SFUT,42,ema,baseballfield,0.484,printed class_ap.txt (typically 3 decimals),,,complete,/mnt/shared/zechuan/iraod_artifacts/comparison/xaf_student_quant_20260908/formal_ports_runs_a39c832/dior/brightness/seed_42/methods/SFUT/eval_full_brightness_ids_v1/class_ap.txt
DIOR,brightness,SFUT,42,ema,basketballcourt,0.282,printed class_ap.txt (typically 3 decimals),,,complete,/mnt/shared/zechuan/iraod_artifacts/comparison/xaf_student_quant_20260908/formal_ports_runs_a39c832/dior/brightness/seed_42/methods/SFUT/eval_full_brightness_ids_v1/class_ap.txt
DIOR,brightness,SFUT,42,ema,bridge,0.104,printed class_ap.txt (typically 3 decimals),,,complete,/mnt/shared/zechuan/iraod_artifacts/comparison/xaf_student_quant_20260908/formal_ports_runs_a39c832/dior/brightness/seed_42/methods/SFUT/eval_full_brightness_ids_v1/class_ap.txt
DIOR,brightness,SFUT,42,ema,chimney,0.344,printed class_ap.txt (typically 3 decimals),,,complete,/mnt/shared/zechuan/iraod_artifacts/comparison/xaf_student_quant_20260908/formal_ports_runs_a39c832/dior/brightness/seed_42/methods/SFUT/eval_full_brightness_ids_v1/class_ap.txt
DIOR,brightness,SFUT,42,ema,expressway-service-area,0.218,printed class_ap.txt (typically 3 decimals),,,complete,/mnt/shared/zechuan/iraod_artifacts/comparison/xaf_student_quant_20260908/formal_ports_runs_a39c832/dior/brightness/seed_42/methods/SFUT/eval_full_brightness_ids_v1/class_ap.txt
DIOR,brightness,SFUT,42,ema,expressway-toll-station,0.138,printed class_ap.txt (typically 3 decimals),,,complete,/mnt/shared/zechuan/iraod_artifacts/comparison/xaf_student_quant_20260908/formal_ports_runs_a39c832/dior/brightness/seed_42/methods/SFUT/eval_full_brightness_ids_v1/class_ap.txt
DIOR,brightness,SFUT,42,ema,dam,0.091,printed class_ap.txt (typically 3 decimals),,,complete,/mnt/shared/zechuan/iraod_artifacts/comparison/xaf_student_quant_20260908/formal_ports_runs_a39c832/dior/brightness/seed_42/methods/SFUT/eval_full_brightness_ids_v1/class_ap.txt
DIOR,brightness,SFUT,42,ema,golffield,0.12,printed class_ap.txt (typically 3 decimals),,,complete,/mnt/shared/zechuan/iraod_artifacts/comparison/xaf_student_quant_20260908/formal_ports_runs_a39c832/dior/brightness/seed_42/methods/SFUT/eval_full_brightness_ids_v1/class_ap.txt
DIOR,brightness,SFUT,42,ema,groundtrackfield,0.219,printed class_ap.txt (typically 3 decimals),,,complete,/mnt/shared/zechuan/iraod_artifacts/comparison/xaf_student_quant_20260908/formal_ports_runs_a39c832/dior/brightness/seed_42/methods/SFUT/eval_full_brightness_ids_v1/class_ap.txt
DIOR,brightness,SFUT,42,ema,harbor,0.133,printed class_ap.txt (typically 3 decimals),,,complete,/mnt/shared/zechuan/iraod_artifacts/comparison/xaf_student_quant_20260908/formal_ports_runs_a39c832/dior/brightness/seed_42/methods/SFUT/eval_full_brightness_ids_v1/class_ap.txt
DIOR,brightness,SFUT,42,ema,overpass,0.152,printed class_ap.txt (typically 3 decimals),,,complete,/mnt/shared/zechuan/iraod_artifacts/comparison/xaf_student_quant_20260908/formal_ports_runs_a39c832/dior/brightness/seed_42/methods/SFUT/eval_full_brightness_ids_v1/class_ap.txt
DIOR,brightness,SFUT,42,ema,ship,0.658,printed class_ap.txt (typically 3 decimals),,,complete,/mnt/shared/zechuan/iraod_artifacts/comparison/xaf_student_quant_20260908/formal_ports_runs_a39c832/dior/brightness/seed_42/methods/SFUT/eval_full_brightness_ids_v1/class_ap.txt
DIOR,brightness,SFUT,42,ema,stadium,0.193,printed class_ap.txt (typically 3 decimals),,,complete,/mnt/shared/zechuan/iraod_artifacts/comparison/xaf_student_quant_20260908/formal_ports_runs_a39c832/dior/brightness/seed_42/methods/SFUT/eval_full_brightness_ids_v1/class_ap.txt
DIOR,brightness,SFUT,42,ema,storagetank,0.343,printed class_ap.txt (typically 3 decimals),,,complete,/mnt/shared/zechuan/iraod_artifacts/comparison/xaf_student_quant_20260908/formal_ports_runs_a39c832/dior/brightness/seed_42/methods/SFUT/eval_full_brightness_ids_v1/class_ap.txt
DIOR,brightness,SFUT,42,ema,tenniscourt,0.525,printed class_ap.txt (typically 3 decimals),,,complete,/mnt/shared/zechuan/iraod_artifacts/comparison/xaf_student_quant_20260908/formal_ports_runs_a39c832/dior/brightness/seed_42/methods/SFUT/eval_full_brightness_ids_v1/class_ap.txt
DIOR,brightness,SFUT,42,ema,trainstation,0.125,printed class_ap.txt (typically 3 decimals),,,complete,/mnt/shared/zechuan/iraod_artifacts/comparison/xaf_student_quant_20260908/formal_ports_runs_a39c832/dior/brightness/seed_42/methods/SFUT/eval_full_brightness_ids_v1/class_ap.txt
DIOR,brightness,SFUT,42,ema,vehicle,0.269,printed class_ap.txt (typically 3 decimals),,,complete,/mnt/shared/zechuan/iraod_artifacts/comparison/xaf_student_quant_20260908/formal_ports_runs_a39c832/dior/brightness/seed_42/methods/SFUT/eval_full_brightness_ids_v1/class_ap.txt
DIOR,brightness,SFUT,42,ema,windmill,0.091,printed class_ap.txt (typically 3 decimals),,,complete,/mnt/shared/zechuan/iraod_artifacts/comparison/xaf_student_quant_20260908/formal_ports_runs_a39c832/dior/brightness/seed_42/methods/SFUT/eval_full_brightness_ids_v1/class_ap.txt
DIOR,brightness,SFUT,43,ema,airplane,0.337,printed class_ap.txt (typically 3 decimals),,,complete,/mnt/shared/zechuan/iraod_artifacts/comparison/xaf_student_quant_20260908/formal_ports_runs_a39c832/dior/brightness/seed_43/methods/SFUT/eval_full_brightness_ids_v1/class_ap.txt
DIOR,brightness,SFUT,43,ema,airport,0.011,printed class_ap.txt (typically 3 decimals),,,complete,/mnt/shared/zechuan/iraod_artifacts/comparison/xaf_student_quant_20260908/formal_ports_runs_a39c832/dior/brightness/seed_43/methods/SFUT/eval_full_brightness_ids_v1/class_ap.txt
DIOR,brightness,SFUT,43,ema,baseballfield,0.485,printed class_ap.txt (typically 3 decimals),,,complete,/mnt/shared/zechuan/iraod_artifacts/comparison/xaf_student_quant_20260908/formal_ports_runs_a39c832/dior/brightness/seed_43/methods/SFUT/eval_full_brightness_ids_v1/class_ap.txt
DIOR,brightness,SFUT,43,ema,basketballcourt,0.282,printed class_ap.txt (typically 3 decimals),,,complete,/mnt/shared/zechuan/iraod_artifacts/comparison/xaf_student_quant_20260908/formal_ports_runs_a39c832/dior/brightness/seed_43/methods/SFUT/eval_full_brightness_ids_v1/class_ap.txt
DIOR,brightness,SFUT,43,ema,bridge,0.104,printed class_ap.txt (typically 3 decimals),,,complete,/mnt/shared/zechuan/iraod_artifacts/comparison/xaf_student_quant_20260908/formal_ports_runs_a39c832/dior/brightness/seed_43/methods/SFUT/eval_full_brightness_ids_v1/class_ap.txt
DIOR,brightness,SFUT,43,ema,chimney,0.345,printed class_ap.txt (typically 3 decimals),,,complete,/mnt/shared/zechuan/iraod_artifacts/comparison/xaf_student_quant_20260908/formal_ports_runs_a39c832/dior/brightness/seed_43/methods/SFUT/eval_full_brightness_ids_v1/class_ap.txt
DIOR,brightness,SFUT,43,ema,expressway-service-area,0.22,printed class_ap.txt (typically 3 decimals),,,complete,/mnt/shared/zechuan/iraod_artifacts/comparison/xaf_student_quant_20260908/formal_ports_runs_a39c832/dior/brightness/seed_43/methods/SFUT/eval_full_brightness_ids_v1/class_ap.txt
DIOR,brightness,SFUT,43,ema,expressway-toll-station,0.138,printed class_ap.txt (typically 3 decimals),,,complete,/mnt/shared/zechuan/iraod_artifacts/comparison/xaf_student_quant_20260908/formal_ports_runs_a39c832/dior/brightness/seed_43/methods/SFUT/eval_full_brightness_ids_v1/class_ap.txt
DIOR,brightness,SFUT,43,ema,dam,0.091,printed class_ap.txt (typically 3 decimals),,,complete,/mnt/shared/zechuan/iraod_artifacts/comparison/xaf_student_quant_20260908/formal_ports_runs_a39c832/dior/brightness/seed_43/methods/SFUT/eval_full_brightness_ids_v1/class_ap.txt
DIOR,brightness,SFUT,43,ema,golffield,0.119,printed class_ap.txt (typically 3 decimals),,,complete,/mnt/shared/zechuan/iraod_artifacts/comparison/xaf_student_quant_20260908/formal_ports_runs_a39c832/dior/brightness/seed_43/methods/SFUT/eval_full_brightness_ids_v1/class_ap.txt
DIOR,brightness,SFUT,43,ema,groundtrackfield,0.219,printed class_ap.txt (typically 3 decimals),,,complete,/mnt/shared/zechuan/iraod_artifacts/comparison/xaf_student_quant_20260908/formal_ports_runs_a39c832/dior/brightness/seed_43/methods/SFUT/eval_full_brightness_ids_v1/class_ap.txt
DIOR,brightness,SFUT,43,ema,harbor,0.134,printed class_ap.txt (typically 3 decimals),,,complete,/mnt/shared/zechuan/iraod_artifacts/comparison/xaf_student_quant_20260908/formal_ports_runs_a39c832/dior/brightness/seed_43/methods/SFUT/eval_full_brightness_ids_v1/class_ap.txt
DIOR,brightness,SFUT,43,ema,overpass,0.152,printed class_ap.txt (typically 3 decimals),,,complete,/mnt/shared/zechuan/iraod_artifacts/comparison/xaf_student_quant_20260908/formal_ports_runs_a39c832/dior/brightness/seed_43/methods/SFUT/eval_full_brightness_ids_v1/class_ap.txt
DIOR,brightness,SFUT,43,ema,ship,0.658,printed class_ap.txt (typically 3 decimals),,,complete,/mnt/shared/zechuan/iraod_artifacts/comparison/xaf_student_quant_20260908/formal_ports_runs_a39c832/dior/brightness/seed_43/methods/SFUT/eval_full_brightness_ids_v1/class_ap.txt
DIOR,brightness,SFUT,43,ema,stadium,0.192,printed class_ap.txt (typically 3 decimals),,,complete,/mnt/shared/zechuan/iraod_artifacts/comparison/xaf_student_quant_20260908/formal_ports_runs_a39c832/dior/brightness/seed_43/methods/SFUT/eval_full_brightness_ids_v1/class_ap.txt
DIOR,brightness,SFUT,43,ema,storagetank,0.342,printed class_ap.txt (typically 3 decimals),,,complete,/mnt/shared/zechuan/iraod_artifacts/comparison/xaf_student_quant_20260908/formal_ports_runs_a39c832/dior/brightness/seed_43/methods/SFUT/eval_full_brightness_ids_v1/class_ap.txt
DIOR,brightness,SFUT,43,ema,tenniscourt,0.525,printed class_ap.txt (typically 3 decimals),,,complete,/mnt/shared/zechuan/iraod_artifacts/comparison/xaf_student_quant_20260908/formal_ports_runs_a39c832/dior/brightness/seed_43/methods/SFUT/eval_full_brightness_ids_v1/class_ap.txt
DIOR,brightness,SFUT,43,ema,trainstation,0.125,printed class_ap.txt (typically 3 decimals),,,complete,/mnt/shared/zechuan/iraod_artifacts/comparison/xaf_student_quant_20260908/formal_ports_runs_a39c832/dior/brightness/seed_43/methods/SFUT/eval_full_brightness_ids_v1/class_ap.txt
DIOR,brightness,SFUT,43,ema,vehicle,0.269,printed class_ap.txt (typically 3 decimals),,,complete,/mnt/shared/zechuan/iraod_artifacts/comparison/xaf_student_quant_20260908/formal_ports_runs_a39c832/dior/brightness/seed_43/methods/SFUT/eval_full_brightness_ids_v1/class_ap.txt
DIOR,brightness,SFUT,43,ema,windmill,0.092,printed class_ap.txt (typically 3 decimals),,,complete,/mnt/shared/zechuan/iraod_artifacts/comparison/xaf_student_quant_20260908/formal_ports_runs_a39c832/dior/brightness/seed_43/methods/SFUT/eval_full_brightness_ids_v1/class_ap.txt
DIOR,brightness,SFUT,44,ema,airplane,0.337,printed class_ap.txt (typically 3 decimals),,,complete,/mnt/shared/zechuan/iraod_artifacts/comparison/xaf_student_quant_20260908/formal_ports_runs_a39c832/dior/brightness/seed_44/methods/SFUT/eval_full_brightness_ids_v1/class_ap.txt
DIOR,brightness,SFUT,44,ema,airport,0.011,printed class_ap.txt (typically 3 decimals),,,complete,/mnt/shared/zechuan/iraod_artifacts/comparison/xaf_student_quant_20260908/formal_ports_runs_a39c832/dior/brightness/seed_44/methods/SFUT/eval_full_brightness_ids_v1/class_ap.txt
DIOR,brightness,SFUT,44,ema,baseballfield,0.484,printed class_ap.txt (typically 3 decimals),,,complete,/mnt/shared/zechuan/iraod_artifacts/comparison/xaf_student_quant_20260908/formal_ports_runs_a39c832/dior/brightness/seed_44/methods/SFUT/eval_full_brightness_ids_v1/class_ap.txt
DIOR,brightness,SFUT,44,ema,basketballcourt,0.283,printed class_ap.txt (typically 3 decimals),,,complete,/mnt/shared/zechuan/iraod_artifacts/comparison/xaf_student_quant_20260908/formal_ports_runs_a39c832/dior/brightness/seed_44/methods/SFUT/eval_full_brightness_ids_v1/class_ap.txt
DIOR,brightness,SFUT,44,ema,bridge,0.105,printed class_ap.txt (typically 3 decimals),,,complete,/mnt/shared/zechuan/iraod_artifacts/comparison/xaf_student_quant_20260908/formal_ports_runs_a39c832/dior/brightness/seed_44/methods/SFUT/eval_full_brightness_ids_v1/class_ap.txt
DIOR,brightness,SFUT,44,ema,chimney,0.344,printed class_ap.txt (typically 3 decimals),,,complete,/mnt/shared/zechuan/iraod_artifacts/comparison/xaf_student_quant_20260908/formal_ports_runs_a39c832/dior/brightness/seed_44/methods/SFUT/eval_full_brightness_ids_v1/class_ap.txt
DIOR,brightness,SFUT,44,ema,expressway-service-area,0.22,printed class_ap.txt (typically 3 decimals),,,complete,/mnt/shared/zechuan/iraod_artifacts/comparison/xaf_student_quant_20260908/formal_ports_runs_a39c832/dior/brightness/seed_44/methods/SFUT/eval_full_brightness_ids_v1/class_ap.txt
DIOR,brightness,SFUT,44,ema,expressway-toll-station,0.141,printed class_ap.txt (typically 3 decimals),,,complete,/mnt/shared/zechuan/iraod_artifacts/comparison/xaf_student_quant_20260908/formal_ports_runs_a39c832/dior/brightness/seed_44/methods/SFUT/eval_full_brightness_ids_v1/class_ap.txt
DIOR,brightness,SFUT,44,ema,dam,0.091,printed class_ap.txt (typically 3 decimals),,,complete,/mnt/shared/zechuan/iraod_artifacts/comparison/xaf_student_quant_20260908/formal_ports_runs_a39c832/dior/brightness/seed_44/methods/SFUT/eval_full_brightness_ids_v1/class_ap.txt
DIOR,brightness,SFUT,44,ema,golffield,0.118,printed class_ap.txt (typically 3 decimals),,,complete,/mnt/shared/zechuan/iraod_artifacts/comparison/xaf_student_quant_20260908/formal_ports_runs_a39c832/dior/brightness/seed_44/methods/SFUT/eval_full_brightness_ids_v1/class_ap.txt
DIOR,brightness,SFUT,44,ema,groundtrackfield,0.219,printed class_ap.txt (typically 3 decimals),,,complete,/mnt/shared/zechuan/iraod_artifacts/comparison/xaf_student_quant_20260908/formal_ports_runs_a39c832/dior/brightness/seed_44/methods/SFUT/eval_full_brightness_ids_v1/class_ap.txt
DIOR,brightness,SFUT,44,ema,harbor,0.134,printed class_ap.txt (typically 3 decimals),,,complete,/mnt/shared/zechuan/iraod_artifacts/comparison/xaf_student_quant_20260908/formal_ports_runs_a39c832/dior/brightness/seed_44/methods/SFUT/eval_full_brightness_ids_v1/class_ap.txt
DIOR,brightness,SFUT,44,ema,overpass,0.151,printed class_ap.txt (typically 3 decimals),,,complete,/mnt/shared/zechuan/iraod_artifacts/comparison/xaf_student_quant_20260908/formal_ports_runs_a39c832/dior/brightness/seed_44/methods/SFUT/eval_full_brightness_ids_v1/class_ap.txt
DIOR,brightness,SFUT,44,ema,ship,0.659,printed class_ap.txt (typically 3 decimals),,,complete,/mnt/shared/zechuan/iraod_artifacts/comparison/xaf_student_quant_20260908/formal_ports_runs_a39c832/dior/brightness/seed_44/methods/SFUT/eval_full_brightness_ids_v1/class_ap.txt
DIOR,brightness,SFUT,44,ema,stadium,0.193,printed class_ap.txt (typically 3 decimals),,,complete,/mnt/shared/zechuan/iraod_artifacts/comparison/xaf_student_quant_20260908/formal_ports_runs_a39c832/dior/brightness/seed_44/methods/SFUT/eval_full_brightness_ids_v1/class_ap.txt
DIOR,brightness,SFUT,44,ema,storagetank,0.343,printed class_ap.txt (typically 3 decimals),,,complete,/mnt/shared/zechuan/iraod_artifacts/comparison/xaf_student_quant_20260908/formal_ports_runs_a39c832/dior/brightness/seed_44/methods/SFUT/eval_full_brightness_ids_v1/class_ap.txt
DIOR,brightness,SFUT,44,ema,tenniscourt,0.526,printed class_ap.txt (typically 3 decimals),,,complete,/mnt/shared/zechuan/iraod_artifacts/comparison/xaf_student_quant_20260908/formal_ports_runs_a39c832/dior/brightness/seed_44/methods/SFUT/eval_full_brightness_ids_v1/class_ap.txt
DIOR,brightness,SFUT,44,ema,trainstation,0.125,printed class_ap.txt (typically 3 decimals),,,complete,/mnt/shared/zechuan/iraod_artifacts/comparison/xaf_student_quant_20260908/formal_ports_runs_a39c832/dior/brightness/seed_44/methods/SFUT/eval_full_brightness_ids_v1/class_ap.txt
DIOR,brightness,SFUT,44,ema,vehicle,0.269,printed class_ap.txt (typically 3 decimals),,,complete,/mnt/shared/zechuan/iraod_artifacts/comparison/xaf_student_quant_20260908/formal_ports_runs_a39c832/dior/brightness/seed_44/methods/SFUT/eval_full_brightness_ids_v1/class_ap.txt
DIOR,brightness,SFUT,44,ema,windmill,0.092,printed class_ap.txt (typically 3 decimals),,,complete,/mnt/shared/zechuan/iraod_artifacts/comparison/xaf_student_quant_20260908/formal_ports_runs_a39c832/dior/brightness/seed_44/methods/SFUT/eval_full_brightness_ids_v1/class_ap.txt
DIOR,cloudy,A,42,source,airplane,0.468,printed class_ap.txt (typically 3 decimals),0.468,0.468,complete,/mnt/shared/zechuan/iraod_artifacts/comparison/dior/cloudy/seed_42/0f98a48/methods/A/eval_full_cloudy_ids_v1/class_ap.txt
DIOR,cloudy,A,42,source,airport,0.011,printed class_ap.txt (typically 3 decimals),0.011,0.011,complete,/mnt/shared/zechuan/iraod_artifacts/comparison/dior/cloudy/seed_42/0f98a48/methods/A/eval_full_cloudy_ids_v1/class_ap.txt
DIOR,cloudy,A,42,source,baseballfield,0.526,printed class_ap.txt (typically 3 decimals),0.526,0.526,complete,/mnt/shared/zechuan/iraod_artifacts/comparison/dior/cloudy/seed_42/0f98a48/methods/A/eval_full_cloudy_ids_v1/class_ap.txt
DIOR,cloudy,A,42,source,basketballcourt,0.359,printed class_ap.txt (typically 3 decimals),0.359,0.359,complete,/mnt/shared/zechuan/iraod_artifacts/comparison/dior/cloudy/seed_42/0f98a48/methods/A/eval_full_cloudy_ids_v1/class_ap.txt
DIOR,cloudy,A,42,source,bridge,0.084,printed class_ap.txt (typically 3 decimals),0.084,0.084,complete,/mnt/shared/zechuan/iraod_artifacts/comparison/dior/cloudy/seed_42/0f98a48/methods/A/eval_full_cloudy_ids_v1/class_ap.txt
DIOR,cloudy,A,42,source,chimney,0.417,printed class_ap.txt (typically 3 decimals),0.417,0.417,complete,/mnt/shared/zechuan/iraod_artifacts/comparison/dior/cloudy/seed_42/0f98a48/methods/A/eval_full_cloudy_ids_v1/class_ap.txt
DIOR,cloudy,A,42,source,expressway-service-area,0.286,printed class_ap.txt (typically 3 decimals),0.286,0.286,complete,/mnt/shared/zechuan/iraod_artifacts/comparison/dior/cloudy/seed_42/0f98a48/methods/A/eval_full_cloudy_ids_v1/class_ap.txt
DIOR,cloudy,A,42,source,expressway-toll-station,0.19,printed class_ap.txt (typically 3 decimals),0.19,0.19,complete,/mnt/shared/zechuan/iraod_artifacts/comparison/dior/cloudy/seed_42/0f98a48/methods/A/eval_full_cloudy_ids_v1/class_ap.txt
DIOR,cloudy,A,42,source,dam,0.014,printed class_ap.txt (typically 3 decimals),0.014,0.014,complete,/mnt/shared/zechuan/iraod_artifacts/comparison/dior/cloudy/seed_42/0f98a48/methods/A/eval_full_cloudy_ids_v1/class_ap.txt
DIOR,cloudy,A,42,source,golffield,0.278,printed class_ap.txt (typically 3 decimals),0.278,0.278,complete,/mnt/shared/zechuan/iraod_artifacts/comparison/dior/cloudy/seed_42/0f98a48/methods/A/eval_full_cloudy_ids_v1/class_ap.txt
DIOR,cloudy,A,42,source,groundtrackfield,0.241,printed class_ap.txt (typically 3 decimals),0.241,0.241,complete,/mnt/shared/zechuan/iraod_artifacts/comparison/dior/cloudy/seed_42/0f98a48/methods/A/eval_full_cloudy_ids_v1/class_ap.txt
DIOR,cloudy,A,42,source,harbor,0.099,printed class_ap.txt (typically 3 decimals),0.099,0.099,complete,/mnt/shared/zechuan/iraod_artifacts/comparison/dior/cloudy/seed_42/0f98a48/methods/A/eval_full_cloudy_ids_v1/class_ap.txt
DIOR,cloudy,A,42,source,overpass,0.179,printed class_ap.txt (typically 3 decimals),0.179,0.179,complete,/mnt/shared/zechuan/iraod_artifacts/comparison/dior/cloudy/seed_42/0f98a48/methods/A/eval_full_cloudy_ids_v1/class_ap.txt
DIOR,cloudy,A,42,source,ship,0.697,printed class_ap.txt (typically 3 decimals),0.697,0.697,complete,/mnt/shared/zechuan/iraod_artifacts/comparison/dior/cloudy/seed_42/0f98a48/methods/A/eval_full_cloudy_ids_v1/class_ap.txt
DIOR,cloudy,A,42,source,stadium,0.258,printed class_ap.txt (typically 3 decimals),0.258,0.258,complete,/mnt/shared/zechuan/iraod_artifacts/comparison/dior/cloudy/seed_42/0f98a48/methods/A/eval_full_cloudy_ids_v1/class_ap.txt
DIOR,cloudy,A,42,source,storagetank,0.476,printed class_ap.txt (typically 3 decimals),0.476,0.476,complete,/mnt/shared/zechuan/iraod_artifacts/comparison/dior/cloudy/seed_42/0f98a48/methods/A/eval_full_cloudy_ids_v1/class_ap.txt
DIOR,cloudy,A,42,source,tenniscourt,0.612,printed class_ap.txt (typically 3 decimals),0.612,0.612,complete,/mnt/shared/zechuan/iraod_artifacts/comparison/dior/cloudy/seed_42/0f98a48/methods/A/eval_full_cloudy_ids_v1/class_ap.txt
DIOR,cloudy,A,42,source,trainstation,0.096,printed class_ap.txt (typically 3 decimals),0.096,0.096,complete,/mnt/shared/zechuan/iraod_artifacts/comparison/dior/cloudy/seed_42/0f98a48/methods/A/eval_full_cloudy_ids_v1/class_ap.txt
DIOR,cloudy,A,42,source,vehicle,0.295,printed class_ap.txt (typically 3 decimals),0.295,0.295,complete,/mnt/shared/zechuan/iraod_artifacts/comparison/dior/cloudy/seed_42/0f98a48/methods/A/eval_full_cloudy_ids_v1/class_ap.txt
DIOR,cloudy,A,42,source,windmill,0.221,printed class_ap.txt (typically 3 decimals),0.221,0.221,complete,/mnt/shared/zechuan/iraod_artifacts/comparison/dior/cloudy/seed_42/0f98a48/methods/A/eval_full_cloudy_ids_v1/class_ap.txt
DIOR,cloudy,IRG,42,ema,airplane,0.467,printed class_ap.txt (typically 3 decimals),,,complete,/mnt/shared/zechuan/iraod_artifacts/comparison/xaf_student_quant_20260908/formal_ports_runs_a39c832/dior/cloudy/seed_42/methods/IRG/eval_full_cloudy_ids_v1/class_ap.txt
DIOR,cloudy,IRG,42,ema,airport,0.091,printed class_ap.txt (typically 3 decimals),,,complete,/mnt/shared/zechuan/iraod_artifacts/comparison/xaf_student_quant_20260908/formal_ports_runs_a39c832/dior/cloudy/seed_42/methods/IRG/eval_full_cloudy_ids_v1/class_ap.txt
DIOR,cloudy,IRG,42,ema,baseballfield,0.528,printed class_ap.txt (typically 3 decimals),,,complete,/mnt/shared/zechuan/iraod_artifacts/comparison/xaf_student_quant_20260908/formal_ports_runs_a39c832/dior/cloudy/seed_42/methods/IRG/eval_full_cloudy_ids_v1/class_ap.txt
DIOR,cloudy,IRG,42,ema,basketballcourt,0.357,printed class_ap.txt (typically 3 decimals),,,complete,/mnt/shared/zechuan/iraod_artifacts/comparison/xaf_student_quant_20260908/formal_ports_runs_a39c832/dior/cloudy/seed_42/methods/IRG/eval_full_cloudy_ids_v1/class_ap.txt
DIOR,cloudy,IRG,42,ema,bridge,0.073,printed class_ap.txt (typically 3 decimals),,,complete,/mnt/shared/zechuan/iraod_artifacts/comparison/xaf_student_quant_20260908/formal_ports_runs_a39c832/dior/cloudy/seed_42/methods/IRG/eval_full_cloudy_ids_v1/class_ap.txt
DIOR,cloudy,IRG,42,ema,chimney,0.421,printed class_ap.txt (typically 3 decimals),,,complete,/mnt/shared/zechuan/iraod_artifacts/comparison/xaf_student_quant_20260908/formal_ports_runs_a39c832/dior/cloudy/seed_42/methods/IRG/eval_full_cloudy_ids_v1/class_ap.txt
DIOR,cloudy,IRG,42,ema,expressway-service-area,0.283,printed class_ap.txt (typically 3 decimals),,,complete,/mnt/shared/zechuan/iraod_artifacts/comparison/xaf_student_quant_20260908/formal_ports_runs_a39c832/dior/cloudy/seed_42/methods/IRG/eval_full_cloudy_ids_v1/class_ap.txt
DIOR,cloudy,IRG,42,ema,expressway-toll-station,0.193,printed class_ap.txt (typically 3 decimals),,,complete,/mnt/shared/zechuan/iraod_artifacts/comparison/xaf_student_quant_20260908/formal_ports_runs_a39c832/dior/cloudy/seed_42/methods/IRG/eval_full_cloudy_ids_v1/class_ap.txt
DIOR,cloudy,IRG,42,ema,dam,0.016,printed class_ap.txt (typically 3 decimals),,,complete,/mnt/shared/zechuan/iraod_artifacts/comparison/xaf_student_quant_20260908/formal_ports_runs_a39c832/dior/cloudy/seed_42/methods/IRG/eval_full_cloudy_ids_v1/class_ap.txt
DIOR,cloudy,IRG,42,ema,golffield,0.281,printed class_ap.txt (typically 3 decimals),,,complete,/mnt/shared/zechuan/iraod_artifacts/comparison/xaf_student_quant_20260908/formal_ports_runs_a39c832/dior/cloudy/seed_42/methods/IRG/eval_full_cloudy_ids_v1/class_ap.txt
DIOR,cloudy,IRG,42,ema,groundtrackfield,0.24,printed class_ap.txt (typically 3 decimals),,,complete,/mnt/shared/zechuan/iraod_artifacts/comparison/xaf_student_quant_20260908/formal_ports_runs_a39c832/dior/cloudy/seed_42/methods/IRG/eval_full_cloudy_ids_v1/class_ap.txt
DIOR,cloudy,IRG,42,ema,harbor,0.094,printed class_ap.txt (typically 3 decimals),,,complete,/mnt/shared/zechuan/iraod_artifacts/comparison/xaf_student_quant_20260908/formal_ports_runs_a39c832/dior/cloudy/seed_42/methods/IRG/eval_full_cloudy_ids_v1/class_ap.txt
DIOR,cloudy,IRG,42,ema,overpass,0.18,printed class_ap.txt (typically 3 decimals),,,complete,/mnt/shared/zechuan/iraod_artifacts/comparison/xaf_student_quant_20260908/formal_ports_runs_a39c832/dior/cloudy/seed_42/methods/IRG/eval_full_cloudy_ids_v1/class_ap.txt
DIOR,cloudy,IRG,42,ema,ship,0.699,printed class_ap.txt (typically 3 decimals),,,complete,/mnt/shared/zechuan/iraod_artifacts/comparison/xaf_student_quant_20260908/formal_ports_runs_a39c832/dior/cloudy/seed_42/methods/IRG/eval_full_cloudy_ids_v1/class_ap.txt
DIOR,cloudy,IRG,42,ema,stadium,0.251,printed class_ap.txt (typically 3 decimals),,,complete,/mnt/shared/zechuan/iraod_artifacts/comparison/xaf_student_quant_20260908/formal_ports_runs_a39c832/dior/cloudy/seed_42/methods/IRG/eval_full_cloudy_ids_v1/class_ap.txt
DIOR,cloudy,IRG,42,ema,storagetank,0.479,printed class_ap.txt (typically 3 decimals),,,complete,/mnt/shared/zechuan/iraod_artifacts/comparison/xaf_student_quant_20260908/formal_ports_runs_a39c832/dior/cloudy/seed_42/methods/IRG/eval_full_cloudy_ids_v1/class_ap.txt
DIOR,cloudy,IRG,42,ema,tenniscourt,0.614,printed class_ap.txt (typically 3 decimals),,,complete,/mnt/shared/zechuan/iraod_artifacts/comparison/xaf_student_quant_20260908/formal_ports_runs_a39c832/dior/cloudy/seed_42/methods/IRG/eval_full_cloudy_ids_v1/class_ap.txt
DIOR,cloudy,IRG,42,ema,trainstation,0.104,printed class_ap.txt (typically 3 decimals),,,complete,/mnt/shared/zechuan/iraod_artifacts/comparison/xaf_student_quant_20260908/formal_ports_runs_a39c832/dior/cloudy/seed_42/methods/IRG/eval_full_cloudy_ids_v1/class_ap.txt
DIOR,cloudy,IRG,42,ema,vehicle,0.298,printed class_ap.txt (typically 3 decimals),,,complete,/mnt/shared/zechuan/iraod_artifacts/comparison/xaf_student_quant_20260908/formal_ports_runs_a39c832/dior/cloudy/seed_42/methods/IRG/eval_full_cloudy_ids_v1/class_ap.txt
DIOR,cloudy,IRG,42,ema,windmill,0.2,printed class_ap.txt (typically 3 decimals),,,complete,/mnt/shared/zechuan/iraod_artifacts/comparison/xaf_student_quant_20260908/formal_ports_runs_a39c832/dior/cloudy/seed_42/methods/IRG/eval_full_cloudy_ids_v1/class_ap.txt
DIOR,cloudy,IRG,43,ema,airplane,0.471,printed class_ap.txt (typically 3 decimals),,,complete,/mnt/shared/zechuan/iraod_artifacts/comparison/xaf_student_quant_20260908/formal_ports_runs_a39c832/dior/cloudy/seed_43/methods/IRG/eval_full_cloudy_ids_v1/class_ap.txt
DIOR,cloudy,IRG,43,ema,airport,0.045,printed class_ap.txt (typically 3 decimals),,,complete,/mnt/shared/zechuan/iraod_artifacts/comparison/xaf_student_quant_20260908/formal_ports_runs_a39c832/dior/cloudy/seed_43/methods/IRG/eval_full_cloudy_ids_v1/class_ap.txt
DIOR,cloudy,IRG,43,ema,baseballfield,0.527,printed class_ap.txt (typically 3 decimals),,,complete,/mnt/shared/zechuan/iraod_artifacts/comparison/xaf_student_quant_20260908/formal_ports_runs_a39c832/dior/cloudy/seed_43/methods/IRG/eval_full_cloudy_ids_v1/class_ap.txt
DIOR,cloudy,IRG,43,ema,basketballcourt,0.361,printed class_ap.txt (typically 3 decimals),,,complete,/mnt/shared/zechuan/iraod_artifacts/comparison/xaf_student_quant_20260908/formal_ports_runs_a39c832/dior/cloudy/seed_43/methods/IRG/eval_full_cloudy_ids_v1/class_ap.txt
DIOR,cloudy,IRG,43,ema,bridge,0.068,printed class_ap.txt (typically 3 decimals),,,complete,/mnt/shared/zechuan/iraod_artifacts/comparison/xaf_student_quant_20260908/formal_ports_runs_a39c832/dior/cloudy/seed_43/methods/IRG/eval_full_cloudy_ids_v1/class_ap.txt
DIOR,cloudy,IRG,43,ema,chimney,0.416,printed class_ap.txt (typically 3 decimals),,,complete,/mnt/shared/zechuan/iraod_artifacts/comparison/xaf_student_quant_20260908/formal_ports_runs_a39c832/dior/cloudy/seed_43/methods/IRG/eval_full_cloudy_ids_v1/class_ap.txt
DIOR,cloudy,IRG,43,ema,expressway-service-area,0.272,printed class_ap.txt (typically 3 decimals),,,complete,/mnt/shared/zechuan/iraod_artifacts/comparison/xaf_student_quant_20260908/formal_ports_runs_a39c832/dior/cloudy/seed_43/methods/IRG/eval_full_cloudy_ids_v1/class_ap.txt
DIOR,cloudy,IRG,43,ema,expressway-toll-station,0.19,printed class_ap.txt (typically 3 decimals),,,complete,/mnt/shared/zechuan/iraod_artifacts/comparison/xaf_student_quant_20260908/formal_ports_runs_a39c832/dior/cloudy/seed_43/methods/IRG/eval_full_cloudy_ids_v1/class_ap.txt
DIOR,cloudy,IRG,43,ema,dam,0.017,printed class_ap.txt (typically 3 decimals),,,complete,/mnt/shared/zechuan/iraod_artifacts/comparison/xaf_student_quant_20260908/formal_ports_runs_a39c832/dior/cloudy/seed_43/methods/IRG/eval_full_cloudy_ids_v1/class_ap.txt
DIOR,cloudy,IRG,43,ema,golffield,0.274,printed class_ap.txt (typically 3 decimals),,,complete,/mnt/shared/zechuan/iraod_artifacts/comparison/xaf_student_quant_20260908/formal_ports_runs_a39c832/dior/cloudy/seed_43/methods/IRG/eval_full_cloudy_ids_v1/class_ap.txt
DIOR,cloudy,IRG,43,ema,groundtrackfield,0.243,printed class_ap.txt (typically 3 decimals),,,complete,/mnt/shared/zechuan/iraod_artifacts/comparison/xaf_student_quant_20260908/formal_ports_runs_a39c832/dior/cloudy/seed_43/methods/IRG/eval_full_cloudy_ids_v1/class_ap.txt
DIOR,cloudy,IRG,43,ema,harbor,0.09,printed class_ap.txt (typically 3 decimals),,,complete,/mnt/shared/zechuan/iraod_artifacts/comparison/xaf_student_quant_20260908/formal_ports_runs_a39c832/dior/cloudy/seed_43/methods/IRG/eval_full_cloudy_ids_v1/class_ap.txt
DIOR,cloudy,IRG,43,ema,overpass,0.18,printed class_ap.txt (typically 3 decimals),,,complete,/mnt/shared/zechuan/iraod_artifacts/comparison/xaf_student_quant_20260908/formal_ports_runs_a39c832/dior/cloudy/seed_43/methods/IRG/eval_full_cloudy_ids_v1/class_ap.txt
DIOR,cloudy,IRG,43,ema,ship,0.7,printed class_ap.txt (typically 3 decimals),,,complete,/mnt/shared/zechuan/iraod_artifacts/comparison/xaf_student_quant_20260908/formal_ports_runs_a39c832/dior/cloudy/seed_43/methods/IRG/eval_full_cloudy_ids_v1/class_ap.txt
DIOR,cloudy,IRG,43,ema,stadium,0.26,printed class_ap.txt (typically 3 decimals),,,complete,/mnt/shared/zechuan/iraod_artifacts/comparison/xaf_student_quant_20260908/formal_ports_runs_a39c832/dior/cloudy/seed_43/methods/IRG/eval_full_cloudy_ids_v1/class_ap.txt
DIOR,cloudy,IRG,43,ema,storagetank,0.477,printed class_ap.txt (typically 3 decimals),,,complete,/mnt/shared/zechuan/iraod_artifacts/comparison/xaf_student_quant_20260908/formal_ports_runs_a39c832/dior/cloudy/seed_43/methods/IRG/eval_full_cloudy_ids_v1/class_ap.txt
DIOR,cloudy,IRG,43,ema,tenniscourt,0.617,printed class_ap.txt (typically 3 decimals),,,complete,/mnt/shared/zechuan/iraod_artifacts/comparison/xaf_student_quant_20260908/formal_ports_runs_a39c832/dior/cloudy/seed_43/methods/IRG/eval_full_cloudy_ids_v1/class_ap.txt
DIOR,cloudy,IRG,43,ema,trainstation,0.098,printed class_ap.txt (typically 3 decimals),,,complete,/mnt/shared/zechuan/iraod_artifacts/comparison/xaf_student_quant_20260908/formal_ports_runs_a39c832/dior/cloudy/seed_43/methods/IRG/eval_full_cloudy_ids_v1/class_ap.txt
DIOR,cloudy,IRG,43,ema,vehicle,0.299,printed class_ap.txt (typically 3 decimals),,,complete,/mnt/shared/zechuan/iraod_artifacts/comparison/xaf_student_quant_20260908/formal_ports_runs_a39c832/dior/cloudy/seed_43/methods/IRG/eval_full_cloudy_ids_v1/class_ap.txt
DIOR,cloudy,IRG,43,ema,windmill,0.224,printed class_ap.txt (typically 3 decimals),,,complete,/mnt/shared/zechuan/iraod_artifacts/comparison/xaf_student_quant_20260908/formal_ports_runs_a39c832/dior/cloudy/seed_43/methods/IRG/eval_full_cloudy_ids_v1/class_ap.txt
DIOR,cloudy,IRG,44,ema,airplane,0.47,printed class_ap.txt (typically 3 decimals),,,complete,/mnt/shared/zechuan/iraod_artifacts/comparison/xaf_student_quant_20260908/formal_ports_runs_a39c832/dior/cloudy/seed_44/methods/IRG/eval_full_cloudy_ids_v1/class_ap.txt
DIOR,cloudy,IRG,44,ema,airport,0.091,printed class_ap.txt (typically 3 decimals),,,complete,/mnt/shared/zechuan/iraod_artifacts/comparison/xaf_student_quant_20260908/formal_ports_runs_a39c832/dior/cloudy/seed_44/methods/IRG/eval_full_cloudy_ids_v1/class_ap.txt
DIOR,cloudy,IRG,44,ema,baseballfield,0.527,printed class_ap.txt (typically 3 decimals),,,complete,/mnt/shared/zechuan/iraod_artifacts/comparison/xaf_student_quant_20260908/formal_ports_runs_a39c832/dior/cloudy/seed_44/methods/IRG/eval_full_cloudy_ids_v1/class_ap.txt
DIOR,cloudy,IRG,44,ema,basketballcourt,0.364,printed class_ap.txt (typically 3 decimals),,,complete,/mnt/shared/zechuan/iraod_artifacts/comparison/xaf_student_quant_20260908/formal_ports_runs_a39c832/dior/cloudy/seed_44/methods/IRG/eval_full_cloudy_ids_v1/class_ap.txt
DIOR,cloudy,IRG,44,ema,bridge,0.081,printed class_ap.txt (typically 3 decimals),,,complete,/mnt/shared/zechuan/iraod_artifacts/comparison/xaf_student_quant_20260908/formal_ports_runs_a39c832/dior/cloudy/seed_44/methods/IRG/eval_full_cloudy_ids_v1/class_ap.txt
DIOR,cloudy,IRG,44,ema,chimney,0.422,printed class_ap.txt (typically 3 decimals),,,complete,/mnt/shared/zechuan/iraod_artifacts/comparison/xaf_student_quant_20260908/formal_ports_runs_a39c832/dior/cloudy/seed_44/methods/IRG/eval_full_cloudy_ids_v1/class_ap.txt
DIOR,cloudy,IRG,44,ema,expressway-service-area,0.286,printed class_ap.txt (typically 3 decimals),,,complete,/mnt/shared/zechuan/iraod_artifacts/comparison/xaf_student_quant_20260908/formal_ports_runs_a39c832/dior/cloudy/seed_44/methods/IRG/eval_full_cloudy_ids_v1/class_ap.txt
DIOR,cloudy,IRG,44,ema,expressway-toll-station,0.194,printed class_ap.txt (typically 3 decimals),,,complete,/mnt/shared/zechuan/iraod_artifacts/comparison/xaf_student_quant_20260908/formal_ports_runs_a39c832/dior/cloudy/seed_44/methods/IRG/eval_full_cloudy_ids_v1/class_ap.txt
DIOR,cloudy,IRG,44,ema,dam,0.017,printed class_ap.txt (typically 3 decimals),,,complete,/mnt/shared/zechuan/iraod_artifacts/comparison/xaf_student_quant_20260908/formal_ports_runs_a39c832/dior/cloudy/seed_44/methods/IRG/eval_full_cloudy_ids_v1/class_ap.txt
DIOR,cloudy,IRG,44,ema,golffield,0.27,printed class_ap.txt (typically 3 decimals),,,complete,/mnt/shared/zechuan/iraod_artifacts/comparison/xaf_student_quant_20260908/formal_ports_runs_a39c832/dior/cloudy/seed_44/methods/IRG/eval_full_cloudy_ids_v1/class_ap.txt
DIOR,cloudy,IRG,44,ema,groundtrackfield,0.239,printed class_ap.txt (typically 3 decimals),,,complete,/mnt/shared/zechuan/iraod_artifacts/comparison/xaf_student_quant_20260908/formal_ports_runs_a39c832/dior/cloudy/seed_44/methods/IRG/eval_full_cloudy_ids_v1/class_ap.txt
DIOR,cloudy,IRG,44,ema,harbor,0.105,printed class_ap.txt (typically 3 decimals),,,complete,/mnt/shared/zechuan/iraod_artifacts/comparison/xaf_student_quant_20260908/formal_ports_runs_a39c832/dior/cloudy/seed_44/methods/IRG/eval_full_cloudy_ids_v1/class_ap.txt
DIOR,cloudy,IRG,44,ema,overpass,0.178,printed class_ap.txt (typically 3 decimals),,,complete,/mnt/shared/zechuan/iraod_artifacts/comparison/xaf_student_quant_20260908/formal_ports_runs_a39c832/dior/cloudy/seed_44/methods/IRG/eval_full_cloudy_ids_v1/class_ap.txt
DIOR,cloudy,IRG,44,ema,ship,0.7,printed class_ap.txt (typically 3 decimals),,,complete,/mnt/shared/zechuan/iraod_artifacts/comparison/xaf_student_quant_20260908/formal_ports_runs_a39c832/dior/cloudy/seed_44/methods/IRG/eval_full_cloudy_ids_v1/class_ap.txt
DIOR,cloudy,IRG,44,ema,stadium,0.252,printed class_ap.txt (typically 3 decimals),,,complete,/mnt/shared/zechuan/iraod_artifacts/comparison/xaf_student_quant_20260908/formal_ports_runs_a39c832/dior/cloudy/seed_44/methods/IRG/eval_full_cloudy_ids_v1/class_ap.txt
DIOR,cloudy,IRG,44,ema,storagetank,0.477,printed class_ap.txt (typically 3 decimals),,,complete,/mnt/shared/zechuan/iraod_artifacts/comparison/xaf_student_quant_20260908/formal_ports_runs_a39c832/dior/cloudy/seed_44/methods/IRG/eval_full_cloudy_ids_v1/class_ap.txt
DIOR,cloudy,IRG,44,ema,tenniscourt,0.614,printed class_ap.txt (typically 3 decimals),,,complete,/mnt/shared/zechuan/iraod_artifacts/comparison/xaf_student_quant_20260908/formal_ports_runs_a39c832/dior/cloudy/seed_44/methods/IRG/eval_full_cloudy_ids_v1/class_ap.txt
DIOR,cloudy,IRG,44,ema,trainstation,0.111,printed class_ap.txt (typically 3 decimals),,,complete,/mnt/shared/zechuan/iraod_artifacts/comparison/xaf_student_quant_20260908/formal_ports_runs_a39c832/dior/cloudy/seed_44/methods/IRG/eval_full_cloudy_ids_v1/class_ap.txt
DIOR,cloudy,IRG,44,ema,vehicle,0.299,printed class_ap.txt (typically 3 decimals),,,complete,/mnt/shared/zechuan/iraod_artifacts/comparison/xaf_student_quant_20260908/formal_ports_runs_a39c832/dior/cloudy/seed_44/methods/IRG/eval_full_cloudy_ids_v1/class_ap.txt
DIOR,cloudy,IRG,44,ema,windmill,0.202,printed class_ap.txt (typically 3 decimals),,,complete,/mnt/shared/zechuan/iraod_artifacts/comparison/xaf_student_quant_20260908/formal_ports_runs_a39c832/dior/cloudy/seed_44/methods/IRG/eval_full_cloudy_ids_v1/class_ap.txt
DIOR,cloudy,LPLD,42,ema,airplane,0.465,printed class_ap.txt (typically 3 decimals),,,complete,/mnt/shared/zechuan/iraod_artifacts/comparison/xaf_student_quant_20260908/formal_ports_runs_a39c832/dior/cloudy/seed_42/methods/LPLD/eval_full_cloudy_ids_v1/class_ap.txt
DIOR,cloudy,LPLD,42,ema,airport,0.091,printed class_ap.txt (typically 3 decimals),,,complete,/mnt/shared/zechuan/iraod_artifacts/comparison/xaf_student_quant_20260908/formal_ports_runs_a39c832/dior/cloudy/seed_42/methods/LPLD/eval_full_cloudy_ids_v1/class_ap.txt
DIOR,cloudy,LPLD,42,ema,baseballfield,0.529,printed class_ap.txt (typically 3 decimals),,,complete,/mnt/shared/zechuan/iraod_artifacts/comparison/xaf_student_quant_20260908/formal_ports_runs_a39c832/dior/cloudy/seed_42/methods/LPLD/eval_full_cloudy_ids_v1/class_ap.txt
DIOR,cloudy,LPLD,42,ema,basketballcourt,0.355,printed class_ap.txt (typically 3 decimals),,,complete,/mnt/shared/zechuan/iraod_artifacts/comparison/xaf_student_quant_20260908/formal_ports_runs_a39c832/dior/cloudy/seed_42/methods/LPLD/eval_full_cloudy_ids_v1/class_ap.txt
DIOR,cloudy,LPLD,42,ema,bridge,0.076,printed class_ap.txt (typically 3 decimals),,,complete,/mnt/shared/zechuan/iraod_artifacts/comparison/xaf_student_quant_20260908/formal_ports_runs_a39c832/dior/cloudy/seed_42/methods/LPLD/eval_full_cloudy_ids_v1/class_ap.txt
DIOR,cloudy,LPLD,42,ema,chimney,0.416,printed class_ap.txt (typically 3 decimals),,,complete,/mnt/shared/zechuan/iraod_artifacts/comparison/xaf_student_quant_20260908/formal_ports_runs_a39c832/dior/cloudy/seed_42/methods/LPLD/eval_full_cloudy_ids_v1/class_ap.txt
DIOR,cloudy,LPLD,42,ema,expressway-service-area,0.299,printed class_ap.txt (typically 3 decimals),,,complete,/mnt/shared/zechuan/iraod_artifacts/comparison/xaf_student_quant_20260908/formal_ports_runs_a39c832/dior/cloudy/seed_42/methods/LPLD/eval_full_cloudy_ids_v1/class_ap.txt
DIOR,cloudy,LPLD,42,ema,expressway-toll-station,0.19,printed class_ap.txt (typically 3 decimals),,,complete,/mnt/shared/zechuan/iraod_artifacts/comparison/xaf_student_quant_20260908/formal_ports_runs_a39c832/dior/cloudy/seed_42/methods/LPLD/eval_full_cloudy_ids_v1/class_ap.txt
DIOR,cloudy,LPLD,42,ema,dam,0.018,printed class_ap.txt (typically 3 decimals),,,complete,/mnt/shared/zechuan/iraod_artifacts/comparison/xaf_student_quant_20260908/formal_ports_runs_a39c832/dior/cloudy/seed_42/methods/LPLD/eval_full_cloudy_ids_v1/class_ap.txt
DIOR,cloudy,LPLD,42,ema,golffield,0.267,printed class_ap.txt (typically 3 decimals),,,complete,/mnt/shared/zechuan/iraod_artifacts/comparison/xaf_student_quant_20260908/formal_ports_runs_a39c832/dior/cloudy/seed_42/methods/LPLD/eval_full_cloudy_ids_v1/class_ap.txt
DIOR,cloudy,LPLD,42,ema,groundtrackfield,0.236,printed class_ap.txt (typically 3 decimals),,,complete,/mnt/shared/zechuan/iraod_artifacts/comparison/xaf_student_quant_20260908/formal_ports_runs_a39c832/dior/cloudy/seed_42/methods/LPLD/eval_full_cloudy_ids_v1/class_ap.txt
DIOR,cloudy,LPLD,42,ema,harbor,0.091,printed class_ap.txt (typically 3 decimals),,,complete,/mnt/shared/zechuan/iraod_artifacts/comparison/xaf_student_quant_20260908/formal_ports_runs_a39c832/dior/cloudy/seed_42/methods/LPLD/eval_full_cloudy_ids_v1/class_ap.txt
DIOR,cloudy,LPLD,42,ema,overpass,0.18,printed class_ap.txt (typically 3 decimals),,,complete,/mnt/shared/zechuan/iraod_artifacts/comparison/xaf_student_quant_20260908/formal_ports_runs_a39c832/dior/cloudy/seed_42/methods/LPLD/eval_full_cloudy_ids_v1/class_ap.txt
DIOR,cloudy,LPLD,42,ema,ship,0.7,printed class_ap.txt (typically 3 decimals),,,complete,/mnt/shared/zechuan/iraod_artifacts/comparison/xaf_student_quant_20260908/formal_ports_runs_a39c832/dior/cloudy/seed_42/methods/LPLD/eval_full_cloudy_ids_v1/class_ap.txt
DIOR,cloudy,LPLD,42,ema,stadium,0.256,printed class_ap.txt (typically 3 decimals),,,complete,/mnt/shared/zechuan/iraod_artifacts/comparison/xaf_student_quant_20260908/formal_ports_runs_a39c832/dior/cloudy/seed_42/methods/LPLD/eval_full_cloudy_ids_v1/class_ap.txt
DIOR,cloudy,LPLD,42,ema,storagetank,0.48,printed class_ap.txt (typically 3 decimals),,,complete,/mnt/shared/zechuan/iraod_artifacts/comparison/xaf_student_quant_20260908/formal_ports_runs_a39c832/dior/cloudy/seed_42/methods/LPLD/eval_full_cloudy_ids_v1/class_ap.txt
DIOR,cloudy,LPLD,42,ema,tenniscourt,0.615,printed class_ap.txt (typically 3 decimals),,,complete,/mnt/shared/zechuan/iraod_artifacts/comparison/xaf_student_quant_20260908/formal_ports_runs_a39c832/dior/cloudy/seed_42/methods/LPLD/eval_full_cloudy_ids_v1/class_ap.txt
DIOR,cloudy,LPLD,42,ema,trainstation,0.07,printed class_ap.txt (typically 3 decimals),,,complete,/mnt/shared/zechuan/iraod_artifacts/comparison/xaf_student_quant_20260908/formal_ports_runs_a39c832/dior/cloudy/seed_42/methods/LPLD/eval_full_cloudy_ids_v1/class_ap.txt
DIOR,cloudy,LPLD,42,ema,vehicle,0.3,printed class_ap.txt (typically 3 decimals),,,complete,/mnt/shared/zechuan/iraod_artifacts/comparison/xaf_student_quant_20260908/formal_ports_runs_a39c832/dior/cloudy/seed_42/methods/LPLD/eval_full_cloudy_ids_v1/class_ap.txt
DIOR,cloudy,LPLD,42,ema,windmill,0.193,printed class_ap.txt (typically 3 decimals),,,complete,/mnt/shared/zechuan/iraod_artifacts/comparison/xaf_student_quant_20260908/formal_ports_runs_a39c832/dior/cloudy/seed_42/methods/LPLD/eval_full_cloudy_ids_v1/class_ap.txt
DIOR,cloudy,LPLD,43,ema,airplane,0.469,printed class_ap.txt (typically 3 decimals),,,complete,/mnt/shared/zechuan/iraod_artifacts/comparison/xaf_student_quant_20260908/formal_ports_runs_a39c832/dior/cloudy/seed_43/methods/LPLD/eval_full_cloudy_ids_v1/class_ap.txt
DIOR,cloudy,LPLD,43,ema,airport,0.045,printed class_ap.txt (typically 3 decimals),,,complete,/mnt/shared/zechuan/iraod_artifacts/comparison/xaf_student_quant_20260908/formal_ports_runs_a39c832/dior/cloudy/seed_43/methods/LPLD/eval_full_cloudy_ids_v1/class_ap.txt
DIOR,cloudy,LPLD,43,ema,baseballfield,0.527,printed class_ap.txt (typically 3 decimals),,,complete,/mnt/shared/zechuan/iraod_artifacts/comparison/xaf_student_quant_20260908/formal_ports_runs_a39c832/dior/cloudy/seed_43/methods/LPLD/eval_full_cloudy_ids_v1/class_ap.txt
DIOR,cloudy,LPLD,43,ema,basketballcourt,0.357,printed class_ap.txt (typically 3 decimals),,,complete,/mnt/shared/zechuan/iraod_artifacts/comparison/xaf_student_quant_20260908/formal_ports_runs_a39c832/dior/cloudy/seed_43/methods/LPLD/eval_full_cloudy_ids_v1/class_ap.txt
DIOR,cloudy,LPLD,43,ema,bridge,0.071,printed class_ap.txt (typically 3 decimals),,,complete,/mnt/shared/zechuan/iraod_artifacts/comparison/xaf_student_quant_20260908/formal_ports_runs_a39c832/dior/cloudy/seed_43/methods/LPLD/eval_full_cloudy_ids_v1/class_ap.txt
DIOR,cloudy,LPLD,43,ema,chimney,0.419,printed class_ap.txt (typically 3 decimals),,,complete,/mnt/shared/zechuan/iraod_artifacts/comparison/xaf_student_quant_20260908/formal_ports_runs_a39c832/dior/cloudy/seed_43/methods/LPLD/eval_full_cloudy_ids_v1/class_ap.txt
DIOR,cloudy,LPLD,43,ema,expressway-service-area,0.286,printed class_ap.txt (typically 3 decimals),,,complete,/mnt/shared/zechuan/iraod_artifacts/comparison/xaf_student_quant_20260908/formal_ports_runs_a39c832/dior/cloudy/seed_43/methods/LPLD/eval_full_cloudy_ids_v1/class_ap.txt
DIOR,cloudy,LPLD,43,ema,expressway-toll-station,0.191,printed class_ap.txt (typically 3 decimals),,,complete,/mnt/shared/zechuan/iraod_artifacts/comparison/xaf_student_quant_20260908/formal_ports_runs_a39c832/dior/cloudy/seed_43/methods/LPLD/eval_full_cloudy_ids_v1/class_ap.txt
DIOR,cloudy,LPLD,43,ema,dam,0.091,printed class_ap.txt (typically 3 decimals),,,complete,/mnt/shared/zechuan/iraod_artifacts/comparison/xaf_student_quant_20260908/formal_ports_runs_a39c832/dior/cloudy/seed_43/methods/LPLD/eval_full_cloudy_ids_v1/class_ap.txt
DIOR,cloudy,LPLD,43,ema,golffield,0.267,printed class_ap.txt (typically 3 decimals),,,complete,/mnt/shared/zechuan/iraod_artifacts/comparison/xaf_student_quant_20260908/formal_ports_runs_a39c832/dior/cloudy/seed_43/methods/LPLD/eval_full_cloudy_ids_v1/class_ap.txt
DIOR,cloudy,LPLD,43,ema,groundtrackfield,0.237,printed class_ap.txt (typically 3 decimals),,,complete,/mnt/shared/zechuan/iraod_artifacts/comparison/xaf_student_quant_20260908/formal_ports_runs_a39c832/dior/cloudy/seed_43/methods/LPLD/eval_full_cloudy_ids_v1/class_ap.txt
DIOR,cloudy,LPLD,43,ema,harbor,0.126,printed class_ap.txt (typically 3 decimals),,,complete,/mnt/shared/zechuan/iraod_artifacts/comparison/xaf_student_quant_20260908/formal_ports_runs_a39c832/dior/cloudy/seed_43/methods/LPLD/eval_full_cloudy_ids_v1/class_ap.txt
DIOR,cloudy,LPLD,43,ema,overpass,0.181,printed class_ap.txt (typically 3 decimals),,,complete,/mnt/shared/zechuan/iraod_artifacts/comparison/xaf_student_quant_20260908/formal_ports_runs_a39c832/dior/cloudy/seed_43/methods/LPLD/eval_full_cloudy_ids_v1/class_ap.txt
DIOR,cloudy,LPLD,43,ema,ship,0.7,printed class_ap.txt (typically 3 decimals),,,complete,/mnt/shared/zechuan/iraod_artifacts/comparison/xaf_student_quant_20260908/formal_ports_runs_a39c832/dior/cloudy/seed_43/methods/LPLD/eval_full_cloudy_ids_v1/class_ap.txt
DIOR,cloudy,LPLD,43,ema,stadium,0.262,printed class_ap.txt (typically 3 decimals),,,complete,/mnt/shared/zechuan/iraod_artifacts/comparison/xaf_student_quant_20260908/formal_ports_runs_a39c832/dior/cloudy/seed_43/methods/LPLD/eval_full_cloudy_ids_v1/class_ap.txt
DIOR,cloudy,LPLD,43,ema,storagetank,0.477,printed class_ap.txt (typically 3 decimals),,,complete,/mnt/shared/zechuan/iraod_artifacts/comparison/xaf_student_quant_20260908/formal_ports_runs_a39c832/dior/cloudy/seed_43/methods/LPLD/eval_full_cloudy_ids_v1/class_ap.txt
DIOR,cloudy,LPLD,43,ema,tenniscourt,0.618,printed class_ap.txt (typically 3 decimals),,,complete,/mnt/shared/zechuan/iraod_artifacts/comparison/xaf_student_quant_20260908/formal_ports_runs_a39c832/dior/cloudy/seed_43/methods/LPLD/eval_full_cloudy_ids_v1/class_ap.txt
DIOR,cloudy,LPLD,43,ema,trainstation,0.089,printed class_ap.txt (typically 3 decimals),,,complete,/mnt/shared/zechuan/iraod_artifacts/comparison/xaf_student_quant_20260908/formal_ports_runs_a39c832/dior/cloudy/seed_43/methods/LPLD/eval_full_cloudy_ids_v1/class_ap.txt
DIOR,cloudy,LPLD,43,ema,vehicle,0.301,printed class_ap.txt (typically 3 decimals),,,complete,/mnt/shared/zechuan/iraod_artifacts/comparison/xaf_student_quant_20260908/formal_ports_runs_a39c832/dior/cloudy/seed_43/methods/LPLD/eval_full_cloudy_ids_v1/class_ap.txt
DIOR,cloudy,LPLD,43,ema,windmill,0.204,printed class_ap.txt (typically 3 decimals),,,complete,/mnt/shared/zechuan/iraod_artifacts/comparison/xaf_student_quant_20260908/formal_ports_runs_a39c832/dior/cloudy/seed_43/methods/LPLD/eval_full_cloudy_ids_v1/class_ap.txt
DIOR,cloudy,LPLD,44,ema,airplane,0.469,printed class_ap.txt (typically 3 decimals),,,complete,/mnt/shared/zechuan/iraod_artifacts/comparison/xaf_student_quant_20260908/formal_ports_runs_a39c832/dior/cloudy/seed_44/methods/LPLD/eval_full_cloudy_ids_v1/class_ap.txt
DIOR,cloudy,LPLD,44,ema,airport,0.045,printed class_ap.txt (typically 3 decimals),,,complete,/mnt/shared/zechuan/iraod_artifacts/comparison/xaf_student_quant_20260908/formal_ports_runs_a39c832/dior/cloudy/seed_44/methods/LPLD/eval_full_cloudy_ids_v1/class_ap.txt
DIOR,cloudy,LPLD,44,ema,baseballfield,0.529,printed class_ap.txt (typically 3 decimals),,,complete,/mnt/shared/zechuan/iraod_artifacts/comparison/xaf_student_quant_20260908/formal_ports_runs_a39c832/dior/cloudy/seed_44/methods/LPLD/eval_full_cloudy_ids_v1/class_ap.txt
DIOR,cloudy,LPLD,44,ema,basketballcourt,0.36,printed class_ap.txt (typically 3 decimals),,,complete,/mnt/shared/zechuan/iraod_artifacts/comparison/xaf_student_quant_20260908/formal_ports_runs_a39c832/dior/cloudy/seed_44/methods/LPLD/eval_full_cloudy_ids_v1/class_ap.txt
DIOR,cloudy,LPLD,44,ema,bridge,0.114,printed class_ap.txt (typically 3 decimals),,,complete,/mnt/shared/zechuan/iraod_artifacts/comparison/xaf_student_quant_20260908/formal_ports_runs_a39c832/dior/cloudy/seed_44/methods/LPLD/eval_full_cloudy_ids_v1/class_ap.txt
DIOR,cloudy,LPLD,44,ema,chimney,0.424,printed class_ap.txt (typically 3 decimals),,,complete,/mnt/shared/zechuan/iraod_artifacts/comparison/xaf_student_quant_20260908/formal_ports_runs_a39c832/dior/cloudy/seed_44/methods/LPLD/eval_full_cloudy_ids_v1/class_ap.txt
DIOR,cloudy,LPLD,44,ema,expressway-service-area,0.281,printed class_ap.txt (typically 3 decimals),,,complete,/mnt/shared/zechuan/iraod_artifacts/comparison/xaf_student_quant_20260908/formal_ports_runs_a39c832/dior/cloudy/seed_44/methods/LPLD/eval_full_cloudy_ids_v1/class_ap.txt
DIOR,cloudy,LPLD,44,ema,expressway-toll-station,0.195,printed class_ap.txt (typically 3 decimals),,,complete,/mnt/shared/zechuan/iraod_artifacts/comparison/xaf_student_quant_20260908/formal_ports_runs_a39c832/dior/cloudy/seed_44/methods/LPLD/eval_full_cloudy_ids_v1/class_ap.txt
DIOR,cloudy,LPLD,44,ema,dam,0.02,printed class_ap.txt (typically 3 decimals),,,complete,/mnt/shared/zechuan/iraod_artifacts/comparison/xaf_student_quant_20260908/formal_ports_runs_a39c832/dior/cloudy/seed_44/methods/LPLD/eval_full_cloudy_ids_v1/class_ap.txt
DIOR,cloudy,LPLD,44,ema,golffield,0.263,printed class_ap.txt (typically 3 decimals),,,complete,/mnt/shared/zechuan/iraod_artifacts/comparison/xaf_student_quant_20260908/formal_ports_runs_a39c832/dior/cloudy/seed_44/methods/LPLD/eval_full_cloudy_ids_v1/class_ap.txt
DIOR,cloudy,LPLD,44,ema,groundtrackfield,0.239,printed class_ap.txt (typically 3 decimals),,,complete,/mnt/shared/zechuan/iraod_artifacts/comparison/xaf_student_quant_20260908/formal_ports_runs_a39c832/dior/cloudy/seed_44/methods/LPLD/eval_full_cloudy_ids_v1/class_ap.txt
DIOR,cloudy,LPLD,44,ema,harbor,0.09,printed class_ap.txt (typically 3 decimals),,,complete,/mnt/shared/zechuan/iraod_artifacts/comparison/xaf_student_quant_20260908/formal_ports_runs_a39c832/dior/cloudy/seed_44/methods/LPLD/eval_full_cloudy_ids_v1/class_ap.txt
DIOR,cloudy,LPLD,44,ema,overpass,0.182,printed class_ap.txt (typically 3 decimals),,,complete,/mnt/shared/zechuan/iraod_artifacts/comparison/xaf_student_quant_20260908/formal_ports_runs_a39c832/dior/cloudy/seed_44/methods/LPLD/eval_full_cloudy_ids_v1/class_ap.txt
DIOR,cloudy,LPLD,44,ema,ship,0.702,printed class_ap.txt (typically 3 decimals),,,complete,/mnt/shared/zechuan/iraod_artifacts/comparison/xaf_student_quant_20260908/formal_ports_runs_a39c832/dior/cloudy/seed_44/methods/LPLD/eval_full_cloudy_ids_v1/class_ap.txt
DIOR,cloudy,LPLD,44,ema,stadium,0.254,printed class_ap.txt (typically 3 decimals),,,complete,/mnt/shared/zechuan/iraod_artifacts/comparison/xaf_student_quant_20260908/formal_ports_runs_a39c832/dior/cloudy/seed_44/methods/LPLD/eval_full_cloudy_ids_v1/class_ap.txt
DIOR,cloudy,LPLD,44,ema,storagetank,0.476,printed class_ap.txt (typically 3 decimals),,,complete,/mnt/shared/zechuan/iraod_artifacts/comparison/xaf_student_quant_20260908/formal_ports_runs_a39c832/dior/cloudy/seed_44/methods/LPLD/eval_full_cloudy_ids_v1/class_ap.txt
DIOR,cloudy,LPLD,44,ema,tenniscourt,0.617,printed class_ap.txt (typically 3 decimals),,,complete,/mnt/shared/zechuan/iraod_artifacts/comparison/xaf_student_quant_20260908/formal_ports_runs_a39c832/dior/cloudy/seed_44/methods/LPLD/eval_full_cloudy_ids_v1/class_ap.txt
DIOR,cloudy,LPLD,44,ema,trainstation,0.089,printed class_ap.txt (typically 3 decimals),,,complete,/mnt/shared/zechuan/iraod_artifacts/comparison/xaf_student_quant_20260908/formal_ports_runs_a39c832/dior/cloudy/seed_44/methods/LPLD/eval_full_cloudy_ids_v1/class_ap.txt
DIOR,cloudy,LPLD,44,ema,vehicle,0.3,printed class_ap.txt (typically 3 decimals),,,complete,/mnt/shared/zechuan/iraod_artifacts/comparison/xaf_student_quant_20260908/formal_ports_runs_a39c832/dior/cloudy/seed_44/methods/LPLD/eval_full_cloudy_ids_v1/class_ap.txt
DIOR,cloudy,LPLD,44,ema,windmill,0.199,printed class_ap.txt (typically 3 decimals),,,complete,/mnt/shared/zechuan/iraod_artifacts/comparison/xaf_student_quant_20260908/formal_ports_runs_a39c832/dior/cloudy/seed_44/methods/LPLD/eval_full_cloudy_ids_v1/class_ap.txt
DIOR,cloudy,SFUT,42,ema,airplane,0.47,printed class_ap.txt (typically 3 decimals),,,complete,/mnt/shared/zechuan/iraod_artifacts/comparison/xaf_student_quant_20260908/formal_ports_runs_a39c832/dior/cloudy/seed_42/methods/SFUT/eval_full_cloudy_ids_v1/class_ap.txt
DIOR,cloudy,SFUT,42,ema,airport,0.091,printed class_ap.txt (typically 3 decimals),,,complete,/mnt/shared/zechuan/iraod_artifacts/comparison/xaf_student_quant_20260908/formal_ports_runs_a39c832/dior/cloudy/seed_42/methods/SFUT/eval_full_cloudy_ids_v1/class_ap.txt
DIOR,cloudy,SFUT,42,ema,baseballfield,0.527,printed class_ap.txt (typically 3 decimals),,,complete,/mnt/shared/zechuan/iraod_artifacts/comparison/xaf_student_quant_20260908/formal_ports_runs_a39c832/dior/cloudy/seed_42/methods/SFUT/eval_full_cloudy_ids_v1/class_ap.txt
DIOR,cloudy,SFUT,42,ema,basketballcourt,0.358,printed class_ap.txt (typically 3 decimals),,,complete,/mnt/shared/zechuan/iraod_artifacts/comparison/xaf_student_quant_20260908/formal_ports_runs_a39c832/dior/cloudy/seed_42/methods/SFUT/eval_full_cloudy_ids_v1/class_ap.txt
DIOR,cloudy,SFUT,42,ema,bridge,0.076,printed class_ap.txt (typically 3 decimals),,,complete,/mnt/shared/zechuan/iraod_artifacts/comparison/xaf_student_quant_20260908/formal_ports_runs_a39c832/dior/cloudy/seed_42/methods/SFUT/eval_full_cloudy_ids_v1/class_ap.txt
DIOR,cloudy,SFUT,42,ema,chimney,0.418,printed class_ap.txt (typically 3 decimals),,,complete,/mnt/shared/zechuan/iraod_artifacts/comparison/xaf_student_quant_20260908/formal_ports_runs_a39c832/dior/cloudy/seed_42/methods/SFUT/eval_full_cloudy_ids_v1/class_ap.txt
DIOR,cloudy,SFUT,42,ema,expressway-service-area,0.282,printed class_ap.txt (typically 3 decimals),,,complete,/mnt/shared/zechuan/iraod_artifacts/comparison/xaf_student_quant_20260908/formal_ports_runs_a39c832/dior/cloudy/seed_42/methods/SFUT/eval_full_cloudy_ids_v1/class_ap.txt
DIOR,cloudy,SFUT,42,ema,expressway-toll-station,0.191,printed class_ap.txt (typically 3 decimals),,,complete,/mnt/shared/zechuan/iraod_artifacts/comparison/xaf_student_quant_20260908/formal_ports_runs_a39c832/dior/cloudy/seed_42/methods/SFUT/eval_full_cloudy_ids_v1/class_ap.txt
DIOR,cloudy,SFUT,42,ema,dam,0.014,printed class_ap.txt (typically 3 decimals),,,complete,/mnt/shared/zechuan/iraod_artifacts/comparison/xaf_student_quant_20260908/formal_ports_runs_a39c832/dior/cloudy/seed_42/methods/SFUT/eval_full_cloudy_ids_v1/class_ap.txt
DIOR,cloudy,SFUT,42,ema,golffield,0.282,printed class_ap.txt (typically 3 decimals),,,complete,/mnt/shared/zechuan/iraod_artifacts/comparison/xaf_student_quant_20260908/formal_ports_runs_a39c832/dior/cloudy/seed_42/methods/SFUT/eval_full_cloudy_ids_v1/class_ap.txt
DIOR,cloudy,SFUT,42,ema,groundtrackfield,0.241,printed class_ap.txt (typically 3 decimals),,,complete,/mnt/shared/zechuan/iraod_artifacts/comparison/xaf_student_quant_20260908/formal_ports_runs_a39c832/dior/cloudy/seed_42/methods/SFUT/eval_full_cloudy_ids_v1/class_ap.txt
DIOR,cloudy,SFUT,42,ema,harbor,0.09,printed class_ap.txt (typically 3 decimals),,,complete,/mnt/shared/zechuan/iraod_artifacts/comparison/xaf_student_quant_20260908/formal_ports_runs_a39c832/dior/cloudy/seed_42/methods/SFUT/eval_full_cloudy_ids_v1/class_ap.txt
DIOR,cloudy,SFUT,42,ema,overpass,0.179,printed class_ap.txt (typically 3 decimals),,,complete,/mnt/shared/zechuan/iraod_artifacts/comparison/xaf_student_quant_20260908/formal_ports_runs_a39c832/dior/cloudy/seed_42/methods/SFUT/eval_full_cloudy_ids_v1/class_ap.txt
DIOR,cloudy,SFUT,42,ema,ship,0.698,printed class_ap.txt (typically 3 decimals),,,complete,/mnt/shared/zechuan/iraod_artifacts/comparison/xaf_student_quant_20260908/formal_ports_runs_a39c832/dior/cloudy/seed_42/methods/SFUT/eval_full_cloudy_ids_v1/class_ap.txt
DIOR,cloudy,SFUT,42,ema,stadium,0.251,printed class_ap.txt (typically 3 decimals),,,complete,/mnt/shared/zechuan/iraod_artifacts/comparison/xaf_student_quant_20260908/formal_ports_runs_a39c832/dior/cloudy/seed_42/methods/SFUT/eval_full_cloudy_ids_v1/class_ap.txt
DIOR,cloudy,SFUT,42,ema,storagetank,0.477,printed class_ap.txt (typically 3 decimals),,,complete,/mnt/shared/zechuan/iraod_artifacts/comparison/xaf_student_quant_20260908/formal_ports_runs_a39c832/dior/cloudy/seed_42/methods/SFUT/eval_full_cloudy_ids_v1/class_ap.txt
DIOR,cloudy,SFUT,42,ema,tenniscourt,0.613,printed class_ap.txt (typically 3 decimals),,,complete,/mnt/shared/zechuan/iraod_artifacts/comparison/xaf_student_quant_20260908/formal_ports_runs_a39c832/dior/cloudy/seed_42/methods/SFUT/eval_full_cloudy_ids_v1/class_ap.txt
DIOR,cloudy,SFUT,42,ema,trainstation,0.098,printed class_ap.txt (typically 3 decimals),,,complete,/mnt/shared/zechuan/iraod_artifacts/comparison/xaf_student_quant_20260908/formal_ports_runs_a39c832/dior/cloudy/seed_42/methods/SFUT/eval_full_cloudy_ids_v1/class_ap.txt
DIOR,cloudy,SFUT,42,ema,vehicle,0.297,printed class_ap.txt (typically 3 decimals),,,complete,/mnt/shared/zechuan/iraod_artifacts/comparison/xaf_student_quant_20260908/formal_ports_runs_a39c832/dior/cloudy/seed_42/methods/SFUT/eval_full_cloudy_ids_v1/class_ap.txt
DIOR,cloudy,SFUT,42,ema,windmill,0.225,printed class_ap.txt (typically 3 decimals),,,complete,/mnt/shared/zechuan/iraod_artifacts/comparison/xaf_student_quant_20260908/formal_ports_runs_a39c832/dior/cloudy/seed_42/methods/SFUT/eval_full_cloudy_ids_v1/class_ap.txt
DIOR,cloudy,SFUT,43,ema,airplane,0.47,printed class_ap.txt (typically 3 decimals),,,complete,/mnt/shared/zechuan/iraod_artifacts/comparison/xaf_student_quant_20260908/formal_ports_runs_a39c832/dior/cloudy/seed_43/methods/SFUT/eval_full_cloudy_ids_v1/class_ap.txt
DIOR,cloudy,SFUT,43,ema,airport,0.091,printed class_ap.txt (typically 3 decimals),,,complete,/mnt/shared/zechuan/iraod_artifacts/comparison/xaf_student_quant_20260908/formal_ports_runs_a39c832/dior/cloudy/seed_43/methods/SFUT/eval_full_cloudy_ids_v1/class_ap.txt
DIOR,cloudy,SFUT,43,ema,baseballfield,0.527,printed class_ap.txt (typically 3 decimals),,,complete,/mnt/shared/zechuan/iraod_artifacts/comparison/xaf_student_quant_20260908/formal_ports_runs_a39c832/dior/cloudy/seed_43/methods/SFUT/eval_full_cloudy_ids_v1/class_ap.txt
DIOR,cloudy,SFUT,43,ema,basketballcourt,0.358,printed class_ap.txt (typically 3 decimals),,,complete,/mnt/shared/zechuan/iraod_artifacts/comparison/xaf_student_quant_20260908/formal_ports_runs_a39c832/dior/cloudy/seed_43/methods/SFUT/eval_full_cloudy_ids_v1/class_ap.txt
DIOR,cloudy,SFUT,43,ema,bridge,0.075,printed class_ap.txt (typically 3 decimals),,,complete,/mnt/shared/zechuan/iraod_artifacts/comparison/xaf_student_quant_20260908/formal_ports_runs_a39c832/dior/cloudy/seed_43/methods/SFUT/eval_full_cloudy_ids_v1/class_ap.txt
DIOR,cloudy,SFUT,43,ema,chimney,0.42,printed class_ap.txt (typically 3 decimals),,,complete,/mnt/shared/zechuan/iraod_artifacts/comparison/xaf_student_quant_20260908/formal_ports_runs_a39c832/dior/cloudy/seed_43/methods/SFUT/eval_full_cloudy_ids_v1/class_ap.txt
DIOR,cloudy,SFUT,43,ema,expressway-service-area,0.28,printed class_ap.txt (typically 3 decimals),,,complete,/mnt/shared/zechuan/iraod_artifacts/comparison/xaf_student_quant_20260908/formal_ports_runs_a39c832/dior/cloudy/seed_43/methods/SFUT/eval_full_cloudy_ids_v1/class_ap.txt
DIOR,cloudy,SFUT,43,ema,expressway-toll-station,0.192,printed class_ap.txt (typically 3 decimals),,,complete,/mnt/shared/zechuan/iraod_artifacts/comparison/xaf_student_quant_20260908/formal_ports_runs_a39c832/dior/cloudy/seed_43/methods/SFUT/eval_full_cloudy_ids_v1/class_ap.txt
DIOR,cloudy,SFUT,43,ema,dam,0.017,printed class_ap.txt (typically 3 decimals),,,complete,/mnt/shared/zechuan/iraod_artifacts/comparison/xaf_student_quant_20260908/formal_ports_runs_a39c832/dior/cloudy/seed_43/methods/SFUT/eval_full_cloudy_ids_v1/class_ap.txt
DIOR,cloudy,SFUT,43,ema,golffield,0.281,printed class_ap.txt (typically 3 decimals),,,complete,/mnt/shared/zechuan/iraod_artifacts/comparison/xaf_student_quant_20260908/formal_ports_runs_a39c832/dior/cloudy/seed_43/methods/SFUT/eval_full_cloudy_ids_v1/class_ap.txt
DIOR,cloudy,SFUT,43,ema,groundtrackfield,0.241,printed class_ap.txt (typically 3 decimals),,,complete,/mnt/shared/zechuan/iraod_artifacts/comparison/xaf_student_quant_20260908/formal_ports_runs_a39c832/dior/cloudy/seed_43/methods/SFUT/eval_full_cloudy_ids_v1/class_ap.txt
DIOR,cloudy,SFUT,43,ema,harbor,0.09,printed class_ap.txt (typically 3 decimals),,,complete,/mnt/shared/zechuan/iraod_artifacts/comparison/xaf_student_quant_20260908/formal_ports_runs_a39c832/dior/cloudy/seed_43/methods/SFUT/eval_full_cloudy_ids_v1/class_ap.txt
DIOR,cloudy,SFUT,43,ema,overpass,0.18,printed class_ap.txt (typically 3 decimals),,,complete,/mnt/shared/zechuan/iraod_artifacts/comparison/xaf_student_quant_20260908/formal_ports_runs_a39c832/dior/cloudy/seed_43/methods/SFUT/eval_full_cloudy_ids_v1/class_ap.txt
DIOR,cloudy,SFUT,43,ema,ship,0.698,printed class_ap.txt (typically 3 decimals),,,complete,/mnt/shared/zechuan/iraod_artifacts/comparison/xaf_student_quant_20260908/formal_ports_runs_a39c832/dior/cloudy/seed_43/methods/SFUT/eval_full_cloudy_ids_v1/class_ap.txt
DIOR,cloudy,SFUT,43,ema,stadium,0.252,printed class_ap.txt (typically 3 decimals),,,complete,/mnt/shared/zechuan/iraod_artifacts/comparison/xaf_student_quant_20260908/formal_ports_runs_a39c832/dior/cloudy/seed_43/methods/SFUT/eval_full_cloudy_ids_v1/class_ap.txt
DIOR,cloudy,SFUT,43,ema,storagetank,0.477,printed class_ap.txt (typically 3 decimals),,,complete,/mnt/shared/zechuan/iraod_artifacts/comparison/xaf_student_quant_20260908/formal_ports_runs_a39c832/dior/cloudy/seed_43/methods/SFUT/eval_full_cloudy_ids_v1/class_ap.txt
DIOR,cloudy,SFUT,43,ema,tenniscourt,0.613,printed class_ap.txt (typically 3 decimals),,,complete,/mnt/shared/zechuan/iraod_artifacts/comparison/xaf_student_quant_20260908/formal_ports_runs_a39c832/dior/cloudy/seed_43/methods/SFUT/eval_full_cloudy_ids_v1/class_ap.txt
DIOR,cloudy,SFUT,43,ema,trainstation,0.099,printed class_ap.txt (typically 3 decimals),,,complete,/mnt/shared/zechuan/iraod_artifacts/comparison/xaf_student_quant_20260908/formal_ports_runs_a39c832/dior/cloudy/seed_43/methods/SFUT/eval_full_cloudy_ids_v1/class_ap.txt
DIOR,cloudy,SFUT,43,ema,vehicle,0.297,printed class_ap.txt (typically 3 decimals),,,complete,/mnt/shared/zechuan/iraod_artifacts/comparison/xaf_student_quant_20260908/formal_ports_runs_a39c832/dior/cloudy/seed_43/methods/SFUT/eval_full_cloudy_ids_v1/class_ap.txt
DIOR,cloudy,SFUT,43,ema,windmill,0.223,printed class_ap.txt (typically 3 decimals),,,complete,/mnt/shared/zechuan/iraod_artifacts/comparison/xaf_student_quant_20260908/formal_ports_runs_a39c832/dior/cloudy/seed_43/methods/SFUT/eval_full_cloudy_ids_v1/class_ap.txt
DIOR,cloudy,SFUT,44,ema,airplane,0.469,printed class_ap.txt (typically 3 decimals),,,complete,/mnt/shared/zechuan/iraod_artifacts/comparison/xaf_student_quant_20260908/formal_ports_runs_a39c832/dior/cloudy/seed_44/methods/SFUT/eval_full_cloudy_ids_v1/class_ap.txt
DIOR,cloudy,SFUT,44,ema,airport,0.091,printed class_ap.txt (typically 3 decimals),,,complete,/mnt/shared/zechuan/iraod_artifacts/comparison/xaf_student_quant_20260908/formal_ports_runs_a39c832/dior/cloudy/seed_44/methods/SFUT/eval_full_cloudy_ids_v1/class_ap.txt
DIOR,cloudy,SFUT,44,ema,baseballfield,0.527,printed class_ap.txt (typically 3 decimals),,,complete,/mnt/shared/zechuan/iraod_artifacts/comparison/xaf_student_quant_20260908/formal_ports_runs_a39c832/dior/cloudy/seed_44/methods/SFUT/eval_full_cloudy_ids_v1/class_ap.txt
DIOR,cloudy,SFUT,44,ema,basketballcourt,0.359,printed class_ap.txt (typically 3 decimals),,,complete,/mnt/shared/zechuan/iraod_artifacts/comparison/xaf_student_quant_20260908/formal_ports_runs_a39c832/dior/cloudy/seed_44/methods/SFUT/eval_full_cloudy_ids_v1/class_ap.txt
DIOR,cloudy,SFUT,44,ema,bridge,0.073,printed class_ap.txt (typically 3 decimals),,,complete,/mnt/shared/zechuan/iraod_artifacts/comparison/xaf_student_quant_20260908/formal_ports_runs_a39c832/dior/cloudy/seed_44/methods/SFUT/eval_full_cloudy_ids_v1/class_ap.txt
DIOR,cloudy,SFUT,44,ema,chimney,0.421,printed class_ap.txt (typically 3 decimals),,,complete,/mnt/shared/zechuan/iraod_artifacts/comparison/xaf_student_quant_20260908/formal_ports_runs_a39c832/dior/cloudy/seed_44/methods/SFUT/eval_full_cloudy_ids_v1/class_ap.txt
DIOR,cloudy,SFUT,44,ema,expressway-service-area,0.283,printed class_ap.txt (typically 3 decimals),,,complete,/mnt/shared/zechuan/iraod_artifacts/comparison/xaf_student_quant_20260908/formal_ports_runs_a39c832/dior/cloudy/seed_44/methods/SFUT/eval_full_cloudy_ids_v1/class_ap.txt
DIOR,cloudy,SFUT,44,ema,expressway-toll-station,0.191,printed class_ap.txt (typically 3 decimals),,,complete,/mnt/shared/zechuan/iraod_artifacts/comparison/xaf_student_quant_20260908/formal_ports_runs_a39c832/dior/cloudy/seed_44/methods/SFUT/eval_full_cloudy_ids_v1/class_ap.txt
DIOR,cloudy,SFUT,44,ema,dam,0.014,printed class_ap.txt (typically 3 decimals),,,complete,/mnt/shared/zechuan/iraod_artifacts/comparison/xaf_student_quant_20260908/formal_ports_runs_a39c832/dior/cloudy/seed_44/methods/SFUT/eval_full_cloudy_ids_v1/class_ap.txt
DIOR,cloudy,SFUT,44,ema,golffield,0.284,printed class_ap.txt (typically 3 decimals),,,complete,/mnt/shared/zechuan/iraod_artifacts/comparison/xaf_student_quant_20260908/formal_ports_runs_a39c832/dior/cloudy/seed_44/methods/SFUT/eval_full_cloudy_ids_v1/class_ap.txt
DIOR,cloudy,SFUT,44,ema,groundtrackfield,0.24,printed class_ap.txt (typically 3 decimals),,,complete,/mnt/shared/zechuan/iraod_artifacts/comparison/xaf_student_quant_20260908/formal_ports_runs_a39c832/dior/cloudy/seed_44/methods/SFUT/eval_full_cloudy_ids_v1/class_ap.txt
DIOR,cloudy,SFUT,44,ema,harbor,0.087,printed class_ap.txt (typically 3 decimals),,,complete,/mnt/shared/zechuan/iraod_artifacts/comparison/xaf_student_quant_20260908/formal_ports_runs_a39c832/dior/cloudy/seed_44/methods/SFUT/eval_full_cloudy_ids_v1/class_ap.txt
DIOR,cloudy,SFUT,44,ema,overpass,0.178,printed class_ap.txt (typically 3 decimals),,,complete,/mnt/shared/zechuan/iraod_artifacts/comparison/xaf_student_quant_20260908/formal_ports_runs_a39c832/dior/cloudy/seed_44/methods/SFUT/eval_full_cloudy_ids_v1/class_ap.txt
DIOR,cloudy,SFUT,44,ema,ship,0.698,printed class_ap.txt (typically 3 decimals),,,complete,/mnt/shared/zechuan/iraod_artifacts/comparison/xaf_student_quant_20260908/formal_ports_runs_a39c832/dior/cloudy/seed_44/methods/SFUT/eval_full_cloudy_ids_v1/class_ap.txt
DIOR,cloudy,SFUT,44,ema,stadium,0.251,printed class_ap.txt (typically 3 decimals),,,complete,/mnt/shared/zechuan/iraod_artifacts/comparison/xaf_student_quant_20260908/formal_ports_runs_a39c832/dior/cloudy/seed_44/methods/SFUT/eval_full_cloudy_ids_v1/class_ap.txt
DIOR,cloudy,SFUT,44,ema,storagetank,0.477,printed class_ap.txt (typically 3 decimals),,,complete,/mnt/shared/zechuan/iraod_artifacts/comparison/xaf_student_quant_20260908/formal_ports_runs_a39c832/dior/cloudy/seed_44/methods/SFUT/eval_full_cloudy_ids_v1/class_ap.txt
DIOR,cloudy,SFUT,44,ema,tenniscourt,0.614,printed class_ap.txt (typically 3 decimals),,,complete,/mnt/shared/zechuan/iraod_artifacts/comparison/xaf_student_quant_20260908/formal_ports_runs_a39c832/dior/cloudy/seed_44/methods/SFUT/eval_full_cloudy_ids_v1/class_ap.txt
DIOR,cloudy,SFUT,44,ema,trainstation,0.098,printed class_ap.txt (typically 3 decimals),,,complete,/mnt/shared/zechuan/iraod_artifacts/comparison/xaf_student_quant_20260908/formal_ports_runs_a39c832/dior/cloudy/seed_44/methods/SFUT/eval_full_cloudy_ids_v1/class_ap.txt
DIOR,cloudy,SFUT,44,ema,vehicle,0.297,printed class_ap.txt (typically 3 decimals),,,complete,/mnt/shared/zechuan/iraod_artifacts/comparison/xaf_student_quant_20260908/formal_ports_runs_a39c832/dior/cloudy/seed_44/methods/SFUT/eval_full_cloudy_ids_v1/class_ap.txt
DIOR,cloudy,SFUT,44,ema,windmill,0.221,printed class_ap.txt (typically 3 decimals),,,complete,/mnt/shared/zechuan/iraod_artifacts/comparison/xaf_student_quant_20260908/formal_ports_runs_a39c832/dior/cloudy/seed_44/methods/SFUT/eval_full_cloudy_ids_v1/class_ap.txt
DIOR,contrast,A,42,source,airplane,0.493,printed class_ap.txt (typically 3 decimals),0.493,0.493,complete,/mnt/shared/zechuan/iraod_artifacts/comparison/dior/contrast/seed_42/0f98a48/methods/A/eval_full_contrast_ids_v1/class_ap.txt
DIOR,contrast,A,42,source,airport,0.011,printed class_ap.txt (typically 3 decimals),0.011,0.011,complete,/mnt/shared/zechuan/iraod_artifacts/comparison/dior/contrast/seed_42/0f98a48/methods/A/eval_full_contrast_ids_v1/class_ap.txt
DIOR,contrast,A,42,source,baseballfield,0.525,printed class_ap.txt (typically 3 decimals),0.525,0.525,complete,/mnt/shared/zechuan/iraod_artifacts/comparison/dior/contrast/seed_42/0f98a48/methods/A/eval_full_contrast_ids_v1/class_ap.txt
DIOR,contrast,A,42,source,basketballcourt,0.355,printed class_ap.txt (typically 3 decimals),0.355,0.355,complete,/mnt/shared/zechuan/iraod_artifacts/comparison/dior/contrast/seed_42/0f98a48/methods/A/eval_full_contrast_ids_v1/class_ap.txt
DIOR,contrast,A,42,source,bridge,0.113,printed class_ap.txt (typically 3 decimals),0.113,0.113,complete,/mnt/shared/zechuan/iraod_artifacts/comparison/dior/contrast/seed_42/0f98a48/methods/A/eval_full_contrast_ids_v1/class_ap.txt
DIOR,contrast,A,42,source,chimney,0.375,printed class_ap.txt (typically 3 decimals),0.375,0.375,complete,/mnt/shared/zechuan/iraod_artifacts/comparison/dior/contrast/seed_42/0f98a48/methods/A/eval_full_contrast_ids_v1/class_ap.txt
DIOR,contrast,A,42,source,expressway-service-area,0.244,printed class_ap.txt (typically 3 decimals),0.244,0.244,complete,/mnt/shared/zechuan/iraod_artifacts/comparison/dior/contrast/seed_42/0f98a48/methods/A/eval_full_contrast_ids_v1/class_ap.txt
DIOR,contrast,A,42,source,expressway-toll-station,0.19,printed class_ap.txt (typically 3 decimals),0.19,0.19,complete,/mnt/shared/zechuan/iraod_artifacts/comparison/dior/contrast/seed_42/0f98a48/methods/A/eval_full_contrast_ids_v1/class_ap.txt
DIOR,contrast,A,42,source,dam,0.091,printed class_ap.txt (typically 3 decimals),0.091,0.091,complete,/mnt/shared/zechuan/iraod_artifacts/comparison/dior/contrast/seed_42/0f98a48/methods/A/eval_full_contrast_ids_v1/class_ap.txt
DIOR,contrast,A,42,source,golffield,0.235,printed class_ap.txt (typically 3 decimals),0.235,0.235,complete,/mnt/shared/zechuan/iraod_artifacts/comparison/dior/contrast/seed_42/0f98a48/methods/A/eval_full_contrast_ids_v1/class_ap.txt
DIOR,contrast,A,42,source,groundtrackfield,0.223,printed class_ap.txt (typically 3 decimals),0.223,0.223,complete,/mnt/shared/zechuan/iraod_artifacts/comparison/dior/contrast/seed_42/0f98a48/methods/A/eval_full_contrast_ids_v1/class_ap.txt
DIOR,contrast,A,42,source,harbor,0.136,printed class_ap.txt (typically 3 decimals),0.136,0.136,complete,/mnt/shared/zechuan/iraod_artifacts/comparison/dior/contrast/seed_42/0f98a48/methods/A/eval_full_contrast_ids_v1/class_ap.txt
DIOR,contrast,A,42,source,overpass,0.162,printed class_ap.txt (typically 3 decimals),0.162,0.162,complete,/mnt/shared/zechuan/iraod_artifacts/comparison/dior/contrast/seed_42/0f98a48/methods/A/eval_full_contrast_ids_v1/class_ap.txt
DIOR,contrast,A,42,source,ship,0.676,printed class_ap.txt (typically 3 decimals),0.676,0.676,complete,/mnt/shared/zechuan/iraod_artifacts/comparison/dior/contrast/seed_42/0f98a48/methods/A/eval_full_contrast_ids_v1/class_ap.txt
DIOR,contrast,A,42,source,stadium,0.205,printed class_ap.txt (typically 3 decimals),0.205,0.205,complete,/mnt/shared/zechuan/iraod_artifacts/comparison/dior/contrast/seed_42/0f98a48/methods/A/eval_full_contrast_ids_v1/class_ap.txt
DIOR,contrast,A,42,source,storagetank,0.466,printed class_ap.txt (typically 3 decimals),0.466,0.466,complete,/mnt/shared/zechuan/iraod_artifacts/comparison/dior/contrast/seed_42/0f98a48/methods/A/eval_full_contrast_ids_v1/class_ap.txt
DIOR,contrast,A,42,source,tenniscourt,0.606,printed class_ap.txt (typically 3 decimals),0.606,0.606,complete,/mnt/shared/zechuan/iraod_artifacts/comparison/dior/contrast/seed_42/0f98a48/methods/A/eval_full_contrast_ids_v1/class_ap.txt
DIOR,contrast,A,42,source,trainstation,0.08,printed class_ap.txt (typically 3 decimals),0.08,0.08,complete,/mnt/shared/zechuan/iraod_artifacts/comparison/dior/contrast/seed_42/0f98a48/methods/A/eval_full_contrast_ids_v1/class_ap.txt
DIOR,contrast,A,42,source,vehicle,0.284,printed class_ap.txt (typically 3 decimals),0.284,0.284,complete,/mnt/shared/zechuan/iraod_artifacts/comparison/dior/contrast/seed_42/0f98a48/methods/A/eval_full_contrast_ids_v1/class_ap.txt
DIOR,contrast,A,42,source,windmill,0.161,printed class_ap.txt (typically 3 decimals),0.161,0.161,complete,/mnt/shared/zechuan/iraod_artifacts/comparison/dior/contrast/seed_42/0f98a48/methods/A/eval_full_contrast_ids_v1/class_ap.txt
DIOR,contrast,IRG,42,ema,airplane,0.491,printed class_ap.txt (typically 3 decimals),,,complete,/mnt/shared/zechuan/iraod_artifacts/comparison/xaf_student_quant_20260908/formal_ports_runs_a39c832/dior/contrast/seed_42/methods/IRG/eval_full_contrast_ids_v1/class_ap.txt
DIOR,contrast,IRG,42,ema,airport,0.009,printed class_ap.txt (typically 3 decimals),,,complete,/mnt/shared/zechuan/iraod_artifacts/comparison/xaf_student_quant_20260908/formal_ports_runs_a39c832/dior/contrast/seed_42/methods/IRG/eval_full_contrast_ids_v1/class_ap.txt
DIOR,contrast,IRG,42,ema,baseballfield,0.525,printed class_ap.txt (typically 3 decimals),,,complete,/mnt/shared/zechuan/iraod_artifacts/comparison/xaf_student_quant_20260908/formal_ports_runs_a39c832/dior/contrast/seed_42/methods/IRG/eval_full_contrast_ids_v1/class_ap.txt
DIOR,contrast,IRG,42,ema,basketballcourt,0.366,printed class_ap.txt (typically 3 decimals),,,complete,/mnt/shared/zechuan/iraod_artifacts/comparison/xaf_student_quant_20260908/formal_ports_runs_a39c832/dior/contrast/seed_42/methods/IRG/eval_full_contrast_ids_v1/class_ap.txt
DIOR,contrast,IRG,42,ema,bridge,0.113,printed class_ap.txt (typically 3 decimals),,,complete,/mnt/shared/zechuan/iraod_artifacts/comparison/xaf_student_quant_20260908/formal_ports_runs_a39c832/dior/contrast/seed_42/methods/IRG/eval_full_contrast_ids_v1/class_ap.txt
DIOR,contrast,IRG,42,ema,chimney,0.383,printed class_ap.txt (typically 3 decimals),,,complete,/mnt/shared/zechuan/iraod_artifacts/comparison/xaf_student_quant_20260908/formal_ports_runs_a39c832/dior/contrast/seed_42/methods/IRG/eval_full_contrast_ids_v1/class_ap.txt
DIOR,contrast,IRG,42,ema,expressway-service-area,0.239,printed class_ap.txt (typically 3 decimals),,,complete,/mnt/shared/zechuan/iraod_artifacts/comparison/xaf_student_quant_20260908/formal_ports_runs_a39c832/dior/contrast/seed_42/methods/IRG/eval_full_contrast_ids_v1/class_ap.txt
DIOR,contrast,IRG,42,ema,expressway-toll-station,0.198,printed class_ap.txt (typically 3 decimals),,,complete,/mnt/shared/zechuan/iraod_artifacts/comparison/xaf_student_quant_20260908/formal_ports_runs_a39c832/dior/contrast/seed_42/methods/IRG/eval_full_contrast_ids_v1/class_ap.txt
DIOR,contrast,IRG,42,ema,dam,0.091,printed class_ap.txt (typically 3 decimals),,,complete,/mnt/shared/zechuan/iraod_artifacts/comparison/xaf_student_quant_20260908/formal_ports_runs_a39c832/dior/contrast/seed_42/methods/IRG/eval_full_contrast_ids_v1/class_ap.txt
DIOR,contrast,IRG,42,ema,golffield,0.238,printed class_ap.txt (typically 3 decimals),,,complete,/mnt/shared/zechuan/iraod_artifacts/comparison/xaf_student_quant_20260908/formal_ports_runs_a39c832/dior/contrast/seed_42/methods/IRG/eval_full_contrast_ids_v1/class_ap.txt
DIOR,contrast,IRG,42,ema,groundtrackfield,0.226,printed class_ap.txt (typically 3 decimals),,,complete,/mnt/shared/zechuan/iraod_artifacts/comparison/xaf_student_quant_20260908/formal_ports_runs_a39c832/dior/contrast/seed_42/methods/IRG/eval_full_contrast_ids_v1/class_ap.txt
DIOR,contrast,IRG,42,ema,harbor,0.142,printed class_ap.txt (typically 3 decimals),,,complete,/mnt/shared/zechuan/iraod_artifacts/comparison/xaf_student_quant_20260908/formal_ports_runs_a39c832/dior/contrast/seed_42/methods/IRG/eval_full_contrast_ids_v1/class_ap.txt
DIOR,contrast,IRG,42,ema,overpass,0.16,printed class_ap.txt (typically 3 decimals),,,complete,/mnt/shared/zechuan/iraod_artifacts/comparison/xaf_student_quant_20260908/formal_ports_runs_a39c832/dior/contrast/seed_42/methods/IRG/eval_full_contrast_ids_v1/class_ap.txt
DIOR,contrast,IRG,42,ema,ship,0.677,printed class_ap.txt (typically 3 decimals),,,complete,/mnt/shared/zechuan/iraod_artifacts/comparison/xaf_student_quant_20260908/formal_ports_runs_a39c832/dior/contrast/seed_42/methods/IRG/eval_full_contrast_ids_v1/class_ap.txt
DIOR,contrast,IRG,42,ema,stadium,0.209,printed class_ap.txt (typically 3 decimals),,,complete,/mnt/shared/zechuan/iraod_artifacts/comparison/xaf_student_quant_20260908/formal_ports_runs_a39c832/dior/contrast/seed_42/methods/IRG/eval_full_contrast_ids_v1/class_ap.txt
DIOR,contrast,IRG,42,ema,storagetank,0.473,printed class_ap.txt (typically 3 decimals),,,complete,/mnt/shared/zechuan/iraod_artifacts/comparison/xaf_student_quant_20260908/formal_ports_runs_a39c832/dior/contrast/seed_42/methods/IRG/eval_full_contrast_ids_v1/class_ap.txt
DIOR,contrast,IRG,42,ema,tenniscourt,0.609,printed class_ap.txt (typically 3 decimals),,,complete,/mnt/shared/zechuan/iraod_artifacts/comparison/xaf_student_quant_20260908/formal_ports_runs_a39c832/dior/contrast/seed_42/methods/IRG/eval_full_contrast_ids_v1/class_ap.txt
DIOR,contrast,IRG,42,ema,trainstation,0.079,printed class_ap.txt (typically 3 decimals),,,complete,/mnt/shared/zechuan/iraod_artifacts/comparison/xaf_student_quant_20260908/formal_ports_runs_a39c832/dior/contrast/seed_42/methods/IRG/eval_full_contrast_ids_v1/class_ap.txt
DIOR,contrast,IRG,42,ema,vehicle,0.286,printed class_ap.txt (typically 3 decimals),,,complete,/mnt/shared/zechuan/iraod_artifacts/comparison/xaf_student_quant_20260908/formal_ports_runs_a39c832/dior/contrast/seed_42/methods/IRG/eval_full_contrast_ids_v1/class_ap.txt
DIOR,contrast,IRG,42,ema,windmill,0.16,printed class_ap.txt (typically 3 decimals),,,complete,/mnt/shared/zechuan/iraod_artifacts/comparison/xaf_student_quant_20260908/formal_ports_runs_a39c832/dior/contrast/seed_42/methods/IRG/eval_full_contrast_ids_v1/class_ap.txt
DIOR,contrast,IRG,43,ema,airplane,0.493,printed class_ap.txt (typically 3 decimals),,,complete,/mnt/shared/zechuan/iraod_artifacts/comparison/xaf_student_quant_20260908/formal_ports_runs_a39c832/dior/contrast/seed_43/methods/IRG/eval_full_contrast_ids_v1/class_ap.txt
DIOR,contrast,IRG,43,ema,airport,0.01,printed class_ap.txt (typically 3 decimals),,,complete,/mnt/shared/zechuan/iraod_artifacts/comparison/xaf_student_quant_20260908/formal_ports_runs_a39c832/dior/contrast/seed_43/methods/IRG/eval_full_contrast_ids_v1/class_ap.txt
DIOR,contrast,IRG,43,ema,baseballfield,0.525,printed class_ap.txt (typically 3 decimals),,,complete,/mnt/shared/zechuan/iraod_artifacts/comparison/xaf_student_quant_20260908/formal_ports_runs_a39c832/dior/contrast/seed_43/methods/IRG/eval_full_contrast_ids_v1/class_ap.txt
DIOR,contrast,IRG,43,ema,basketballcourt,0.361,printed class_ap.txt (typically 3 decimals),,,complete,/mnt/shared/zechuan/iraod_artifacts/comparison/xaf_student_quant_20260908/formal_ports_runs_a39c832/dior/contrast/seed_43/methods/IRG/eval_full_contrast_ids_v1/class_ap.txt
DIOR,contrast,IRG,43,ema,bridge,0.113,printed class_ap.txt (typically 3 decimals),,,complete,/mnt/shared/zechuan/iraod_artifacts/comparison/xaf_student_quant_20260908/formal_ports_runs_a39c832/dior/contrast/seed_43/methods/IRG/eval_full_contrast_ids_v1/class_ap.txt
DIOR,contrast,IRG,43,ema,chimney,0.382,printed class_ap.txt (typically 3 decimals),,,complete,/mnt/shared/zechuan/iraod_artifacts/comparison/xaf_student_quant_20260908/formal_ports_runs_a39c832/dior/contrast/seed_43/methods/IRG/eval_full_contrast_ids_v1/class_ap.txt
DIOR,contrast,IRG,43,ema,expressway-service-area,0.246,printed class_ap.txt (typically 3 decimals),,,complete,/mnt/shared/zechuan/iraod_artifacts/comparison/xaf_student_quant_20260908/formal_ports_runs_a39c832/dior/contrast/seed_43/methods/IRG/eval_full_contrast_ids_v1/class_ap.txt
DIOR,contrast,IRG,43,ema,expressway-toll-station,0.199,printed class_ap.txt (typically 3 decimals),,,complete,/mnt/shared/zechuan/iraod_artifacts/comparison/xaf_student_quant_20260908/formal_ports_runs_a39c832/dior/contrast/seed_43/methods/IRG/eval_full_contrast_ids_v1/class_ap.txt
DIOR,contrast,IRG,43,ema,dam,0.091,printed class_ap.txt (typically 3 decimals),,,complete,/mnt/shared/zechuan/iraod_artifacts/comparison/xaf_student_quant_20260908/formal_ports_runs_a39c832/dior/contrast/seed_43/methods/IRG/eval_full_contrast_ids_v1/class_ap.txt
DIOR,contrast,IRG,43,ema,golffield,0.235,printed class_ap.txt (typically 3 decimals),,,complete,/mnt/shared/zechuan/iraod_artifacts/comparison/xaf_student_quant_20260908/formal_ports_runs_a39c832/dior/contrast/seed_43/methods/IRG/eval_full_contrast_ids_v1/class_ap.txt
DIOR,contrast,IRG,43,ema,groundtrackfield,0.224,printed class_ap.txt (typically 3 decimals),,,complete,/mnt/shared/zechuan/iraod_artifacts/comparison/xaf_student_quant_20260908/formal_ports_runs_a39c832/dior/contrast/seed_43/methods/IRG/eval_full_contrast_ids_v1/class_ap.txt
DIOR,contrast,IRG,43,ema,harbor,0.139,printed class_ap.txt (typically 3 decimals),,,complete,/mnt/shared/zechuan/iraod_artifacts/comparison/xaf_student_quant_20260908/formal_ports_runs_a39c832/dior/contrast/seed_43/methods/IRG/eval_full_contrast_ids_v1/class_ap.txt
DIOR,contrast,IRG,43,ema,overpass,0.159,printed class_ap.txt (typically 3 decimals),,,complete,/mnt/shared/zechuan/iraod_artifacts/comparison/xaf_student_quant_20260908/formal_ports_runs_a39c832/dior/contrast/seed_43/methods/IRG/eval_full_contrast_ids_v1/class_ap.txt
DIOR,contrast,IRG,43,ema,ship,0.677,printed class_ap.txt (typically 3 decimals),,,complete,/mnt/shared/zechuan/iraod_artifacts/comparison/xaf_student_quant_20260908/formal_ports_runs_a39c832/dior/contrast/seed_43/methods/IRG/eval_full_contrast_ids_v1/class_ap.txt
DIOR,contrast,IRG,43,ema,stadium,0.21,printed class_ap.txt (typically 3 decimals),,,complete,/mnt/shared/zechuan/iraod_artifacts/comparison/xaf_student_quant_20260908/formal_ports_runs_a39c832/dior/contrast/seed_43/methods/IRG/eval_full_contrast_ids_v1/class_ap.txt
DIOR,contrast,IRG,43,ema,storagetank,0.467,printed class_ap.txt (typically 3 decimals),,,complete,/mnt/shared/zechuan/iraod_artifacts/comparison/xaf_student_quant_20260908/formal_ports_runs_a39c832/dior/contrast/seed_43/methods/IRG/eval_full_contrast_ids_v1/class_ap.txt
DIOR,contrast,IRG,43,ema,tenniscourt,0.609,printed class_ap.txt (typically 3 decimals),,,complete,/mnt/shared/zechuan/iraod_artifacts/comparison/xaf_student_quant_20260908/formal_ports_runs_a39c832/dior/contrast/seed_43/methods/IRG/eval_full_contrast_ids_v1/class_ap.txt
DIOR,contrast,IRG,43,ema,trainstation,0.084,printed class_ap.txt (typically 3 decimals),,,complete,/mnt/shared/zechuan/iraod_artifacts/comparison/xaf_student_quant_20260908/formal_ports_runs_a39c832/dior/contrast/seed_43/methods/IRG/eval_full_contrast_ids_v1/class_ap.txt
DIOR,contrast,IRG,43,ema,vehicle,0.285,printed class_ap.txt (typically 3 decimals),,,complete,/mnt/shared/zechuan/iraod_artifacts/comparison/xaf_student_quant_20260908/formal_ports_runs_a39c832/dior/contrast/seed_43/methods/IRG/eval_full_contrast_ids_v1/class_ap.txt
DIOR,contrast,IRG,43,ema,windmill,0.168,printed class_ap.txt (typically 3 decimals),,,complete,/mnt/shared/zechuan/iraod_artifacts/comparison/xaf_student_quant_20260908/formal_ports_runs_a39c832/dior/contrast/seed_43/methods/IRG/eval_full_contrast_ids_v1/class_ap.txt
DIOR,contrast,IRG,44,ema,airplane,0.493,printed class_ap.txt (typically 3 decimals),,,complete,/mnt/shared/zechuan/iraod_artifacts/comparison/xaf_student_quant_20260908/formal_ports_runs_a39c832/dior/contrast/seed_44/methods/IRG/eval_full_contrast_ids_v1/class_ap.txt
DIOR,contrast,IRG,44,ema,airport,0.015,printed class_ap.txt (typically 3 decimals),,,complete,/mnt/shared/zechuan/iraod_artifacts/comparison/xaf_student_quant_20260908/formal_ports_runs_a39c832/dior/contrast/seed_44/methods/IRG/eval_full_contrast_ids_v1/class_ap.txt
DIOR,contrast,IRG,44,ema,baseballfield,0.525,printed class_ap.txt (typically 3 decimals),,,complete,/mnt/shared/zechuan/iraod_artifacts/comparison/xaf_student_quant_20260908/formal_ports_runs_a39c832/dior/contrast/seed_44/methods/IRG/eval_full_contrast_ids_v1/class_ap.txt
DIOR,contrast,IRG,44,ema,basketballcourt,0.362,printed class_ap.txt (typically 3 decimals),,,complete,/mnt/shared/zechuan/iraod_artifacts/comparison/xaf_student_quant_20260908/formal_ports_runs_a39c832/dior/contrast/seed_44/methods/IRG/eval_full_contrast_ids_v1/class_ap.txt
DIOR,contrast,IRG,44,ema,bridge,0.114,printed class_ap.txt (typically 3 decimals),,,complete,/mnt/shared/zechuan/iraod_artifacts/comparison/xaf_student_quant_20260908/formal_ports_runs_a39c832/dior/contrast/seed_44/methods/IRG/eval_full_contrast_ids_v1/class_ap.txt
DIOR,contrast,IRG,44,ema,chimney,0.382,printed class_ap.txt (typically 3 decimals),,,complete,/mnt/shared/zechuan/iraod_artifacts/comparison/xaf_student_quant_20260908/formal_ports_runs_a39c832/dior/contrast/seed_44/methods/IRG/eval_full_contrast_ids_v1/class_ap.txt
DIOR,contrast,IRG,44,ema,expressway-service-area,0.248,printed class_ap.txt (typically 3 decimals),,,complete,/mnt/shared/zechuan/iraod_artifacts/comparison/xaf_student_quant_20260908/formal_ports_runs_a39c832/dior/contrast/seed_44/methods/IRG/eval_full_contrast_ids_v1/class_ap.txt
DIOR,contrast,IRG,44,ema,expressway-toll-station,0.199,printed class_ap.txt (typically 3 decimals),,,complete,/mnt/shared/zechuan/iraod_artifacts/comparison/xaf_student_quant_20260908/formal_ports_runs_a39c832/dior/contrast/seed_44/methods/IRG/eval_full_contrast_ids_v1/class_ap.txt
DIOR,contrast,IRG,44,ema,dam,0.091,printed class_ap.txt (typically 3 decimals),,,complete,/mnt/shared/zechuan/iraod_artifacts/comparison/xaf_student_quant_20260908/formal_ports_runs_a39c832/dior/contrast/seed_44/methods/IRG/eval_full_contrast_ids_v1/class_ap.txt
DIOR,contrast,IRG,44,ema,golffield,0.239,printed class_ap.txt (typically 3 decimals),,,complete,/mnt/shared/zechuan/iraod_artifacts/comparison/xaf_student_quant_20260908/formal_ports_runs_a39c832/dior/contrast/seed_44/methods/IRG/eval_full_contrast_ids_v1/class_ap.txt
DIOR,contrast,IRG,44,ema,groundtrackfield,0.226,printed class_ap.txt (typically 3 decimals),,,complete,/mnt/shared/zechuan/iraod_artifacts/comparison/xaf_student_quant_20260908/formal_ports_runs_a39c832/dior/contrast/seed_44/methods/IRG/eval_full_contrast_ids_v1/class_ap.txt
DIOR,contrast,IRG,44,ema,harbor,0.14,printed class_ap.txt (typically 3 decimals),,,complete,/mnt/shared/zechuan/iraod_artifacts/comparison/xaf_student_quant_20260908/formal_ports_runs_a39c832/dior/contrast/seed_44/methods/IRG/eval_full_contrast_ids_v1/class_ap.txt
DIOR,contrast,IRG,44,ema,overpass,0.161,printed class_ap.txt (typically 3 decimals),,,complete,/mnt/shared/zechuan/iraod_artifacts/comparison/xaf_student_quant_20260908/formal_ports_runs_a39c832/dior/contrast/seed_44/methods/IRG/eval_full_contrast_ids_v1/class_ap.txt
DIOR,contrast,IRG,44,ema,ship,0.679,printed class_ap.txt (typically 3 decimals),,,complete,/mnt/shared/zechuan/iraod_artifacts/comparison/xaf_student_quant_20260908/formal_ports_runs_a39c832/dior/contrast/seed_44/methods/IRG/eval_full_contrast_ids_v1/class_ap.txt
DIOR,contrast,IRG,44,ema,stadium,0.206,printed class_ap.txt (typically 3 decimals),,,complete,/mnt/shared/zechuan/iraod_artifacts/comparison/xaf_student_quant_20260908/formal_ports_runs_a39c832/dior/contrast/seed_44/methods/IRG/eval_full_contrast_ids_v1/class_ap.txt
DIOR,contrast,IRG,44,ema,storagetank,0.468,printed class_ap.txt (typically 3 decimals),,,complete,/mnt/shared/zechuan/iraod_artifacts/comparison/xaf_student_quant_20260908/formal_ports_runs_a39c832/dior/contrast/seed_44/methods/IRG/eval_full_contrast_ids_v1/class_ap.txt
DIOR,contrast,IRG,44,ema,tenniscourt,0.61,printed class_ap.txt (typically 3 decimals),,,complete,/mnt/shared/zechuan/iraod_artifacts/comparison/xaf_student_quant_20260908/formal_ports_runs_a39c832/dior/contrast/seed_44/methods/IRG/eval_full_contrast_ids_v1/class_ap.txt
DIOR,contrast,IRG,44,ema,trainstation,0.078,printed class_ap.txt (typically 3 decimals),,,complete,/mnt/shared/zechuan/iraod_artifacts/comparison/xaf_student_quant_20260908/formal_ports_runs_a39c832/dior/contrast/seed_44/methods/IRG/eval_full_contrast_ids_v1/class_ap.txt
DIOR,contrast,IRG,44,ema,vehicle,0.287,printed class_ap.txt (typically 3 decimals),,,complete,/mnt/shared/zechuan/iraod_artifacts/comparison/xaf_student_quant_20260908/formal_ports_runs_a39c832/dior/contrast/seed_44/methods/IRG/eval_full_contrast_ids_v1/class_ap.txt
DIOR,contrast,IRG,44,ema,windmill,0.18,printed class_ap.txt (typically 3 decimals),,,complete,/mnt/shared/zechuan/iraod_artifacts/comparison/xaf_student_quant_20260908/formal_ports_runs_a39c832/dior/contrast/seed_44/methods/IRG/eval_full_contrast_ids_v1/class_ap.txt
DIOR,contrast,LPLD,42,ema,airplane,0.487,printed class_ap.txt (typically 3 decimals),,,complete,/mnt/shared/zechuan/iraod_artifacts/comparison/xaf_student_quant_20260908/formal_ports_runs_a39c832/dior/contrast/seed_42/methods/LPLD/eval_full_contrast_ids_v1/class_ap.txt
DIOR,contrast,LPLD,42,ema,airport,0.006,printed class_ap.txt (typically 3 decimals),,,complete,/mnt/shared/zechuan/iraod_artifacts/comparison/xaf_student_quant_20260908/formal_ports_runs_a39c832/dior/contrast/seed_42/methods/LPLD/eval_full_contrast_ids_v1/class_ap.txt
DIOR,contrast,LPLD,42,ema,baseballfield,0.524,printed class_ap.txt (typically 3 decimals),,,complete,/mnt/shared/zechuan/iraod_artifacts/comparison/xaf_student_quant_20260908/formal_ports_runs_a39c832/dior/contrast/seed_42/methods/LPLD/eval_full_contrast_ids_v1/class_ap.txt
DIOR,contrast,LPLD,42,ema,basketballcourt,0.361,printed class_ap.txt (typically 3 decimals),,,complete,/mnt/shared/zechuan/iraod_artifacts/comparison/xaf_student_quant_20260908/formal_ports_runs_a39c832/dior/contrast/seed_42/methods/LPLD/eval_full_contrast_ids_v1/class_ap.txt
DIOR,contrast,LPLD,42,ema,bridge,0.112,printed class_ap.txt (typically 3 decimals),,,complete,/mnt/shared/zechuan/iraod_artifacts/comparison/xaf_student_quant_20260908/formal_ports_runs_a39c832/dior/contrast/seed_42/methods/LPLD/eval_full_contrast_ids_v1/class_ap.txt
DIOR,contrast,LPLD,42,ema,chimney,0.386,printed class_ap.txt (typically 3 decimals),,,complete,/mnt/shared/zechuan/iraod_artifacts/comparison/xaf_student_quant_20260908/formal_ports_runs_a39c832/dior/contrast/seed_42/methods/LPLD/eval_full_contrast_ids_v1/class_ap.txt
DIOR,contrast,LPLD,42,ema,expressway-service-area,0.255,printed class_ap.txt (typically 3 decimals),,,complete,/mnt/shared/zechuan/iraod_artifacts/comparison/xaf_student_quant_20260908/formal_ports_runs_a39c832/dior/contrast/seed_42/methods/LPLD/eval_full_contrast_ids_v1/class_ap.txt
DIOR,contrast,LPLD,42,ema,expressway-toll-station,0.198,printed class_ap.txt (typically 3 decimals),,,complete,/mnt/shared/zechuan/iraod_artifacts/comparison/xaf_student_quant_20260908/formal_ports_runs_a39c832/dior/contrast/seed_42/methods/LPLD/eval_full_contrast_ids_v1/class_ap.txt
DIOR,contrast,LPLD,42,ema,dam,0.091,printed class_ap.txt (typically 3 decimals),,,complete,/mnt/shared/zechuan/iraod_artifacts/comparison/xaf_student_quant_20260908/formal_ports_runs_a39c832/dior/contrast/seed_42/methods/LPLD/eval_full_contrast_ids_v1/class_ap.txt
DIOR,contrast,LPLD,42,ema,golffield,0.233,printed class_ap.txt (typically 3 decimals),,,complete,/mnt/shared/zechuan/iraod_artifacts/comparison/xaf_student_quant_20260908/formal_ports_runs_a39c832/dior/contrast/seed_42/methods/LPLD/eval_full_contrast_ids_v1/class_ap.txt
DIOR,contrast,LPLD,42,ema,groundtrackfield,0.226,printed class_ap.txt (typically 3 decimals),,,complete,/mnt/shared/zechuan/iraod_artifacts/comparison/xaf_student_quant_20260908/formal_ports_runs_a39c832/dior/contrast/seed_42/methods/LPLD/eval_full_contrast_ids_v1/class_ap.txt
DIOR,contrast,LPLD,42,ema,harbor,0.143,printed class_ap.txt (typically 3 decimals),,,complete,/mnt/shared/zechuan/iraod_artifacts/comparison/xaf_student_quant_20260908/formal_ports_runs_a39c832/dior/contrast/seed_42/methods/LPLD/eval_full_contrast_ids_v1/class_ap.txt
DIOR,contrast,LPLD,42,ema,overpass,0.163,printed class_ap.txt (typically 3 decimals),,,complete,/mnt/shared/zechuan/iraod_artifacts/comparison/xaf_student_quant_20260908/formal_ports_runs_a39c832/dior/contrast/seed_42/methods/LPLD/eval_full_contrast_ids_v1/class_ap.txt
DIOR,contrast,LPLD,42,ema,ship,0.675,printed class_ap.txt (typically 3 decimals),,,complete,/mnt/shared/zechuan/iraod_artifacts/comparison/xaf_student_quant_20260908/formal_ports_runs_a39c832/dior/contrast/seed_42/methods/LPLD/eval_full_contrast_ids_v1/class_ap.txt
DIOR,contrast,LPLD,42,ema,stadium,0.218,printed class_ap.txt (typically 3 decimals),,,complete,/mnt/shared/zechuan/iraod_artifacts/comparison/xaf_student_quant_20260908/formal_ports_runs_a39c832/dior/contrast/seed_42/methods/LPLD/eval_full_contrast_ids_v1/class_ap.txt
DIOR,contrast,LPLD,42,ema,storagetank,0.472,printed class_ap.txt (typically 3 decimals),,,complete,/mnt/shared/zechuan/iraod_artifacts/comparison/xaf_student_quant_20260908/formal_ports_runs_a39c832/dior/contrast/seed_42/methods/LPLD/eval_full_contrast_ids_v1/class_ap.txt
DIOR,contrast,LPLD,42,ema,tenniscourt,0.61,printed class_ap.txt (typically 3 decimals),,,complete,/mnt/shared/zechuan/iraod_artifacts/comparison/xaf_student_quant_20260908/formal_ports_runs_a39c832/dior/contrast/seed_42/methods/LPLD/eval_full_contrast_ids_v1/class_ap.txt
DIOR,contrast,LPLD,42,ema,trainstation,0.079,printed class_ap.txt (typically 3 decimals),,,complete,/mnt/shared/zechuan/iraod_artifacts/comparison/xaf_student_quant_20260908/formal_ports_runs_a39c832/dior/contrast/seed_42/methods/LPLD/eval_full_contrast_ids_v1/class_ap.txt
DIOR,contrast,LPLD,42,ema,vehicle,0.287,printed class_ap.txt (typically 3 decimals),,,complete,/mnt/shared/zechuan/iraod_artifacts/comparison/xaf_student_quant_20260908/formal_ports_runs_a39c832/dior/contrast/seed_42/methods/LPLD/eval_full_contrast_ids_v1/class_ap.txt
DIOR,contrast,LPLD,42,ema,windmill,0.149,printed class_ap.txt (typically 3 decimals),,,complete,/mnt/shared/zechuan/iraod_artifacts/comparison/xaf_student_quant_20260908/formal_ports_runs_a39c832/dior/contrast/seed_42/methods/LPLD/eval_full_contrast_ids_v1/class_ap.txt
DIOR,contrast,LPLD,43,ema,airplane,0.494,printed class_ap.txt (typically 3 decimals),,,complete,/mnt/shared/zechuan/iraod_artifacts/comparison/xaf_student_quant_20260908/formal_ports_runs_a39c832/dior/contrast/seed_43/methods/LPLD/eval_full_contrast_ids_v1/class_ap.txt
DIOR,contrast,LPLD,43,ema,airport,0.005,printed class_ap.txt (typically 3 decimals),,,complete,/mnt/shared/zechuan/iraod_artifacts/comparison/xaf_student_quant_20260908/formal_ports_runs_a39c832/dior/contrast/seed_43/methods/LPLD/eval_full_contrast_ids_v1/class_ap.txt
DIOR,contrast,LPLD,43,ema,baseballfield,0.527,printed class_ap.txt (typically 3 decimals),,,complete,/mnt/shared/zechuan/iraod_artifacts/comparison/xaf_student_quant_20260908/formal_ports_runs_a39c832/dior/contrast/seed_43/methods/LPLD/eval_full_contrast_ids_v1/class_ap.txt
DIOR,contrast,LPLD,43,ema,basketballcourt,0.367,printed class_ap.txt (typically 3 decimals),,,complete,/mnt/shared/zechuan/iraod_artifacts/comparison/xaf_student_quant_20260908/formal_ports_runs_a39c832/dior/contrast/seed_43/methods/LPLD/eval_full_contrast_ids_v1/class_ap.txt
DIOR,contrast,LPLD,43,ema,bridge,0.113,printed class_ap.txt (typically 3 decimals),,,complete,/mnt/shared/zechuan/iraod_artifacts/comparison/xaf_student_quant_20260908/formal_ports_runs_a39c832/dior/contrast/seed_43/methods/LPLD/eval_full_contrast_ids_v1/class_ap.txt
DIOR,contrast,LPLD,43,ema,chimney,0.392,printed class_ap.txt (typically 3 decimals),,,complete,/mnt/shared/zechuan/iraod_artifacts/comparison/xaf_student_quant_20260908/formal_ports_runs_a39c832/dior/contrast/seed_43/methods/LPLD/eval_full_contrast_ids_v1/class_ap.txt
DIOR,contrast,LPLD,43,ema,expressway-service-area,0.245,printed class_ap.txt (typically 3 decimals),,,complete,/mnt/shared/zechuan/iraod_artifacts/comparison/xaf_student_quant_20260908/formal_ports_runs_a39c832/dior/contrast/seed_43/methods/LPLD/eval_full_contrast_ids_v1/class_ap.txt
DIOR,contrast,LPLD,43,ema,expressway-toll-station,0.195,printed class_ap.txt (typically 3 decimals),,,complete,/mnt/shared/zechuan/iraod_artifacts/comparison/xaf_student_quant_20260908/formal_ports_runs_a39c832/dior/contrast/seed_43/methods/LPLD/eval_full_contrast_ids_v1/class_ap.txt
DIOR,contrast,LPLD,43,ema,dam,0.091,printed class_ap.txt (typically 3 decimals),,,complete,/mnt/shared/zechuan/iraod_artifacts/comparison/xaf_student_quant_20260908/formal_ports_runs_a39c832/dior/contrast/seed_43/methods/LPLD/eval_full_contrast_ids_v1/class_ap.txt
DIOR,contrast,LPLD,43,ema,golffield,0.251,printed class_ap.txt (typically 3 decimals),,,complete,/mnt/shared/zechuan/iraod_artifacts/comparison/xaf_student_quant_20260908/formal_ports_runs_a39c832/dior/contrast/seed_43/methods/LPLD/eval_full_contrast_ids_v1/class_ap.txt
DIOR,contrast,LPLD,43,ema,groundtrackfield,0.224,printed class_ap.txt (typically 3 decimals),,,complete,/mnt/shared/zechuan/iraod_artifacts/comparison/xaf_student_quant_20260908/formal_ports_runs_a39c832/dior/contrast/seed_43/methods/LPLD/eval_full_contrast_ids_v1/class_ap.txt
DIOR,contrast,LPLD,43,ema,harbor,0.143,printed class_ap.txt (typically 3 decimals),,,complete,/mnt/shared/zechuan/iraod_artifacts/comparison/xaf_student_quant_20260908/formal_ports_runs_a39c832/dior/contrast/seed_43/methods/LPLD/eval_full_contrast_ids_v1/class_ap.txt
DIOR,contrast,LPLD,43,ema,overpass,0.162,printed class_ap.txt (typically 3 decimals),,,complete,/mnt/shared/zechuan/iraod_artifacts/comparison/xaf_student_quant_20260908/formal_ports_runs_a39c832/dior/contrast/seed_43/methods/LPLD/eval_full_contrast_ids_v1/class_ap.txt
DIOR,contrast,LPLD,43,ema,ship,0.675,printed class_ap.txt (typically 3 decimals),,,complete,/mnt/shared/zechuan/iraod_artifacts/comparison/xaf_student_quant_20260908/formal_ports_runs_a39c832/dior/contrast/seed_43/methods/LPLD/eval_full_contrast_ids_v1/class_ap.txt
DIOR,contrast,LPLD,43,ema,stadium,0.218,printed class_ap.txt (typically 3 decimals),,,complete,/mnt/shared/zechuan/iraod_artifacts/comparison/xaf_student_quant_20260908/formal_ports_runs_a39c832/dior/contrast/seed_43/methods/LPLD/eval_full_contrast_ids_v1/class_ap.txt
DIOR,contrast,LPLD,43,ema,storagetank,0.466,printed class_ap.txt (typically 3 decimals),,,complete,/mnt/shared/zechuan/iraod_artifacts/comparison/xaf_student_quant_20260908/formal_ports_runs_a39c832/dior/contrast/seed_43/methods/LPLD/eval_full_contrast_ids_v1/class_ap.txt
DIOR,contrast,LPLD,43,ema,tenniscourt,0.613,printed class_ap.txt (typically 3 decimals),,,complete,/mnt/shared/zechuan/iraod_artifacts/comparison/xaf_student_quant_20260908/formal_ports_runs_a39c832/dior/contrast/seed_43/methods/LPLD/eval_full_contrast_ids_v1/class_ap.txt
DIOR,contrast,LPLD,43,ema,trainstation,0.088,printed class_ap.txt (typically 3 decimals),,,complete,/mnt/shared/zechuan/iraod_artifacts/comparison/xaf_student_quant_20260908/formal_ports_runs_a39c832/dior/contrast/seed_43/methods/LPLD/eval_full_contrast_ids_v1/class_ap.txt
DIOR,contrast,LPLD,43,ema,vehicle,0.286,printed class_ap.txt (typically 3 decimals),,,complete,/mnt/shared/zechuan/iraod_artifacts/comparison/xaf_student_quant_20260908/formal_ports_runs_a39c832/dior/contrast/seed_43/methods/LPLD/eval_full_contrast_ids_v1/class_ap.txt
DIOR,contrast,LPLD,43,ema,windmill,0.176,printed class_ap.txt (typically 3 decimals),,,complete,/mnt/shared/zechuan/iraod_artifacts/comparison/xaf_student_quant_20260908/formal_ports_runs_a39c832/dior/contrast/seed_43/methods/LPLD/eval_full_contrast_ids_v1/class_ap.txt
DIOR,contrast,LPLD,44,ema,airplane,0.49,printed class_ap.txt (typically 3 decimals),,,complete,/mnt/shared/zechuan/iraod_artifacts/comparison/xaf_student_quant_20260908/formal_ports_runs_a39c832/dior/contrast/seed_44/methods/LPLD/eval_full_contrast_ids_v1/class_ap.txt
DIOR,contrast,LPLD,44,ema,airport,0.007,printed class_ap.txt (typically 3 decimals),,,complete,/mnt/shared/zechuan/iraod_artifacts/comparison/xaf_student_quant_20260908/formal_ports_runs_a39c832/dior/contrast/seed_44/methods/LPLD/eval_full_contrast_ids_v1/class_ap.txt
DIOR,contrast,LPLD,44,ema,baseballfield,0.526,printed class_ap.txt (typically 3 decimals),,,complete,/mnt/shared/zechuan/iraod_artifacts/comparison/xaf_student_quant_20260908/formal_ports_runs_a39c832/dior/contrast/seed_44/methods/LPLD/eval_full_contrast_ids_v1/class_ap.txt
DIOR,contrast,LPLD,44,ema,basketballcourt,0.367,printed class_ap.txt (typically 3 decimals),,,complete,/mnt/shared/zechuan/iraod_artifacts/comparison/xaf_student_quant_20260908/formal_ports_runs_a39c832/dior/contrast/seed_44/methods/LPLD/eval_full_contrast_ids_v1/class_ap.txt
DIOR,contrast,LPLD,44,ema,bridge,0.116,printed class_ap.txt (typically 3 decimals),,,complete,/mnt/shared/zechuan/iraod_artifacts/comparison/xaf_student_quant_20260908/formal_ports_runs_a39c832/dior/contrast/seed_44/methods/LPLD/eval_full_contrast_ids_v1/class_ap.txt
DIOR,contrast,LPLD,44,ema,chimney,0.386,printed class_ap.txt (typically 3 decimals),,,complete,/mnt/shared/zechuan/iraod_artifacts/comparison/xaf_student_quant_20260908/formal_ports_runs_a39c832/dior/contrast/seed_44/methods/LPLD/eval_full_contrast_ids_v1/class_ap.txt
DIOR,contrast,LPLD,44,ema,expressway-service-area,0.251,printed class_ap.txt (typically 3 decimals),,,complete,/mnt/shared/zechuan/iraod_artifacts/comparison/xaf_student_quant_20260908/formal_ports_runs_a39c832/dior/contrast/seed_44/methods/LPLD/eval_full_contrast_ids_v1/class_ap.txt
DIOR,contrast,LPLD,44,ema,expressway-toll-station,0.199,printed class_ap.txt (typically 3 decimals),,,complete,/mnt/shared/zechuan/iraod_artifacts/comparison/xaf_student_quant_20260908/formal_ports_runs_a39c832/dior/contrast/seed_44/methods/LPLD/eval_full_contrast_ids_v1/class_ap.txt
DIOR,contrast,LPLD,44,ema,dam,0.091,printed class_ap.txt (typically 3 decimals),,,complete,/mnt/shared/zechuan/iraod_artifacts/comparison/xaf_student_quant_20260908/formal_ports_runs_a39c832/dior/contrast/seed_44/methods/LPLD/eval_full_contrast_ids_v1/class_ap.txt
DIOR,contrast,LPLD,44,ema,golffield,0.237,printed class_ap.txt (typically 3 decimals),,,complete,/mnt/shared/zechuan/iraod_artifacts/comparison/xaf_student_quant_20260908/formal_ports_runs_a39c832/dior/contrast/seed_44/methods/LPLD/eval_full_contrast_ids_v1/class_ap.txt
DIOR,contrast,LPLD,44,ema,groundtrackfield,0.236,printed class_ap.txt (typically 3 decimals),,,complete,/mnt/shared/zechuan/iraod_artifacts/comparison/xaf_student_quant_20260908/formal_ports_runs_a39c832/dior/contrast/seed_44/methods/LPLD/eval_full_contrast_ids_v1/class_ap.txt
DIOR,contrast,LPLD,44,ema,harbor,0.143,printed class_ap.txt (typically 3 decimals),,,complete,/mnt/shared/zechuan/iraod_artifacts/comparison/xaf_student_quant_20260908/formal_ports_runs_a39c832/dior/contrast/seed_44/methods/LPLD/eval_full_contrast_ids_v1/class_ap.txt
DIOR,contrast,LPLD,44,ema,overpass,0.162,printed class_ap.txt (typically 3 decimals),,,complete,/mnt/shared/zechuan/iraod_artifacts/comparison/xaf_student_quant_20260908/formal_ports_runs_a39c832/dior/contrast/seed_44/methods/LPLD/eval_full_contrast_ids_v1/class_ap.txt
DIOR,contrast,LPLD,44,ema,ship,0.68,printed class_ap.txt (typically 3 decimals),,,complete,/mnt/shared/zechuan/iraod_artifacts/comparison/xaf_student_quant_20260908/formal_ports_runs_a39c832/dior/contrast/seed_44/methods/LPLD/eval_full_contrast_ids_v1/class_ap.txt
DIOR,contrast,LPLD,44,ema,stadium,0.217,printed class_ap.txt (typically 3 decimals),,,complete,/mnt/shared/zechuan/iraod_artifacts/comparison/xaf_student_quant_20260908/formal_ports_runs_a39c832/dior/contrast/seed_44/methods/LPLD/eval_full_contrast_ids_v1/class_ap.txt
DIOR,contrast,LPLD,44,ema,storagetank,0.467,printed class_ap.txt (typically 3 decimals),,,complete,/mnt/shared/zechuan/iraod_artifacts/comparison/xaf_student_quant_20260908/formal_ports_runs_a39c832/dior/contrast/seed_44/methods/LPLD/eval_full_contrast_ids_v1/class_ap.txt
DIOR,contrast,LPLD,44,ema,tenniscourt,0.612,printed class_ap.txt (typically 3 decimals),,,complete,/mnt/shared/zechuan/iraod_artifacts/comparison/xaf_student_quant_20260908/formal_ports_runs_a39c832/dior/contrast/seed_44/methods/LPLD/eval_full_contrast_ids_v1/class_ap.txt
DIOR,contrast,LPLD,44,ema,trainstation,0.084,printed class_ap.txt (typically 3 decimals),,,complete,/mnt/shared/zechuan/iraod_artifacts/comparison/xaf_student_quant_20260908/formal_ports_runs_a39c832/dior/contrast/seed_44/methods/LPLD/eval_full_contrast_ids_v1/class_ap.txt
DIOR,contrast,LPLD,44,ema,vehicle,0.287,printed class_ap.txt (typically 3 decimals),,,complete,/mnt/shared/zechuan/iraod_artifacts/comparison/xaf_student_quant_20260908/formal_ports_runs_a39c832/dior/contrast/seed_44/methods/LPLD/eval_full_contrast_ids_v1/class_ap.txt
DIOR,contrast,LPLD,44,ema,windmill,0.162,printed class_ap.txt (typically 3 decimals),,,complete,/mnt/shared/zechuan/iraod_artifacts/comparison/xaf_student_quant_20260908/formal_ports_runs_a39c832/dior/contrast/seed_44/methods/LPLD/eval_full_contrast_ids_v1/class_ap.txt
DIOR,contrast,SFUT,42,ema,airplane,0.494,printed class_ap.txt (typically 3 decimals),,,complete,/mnt/shared/zechuan/iraod_artifacts/comparison/xaf_student_quant_20260908/formal_ports_runs_a39c832/dior/contrast/seed_42/methods/SFUT/eval_full_contrast_ids_v1/class_ap.txt
DIOR,contrast,SFUT,42,ema,airport,0.011,printed class_ap.txt (typically 3 decimals),,,complete,/mnt/shared/zechuan/iraod_artifacts/comparison/xaf_student_quant_20260908/formal_ports_runs_a39c832/dior/contrast/seed_42/methods/SFUT/eval_full_contrast_ids_v1/class_ap.txt
DIOR,contrast,SFUT,42,ema,baseballfield,0.525,printed class_ap.txt (typically 3 decimals),,,complete,/mnt/shared/zechuan/iraod_artifacts/comparison/xaf_student_quant_20260908/formal_ports_runs_a39c832/dior/contrast/seed_42/methods/SFUT/eval_full_contrast_ids_v1/class_ap.txt
DIOR,contrast,SFUT,42,ema,basketballcourt,0.358,printed class_ap.txt (typically 3 decimals),,,complete,/mnt/shared/zechuan/iraod_artifacts/comparison/xaf_student_quant_20260908/formal_ports_runs_a39c832/dior/contrast/seed_42/methods/SFUT/eval_full_contrast_ids_v1/class_ap.txt
DIOR,contrast,SFUT,42,ema,bridge,0.111,printed class_ap.txt (typically 3 decimals),,,complete,/mnt/shared/zechuan/iraod_artifacts/comparison/xaf_student_quant_20260908/formal_ports_runs_a39c832/dior/contrast/seed_42/methods/SFUT/eval_full_contrast_ids_v1/class_ap.txt
DIOR,contrast,SFUT,42,ema,chimney,0.382,printed class_ap.txt (typically 3 decimals),,,complete,/mnt/shared/zechuan/iraod_artifacts/comparison/xaf_student_quant_20260908/formal_ports_runs_a39c832/dior/contrast/seed_42/methods/SFUT/eval_full_contrast_ids_v1/class_ap.txt
DIOR,contrast,SFUT,42,ema,expressway-service-area,0.241,printed class_ap.txt (typically 3 decimals),,,complete,/mnt/shared/zechuan/iraod_artifacts/comparison/xaf_student_quant_20260908/formal_ports_runs_a39c832/dior/contrast/seed_42/methods/SFUT/eval_full_contrast_ids_v1/class_ap.txt
DIOR,contrast,SFUT,42,ema,expressway-toll-station,0.196,printed class_ap.txt (typically 3 decimals),,,complete,/mnt/shared/zechuan/iraod_artifacts/comparison/xaf_student_quant_20260908/formal_ports_runs_a39c832/dior/contrast/seed_42/methods/SFUT/eval_full_contrast_ids_v1/class_ap.txt
DIOR,contrast,SFUT,42,ema,dam,0.091,printed class_ap.txt (typically 3 decimals),,,complete,/mnt/shared/zechuan/iraod_artifacts/comparison/xaf_student_quant_20260908/formal_ports_runs_a39c832/dior/contrast/seed_42/methods/SFUT/eval_full_contrast_ids_v1/class_ap.txt
DIOR,contrast,SFUT,42,ema,golffield,0.237,printed class_ap.txt (typically 3 decimals),,,complete,/mnt/shared/zechuan/iraod_artifacts/comparison/xaf_student_quant_20260908/formal_ports_runs_a39c832/dior/contrast/seed_42/methods/SFUT/eval_full_contrast_ids_v1/class_ap.txt
DIOR,contrast,SFUT,42,ema,groundtrackfield,0.224,printed class_ap.txt (typically 3 decimals),,,complete,/mnt/shared/zechuan/iraod_artifacts/comparison/xaf_student_quant_20260908/formal_ports_runs_a39c832/dior/contrast/seed_42/methods/SFUT/eval_full_contrast_ids_v1/class_ap.txt
DIOR,contrast,SFUT,42,ema,harbor,0.135,printed class_ap.txt (typically 3 decimals),,,complete,/mnt/shared/zechuan/iraod_artifacts/comparison/xaf_student_quant_20260908/formal_ports_runs_a39c832/dior/contrast/seed_42/methods/SFUT/eval_full_contrast_ids_v1/class_ap.txt
DIOR,contrast,SFUT,42,ema,overpass,0.162,printed class_ap.txt (typically 3 decimals),,,complete,/mnt/shared/zechuan/iraod_artifacts/comparison/xaf_student_quant_20260908/formal_ports_runs_a39c832/dior/contrast/seed_42/methods/SFUT/eval_full_contrast_ids_v1/class_ap.txt
DIOR,contrast,SFUT,42,ema,ship,0.676,printed class_ap.txt (typically 3 decimals),,,complete,/mnt/shared/zechuan/iraod_artifacts/comparison/xaf_student_quant_20260908/formal_ports_runs_a39c832/dior/contrast/seed_42/methods/SFUT/eval_full_contrast_ids_v1/class_ap.txt
DIOR,contrast,SFUT,42,ema,stadium,0.21,printed class_ap.txt (typically 3 decimals),,,complete,/mnt/shared/zechuan/iraod_artifacts/comparison/xaf_student_quant_20260908/formal_ports_runs_a39c832/dior/contrast/seed_42/methods/SFUT/eval_full_contrast_ids_v1/class_ap.txt
DIOR,contrast,SFUT,42,ema,storagetank,0.467,printed class_ap.txt (typically 3 decimals),,,complete,/mnt/shared/zechuan/iraod_artifacts/comparison/xaf_student_quant_20260908/formal_ports_runs_a39c832/dior/contrast/seed_42/methods/SFUT/eval_full_contrast_ids_v1/class_ap.txt
DIOR,contrast,SFUT,42,ema,tenniscourt,0.608,printed class_ap.txt (typically 3 decimals),,,complete,/mnt/shared/zechuan/iraod_artifacts/comparison/xaf_student_quant_20260908/formal_ports_runs_a39c832/dior/contrast/seed_42/methods/SFUT/eval_full_contrast_ids_v1/class_ap.txt
DIOR,contrast,SFUT,42,ema,trainstation,0.079,printed class_ap.txt (typically 3 decimals),,,complete,/mnt/shared/zechuan/iraod_artifacts/comparison/xaf_student_quant_20260908/formal_ports_runs_a39c832/dior/contrast/seed_42/methods/SFUT/eval_full_contrast_ids_v1/class_ap.txt
DIOR,contrast,SFUT,42,ema,vehicle,0.285,printed class_ap.txt (typically 3 decimals),,,complete,/mnt/shared/zechuan/iraod_artifacts/comparison/xaf_student_quant_20260908/formal_ports_runs_a39c832/dior/contrast/seed_42/methods/SFUT/eval_full_contrast_ids_v1/class_ap.txt
DIOR,contrast,SFUT,42,ema,windmill,0.163,printed class_ap.txt (typically 3 decimals),,,complete,/mnt/shared/zechuan/iraod_artifacts/comparison/xaf_student_quant_20260908/formal_ports_runs_a39c832/dior/contrast/seed_42/methods/SFUT/eval_full_contrast_ids_v1/class_ap.txt
DIOR,contrast,SFUT,43,ema,airplane,0.493,printed class_ap.txt (typically 3 decimals),,,complete,/mnt/shared/zechuan/iraod_artifacts/comparison/xaf_student_quant_20260908/formal_ports_runs_a39c832/dior/contrast/seed_43/methods/SFUT/eval_full_contrast_ids_v1/class_ap.txt
DIOR,contrast,SFUT,43,ema,airport,0.011,printed class_ap.txt (typically 3 decimals),,,complete,/mnt/shared/zechuan/iraod_artifacts/comparison/xaf_student_quant_20260908/formal_ports_runs_a39c832/dior/contrast/seed_43/methods/SFUT/eval_full_contrast_ids_v1/class_ap.txt
DIOR,contrast,SFUT,43,ema,baseballfield,0.525,printed class_ap.txt (typically 3 decimals),,,complete,/mnt/shared/zechuan/iraod_artifacts/comparison/xaf_student_quant_20260908/formal_ports_runs_a39c832/dior/contrast/seed_43/methods/SFUT/eval_full_contrast_ids_v1/class_ap.txt
DIOR,contrast,SFUT,43,ema,basketballcourt,0.358,printed class_ap.txt (typically 3 decimals),,,complete,/mnt/shared/zechuan/iraod_artifacts/comparison/xaf_student_quant_20260908/formal_ports_runs_a39c832/dior/contrast/seed_43/methods/SFUT/eval_full_contrast_ids_v1/class_ap.txt
DIOR,contrast,SFUT,43,ema,bridge,0.113,printed class_ap.txt (typically 3 decimals),,,complete,/mnt/shared/zechuan/iraod_artifacts/comparison/xaf_student_quant_20260908/formal_ports_runs_a39c832/dior/contrast/seed_43/methods/SFUT/eval_full_contrast_ids_v1/class_ap.txt
DIOR,contrast,SFUT,43,ema,chimney,0.383,printed class_ap.txt (typically 3 decimals),,,complete,/mnt/shared/zechuan/iraod_artifacts/comparison/xaf_student_quant_20260908/formal_ports_runs_a39c832/dior/contrast/seed_43/methods/SFUT/eval_full_contrast_ids_v1/class_ap.txt
DIOR,contrast,SFUT,43,ema,expressway-service-area,0.242,printed class_ap.txt (typically 3 decimals),,,complete,/mnt/shared/zechuan/iraod_artifacts/comparison/xaf_student_quant_20260908/formal_ports_runs_a39c832/dior/contrast/seed_43/methods/SFUT/eval_full_contrast_ids_v1/class_ap.txt
DIOR,contrast,SFUT,43,ema,expressway-toll-station,0.196,printed class_ap.txt (typically 3 decimals),,,complete,/mnt/shared/zechuan/iraod_artifacts/comparison/xaf_student_quant_20260908/formal_ports_runs_a39c832/dior/contrast/seed_43/methods/SFUT/eval_full_contrast_ids_v1/class_ap.txt
DIOR,contrast,SFUT,43,ema,dam,0.091,printed class_ap.txt (typically 3 decimals),,,complete,/mnt/shared/zechuan/iraod_artifacts/comparison/xaf_student_quant_20260908/formal_ports_runs_a39c832/dior/contrast/seed_43/methods/SFUT/eval_full_contrast_ids_v1/class_ap.txt
DIOR,contrast,SFUT,43,ema,golffield,0.231,printed class_ap.txt (typically 3 decimals),,,complete,/mnt/shared/zechuan/iraod_artifacts/comparison/xaf_student_quant_20260908/formal_ports_runs_a39c832/dior/contrast/seed_43/methods/SFUT/eval_full_contrast_ids_v1/class_ap.txt
DIOR,contrast,SFUT,43,ema,groundtrackfield,0.224,printed class_ap.txt (typically 3 decimals),,,complete,/mnt/shared/zechuan/iraod_artifacts/comparison/xaf_student_quant_20260908/formal_ports_runs_a39c832/dior/contrast/seed_43/methods/SFUT/eval_full_contrast_ids_v1/class_ap.txt
DIOR,contrast,SFUT,43,ema,harbor,0.135,printed class_ap.txt (typically 3 decimals),,,complete,/mnt/shared/zechuan/iraod_artifacts/comparison/xaf_student_quant_20260908/formal_ports_runs_a39c832/dior/contrast/seed_43/methods/SFUT/eval_full_contrast_ids_v1/class_ap.txt
DIOR,contrast,SFUT,43,ema,overpass,0.161,printed class_ap.txt (typically 3 decimals),,,complete,/mnt/shared/zechuan/iraod_artifacts/comparison/xaf_student_quant_20260908/formal_ports_runs_a39c832/dior/contrast/seed_43/methods/SFUT/eval_full_contrast_ids_v1/class_ap.txt
DIOR,contrast,SFUT,43,ema,ship,0.676,printed class_ap.txt (typically 3 decimals),,,complete,/mnt/shared/zechuan/iraod_artifacts/comparison/xaf_student_quant_20260908/formal_ports_runs_a39c832/dior/contrast/seed_43/methods/SFUT/eval_full_contrast_ids_v1/class_ap.txt
DIOR,contrast,SFUT,43,ema,stadium,0.214,printed class_ap.txt (typically 3 decimals),,,complete,/mnt/shared/zechuan/iraod_artifacts/comparison/xaf_student_quant_20260908/formal_ports_runs_a39c832/dior/contrast/seed_43/methods/SFUT/eval_full_contrast_ids_v1/class_ap.txt
DIOR,contrast,SFUT,43,ema,storagetank,0.466,printed class_ap.txt (typically 3 decimals),,,complete,/mnt/shared/zechuan/iraod_artifacts/comparison/xaf_student_quant_20260908/formal_ports_runs_a39c832/dior/contrast/seed_43/methods/SFUT/eval_full_contrast_ids_v1/class_ap.txt
DIOR,contrast,SFUT,43,ema,tenniscourt,0.608,printed class_ap.txt (typically 3 decimals),,,complete,/mnt/shared/zechuan/iraod_artifacts/comparison/xaf_student_quant_20260908/formal_ports_runs_a39c832/dior/contrast/seed_43/methods/SFUT/eval_full_contrast_ids_v1/class_ap.txt
DIOR,contrast,SFUT,43,ema,trainstation,0.078,printed class_ap.txt (typically 3 decimals),,,complete,/mnt/shared/zechuan/iraod_artifacts/comparison/xaf_student_quant_20260908/formal_ports_runs_a39c832/dior/contrast/seed_43/methods/SFUT/eval_full_contrast_ids_v1/class_ap.txt
DIOR,contrast,SFUT,43,ema,vehicle,0.285,printed class_ap.txt (typically 3 decimals),,,complete,/mnt/shared/zechuan/iraod_artifacts/comparison/xaf_student_quant_20260908/formal_ports_runs_a39c832/dior/contrast/seed_43/methods/SFUT/eval_full_contrast_ids_v1/class_ap.txt
DIOR,contrast,SFUT,43,ema,windmill,0.166,printed class_ap.txt (typically 3 decimals),,,complete,/mnt/shared/zechuan/iraod_artifacts/comparison/xaf_student_quant_20260908/formal_ports_runs_a39c832/dior/contrast/seed_43/methods/SFUT/eval_full_contrast_ids_v1/class_ap.txt
DIOR,contrast,SFUT,44,ema,airplane,0.493,printed class_ap.txt (typically 3 decimals),,,complete,/mnt/shared/zechuan/iraod_artifacts/comparison/xaf_student_quant_20260908/formal_ports_runs_a39c832/dior/contrast/seed_44/methods/SFUT/eval_full_contrast_ids_v1/class_ap.txt
DIOR,contrast,SFUT,44,ema,airport,0.011,printed class_ap.txt (typically 3 decimals),,,complete,/mnt/shared/zechuan/iraod_artifacts/comparison/xaf_student_quant_20260908/formal_ports_runs_a39c832/dior/contrast/seed_44/methods/SFUT/eval_full_contrast_ids_v1/class_ap.txt
DIOR,contrast,SFUT,44,ema,baseballfield,0.525,printed class_ap.txt (typically 3 decimals),,,complete,/mnt/shared/zechuan/iraod_artifacts/comparison/xaf_student_quant_20260908/formal_ports_runs_a39c832/dior/contrast/seed_44/methods/SFUT/eval_full_contrast_ids_v1/class_ap.txt
DIOR,contrast,SFUT,44,ema,basketballcourt,0.359,printed class_ap.txt (typically 3 decimals),,,complete,/mnt/shared/zechuan/iraod_artifacts/comparison/xaf_student_quant_20260908/formal_ports_runs_a39c832/dior/contrast/seed_44/methods/SFUT/eval_full_contrast_ids_v1/class_ap.txt
DIOR,contrast,SFUT,44,ema,bridge,0.111,printed class_ap.txt (typically 3 decimals),,,complete,/mnt/shared/zechuan/iraod_artifacts/comparison/xaf_student_quant_20260908/formal_ports_runs_a39c832/dior/contrast/seed_44/methods/SFUT/eval_full_contrast_ids_v1/class_ap.txt
DIOR,contrast,SFUT,44,ema,chimney,0.382,printed class_ap.txt (typically 3 decimals),,,complete,/mnt/shared/zechuan/iraod_artifacts/comparison/xaf_student_quant_20260908/formal_ports_runs_a39c832/dior/contrast/seed_44/methods/SFUT/eval_full_contrast_ids_v1/class_ap.txt
DIOR,contrast,SFUT,44,ema,expressway-service-area,0.241,printed class_ap.txt (typically 3 decimals),,,complete,/mnt/shared/zechuan/iraod_artifacts/comparison/xaf_student_quant_20260908/formal_ports_runs_a39c832/dior/contrast/seed_44/methods/SFUT/eval_full_contrast_ids_v1/class_ap.txt
DIOR,contrast,SFUT,44,ema,expressway-toll-station,0.197,printed class_ap.txt (typically 3 decimals),,,complete,/mnt/shared/zechuan/iraod_artifacts/comparison/xaf_student_quant_20260908/formal_ports_runs_a39c832/dior/contrast/seed_44/methods/SFUT/eval_full_contrast_ids_v1/class_ap.txt
DIOR,contrast,SFUT,44,ema,dam,0.091,printed class_ap.txt (typically 3 decimals),,,complete,/mnt/shared/zechuan/iraod_artifacts/comparison/xaf_student_quant_20260908/formal_ports_runs_a39c832/dior/contrast/seed_44/methods/SFUT/eval_full_contrast_ids_v1/class_ap.txt
DIOR,contrast,SFUT,44,ema,golffield,0.231,printed class_ap.txt (typically 3 decimals),,,complete,/mnt/shared/zechuan/iraod_artifacts/comparison/xaf_student_quant_20260908/formal_ports_runs_a39c832/dior/contrast/seed_44/methods/SFUT/eval_full_contrast_ids_v1/class_ap.txt
DIOR,contrast,SFUT,44,ema,groundtrackfield,0.225,printed class_ap.txt (typically 3 decimals),,,complete,/mnt/shared/zechuan/iraod_artifacts/comparison/xaf_student_quant_20260908/formal_ports_runs_a39c832/dior/contrast/seed_44/methods/SFUT/eval_full_contrast_ids_v1/class_ap.txt
DIOR,contrast,SFUT,44,ema,harbor,0.134,printed class_ap.txt (typically 3 decimals),,,complete,/mnt/shared/zechuan/iraod_artifacts/comparison/xaf_student_quant_20260908/formal_ports_runs_a39c832/dior/contrast/seed_44/methods/SFUT/eval_full_contrast_ids_v1/class_ap.txt
DIOR,contrast,SFUT,44,ema,overpass,0.161,printed class_ap.txt (typically 3 decimals),,,complete,/mnt/shared/zechuan/iraod_artifacts/comparison/xaf_student_quant_20260908/formal_ports_runs_a39c832/dior/contrast/seed_44/methods/SFUT/eval_full_contrast_ids_v1/class_ap.txt
DIOR,contrast,SFUT,44,ema,ship,0.677,printed class_ap.txt (typically 3 decimals),,,complete,/mnt/shared/zechuan/iraod_artifacts/comparison/xaf_student_quant_20260908/formal_ports_runs_a39c832/dior/contrast/seed_44/methods/SFUT/eval_full_contrast_ids_v1/class_ap.txt
DIOR,contrast,SFUT,44,ema,stadium,0.215,printed class_ap.txt (typically 3 decimals),,,complete,/mnt/shared/zechuan/iraod_artifacts/comparison/xaf_student_quant_20260908/formal_ports_runs_a39c832/dior/contrast/seed_44/methods/SFUT/eval_full_contrast_ids_v1/class_ap.txt
DIOR,contrast,SFUT,44,ema,storagetank,0.467,printed class_ap.txt (typically 3 decimals),,,complete,/mnt/shared/zechuan/iraod_artifacts/comparison/xaf_student_quant_20260908/formal_ports_runs_a39c832/dior/contrast/seed_44/methods/SFUT/eval_full_contrast_ids_v1/class_ap.txt
DIOR,contrast,SFUT,44,ema,tenniscourt,0.608,printed class_ap.txt (typically 3 decimals),,,complete,/mnt/shared/zechuan/iraod_artifacts/comparison/xaf_student_quant_20260908/formal_ports_runs_a39c832/dior/contrast/seed_44/methods/SFUT/eval_full_contrast_ids_v1/class_ap.txt
DIOR,contrast,SFUT,44,ema,trainstation,0.077,printed class_ap.txt (typically 3 decimals),,,complete,/mnt/shared/zechuan/iraod_artifacts/comparison/xaf_student_quant_20260908/formal_ports_runs_a39c832/dior/contrast/seed_44/methods/SFUT/eval_full_contrast_ids_v1/class_ap.txt
DIOR,contrast,SFUT,44,ema,vehicle,0.285,printed class_ap.txt (typically 3 decimals),,,complete,/mnt/shared/zechuan/iraod_artifacts/comparison/xaf_student_quant_20260908/formal_ports_runs_a39c832/dior/contrast/seed_44/methods/SFUT/eval_full_contrast_ids_v1/class_ap.txt
DIOR,contrast,SFUT,44,ema,windmill,0.165,printed class_ap.txt (typically 3 decimals),,,complete,/mnt/shared/zechuan/iraod_artifacts/comparison/xaf_student_quant_20260908/formal_ports_runs_a39c832/dior/contrast/seed_44/methods/SFUT/eval_full_contrast_ids_v1/class_ap.txt
