dataset,domain,method,seed,role,eval_dir,eval_json,prediction_image_ids,config,status,mAP50,eval_mAP50,problems,n_predictions,n_post_nms_detections,checkpoint,source_id,gpu_provenance,eval_status,class_ap,predictions,pred_count,training_code_sha,evaluation_code_sha,recorded_training_code_sha,effective_training_code_sha,actual_source_producer_sha,producer_metadata_status,producer_metadata_correction,historical_mAP50,historical_file,comparison_group,binding_file,native_execution,collection_problems
RSAR,clean,A,42,source,/mnt/shared/zechuan/iraod_artifacts/comparison/rsar/clean/seed_42/0f98a48/methods/A/eval_full_clean_ids_v1,/mnt/shared/zechuan/iraod_artifacts/comparison/rsar/clean/seed_42/0f98a48/methods/A/eval_full_clean_ids_v1/eval_20260907_053721.json,/mnt/shared/zechuan/iraod_artifacts/comparison/rsar/clean/seed_42/0f98a48/methods/A/eval_full_clean_ids_v1/predictions.pkl.image_ids.json,/mnt/SSD2_8TB/zechuan/IRAOD-New-rc331d213/configs/baseline/oriented_rcnn_orthonet_rsar.py,complete,0.5313997864723206,0.5313997864723206,[],8538,59554,/mnt/shared/zechuan/iraod_artifacts/rsar_source/seed42-orthonet-ddp4-gpu4567-spg16-gbs64/train/epoch_100.pth,e489f015cc2b67926a415436c97532ff814f826c4861b659cbc712fb9413b98c,,/mnt/shared/zechuan/iraod_artifacts/comparison/rsar/clean/seed_42/0f98a48/methods/A/eval_full_clean_ids_v1/eval_status,/mnt/shared/zechuan/iraod_artifacts/comparison/rsar/clean/seed_42/0f98a48/methods/A/eval_full_clean_ids_v1/class_ap.txt,/mnt/shared/zechuan/iraod_artifacts/comparison/rsar/clean/seed_42/0f98a48/methods/A/eval_full_clean_ids_v1/predictions.pkl,/mnt/shared/zechuan/iraod_artifacts/comparison/rsar/clean/seed_42/0f98a48/methods/A/eval_full_clean_ids_v1/pred_count.txt,0f98a48b539f9260055fc305784ffbc924f50451,331d2131b84651f0a2930a3d53faeefad8701531,0f98a48b539f9260055fc305784ffbc924f50451,b474aaa5f7718746215ce13beceb071617bb823e,b474aaa5f7718746215ce13beceb071617bb823e,source_producer_corrected_in_report,"{""dataset"": ""RSAR"", ""domain"": ""clean"", ""method"": ""A"", ""seed"": 42, ""role"": ""source"", ""field"": ""training_code_sha"", ""recorded"": ""0f98a48b539f9260055fc305784ffbc924f50451"", ""actual"": ""b474aaa5f7718746215ce13beceb071617bb823e"", ""source_checkpoint"": ""/mnt/shared/zechuan/iraod_artifacts/rsar_source/seed42-orthonet-ddp4-gpu4567-spg16-gbs64/train/epoch_100.pth"", ""source_weights_sha256"": ""e489f015cc2b67926a415436c97532ff814f826c4861b659cbc712fb9413b98c"", ""source_record"": ""/mnt/shared/zechuan/iraod_artifacts/rsar_source/seed42-orthonet-ddp4-gpu4567-spg16-gbs64/reproducibility/git_commit.txt"", ""source_record_snapshot"": ""/mnt/shared/zechuan/iraod_artifacts/comparison/final_delivery_20260908_4a6bc50/input/source_records/RSAR_producer_git_commit.txt"", ""sidecar"": ""/mnt/shared/zechuan/iraod_artifacts/comparison/rsar/clean/seed_42/0f98a48/methods/A/eval_full_clean_ids_v1/predictions.pkl.image_ids.json"", ""sidecar_modified"": false, ""scope"": ""producer metadata only; weights, predictions, IDs and mAP unchanged""}",0.5313997864723206,/mnt/shared/zechuan/iraod_artifacts/comparison/xaf_student_quant_20260908/integration_code_752a139/results/paper_comparison/historical/seed42/raw_results.csv,fixed_source,,,
RSAR,clean,IRG,42,ema,/mnt/shared/zechuan/iraod_artifacts/comparison/xaf_student_quant_20260908/formal_ports_runs_a39c832/rsar/clean/seed_42/methods/IRG/eval_full_clean_ids_v1,/mnt/shared/zechuan/iraod_artifacts/comparison/xaf_student_quant_20260908/formal_ports_runs_a39c832/rsar/clean/seed_42/methods/IRG/eval_full_clean_ids_v1/eval_20260908_212008.json,/mnt/shared/zechuan/iraod_artifacts/comparison/xaf_student_quant_20260908/formal_ports_runs_a39c832/rsar/clean/seed_42/methods/IRG/eval_full_clean_ids_v1/predictions.pkl.image_ids.json,/mnt/SSD2_8TB/zechuan/IRAOD-New-rc331d213/configs/baseline/oriented_rcnn_orthonet_rsar.py,complete,0.5493465065956116,0.5493465065956116,[],8538,60894,/mnt/shared/zechuan/iraod_artifacts/comparison/xaf_student_quant_20260908/formal_ports_runs_a39c832/rsar/clean/seed_42/methods/IRG/work/iter_266_ema.pth,e489f015cc2b67926a415436c97532ff814f826c4861b659cbc712fb9413b98c,,/mnt/shared/zechuan/iraod_artifacts/comparison/xaf_student_quant_20260908/formal_ports_runs_a39c832/rsar/clean/seed_42/methods/IRG/eval_full_clean_ids_v1/eval_status,/mnt/shared/zechuan/iraod_artifacts/comparison/xaf_student_quant_20260908/formal_ports_runs_a39c832/rsar/clean/seed_42/methods/IRG/eval_full_clean_ids_v1/class_ap.txt,/mnt/shared/zechuan/iraod_artifacts/comparison/xaf_student_quant_20260908/formal_ports_runs_a39c832/rsar/clean/seed_42/methods/IRG/eval_full_clean_ids_v1/predictions.pkl,/mnt/shared/zechuan/iraod_artifacts/comparison/xaf_student_quant_20260908/formal_ports_runs_a39c832/rsar/clean/seed_42/methods/IRG/eval_full_clean_ids_v1/pred_count.txt,a39c83221c73e71d273b96ef95c65f6d8d1e84f9,331d2131b84651f0a2930a3d53faeefad8701531,a39c83221c73e71d273b96ef95c65f6d8d1e84f9,a39c83221c73e71d273b96ef95c65f6d8d1e84f9,,recorded_adaptation_producer,,,,common_one_epoch,/mnt/shared/zechuan/iraod_artifacts/comparison/xaf_student_quant_20260908/formal_ports_manifests_a39c832/runtime.json,/mnt/shared/zechuan/iraod_artifacts/comparison/xaf_student_quant_20260908/formal_ports_runs_a39c832/rsar/clean/seed_42/methods/IRG/eval_full_clean_ids_v1/execution.json,[]
RSAR,clean,IRG,43,ema,/mnt/shared/zechuan/iraod_artifacts/comparison/xaf_student_quant_20260908/formal_ports_runs_a39c832/rsar/clean/seed_43/methods/IRG/eval_full_clean_ids_v1,/mnt/shared/zechuan/iraod_artifacts/comparison/xaf_student_quant_20260908/formal_ports_runs_a39c832/rsar/clean/seed_43/methods/IRG/eval_full_clean_ids_v1/eval_20260908_212511.json,/mnt/shared/zechuan/iraod_artifacts/comparison/xaf_student_quant_20260908/formal_ports_runs_a39c832/rsar/clean/seed_43/methods/IRG/eval_full_clean_ids_v1/predictions.pkl.image_ids.json,/mnt/SSD2_8TB/zechuan/IRAOD-New-rc331d213/configs/baseline/oriented_rcnn_orthonet_rsar.py,complete,0.5494807362556458,0.5494807362556458,[],8538,63293,/mnt/shared/zechuan/iraod_artifacts/comparison/xaf_student_quant_20260908/formal_ports_runs_a39c832/rsar/clean/seed_43/methods/IRG/work/iter_266_ema.pth,e489f015cc2b67926a415436c97532ff814f826c4861b659cbc712fb9413b98c,,/mnt/shared/zechuan/iraod_artifacts/comparison/xaf_student_quant_20260908/formal_ports_runs_a39c832/rsar/clean/seed_43/methods/IRG/eval_full_clean_ids_v1/eval_status,/mnt/shared/zechuan/iraod_artifacts/comparison/xaf_student_quant_20260908/formal_ports_runs_a39c832/rsar/clean/seed_43/methods/IRG/eval_full_clean_ids_v1/class_ap.txt,/mnt/shared/zechuan/iraod_artifacts/comparison/xaf_student_quant_20260908/formal_ports_runs_a39c832/rsar/clean/seed_43/methods/IRG/eval_full_clean_ids_v1/predictions.pkl,/mnt/shared/zechuan/iraod_artifacts/comparison/xaf_student_quant_20260908/formal_ports_runs_a39c832/rsar/clean/seed_43/methods/IRG/eval_full_clean_ids_v1/pred_count.txt,a39c83221c73e71d273b96ef95c65f6d8d1e84f9,331d2131b84651f0a2930a3d53faeefad8701531,a39c83221c73e71d273b96ef95c65f6d8d1e84f9,a39c83221c73e71d273b96ef95c65f6d8d1e84f9,,recorded_adaptation_producer,,,,common_one_epoch,/mnt/shared/zechuan/iraod_artifacts/comparison/xaf_student_quant_20260908/formal_ports_manifests_a39c832/runtime.json,/mnt/shared/zechuan/iraod_artifacts/comparison/xaf_student_quant_20260908/formal_ports_runs_a39c832/rsar/clean/seed_43/methods/IRG/eval_full_clean_ids_v1/execution.json,[]
RSAR,clean,IRG,44,ema,/mnt/shared/zechuan/iraod_artifacts/comparison/xaf_student_quant_20260908/formal_ports_runs_a39c832/rsar/clean/seed_44/methods/IRG/eval_full_clean_ids_v1,/mnt/shared/zechuan/iraod_artifacts/comparison/xaf_student_quant_20260908/formal_ports_runs_a39c832/rsar/clean/seed_44/methods/IRG/eval_full_clean_ids_v1/eval_20260908_213002.json,/mnt/shared/zechuan/iraod_artifacts/comparison/xaf_student_quant_20260908/formal_ports_runs_a39c832/rsar/clean/seed_44/methods/IRG/eval_full_clean_ids_v1/predictions.pkl.image_ids.json,/mnt/SSD2_8TB/zechuan/IRAOD-New-rc331d213/configs/baseline/oriented_rcnn_orthonet_rsar.py,complete,0.5452831387519836,0.5452831387519836,[],8538,67455,/mnt/shared/zechuan/iraod_artifacts/comparison/xaf_student_quant_20260908/formal_ports_runs_a39c832/rsar/clean/seed_44/methods/IRG/work/iter_266_ema.pth,e489f015cc2b67926a415436c97532ff814f826c4861b659cbc712fb9413b98c,,/mnt/shared/zechuan/iraod_artifacts/comparison/xaf_student_quant_20260908/formal_ports_runs_a39c832/rsar/clean/seed_44/methods/IRG/eval_full_clean_ids_v1/eval_status,/mnt/shared/zechuan/iraod_artifacts/comparison/xaf_student_quant_20260908/formal_ports_runs_a39c832/rsar/clean/seed_44/methods/IRG/eval_full_clean_ids_v1/class_ap.txt,/mnt/shared/zechuan/iraod_artifacts/comparison/xaf_student_quant_20260908/formal_ports_runs_a39c832/rsar/clean/seed_44/methods/IRG/eval_full_clean_ids_v1/predictions.pkl,/mnt/shared/zechuan/iraod_artifacts/comparison/xaf_student_quant_20260908/formal_ports_runs_a39c832/rsar/clean/seed_44/methods/IRG/eval_full_clean_ids_v1/pred_count.txt,a39c83221c73e71d273b96ef95c65f6d8d1e84f9,331d2131b84651f0a2930a3d53faeefad8701531,a39c83221c73e71d273b96ef95c65f6d8d1e84f9,a39c83221c73e71d273b96ef95c65f6d8d1e84f9,,recorded_adaptation_producer,,,,common_one_epoch,/mnt/shared/zechuan/iraod_artifacts/comparison/xaf_student_quant_20260908/formal_ports_manifests_a39c832/runtime.json,/mnt/shared/zechuan/iraod_artifacts/comparison/xaf_student_quant_20260908/formal_ports_runs_a39c832/rsar/clean/seed_44/methods/IRG/eval_full_clean_ids_v1/execution.json,[]
RSAR,clean,LPLD,42,ema,/mnt/shared/zechuan/iraod_artifacts/comparison/xaf_student_quant_20260908/formal_ports_runs_a39c832/rsar/clean/seed_42/methods/LPLD/eval_full_clean_ids_v1,/mnt/shared/zechuan/iraod_artifacts/comparison/xaf_student_quant_20260908/formal_ports_runs_a39c832/rsar/clean/seed_42/methods/LPLD/eval_full_clean_ids_v1/eval_20260908_212112.json,/mnt/shared/zechuan/iraod_artifacts/comparison/xaf_student_quant_20260908/formal_ports_runs_a39c832/rsar/clean/seed_42/methods/LPLD/eval_full_clean_ids_v1/predictions.pkl.image_ids.json,/mnt/SSD2_8TB/zechuan/IRAOD-New-rc331d213/configs/baseline/oriented_rcnn_orthonet_rsar.py,complete,0.5343241691589355,0.5343241691589355,[],8538,79808,/mnt/shared/zechuan/iraod_artifacts/comparison/xaf_student_quant_20260908/formal_ports_runs_a39c832/rsar/clean/seed_42/methods/LPLD/work/iter_266_ema.pth,e489f015cc2b67926a415436c97532ff814f826c4861b659cbc712fb9413b98c,,/mnt/shared/zechuan/iraod_artifacts/comparison/xaf_student_quant_20260908/formal_ports_runs_a39c832/rsar/clean/seed_42/methods/LPLD/eval_full_clean_ids_v1/eval_status,/mnt/shared/zechuan/iraod_artifacts/comparison/xaf_student_quant_20260908/formal_ports_runs_a39c832/rsar/clean/seed_42/methods/LPLD/eval_full_clean_ids_v1/class_ap.txt,/mnt/shared/zechuan/iraod_artifacts/comparison/xaf_student_quant_20260908/formal_ports_runs_a39c832/rsar/clean/seed_42/methods/LPLD/eval_full_clean_ids_v1/predictions.pkl,/mnt/shared/zechuan/iraod_artifacts/comparison/xaf_student_quant_20260908/formal_ports_runs_a39c832/rsar/clean/seed_42/methods/LPLD/eval_full_clean_ids_v1/pred_count.txt,a39c83221c73e71d273b96ef95c65f6d8d1e84f9,331d2131b84651f0a2930a3d53faeefad8701531,a39c83221c73e71d273b96ef95c65f6d8d1e84f9,a39c83221c73e71d273b96ef95c65f6d8d1e84f9,,recorded_adaptation_producer,,,,common_one_epoch,/mnt/shared/zechuan/iraod_artifacts/comparison/xaf_student_quant_20260908/formal_ports_manifests_a39c832/runtime.json,/mnt/shared/zechuan/iraod_artifacts/comparison/xaf_student_quant_20260908/formal_ports_runs_a39c832/rsar/clean/seed_42/methods/LPLD/eval_full_clean_ids_v1/execution.json,[]
RSAR,clean,LPLD,43,ema,/mnt/shared/zechuan/iraod_artifacts/comparison/xaf_student_quant_20260908/formal_ports_runs_a39c832/rsar/clean/seed_43/methods/LPLD/eval_full_clean_ids_v1,/mnt/shared/zechuan/iraod_artifacts/comparison/xaf_student_quant_20260908/formal_ports_runs_a39c832/rsar/clean/seed_43/methods/LPLD/eval_full_clean_ids_v1/eval_20260908_212612.json,/mnt/shared/zechuan/iraod_artifacts/comparison/xaf_student_quant_20260908/formal_ports_runs_a39c832/rsar/clean/seed_43/methods/LPLD/eval_full_clean_ids_v1/predictions.pkl.image_ids.json,/mnt/SSD2_8TB/zechuan/IRAOD-New-rc331d213/configs/baseline/oriented_rcnn_orthonet_rsar.py,complete,0.5368838310241699,0.5368838310241699,[],8538,76939,/mnt/shared/zechuan/iraod_artifacts/comparison/xaf_student_quant_20260908/formal_ports_runs_a39c832/rsar/clean/seed_43/methods/LPLD/work/iter_266_ema.pth,e489f015cc2b67926a415436c97532ff814f826c4861b659cbc712fb9413b98c,,/mnt/shared/zechuan/iraod_artifacts/comparison/xaf_student_quant_20260908/formal_ports_runs_a39c832/rsar/clean/seed_43/methods/LPLD/eval_full_clean_ids_v1/eval_status,/mnt/shared/zechuan/iraod_artifacts/comparison/xaf_student_quant_20260908/formal_ports_runs_a39c832/rsar/clean/seed_43/methods/LPLD/eval_full_clean_ids_v1/class_ap.txt,/mnt/shared/zechuan/iraod_artifacts/comparison/xaf_student_quant_20260908/formal_ports_runs_a39c832/rsar/clean/seed_43/methods/LPLD/eval_full_clean_ids_v1/predictions.pkl,/mnt/shared/zechuan/iraod_artifacts/comparison/xaf_student_quant_20260908/formal_ports_runs_a39c832/rsar/clean/seed_43/methods/LPLD/eval_full_clean_ids_v1/pred_count.txt,a39c83221c73e71d273b96ef95c65f6d8d1e84f9,331d2131b84651f0a2930a3d53faeefad8701531,a39c83221c73e71d273b96ef95c65f6d8d1e84f9,a39c83221c73e71d273b96ef95c65f6d8d1e84f9,,recorded_adaptation_producer,,,,common_one_epoch,/mnt/shared/zechuan/iraod_artifacts/comparison/xaf_student_quant_20260908/formal_ports_manifests_a39c832/runtime.json,/mnt/shared/zechuan/iraod_artifacts/comparison/xaf_student_quant_20260908/formal_ports_runs_a39c832/rsar/clean/seed_43/methods/LPLD/eval_full_clean_ids_v1/execution.json,[]
RSAR,clean,LPLD,44,ema,/mnt/shared/zechuan/iraod_artifacts/comparison/xaf_student_quant_20260908/formal_ports_runs_a39c832/rsar/clean/seed_44/methods/LPLD/eval_full_clean_ids_v1,/mnt/shared/zechuan/iraod_artifacts/comparison/xaf_student_quant_20260908/formal_ports_runs_a39c832/rsar/clean/seed_44/methods/LPLD/eval_full_clean_ids_v1/eval_20260908_213017.json,/mnt/shared/zechuan/iraod_artifacts/comparison/xaf_student_quant_20260908/formal_ports_runs_a39c832/rsar/clean/seed_44/methods/LPLD/eval_full_clean_ids_v1/predictions.pkl.image_ids.json,/mnt/SSD2_8TB/zechuan/IRAOD-New-rc331d213/configs/baseline/oriented_rcnn_orthonet_rsar.py,complete,0.5306307673454285,0.5306307673454285,[],8538,86934,/mnt/shared/zechuan/iraod_artifacts/comparison/xaf_student_quant_20260908/formal_ports_runs_a39c832/rsar/clean/seed_44/methods/LPLD/work/iter_266_ema.pth,e489f015cc2b67926a415436c97532ff814f826c4861b659cbc712fb9413b98c,,/mnt/shared/zechuan/iraod_artifacts/comparison/xaf_student_quant_20260908/formal_ports_runs_a39c832/rsar/clean/seed_44/methods/LPLD/eval_full_clean_ids_v1/eval_status,/mnt/shared/zechuan/iraod_artifacts/comparison/xaf_student_quant_20260908/formal_ports_runs_a39c832/rsar/clean/seed_44/methods/LPLD/eval_full_clean_ids_v1/class_ap.txt,/mnt/shared/zechuan/iraod_artifacts/comparison/xaf_student_quant_20260908/formal_ports_runs_a39c832/rsar/clean/seed_44/methods/LPLD/eval_full_clean_ids_v1/predictions.pkl,/mnt/shared/zechuan/iraod_artifacts/comparison/xaf_student_quant_20260908/formal_ports_runs_a39c832/rsar/clean/seed_44/methods/LPLD/eval_full_clean_ids_v1/pred_count.txt,a39c83221c73e71d273b96ef95c65f6d8d1e84f9,331d2131b84651f0a2930a3d53faeefad8701531,a39c83221c73e71d273b96ef95c65f6d8d1e84f9,a39c83221c73e71d273b96ef95c65f6d8d1e84f9,,recorded_adaptation_producer,,,,common_one_epoch,/mnt/shared/zechuan/iraod_artifacts/comparison/xaf_student_quant_20260908/formal_ports_manifests_a39c832/runtime.json,/mnt/shared/zechuan/iraod_artifacts/comparison/xaf_student_quant_20260908/formal_ports_runs_a39c832/rsar/clean/seed_44/methods/LPLD/eval_full_clean_ids_v1/execution.json,[]
RSAR,clean,SFUT,42,ema,/mnt/shared/zechuan/iraod_artifacts/comparison/xaf_student_quant_20260908/formal_ports_runs_a39c832/rsar/clean/seed_42/methods/SFUT/eval_full_clean_ids_v1,/mnt/shared/zechuan/iraod_artifacts/comparison/xaf_student_quant_20260908/formal_ports_runs_a39c832/rsar/clean/seed_42/methods/SFUT/eval_full_clean_ids_v1/eval_20260908_212501.json,/mnt/shared/zechuan/iraod_artifacts/comparison/xaf_student_quant_20260908/formal_ports_runs_a39c832/rsar/clean/seed_42/methods/SFUT/eval_full_clean_ids_v1/predictions.pkl.image_ids.json,/mnt/SSD2_8TB/zechuan/IRAOD-New-rc331d213/configs/baseline/oriented_rcnn_orthonet_rsar.py,complete,0.544184148311615,0.544184148311615,[],8538,61033,/mnt/shared/zechuan/iraod_artifacts/comparison/xaf_student_quant_20260908/formal_ports_runs_a39c832/rsar/clean/seed_42/methods/SFUT/work/iter_266_ema.pth,e489f015cc2b67926a415436c97532ff814f826c4861b659cbc712fb9413b98c,,/mnt/shared/zechuan/iraod_artifacts/comparison/xaf_student_quant_20260908/formal_ports_runs_a39c832/rsar/clean/seed_42/methods/SFUT/eval_full_clean_ids_v1/eval_status,/mnt/shared/zechuan/iraod_artifacts/comparison/xaf_student_quant_20260908/formal_ports_runs_a39c832/rsar/clean/seed_42/methods/SFUT/eval_full_clean_ids_v1/class_ap.txt,/mnt/shared/zechuan/iraod_artifacts/comparison/xaf_student_quant_20260908/formal_ports_runs_a39c832/rsar/clean/seed_42/methods/SFUT/eval_full_clean_ids_v1/predictions.pkl,/mnt/shared/zechuan/iraod_artifacts/comparison/xaf_student_quant_20260908/formal_ports_runs_a39c832/rsar/clean/seed_42/methods/SFUT/eval_full_clean_ids_v1/pred_count.txt,a39c83221c73e71d273b96ef95c65f6d8d1e84f9,331d2131b84651f0a2930a3d53faeefad8701531,a39c83221c73e71d273b96ef95c65f6d8d1e84f9,a39c83221c73e71d273b96ef95c65f6d8d1e84f9,,recorded_adaptation_producer,,,,common_one_epoch,/mnt/shared/zechuan/iraod_artifacts/comparison/xaf_student_quant_20260908/formal_ports_manifests_a39c832/runtime.json,/mnt/shared/zechuan/iraod_artifacts/comparison/xaf_student_quant_20260908/formal_ports_runs_a39c832/rsar/clean/seed_42/methods/SFUT/eval_full_clean_ids_v1/execution.json,[]
RSAR,clean,SFUT,43,ema,/mnt/shared/zechuan/iraod_artifacts/comparison/xaf_student_quant_20260908/formal_ports_runs_a39c832/rsar/clean/seed_43/methods/SFUT/eval_full_clean_ids_v1,/mnt/shared/zechuan/iraod_artifacts/comparison/xaf_student_quant_20260908/formal_ports_runs_a39c832/rsar/clean/seed_43/methods/SFUT/eval_full_clean_ids_v1/eval_20260908_212755.json,/mnt/shared/zechuan/iraod_artifacts/comparison/xaf_student_quant_20260908/formal_ports_runs_a39c832/rsar/clean/seed_43/methods/SFUT/eval_full_clean_ids_v1/predictions.pkl.image_ids.json,/mnt/SSD2_8TB/zechuan/IRAOD-New-rc331d213/configs/baseline/oriented_rcnn_orthonet_rsar.py,complete,0.5481264591217041,0.5481264591217041,[],8538,53947,/mnt/shared/zechuan/iraod_artifacts/comparison/xaf_student_quant_20260908/formal_ports_runs_a39c832/rsar/clean/seed_43/methods/SFUT/work/iter_266_ema.pth,e489f015cc2b67926a415436c97532ff814f826c4861b659cbc712fb9413b98c,,/mnt/shared/zechuan/iraod_artifacts/comparison/xaf_student_quant_20260908/formal_ports_runs_a39c832/rsar/clean/seed_43/methods/SFUT/eval_full_clean_ids_v1/eval_status,/mnt/shared/zechuan/iraod_artifacts/comparison/xaf_student_quant_20260908/formal_ports_runs_a39c832/rsar/clean/seed_43/methods/SFUT/eval_full_clean_ids_v1/class_ap.txt,/mnt/shared/zechuan/iraod_artifacts/comparison/xaf_student_quant_20260908/formal_ports_runs_a39c832/rsar/clean/seed_43/methods/SFUT/eval_full_clean_ids_v1/predictions.pkl,/mnt/shared/zechuan/iraod_artifacts/comparison/xaf_student_quant_20260908/formal_ports_runs_a39c832/rsar/clean/seed_43/methods/SFUT/eval_full_clean_ids_v1/pred_count.txt,a39c83221c73e71d273b96ef95c65f6d8d1e84f9,331d2131b84651f0a2930a3d53faeefad8701531,a39c83221c73e71d273b96ef95c65f6d8d1e84f9,a39c83221c73e71d273b96ef95c65f6d8d1e84f9,,recorded_adaptation_producer,,,,common_one_epoch,/mnt/shared/zechuan/iraod_artifacts/comparison/xaf_student_quant_20260908/formal_ports_manifests_a39c832/runtime.json,/mnt/shared/zechuan/iraod_artifacts/comparison/xaf_student_quant_20260908/formal_ports_runs_a39c832/rsar/clean/seed_43/methods/SFUT/eval_full_clean_ids_v1/execution.json,[]
RSAR,clean,SFUT,44,ema,/mnt/shared/zechuan/iraod_artifacts/comparison/xaf_student_quant_20260908/formal_ports_runs_a39c832/rsar/clean/seed_44/methods/SFUT/eval_full_clean_ids_v1,/mnt/shared/zechuan/iraod_artifacts/comparison/xaf_student_quant_20260908/formal_ports_runs_a39c832/rsar/clean/seed_44/methods/SFUT/eval_full_clean_ids_v1/eval_20260908_213101.json,/mnt/shared/zechuan/iraod_artifacts/comparison/xaf_student_quant_20260908/formal_ports_runs_a39c832/rsar/clean/seed_44/methods/SFUT/eval_full_clean_ids_v1/predictions.pkl.image_ids.json,/mnt/SSD2_8TB/zechuan/IRAOD-New-rc331d213/configs/baseline/oriented_rcnn_orthonet_rsar.py,complete,0.5469323992729187,0.5469323992729187,[],8538,59182,/mnt/shared/zechuan/iraod_artifacts/comparison/xaf_student_quant_20260908/formal_ports_runs_a39c832/rsar/clean/seed_44/methods/SFUT/work/iter_266_ema.pth,e489f015cc2b67926a415436c97532ff814f826c4861b659cbc712fb9413b98c,,/mnt/shared/zechuan/iraod_artifacts/comparison/xaf_student_quant_20260908/formal_ports_runs_a39c832/rsar/clean/seed_44/methods/SFUT/eval_full_clean_ids_v1/eval_status,/mnt/shared/zechuan/iraod_artifacts/comparison/xaf_student_quant_20260908/formal_ports_runs_a39c832/rsar/clean/seed_44/methods/SFUT/eval_full_clean_ids_v1/class_ap.txt,/mnt/shared/zechuan/iraod_artifacts/comparison/xaf_student_quant_20260908/formal_ports_runs_a39c832/rsar/clean/seed_44/methods/SFUT/eval_full_clean_ids_v1/predictions.pkl,/mnt/shared/zechuan/iraod_artifacts/comparison/xaf_student_quant_20260908/formal_ports_runs_a39c832/rsar/clean/seed_44/methods/SFUT/eval_full_clean_ids_v1/pred_count.txt,a39c83221c73e71d273b96ef95c65f6d8d1e84f9,331d2131b84651f0a2930a3d53faeefad8701531,a39c83221c73e71d273b96ef95c65f6d8d1e84f9,a39c83221c73e71d273b96ef95c65f6d8d1e84f9,,recorded_adaptation_producer,,,,common_one_epoch,/mnt/shared/zechuan/iraod_artifacts/comparison/xaf_student_quant_20260908/formal_ports_manifests_a39c832/runtime.json,/mnt/shared/zechuan/iraod_artifacts/comparison/xaf_student_quant_20260908/formal_ports_runs_a39c832/rsar/clean/seed_44/methods/SFUT/eval_full_clean_ids_v1/execution.json,[]
RSAR,chaff,A,42,source,/mnt/shared/zechuan/iraod_artifacts/comparison/rsar/chaff/seed_42/f2145b4/methods/A/eval_full_chaff_ids_v1,/mnt/shared/zechuan/iraod_artifacts/comparison/rsar/chaff/seed_42/f2145b4/methods/A/eval_full_chaff_ids_v1/eval_20260907_075924.json,/mnt/shared/zechuan/iraod_artifacts/comparison/rsar/chaff/seed_42/f2145b4/methods/A/eval_full_chaff_ids_v1/predictions.pkl.image_ids.json,/mnt/SSD2_8TB/zechuan/IRAOD-New-rc331d213/configs/baseline/oriented_rcnn_orthonet_rsar.py,complete,0.4719308912754059,0.4719308912754059,[],8538,67551,/mnt/shared/zechuan/iraod_artifacts/rsar_source/seed42-orthonet-ddp4-gpu4567-spg16-gbs64/train/epoch_100.pth,e489f015cc2b67926a415436c97532ff814f826c4861b659cbc712fb9413b98c,,/mnt/shared/zechuan/iraod_artifacts/comparison/rsar/chaff/seed_42/f2145b4/methods/A/eval_full_chaff_ids_v1/eval_status,/mnt/shared/zechuan/iraod_artifacts/comparison/rsar/chaff/seed_42/f2145b4/methods/A/eval_full_chaff_ids_v1/class_ap.txt,/mnt/shared/zechuan/iraod_artifacts/comparison/rsar/chaff/seed_42/f2145b4/methods/A/eval_full_chaff_ids_v1/predictions.pkl,/mnt/shared/zechuan/iraod_artifacts/comparison/rsar/chaff/seed_42/f2145b4/methods/A/eval_full_chaff_ids_v1/pred_count.txt,0f98a48b539f9260055fc305784ffbc924f50451,331d2131b84651f0a2930a3d53faeefad8701531,0f98a48b539f9260055fc305784ffbc924f50451,b474aaa5f7718746215ce13beceb071617bb823e,b474aaa5f7718746215ce13beceb071617bb823e,source_producer_corrected_in_report,"{""dataset"": ""RSAR"", ""domain"": ""chaff"", ""method"": ""A"", ""seed"": 42, ""role"": ""source"", ""field"": ""training_code_sha"", ""recorded"": ""0f98a48b539f9260055fc305784ffbc924f50451"", ""actual"": ""b474aaa5f7718746215ce13beceb071617bb823e"", ""source_checkpoint"": ""/mnt/shared/zechuan/iraod_artifacts/rsar_source/seed42-orthonet-ddp4-gpu4567-spg16-gbs64/train/epoch_100.pth"", ""source_weights_sha256"": ""e489f015cc2b67926a415436c97532ff814f826c4861b659cbc712fb9413b98c"", ""source_record"": ""/mnt/shared/zechuan/iraod_artifacts/rsar_source/seed42-orthonet-ddp4-gpu4567-spg16-gbs64/reproducibility/git_commit.txt"", ""source_record_snapshot"": ""/mnt/shared/zechuan/iraod_artifacts/comparison/final_delivery_20260908_4a6bc50/input/source_records/RSAR_producer_git_commit.txt"", ""sidecar"": ""/mnt/shared/zechuan/iraod_artifacts/comparison/rsar/chaff/seed_42/f2145b4/methods/A/eval_full_chaff_ids_v1/predictions.pkl.image_ids.json"", ""sidecar_modified"": false, ""scope"": ""producer metadata only; weights, predictions, IDs and mAP unchanged""}",0.4719308912754059,/mnt/shared/zechuan/iraod_artifacts/comparison/xaf_student_quant_20260908/integration_code_752a139/results/paper_comparison/historical/seed42/raw_results.csv,fixed_source,,,
RSAR,chaff,IRG,42,ema,/mnt/shared/zechuan/iraod_artifacts/comparison/xaf_student_quant_20260908/formal_ports_runs_a39c832/rsar/chaff/seed_42/methods/IRG/eval_full_chaff_ids_v1,/mnt/shared/zechuan/iraod_artifacts/comparison/xaf_student_quant_20260908/formal_ports_runs_a39c832/rsar/chaff/seed_42/methods/IRG/eval_full_chaff_ids_v1/eval_20260908_213243.json,/mnt/shared/zechuan/iraod_artifacts/comparison/xaf_student_quant_20260908/formal_ports_runs_a39c832/rsar/chaff/seed_42/methods/IRG/eval_full_chaff_ids_v1/predictions.pkl.image_ids.json,/mnt/SSD2_8TB/zechuan/IRAOD-New-rc331d213/configs/baseline/oriented_rcnn_orthonet_rsar.py,complete,0.4816264808177948,0.4816264808177948,[],8538,64711,/mnt/shared/zechuan/iraod_artifacts/comparison/xaf_student_quant_20260908/formal_ports_runs_a39c832/rsar/chaff/seed_42/methods/IRG/work/iter_266_ema.pth,e489f015cc2b67926a415436c97532ff814f826c4861b659cbc712fb9413b98c,,/mnt/shared/zechuan/iraod_artifacts/comparison/xaf_student_quant_20260908/formal_ports_runs_a39c832/rsar/chaff/seed_42/methods/IRG/eval_full_chaff_ids_v1/eval_status,/mnt/shared/zechuan/iraod_artifacts/comparison/xaf_student_quant_20260908/formal_ports_runs_a39c832/rsar/chaff/seed_42/methods/IRG/eval_full_chaff_ids_v1/class_ap.txt,/mnt/shared/zechuan/iraod_artifacts/comparison/xaf_student_quant_20260908/formal_ports_runs_a39c832/rsar/chaff/seed_42/methods/IRG/eval_full_chaff_ids_v1/predictions.pkl,/mnt/shared/zechuan/iraod_artifacts/comparison/xaf_student_quant_20260908/formal_ports_runs_a39c832/rsar/chaff/seed_42/methods/IRG/eval_full_chaff_ids_v1/pred_count.txt,a39c83221c73e71d273b96ef95c65f6d8d1e84f9,331d2131b84651f0a2930a3d53faeefad8701531,a39c83221c73e71d273b96ef95c65f6d8d1e84f9,a39c83221c73e71d273b96ef95c65f6d8d1e84f9,,recorded_adaptation_producer,,,,common_one_epoch,/mnt/shared/zechuan/iraod_artifacts/comparison/xaf_student_quant_20260908/formal_ports_manifests_a39c832/runtime.json,/mnt/shared/zechuan/iraod_artifacts/comparison/xaf_student_quant_20260908/formal_ports_runs_a39c832/rsar/chaff/seed_42/methods/IRG/eval_full_chaff_ids_v1/execution.json,[]
RSAR,chaff,IRG,43,ema,/mnt/shared/zechuan/iraod_artifacts/comparison/xaf_student_quant_20260908/formal_ports_runs_a39c832/rsar/chaff/seed_43/methods/IRG/eval_full_chaff_ids_v1,/mnt/shared/zechuan/iraod_artifacts/comparison/xaf_student_quant_20260908/formal_ports_runs_a39c832/rsar/chaff/seed_43/methods/IRG/eval_full_chaff_ids_v1/eval_20260908_213604.json,/mnt/shared/zechuan/iraod_artifacts/comparison/xaf_student_quant_20260908/formal_ports_runs_a39c832/rsar/chaff/seed_43/methods/IRG/eval_full_chaff_ids_v1/predictions.pkl.image_ids.json,/mnt/SSD2_8TB/zechuan/IRAOD-New-rc331d213/configs/baseline/oriented_rcnn_orthonet_rsar.py,complete,0.4975461959838867,0.4975461959838867,[],8538,72348,/mnt/shared/zechuan/iraod_artifacts/comparison/xaf_student_quant_20260908/formal_ports_runs_a39c832/rsar/chaff/seed_43/methods/IRG/work/iter_266_ema.pth,e489f015cc2b67926a415436c97532ff814f826c4861b659cbc712fb9413b98c,,/mnt/shared/zechuan/iraod_artifacts/comparison/xaf_student_quant_20260908/formal_ports_runs_a39c832/rsar/chaff/seed_43/methods/IRG/eval_full_chaff_ids_v1/eval_status,/mnt/shared/zechuan/iraod_artifacts/comparison/xaf_student_quant_20260908/formal_ports_runs_a39c832/rsar/chaff/seed_43/methods/IRG/eval_full_chaff_ids_v1/class_ap.txt,/mnt/shared/zechuan/iraod_artifacts/comparison/xaf_student_quant_20260908/formal_ports_runs_a39c832/rsar/chaff/seed_43/methods/IRG/eval_full_chaff_ids_v1/predictions.pkl,/mnt/shared/zechuan/iraod_artifacts/comparison/xaf_student_quant_20260908/formal_ports_runs_a39c832/rsar/chaff/seed_43/methods/IRG/eval_full_chaff_ids_v1/pred_count.txt,a39c83221c73e71d273b96ef95c65f6d8d1e84f9,331d2131b84651f0a2930a3d53faeefad8701531,a39c83221c73e71d273b96ef95c65f6d8d1e84f9,a39c83221c73e71d273b96ef95c65f6d8d1e84f9,,recorded_adaptation_producer,,,,common_one_epoch,/mnt/shared/zechuan/iraod_artifacts/comparison/xaf_student_quant_20260908/formal_ports_manifests_a39c832/runtime.json,/mnt/shared/zechuan/iraod_artifacts/comparison/xaf_student_quant_20260908/formal_ports_runs_a39c832/rsar/chaff/seed_43/methods/IRG/eval_full_chaff_ids_v1/execution.json,[]
RSAR,chaff,IRG,44,ema,/mnt/shared/zechuan/iraod_artifacts/comparison/xaf_student_quant_20260908/formal_ports_runs_a39c832/rsar/chaff/seed_44/methods/IRG/eval_full_chaff_ids_v1,/mnt/shared/zechuan/iraod_artifacts/comparison/xaf_student_quant_20260908/formal_ports_runs_a39c832/rsar/chaff/seed_44/methods/IRG/eval_full_chaff_ids_v1/eval_20260908_214016.json,/mnt/shared/zechuan/iraod_artifacts/comparison/xaf_student_quant_20260908/formal_ports_runs_a39c832/rsar/chaff/seed_44/methods/IRG/eval_full_chaff_ids_v1/predictions.pkl.image_ids.json,/mnt/SSD2_8TB/zechuan/IRAOD-New-rc331d213/configs/baseline/oriented_rcnn_orthonet_rsar.py,complete,0.49205246567726135,0.49205246567726135,[],8538,72122,/mnt/shared/zechuan/iraod_artifacts/comparison/xaf_student_quant_20260908/formal_ports_runs_a39c832/rsar/chaff/seed_44/methods/IRG/work/iter_266_ema.pth,e489f015cc2b67926a415436c97532ff814f826c4861b659cbc712fb9413b98c,,/mnt/shared/zechuan/iraod_artifacts/comparison/xaf_student_quant_20260908/formal_ports_runs_a39c832/rsar/chaff/seed_44/methods/IRG/eval_full_chaff_ids_v1/eval_status,/mnt/shared/zechuan/iraod_artifacts/comparison/xaf_student_quant_20260908/formal_ports_runs_a39c832/rsar/chaff/seed_44/methods/IRG/eval_full_chaff_ids_v1/class_ap.txt,/mnt/shared/zechuan/iraod_artifacts/comparison/xaf_student_quant_20260908/formal_ports_runs_a39c832/rsar/chaff/seed_44/methods/IRG/eval_full_chaff_ids_v1/predictions.pkl,/mnt/shared/zechuan/iraod_artifacts/comparison/xaf_student_quant_20260908/formal_ports_runs_a39c832/rsar/chaff/seed_44/methods/IRG/eval_full_chaff_ids_v1/pred_count.txt,a39c83221c73e71d273b96ef95c65f6d8d1e84f9,331d2131b84651f0a2930a3d53faeefad8701531,a39c83221c73e71d273b96ef95c65f6d8d1e84f9,a39c83221c73e71d273b96ef95c65f6d8d1e84f9,,recorded_adaptation_producer,,,,common_one_epoch,/mnt/shared/zechuan/iraod_artifacts/comparison/xaf_student_quant_20260908/formal_ports_manifests_a39c832/runtime.json,/mnt/shared/zechuan/iraod_artifacts/comparison/xaf_student_quant_20260908/formal_ports_runs_a39c832/rsar/chaff/seed_44/methods/IRG/eval_full_chaff_ids_v1/execution.json,[]
RSAR,chaff,LPLD,42,ema,/mnt/shared/zechuan/iraod_artifacts/comparison/xaf_student_quant_20260908/formal_ports_runs_a39c832/rsar/chaff/seed_42/methods/LPLD/eval_full_chaff_ids_v1,/mnt/shared/zechuan/iraod_artifacts/comparison/xaf_student_quant_20260908/formal_ports_runs_a39c832/rsar/chaff/seed_42/methods/LPLD/eval_full_chaff_ids_v1/eval_20260908_213507.json,/mnt/shared/zechuan/iraod_artifacts/comparison/xaf_student_quant_20260908/formal_ports_runs_a39c832/rsar/chaff/seed_42/methods/LPLD/eval_full_chaff_ids_v1/predictions.pkl.image_ids.json,/mnt/SSD2_8TB/zechuan/IRAOD-New-rc331d213/configs/baseline/oriented_rcnn_orthonet_rsar.py,complete,0.47749754786491394,0.47749754786491394,[],8538,88521,/mnt/shared/zechuan/iraod_artifacts/comparison/xaf_student_quant_20260908/formal_ports_runs_a39c832/rsar/chaff/seed_42/methods/LPLD/work/iter_266_ema.pth,e489f015cc2b67926a415436c97532ff814f826c4861b659cbc712fb9413b98c,,/mnt/shared/zechuan/iraod_artifacts/comparison/xaf_student_quant_20260908/formal_ports_runs_a39c832/rsar/chaff/seed_42/methods/LPLD/eval_full_chaff_ids_v1/eval_status,/mnt/shared/zechuan/iraod_artifacts/comparison/xaf_student_quant_20260908/formal_ports_runs_a39c832/rsar/chaff/seed_42/methods/LPLD/eval_full_chaff_ids_v1/class_ap.txt,/mnt/shared/zechuan/iraod_artifacts/comparison/xaf_student_quant_20260908/formal_ports_runs_a39c832/rsar/chaff/seed_42/methods/LPLD/eval_full_chaff_ids_v1/predictions.pkl,/mnt/shared/zechuan/iraod_artifacts/comparison/xaf_student_quant_20260908/formal_ports_runs_a39c832/rsar/chaff/seed_42/methods/LPLD/eval_full_chaff_ids_v1/pred_count.txt,a39c83221c73e71d273b96ef95c65f6d8d1e84f9,331d2131b84651f0a2930a3d53faeefad8701531,a39c83221c73e71d273b96ef95c65f6d8d1e84f9,a39c83221c73e71d273b96ef95c65f6d8d1e84f9,,recorded_adaptation_producer,,,,common_one_epoch,/mnt/shared/zechuan/iraod_artifacts/comparison/xaf_student_quant_20260908/formal_ports_manifests_a39c832/runtime.json,/mnt/shared/zechuan/iraod_artifacts/comparison/xaf_student_quant_20260908/formal_ports_runs_a39c832/rsar/chaff/seed_42/methods/LPLD/eval_full_chaff_ids_v1/execution.json,[]
RSAR,chaff,LPLD,43,ema,/mnt/shared/zechuan/iraod_artifacts/comparison/xaf_student_quant_20260908/formal_ports_runs_a39c832/rsar/chaff/seed_43/methods/LPLD/eval_full_chaff_ids_v1,/mnt/shared/zechuan/iraod_artifacts/comparison/xaf_student_quant_20260908/formal_ports_runs_a39c832/rsar/chaff/seed_43/methods/LPLD/eval_full_chaff_ids_v1/eval_20260908_213729.json,/mnt/shared/zechuan/iraod_artifacts/comparison/xaf_student_quant_20260908/formal_ports_runs_a39c832/rsar/chaff/seed_43/methods/LPLD/eval_full_chaff_ids_v1/predictions.pkl.image_ids.json,/mnt/SSD2_8TB/zechuan/IRAOD-New-rc331d213/configs/baseline/oriented_rcnn_orthonet_rsar.py,complete,0.4814716577529907,0.4814716577529907,[],8538,90480,/mnt/shared/zechuan/iraod_artifacts/comparison/xaf_student_quant_20260908/formal_ports_runs_a39c832/rsar/chaff/seed_43/methods/LPLD/work/iter_266_ema.pth,e489f015cc2b67926a415436c97532ff814f826c4861b659cbc712fb9413b98c,,/mnt/shared/zechuan/iraod_artifacts/comparison/xaf_student_quant_20260908/formal_ports_runs_a39c832/rsar/chaff/seed_43/methods/LPLD/eval_full_chaff_ids_v1/eval_status,/mnt/shared/zechuan/iraod_artifacts/comparison/xaf_student_quant_20260908/formal_ports_runs_a39c832/rsar/chaff/seed_43/methods/LPLD/eval_full_chaff_ids_v1/class_ap.txt,/mnt/shared/zechuan/iraod_artifacts/comparison/xaf_student_quant_20260908/formal_ports_runs_a39c832/rsar/chaff/seed_43/methods/LPLD/eval_full_chaff_ids_v1/predictions.pkl,/mnt/shared/zechuan/iraod_artifacts/comparison/xaf_student_quant_20260908/formal_ports_runs_a39c832/rsar/chaff/seed_43/methods/LPLD/eval_full_chaff_ids_v1/pred_count.txt,a39c83221c73e71d273b96ef95c65f6d8d1e84f9,331d2131b84651f0a2930a3d53faeefad8701531,a39c83221c73e71d273b96ef95c65f6d8d1e84f9,a39c83221c73e71d273b96ef95c65f6d8d1e84f9,,recorded_adaptation_producer,,,,common_one_epoch,/mnt/shared/zechuan/iraod_artifacts/comparison/xaf_student_quant_20260908/formal_ports_manifests_a39c832/runtime.json,/mnt/shared/zechuan/iraod_artifacts/comparison/xaf_student_quant_20260908/formal_ports_runs_a39c832/rsar/chaff/seed_43/methods/LPLD/eval_full_chaff_ids_v1/execution.json,[]
RSAR,chaff,LPLD,44,ema,/mnt/shared/zechuan/iraod_artifacts/comparison/xaf_student_quant_20260908/formal_ports_runs_a39c832/rsar/chaff/seed_44/methods/LPLD/eval_full_chaff_ids_v1,/mnt/shared/zechuan/iraod_artifacts/comparison/xaf_student_quant_20260908/formal_ports_runs_a39c832/rsar/chaff/seed_44/methods/LPLD/eval_full_chaff_ids_v1/eval_20260908_214056.json,/mnt/shared/zechuan/iraod_artifacts/comparison/xaf_student_quant_20260908/formal_ports_runs_a39c832/rsar/chaff/seed_44/methods/LPLD/eval_full_chaff_ids_v1/predictions.pkl.image_ids.json,/mnt/SSD2_8TB/zechuan/IRAOD-New-rc331d213/configs/baseline/oriented_rcnn_orthonet_rsar.py,complete,0.4784564673900604,0.4784564673900604,[],8538,93167,/mnt/shared/zechuan/iraod_artifacts/comparison/xaf_student_quant_20260908/formal_ports_runs_a39c832/rsar/chaff/seed_44/methods/LPLD/work/iter_266_ema.pth,e489f015cc2b67926a415436c97532ff814f826c4861b659cbc712fb9413b98c,,/mnt/shared/zechuan/iraod_artifacts/comparison/xaf_student_quant_20260908/formal_ports_runs_a39c832/rsar/chaff/seed_44/methods/LPLD/eval_full_chaff_ids_v1/eval_status,/mnt/shared/zechuan/iraod_artifacts/comparison/xaf_student_quant_20260908/formal_ports_runs_a39c832/rsar/chaff/seed_44/methods/LPLD/eval_full_chaff_ids_v1/class_ap.txt,/mnt/shared/zechuan/iraod_artifacts/comparison/xaf_student_quant_20260908/formal_ports_runs_a39c832/rsar/chaff/seed_44/methods/LPLD/eval_full_chaff_ids_v1/predictions.pkl,/mnt/shared/zechuan/iraod_artifacts/comparison/xaf_student_quant_20260908/formal_ports_runs_a39c832/rsar/chaff/seed_44/methods/LPLD/eval_full_chaff_ids_v1/pred_count.txt,a39c83221c73e71d273b96ef95c65f6d8d1e84f9,331d2131b84651f0a2930a3d53faeefad8701531,a39c83221c73e71d273b96ef95c65f6d8d1e84f9,a39c83221c73e71d273b96ef95c65f6d8d1e84f9,,recorded_adaptation_producer,,,,common_one_epoch,/mnt/shared/zechuan/iraod_artifacts/comparison/xaf_student_quant_20260908/formal_ports_manifests_a39c832/runtime.json,/mnt/shared/zechuan/iraod_artifacts/comparison/xaf_student_quant_20260908/formal_ports_runs_a39c832/rsar/chaff/seed_44/methods/LPLD/eval_full_chaff_ids_v1/execution.json,[]
RSAR,chaff,SFUT,42,ema,/mnt/shared/zechuan/iraod_artifacts/comparison/xaf_student_quant_20260908/formal_ports_runs_a39c832/rsar/chaff/seed_42/methods/SFUT/eval_full_chaff_ids_v1,/mnt/shared/zechuan/iraod_artifacts/comparison/xaf_student_quant_20260908/formal_ports_runs_a39c832/rsar/chaff/seed_42/methods/SFUT/eval_full_chaff_ids_v1/eval_20260908_213522.json,/mnt/shared/zechuan/iraod_artifacts/comparison/xaf_student_quant_20260908/formal_ports_runs_a39c832/rsar/chaff/seed_42/methods/SFUT/eval_full_chaff_ids_v1/predictions.pkl.image_ids.json,/mnt/SSD2_8TB/zechuan/IRAOD-New-rc331d213/configs/baseline/oriented_rcnn_orthonet_rsar.py,complete,0.48245105147361755,0.48245105147361755,[],8538,67713,/mnt/shared/zechuan/iraod_artifacts/comparison/xaf_student_quant_20260908/formal_ports_runs_a39c832/rsar/chaff/seed_42/methods/SFUT/work/iter_266_ema.pth,e489f015cc2b67926a415436c97532ff814f826c4861b659cbc712fb9413b98c,,/mnt/shared/zechuan/iraod_artifacts/comparison/xaf_student_quant_20260908/formal_ports_runs_a39c832/rsar/chaff/seed_42/methods/SFUT/eval_full_chaff_ids_v1/eval_status,/mnt/shared/zechuan/iraod_artifacts/comparison/xaf_student_quant_20260908/formal_ports_runs_a39c832/rsar/chaff/seed_42/methods/SFUT/eval_full_chaff_ids_v1/class_ap.txt,/mnt/shared/zechuan/iraod_artifacts/comparison/xaf_student_quant_20260908/formal_ports_runs_a39c832/rsar/chaff/seed_42/methods/SFUT/eval_full_chaff_ids_v1/predictions.pkl,/mnt/shared/zechuan/iraod_artifacts/comparison/xaf_student_quant_20260908/formal_ports_runs_a39c832/rsar/chaff/seed_42/methods/SFUT/eval_full_chaff_ids_v1/pred_count.txt,a39c83221c73e71d273b96ef95c65f6d8d1e84f9,331d2131b84651f0a2930a3d53faeefad8701531,a39c83221c73e71d273b96ef95c65f6d8d1e84f9,a39c83221c73e71d273b96ef95c65f6d8d1e84f9,,recorded_adaptation_producer,,,,common_one_epoch,/mnt/shared/zechuan/iraod_artifacts/comparison/xaf_student_quant_20260908/formal_ports_manifests_a39c832/runtime.json,/mnt/shared/zechuan/iraod_artifacts/comparison/xaf_student_quant_20260908/formal_ports_runs_a39c832/rsar/chaff/seed_42/methods/SFUT/eval_full_chaff_ids_v1/execution.json,[]
RSAR,chaff,SFUT,43,ema,/mnt/shared/zechuan/iraod_artifacts/comparison/xaf_student_quant_20260908/formal_ports_runs_a39c832/rsar/chaff/seed_43/methods/SFUT/eval_full_chaff_ids_v1,/mnt/shared/zechuan/iraod_artifacts/comparison/xaf_student_quant_20260908/formal_ports_runs_a39c832/rsar/chaff/seed_43/methods/SFUT/eval_full_chaff_ids_v1/eval_20260908_214002.json,/mnt/shared/zechuan/iraod_artifacts/comparison/xaf_student_quant_20260908/formal_ports_runs_a39c832/rsar/chaff/seed_43/methods/SFUT/eval_full_chaff_ids_v1/predictions.pkl.image_ids.json,/mnt/SSD2_8TB/zechuan/IRAOD-New-rc331d213/configs/baseline/oriented_rcnn_orthonet_rsar.py,complete,0.4846114218235016,0.4846114218235016,[],8538,64417,/mnt/shared/zechuan/iraod_artifacts/comparison/xaf_student_quant_20260908/formal_ports_runs_a39c832/rsar/chaff/seed_43/methods/SFUT/work/iter_266_ema.pth,e489f015cc2b67926a415436c97532ff814f826c4861b659cbc712fb9413b98c,,/mnt/shared/zechuan/iraod_artifacts/comparison/xaf_student_quant_20260908/formal_ports_runs_a39c832/rsar/chaff/seed_43/methods/SFUT/eval_full_chaff_ids_v1/eval_status,/mnt/shared/zechuan/iraod_artifacts/comparison/xaf_student_quant_20260908/formal_ports_runs_a39c832/rsar/chaff/seed_43/methods/SFUT/eval_full_chaff_ids_v1/class_ap.txt,/mnt/shared/zechuan/iraod_artifacts/comparison/xaf_student_quant_20260908/formal_ports_runs_a39c832/rsar/chaff/seed_43/methods/SFUT/eval_full_chaff_ids_v1/predictions.pkl,/mnt/shared/zechuan/iraod_artifacts/comparison/xaf_student_quant_20260908/formal_ports_runs_a39c832/rsar/chaff/seed_43/methods/SFUT/eval_full_chaff_ids_v1/pred_count.txt,a39c83221c73e71d273b96ef95c65f6d8d1e84f9,331d2131b84651f0a2930a3d53faeefad8701531,a39c83221c73e71d273b96ef95c65f6d8d1e84f9,a39c83221c73e71d273b96ef95c65f6d8d1e84f9,,recorded_adaptation_producer,,,,common_one_epoch,/mnt/shared/zechuan/iraod_artifacts/comparison/xaf_student_quant_20260908/formal_ports_manifests_a39c832/runtime.json,/mnt/shared/zechuan/iraod_artifacts/comparison/xaf_student_quant_20260908/formal_ports_runs_a39c832/rsar/chaff/seed_43/methods/SFUT/eval_full_chaff_ids_v1/execution.json,[]
RSAR,chaff,SFUT,44,ema,/mnt/shared/zechuan/iraod_artifacts/comparison/xaf_student_quant_20260908/formal_ports_runs_a39c832/rsar/chaff/seed_44/methods/SFUT/eval_full_chaff_ids_v1,/mnt/shared/zechuan/iraod_artifacts/comparison/xaf_student_quant_20260908/formal_ports_runs_a39c832/rsar/chaff/seed_44/methods/SFUT/eval_full_chaff_ids_v1/eval_20260908_214226.json,/mnt/shared/zechuan/iraod_artifacts/comparison/xaf_student_quant_20260908/formal_ports_runs_a39c832/rsar/chaff/seed_44/methods/SFUT/eval_full_chaff_ids_v1/predictions.pkl.image_ids.json,/mnt/SSD2_8TB/zechuan/IRAOD-New-rc331d213/configs/baseline/oriented_rcnn_orthonet_rsar.py,complete,0.4857446849346161,0.4857446849346161,[],8538,57436,/mnt/shared/zechuan/iraod_artifacts/comparison/xaf_student_quant_20260908/formal_ports_runs_a39c832/rsar/chaff/seed_44/methods/SFUT/work/iter_266_ema.pth,e489f015cc2b67926a415436c97532ff814f826c4861b659cbc712fb9413b98c,,/mnt/shared/zechuan/iraod_artifacts/comparison/xaf_student_quant_20260908/formal_ports_runs_a39c832/rsar/chaff/seed_44/methods/SFUT/eval_full_chaff_ids_v1/eval_status,/mnt/shared/zechuan/iraod_artifacts/comparison/xaf_student_quant_20260908/formal_ports_runs_a39c832/rsar/chaff/seed_44/methods/SFUT/eval_full_chaff_ids_v1/class_ap.txt,/mnt/shared/zechuan/iraod_artifacts/comparison/xaf_student_quant_20260908/formal_ports_runs_a39c832/rsar/chaff/seed_44/methods/SFUT/eval_full_chaff_ids_v1/predictions.pkl,/mnt/shared/zechuan/iraod_artifacts/comparison/xaf_student_quant_20260908/formal_ports_runs_a39c832/rsar/chaff/seed_44/methods/SFUT/eval_full_chaff_ids_v1/pred_count.txt,a39c83221c73e71d273b96ef95c65f6d8d1e84f9,331d2131b84651f0a2930a3d53faeefad8701531,a39c83221c73e71d273b96ef95c65f6d8d1e84f9,a39c83221c73e71d273b96ef95c65f6d8d1e84f9,,recorded_adaptation_producer,,,,common_one_epoch,/mnt/shared/zechuan/iraod_artifacts/comparison/xaf_student_quant_20260908/formal_ports_manifests_a39c832/runtime.json,/mnt/shared/zechuan/iraod_artifacts/comparison/xaf_student_quant_20260908/formal_ports_runs_a39c832/rsar/chaff/seed_44/methods/SFUT/eval_full_chaff_ids_v1/execution.json,[]
RSAR,gaussian_white_noise,A,42,source,/mnt/shared/zechuan/iraod_artifacts/comparison/rsar/gaussian_white_noise/seed_42/0f98a48/methods/A/eval_full_gaussian_white_noise_ids_v1,/mnt/shared/zechuan/iraod_artifacts/comparison/rsar/gaussian_white_noise/seed_42/0f98a48/methods/A/eval_full_gaussian_white_noise_ids_v1/eval_20260907_095727.json,/mnt/shared/zechuan/iraod_artifacts/comparison/rsar/gaussian_white_noise/seed_42/0f98a48/methods/A/eval_full_gaussian_white_noise_ids_v1/predictions.pkl.image_ids.json,/mnt/SSD2_8TB/zechuan/IRAOD-New-rc331d213/configs/baseline/oriented_rcnn_orthonet_rsar.py,complete,0.5281371474266052,0.5281371474266052,[],8538,59649,/mnt/shared/zechuan/iraod_artifacts/rsar_source/seed42-orthonet-ddp4-gpu4567-spg16-gbs64/train/epoch_100.pth,e489f015cc2b67926a415436c97532ff814f826c4861b659cbc712fb9413b98c,,/mnt/shared/zechuan/iraod_artifacts/comparison/rsar/gaussian_white_noise/seed_42/0f98a48/methods/A/eval_full_gaussian_white_noise_ids_v1/eval_status,/mnt/shared/zechuan/iraod_artifacts/comparison/rsar/gaussian_white_noise/seed_42/0f98a48/methods/A/eval_full_gaussian_white_noise_ids_v1/class_ap.txt,/mnt/shared/zechuan/iraod_artifacts/comparison/rsar/gaussian_white_noise/seed_42/0f98a48/methods/A/eval_full_gaussian_white_noise_ids_v1/predictions.pkl,/mnt/shared/zechuan/iraod_artifacts/comparison/rsar/gaussian_white_noise/seed_42/0f98a48/methods/A/eval_full_gaussian_white_noise_ids_v1/pred_count.txt,0f98a48b539f9260055fc305784ffbc924f50451,331d2131b84651f0a2930a3d53faeefad8701531,0f98a48b539f9260055fc305784ffbc924f50451,b474aaa5f7718746215ce13beceb071617bb823e,b474aaa5f7718746215ce13beceb071617bb823e,source_producer_corrected_in_report,"{""dataset"": ""RSAR"", ""domain"": ""gaussian_white_noise"", ""method"": ""A"", ""seed"": 42, ""role"": ""source"", ""field"": ""training_code_sha"", ""recorded"": ""0f98a48b539f9260055fc305784ffbc924f50451"", ""actual"": ""b474aaa5f7718746215ce13beceb071617bb823e"", ""source_checkpoint"": ""/mnt/shared/zechuan/iraod_artifacts/rsar_source/seed42-orthonet-ddp4-gpu4567-spg16-gbs64/train/epoch_100.pth"", ""source_weights_sha256"": ""e489f015cc2b67926a415436c97532ff814f826c4861b659cbc712fb9413b98c"", ""source_record"": ""/mnt/shared/zechuan/iraod_artifacts/rsar_source/seed42-orthonet-ddp4-gpu4567-spg16-gbs64/reproducibility/git_commit.txt"", ""source_record_snapshot"": ""/mnt/shared/zechuan/iraod_artifacts/comparison/final_delivery_20260908_4a6bc50/input/source_records/RSAR_producer_git_commit.txt"", ""sidecar"": ""/mnt/shared/zechuan/iraod_artifacts/comparison/rsar/gaussian_white_noise/seed_42/0f98a48/methods/A/eval_full_gaussian_white_noise_ids_v1/predictions.pkl.image_ids.json"", ""sidecar_modified"": false, ""scope"": ""producer metadata only; weights, predictions, IDs and mAP unchanged""}",0.5281371474266052,/mnt/shared/zechuan/iraod_artifacts/comparison/xaf_student_quant_20260908/integration_code_752a139/results/paper_comparison/historical/seed42/raw_results.csv,fixed_source,,,
RSAR,gaussian_white_noise,IRG,42,ema,/mnt/shared/zechuan/iraod_artifacts/comparison/xaf_student_quant_20260908/formal_ports_runs_a39c832/rsar/gaussian_white_noise/seed_42/methods/IRG/eval_full_gaussian_white_noise_ids_v1,/mnt/shared/zechuan/iraod_artifacts/comparison/xaf_student_quant_20260908/formal_ports_runs_a39c832/rsar/gaussian_white_noise/seed_42/methods/IRG/eval_full_gaussian_white_noise_ids_v1/eval_20260908_214504.json,/mnt/shared/zechuan/iraod_artifacts/comparison/xaf_student_quant_20260908/formal_ports_runs_a39c832/rsar/gaussian_white_noise/seed_42/methods/IRG/eval_full_gaussian_white_noise_ids_v1/predictions.pkl.image_ids.json,/mnt/SSD2_8TB/zechuan/IRAOD-New-rc331d213/configs/baseline/oriented_rcnn_orthonet_rsar.py,complete,0.5472320914268494,0.5472320914268494,[],8538,64549,/mnt/shared/zechuan/iraod_artifacts/comparison/xaf_student_quant_20260908/formal_ports_runs_a39c832/rsar/gaussian_white_noise/seed_42/methods/IRG/work/iter_266_ema.pth,e489f015cc2b67926a415436c97532ff814f826c4861b659cbc712fb9413b98c,,/mnt/shared/zechuan/iraod_artifacts/comparison/xaf_student_quant_20260908/formal_ports_runs_a39c832/rsar/gaussian_white_noise/seed_42/methods/IRG/eval_full_gaussian_white_noise_ids_v1/eval_status,/mnt/shared/zechuan/iraod_artifacts/comparison/xaf_student_quant_20260908/formal_ports_runs_a39c832/rsar/gaussian_white_noise/seed_42/methods/IRG/eval_full_gaussian_white_noise_ids_v1/class_ap.txt,/mnt/shared/zechuan/iraod_artifacts/comparison/xaf_student_quant_20260908/formal_ports_runs_a39c832/rsar/gaussian_white_noise/seed_42/methods/IRG/eval_full_gaussian_white_noise_ids_v1/predictions.pkl,/mnt/shared/zechuan/iraod_artifacts/comparison/xaf_student_quant_20260908/formal_ports_runs_a39c832/rsar/gaussian_white_noise/seed_42/methods/IRG/eval_full_gaussian_white_noise_ids_v1/pred_count.txt,a39c83221c73e71d273b96ef95c65f6d8d1e84f9,331d2131b84651f0a2930a3d53faeefad8701531,a39c83221c73e71d273b96ef95c65f6d8d1e84f9,a39c83221c73e71d273b96ef95c65f6d8d1e84f9,,recorded_adaptation_producer,,,,common_one_epoch,/mnt/shared/zechuan/iraod_artifacts/comparison/xaf_student_quant_20260908/formal_ports_manifests_a39c832/runtime.json,/mnt/shared/zechuan/iraod_artifacts/comparison/xaf_student_quant_20260908/formal_ports_runs_a39c832/rsar/gaussian_white_noise/seed_42/methods/IRG/eval_full_gaussian_white_noise_ids_v1/execution.json,[]
RSAR,gaussian_white_noise,IRG,43,ema,/mnt/shared/zechuan/iraod_artifacts/comparison/xaf_student_quant_20260908/formal_ports_runs_a39c832/rsar/gaussian_white_noise/seed_43/methods/IRG/eval_full_gaussian_white_noise_ids_v1,/mnt/shared/zechuan/iraod_artifacts/comparison/xaf_student_quant_20260908/formal_ports_runs_a39c832/rsar/gaussian_white_noise/seed_43/methods/IRG/eval_full_gaussian_white_noise_ids_v1/eval_20260908_214729.json,/mnt/shared/zechuan/iraod_artifacts/comparison/xaf_student_quant_20260908/formal_ports_runs_a39c832/rsar/gaussian_white_noise/seed_43/methods/IRG/eval_full_gaussian_white_noise_ids_v1/predictions.pkl.image_ids.json,/mnt/SSD2_8TB/zechuan/IRAOD-New-rc331d213/configs/baseline/oriented_rcnn_orthonet_rsar.py,complete,0.5510496497154236,0.5510496497154236,[],8538,65384,/mnt/shared/zechuan/iraod_artifacts/comparison/xaf_student_quant_20260908/formal_ports_runs_a39c832/rsar/gaussian_white_noise/seed_43/methods/IRG/work/iter_266_ema.pth,e489f015cc2b67926a415436c97532ff814f826c4861b659cbc712fb9413b98c,,/mnt/shared/zechuan/iraod_artifacts/comparison/xaf_student_quant_20260908/formal_ports_runs_a39c832/rsar/gaussian_white_noise/seed_43/methods/IRG/eval_full_gaussian_white_noise_ids_v1/eval_status,/mnt/shared/zechuan/iraod_artifacts/comparison/xaf_student_quant_20260908/formal_ports_runs_a39c832/rsar/gaussian_white_noise/seed_43/methods/IRG/eval_full_gaussian_white_noise_ids_v1/class_ap.txt,/mnt/shared/zechuan/iraod_artifacts/comparison/xaf_student_quant_20260908/formal_ports_runs_a39c832/rsar/gaussian_white_noise/seed_43/methods/IRG/eval_full_gaussian_white_noise_ids_v1/predictions.pkl,/mnt/shared/zechuan/iraod_artifacts/comparison/xaf_student_quant_20260908/formal_ports_runs_a39c832/rsar/gaussian_white_noise/seed_43/methods/IRG/eval_full_gaussian_white_noise_ids_v1/pred_count.txt,a39c83221c73e71d273b96ef95c65f6d8d1e84f9,331d2131b84651f0a2930a3d53faeefad8701531,a39c83221c73e71d273b96ef95c65f6d8d1e84f9,a39c83221c73e71d273b96ef95c65f6d8d1e84f9,,recorded_adaptation_producer,,,,common_one_epoch,/mnt/shared/zechuan/iraod_artifacts/comparison/xaf_student_quant_20260908/formal_ports_manifests_a39c832/runtime.json,/mnt/shared/zechuan/iraod_artifacts/comparison/xaf_student_quant_20260908/formal_ports_runs_a39c832/rsar/gaussian_white_noise/seed_43/methods/IRG/eval_full_gaussian_white_noise_ids_v1/execution.json,[]
RSAR,gaussian_white_noise,IRG,44,ema,/mnt/shared/zechuan/iraod_artifacts/comparison/xaf_student_quant_20260908/formal_ports_runs_a39c832/rsar/gaussian_white_noise/seed_44/methods/IRG/eval_full_gaussian_white_noise_ids_v1,/mnt/shared/zechuan/iraod_artifacts/comparison/xaf_student_quant_20260908/formal_ports_runs_a39c832/rsar/gaussian_white_noise/seed_44/methods/IRG/eval_full_gaussian_white_noise_ids_v1/eval_20260908_215041.json,/mnt/shared/zechuan/iraod_artifacts/comparison/xaf_student_quant_20260908/formal_ports_runs_a39c832/rsar/gaussian_white_noise/seed_44/methods/IRG/eval_full_gaussian_white_noise_ids_v1/predictions.pkl.image_ids.json,/mnt/SSD2_8TB/zechuan/IRAOD-New-rc331d213/configs/baseline/oriented_rcnn_orthonet_rsar.py,complete,0.5439449548721313,0.5439449548721313,[],8538,63653,/mnt/shared/zechuan/iraod_artifacts/comparison/xaf_student_quant_20260908/formal_ports_runs_a39c832/rsar/gaussian_white_noise/seed_44/methods/IRG/work/iter_266_ema.pth,e489f015cc2b67926a415436c97532ff814f826c4861b659cbc712fb9413b98c,,/mnt/shared/zechuan/iraod_artifacts/comparison/xaf_student_quant_20260908/formal_ports_runs_a39c832/rsar/gaussian_white_noise/seed_44/methods/IRG/eval_full_gaussian_white_noise_ids_v1/eval_status,/mnt/shared/zechuan/iraod_artifacts/comparison/xaf_student_quant_20260908/formal_ports_runs_a39c832/rsar/gaussian_white_noise/seed_44/methods/IRG/eval_full_gaussian_white_noise_ids_v1/class_ap.txt,/mnt/shared/zechuan/iraod_artifacts/comparison/xaf_student_quant_20260908/formal_ports_runs_a39c832/rsar/gaussian_white_noise/seed_44/methods/IRG/eval_full_gaussian_white_noise_ids_v1/predictions.pkl,/mnt/shared/zechuan/iraod_artifacts/comparison/xaf_student_quant_20260908/formal_ports_runs_a39c832/rsar/gaussian_white_noise/seed_44/methods/IRG/eval_full_gaussian_white_noise_ids_v1/pred_count.txt,a39c83221c73e71d273b96ef95c65f6d8d1e84f9,331d2131b84651f0a2930a3d53faeefad8701531,a39c83221c73e71d273b96ef95c65f6d8d1e84f9,a39c83221c73e71d273b96ef95c65f6d8d1e84f9,,recorded_adaptation_producer,,,,common_one_epoch,/mnt/shared/zechuan/iraod_artifacts/comparison/xaf_student_quant_20260908/formal_ports_manifests_a39c832/runtime.json,/mnt/shared/zechuan/iraod_artifacts/comparison/xaf_student_quant_20260908/formal_ports_runs_a39c832/rsar/gaussian_white_noise/seed_44/methods/IRG/eval_full_gaussian_white_noise_ids_v1/execution.json,[]
RSAR,gaussian_white_noise,LPLD,42,ema,/mnt/shared/zechuan/iraod_artifacts/comparison/xaf_student_quant_20260908/formal_ports_runs_a39c832/rsar/gaussian_white_noise/seed_42/methods/LPLD/eval_full_gaussian_white_noise_ids_v1,/mnt/shared/zechuan/iraod_artifacts/comparison/xaf_student_quant_20260908/formal_ports_runs_a39c832/rsar/gaussian_white_noise/seed_42/methods/LPLD/eval_full_gaussian_white_noise_ids_v1/eval_20260908_214513.json,/mnt/shared/zechuan/iraod_artifacts/comparison/xaf_student_quant_20260908/formal_ports_runs_a39c832/rsar/gaussian_white_noise/seed_42/methods/LPLD/eval_full_gaussian_white_noise_ids_v1/predictions.pkl.image_ids.json,/mnt/SSD2_8TB/zechuan/IRAOD-New-rc331d213/configs/baseline/oriented_rcnn_orthonet_rsar.py,complete,0.5369601249694824,0.5369601249694824,[],8538,85093,/mnt/shared/zechuan/iraod_artifacts/comparison/xaf_student_quant_20260908/formal_ports_runs_a39c832/rsar/gaussian_white_noise/seed_42/methods/LPLD/work/iter_266_ema.pth,e489f015cc2b67926a415436c97532ff814f826c4861b659cbc712fb9413b98c,,/mnt/shared/zechuan/iraod_artifacts/comparison/xaf_student_quant_20260908/formal_ports_runs_a39c832/rsar/gaussian_white_noise/seed_42/methods/LPLD/eval_full_gaussian_white_noise_ids_v1/eval_status,/mnt/shared/zechuan/iraod_artifacts/comparison/xaf_student_quant_20260908/formal_ports_runs_a39c832/rsar/gaussian_white_noise/seed_42/methods/LPLD/eval_full_gaussian_white_noise_ids_v1/class_ap.txt,/mnt/shared/zechuan/iraod_artifacts/comparison/xaf_student_quant_20260908/formal_ports_runs_a39c832/rsar/gaussian_white_noise/seed_42/methods/LPLD/eval_full_gaussian_white_noise_ids_v1/predictions.pkl,/mnt/shared/zechuan/iraod_artifacts/comparison/xaf_student_quant_20260908/formal_ports_runs_a39c832/rsar/gaussian_white_noise/seed_42/methods/LPLD/eval_full_gaussian_white_noise_ids_v1/pred_count.txt,a39c83221c73e71d273b96ef95c65f6d8d1e84f9,331d2131b84651f0a2930a3d53faeefad8701531,a39c83221c73e71d273b96ef95c65f6d8d1e84f9,a39c83221c73e71d273b96ef95c65f6d8d1e84f9,,recorded_adaptation_producer,,,,common_one_epoch,/mnt/shared/zechuan/iraod_artifacts/comparison/xaf_student_quant_20260908/formal_ports_manifests_a39c832/runtime.json,/mnt/shared/zechuan/iraod_artifacts/comparison/xaf_student_quant_20260908/formal_ports_runs_a39c832/rsar/gaussian_white_noise/seed_42/methods/LPLD/eval_full_gaussian_white_noise_ids_v1/execution.json,[]
RSAR,gaussian_white_noise,LPLD,43,ema,/mnt/shared/zechuan/iraod_artifacts/comparison/xaf_student_quant_20260908/formal_ports_runs_a39c832/rsar/gaussian_white_noise/seed_43/methods/LPLD/eval_full_gaussian_white_noise_ids_v1,/mnt/shared/zechuan/iraod_artifacts/comparison/xaf_student_quant_20260908/formal_ports_runs_a39c832/rsar/gaussian_white_noise/seed_43/methods/LPLD/eval_full_gaussian_white_noise_ids_v1/eval_20260908_215001.json,/mnt/shared/zechuan/iraod_artifacts/comparison/xaf_student_quant_20260908/formal_ports_runs_a39c832/rsar/gaussian_white_noise/seed_43/methods/LPLD/eval_full_gaussian_white_noise_ids_v1/predictions.pkl.image_ids.json,/mnt/SSD2_8TB/zechuan/IRAOD-New-rc331d213/configs/baseline/oriented_rcnn_orthonet_rsar.py,complete,0.5338132381439209,0.5338132381439209,[],8538,79667,/mnt/shared/zechuan/iraod_artifacts/comparison/xaf_student_quant_20260908/formal_ports_runs_a39c832/rsar/gaussian_white_noise/seed_43/methods/LPLD/work/iter_266_ema.pth,e489f015cc2b67926a415436c97532ff814f826c4861b659cbc712fb9413b98c,,/mnt/shared/zechuan/iraod_artifacts/comparison/xaf_student_quant_20260908/formal_ports_runs_a39c832/rsar/gaussian_white_noise/seed_43/methods/LPLD/eval_full_gaussian_white_noise_ids_v1/eval_status,/mnt/shared/zechuan/iraod_artifacts/comparison/xaf_student_quant_20260908/formal_ports_runs_a39c832/rsar/gaussian_white_noise/seed_43/methods/LPLD/eval_full_gaussian_white_noise_ids_v1/class_ap.txt,/mnt/shared/zechuan/iraod_artifacts/comparison/xaf_student_quant_20260908/formal_ports_runs_a39c832/rsar/gaussian_white_noise/seed_43/methods/LPLD/eval_full_gaussian_white_noise_ids_v1/predictions.pkl,/mnt/shared/zechuan/iraod_artifacts/comparison/xaf_student_quant_20260908/formal_ports_runs_a39c832/rsar/gaussian_white_noise/seed_43/methods/LPLD/eval_full_gaussian_white_noise_ids_v1/pred_count.txt,a39c83221c73e71d273b96ef95c65f6d8d1e84f9,331d2131b84651f0a2930a3d53faeefad8701531,a39c83221c73e71d273b96ef95c65f6d8d1e84f9,a39c83221c73e71d273b96ef95c65f6d8d1e84f9,,recorded_adaptation_producer,,,,common_one_epoch,/mnt/shared/zechuan/iraod_artifacts/comparison/xaf_student_quant_20260908/formal_ports_manifests_a39c832/runtime.json,/mnt/shared/zechuan/iraod_artifacts/comparison/xaf_student_quant_20260908/formal_ports_runs_a39c832/rsar/gaussian_white_noise/seed_43/methods/LPLD/eval_full_gaussian_white_noise_ids_v1/execution.json,[]
RSAR,gaussian_white_noise,LPLD,44,ema,/mnt/shared/zechuan/iraod_artifacts/comparison/xaf_student_quant_20260908/formal_ports_runs_a39c832/rsar/gaussian_white_noise/seed_44/methods/LPLD/eval_full_gaussian_white_noise_ids_v1,/mnt/shared/zechuan/iraod_artifacts/comparison/xaf_student_quant_20260908/formal_ports_runs_a39c832/rsar/gaussian_white_noise/seed_44/methods/LPLD/eval_full_gaussian_white_noise_ids_v1/eval_20260908_215243.json,/mnt/shared/zechuan/iraod_artifacts/comparison/xaf_student_quant_20260908/formal_ports_runs_a39c832/rsar/gaussian_white_noise/seed_44/methods/LPLD/eval_full_gaussian_white_noise_ids_v1/predictions.pkl.image_ids.json,/mnt/SSD2_8TB/zechuan/IRAOD-New-rc331d213/configs/baseline/oriented_rcnn_orthonet_rsar.py,complete,0.529943585395813,0.529943585395813,[],8538,88273,/mnt/shared/zechuan/iraod_artifacts/comparison/xaf_student_quant_20260908/formal_ports_runs_a39c832/rsar/gaussian_white_noise/seed_44/methods/LPLD/work/iter_266_ema.pth,e489f015cc2b67926a415436c97532ff814f826c4861b659cbc712fb9413b98c,,/mnt/shared/zechuan/iraod_artifacts/comparison/xaf_student_quant_20260908/formal_ports_runs_a39c832/rsar/gaussian_white_noise/seed_44/methods/LPLD/eval_full_gaussian_white_noise_ids_v1/eval_status,/mnt/shared/zechuan/iraod_artifacts/comparison/xaf_student_quant_20260908/formal_ports_runs_a39c832/rsar/gaussian_white_noise/seed_44/methods/LPLD/eval_full_gaussian_white_noise_ids_v1/class_ap.txt,/mnt/shared/zechuan/iraod_artifacts/comparison/xaf_student_quant_20260908/formal_ports_runs_a39c832/rsar/gaussian_white_noise/seed_44/methods/LPLD/eval_full_gaussian_white_noise_ids_v1/predictions.pkl,/mnt/shared/zechuan/iraod_artifacts/comparison/xaf_student_quant_20260908/formal_ports_runs_a39c832/rsar/gaussian_white_noise/seed_44/methods/LPLD/eval_full_gaussian_white_noise_ids_v1/pred_count.txt,a39c83221c73e71d273b96ef95c65f6d8d1e84f9,331d2131b84651f0a2930a3d53faeefad8701531,a39c83221c73e71d273b96ef95c65f6d8d1e84f9,a39c83221c73e71d273b96ef95c65f6d8d1e84f9,,recorded_adaptation_producer,,,,common_one_epoch,/mnt/shared/zechuan/iraod_artifacts/comparison/xaf_student_quant_20260908/formal_ports_manifests_a39c832/runtime.json,/mnt/shared/zechuan/iraod_artifacts/comparison/xaf_student_quant_20260908/formal_ports_runs_a39c832/rsar/gaussian_white_noise/seed_44/methods/LPLD/eval_full_gaussian_white_noise_ids_v1/execution.json,[]
RSAR,gaussian_white_noise,SFUT,42,ema,/mnt/shared/zechuan/iraod_artifacts/comparison/xaf_student_quant_20260908/formal_ports_runs_a39c832/rsar/gaussian_white_noise/seed_42/methods/SFUT/eval_full_gaussian_white_noise_ids_v1,/mnt/shared/zechuan/iraod_artifacts/comparison/xaf_student_quant_20260908/formal_ports_runs_a39c832/rsar/gaussian_white_noise/seed_42/methods/SFUT/eval_full_gaussian_white_noise_ids_v1/eval_20260908_214548.json,/mnt/shared/zechuan/iraod_artifacts/comparison/xaf_student_quant_20260908/formal_ports_runs_a39c832/rsar/gaussian_white_noise/seed_42/methods/SFUT/eval_full_gaussian_white_noise_ids_v1/predictions.pkl.image_ids.json,/mnt/SSD2_8TB/zechuan/IRAOD-New-rc331d213/configs/baseline/oriented_rcnn_orthonet_rsar.py,complete,0.5418992638587952,0.5418992638587952,[],8538,61319,/mnt/shared/zechuan/iraod_artifacts/comparison/xaf_student_quant_20260908/formal_ports_runs_a39c832/rsar/gaussian_white_noise/seed_42/methods/SFUT/work/iter_266_ema.pth,e489f015cc2b67926a415436c97532ff814f826c4861b659cbc712fb9413b98c,,/mnt/shared/zechuan/iraod_artifacts/comparison/xaf_student_quant_20260908/formal_ports_runs_a39c832/rsar/gaussian_white_noise/seed_42/methods/SFUT/eval_full_gaussian_white_noise_ids_v1/eval_status,/mnt/shared/zechuan/iraod_artifacts/comparison/xaf_student_quant_20260908/formal_ports_runs_a39c832/rsar/gaussian_white_noise/seed_42/methods/SFUT/eval_full_gaussian_white_noise_ids_v1/class_ap.txt,/mnt/shared/zechuan/iraod_artifacts/comparison/xaf_student_quant_20260908/formal_ports_runs_a39c832/rsar/gaussian_white_noise/seed_42/methods/SFUT/eval_full_gaussian_white_noise_ids_v1/predictions.pkl,/mnt/shared/zechuan/iraod_artifacts/comparison/xaf_student_quant_20260908/formal_ports_runs_a39c832/rsar/gaussian_white_noise/seed_42/methods/SFUT/eval_full_gaussian_white_noise_ids_v1/pred_count.txt,a39c83221c73e71d273b96ef95c65f6d8d1e84f9,331d2131b84651f0a2930a3d53faeefad8701531,a39c83221c73e71d273b96ef95c65f6d8d1e84f9,a39c83221c73e71d273b96ef95c65f6d8d1e84f9,,recorded_adaptation_producer,,,,common_one_epoch,/mnt/shared/zechuan/iraod_artifacts/comparison/xaf_student_quant_20260908/formal_ports_manifests_a39c832/runtime.json,/mnt/shared/zechuan/iraod_artifacts/comparison/xaf_student_quant_20260908/formal_ports_runs_a39c832/rsar/gaussian_white_noise/seed_42/methods/SFUT/eval_full_gaussian_white_noise_ids_v1/execution.json,[]
RSAR,gaussian_white_noise,SFUT,43,ema,/mnt/shared/zechuan/iraod_artifacts/comparison/xaf_student_quant_20260908/formal_ports_runs_a39c832/rsar/gaussian_white_noise/seed_43/methods/SFUT/eval_full_gaussian_white_noise_ids_v1,/mnt/shared/zechuan/iraod_artifacts/comparison/xaf_student_quant_20260908/formal_ports_runs_a39c832/rsar/gaussian_white_noise/seed_43/methods/SFUT/eval_full_gaussian_white_noise_ids_v1/eval_20260908_215007.json,/mnt/shared/zechuan/iraod_artifacts/comparison/xaf_student_quant_20260908/formal_ports_runs_a39c832/rsar/gaussian_white_noise/seed_43/methods/SFUT/eval_full_gaussian_white_noise_ids_v1/predictions.pkl.image_ids.json,/mnt/SSD2_8TB/zechuan/IRAOD-New-rc331d213/configs/baseline/oriented_rcnn_orthonet_rsar.py,complete,0.5349575877189636,0.5349575877189636,[],8538,58724,/mnt/shared/zechuan/iraod_artifacts/comparison/xaf_student_quant_20260908/formal_ports_runs_a39c832/rsar/gaussian_white_noise/seed_43/methods/SFUT/work/iter_266_ema.pth,e489f015cc2b67926a415436c97532ff814f826c4861b659cbc712fb9413b98c,,/mnt/shared/zechuan/iraod_artifacts/comparison/xaf_student_quant_20260908/formal_ports_runs_a39c832/rsar/gaussian_white_noise/seed_43/methods/SFUT/eval_full_gaussian_white_noise_ids_v1/eval_status,/mnt/shared/zechuan/iraod_artifacts/comparison/xaf_student_quant_20260908/formal_ports_runs_a39c832/rsar/gaussian_white_noise/seed_43/methods/SFUT/eval_full_gaussian_white_noise_ids_v1/class_ap.txt,/mnt/shared/zechuan/iraod_artifacts/comparison/xaf_student_quant_20260908/formal_ports_runs_a39c832/rsar/gaussian_white_noise/seed_43/methods/SFUT/eval_full_gaussian_white_noise_ids_v1/predictions.pkl,/mnt/shared/zechuan/iraod_artifacts/comparison/xaf_student_quant_20260908/formal_ports_runs_a39c832/rsar/gaussian_white_noise/seed_43/methods/SFUT/eval_full_gaussian_white_noise_ids_v1/pred_count.txt,a39c83221c73e71d273b96ef95c65f6d8d1e84f9,331d2131b84651f0a2930a3d53faeefad8701531,a39c83221c73e71d273b96ef95c65f6d8d1e84f9,a39c83221c73e71d273b96ef95c65f6d8d1e84f9,,recorded_adaptation_producer,,,,common_one_epoch,/mnt/shared/zechuan/iraod_artifacts/comparison/xaf_student_quant_20260908/formal_ports_manifests_a39c832/runtime.json,/mnt/shared/zechuan/iraod_artifacts/comparison/xaf_student_quant_20260908/formal_ports_runs_a39c832/rsar/gaussian_white_noise/seed_43/methods/SFUT/eval_full_gaussian_white_noise_ids_v1/execution.json,[]
RSAR,gaussian_white_noise,SFUT,44,ema,/mnt/shared/zechuan/iraod_artifacts/comparison/xaf_student_quant_20260908/formal_ports_runs_a39c832/rsar/gaussian_white_noise/seed_44/methods/SFUT/eval_full_gaussian_white_noise_ids_v1,/mnt/shared/zechuan/iraod_artifacts/comparison/xaf_student_quant_20260908/formal_ports_runs_a39c832/rsar/gaussian_white_noise/seed_44/methods/SFUT/eval_full_gaussian_white_noise_ids_v1/eval_20260908_215456.json,/mnt/shared/zechuan/iraod_artifacts/comparison/xaf_student_quant_20260908/formal_ports_runs_a39c832/rsar/gaussian_white_noise/seed_44/methods/SFUT/eval_full_gaussian_white_noise_ids_v1/predictions.pkl.image_ids.json,/mnt/SSD2_8TB/zechuan/IRAOD-New-rc331d213/configs/baseline/oriented_rcnn_orthonet_rsar.py,complete,0.5402087569236755,0.5402087569236755,[],8538,60211,/mnt/shared/zechuan/iraod_artifacts/comparison/xaf_student_quant_20260908/formal_ports_runs_a39c832/rsar/gaussian_white_noise/seed_44/methods/SFUT/work/iter_266_ema.pth,e489f015cc2b67926a415436c97532ff814f826c4861b659cbc712fb9413b98c,,/mnt/shared/zechuan/iraod_artifacts/comparison/xaf_student_quant_20260908/formal_ports_runs_a39c832/rsar/gaussian_white_noise/seed_44/methods/SFUT/eval_full_gaussian_white_noise_ids_v1/eval_status,/mnt/shared/zechuan/iraod_artifacts/comparison/xaf_student_quant_20260908/formal_ports_runs_a39c832/rsar/gaussian_white_noise/seed_44/methods/SFUT/eval_full_gaussian_white_noise_ids_v1/class_ap.txt,/mnt/shared/zechuan/iraod_artifacts/comparison/xaf_student_quant_20260908/formal_ports_runs_a39c832/rsar/gaussian_white_noise/seed_44/methods/SFUT/eval_full_gaussian_white_noise_ids_v1/predictions.pkl,/mnt/shared/zechuan/iraod_artifacts/comparison/xaf_student_quant_20260908/formal_ports_runs_a39c832/rsar/gaussian_white_noise/seed_44/methods/SFUT/eval_full_gaussian_white_noise_ids_v1/pred_count.txt,a39c83221c73e71d273b96ef95c65f6d8d1e84f9,331d2131b84651f0a2930a3d53faeefad8701531,a39c83221c73e71d273b96ef95c65f6d8d1e84f9,a39c83221c73e71d273b96ef95c65f6d8d1e84f9,,recorded_adaptation_producer,,,,common_one_epoch,/mnt/shared/zechuan/iraod_artifacts/comparison/xaf_student_quant_20260908/formal_ports_manifests_a39c832/runtime.json,/mnt/shared/zechuan/iraod_artifacts/comparison/xaf_student_quant_20260908/formal_ports_runs_a39c832/rsar/gaussian_white_noise/seed_44/methods/SFUT/eval_full_gaussian_white_noise_ids_v1/execution.json,[]
RSAR,point_target,A,42,source,/mnt/shared/zechuan/iraod_artifacts/comparison/rsar/point_target/seed_42/0f98a48/methods/A/eval_full_point_target_ids_v1,/mnt/shared/zechuan/iraod_artifacts/comparison/rsar/point_target/seed_42/0f98a48/methods/A/eval_full_point_target_ids_v1/eval_20260907_124656.json,/mnt/shared/zechuan/iraod_artifacts/comparison/rsar/point_target/seed_42/0f98a48/methods/A/eval_full_point_target_ids_v1/predictions.pkl.image_ids.json,/mnt/SSD2_8TB/zechuan/IRAOD-New-rc331d213/configs/baseline/oriented_rcnn_orthonet_rsar.py,complete,0.5158401131629944,0.5158401131629944,[],8538,106100,/mnt/shared/zechuan/iraod_artifacts/rsar_source/seed42-orthonet-ddp4-gpu4567-spg16-gbs64/train/epoch_100.pth,e489f015cc2b67926a415436c97532ff814f826c4861b659cbc712fb9413b98c,,/mnt/shared/zechuan/iraod_artifacts/comparison/rsar/point_target/seed_42/0f98a48/methods/A/eval_full_point_target_ids_v1/eval_status,/mnt/shared/zechuan/iraod_artifacts/comparison/rsar/point_target/seed_42/0f98a48/methods/A/eval_full_point_target_ids_v1/class_ap.txt,/mnt/shared/zechuan/iraod_artifacts/comparison/rsar/point_target/seed_42/0f98a48/methods/A/eval_full_point_target_ids_v1/predictions.pkl,/mnt/shared/zechuan/iraod_artifacts/comparison/rsar/point_target/seed_42/0f98a48/methods/A/eval_full_point_target_ids_v1/pred_count.txt,0f98a48b539f9260055fc305784ffbc924f50451,331d2131b84651f0a2930a3d53faeefad8701531,0f98a48b539f9260055fc305784ffbc924f50451,b474aaa5f7718746215ce13beceb071617bb823e,b474aaa5f7718746215ce13beceb071617bb823e,source_producer_corrected_in_report,"{""dataset"": ""RSAR"", ""domain"": ""point_target"", ""method"": ""A"", ""seed"": 42, ""role"": ""source"", ""field"": ""training_code_sha"", ""recorded"": ""0f98a48b539f9260055fc305784ffbc924f50451"", ""actual"": ""b474aaa5f7718746215ce13beceb071617bb823e"", ""source_checkpoint"": ""/mnt/shared/zechuan/iraod_artifacts/rsar_source/seed42-orthonet-ddp4-gpu4567-spg16-gbs64/train/epoch_100.pth"", ""source_weights_sha256"": ""e489f015cc2b67926a415436c97532ff814f826c4861b659cbc712fb9413b98c"", ""source_record"": ""/mnt/shared/zechuan/iraod_artifacts/rsar_source/seed42-orthonet-ddp4-gpu4567-spg16-gbs64/reproducibility/git_commit.txt"", ""source_record_snapshot"": ""/mnt/shared/zechuan/iraod_artifacts/comparison/final_delivery_20260908_4a6bc50/input/source_records/RSAR_producer_git_commit.txt"", ""sidecar"": ""/mnt/shared/zechuan/iraod_artifacts/comparison/rsar/point_target/seed_42/0f98a48/methods/A/eval_full_point_target_ids_v1/predictions.pkl.image_ids.json"", ""sidecar_modified"": false, ""scope"": ""producer metadata only; weights, predictions, IDs and mAP unchanged""}",0.5158401131629944,/mnt/shared/zechuan/iraod_artifacts/comparison/xaf_student_quant_20260908/integration_code_752a139/results/paper_comparison/historical/seed42/raw_results.csv,fixed_source,,,
RSAR,point_target,IRG,42,ema,/mnt/shared/zechuan/iraod_artifacts/comparison/xaf_student_quant_20260908/formal_ports_runs_a39c832/rsar/point_target/seed_42/methods/IRG/eval_full_point_target_ids_v1,/mnt/shared/zechuan/iraod_artifacts/comparison/xaf_student_quant_20260908/formal_ports_runs_a39c832/rsar/point_target/seed_42/methods/IRG/eval_full_point_target_ids_v1/eval_20260908_215501.json,/mnt/shared/zechuan/iraod_artifacts/comparison/xaf_student_quant_20260908/formal_ports_runs_a39c832/rsar/point_target/seed_42/methods/IRG/eval_full_point_target_ids_v1/predictions.pkl.image_ids.json,/mnt/SSD2_8TB/zechuan/IRAOD-New-rc331d213/configs/baseline/oriented_rcnn_orthonet_rsar.py,complete,0.5263226628303528,0.5263226628303528,[],8538,102555,/mnt/shared/zechuan/iraod_artifacts/comparison/xaf_student_quant_20260908/formal_ports_runs_a39c832/rsar/point_target/seed_42/methods/IRG/work/iter_266_ema.pth,e489f015cc2b67926a415436c97532ff814f826c4861b659cbc712fb9413b98c,,/mnt/shared/zechuan/iraod_artifacts/comparison/xaf_student_quant_20260908/formal_ports_runs_a39c832/rsar/point_target/seed_42/methods/IRG/eval_full_point_target_ids_v1/eval_status,/mnt/shared/zechuan/iraod_artifacts/comparison/xaf_student_quant_20260908/formal_ports_runs_a39c832/rsar/point_target/seed_42/methods/IRG/eval_full_point_target_ids_v1/class_ap.txt,/mnt/shared/zechuan/iraod_artifacts/comparison/xaf_student_quant_20260908/formal_ports_runs_a39c832/rsar/point_target/seed_42/methods/IRG/eval_full_point_target_ids_v1/predictions.pkl,/mnt/shared/zechuan/iraod_artifacts/comparison/xaf_student_quant_20260908/formal_ports_runs_a39c832/rsar/point_target/seed_42/methods/IRG/eval_full_point_target_ids_v1/pred_count.txt,a39c83221c73e71d273b96ef95c65f6d8d1e84f9,331d2131b84651f0a2930a3d53faeefad8701531,a39c83221c73e71d273b96ef95c65f6d8d1e84f9,a39c83221c73e71d273b96ef95c65f6d8d1e84f9,,recorded_adaptation_producer,,,,common_one_epoch,/mnt/shared/zechuan/iraod_artifacts/comparison/xaf_student_quant_20260908/formal_ports_manifests_a39c832/runtime.json,/mnt/shared/zechuan/iraod_artifacts/comparison/xaf_student_quant_20260908/formal_ports_runs_a39c832/rsar/point_target/seed_42/methods/IRG/eval_full_point_target_ids_v1/execution.json,[]
RSAR,point_target,IRG,43,ema,/mnt/shared/zechuan/iraod_artifacts/comparison/xaf_student_quant_20260908/formal_ports_runs_a39c832/rsar/point_target/seed_43/methods/IRG/eval_full_point_target_ids_v1,/mnt/shared/zechuan/iraod_artifacts/comparison/xaf_student_quant_20260908/formal_ports_runs_a39c832/rsar/point_target/seed_43/methods/IRG/eval_full_point_target_ids_v1/eval_20260908_215952.json,/mnt/shared/zechuan/iraod_artifacts/comparison/xaf_student_quant_20260908/formal_ports_runs_a39c832/rsar/point_target/seed_43/methods/IRG/eval_full_point_target_ids_v1/predictions.pkl.image_ids.json,/mnt/SSD2_8TB/zechuan/IRAOD-New-rc331d213/configs/baseline/oriented_rcnn_orthonet_rsar.py,complete,0.5261342525482178,0.5261342525482178,[],8538,103767,/mnt/shared/zechuan/iraod_artifacts/comparison/xaf_student_quant_20260908/formal_ports_runs_a39c832/rsar/point_target/seed_43/methods/IRG/work/iter_266_ema.pth,e489f015cc2b67926a415436c97532ff814f826c4861b659cbc712fb9413b98c,,/mnt/shared/zechuan/iraod_artifacts/comparison/xaf_student_quant_20260908/formal_ports_runs_a39c832/rsar/point_target/seed_43/methods/IRG/eval_full_point_target_ids_v1/eval_status,/mnt/shared/zechuan/iraod_artifacts/comparison/xaf_student_quant_20260908/formal_ports_runs_a39c832/rsar/point_target/seed_43/methods/IRG/eval_full_point_target_ids_v1/class_ap.txt,/mnt/shared/zechuan/iraod_artifacts/comparison/xaf_student_quant_20260908/formal_ports_runs_a39c832/rsar/point_target/seed_43/methods/IRG/eval_full_point_target_ids_v1/predictions.pkl,/mnt/shared/zechuan/iraod_artifacts/comparison/xaf_student_quant_20260908/formal_ports_runs_a39c832/rsar/point_target/seed_43/methods/IRG/eval_full_point_target_ids_v1/pred_count.txt,a39c83221c73e71d273b96ef95c65f6d8d1e84f9,331d2131b84651f0a2930a3d53faeefad8701531,a39c83221c73e71d273b96ef95c65f6d8d1e84f9,a39c83221c73e71d273b96ef95c65f6d8d1e84f9,,recorded_adaptation_producer,,,,common_one_epoch,/mnt/shared/zechuan/iraod_artifacts/comparison/xaf_student_quant_20260908/formal_ports_manifests_a39c832/runtime.json,/mnt/shared/zechuan/iraod_artifacts/comparison/xaf_student_quant_20260908/formal_ports_runs_a39c832/rsar/point_target/seed_43/methods/IRG/eval_full_point_target_ids_v1/execution.json,[]
RSAR,point_target,IRG,44,ema,/mnt/shared/zechuan/iraod_artifacts/comparison/xaf_student_quant_20260908/formal_ports_runs_a39c832/rsar/point_target/seed_44/methods/IRG/eval_full_point_target_ids_v1,/mnt/shared/zechuan/iraod_artifacts/comparison/xaf_student_quant_20260908/formal_ports_runs_a39c832/rsar/point_target/seed_44/methods/IRG/eval_full_point_target_ids_v1/eval_20260908_220245.json,/mnt/shared/zechuan/iraod_artifacts/comparison/xaf_student_quant_20260908/formal_ports_runs_a39c832/rsar/point_target/seed_44/methods/IRG/eval_full_point_target_ids_v1/predictions.pkl.image_ids.json,/mnt/SSD2_8TB/zechuan/IRAOD-New-rc331d213/configs/baseline/oriented_rcnn_orthonet_rsar.py,complete,0.0,0.0,[],8538,0,/mnt/shared/zechuan/iraod_artifacts/comparison/xaf_student_quant_20260908/formal_ports_runs_a39c832/rsar/point_target/seed_44/methods/IRG/work/iter_266_ema.pth,e489f015cc2b67926a415436c97532ff814f826c4861b659cbc712fb9413b98c,,/mnt/shared/zechuan/iraod_artifacts/comparison/xaf_student_quant_20260908/formal_ports_runs_a39c832/rsar/point_target/seed_44/methods/IRG/eval_full_point_target_ids_v1/eval_status,/mnt/shared/zechuan/iraod_artifacts/comparison/xaf_student_quant_20260908/formal_ports_runs_a39c832/rsar/point_target/seed_44/methods/IRG/eval_full_point_target_ids_v1/class_ap.txt,/mnt/shared/zechuan/iraod_artifacts/comparison/xaf_student_quant_20260908/formal_ports_runs_a39c832/rsar/point_target/seed_44/methods/IRG/eval_full_point_target_ids_v1/predictions.pkl,/mnt/shared/zechuan/iraod_artifacts/comparison/xaf_student_quant_20260908/formal_ports_runs_a39c832/rsar/point_target/seed_44/methods/IRG/eval_full_point_target_ids_v1/pred_count.txt,a39c83221c73e71d273b96ef95c65f6d8d1e84f9,331d2131b84651f0a2930a3d53faeefad8701531,a39c83221c73e71d273b96ef95c65f6d8d1e84f9,a39c83221c73e71d273b96ef95c65f6d8d1e84f9,,recorded_adaptation_producer,,,,common_one_epoch,/mnt/shared/zechuan/iraod_artifacts/comparison/xaf_student_quant_20260908/formal_ports_manifests_a39c832/runtime.json,/mnt/shared/zechuan/iraod_artifacts/comparison/xaf_student_quant_20260908/formal_ports_runs_a39c832/rsar/point_target/seed_44/methods/IRG/eval_full_point_target_ids_v1/execution.json,[]
RSAR,point_target,LPLD,42,ema,/mnt/shared/zechuan/iraod_artifacts/comparison/xaf_student_quant_20260908/formal_ports_runs_a39c832/rsar/point_target/seed_42/methods/LPLD/eval_full_point_target_ids_v1,/mnt/shared/zechuan/iraod_artifacts/comparison/xaf_student_quant_20260908/formal_ports_runs_a39c832/rsar/point_target/seed_42/methods/LPLD/eval_full_point_target_ids_v1/eval_20260908_215546.json,/mnt/shared/zechuan/iraod_artifacts/comparison/xaf_student_quant_20260908/formal_ports_runs_a39c832/rsar/point_target/seed_42/methods/LPLD/eval_full_point_target_ids_v1/predictions.pkl.image_ids.json,/mnt/SSD2_8TB/zechuan/IRAOD-New-rc331d213/configs/baseline/oriented_rcnn_orthonet_rsar.py,complete,0.5137313008308411,0.5137313008308411,[],8538,134426,/mnt/shared/zechuan/iraod_artifacts/comparison/xaf_student_quant_20260908/formal_ports_runs_a39c832/rsar/point_target/seed_42/methods/LPLD/work/iter_266_ema.pth,e489f015cc2b67926a415436c97532ff814f826c4861b659cbc712fb9413b98c,,/mnt/shared/zechuan/iraod_artifacts/comparison/xaf_student_quant_20260908/formal_ports_runs_a39c832/rsar/point_target/seed_42/methods/LPLD/eval_full_point_target_ids_v1/eval_status,/mnt/shared/zechuan/iraod_artifacts/comparison/xaf_student_quant_20260908/formal_ports_runs_a39c832/rsar/point_target/seed_42/methods/LPLD/eval_full_point_target_ids_v1/class_ap.txt,/mnt/shared/zechuan/iraod_artifacts/comparison/xaf_student_quant_20260908/formal_ports_runs_a39c832/rsar/point_target/seed_42/methods/LPLD/eval_full_point_target_ids_v1/predictions.pkl,/mnt/shared/zechuan/iraod_artifacts/comparison/xaf_student_quant_20260908/formal_ports_runs_a39c832/rsar/point_target/seed_42/methods/LPLD/eval_full_point_target_ids_v1/pred_count.txt,a39c83221c73e71d273b96ef95c65f6d8d1e84f9,331d2131b84651f0a2930a3d53faeefad8701531,a39c83221c73e71d273b96ef95c65f6d8d1e84f9,a39c83221c73e71d273b96ef95c65f6d8d1e84f9,,recorded_adaptation_producer,,,,common_one_epoch,/mnt/shared/zechuan/iraod_artifacts/comparison/xaf_student_quant_20260908/formal_ports_manifests_a39c832/runtime.json,/mnt/shared/zechuan/iraod_artifacts/comparison/xaf_student_quant_20260908/formal_ports_runs_a39c832/rsar/point_target/seed_42/methods/LPLD/eval_full_point_target_ids_v1/execution.json,[]
RSAR,point_target,LPLD,43,ema,/mnt/shared/zechuan/iraod_artifacts/comparison/xaf_student_quant_20260908/formal_ports_runs_a39c832/rsar/point_target/seed_43/methods/LPLD/eval_full_point_target_ids_v1,/mnt/shared/zechuan/iraod_artifacts/comparison/xaf_student_quant_20260908/formal_ports_runs_a39c832/rsar/point_target/seed_43/methods/LPLD/eval_full_point_target_ids_v1/eval_20260908_215957.json,/mnt/shared/zechuan/iraod_artifacts/comparison/xaf_student_quant_20260908/formal_ports_runs_a39c832/rsar/point_target/seed_43/methods/LPLD/eval_full_point_target_ids_v1/predictions.pkl.image_ids.json,/mnt/SSD2_8TB/zechuan/IRAOD-New-rc331d213/configs/baseline/oriented_rcnn_orthonet_rsar.py,complete,0.5226585865020752,0.5226585865020752,[],8538,118049,/mnt/shared/zechuan/iraod_artifacts/comparison/xaf_student_quant_20260908/formal_ports_runs_a39c832/rsar/point_target/seed_43/methods/LPLD/work/iter_266_ema.pth,e489f015cc2b67926a415436c97532ff814f826c4861b659cbc712fb9413b98c,,/mnt/shared/zechuan/iraod_artifacts/comparison/xaf_student_quant_20260908/formal_ports_runs_a39c832/rsar/point_target/seed_43/methods/LPLD/eval_full_point_target_ids_v1/eval_status,/mnt/shared/zechuan/iraod_artifacts/comparison/xaf_student_quant_20260908/formal_ports_runs_a39c832/rsar/point_target/seed_43/methods/LPLD/eval_full_point_target_ids_v1/class_ap.txt,/mnt/shared/zechuan/iraod_artifacts/comparison/xaf_student_quant_20260908/formal_ports_runs_a39c832/rsar/point_target/seed_43/methods/LPLD/eval_full_point_target_ids_v1/predictions.pkl,/mnt/shared/zechuan/iraod_artifacts/comparison/xaf_student_quant_20260908/formal_ports_runs_a39c832/rsar/point_target/seed_43/methods/LPLD/eval_full_point_target_ids_v1/pred_count.txt,a39c83221c73e71d273b96ef95c65f6d8d1e84f9,331d2131b84651f0a2930a3d53faeefad8701531,a39c83221c73e71d273b96ef95c65f6d8d1e84f9,a39c83221c73e71d273b96ef95c65f6d8d1e84f9,,recorded_adaptation_producer,,,,common_one_epoch,/mnt/shared/zechuan/iraod_artifacts/comparison/xaf_student_quant_20260908/formal_ports_manifests_a39c832/runtime.json,/mnt/shared/zechuan/iraod_artifacts/comparison/xaf_student_quant_20260908/formal_ports_runs_a39c832/rsar/point_target/seed_43/methods/LPLD/eval_full_point_target_ids_v1/execution.json,[]
RSAR,point_target,LPLD,44,ema,/mnt/shared/zechuan/iraod_artifacts/comparison/xaf_student_quant_20260908/formal_ports_runs_a39c832/rsar/point_target/seed_44/methods/LPLD/eval_full_point_target_ids_v1,/mnt/shared/zechuan/iraod_artifacts/comparison/xaf_student_quant_20260908/formal_ports_runs_a39c832/rsar/point_target/seed_44/methods/LPLD/eval_full_point_target_ids_v1/eval_20260908_220447.json,/mnt/shared/zechuan/iraod_artifacts/comparison/xaf_student_quant_20260908/formal_ports_runs_a39c832/rsar/point_target/seed_44/methods/LPLD/eval_full_point_target_ids_v1/predictions.pkl.image_ids.json,/mnt/SSD2_8TB/zechuan/IRAOD-New-rc331d213/configs/baseline/oriented_rcnn_orthonet_rsar.py,complete,0.0,0.0,[],8538,0,/mnt/shared/zechuan/iraod_artifacts/comparison/xaf_student_quant_20260908/formal_ports_runs_a39c832/rsar/point_target/seed_44/methods/LPLD/work/iter_266_ema.pth,e489f015cc2b67926a415436c97532ff814f826c4861b659cbc712fb9413b98c,,/mnt/shared/zechuan/iraod_artifacts/comparison/xaf_student_quant_20260908/formal_ports_runs_a39c832/rsar/point_target/seed_44/methods/LPLD/eval_full_point_target_ids_v1/eval_status,/mnt/shared/zechuan/iraod_artifacts/comparison/xaf_student_quant_20260908/formal_ports_runs_a39c832/rsar/point_target/seed_44/methods/LPLD/eval_full_point_target_ids_v1/class_ap.txt,/mnt/shared/zechuan/iraod_artifacts/comparison/xaf_student_quant_20260908/formal_ports_runs_a39c832/rsar/point_target/seed_44/methods/LPLD/eval_full_point_target_ids_v1/predictions.pkl,/mnt/shared/zechuan/iraod_artifacts/comparison/xaf_student_quant_20260908/formal_ports_runs_a39c832/rsar/point_target/seed_44/methods/LPLD/eval_full_point_target_ids_v1/pred_count.txt,a39c83221c73e71d273b96ef95c65f6d8d1e84f9,331d2131b84651f0a2930a3d53faeefad8701531,a39c83221c73e71d273b96ef95c65f6d8d1e84f9,a39c83221c73e71d273b96ef95c65f6d8d1e84f9,,recorded_adaptation_producer,,,,common_one_epoch,/mnt/shared/zechuan/iraod_artifacts/comparison/xaf_student_quant_20260908/formal_ports_manifests_a39c832/runtime.json,/mnt/shared/zechuan/iraod_artifacts/comparison/xaf_student_quant_20260908/formal_ports_runs_a39c832/rsar/point_target/seed_44/methods/LPLD/eval_full_point_target_ids_v1/execution.json,[]
RSAR,point_target,SFUT,42,ema,/mnt/shared/zechuan/iraod_artifacts/comparison/xaf_student_quant_20260908/formal_ports_runs_a39c832/rsar/point_target/seed_42/methods/SFUT/eval_full_point_target_ids_v1,/mnt/shared/zechuan/iraod_artifacts/comparison/xaf_student_quant_20260908/formal_ports_runs_a39c832/rsar/point_target/seed_42/methods/SFUT/eval_full_point_target_ids_v1/eval_20260908_215744.json,/mnt/shared/zechuan/iraod_artifacts/comparison/xaf_student_quant_20260908/formal_ports_runs_a39c832/rsar/point_target/seed_42/methods/SFUT/eval_full_point_target_ids_v1/predictions.pkl.image_ids.json,/mnt/SSD2_8TB/zechuan/IRAOD-New-rc331d213/configs/baseline/oriented_rcnn_orthonet_rsar.py,complete,0.5212247371673584,0.5212247371673584,[],8538,103483,/mnt/shared/zechuan/iraod_artifacts/comparison/xaf_student_quant_20260908/formal_ports_runs_a39c832/rsar/point_target/seed_42/methods/SFUT/work/iter_266_ema.pth,e489f015cc2b67926a415436c97532ff814f826c4861b659cbc712fb9413b98c,,/mnt/shared/zechuan/iraod_artifacts/comparison/xaf_student_quant_20260908/formal_ports_runs_a39c832/rsar/point_target/seed_42/methods/SFUT/eval_full_point_target_ids_v1/eval_status,/mnt/shared/zechuan/iraod_artifacts/comparison/xaf_student_quant_20260908/formal_ports_runs_a39c832/rsar/point_target/seed_42/methods/SFUT/eval_full_point_target_ids_v1/class_ap.txt,/mnt/shared/zechuan/iraod_artifacts/comparison/xaf_student_quant_20260908/formal_ports_runs_a39c832/rsar/point_target/seed_42/methods/SFUT/eval_full_point_target_ids_v1/predictions.pkl,/mnt/shared/zechuan/iraod_artifacts/comparison/xaf_student_quant_20260908/formal_ports_runs_a39c832/rsar/point_target/seed_42/methods/SFUT/eval_full_point_target_ids_v1/pred_count.txt,a39c83221c73e71d273b96ef95c65f6d8d1e84f9,331d2131b84651f0a2930a3d53faeefad8701531,a39c83221c73e71d273b96ef95c65f6d8d1e84f9,a39c83221c73e71d273b96ef95c65f6d8d1e84f9,,recorded_adaptation_producer,,,,common_one_epoch,/mnt/shared/zechuan/iraod_artifacts/comparison/xaf_student_quant_20260908/formal_ports_manifests_a39c832/runtime.json,/mnt/shared/zechuan/iraod_artifacts/comparison/xaf_student_quant_20260908/formal_ports_runs_a39c832/rsar/point_target/seed_42/methods/SFUT/eval_full_point_target_ids_v1/execution.json,[]
RSAR,point_target,SFUT,43,ema,/mnt/shared/zechuan/iraod_artifacts/comparison/xaf_student_quant_20260908/formal_ports_runs_a39c832/rsar/point_target/seed_43/methods/SFUT/eval_full_point_target_ids_v1,/mnt/shared/zechuan/iraod_artifacts/comparison/xaf_student_quant_20260908/formal_ports_runs_a39c832/rsar/point_target/seed_43/methods/SFUT/eval_full_point_target_ids_v1/eval_20260908_220040.json,/mnt/shared/zechuan/iraod_artifacts/comparison/xaf_student_quant_20260908/formal_ports_runs_a39c832/rsar/point_target/seed_43/methods/SFUT/eval_full_point_target_ids_v1/predictions.pkl.image_ids.json,/mnt/SSD2_8TB/zechuan/IRAOD-New-rc331d213/configs/baseline/oriented_rcnn_orthonet_rsar.py,complete,0.5238046646118164,0.5238046646118164,[],8538,88544,/mnt/shared/zechuan/iraod_artifacts/comparison/xaf_student_quant_20260908/formal_ports_runs_a39c832/rsar/point_target/seed_43/methods/SFUT/work/iter_266_ema.pth,e489f015cc2b67926a415436c97532ff814f826c4861b659cbc712fb9413b98c,,/mnt/shared/zechuan/iraod_artifacts/comparison/xaf_student_quant_20260908/formal_ports_runs_a39c832/rsar/point_target/seed_43/methods/SFUT/eval_full_point_target_ids_v1/eval_status,/mnt/shared/zechuan/iraod_artifacts/comparison/xaf_student_quant_20260908/formal_ports_runs_a39c832/rsar/point_target/seed_43/methods/SFUT/eval_full_point_target_ids_v1/class_ap.txt,/mnt/shared/zechuan/iraod_artifacts/comparison/xaf_student_quant_20260908/formal_ports_runs_a39c832/rsar/point_target/seed_43/methods/SFUT/eval_full_point_target_ids_v1/predictions.pkl,/mnt/shared/zechuan/iraod_artifacts/comparison/xaf_student_quant_20260908/formal_ports_runs_a39c832/rsar/point_target/seed_43/methods/SFUT/eval_full_point_target_ids_v1/pred_count.txt,a39c83221c73e71d273b96ef95c65f6d8d1e84f9,331d2131b84651f0a2930a3d53faeefad8701531,a39c83221c73e71d273b96ef95c65f6d8d1e84f9,a39c83221c73e71d273b96ef95c65f6d8d1e84f9,,recorded_adaptation_producer,,,,common_one_epoch,/mnt/shared/zechuan/iraod_artifacts/comparison/xaf_student_quant_20260908/formal_ports_manifests_a39c832/runtime.json,/mnt/shared/zechuan/iraod_artifacts/comparison/xaf_student_quant_20260908/formal_ports_runs_a39c832/rsar/point_target/seed_43/methods/SFUT/eval_full_point_target_ids_v1/execution.json,[]
RSAR,point_target,SFUT,44,ema,/mnt/shared/zechuan/iraod_artifacts/comparison/xaf_student_quant_20260908/formal_ports_runs_a39c832/rsar/point_target/seed_44/methods/SFUT/eval_full_point_target_ids_v1,/mnt/shared/zechuan/iraod_artifacts/comparison/xaf_student_quant_20260908/formal_ports_runs_a39c832/rsar/point_target/seed_44/methods/SFUT/eval_full_point_target_ids_v1/eval_20260908_220457.json,/mnt/shared/zechuan/iraod_artifacts/comparison/xaf_student_quant_20260908/formal_ports_runs_a39c832/rsar/point_target/seed_44/methods/SFUT/eval_full_point_target_ids_v1/predictions.pkl.image_ids.json,/mnt/SSD2_8TB/zechuan/IRAOD-New-rc331d213/configs/baseline/oriented_rcnn_orthonet_rsar.py,complete,0.5231447219848633,0.5231447219848633,[],8538,97581,/mnt/shared/zechuan/iraod_artifacts/comparison/xaf_student_quant_20260908/formal_ports_runs_a39c832/rsar/point_target/seed_44/methods/SFUT/work/iter_266_ema.pth,e489f015cc2b67926a415436c97532ff814f826c4861b659cbc712fb9413b98c,,/mnt/shared/zechuan/iraod_artifacts/comparison/xaf_student_quant_20260908/formal_ports_runs_a39c832/rsar/point_target/seed_44/methods/SFUT/eval_full_point_target_ids_v1/eval_status,/mnt/shared/zechuan/iraod_artifacts/comparison/xaf_student_quant_20260908/formal_ports_runs_a39c832/rsar/point_target/seed_44/methods/SFUT/eval_full_point_target_ids_v1/class_ap.txt,/mnt/shared/zechuan/iraod_artifacts/comparison/xaf_student_quant_20260908/formal_ports_runs_a39c832/rsar/point_target/seed_44/methods/SFUT/eval_full_point_target_ids_v1/predictions.pkl,/mnt/shared/zechuan/iraod_artifacts/comparison/xaf_student_quant_20260908/formal_ports_runs_a39c832/rsar/point_target/seed_44/methods/SFUT/eval_full_point_target_ids_v1/pred_count.txt,a39c83221c73e71d273b96ef95c65f6d8d1e84f9,331d2131b84651f0a2930a3d53faeefad8701531,a39c83221c73e71d273b96ef95c65f6d8d1e84f9,a39c83221c73e71d273b96ef95c65f6d8d1e84f9,,recorded_adaptation_producer,,,,common_one_epoch,/mnt/shared/zechuan/iraod_artifacts/comparison/xaf_student_quant_20260908/formal_ports_manifests_a39c832/runtime.json,/mnt/shared/zechuan/iraod_artifacts/comparison/xaf_student_quant_20260908/formal_ports_runs_a39c832/rsar/point_target/seed_44/methods/SFUT/eval_full_point_target_ids_v1/execution.json,[]
RSAR,noise_suppression,A,42,source,/mnt/shared/zechuan/iraod_artifacts/comparison/rsar/noise_suppression/seed_42/0f98a48/methods/A/eval_full_noise_suppression_ids_v1,/mnt/shared/zechuan/iraod_artifacts/comparison/rsar/noise_suppression/seed_42/0f98a48/methods/A/eval_full_noise_suppression_ids_v1/eval_20260907_142227.json,/mnt/shared/zechuan/iraod_artifacts/comparison/rsar/noise_suppression/seed_42/0f98a48/methods/A/eval_full_noise_suppression_ids_v1/predictions.pkl.image_ids.json,/mnt/SSD2_8TB/zechuan/IRAOD-New-rc331d213/configs/baseline/oriented_rcnn_orthonet_rsar.py,complete,0.16340675950050354,0.16340675950050354,[],8538,54520,/mnt/shared/zechuan/iraod_artifacts/rsar_source/seed42-orthonet-ddp4-gpu4567-spg16-gbs64/train/epoch_100.pth,e489f015cc2b67926a415436c97532ff814f826c4861b659cbc712fb9413b98c,,/mnt/shared/zechuan/iraod_artifacts/comparison/rsar/noise_suppression/seed_42/0f98a48/methods/A/eval_full_noise_suppression_ids_v1/eval_status,/mnt/shared/zechuan/iraod_artifacts/comparison/rsar/noise_suppression/seed_42/0f98a48/methods/A/eval_full_noise_suppression_ids_v1/class_ap.txt,/mnt/shared/zechuan/iraod_artifacts/comparison/rsar/noise_suppression/seed_42/0f98a48/methods/A/eval_full_noise_suppression_ids_v1/predictions.pkl,/mnt/shared/zechuan/iraod_artifacts/comparison/rsar/noise_suppression/seed_42/0f98a48/methods/A/eval_full_noise_suppression_ids_v1/pred_count.txt,0f98a48b539f9260055fc305784ffbc924f50451,331d2131b84651f0a2930a3d53faeefad8701531,0f98a48b539f9260055fc305784ffbc924f50451,b474aaa5f7718746215ce13beceb071617bb823e,b474aaa5f7718746215ce13beceb071617bb823e,source_producer_corrected_in_report,"{""dataset"": ""RSAR"", ""domain"": ""noise_suppression"", ""method"": ""A"", ""seed"": 42, ""role"": ""source"", ""field"": ""training_code_sha"", ""recorded"": ""0f98a48b539f9260055fc305784ffbc924f50451"", ""actual"": ""b474aaa5f7718746215ce13beceb071617bb823e"", ""source_checkpoint"": ""/mnt/shared/zechuan/iraod_artifacts/rsar_source/seed42-orthonet-ddp4-gpu4567-spg16-gbs64/train/epoch_100.pth"", ""source_weights_sha256"": ""e489f015cc2b67926a415436c97532ff814f826c4861b659cbc712fb9413b98c"", ""source_record"": ""/mnt/shared/zechuan/iraod_artifacts/rsar_source/seed42-orthonet-ddp4-gpu4567-spg16-gbs64/reproducibility/git_commit.txt"", ""source_record_snapshot"": ""/mnt/shared/zechuan/iraod_artifacts/comparison/final_delivery_20260908_4a6bc50/input/source_records/RSAR_producer_git_commit.txt"", ""sidecar"": ""/mnt/shared/zechuan/iraod_artifacts/comparison/rsar/noise_suppression/seed_42/0f98a48/methods/A/eval_full_noise_suppression_ids_v1/predictions.pkl.image_ids.json"", ""sidecar_modified"": false, ""scope"": ""producer metadata only; weights, predictions, IDs and mAP unchanged""}",0.16340675950050354,/mnt/shared/zechuan/iraod_artifacts/comparison/xaf_student_quant_20260908/integration_code_752a139/results/paper_comparison/historical/seed42/raw_results.csv,fixed_source,,,
RSAR,noise_suppression,IRG,42,ema,/mnt/shared/zechuan/iraod_artifacts/comparison/xaf_student_quant_20260908/formal_ports_runs_a39c832/rsar/noise_suppression/seed_42/methods/IRG/eval_full_noise_suppression_ids_v1,/mnt/shared/zechuan/iraod_artifacts/comparison/xaf_student_quant_20260908/formal_ports_runs_a39c832/rsar/noise_suppression/seed_42/methods/IRG/eval_full_noise_suppression_ids_v1/eval_20260908_220539.json,/mnt/shared/zechuan/iraod_artifacts/comparison/xaf_student_quant_20260908/formal_ports_runs_a39c832/rsar/noise_suppression/seed_42/methods/IRG/eval_full_noise_suppression_ids_v1/predictions.pkl.image_ids.json,/mnt/SSD2_8TB/zechuan/IRAOD-New-rc331d213/configs/baseline/oriented_rcnn_orthonet_rsar.py,complete,0.1883201003074646,0.1883201003074646,[],8538,46118,/mnt/shared/zechuan/iraod_artifacts/comparison/xaf_student_quant_20260908/formal_ports_runs_a39c832/rsar/noise_suppression/seed_42/methods/IRG/work/iter_266_ema.pth,e489f015cc2b67926a415436c97532ff814f826c4861b659cbc712fb9413b98c,,/mnt/shared/zechuan/iraod_artifacts/comparison/xaf_student_quant_20260908/formal_ports_runs_a39c832/rsar/noise_suppression/seed_42/methods/IRG/eval_full_noise_suppression_ids_v1/eval_status,/mnt/shared/zechuan/iraod_artifacts/comparison/xaf_student_quant_20260908/formal_ports_runs_a39c832/rsar/noise_suppression/seed_42/methods/IRG/eval_full_noise_suppression_ids_v1/class_ap.txt,/mnt/shared/zechuan/iraod_artifacts/comparison/xaf_student_quant_20260908/formal_ports_runs_a39c832/rsar/noise_suppression/seed_42/methods/IRG/eval_full_noise_suppression_ids_v1/predictions.pkl,/mnt/shared/zechuan/iraod_artifacts/comparison/xaf_student_quant_20260908/formal_ports_runs_a39c832/rsar/noise_suppression/seed_42/methods/IRG/eval_full_noise_suppression_ids_v1/pred_count.txt,a39c83221c73e71d273b96ef95c65f6d8d1e84f9,331d2131b84651f0a2930a3d53faeefad8701531,a39c83221c73e71d273b96ef95c65f6d8d1e84f9,a39c83221c73e71d273b96ef95c65f6d8d1e84f9,,recorded_adaptation_producer,,,,common_one_epoch,/mnt/shared/zechuan/iraod_artifacts/comparison/xaf_student_quant_20260908/formal_ports_manifests_a39c832/runtime.json,/mnt/shared/zechuan/iraod_artifacts/comparison/xaf_student_quant_20260908/formal_ports_runs_a39c832/rsar/noise_suppression/seed_42/methods/IRG/eval_full_noise_suppression_ids_v1/execution.json,[]
RSAR,noise_suppression,IRG,43,ema,/mnt/shared/zechuan/iraod_artifacts/comparison/xaf_student_quant_20260908/formal_ports_runs_a39c832/rsar/noise_suppression/seed_43/methods/IRG/eval_full_noise_suppression_ids_v1,/mnt/shared/zechuan/iraod_artifacts/comparison/xaf_student_quant_20260908/formal_ports_runs_a39c832/rsar/noise_suppression/seed_43/methods/IRG/eval_full_noise_suppression_ids_v1/eval_20260908_220949.json,/mnt/shared/zechuan/iraod_artifacts/comparison/xaf_student_quant_20260908/formal_ports_runs_a39c832/rsar/noise_suppression/seed_43/methods/IRG/eval_full_noise_suppression_ids_v1/predictions.pkl.image_ids.json,/mnt/SSD2_8TB/zechuan/IRAOD-New-rc331d213/configs/baseline/oriented_rcnn_orthonet_rsar.py,complete,0.19687826931476593,0.19687826931476593,[],8538,41457,/mnt/shared/zechuan/iraod_artifacts/comparison/xaf_student_quant_20260908/formal_ports_runs_a39c832/rsar/noise_suppression/seed_43/methods/IRG/work/iter_266_ema.pth,e489f015cc2b67926a415436c97532ff814f826c4861b659cbc712fb9413b98c,,/mnt/shared/zechuan/iraod_artifacts/comparison/xaf_student_quant_20260908/formal_ports_runs_a39c832/rsar/noise_suppression/seed_43/methods/IRG/eval_full_noise_suppression_ids_v1/eval_status,/mnt/shared/zechuan/iraod_artifacts/comparison/xaf_student_quant_20260908/formal_ports_runs_a39c832/rsar/noise_suppression/seed_43/methods/IRG/eval_full_noise_suppression_ids_v1/class_ap.txt,/mnt/shared/zechuan/iraod_artifacts/comparison/xaf_student_quant_20260908/formal_ports_runs_a39c832/rsar/noise_suppression/seed_43/methods/IRG/eval_full_noise_suppression_ids_v1/predictions.pkl,/mnt/shared/zechuan/iraod_artifacts/comparison/xaf_student_quant_20260908/formal_ports_runs_a39c832/rsar/noise_suppression/seed_43/methods/IRG/eval_full_noise_suppression_ids_v1/pred_count.txt,a39c83221c73e71d273b96ef95c65f6d8d1e84f9,331d2131b84651f0a2930a3d53faeefad8701531,a39c83221c73e71d273b96ef95c65f6d8d1e84f9,a39c83221c73e71d273b96ef95c65f6d8d1e84f9,,recorded_adaptation_producer,,,,common_one_epoch,/mnt/shared/zechuan/iraod_artifacts/comparison/xaf_student_quant_20260908/formal_ports_manifests_a39c832/runtime.json,/mnt/shared/zechuan/iraod_artifacts/comparison/xaf_student_quant_20260908/formal_ports_runs_a39c832/rsar/noise_suppression/seed_43/methods/IRG/eval_full_noise_suppression_ids_v1/execution.json,[]
RSAR,noise_suppression,IRG,44,ema,/mnt/shared/zechuan/iraod_artifacts/comparison/xaf_student_quant_20260908/formal_ports_runs_a39c832/rsar/noise_suppression/seed_44/methods/IRG/eval_full_noise_suppression_ids_v1,/mnt/shared/zechuan/iraod_artifacts/comparison/xaf_student_quant_20260908/formal_ports_runs_a39c832/rsar/noise_suppression/seed_44/methods/IRG/eval_full_noise_suppression_ids_v1/eval_20260908_221441.json,/mnt/shared/zechuan/iraod_artifacts/comparison/xaf_student_quant_20260908/formal_ports_runs_a39c832/rsar/noise_suppression/seed_44/methods/IRG/eval_full_noise_suppression_ids_v1/predictions.pkl.image_ids.json,/mnt/SSD2_8TB/zechuan/IRAOD-New-rc331d213/configs/baseline/oriented_rcnn_orthonet_rsar.py,complete,0.0,0.0,[],8538,0,/mnt/shared/zechuan/iraod_artifacts/comparison/xaf_student_quant_20260908/formal_ports_runs_a39c832/rsar/noise_suppression/seed_44/methods/IRG/work/iter_266_ema.pth,e489f015cc2b67926a415436c97532ff814f826c4861b659cbc712fb9413b98c,,/mnt/shared/zechuan/iraod_artifacts/comparison/xaf_student_quant_20260908/formal_ports_runs_a39c832/rsar/noise_suppression/seed_44/methods/IRG/eval_full_noise_suppression_ids_v1/eval_status,/mnt/shared/zechuan/iraod_artifacts/comparison/xaf_student_quant_20260908/formal_ports_runs_a39c832/rsar/noise_suppression/seed_44/methods/IRG/eval_full_noise_suppression_ids_v1/class_ap.txt,/mnt/shared/zechuan/iraod_artifacts/comparison/xaf_student_quant_20260908/formal_ports_runs_a39c832/rsar/noise_suppression/seed_44/methods/IRG/eval_full_noise_suppression_ids_v1/predictions.pkl,/mnt/shared/zechuan/iraod_artifacts/comparison/xaf_student_quant_20260908/formal_ports_runs_a39c832/rsar/noise_suppression/seed_44/methods/IRG/eval_full_noise_suppression_ids_v1/pred_count.txt,a39c83221c73e71d273b96ef95c65f6d8d1e84f9,331d2131b84651f0a2930a3d53faeefad8701531,a39c83221c73e71d273b96ef95c65f6d8d1e84f9,a39c83221c73e71d273b96ef95c65f6d8d1e84f9,,recorded_adaptation_producer,,,,common_one_epoch,/mnt/shared/zechuan/iraod_artifacts/comparison/xaf_student_quant_20260908/formal_ports_manifests_a39c832/runtime.json,/mnt/shared/zechuan/iraod_artifacts/comparison/xaf_student_quant_20260908/formal_ports_runs_a39c832/rsar/noise_suppression/seed_44/methods/IRG/eval_full_noise_suppression_ids_v1/execution.json,[]
RSAR,noise_suppression,LPLD,42,ema,/mnt/shared/zechuan/iraod_artifacts/comparison/xaf_student_quant_20260908/formal_ports_runs_a39c832/rsar/noise_suppression/seed_42/methods/LPLD/eval_full_noise_suppression_ids_v1,/mnt/shared/zechuan/iraod_artifacts/comparison/xaf_student_quant_20260908/formal_ports_runs_a39c832/rsar/noise_suppression/seed_42/methods/LPLD/eval_full_noise_suppression_ids_v1/eval_20260908_220727.json,/mnt/shared/zechuan/iraod_artifacts/comparison/xaf_student_quant_20260908/formal_ports_runs_a39c832/rsar/noise_suppression/seed_42/methods/LPLD/eval_full_noise_suppression_ids_v1/predictions.pkl.image_ids.json,/mnt/SSD2_8TB/zechuan/IRAOD-New-rc331d213/configs/baseline/oriented_rcnn_orthonet_rsar.py,complete,0.18673254549503326,0.18673254549503326,[],8538,78839,/mnt/shared/zechuan/iraod_artifacts/comparison/xaf_student_quant_20260908/formal_ports_runs_a39c832/rsar/noise_suppression/seed_42/methods/LPLD/work/iter_266_ema.pth,e489f015cc2b67926a415436c97532ff814f826c4861b659cbc712fb9413b98c,,/mnt/shared/zechuan/iraod_artifacts/comparison/xaf_student_quant_20260908/formal_ports_runs_a39c832/rsar/noise_suppression/seed_42/methods/LPLD/eval_full_noise_suppression_ids_v1/eval_status,/mnt/shared/zechuan/iraod_artifacts/comparison/xaf_student_quant_20260908/formal_ports_runs_a39c832/rsar/noise_suppression/seed_42/methods/LPLD/eval_full_noise_suppression_ids_v1/class_ap.txt,/mnt/shared/zechuan/iraod_artifacts/comparison/xaf_student_quant_20260908/formal_ports_runs_a39c832/rsar/noise_suppression/seed_42/methods/LPLD/eval_full_noise_suppression_ids_v1/predictions.pkl,/mnt/shared/zechuan/iraod_artifacts/comparison/xaf_student_quant_20260908/formal_ports_runs_a39c832/rsar/noise_suppression/seed_42/methods/LPLD/eval_full_noise_suppression_ids_v1/pred_count.txt,a39c83221c73e71d273b96ef95c65f6d8d1e84f9,331d2131b84651f0a2930a3d53faeefad8701531,a39c83221c73e71d273b96ef95c65f6d8d1e84f9,a39c83221c73e71d273b96ef95c65f6d8d1e84f9,,recorded_adaptation_producer,,,,common_one_epoch,/mnt/shared/zechuan/iraod_artifacts/comparison/xaf_student_quant_20260908/formal_ports_manifests_a39c832/runtime.json,/mnt/shared/zechuan/iraod_artifacts/comparison/xaf_student_quant_20260908/formal_ports_runs_a39c832/rsar/noise_suppression/seed_42/methods/LPLD/eval_full_noise_suppression_ids_v1/execution.json,[]
RSAR,noise_suppression,LPLD,43,ema,/mnt/shared/zechuan/iraod_artifacts/comparison/xaf_student_quant_20260908/formal_ports_runs_a39c832/rsar/noise_suppression/seed_43/methods/LPLD/eval_full_noise_suppression_ids_v1,/mnt/shared/zechuan/iraod_artifacts/comparison/xaf_student_quant_20260908/formal_ports_runs_a39c832/rsar/noise_suppression/seed_43/methods/LPLD/eval_full_noise_suppression_ids_v1/eval_20260908_221039.json,/mnt/shared/zechuan/iraod_artifacts/comparison/xaf_student_quant_20260908/formal_ports_runs_a39c832/rsar/noise_suppression/seed_43/methods/LPLD/eval_full_noise_suppression_ids_v1/predictions.pkl.image_ids.json,/mnt/SSD2_8TB/zechuan/IRAOD-New-rc331d213/configs/baseline/oriented_rcnn_orthonet_rsar.py,complete,0.18554459512233734,0.18554459512233734,[],8538,83982,/mnt/shared/zechuan/iraod_artifacts/comparison/xaf_student_quant_20260908/formal_ports_runs_a39c832/rsar/noise_suppression/seed_43/methods/LPLD/work/iter_266_ema.pth,e489f015cc2b67926a415436c97532ff814f826c4861b659cbc712fb9413b98c,,/mnt/shared/zechuan/iraod_artifacts/comparison/xaf_student_quant_20260908/formal_ports_runs_a39c832/rsar/noise_suppression/seed_43/methods/LPLD/eval_full_noise_suppression_ids_v1/eval_status,/mnt/shared/zechuan/iraod_artifacts/comparison/xaf_student_quant_20260908/formal_ports_runs_a39c832/rsar/noise_suppression/seed_43/methods/LPLD/eval_full_noise_suppression_ids_v1/class_ap.txt,/mnt/shared/zechuan/iraod_artifacts/comparison/xaf_student_quant_20260908/formal_ports_runs_a39c832/rsar/noise_suppression/seed_43/methods/LPLD/eval_full_noise_suppression_ids_v1/predictions.pkl,/mnt/shared/zechuan/iraod_artifacts/comparison/xaf_student_quant_20260908/formal_ports_runs_a39c832/rsar/noise_suppression/seed_43/methods/LPLD/eval_full_noise_suppression_ids_v1/pred_count.txt,a39c83221c73e71d273b96ef95c65f6d8d1e84f9,331d2131b84651f0a2930a3d53faeefad8701531,a39c83221c73e71d273b96ef95c65f6d8d1e84f9,a39c83221c73e71d273b96ef95c65f6d8d1e84f9,,recorded_adaptation_producer,,,,common_one_epoch,/mnt/shared/zechuan/iraod_artifacts/comparison/xaf_student_quant_20260908/formal_ports_manifests_a39c832/runtime.json,/mnt/shared/zechuan/iraod_artifacts/comparison/xaf_student_quant_20260908/formal_ports_runs_a39c832/rsar/noise_suppression/seed_43/methods/LPLD/eval_full_noise_suppression_ids_v1/execution.json,[]
RSAR,noise_suppression,LPLD,44,ema,/mnt/shared/zechuan/iraod_artifacts/comparison/xaf_student_quant_20260908/formal_ports_runs_a39c832/rsar/noise_suppression/seed_44/methods/LPLD/eval_full_noise_suppression_ids_v1,/mnt/shared/zechuan/iraod_artifacts/comparison/xaf_student_quant_20260908/formal_ports_runs_a39c832/rsar/noise_suppression/seed_44/methods/LPLD/eval_full_noise_suppression_ids_v1/eval_20260908_221448.json,/mnt/shared/zechuan/iraod_artifacts/comparison/xaf_student_quant_20260908/formal_ports_runs_a39c832/rsar/noise_suppression/seed_44/methods/LPLD/eval_full_noise_suppression_ids_v1/predictions.pkl.image_ids.json,/mnt/SSD2_8TB/zechuan/IRAOD-New-rc331d213/configs/baseline/oriented_rcnn_orthonet_rsar.py,complete,0.0,0.0,[],8538,0,/mnt/shared/zechuan/iraod_artifacts/comparison/xaf_student_quant_20260908/formal_ports_runs_a39c832/rsar/noise_suppression/seed_44/methods/LPLD/work/iter_266_ema.pth,e489f015cc2b67926a415436c97532ff814f826c4861b659cbc712fb9413b98c,,/mnt/shared/zechuan/iraod_artifacts/comparison/xaf_student_quant_20260908/formal_ports_runs_a39c832/rsar/noise_suppression/seed_44/methods/LPLD/eval_full_noise_suppression_ids_v1/eval_status,/mnt/shared/zechuan/iraod_artifacts/comparison/xaf_student_quant_20260908/formal_ports_runs_a39c832/rsar/noise_suppression/seed_44/methods/LPLD/eval_full_noise_suppression_ids_v1/class_ap.txt,/mnt/shared/zechuan/iraod_artifacts/comparison/xaf_student_quant_20260908/formal_ports_runs_a39c832/rsar/noise_suppression/seed_44/methods/LPLD/eval_full_noise_suppression_ids_v1/predictions.pkl,/mnt/shared/zechuan/iraod_artifacts/comparison/xaf_student_quant_20260908/formal_ports_runs_a39c832/rsar/noise_suppression/seed_44/methods/LPLD/eval_full_noise_suppression_ids_v1/pred_count.txt,a39c83221c73e71d273b96ef95c65f6d8d1e84f9,331d2131b84651f0a2930a3d53faeefad8701531,a39c83221c73e71d273b96ef95c65f6d8d1e84f9,a39c83221c73e71d273b96ef95c65f6d8d1e84f9,,recorded_adaptation_producer,,,,common_one_epoch,/mnt/shared/zechuan/iraod_artifacts/comparison/xaf_student_quant_20260908/formal_ports_manifests_a39c832/runtime.json,/mnt/shared/zechuan/iraod_artifacts/comparison/xaf_student_quant_20260908/formal_ports_runs_a39c832/rsar/noise_suppression/seed_44/methods/LPLD/eval_full_noise_suppression_ids_v1/execution.json,[]
RSAR,noise_suppression,SFUT,42,ema,/mnt/shared/zechuan/iraod_artifacts/comparison/xaf_student_quant_20260908/formal_ports_runs_a39c832/rsar/noise_suppression/seed_42/methods/SFUT/eval_full_noise_suppression_ids_v1,/mnt/shared/zechuan/iraod_artifacts/comparison/xaf_student_quant_20260908/formal_ports_runs_a39c832/rsar/noise_suppression/seed_42/methods/SFUT/eval_full_noise_suppression_ids_v1/eval_20260908_220936.json,/mnt/shared/zechuan/iraod_artifacts/comparison/xaf_student_quant_20260908/formal_ports_runs_a39c832/rsar/noise_suppression/seed_42/methods/SFUT/eval_full_noise_suppression_ids_v1/predictions.pkl.image_ids.json,/mnt/SSD2_8TB/zechuan/IRAOD-New-rc331d213/configs/baseline/oriented_rcnn_orthonet_rsar.py,complete,0.17563581466674805,0.17563581466674805,[],8538,53530,/mnt/shared/zechuan/iraod_artifacts/comparison/xaf_student_quant_20260908/formal_ports_runs_a39c832/rsar/noise_suppression/seed_42/methods/SFUT/work/iter_266_ema.pth,e489f015cc2b67926a415436c97532ff814f826c4861b659cbc712fb9413b98c,,/mnt/shared/zechuan/iraod_artifacts/comparison/xaf_student_quant_20260908/formal_ports_runs_a39c832/rsar/noise_suppression/seed_42/methods/SFUT/eval_full_noise_suppression_ids_v1/eval_status,/mnt/shared/zechuan/iraod_artifacts/comparison/xaf_student_quant_20260908/formal_ports_runs_a39c832/rsar/noise_suppression/seed_42/methods/SFUT/eval_full_noise_suppression_ids_v1/class_ap.txt,/mnt/shared/zechuan/iraod_artifacts/comparison/xaf_student_quant_20260908/formal_ports_runs_a39c832/rsar/noise_suppression/seed_42/methods/SFUT/eval_full_noise_suppression_ids_v1/predictions.pkl,/mnt/shared/zechuan/iraod_artifacts/comparison/xaf_student_quant_20260908/formal_ports_runs_a39c832/rsar/noise_suppression/seed_42/methods/SFUT/eval_full_noise_suppression_ids_v1/pred_count.txt,a39c83221c73e71d273b96ef95c65f6d8d1e84f9,331d2131b84651f0a2930a3d53faeefad8701531,a39c83221c73e71d273b96ef95c65f6d8d1e84f9,a39c83221c73e71d273b96ef95c65f6d8d1e84f9,,recorded_adaptation_producer,,,,common_one_epoch,/mnt/shared/zechuan/iraod_artifacts/comparison/xaf_student_quant_20260908/formal_ports_manifests_a39c832/runtime.json,/mnt/shared/zechuan/iraod_artifacts/comparison/xaf_student_quant_20260908/formal_ports_runs_a39c832/rsar/noise_suppression/seed_42/methods/SFUT/eval_full_noise_suppression_ids_v1/execution.json,[]
RSAR,noise_suppression,SFUT,43,ema,/mnt/shared/zechuan/iraod_artifacts/comparison/xaf_student_quant_20260908/formal_ports_runs_a39c832/rsar/noise_suppression/seed_43/methods/SFUT/eval_full_noise_suppression_ids_v1,/mnt/shared/zechuan/iraod_artifacts/comparison/xaf_student_quant_20260908/formal_ports_runs_a39c832/rsar/noise_suppression/seed_43/methods/SFUT/eval_full_noise_suppression_ids_v1/eval_20260908_221219.json,/mnt/shared/zechuan/iraod_artifacts/comparison/xaf_student_quant_20260908/formal_ports_runs_a39c832/rsar/noise_suppression/seed_43/methods/SFUT/eval_full_noise_suppression_ids_v1/predictions.pkl.image_ids.json,/mnt/SSD2_8TB/zechuan/IRAOD-New-rc331d213/configs/baseline/oriented_rcnn_orthonet_rsar.py,complete,0.17457826435565948,0.17457826435565948,[],8538,52591,/mnt/shared/zechuan/iraod_artifacts/comparison/xaf_student_quant_20260908/formal_ports_runs_a39c832/rsar/noise_suppression/seed_43/methods/SFUT/work/iter_266_ema.pth,e489f015cc2b67926a415436c97532ff814f826c4861b659cbc712fb9413b98c,,/mnt/shared/zechuan/iraod_artifacts/comparison/xaf_student_quant_20260908/formal_ports_runs_a39c832/rsar/noise_suppression/seed_43/methods/SFUT/eval_full_noise_suppression_ids_v1/eval_status,/mnt/shared/zechuan/iraod_artifacts/comparison/xaf_student_quant_20260908/formal_ports_runs_a39c832/rsar/noise_suppression/seed_43/methods/SFUT/eval_full_noise_suppression_ids_v1/class_ap.txt,/mnt/shared/zechuan/iraod_artifacts/comparison/xaf_student_quant_20260908/formal_ports_runs_a39c832/rsar/noise_suppression/seed_43/methods/SFUT/eval_full_noise_suppression_ids_v1/predictions.pkl,/mnt/shared/zechuan/iraod_artifacts/comparison/xaf_student_quant_20260908/formal_ports_runs_a39c832/rsar/noise_suppression/seed_43/methods/SFUT/eval_full_noise_suppression_ids_v1/pred_count.txt,a39c83221c73e71d273b96ef95c65f6d8d1e84f9,331d2131b84651f0a2930a3d53faeefad8701531,a39c83221c73e71d273b96ef95c65f6d8d1e84f9,a39c83221c73e71d273b96ef95c65f6d8d1e84f9,,recorded_adaptation_producer,,,,common_one_epoch,/mnt/shared/zechuan/iraod_artifacts/comparison/xaf_student_quant_20260908/formal_ports_manifests_a39c832/runtime.json,/mnt/shared/zechuan/iraod_artifacts/comparison/xaf_student_quant_20260908/formal_ports_runs_a39c832/rsar/noise_suppression/seed_43/methods/SFUT/eval_full_noise_suppression_ids_v1/execution.json,[]
RSAR,noise_suppression,SFUT,44,ema,/mnt/shared/zechuan/iraod_artifacts/comparison/xaf_student_quant_20260908/formal_ports_runs_a39c832/rsar/noise_suppression/seed_44/methods/SFUT/eval_full_noise_suppression_ids_v1,/mnt/shared/zechuan/iraod_artifacts/comparison/xaf_student_quant_20260908/formal_ports_runs_a39c832/rsar/noise_suppression/seed_44/methods/SFUT/eval_full_noise_suppression_ids_v1/eval_20260908_221538.json,/mnt/shared/zechuan/iraod_artifacts/comparison/xaf_student_quant_20260908/formal_ports_runs_a39c832/rsar/noise_suppression/seed_44/methods/SFUT/eval_full_noise_suppression_ids_v1/predictions.pkl.image_ids.json,/mnt/SSD2_8TB/zechuan/IRAOD-New-rc331d213/configs/baseline/oriented_rcnn_orthonet_rsar.py,complete,0.0,0.0,[],8538,0,/mnt/shared/zechuan/iraod_artifacts/comparison/xaf_student_quant_20260908/formal_ports_runs_a39c832/rsar/noise_suppression/seed_44/methods/SFUT/work/iter_266_ema.pth,e489f015cc2b67926a415436c97532ff814f826c4861b659cbc712fb9413b98c,,/mnt/shared/zechuan/iraod_artifacts/comparison/xaf_student_quant_20260908/formal_ports_runs_a39c832/rsar/noise_suppression/seed_44/methods/SFUT/eval_full_noise_suppression_ids_v1/eval_status,/mnt/shared/zechuan/iraod_artifacts/comparison/xaf_student_quant_20260908/formal_ports_runs_a39c832/rsar/noise_suppression/seed_44/methods/SFUT/eval_full_noise_suppression_ids_v1/class_ap.txt,/mnt/shared/zechuan/iraod_artifacts/comparison/xaf_student_quant_20260908/formal_ports_runs_a39c832/rsar/noise_suppression/seed_44/methods/SFUT/eval_full_noise_suppression_ids_v1/predictions.pkl,/mnt/shared/zechuan/iraod_artifacts/comparison/xaf_student_quant_20260908/formal_ports_runs_a39c832/rsar/noise_suppression/seed_44/methods/SFUT/eval_full_noise_suppression_ids_v1/pred_count.txt,a39c83221c73e71d273b96ef95c65f6d8d1e84f9,331d2131b84651f0a2930a3d53faeefad8701531,a39c83221c73e71d273b96ef95c65f6d8d1e84f9,a39c83221c73e71d273b96ef95c65f6d8d1e84f9,,recorded_adaptation_producer,,,,common_one_epoch,/mnt/shared/zechuan/iraod_artifacts/comparison/xaf_student_quant_20260908/formal_ports_manifests_a39c832/runtime.json,/mnt/shared/zechuan/iraod_artifacts/comparison/xaf_student_quant_20260908/formal_ports_runs_a39c832/rsar/noise_suppression/seed_44/methods/SFUT/eval_full_noise_suppression_ids_v1/execution.json,[]
RSAR,am_noise_horizontal,A,42,source,/mnt/shared/zechuan/iraod_artifacts/comparison/rsar/am_noise_horizontal/seed_42/0f98a48/methods/A/eval_full_am_noise_horizontal_ids_v1,/mnt/shared/zechuan/iraod_artifacts/comparison/rsar/am_noise_horizontal/seed_42/0f98a48/methods/A/eval_full_am_noise_horizontal_ids_v1/eval_20260907_153151.json,/mnt/shared/zechuan/iraod_artifacts/comparison/rsar/am_noise_horizontal/seed_42/0f98a48/methods/A/eval_full_am_noise_horizontal_ids_v1/predictions.pkl.image_ids.json,/mnt/SSD2_8TB/zechuan/IRAOD-New-rc331d213/configs/baseline/oriented_rcnn_orthonet_rsar.py,complete,0.2062060832977295,0.2062060832977295,[],8538,242174,/mnt/shared/zechuan/iraod_artifacts/rsar_source/seed42-orthonet-ddp4-gpu4567-spg16-gbs64/train/epoch_100.pth,e489f015cc2b67926a415436c97532ff814f826c4861b659cbc712fb9413b98c,,/mnt/shared/zechuan/iraod_artifacts/comparison/rsar/am_noise_horizontal/seed_42/0f98a48/methods/A/eval_full_am_noise_horizontal_ids_v1/eval_status,/mnt/shared/zechuan/iraod_artifacts/comparison/rsar/am_noise_horizontal/seed_42/0f98a48/methods/A/eval_full_am_noise_horizontal_ids_v1/class_ap.txt,/mnt/shared/zechuan/iraod_artifacts/comparison/rsar/am_noise_horizontal/seed_42/0f98a48/methods/A/eval_full_am_noise_horizontal_ids_v1/predictions.pkl,/mnt/shared/zechuan/iraod_artifacts/comparison/rsar/am_noise_horizontal/seed_42/0f98a48/methods/A/eval_full_am_noise_horizontal_ids_v1/pred_count.txt,0f98a48b539f9260055fc305784ffbc924f50451,331d2131b84651f0a2930a3d53faeefad8701531,0f98a48b539f9260055fc305784ffbc924f50451,b474aaa5f7718746215ce13beceb071617bb823e,b474aaa5f7718746215ce13beceb071617bb823e,source_producer_corrected_in_report,"{""dataset"": ""RSAR"", ""domain"": ""am_noise_horizontal"", ""method"": ""A"", ""seed"": 42, ""role"": ""source"", ""field"": ""training_code_sha"", ""recorded"": ""0f98a48b539f9260055fc305784ffbc924f50451"", ""actual"": ""b474aaa5f7718746215ce13beceb071617bb823e"", ""source_checkpoint"": ""/mnt/shared/zechuan/iraod_artifacts/rsar_source/seed42-orthonet-ddp4-gpu4567-spg16-gbs64/train/epoch_100.pth"", ""source_weights_sha256"": ""e489f015cc2b67926a415436c97532ff814f826c4861b659cbc712fb9413b98c"", ""source_record"": ""/mnt/shared/zechuan/iraod_artifacts/rsar_source/seed42-orthonet-ddp4-gpu4567-spg16-gbs64/reproducibility/git_commit.txt"", ""source_record_snapshot"": ""/mnt/shared/zechuan/iraod_artifacts/comparison/final_delivery_20260908_4a6bc50/input/source_records/RSAR_producer_git_commit.txt"", ""sidecar"": ""/mnt/shared/zechuan/iraod_artifacts/comparison/rsar/am_noise_horizontal/seed_42/0f98a48/methods/A/eval_full_am_noise_horizontal_ids_v1/predictions.pkl.image_ids.json"", ""sidecar_modified"": false, ""scope"": ""producer metadata only; weights, predictions, IDs and mAP unchanged""}",0.2062060832977295,/mnt/shared/zechuan/iraod_artifacts/comparison/xaf_student_quant_20260908/integration_code_752a139/results/paper_comparison/historical/seed42/raw_results.csv,fixed_source,,,
RSAR,am_noise_horizontal,IRG,42,ema,/mnt/shared/zechuan/iraod_artifacts/comparison/xaf_student_quant_20260908/formal_ports_runs_a39c832/rsar/am_noise_horizontal/seed_42/methods/IRG/eval_full_am_noise_horizontal_ids_v1,/mnt/shared/zechuan/iraod_artifacts/comparison/xaf_student_quant_20260908/formal_ports_runs_a39c832/rsar/am_noise_horizontal/seed_42/methods/IRG/eval_full_am_noise_horizontal_ids_v1/eval_20260908_221715.json,/mnt/shared/zechuan/iraod_artifacts/comparison/xaf_student_quant_20260908/formal_ports_runs_a39c832/rsar/am_noise_horizontal/seed_42/methods/IRG/eval_full_am_noise_horizontal_ids_v1/predictions.pkl.image_ids.json,/mnt/SSD2_8TB/zechuan/IRAOD-New-rc331d213/configs/baseline/oriented_rcnn_orthonet_rsar.py,complete,0.2230805605649948,0.2230805605649948,[],8538,201674,/mnt/shared/zechuan/iraod_artifacts/comparison/xaf_student_quant_20260908/formal_ports_runs_a39c832/rsar/am_noise_horizontal/seed_42/methods/IRG/work/iter_266_ema.pth,e489f015cc2b67926a415436c97532ff814f826c4861b659cbc712fb9413b98c,,/mnt/shared/zechuan/iraod_artifacts/comparison/xaf_student_quant_20260908/formal_ports_runs_a39c832/rsar/am_noise_horizontal/seed_42/methods/IRG/eval_full_am_noise_horizontal_ids_v1/eval_status,/mnt/shared/zechuan/iraod_artifacts/comparison/xaf_student_quant_20260908/formal_ports_runs_a39c832/rsar/am_noise_horizontal/seed_42/methods/IRG/eval_full_am_noise_horizontal_ids_v1/class_ap.txt,/mnt/shared/zechuan/iraod_artifacts/comparison/xaf_student_quant_20260908/formal_ports_runs_a39c832/rsar/am_noise_horizontal/seed_42/methods/IRG/eval_full_am_noise_horizontal_ids_v1/predictions.pkl,/mnt/shared/zechuan/iraod_artifacts/comparison/xaf_student_quant_20260908/formal_ports_runs_a39c832/rsar/am_noise_horizontal/seed_42/methods/IRG/eval_full_am_noise_horizontal_ids_v1/pred_count.txt,a39c83221c73e71d273b96ef95c65f6d8d1e84f9,331d2131b84651f0a2930a3d53faeefad8701531,a39c83221c73e71d273b96ef95c65f6d8d1e84f9,a39c83221c73e71d273b96ef95c65f6d8d1e84f9,,recorded_adaptation_producer,,,,common_one_epoch,/mnt/shared/zechuan/iraod_artifacts/comparison/xaf_student_quant_20260908/formal_ports_manifests_a39c832/runtime.json,/mnt/shared/zechuan/iraod_artifacts/comparison/xaf_student_quant_20260908/formal_ports_runs_a39c832/rsar/am_noise_horizontal/seed_42/methods/IRG/eval_full_am_noise_horizontal_ids_v1/execution.json,[]
RSAR,am_noise_horizontal,IRG,43,ema,/mnt/shared/zechuan/iraod_artifacts/comparison/xaf_student_quant_20260908/formal_ports_runs_a39c832/rsar/am_noise_horizontal/seed_43/methods/IRG/eval_full_am_noise_horizontal_ids_v1,/mnt/shared/zechuan/iraod_artifacts/comparison/xaf_student_quant_20260908/formal_ports_runs_a39c832/rsar/am_noise_horizontal/seed_43/methods/IRG/eval_full_am_noise_horizontal_ids_v1/eval_20260908_222030.json,/mnt/shared/zechuan/iraod_artifacts/comparison/xaf_student_quant_20260908/formal_ports_runs_a39c832/rsar/am_noise_horizontal/seed_43/methods/IRG/eval_full_am_noise_horizontal_ids_v1/predictions.pkl.image_ids.json,/mnt/SSD2_8TB/zechuan/IRAOD-New-rc331d213/configs/baseline/oriented_rcnn_orthonet_rsar.py,complete,0.21648715436458588,0.21648715436458588,[],8538,192666,/mnt/shared/zechuan/iraod_artifacts/comparison/xaf_student_quant_20260908/formal_ports_runs_a39c832/rsar/am_noise_horizontal/seed_43/methods/IRG/work/iter_266_ema.pth,e489f015cc2b67926a415436c97532ff814f826c4861b659cbc712fb9413b98c,,/mnt/shared/zechuan/iraod_artifacts/comparison/xaf_student_quant_20260908/formal_ports_runs_a39c832/rsar/am_noise_horizontal/seed_43/methods/IRG/eval_full_am_noise_horizontal_ids_v1/eval_status,/mnt/shared/zechuan/iraod_artifacts/comparison/xaf_student_quant_20260908/formal_ports_runs_a39c832/rsar/am_noise_horizontal/seed_43/methods/IRG/eval_full_am_noise_horizontal_ids_v1/class_ap.txt,/mnt/shared/zechuan/iraod_artifacts/comparison/xaf_student_quant_20260908/formal_ports_runs_a39c832/rsar/am_noise_horizontal/seed_43/methods/IRG/eval_full_am_noise_horizontal_ids_v1/predictions.pkl,/mnt/shared/zechuan/iraod_artifacts/comparison/xaf_student_quant_20260908/formal_ports_runs_a39c832/rsar/am_noise_horizontal/seed_43/methods/IRG/eval_full_am_noise_horizontal_ids_v1/pred_count.txt,a39c83221c73e71d273b96ef95c65f6d8d1e84f9,331d2131b84651f0a2930a3d53faeefad8701531,a39c83221c73e71d273b96ef95c65f6d8d1e84f9,a39c83221c73e71d273b96ef95c65f6d8d1e84f9,,recorded_adaptation_producer,,,,common_one_epoch,/mnt/shared/zechuan/iraod_artifacts/comparison/xaf_student_quant_20260908/formal_ports_manifests_a39c832/runtime.json,/mnt/shared/zechuan/iraod_artifacts/comparison/xaf_student_quant_20260908/formal_ports_runs_a39c832/rsar/am_noise_horizontal/seed_43/methods/IRG/eval_full_am_noise_horizontal_ids_v1/execution.json,[]
RSAR,am_noise_horizontal,IRG,44,ema,/mnt/shared/zechuan/iraod_artifacts/comparison/xaf_student_quant_20260908/formal_ports_runs_a39c832/rsar/am_noise_horizontal/seed_44/methods/IRG/eval_full_am_noise_horizontal_ids_v1,/mnt/shared/zechuan/iraod_artifacts/comparison/xaf_student_quant_20260908/formal_ports_runs_a39c832/rsar/am_noise_horizontal/seed_44/methods/IRG/eval_full_am_noise_horizontal_ids_v1/eval_20260908_222424.json,/mnt/shared/zechuan/iraod_artifacts/comparison/xaf_student_quant_20260908/formal_ports_runs_a39c832/rsar/am_noise_horizontal/seed_44/methods/IRG/eval_full_am_noise_horizontal_ids_v1/predictions.pkl.image_ids.json,/mnt/SSD2_8TB/zechuan/IRAOD-New-rc331d213/configs/baseline/oriented_rcnn_orthonet_rsar.py,complete,0.2223142385482788,0.2223142385482788,[],8538,190570,/mnt/shared/zechuan/iraod_artifacts/comparison/xaf_student_quant_20260908/formal_ports_runs_a39c832/rsar/am_noise_horizontal/seed_44/methods/IRG/work/iter_266_ema.pth,e489f015cc2b67926a415436c97532ff814f826c4861b659cbc712fb9413b98c,,/mnt/shared/zechuan/iraod_artifacts/comparison/xaf_student_quant_20260908/formal_ports_runs_a39c832/rsar/am_noise_horizontal/seed_44/methods/IRG/eval_full_am_noise_horizontal_ids_v1/eval_status,/mnt/shared/zechuan/iraod_artifacts/comparison/xaf_student_quant_20260908/formal_ports_runs_a39c832/rsar/am_noise_horizontal/seed_44/methods/IRG/eval_full_am_noise_horizontal_ids_v1/class_ap.txt,/mnt/shared/zechuan/iraod_artifacts/comparison/xaf_student_quant_20260908/formal_ports_runs_a39c832/rsar/am_noise_horizontal/seed_44/methods/IRG/eval_full_am_noise_horizontal_ids_v1/predictions.pkl,/mnt/shared/zechuan/iraod_artifacts/comparison/xaf_student_quant_20260908/formal_ports_runs_a39c832/rsar/am_noise_horizontal/seed_44/methods/IRG/eval_full_am_noise_horizontal_ids_v1/pred_count.txt,a39c83221c73e71d273b96ef95c65f6d8d1e84f9,331d2131b84651f0a2930a3d53faeefad8701531,a39c83221c73e71d273b96ef95c65f6d8d1e84f9,a39c83221c73e71d273b96ef95c65f6d8d1e84f9,,recorded_adaptation_producer,,,,common_one_epoch,/mnt/shared/zechuan/iraod_artifacts/comparison/xaf_student_quant_20260908/formal_ports_manifests_a39c832/runtime.json,/mnt/shared/zechuan/iraod_artifacts/comparison/xaf_student_quant_20260908/formal_ports_runs_a39c832/rsar/am_noise_horizontal/seed_44/methods/IRG/eval_full_am_noise_horizontal_ids_v1/execution.json,[]
RSAR,am_noise_horizontal,LPLD,42,ema,/mnt/shared/zechuan/iraod_artifacts/comparison/xaf_student_quant_20260908/formal_ports_runs_a39c832/rsar/am_noise_horizontal/seed_42/methods/LPLD/eval_full_am_noise_horizontal_ids_v1,/mnt/shared/zechuan/iraod_artifacts/comparison/xaf_student_quant_20260908/formal_ports_runs_a39c832/rsar/am_noise_horizontal/seed_42/methods/LPLD/eval_full_am_noise_horizontal_ids_v1/eval_20260908_221931.json,/mnt/shared/zechuan/iraod_artifacts/comparison/xaf_student_quant_20260908/formal_ports_runs_a39c832/rsar/am_noise_horizontal/seed_42/methods/LPLD/eval_full_am_noise_horizontal_ids_v1/predictions.pkl.image_ids.json,/mnt/SSD2_8TB/zechuan/IRAOD-New-rc331d213/configs/baseline/oriented_rcnn_orthonet_rsar.py,complete,0.19476772844791412,0.19476772844791412,[],8538,174226,/mnt/shared/zechuan/iraod_artifacts/comparison/xaf_student_quant_20260908/formal_ports_runs_a39c832/rsar/am_noise_horizontal/seed_42/methods/LPLD/work/iter_266_ema.pth,e489f015cc2b67926a415436c97532ff814f826c4861b659cbc712fb9413b98c,,/mnt/shared/zechuan/iraod_artifacts/comparison/xaf_student_quant_20260908/formal_ports_runs_a39c832/rsar/am_noise_horizontal/seed_42/methods/LPLD/eval_full_am_noise_horizontal_ids_v1/eval_status,/mnt/shared/zechuan/iraod_artifacts/comparison/xaf_student_quant_20260908/formal_ports_runs_a39c832/rsar/am_noise_horizontal/seed_42/methods/LPLD/eval_full_am_noise_horizontal_ids_v1/class_ap.txt,/mnt/shared/zechuan/iraod_artifacts/comparison/xaf_student_quant_20260908/formal_ports_runs_a39c832/rsar/am_noise_horizontal/seed_42/methods/LPLD/eval_full_am_noise_horizontal_ids_v1/predictions.pkl,/mnt/shared/zechuan/iraod_artifacts/comparison/xaf_student_quant_20260908/formal_ports_runs_a39c832/rsar/am_noise_horizontal/seed_42/methods/LPLD/eval_full_am_noise_horizontal_ids_v1/pred_count.txt,a39c83221c73e71d273b96ef95c65f6d8d1e84f9,331d2131b84651f0a2930a3d53faeefad8701531,a39c83221c73e71d273b96ef95c65f6d8d1e84f9,a39c83221c73e71d273b96ef95c65f6d8d1e84f9,,recorded_adaptation_producer,,,,common_one_epoch,/mnt/shared/zechuan/iraod_artifacts/comparison/xaf_student_quant_20260908/formal_ports_manifests_a39c832/runtime.json,/mnt/shared/zechuan/iraod_artifacts/comparison/xaf_student_quant_20260908/formal_ports_runs_a39c832/rsar/am_noise_horizontal/seed_42/methods/LPLD/eval_full_am_noise_horizontal_ids_v1/execution.json,[]
RSAR,am_noise_horizontal,LPLD,43,ema,/mnt/shared/zechuan/iraod_artifacts/comparison/xaf_student_quant_20260908/formal_ports_runs_a39c832/rsar/am_noise_horizontal/seed_43/methods/LPLD/eval_full_am_noise_horizontal_ids_v1,/mnt/shared/zechuan/iraod_artifacts/comparison/xaf_student_quant_20260908/formal_ports_runs_a39c832/rsar/am_noise_horizontal/seed_43/methods/LPLD/eval_full_am_noise_horizontal_ids_v1/eval_20260908_222208.json,/mnt/shared/zechuan/iraod_artifacts/comparison/xaf_student_quant_20260908/formal_ports_runs_a39c832/rsar/am_noise_horizontal/seed_43/methods/LPLD/eval_full_am_noise_horizontal_ids_v1/predictions.pkl.image_ids.json,/mnt/SSD2_8TB/zechuan/IRAOD-New-rc331d213/configs/baseline/oriented_rcnn_orthonet_rsar.py,complete,0.20058919489383698,0.20058919489383698,[],8538,191724,/mnt/shared/zechuan/iraod_artifacts/comparison/xaf_student_quant_20260908/formal_ports_runs_a39c832/rsar/am_noise_horizontal/seed_43/methods/LPLD/work/iter_266_ema.pth,e489f015cc2b67926a415436c97532ff814f826c4861b659cbc712fb9413b98c,,/mnt/shared/zechuan/iraod_artifacts/comparison/xaf_student_quant_20260908/formal_ports_runs_a39c832/rsar/am_noise_horizontal/seed_43/methods/LPLD/eval_full_am_noise_horizontal_ids_v1/eval_status,/mnt/shared/zechuan/iraod_artifacts/comparison/xaf_student_quant_20260908/formal_ports_runs_a39c832/rsar/am_noise_horizontal/seed_43/methods/LPLD/eval_full_am_noise_horizontal_ids_v1/class_ap.txt,/mnt/shared/zechuan/iraod_artifacts/comparison/xaf_student_quant_20260908/formal_ports_runs_a39c832/rsar/am_noise_horizontal/seed_43/methods/LPLD/eval_full_am_noise_horizontal_ids_v1/predictions.pkl,/mnt/shared/zechuan/iraod_artifacts/comparison/xaf_student_quant_20260908/formal_ports_runs_a39c832/rsar/am_noise_horizontal/seed_43/methods/LPLD/eval_full_am_noise_horizontal_ids_v1/pred_count.txt,a39c83221c73e71d273b96ef95c65f6d8d1e84f9,331d2131b84651f0a2930a3d53faeefad8701531,a39c83221c73e71d273b96ef95c65f6d8d1e84f9,a39c83221c73e71d273b96ef95c65f6d8d1e84f9,,recorded_adaptation_producer,,,,common_one_epoch,/mnt/shared/zechuan/iraod_artifacts/comparison/xaf_student_quant_20260908/formal_ports_manifests_a39c832/runtime.json,/mnt/shared/zechuan/iraod_artifacts/comparison/xaf_student_quant_20260908/formal_ports_runs_a39c832/rsar/am_noise_horizontal/seed_43/methods/LPLD/eval_full_am_noise_horizontal_ids_v1/execution.json,[]
RSAR,am_noise_horizontal,LPLD,44,ema,/mnt/shared/zechuan/iraod_artifacts/comparison/xaf_student_quant_20260908/formal_ports_runs_a39c832/rsar/am_noise_horizontal/seed_44/methods/LPLD/eval_full_am_noise_horizontal_ids_v1,/mnt/shared/zechuan/iraod_artifacts/comparison/xaf_student_quant_20260908/formal_ports_runs_a39c832/rsar/am_noise_horizontal/seed_44/methods/LPLD/eval_full_am_noise_horizontal_ids_v1/eval_20260908_222521.json,/mnt/shared/zechuan/iraod_artifacts/comparison/xaf_student_quant_20260908/formal_ports_runs_a39c832/rsar/am_noise_horizontal/seed_44/methods/LPLD/eval_full_am_noise_horizontal_ids_v1/predictions.pkl.image_ids.json,/mnt/SSD2_8TB/zechuan/IRAOD-New-rc331d213/configs/baseline/oriented_rcnn_orthonet_rsar.py,complete,0.1899057775735855,0.1899057775735855,[],8538,130574,/mnt/shared/zechuan/iraod_artifacts/comparison/xaf_student_quant_20260908/formal_ports_runs_a39c832/rsar/am_noise_horizontal/seed_44/methods/LPLD/work/iter_266_ema.pth,e489f015cc2b67926a415436c97532ff814f826c4861b659cbc712fb9413b98c,,/mnt/shared/zechuan/iraod_artifacts/comparison/xaf_student_quant_20260908/formal_ports_runs_a39c832/rsar/am_noise_horizontal/seed_44/methods/LPLD/eval_full_am_noise_horizontal_ids_v1/eval_status,/mnt/shared/zechuan/iraod_artifacts/comparison/xaf_student_quant_20260908/formal_ports_runs_a39c832/rsar/am_noise_horizontal/seed_44/methods/LPLD/eval_full_am_noise_horizontal_ids_v1/class_ap.txt,/mnt/shared/zechuan/iraod_artifacts/comparison/xaf_student_quant_20260908/formal_ports_runs_a39c832/rsar/am_noise_horizontal/seed_44/methods/LPLD/eval_full_am_noise_horizontal_ids_v1/predictions.pkl,/mnt/shared/zechuan/iraod_artifacts/comparison/xaf_student_quant_20260908/formal_ports_runs_a39c832/rsar/am_noise_horizontal/seed_44/methods/LPLD/eval_full_am_noise_horizontal_ids_v1/pred_count.txt,a39c83221c73e71d273b96ef95c65f6d8d1e84f9,331d2131b84651f0a2930a3d53faeefad8701531,a39c83221c73e71d273b96ef95c65f6d8d1e84f9,a39c83221c73e71d273b96ef95c65f6d8d1e84f9,,recorded_adaptation_producer,,,,common_one_epoch,/mnt/shared/zechuan/iraod_artifacts/comparison/xaf_student_quant_20260908/formal_ports_manifests_a39c832/runtime.json,/mnt/shared/zechuan/iraod_artifacts/comparison/xaf_student_quant_20260908/formal_ports_runs_a39c832/rsar/am_noise_horizontal/seed_44/methods/LPLD/eval_full_am_noise_horizontal_ids_v1/execution.json,[]
RSAR,am_noise_horizontal,SFUT,42,ema,/mnt/shared/zechuan/iraod_artifacts/comparison/xaf_student_quant_20260908/formal_ports_runs_a39c832/rsar/am_noise_horizontal/seed_42/methods/SFUT/eval_full_am_noise_horizontal_ids_v1,/mnt/shared/zechuan/iraod_artifacts/comparison/xaf_student_quant_20260908/formal_ports_runs_a39c832/rsar/am_noise_horizontal/seed_42/methods/SFUT/eval_full_am_noise_horizontal_ids_v1/eval_20260908_221931.json,/mnt/shared/zechuan/iraod_artifacts/comparison/xaf_student_quant_20260908/formal_ports_runs_a39c832/rsar/am_noise_horizontal/seed_42/methods/SFUT/eval_full_am_noise_horizontal_ids_v1/predictions.pkl.image_ids.json,/mnt/SSD2_8TB/zechuan/IRAOD-New-rc331d213/configs/baseline/oriented_rcnn_orthonet_rsar.py,complete,0.21850959956645966,0.21850959956645966,[],8538,226911,/mnt/shared/zechuan/iraod_artifacts/comparison/xaf_student_quant_20260908/formal_ports_runs_a39c832/rsar/am_noise_horizontal/seed_42/methods/SFUT/work/iter_266_ema.pth,e489f015cc2b67926a415436c97532ff814f826c4861b659cbc712fb9413b98c,,/mnt/shared/zechuan/iraod_artifacts/comparison/xaf_student_quant_20260908/formal_ports_runs_a39c832/rsar/am_noise_horizontal/seed_42/methods/SFUT/eval_full_am_noise_horizontal_ids_v1/eval_status,/mnt/shared/zechuan/iraod_artifacts/comparison/xaf_student_quant_20260908/formal_ports_runs_a39c832/rsar/am_noise_horizontal/seed_42/methods/SFUT/eval_full_am_noise_horizontal_ids_v1/class_ap.txt,/mnt/shared/zechuan/iraod_artifacts/comparison/xaf_student_quant_20260908/formal_ports_runs_a39c832/rsar/am_noise_horizontal/seed_42/methods/SFUT/eval_full_am_noise_horizontal_ids_v1/predictions.pkl,/mnt/shared/zechuan/iraod_artifacts/comparison/xaf_student_quant_20260908/formal_ports_runs_a39c832/rsar/am_noise_horizontal/seed_42/methods/SFUT/eval_full_am_noise_horizontal_ids_v1/pred_count.txt,a39c83221c73e71d273b96ef95c65f6d8d1e84f9,331d2131b84651f0a2930a3d53faeefad8701531,a39c83221c73e71d273b96ef95c65f6d8d1e84f9,a39c83221c73e71d273b96ef95c65f6d8d1e84f9,,recorded_adaptation_producer,,,,common_one_epoch,/mnt/shared/zechuan/iraod_artifacts/comparison/xaf_student_quant_20260908/formal_ports_manifests_a39c832/runtime.json,/mnt/shared/zechuan/iraod_artifacts/comparison/xaf_student_quant_20260908/formal_ports_runs_a39c832/rsar/am_noise_horizontal/seed_42/methods/SFUT/eval_full_am_noise_horizontal_ids_v1/execution.json,[]
RSAR,am_noise_horizontal,SFUT,43,ema,/mnt/shared/zechuan/iraod_artifacts/comparison/xaf_student_quant_20260908/formal_ports_runs_a39c832/rsar/am_noise_horizontal/seed_43/methods/SFUT/eval_full_am_noise_horizontal_ids_v1,/mnt/shared/zechuan/iraod_artifacts/comparison/xaf_student_quant_20260908/formal_ports_runs_a39c832/rsar/am_noise_horizontal/seed_43/methods/SFUT/eval_full_am_noise_horizontal_ids_v1/eval_20260908_222422.json,/mnt/shared/zechuan/iraod_artifacts/comparison/xaf_student_quant_20260908/formal_ports_runs_a39c832/rsar/am_noise_horizontal/seed_43/methods/SFUT/eval_full_am_noise_horizontal_ids_v1/predictions.pkl.image_ids.json,/mnt/SSD2_8TB/zechuan/IRAOD-New-rc331d213/configs/baseline/oriented_rcnn_orthonet_rsar.py,complete,0.22237563133239746,0.22237563133239746,[],8538,173294,/mnt/shared/zechuan/iraod_artifacts/comparison/xaf_student_quant_20260908/formal_ports_runs_a39c832/rsar/am_noise_horizontal/seed_43/methods/SFUT/work/iter_266_ema.pth,e489f015cc2b67926a415436c97532ff814f826c4861b659cbc712fb9413b98c,,/mnt/shared/zechuan/iraod_artifacts/comparison/xaf_student_quant_20260908/formal_ports_runs_a39c832/rsar/am_noise_horizontal/seed_43/methods/SFUT/eval_full_am_noise_horizontal_ids_v1/eval_status,/mnt/shared/zechuan/iraod_artifacts/comparison/xaf_student_quant_20260908/formal_ports_runs_a39c832/rsar/am_noise_horizontal/seed_43/methods/SFUT/eval_full_am_noise_horizontal_ids_v1/class_ap.txt,/mnt/shared/zechuan/iraod_artifacts/comparison/xaf_student_quant_20260908/formal_ports_runs_a39c832/rsar/am_noise_horizontal/seed_43/methods/SFUT/eval_full_am_noise_horizontal_ids_v1/predictions.pkl,/mnt/shared/zechuan/iraod_artifacts/comparison/xaf_student_quant_20260908/formal_ports_runs_a39c832/rsar/am_noise_horizontal/seed_43/methods/SFUT/eval_full_am_noise_horizontal_ids_v1/pred_count.txt,a39c83221c73e71d273b96ef95c65f6d8d1e84f9,331d2131b84651f0a2930a3d53faeefad8701531,a39c83221c73e71d273b96ef95c65f6d8d1e84f9,a39c83221c73e71d273b96ef95c65f6d8d1e84f9,,recorded_adaptation_producer,,,,common_one_epoch,/mnt/shared/zechuan/iraod_artifacts/comparison/xaf_student_quant_20260908/formal_ports_manifests_a39c832/runtime.json,/mnt/shared/zechuan/iraod_artifacts/comparison/xaf_student_quant_20260908/formal_ports_runs_a39c832/rsar/am_noise_horizontal/seed_43/methods/SFUT/eval_full_am_noise_horizontal_ids_v1/execution.json,[]
RSAR,am_noise_horizontal,SFUT,44,ema,/mnt/shared/zechuan/iraod_artifacts/comparison/xaf_student_quant_20260908/formal_ports_runs_a39c832/rsar/am_noise_horizontal/seed_44/methods/SFUT/eval_full_am_noise_horizontal_ids_v1,/mnt/shared/zechuan/iraod_artifacts/comparison/xaf_student_quant_20260908/formal_ports_runs_a39c832/rsar/am_noise_horizontal/seed_44/methods/SFUT/eval_full_am_noise_horizontal_ids_v1/eval_20260908_222659.json,/mnt/shared/zechuan/iraod_artifacts/comparison/xaf_student_quant_20260908/formal_ports_runs_a39c832/rsar/am_noise_horizontal/seed_44/methods/SFUT/eval_full_am_noise_horizontal_ids_v1/predictions.pkl.image_ids.json,/mnt/SSD2_8TB/zechuan/IRAOD-New-rc331d213/configs/baseline/oriented_rcnn_orthonet_rsar.py,complete,0.22116278111934662,0.22116278111934662,[],8538,228009,/mnt/shared/zechuan/iraod_artifacts/comparison/xaf_student_quant_20260908/formal_ports_runs_a39c832/rsar/am_noise_horizontal/seed_44/methods/SFUT/work/iter_266_ema.pth,e489f015cc2b67926a415436c97532ff814f826c4861b659cbc712fb9413b98c,,/mnt/shared/zechuan/iraod_artifacts/comparison/xaf_student_quant_20260908/formal_ports_runs_a39c832/rsar/am_noise_horizontal/seed_44/methods/SFUT/eval_full_am_noise_horizontal_ids_v1/eval_status,/mnt/shared/zechuan/iraod_artifacts/comparison/xaf_student_quant_20260908/formal_ports_runs_a39c832/rsar/am_noise_horizontal/seed_44/methods/SFUT/eval_full_am_noise_horizontal_ids_v1/class_ap.txt,/mnt/shared/zechuan/iraod_artifacts/comparison/xaf_student_quant_20260908/formal_ports_runs_a39c832/rsar/am_noise_horizontal/seed_44/methods/SFUT/eval_full_am_noise_horizontal_ids_v1/predictions.pkl,/mnt/shared/zechuan/iraod_artifacts/comparison/xaf_student_quant_20260908/formal_ports_runs_a39c832/rsar/am_noise_horizontal/seed_44/methods/SFUT/eval_full_am_noise_horizontal_ids_v1/pred_count.txt,a39c83221c73e71d273b96ef95c65f6d8d1e84f9,331d2131b84651f0a2930a3d53faeefad8701531,a39c83221c73e71d273b96ef95c65f6d8d1e84f9,a39c83221c73e71d273b96ef95c65f6d8d1e84f9,,recorded_adaptation_producer,,,,common_one_epoch,/mnt/shared/zechuan/iraod_artifacts/comparison/xaf_student_quant_20260908/formal_ports_manifests_a39c832/runtime.json,/mnt/shared/zechuan/iraod_artifacts/comparison/xaf_student_quant_20260908/formal_ports_runs_a39c832/rsar/am_noise_horizontal/seed_44/methods/SFUT/eval_full_am_noise_horizontal_ids_v1/execution.json,[]
RSAR,smart_suppression,A,42,source,/mnt/shared/zechuan/iraod_artifacts/comparison/rsar/smart_suppression/seed_42/0f98a48/methods/A/eval_full_smart_suppression_ids_v1,/mnt/shared/zechuan/iraod_artifacts/comparison/rsar/smart_suppression/seed_42/0f98a48/methods/A/eval_full_smart_suppression_ids_v1/eval_20260907_160138.json,/mnt/shared/zechuan/iraod_artifacts/comparison/rsar/smart_suppression/seed_42/0f98a48/methods/A/eval_full_smart_suppression_ids_v1/predictions.pkl.image_ids.json,/mnt/SSD2_8TB/zechuan/IRAOD-New-rc331d213/configs/baseline/oriented_rcnn_orthonet_rsar.py,complete,0.14372646808624268,0.14372646808624268,[],8538,76467,/mnt/shared/zechuan/iraod_artifacts/rsar_source/seed42-orthonet-ddp4-gpu4567-spg16-gbs64/train/epoch_100.pth,e489f015cc2b67926a415436c97532ff814f826c4861b659cbc712fb9413b98c,,/mnt/shared/zechuan/iraod_artifacts/comparison/rsar/smart_suppression/seed_42/0f98a48/methods/A/eval_full_smart_suppression_ids_v1/eval_status,/mnt/shared/zechuan/iraod_artifacts/comparison/rsar/smart_suppression/seed_42/0f98a48/methods/A/eval_full_smart_suppression_ids_v1/class_ap.txt,/mnt/shared/zechuan/iraod_artifacts/comparison/rsar/smart_suppression/seed_42/0f98a48/methods/A/eval_full_smart_suppression_ids_v1/predictions.pkl,/mnt/shared/zechuan/iraod_artifacts/comparison/rsar/smart_suppression/seed_42/0f98a48/methods/A/eval_full_smart_suppression_ids_v1/pred_count.txt,0f98a48b539f9260055fc305784ffbc924f50451,331d2131b84651f0a2930a3d53faeefad8701531,0f98a48b539f9260055fc305784ffbc924f50451,b474aaa5f7718746215ce13beceb071617bb823e,b474aaa5f7718746215ce13beceb071617bb823e,source_producer_corrected_in_report,"{""dataset"": ""RSAR"", ""domain"": ""smart_suppression"", ""method"": ""A"", ""seed"": 42, ""role"": ""source"", ""field"": ""training_code_sha"", ""recorded"": ""0f98a48b539f9260055fc305784ffbc924f50451"", ""actual"": ""b474aaa5f7718746215ce13beceb071617bb823e"", ""source_checkpoint"": ""/mnt/shared/zechuan/iraod_artifacts/rsar_source/seed42-orthonet-ddp4-gpu4567-spg16-gbs64/train/epoch_100.pth"", ""source_weights_sha256"": ""e489f015cc2b67926a415436c97532ff814f826c4861b659cbc712fb9413b98c"", ""source_record"": ""/mnt/shared/zechuan/iraod_artifacts/rsar_source/seed42-orthonet-ddp4-gpu4567-spg16-gbs64/reproducibility/git_commit.txt"", ""source_record_snapshot"": ""/mnt/shared/zechuan/iraod_artifacts/comparison/final_delivery_20260908_4a6bc50/input/source_records/RSAR_producer_git_commit.txt"", ""sidecar"": ""/mnt/shared/zechuan/iraod_artifacts/comparison/rsar/smart_suppression/seed_42/0f98a48/methods/A/eval_full_smart_suppression_ids_v1/predictions.pkl.image_ids.json"", ""sidecar_modified"": false, ""scope"": ""producer metadata only; weights, predictions, IDs and mAP unchanged""}",0.14372646808624268,/mnt/shared/zechuan/iraod_artifacts/comparison/xaf_student_quant_20260908/integration_code_752a139/results/paper_comparison/historical/seed42/raw_results.csv,fixed_source,,,
RSAR,smart_suppression,IRG,42,ema,/mnt/shared/zechuan/iraod_artifacts/comparison/xaf_student_quant_20260908/formal_ports_runs_a39c832/rsar/smart_suppression/seed_42/methods/IRG/eval_full_smart_suppression_ids_v1,/mnt/shared/zechuan/iraod_artifacts/comparison/xaf_student_quant_20260908/formal_ports_runs_a39c832/rsar/smart_suppression/seed_42/methods/IRG/eval_full_smart_suppression_ids_v1/eval_20260908_222911.json,/mnt/shared/zechuan/iraod_artifacts/comparison/xaf_student_quant_20260908/formal_ports_runs_a39c832/rsar/smart_suppression/seed_42/methods/IRG/eval_full_smart_suppression_ids_v1/predictions.pkl.image_ids.json,/mnt/SSD2_8TB/zechuan/IRAOD-New-rc331d213/configs/baseline/oriented_rcnn_orthonet_rsar.py,complete,0.16824424266815186,0.16824424266815186,[],8538,61030,/mnt/shared/zechuan/iraod_artifacts/comparison/xaf_student_quant_20260908/formal_ports_runs_a39c832/rsar/smart_suppression/seed_42/methods/IRG/work/iter_266_ema.pth,e489f015cc2b67926a415436c97532ff814f826c4861b659cbc712fb9413b98c,,/mnt/shared/zechuan/iraod_artifacts/comparison/xaf_student_quant_20260908/formal_ports_runs_a39c832/rsar/smart_suppression/seed_42/methods/IRG/eval_full_smart_suppression_ids_v1/eval_status,/mnt/shared/zechuan/iraod_artifacts/comparison/xaf_student_quant_20260908/formal_ports_runs_a39c832/rsar/smart_suppression/seed_42/methods/IRG/eval_full_smart_suppression_ids_v1/class_ap.txt,/mnt/shared/zechuan/iraod_artifacts/comparison/xaf_student_quant_20260908/formal_ports_runs_a39c832/rsar/smart_suppression/seed_42/methods/IRG/eval_full_smart_suppression_ids_v1/predictions.pkl,/mnt/shared/zechuan/iraod_artifacts/comparison/xaf_student_quant_20260908/formal_ports_runs_a39c832/rsar/smart_suppression/seed_42/methods/IRG/eval_full_smart_suppression_ids_v1/pred_count.txt,a39c83221c73e71d273b96ef95c65f6d8d1e84f9,331d2131b84651f0a2930a3d53faeefad8701531,a39c83221c73e71d273b96ef95c65f6d8d1e84f9,a39c83221c73e71d273b96ef95c65f6d8d1e84f9,,recorded_adaptation_producer,,,,common_one_epoch,/mnt/shared/zechuan/iraod_artifacts/comparison/xaf_student_quant_20260908/formal_ports_manifests_a39c832/runtime.json,/mnt/shared/zechuan/iraod_artifacts/comparison/xaf_student_quant_20260908/formal_ports_runs_a39c832/rsar/smart_suppression/seed_42/methods/IRG/eval_full_smart_suppression_ids_v1/execution.json,[]
RSAR,smart_suppression,IRG,43,ema,/mnt/shared/zechuan/iraod_artifacts/comparison/xaf_student_quant_20260908/formal_ports_runs_a39c832/rsar/smart_suppression/seed_43/methods/IRG/eval_full_smart_suppression_ids_v1,/mnt/shared/zechuan/iraod_artifacts/comparison/xaf_student_quant_20260908/formal_ports_runs_a39c832/rsar/smart_suppression/seed_43/methods/IRG/eval_full_smart_suppression_ids_v1/eval_20260908_223153.json,/mnt/shared/zechuan/iraod_artifacts/comparison/xaf_student_quant_20260908/formal_ports_runs_a39c832/rsar/smart_suppression/seed_43/methods/IRG/eval_full_smart_suppression_ids_v1/predictions.pkl.image_ids.json,/mnt/SSD2_8TB/zechuan/IRAOD-New-rc331d213/configs/baseline/oriented_rcnn_orthonet_rsar.py,complete,0.15594299137592316,0.15594299137592316,[],8538,59830,/mnt/shared/zechuan/iraod_artifacts/comparison/xaf_student_quant_20260908/formal_ports_runs_a39c832/rsar/smart_suppression/seed_43/methods/IRG/work/iter_266_ema.pth,e489f015cc2b67926a415436c97532ff814f826c4861b659cbc712fb9413b98c,,/mnt/shared/zechuan/iraod_artifacts/comparison/xaf_student_quant_20260908/formal_ports_runs_a39c832/rsar/smart_suppression/seed_43/methods/IRG/eval_full_smart_suppression_ids_v1/eval_status,/mnt/shared/zechuan/iraod_artifacts/comparison/xaf_student_quant_20260908/formal_ports_runs_a39c832/rsar/smart_suppression/seed_43/methods/IRG/eval_full_smart_suppression_ids_v1/class_ap.txt,/mnt/shared/zechuan/iraod_artifacts/comparison/xaf_student_quant_20260908/formal_ports_runs_a39c832/rsar/smart_suppression/seed_43/methods/IRG/eval_full_smart_suppression_ids_v1/predictions.pkl,/mnt/shared/zechuan/iraod_artifacts/comparison/xaf_student_quant_20260908/formal_ports_runs_a39c832/rsar/smart_suppression/seed_43/methods/IRG/eval_full_smart_suppression_ids_v1/pred_count.txt,a39c83221c73e71d273b96ef95c65f6d8d1e84f9,331d2131b84651f0a2930a3d53faeefad8701531,a39c83221c73e71d273b96ef95c65f6d8d1e84f9,a39c83221c73e71d273b96ef95c65f6d8d1e84f9,,recorded_adaptation_producer,,,,common_one_epoch,/mnt/shared/zechuan/iraod_artifacts/comparison/xaf_student_quant_20260908/formal_ports_manifests_a39c832/runtime.json,/mnt/shared/zechuan/iraod_artifacts/comparison/xaf_student_quant_20260908/formal_ports_runs_a39c832/rsar/smart_suppression/seed_43/methods/IRG/eval_full_smart_suppression_ids_v1/execution.json,[]
RSAR,smart_suppression,IRG,44,ema,/mnt/shared/zechuan/iraod_artifacts/comparison/xaf_student_quant_20260908/formal_ports_runs_a39c832/rsar/smart_suppression/seed_44/methods/IRG/eval_full_smart_suppression_ids_v1,/mnt/shared/zechuan/iraod_artifacts/comparison/xaf_student_quant_20260908/formal_ports_runs_a39c832/rsar/smart_suppression/seed_44/methods/IRG/eval_full_smart_suppression_ids_v1/eval_20260908_223515.json,/mnt/shared/zechuan/iraod_artifacts/comparison/xaf_student_quant_20260908/formal_ports_runs_a39c832/rsar/smart_suppression/seed_44/methods/IRG/eval_full_smart_suppression_ids_v1/predictions.pkl.image_ids.json,/mnt/SSD2_8TB/zechuan/IRAOD-New-rc331d213/configs/baseline/oriented_rcnn_orthonet_rsar.py,complete,0.1543508768081665,0.1543508768081665,[],8538,61019,/mnt/shared/zechuan/iraod_artifacts/comparison/xaf_student_quant_20260908/formal_ports_runs_a39c832/rsar/smart_suppression/seed_44/methods/IRG/work/iter_266_ema.pth,e489f015cc2b67926a415436c97532ff814f826c4861b659cbc712fb9413b98c,,/mnt/shared/zechuan/iraod_artifacts/comparison/xaf_student_quant_20260908/formal_ports_runs_a39c832/rsar/smart_suppression/seed_44/methods/IRG/eval_full_smart_suppression_ids_v1/eval_status,/mnt/shared/zechuan/iraod_artifacts/comparison/xaf_student_quant_20260908/formal_ports_runs_a39c832/rsar/smart_suppression/seed_44/methods/IRG/eval_full_smart_suppression_ids_v1/class_ap.txt,/mnt/shared/zechuan/iraod_artifacts/comparison/xaf_student_quant_20260908/formal_ports_runs_a39c832/rsar/smart_suppression/seed_44/methods/IRG/eval_full_smart_suppression_ids_v1/predictions.pkl,/mnt/shared/zechuan/iraod_artifacts/comparison/xaf_student_quant_20260908/formal_ports_runs_a39c832/rsar/smart_suppression/seed_44/methods/IRG/eval_full_smart_suppression_ids_v1/pred_count.txt,a39c83221c73e71d273b96ef95c65f6d8d1e84f9,331d2131b84651f0a2930a3d53faeefad8701531,a39c83221c73e71d273b96ef95c65f6d8d1e84f9,a39c83221c73e71d273b96ef95c65f6d8d1e84f9,,recorded_adaptation_producer,,,,common_one_epoch,/mnt/shared/zechuan/iraod_artifacts/comparison/xaf_student_quant_20260908/formal_ports_manifests_a39c832/runtime.json,/mnt/shared/zechuan/iraod_artifacts/comparison/xaf_student_quant_20260908/formal_ports_runs_a39c832/rsar/smart_suppression/seed_44/methods/IRG/eval_full_smart_suppression_ids_v1/execution.json,[]
RSAR,smart_suppression,LPLD,42,ema,/mnt/shared/zechuan/iraod_artifacts/comparison/xaf_student_quant_20260908/formal_ports_runs_a39c832/rsar/smart_suppression/seed_42/methods/LPLD/eval_full_smart_suppression_ids_v1,/mnt/shared/zechuan/iraod_artifacts/comparison/xaf_student_quant_20260908/formal_ports_runs_a39c832/rsar/smart_suppression/seed_42/methods/LPLD/eval_full_smart_suppression_ids_v1/eval_20260908_222919.json,/mnt/shared/zechuan/iraod_artifacts/comparison/xaf_student_quant_20260908/formal_ports_runs_a39c832/rsar/smart_suppression/seed_42/methods/LPLD/eval_full_smart_suppression_ids_v1/predictions.pkl.image_ids.json,/mnt/SSD2_8TB/zechuan/IRAOD-New-rc331d213/configs/baseline/oriented_rcnn_orthonet_rsar.py,complete,0.1539391726255417,0.1539391726255417,[],8538,110272,/mnt/shared/zechuan/iraod_artifacts/comparison/xaf_student_quant_20260908/formal_ports_runs_a39c832/rsar/smart_suppression/seed_42/methods/LPLD/work/iter_266_ema.pth,e489f015cc2b67926a415436c97532ff814f826c4861b659cbc712fb9413b98c,,/mnt/shared/zechuan/iraod_artifacts/comparison/xaf_student_quant_20260908/formal_ports_runs_a39c832/rsar/smart_suppression/seed_42/methods/LPLD/eval_full_smart_suppression_ids_v1/eval_status,/mnt/shared/zechuan/iraod_artifacts/comparison/xaf_student_quant_20260908/formal_ports_runs_a39c832/rsar/smart_suppression/seed_42/methods/LPLD/eval_full_smart_suppression_ids_v1/class_ap.txt,/mnt/shared/zechuan/iraod_artifacts/comparison/xaf_student_quant_20260908/formal_ports_runs_a39c832/rsar/smart_suppression/seed_42/methods/LPLD/eval_full_smart_suppression_ids_v1/predictions.pkl,/mnt/shared/zechuan/iraod_artifacts/comparison/xaf_student_quant_20260908/formal_ports_runs_a39c832/rsar/smart_suppression/seed_42/methods/LPLD/eval_full_smart_suppression_ids_v1/pred_count.txt,a39c83221c73e71d273b96ef95c65f6d8d1e84f9,331d2131b84651f0a2930a3d53faeefad8701531,a39c83221c73e71d273b96ef95c65f6d8d1e84f9,a39c83221c73e71d273b96ef95c65f6d8d1e84f9,,recorded_adaptation_producer,,,,common_one_epoch,/mnt/shared/zechuan/iraod_artifacts/comparison/xaf_student_quant_20260908/formal_ports_manifests_a39c832/runtime.json,/mnt/shared/zechuan/iraod_artifacts/comparison/xaf_student_quant_20260908/formal_ports_runs_a39c832/rsar/smart_suppression/seed_42/methods/LPLD/eval_full_smart_suppression_ids_v1/execution.json,[]
RSAR,smart_suppression,LPLD,43,ema,/mnt/shared/zechuan/iraod_artifacts/comparison/xaf_student_quant_20260908/formal_ports_runs_a39c832/rsar/smart_suppression/seed_43/methods/LPLD/eval_full_smart_suppression_ids_v1,/mnt/shared/zechuan/iraod_artifacts/comparison/xaf_student_quant_20260908/formal_ports_runs_a39c832/rsar/smart_suppression/seed_43/methods/LPLD/eval_full_smart_suppression_ids_v1/eval_20260908_223359.json,/mnt/shared/zechuan/iraod_artifacts/comparison/xaf_student_quant_20260908/formal_ports_runs_a39c832/rsar/smart_suppression/seed_43/methods/LPLD/eval_full_smart_suppression_ids_v1/predictions.pkl.image_ids.json,/mnt/SSD2_8TB/zechuan/IRAOD-New-rc331d213/configs/baseline/oriented_rcnn_orthonet_rsar.py,complete,0.1151832714676857,0.1151832714676857,[],8538,192536,/mnt/shared/zechuan/iraod_artifacts/comparison/xaf_student_quant_20260908/formal_ports_runs_a39c832/rsar/smart_suppression/seed_43/methods/LPLD/work/iter_266_ema.pth,e489f015cc2b67926a415436c97532ff814f826c4861b659cbc712fb9413b98c,,/mnt/shared/zechuan/iraod_artifacts/comparison/xaf_student_quant_20260908/formal_ports_runs_a39c832/rsar/smart_suppression/seed_43/methods/LPLD/eval_full_smart_suppression_ids_v1/eval_status,/mnt/shared/zechuan/iraod_artifacts/comparison/xaf_student_quant_20260908/formal_ports_runs_a39c832/rsar/smart_suppression/seed_43/methods/LPLD/eval_full_smart_suppression_ids_v1/class_ap.txt,/mnt/shared/zechuan/iraod_artifacts/comparison/xaf_student_quant_20260908/formal_ports_runs_a39c832/rsar/smart_suppression/seed_43/methods/LPLD/eval_full_smart_suppression_ids_v1/predictions.pkl,/mnt/shared/zechuan/iraod_artifacts/comparison/xaf_student_quant_20260908/formal_ports_runs_a39c832/rsar/smart_suppression/seed_43/methods/LPLD/eval_full_smart_suppression_ids_v1/pred_count.txt,a39c83221c73e71d273b96ef95c65f6d8d1e84f9,331d2131b84651f0a2930a3d53faeefad8701531,a39c83221c73e71d273b96ef95c65f6d8d1e84f9,a39c83221c73e71d273b96ef95c65f6d8d1e84f9,,recorded_adaptation_producer,,,,common_one_epoch,/mnt/shared/zechuan/iraod_artifacts/comparison/xaf_student_quant_20260908/formal_ports_manifests_a39c832/runtime.json,/mnt/shared/zechuan/iraod_artifacts/comparison/xaf_student_quant_20260908/formal_ports_runs_a39c832/rsar/smart_suppression/seed_43/methods/LPLD/eval_full_smart_suppression_ids_v1/execution.json,[]
RSAR,smart_suppression,LPLD,44,ema,/mnt/shared/zechuan/iraod_artifacts/comparison/xaf_student_quant_20260908/formal_ports_runs_a39c832/rsar/smart_suppression/seed_44/methods/LPLD/eval_full_smart_suppression_ids_v1,/mnt/shared/zechuan/iraod_artifacts/comparison/xaf_student_quant_20260908/formal_ports_runs_a39c832/rsar/smart_suppression/seed_44/methods/LPLD/eval_full_smart_suppression_ids_v1/eval_20260908_223653.json,/mnt/shared/zechuan/iraod_artifacts/comparison/xaf_student_quant_20260908/formal_ports_runs_a39c832/rsar/smart_suppression/seed_44/methods/LPLD/eval_full_smart_suppression_ids_v1/predictions.pkl.image_ids.json,/mnt/SSD2_8TB/zechuan/IRAOD-New-rc331d213/configs/baseline/oriented_rcnn_orthonet_rsar.py,complete,0.14256882667541504,0.14256882667541504,[],8538,87139,/mnt/shared/zechuan/iraod_artifacts/comparison/xaf_student_quant_20260908/formal_ports_runs_a39c832/rsar/smart_suppression/seed_44/methods/LPLD/work/iter_266_ema.pth,e489f015cc2b67926a415436c97532ff814f826c4861b659cbc712fb9413b98c,,/mnt/shared/zechuan/iraod_artifacts/comparison/xaf_student_quant_20260908/formal_ports_runs_a39c832/rsar/smart_suppression/seed_44/methods/LPLD/eval_full_smart_suppression_ids_v1/eval_status,/mnt/shared/zechuan/iraod_artifacts/comparison/xaf_student_quant_20260908/formal_ports_runs_a39c832/rsar/smart_suppression/seed_44/methods/LPLD/eval_full_smart_suppression_ids_v1/class_ap.txt,/mnt/shared/zechuan/iraod_artifacts/comparison/xaf_student_quant_20260908/formal_ports_runs_a39c832/rsar/smart_suppression/seed_44/methods/LPLD/eval_full_smart_suppression_ids_v1/predictions.pkl,/mnt/shared/zechuan/iraod_artifacts/comparison/xaf_student_quant_20260908/formal_ports_runs_a39c832/rsar/smart_suppression/seed_44/methods/LPLD/eval_full_smart_suppression_ids_v1/pred_count.txt,a39c83221c73e71d273b96ef95c65f6d8d1e84f9,331d2131b84651f0a2930a3d53faeefad8701531,a39c83221c73e71d273b96ef95c65f6d8d1e84f9,a39c83221c73e71d273b96ef95c65f6d8d1e84f9,,recorded_adaptation_producer,,,,common_one_epoch,/mnt/shared/zechuan/iraod_artifacts/comparison/xaf_student_quant_20260908/formal_ports_manifests_a39c832/runtime.json,/mnt/shared/zechuan/iraod_artifacts/comparison/xaf_student_quant_20260908/formal_ports_runs_a39c832/rsar/smart_suppression/seed_44/methods/LPLD/eval_full_smart_suppression_ids_v1/execution.json,[]
RSAR,smart_suppression,SFUT,42,ema,/mnt/shared/zechuan/iraod_artifacts/comparison/xaf_student_quant_20260908/formal_ports_runs_a39c832/rsar/smart_suppression/seed_42/methods/SFUT/eval_full_smart_suppression_ids_v1,/mnt/shared/zechuan/iraod_artifacts/comparison/xaf_student_quant_20260908/formal_ports_runs_a39c832/rsar/smart_suppression/seed_42/methods/SFUT/eval_full_smart_suppression_ids_v1/eval_20260908_223021.json,/mnt/shared/zechuan/iraod_artifacts/comparison/xaf_student_quant_20260908/formal_ports_runs_a39c832/rsar/smart_suppression/seed_42/methods/SFUT/eval_full_smart_suppression_ids_v1/predictions.pkl.image_ids.json,/mnt/SSD2_8TB/zechuan/IRAOD-New-rc331d213/configs/baseline/oriented_rcnn_orthonet_rsar.py,complete,0.14627371728420258,0.14627371728420258,[],8538,74986,/mnt/shared/zechuan/iraod_artifacts/comparison/xaf_student_quant_20260908/formal_ports_runs_a39c832/rsar/smart_suppression/seed_42/methods/SFUT/work/iter_266_ema.pth,e489f015cc2b67926a415436c97532ff814f826c4861b659cbc712fb9413b98c,,/mnt/shared/zechuan/iraod_artifacts/comparison/xaf_student_quant_20260908/formal_ports_runs_a39c832/rsar/smart_suppression/seed_42/methods/SFUT/eval_full_smart_suppression_ids_v1/eval_status,/mnt/shared/zechuan/iraod_artifacts/comparison/xaf_student_quant_20260908/formal_ports_runs_a39c832/rsar/smart_suppression/seed_42/methods/SFUT/eval_full_smart_suppression_ids_v1/class_ap.txt,/mnt/shared/zechuan/iraod_artifacts/comparison/xaf_student_quant_20260908/formal_ports_runs_a39c832/rsar/smart_suppression/seed_42/methods/SFUT/eval_full_smart_suppression_ids_v1/predictions.pkl,/mnt/shared/zechuan/iraod_artifacts/comparison/xaf_student_quant_20260908/formal_ports_runs_a39c832/rsar/smart_suppression/seed_42/methods/SFUT/eval_full_smart_suppression_ids_v1/pred_count.txt,a39c83221c73e71d273b96ef95c65f6d8d1e84f9,331d2131b84651f0a2930a3d53faeefad8701531,a39c83221c73e71d273b96ef95c65f6d8d1e84f9,a39c83221c73e71d273b96ef95c65f6d8d1e84f9,,recorded_adaptation_producer,,,,common_one_epoch,/mnt/shared/zechuan/iraod_artifacts/comparison/xaf_student_quant_20260908/formal_ports_manifests_a39c832/runtime.json,/mnt/shared/zechuan/iraod_artifacts/comparison/xaf_student_quant_20260908/formal_ports_runs_a39c832/rsar/smart_suppression/seed_42/methods/SFUT/eval_full_smart_suppression_ids_v1/execution.json,[]
RSAR,smart_suppression,SFUT,43,ema,/mnt/shared/zechuan/iraod_artifacts/comparison/xaf_student_quant_20260908/formal_ports_runs_a39c832/rsar/smart_suppression/seed_43/methods/SFUT/eval_full_smart_suppression_ids_v1,/mnt/shared/zechuan/iraod_artifacts/comparison/xaf_student_quant_20260908/formal_ports_runs_a39c832/rsar/smart_suppression/seed_43/methods/SFUT/eval_full_smart_suppression_ids_v1/eval_20260908_223418.json,/mnt/shared/zechuan/iraod_artifacts/comparison/xaf_student_quant_20260908/formal_ports_runs_a39c832/rsar/smart_suppression/seed_43/methods/SFUT/eval_full_smart_suppression_ids_v1/predictions.pkl.image_ids.json,/mnt/SSD2_8TB/zechuan/IRAOD-New-rc331d213/configs/baseline/oriented_rcnn_orthonet_rsar.py,complete,0.14898914098739624,0.14898914098739624,[],8538,75595,/mnt/shared/zechuan/iraod_artifacts/comparison/xaf_student_quant_20260908/formal_ports_runs_a39c832/rsar/smart_suppression/seed_43/methods/SFUT/work/iter_266_ema.pth,e489f015cc2b67926a415436c97532ff814f826c4861b659cbc712fb9413b98c,,/mnt/shared/zechuan/iraod_artifacts/comparison/xaf_student_quant_20260908/formal_ports_runs_a39c832/rsar/smart_suppression/seed_43/methods/SFUT/eval_full_smart_suppression_ids_v1/eval_status,/mnt/shared/zechuan/iraod_artifacts/comparison/xaf_student_quant_20260908/formal_ports_runs_a39c832/rsar/smart_suppression/seed_43/methods/SFUT/eval_full_smart_suppression_ids_v1/class_ap.txt,/mnt/shared/zechuan/iraod_artifacts/comparison/xaf_student_quant_20260908/formal_ports_runs_a39c832/rsar/smart_suppression/seed_43/methods/SFUT/eval_full_smart_suppression_ids_v1/predictions.pkl,/mnt/shared/zechuan/iraod_artifacts/comparison/xaf_student_quant_20260908/formal_ports_runs_a39c832/rsar/smart_suppression/seed_43/methods/SFUT/eval_full_smart_suppression_ids_v1/pred_count.txt,a39c83221c73e71d273b96ef95c65f6d8d1e84f9,331d2131b84651f0a2930a3d53faeefad8701531,a39c83221c73e71d273b96ef95c65f6d8d1e84f9,a39c83221c73e71d273b96ef95c65f6d8d1e84f9,,recorded_adaptation_producer,,,,common_one_epoch,/mnt/shared/zechuan/iraod_artifacts/comparison/xaf_student_quant_20260908/formal_ports_manifests_a39c832/runtime.json,/mnt/shared/zechuan/iraod_artifacts/comparison/xaf_student_quant_20260908/formal_ports_runs_a39c832/rsar/smart_suppression/seed_43/methods/SFUT/eval_full_smart_suppression_ids_v1/execution.json,[]
RSAR,smart_suppression,SFUT,44,ema,/mnt/shared/zechuan/iraod_artifacts/comparison/xaf_student_quant_20260908/formal_ports_runs_a39c832/rsar/smart_suppression/seed_44/methods/SFUT/eval_full_smart_suppression_ids_v1,/mnt/shared/zechuan/iraod_artifacts/comparison/xaf_student_quant_20260908/formal_ports_runs_a39c832/rsar/smart_suppression/seed_44/methods/SFUT/eval_full_smart_suppression_ids_v1/eval_20260908_223849.json,/mnt/shared/zechuan/iraod_artifacts/comparison/xaf_student_quant_20260908/formal_ports_runs_a39c832/rsar/smart_suppression/seed_44/methods/SFUT/eval_full_smart_suppression_ids_v1/predictions.pkl.image_ids.json,/mnt/SSD2_8TB/zechuan/IRAOD-New-rc331d213/configs/baseline/oriented_rcnn_orthonet_rsar.py,complete,0.14693701267242432,0.14693701267242432,[],8538,74189,/mnt/shared/zechuan/iraod_artifacts/comparison/xaf_student_quant_20260908/formal_ports_runs_a39c832/rsar/smart_suppression/seed_44/methods/SFUT/work/iter_266_ema.pth,e489f015cc2b67926a415436c97532ff814f826c4861b659cbc712fb9413b98c,,/mnt/shared/zechuan/iraod_artifacts/comparison/xaf_student_quant_20260908/formal_ports_runs_a39c832/rsar/smart_suppression/seed_44/methods/SFUT/eval_full_smart_suppression_ids_v1/eval_status,/mnt/shared/zechuan/iraod_artifacts/comparison/xaf_student_quant_20260908/formal_ports_runs_a39c832/rsar/smart_suppression/seed_44/methods/SFUT/eval_full_smart_suppression_ids_v1/class_ap.txt,/mnt/shared/zechuan/iraod_artifacts/comparison/xaf_student_quant_20260908/formal_ports_runs_a39c832/rsar/smart_suppression/seed_44/methods/SFUT/eval_full_smart_suppression_ids_v1/predictions.pkl,/mnt/shared/zechuan/iraod_artifacts/comparison/xaf_student_quant_20260908/formal_ports_runs_a39c832/rsar/smart_suppression/seed_44/methods/SFUT/eval_full_smart_suppression_ids_v1/pred_count.txt,a39c83221c73e71d273b96ef95c65f6d8d1e84f9,331d2131b84651f0a2930a3d53faeefad8701531,a39c83221c73e71d273b96ef95c65f6d8d1e84f9,a39c83221c73e71d273b96ef95c65f6d8d1e84f9,,recorded_adaptation_producer,,,,common_one_epoch,/mnt/shared/zechuan/iraod_artifacts/comparison/xaf_student_quant_20260908/formal_ports_manifests_a39c832/runtime.json,/mnt/shared/zechuan/iraod_artifacts/comparison/xaf_student_quant_20260908/formal_ports_runs_a39c832/rsar/smart_suppression/seed_44/methods/SFUT/eval_full_smart_suppression_ids_v1/execution.json,[]
RSAR,am_noise_vertical,A,42,source,/mnt/shared/zechuan/iraod_artifacts/comparison/rsar/am_noise_vertical/seed_42/0f98a48/methods/A/eval_full_am_noise_vertical_ids_v1,/mnt/shared/zechuan/iraod_artifacts/comparison/rsar/am_noise_vertical/seed_42/0f98a48/methods/A/eval_full_am_noise_vertical_ids_v1/eval_20260907_163933.json,/mnt/shared/zechuan/iraod_artifacts/comparison/rsar/am_noise_vertical/seed_42/0f98a48/methods/A/eval_full_am_noise_vertical_ids_v1/predictions.pkl.image_ids.json,/mnt/SSD2_8TB/zechuan/IRAOD-New-rc331d213/configs/baseline/oriented_rcnn_orthonet_rsar.py,complete,0.19074364006519318,0.19074364006519318,[],8538,83766,/mnt/shared/zechuan/iraod_artifacts/rsar_source/seed42-orthonet-ddp4-gpu4567-spg16-gbs64/train/epoch_100.pth,e489f015cc2b67926a415436c97532ff814f826c4861b659cbc712fb9413b98c,,/mnt/shared/zechuan/iraod_artifacts/comparison/rsar/am_noise_vertical/seed_42/0f98a48/methods/A/eval_full_am_noise_vertical_ids_v1/eval_status,/mnt/shared/zechuan/iraod_artifacts/comparison/rsar/am_noise_vertical/seed_42/0f98a48/methods/A/eval_full_am_noise_vertical_ids_v1/class_ap.txt,/mnt/shared/zechuan/iraod_artifacts/comparison/rsar/am_noise_vertical/seed_42/0f98a48/methods/A/eval_full_am_noise_vertical_ids_v1/predictions.pkl,/mnt/shared/zechuan/iraod_artifacts/comparison/rsar/am_noise_vertical/seed_42/0f98a48/methods/A/eval_full_am_noise_vertical_ids_v1/pred_count.txt,0f98a48b539f9260055fc305784ffbc924f50451,331d2131b84651f0a2930a3d53faeefad8701531,0f98a48b539f9260055fc305784ffbc924f50451,b474aaa5f7718746215ce13beceb071617bb823e,b474aaa5f7718746215ce13beceb071617bb823e,source_producer_corrected_in_report,"{""dataset"": ""RSAR"", ""domain"": ""am_noise_vertical"", ""method"": ""A"", ""seed"": 42, ""role"": ""source"", ""field"": ""training_code_sha"", ""recorded"": ""0f98a48b539f9260055fc305784ffbc924f50451"", ""actual"": ""b474aaa5f7718746215ce13beceb071617bb823e"", ""source_checkpoint"": ""/mnt/shared/zechuan/iraod_artifacts/rsar_source/seed42-orthonet-ddp4-gpu4567-spg16-gbs64/train/epoch_100.pth"", ""source_weights_sha256"": ""e489f015cc2b67926a415436c97532ff814f826c4861b659cbc712fb9413b98c"", ""source_record"": ""/mnt/shared/zechuan/iraod_artifacts/rsar_source/seed42-orthonet-ddp4-gpu4567-spg16-gbs64/reproducibility/git_commit.txt"", ""source_record_snapshot"": ""/mnt/shared/zechuan/iraod_artifacts/comparison/final_delivery_20260908_4a6bc50/input/source_records/RSAR_producer_git_commit.txt"", ""sidecar"": ""/mnt/shared/zechuan/iraod_artifacts/comparison/rsar/am_noise_vertical/seed_42/0f98a48/methods/A/eval_full_am_noise_vertical_ids_v1/predictions.pkl.image_ids.json"", ""sidecar_modified"": false, ""scope"": ""producer metadata only; weights, predictions, IDs and mAP unchanged""}",0.19074364006519318,/mnt/shared/zechuan/iraod_artifacts/comparison/xaf_student_quant_20260908/integration_code_752a139/results/paper_comparison/historical/seed42/raw_results.csv,fixed_source,,,
RSAR,am_noise_vertical,IRG,42,ema,/mnt/shared/zechuan/iraod_artifacts/comparison/xaf_student_quant_20260908/formal_ports_runs_a39c832/rsar/am_noise_vertical/seed_42/methods/IRG/eval_full_am_noise_vertical_ids_v1,/mnt/shared/zechuan/iraod_artifacts/comparison/xaf_student_quant_20260908/formal_ports_runs_a39c832/rsar/am_noise_vertical/seed_42/methods/IRG/eval_full_am_noise_vertical_ids_v1/eval_20260908_223921.json,/mnt/shared/zechuan/iraod_artifacts/comparison/xaf_student_quant_20260908/formal_ports_runs_a39c832/rsar/am_noise_vertical/seed_42/methods/IRG/eval_full_am_noise_vertical_ids_v1/predictions.pkl.image_ids.json,/mnt/SSD2_8TB/zechuan/IRAOD-New-rc331d213/configs/baseline/oriented_rcnn_orthonet_rsar.py,complete,0.2521597743034363,0.2521597743034363,[],8538,64560,/mnt/shared/zechuan/iraod_artifacts/comparison/xaf_student_quant_20260908/formal_ports_runs_a39c832/rsar/am_noise_vertical/seed_42/methods/IRG/work/iter_266_ema.pth,e489f015cc2b67926a415436c97532ff814f826c4861b659cbc712fb9413b98c,,/mnt/shared/zechuan/iraod_artifacts/comparison/xaf_student_quant_20260908/formal_ports_runs_a39c832/rsar/am_noise_vertical/seed_42/methods/IRG/eval_full_am_noise_vertical_ids_v1/eval_status,/mnt/shared/zechuan/iraod_artifacts/comparison/xaf_student_quant_20260908/formal_ports_runs_a39c832/rsar/am_noise_vertical/seed_42/methods/IRG/eval_full_am_noise_vertical_ids_v1/class_ap.txt,/mnt/shared/zechuan/iraod_artifacts/comparison/xaf_student_quant_20260908/formal_ports_runs_a39c832/rsar/am_noise_vertical/seed_42/methods/IRG/eval_full_am_noise_vertical_ids_v1/predictions.pkl,/mnt/shared/zechuan/iraod_artifacts/comparison/xaf_student_quant_20260908/formal_ports_runs_a39c832/rsar/am_noise_vertical/seed_42/methods/IRG/eval_full_am_noise_vertical_ids_v1/pred_count.txt,a39c83221c73e71d273b96ef95c65f6d8d1e84f9,331d2131b84651f0a2930a3d53faeefad8701531,a39c83221c73e71d273b96ef95c65f6d8d1e84f9,a39c83221c73e71d273b96ef95c65f6d8d1e84f9,,recorded_adaptation_producer,,,,common_one_epoch,/mnt/shared/zechuan/iraod_artifacts/comparison/xaf_student_quant_20260908/formal_ports_manifests_a39c832/runtime.json,/mnt/shared/zechuan/iraod_artifacts/comparison/xaf_student_quant_20260908/formal_ports_runs_a39c832/rsar/am_noise_vertical/seed_42/methods/IRG/eval_full_am_noise_vertical_ids_v1/execution.json,[]
RSAR,am_noise_vertical,IRG,43,ema,/mnt/shared/zechuan/iraod_artifacts/comparison/xaf_student_quant_20260908/formal_ports_runs_a39c832/rsar/am_noise_vertical/seed_43/methods/IRG/eval_full_am_noise_vertical_ids_v1,/mnt/shared/zechuan/iraod_artifacts/comparison/xaf_student_quant_20260908/formal_ports_runs_a39c832/rsar/am_noise_vertical/seed_43/methods/IRG/eval_full_am_noise_vertical_ids_v1/eval_20260908_224344.json,/mnt/shared/zechuan/iraod_artifacts/comparison/xaf_student_quant_20260908/formal_ports_runs_a39c832/rsar/am_noise_vertical/seed_43/methods/IRG/eval_full_am_noise_vertical_ids_v1/predictions.pkl.image_ids.json,/mnt/SSD2_8TB/zechuan/IRAOD-New-rc331d213/configs/baseline/oriented_rcnn_orthonet_rsar.py,complete,0.23912502825260162,0.23912502825260162,[],8538,50987,/mnt/shared/zechuan/iraod_artifacts/comparison/xaf_student_quant_20260908/formal_ports_runs_a39c832/rsar/am_noise_vertical/seed_43/methods/IRG/work/iter_266_ema.pth,e489f015cc2b67926a415436c97532ff814f826c4861b659cbc712fb9413b98c,,/mnt/shared/zechuan/iraod_artifacts/comparison/xaf_student_quant_20260908/formal_ports_runs_a39c832/rsar/am_noise_vertical/seed_43/methods/IRG/eval_full_am_noise_vertical_ids_v1/eval_status,/mnt/shared/zechuan/iraod_artifacts/comparison/xaf_student_quant_20260908/formal_ports_runs_a39c832/rsar/am_noise_vertical/seed_43/methods/IRG/eval_full_am_noise_vertical_ids_v1/class_ap.txt,/mnt/shared/zechuan/iraod_artifacts/comparison/xaf_student_quant_20260908/formal_ports_runs_a39c832/rsar/am_noise_vertical/seed_43/methods/IRG/eval_full_am_noise_vertical_ids_v1/predictions.pkl,/mnt/shared/zechuan/iraod_artifacts/comparison/xaf_student_quant_20260908/formal_ports_runs_a39c832/rsar/am_noise_vertical/seed_43/methods/IRG/eval_full_am_noise_vertical_ids_v1/pred_count.txt,a39c83221c73e71d273b96ef95c65f6d8d1e84f9,331d2131b84651f0a2930a3d53faeefad8701531,a39c83221c73e71d273b96ef95c65f6d8d1e84f9,a39c83221c73e71d273b96ef95c65f6d8d1e84f9,,recorded_adaptation_producer,,,,common_one_epoch,/mnt/shared/zechuan/iraod_artifacts/comparison/xaf_student_quant_20260908/formal_ports_manifests_a39c832/runtime.json,/mnt/shared/zechuan/iraod_artifacts/comparison/xaf_student_quant_20260908/formal_ports_runs_a39c832/rsar/am_noise_vertical/seed_43/methods/IRG/eval_full_am_noise_vertical_ids_v1/execution.json,[]
RSAR,am_noise_vertical,IRG,44,ema,/mnt/shared/zechuan/iraod_artifacts/comparison/xaf_student_quant_20260908/formal_ports_runs_a39c832/rsar/am_noise_vertical/seed_44/methods/IRG/eval_full_am_noise_vertical_ids_v1,/mnt/shared/zechuan/iraod_artifacts/comparison/xaf_student_quant_20260908/formal_ports_runs_a39c832/rsar/am_noise_vertical/seed_44/methods/IRG/eval_full_am_noise_vertical_ids_v1/eval_20260908_224654.json,/mnt/shared/zechuan/iraod_artifacts/comparison/xaf_student_quant_20260908/formal_ports_runs_a39c832/rsar/am_noise_vertical/seed_44/methods/IRG/eval_full_am_noise_vertical_ids_v1/predictions.pkl.image_ids.json,/mnt/SSD2_8TB/zechuan/IRAOD-New-rc331d213/configs/baseline/oriented_rcnn_orthonet_rsar.py,complete,0.2484123855829239,0.2484123855829239,[],8538,61942,/mnt/shared/zechuan/iraod_artifacts/comparison/xaf_student_quant_20260908/formal_ports_runs_a39c832/rsar/am_noise_vertical/seed_44/methods/IRG/work/iter_266_ema.pth,e489f015cc2b67926a415436c97532ff814f826c4861b659cbc712fb9413b98c,,/mnt/shared/zechuan/iraod_artifacts/comparison/xaf_student_quant_20260908/formal_ports_runs_a39c832/rsar/am_noise_vertical/seed_44/methods/IRG/eval_full_am_noise_vertical_ids_v1/eval_status,/mnt/shared/zechuan/iraod_artifacts/comparison/xaf_student_quant_20260908/formal_ports_runs_a39c832/rsar/am_noise_vertical/seed_44/methods/IRG/eval_full_am_noise_vertical_ids_v1/class_ap.txt,/mnt/shared/zechuan/iraod_artifacts/comparison/xaf_student_quant_20260908/formal_ports_runs_a39c832/rsar/am_noise_vertical/seed_44/methods/IRG/eval_full_am_noise_vertical_ids_v1/predictions.pkl,/mnt/shared/zechuan/iraod_artifacts/comparison/xaf_student_quant_20260908/formal_ports_runs_a39c832/rsar/am_noise_vertical/seed_44/methods/IRG/eval_full_am_noise_vertical_ids_v1/pred_count.txt,a39c83221c73e71d273b96ef95c65f6d8d1e84f9,331d2131b84651f0a2930a3d53faeefad8701531,a39c83221c73e71d273b96ef95c65f6d8d1e84f9,a39c83221c73e71d273b96ef95c65f6d8d1e84f9,,recorded_adaptation_producer,,,,common_one_epoch,/mnt/shared/zechuan/iraod_artifacts/comparison/xaf_student_quant_20260908/formal_ports_manifests_a39c832/runtime.json,/mnt/shared/zechuan/iraod_artifacts/comparison/xaf_student_quant_20260908/formal_ports_runs_a39c832/rsar/am_noise_vertical/seed_44/methods/IRG/eval_full_am_noise_vertical_ids_v1/execution.json,[]
RSAR,am_noise_vertical,LPLD,42,ema,/mnt/shared/zechuan/iraod_artifacts/comparison/xaf_student_quant_20260908/formal_ports_runs_a39c832/rsar/am_noise_vertical/seed_42/methods/LPLD/eval_full_am_noise_vertical_ids_v1,/mnt/shared/zechuan/iraod_artifacts/comparison/xaf_student_quant_20260908/formal_ports_runs_a39c832/rsar/am_noise_vertical/seed_42/methods/LPLD/eval_full_am_noise_vertical_ids_v1/eval_20260908_224009.json,/mnt/shared/zechuan/iraod_artifacts/comparison/xaf_student_quant_20260908/formal_ports_runs_a39c832/rsar/am_noise_vertical/seed_42/methods/LPLD/eval_full_am_noise_vertical_ids_v1/predictions.pkl.image_ids.json,/mnt/SSD2_8TB/zechuan/IRAOD-New-rc331d213/configs/baseline/oriented_rcnn_orthonet_rsar.py,complete,0.2243628352880478,0.2243628352880478,[],8538,71562,/mnt/shared/zechuan/iraod_artifacts/comparison/xaf_student_quant_20260908/formal_ports_runs_a39c832/rsar/am_noise_vertical/seed_42/methods/LPLD/work/iter_266_ema.pth,e489f015cc2b67926a415436c97532ff814f826c4861b659cbc712fb9413b98c,,/mnt/shared/zechuan/iraod_artifacts/comparison/xaf_student_quant_20260908/formal_ports_runs_a39c832/rsar/am_noise_vertical/seed_42/methods/LPLD/eval_full_am_noise_vertical_ids_v1/eval_status,/mnt/shared/zechuan/iraod_artifacts/comparison/xaf_student_quant_20260908/formal_ports_runs_a39c832/rsar/am_noise_vertical/seed_42/methods/LPLD/eval_full_am_noise_vertical_ids_v1/class_ap.txt,/mnt/shared/zechuan/iraod_artifacts/comparison/xaf_student_quant_20260908/formal_ports_runs_a39c832/rsar/am_noise_vertical/seed_42/methods/LPLD/eval_full_am_noise_vertical_ids_v1/predictions.pkl,/mnt/shared/zechuan/iraod_artifacts/comparison/xaf_student_quant_20260908/formal_ports_runs_a39c832/rsar/am_noise_vertical/seed_42/methods/LPLD/eval_full_am_noise_vertical_ids_v1/pred_count.txt,a39c83221c73e71d273b96ef95c65f6d8d1e84f9,331d2131b84651f0a2930a3d53faeefad8701531,a39c83221c73e71d273b96ef95c65f6d8d1e84f9,a39c83221c73e71d273b96ef95c65f6d8d1e84f9,,recorded_adaptation_producer,,,,common_one_epoch,/mnt/shared/zechuan/iraod_artifacts/comparison/xaf_student_quant_20260908/formal_ports_manifests_a39c832/runtime.json,/mnt/shared/zechuan/iraod_artifacts/comparison/xaf_student_quant_20260908/formal_ports_runs_a39c832/rsar/am_noise_vertical/seed_42/methods/LPLD/eval_full_am_noise_vertical_ids_v1/execution.json,[]
RSAR,am_noise_vertical,LPLD,43,ema,/mnt/shared/zechuan/iraod_artifacts/comparison/xaf_student_quant_20260908/formal_ports_runs_a39c832/rsar/am_noise_vertical/seed_43/methods/LPLD/eval_full_am_noise_vertical_ids_v1,/mnt/shared/zechuan/iraod_artifacts/comparison/xaf_student_quant_20260908/formal_ports_runs_a39c832/rsar/am_noise_vertical/seed_43/methods/LPLD/eval_full_am_noise_vertical_ids_v1/eval_20260908_224416.json,/mnt/shared/zechuan/iraod_artifacts/comparison/xaf_student_quant_20260908/formal_ports_runs_a39c832/rsar/am_noise_vertical/seed_43/methods/LPLD/eval_full_am_noise_vertical_ids_v1/predictions.pkl.image_ids.json,/mnt/SSD2_8TB/zechuan/IRAOD-New-rc331d213/configs/baseline/oriented_rcnn_orthonet_rsar.py,complete,0.218233123421669,0.218233123421669,[],8538,59466,/mnt/shared/zechuan/iraod_artifacts/comparison/xaf_student_quant_20260908/formal_ports_runs_a39c832/rsar/am_noise_vertical/seed_43/methods/LPLD/work/iter_266_ema.pth,e489f015cc2b67926a415436c97532ff814f826c4861b659cbc712fb9413b98c,,/mnt/shared/zechuan/iraod_artifacts/comparison/xaf_student_quant_20260908/formal_ports_runs_a39c832/rsar/am_noise_vertical/seed_43/methods/LPLD/eval_full_am_noise_vertical_ids_v1/eval_status,/mnt/shared/zechuan/iraod_artifacts/comparison/xaf_student_quant_20260908/formal_ports_runs_a39c832/rsar/am_noise_vertical/seed_43/methods/LPLD/eval_full_am_noise_vertical_ids_v1/class_ap.txt,/mnt/shared/zechuan/iraod_artifacts/comparison/xaf_student_quant_20260908/formal_ports_runs_a39c832/rsar/am_noise_vertical/seed_43/methods/LPLD/eval_full_am_noise_vertical_ids_v1/predictions.pkl,/mnt/shared/zechuan/iraod_artifacts/comparison/xaf_student_quant_20260908/formal_ports_runs_a39c832/rsar/am_noise_vertical/seed_43/methods/LPLD/eval_full_am_noise_vertical_ids_v1/pred_count.txt,a39c83221c73e71d273b96ef95c65f6d8d1e84f9,331d2131b84651f0a2930a3d53faeefad8701531,a39c83221c73e71d273b96ef95c65f6d8d1e84f9,a39c83221c73e71d273b96ef95c65f6d8d1e84f9,,recorded_adaptation_producer,,,,common_one_epoch,/mnt/shared/zechuan/iraod_artifacts/comparison/xaf_student_quant_20260908/formal_ports_manifests_a39c832/runtime.json,/mnt/shared/zechuan/iraod_artifacts/comparison/xaf_student_quant_20260908/formal_ports_runs_a39c832/rsar/am_noise_vertical/seed_43/methods/LPLD/eval_full_am_noise_vertical_ids_v1/execution.json,[]
RSAR,am_noise_vertical,LPLD,44,ema,/mnt/shared/zechuan/iraod_artifacts/comparison/xaf_student_quant_20260908/formal_ports_runs_a39c832/rsar/am_noise_vertical/seed_44/methods/LPLD/eval_full_am_noise_vertical_ids_v1,/mnt/shared/zechuan/iraod_artifacts/comparison/xaf_student_quant_20260908/formal_ports_runs_a39c832/rsar/am_noise_vertical/seed_44/methods/LPLD/eval_full_am_noise_vertical_ids_v1/eval_20260908_224839.json,/mnt/shared/zechuan/iraod_artifacts/comparison/xaf_student_quant_20260908/formal_ports_runs_a39c832/rsar/am_noise_vertical/seed_44/methods/LPLD/eval_full_am_noise_vertical_ids_v1/predictions.pkl.image_ids.json,/mnt/SSD2_8TB/zechuan/IRAOD-New-rc331d213/configs/baseline/oriented_rcnn_orthonet_rsar.py,complete,0.17466510832309723,0.17466510832309723,[],8538,90236,/mnt/shared/zechuan/iraod_artifacts/comparison/xaf_student_quant_20260908/formal_ports_runs_a39c832/rsar/am_noise_vertical/seed_44/methods/LPLD/work/iter_266_ema.pth,e489f015cc2b67926a415436c97532ff814f826c4861b659cbc712fb9413b98c,,/mnt/shared/zechuan/iraod_artifacts/comparison/xaf_student_quant_20260908/formal_ports_runs_a39c832/rsar/am_noise_vertical/seed_44/methods/LPLD/eval_full_am_noise_vertical_ids_v1/eval_status,/mnt/shared/zechuan/iraod_artifacts/comparison/xaf_student_quant_20260908/formal_ports_runs_a39c832/rsar/am_noise_vertical/seed_44/methods/LPLD/eval_full_am_noise_vertical_ids_v1/class_ap.txt,/mnt/shared/zechuan/iraod_artifacts/comparison/xaf_student_quant_20260908/formal_ports_runs_a39c832/rsar/am_noise_vertical/seed_44/methods/LPLD/eval_full_am_noise_vertical_ids_v1/predictions.pkl,/mnt/shared/zechuan/iraod_artifacts/comparison/xaf_student_quant_20260908/formal_ports_runs_a39c832/rsar/am_noise_vertical/seed_44/methods/LPLD/eval_full_am_noise_vertical_ids_v1/pred_count.txt,a39c83221c73e71d273b96ef95c65f6d8d1e84f9,331d2131b84651f0a2930a3d53faeefad8701531,a39c83221c73e71d273b96ef95c65f6d8d1e84f9,a39c83221c73e71d273b96ef95c65f6d8d1e84f9,,recorded_adaptation_producer,,,,common_one_epoch,/mnt/shared/zechuan/iraod_artifacts/comparison/xaf_student_quant_20260908/formal_ports_manifests_a39c832/runtime.json,/mnt/shared/zechuan/iraod_artifacts/comparison/xaf_student_quant_20260908/formal_ports_runs_a39c832/rsar/am_noise_vertical/seed_44/methods/LPLD/eval_full_am_noise_vertical_ids_v1/execution.json,[]
RSAR,am_noise_vertical,SFUT,42,ema,/mnt/shared/zechuan/iraod_artifacts/comparison/xaf_student_quant_20260908/formal_ports_runs_a39c832/rsar/am_noise_vertical/seed_42/methods/SFUT/eval_full_am_noise_vertical_ids_v1,/mnt/shared/zechuan/iraod_artifacts/comparison/xaf_student_quant_20260908/formal_ports_runs_a39c832/rsar/am_noise_vertical/seed_42/methods/SFUT/eval_full_am_noise_vertical_ids_v1/eval_20260908_224147.json,/mnt/shared/zechuan/iraod_artifacts/comparison/xaf_student_quant_20260908/formal_ports_runs_a39c832/rsar/am_noise_vertical/seed_42/methods/SFUT/eval_full_am_noise_vertical_ids_v1/predictions.pkl.image_ids.json,/mnt/SSD2_8TB/zechuan/IRAOD-New-rc331d213/configs/baseline/oriented_rcnn_orthonet_rsar.py,complete,0.22235678136348724,0.22235678136348724,[],8538,79761,/mnt/shared/zechuan/iraod_artifacts/comparison/xaf_student_quant_20260908/formal_ports_runs_a39c832/rsar/am_noise_vertical/seed_42/methods/SFUT/work/iter_266_ema.pth,e489f015cc2b67926a415436c97532ff814f826c4861b659cbc712fb9413b98c,,/mnt/shared/zechuan/iraod_artifacts/comparison/xaf_student_quant_20260908/formal_ports_runs_a39c832/rsar/am_noise_vertical/seed_42/methods/SFUT/eval_full_am_noise_vertical_ids_v1/eval_status,/mnt/shared/zechuan/iraod_artifacts/comparison/xaf_student_quant_20260908/formal_ports_runs_a39c832/rsar/am_noise_vertical/seed_42/methods/SFUT/eval_full_am_noise_vertical_ids_v1/class_ap.txt,/mnt/shared/zechuan/iraod_artifacts/comparison/xaf_student_quant_20260908/formal_ports_runs_a39c832/rsar/am_noise_vertical/seed_42/methods/SFUT/eval_full_am_noise_vertical_ids_v1/predictions.pkl,/mnt/shared/zechuan/iraod_artifacts/comparison/xaf_student_quant_20260908/formal_ports_runs_a39c832/rsar/am_noise_vertical/seed_42/methods/SFUT/eval_full_am_noise_vertical_ids_v1/pred_count.txt,a39c83221c73e71d273b96ef95c65f6d8d1e84f9,331d2131b84651f0a2930a3d53faeefad8701531,a39c83221c73e71d273b96ef95c65f6d8d1e84f9,a39c83221c73e71d273b96ef95c65f6d8d1e84f9,,recorded_adaptation_producer,,,,common_one_epoch,/mnt/shared/zechuan/iraod_artifacts/comparison/xaf_student_quant_20260908/formal_ports_manifests_a39c832/runtime.json,/mnt/shared/zechuan/iraod_artifacts/comparison/xaf_student_quant_20260908/formal_ports_runs_a39c832/rsar/am_noise_vertical/seed_42/methods/SFUT/eval_full_am_noise_vertical_ids_v1/execution.json,[]
RSAR,am_noise_vertical,SFUT,43,ema,/mnt/shared/zechuan/iraod_artifacts/comparison/xaf_student_quant_20260908/formal_ports_runs_a39c832/rsar/am_noise_vertical/seed_43/methods/SFUT/eval_full_am_noise_vertical_ids_v1,/mnt/shared/zechuan/iraod_artifacts/comparison/xaf_student_quant_20260908/formal_ports_runs_a39c832/rsar/am_noise_vertical/seed_43/methods/SFUT/eval_full_am_noise_vertical_ids_v1/eval_20260908_224515.json,/mnt/shared/zechuan/iraod_artifacts/comparison/xaf_student_quant_20260908/formal_ports_runs_a39c832/rsar/am_noise_vertical/seed_43/methods/SFUT/eval_full_am_noise_vertical_ids_v1/predictions.pkl.image_ids.json,/mnt/SSD2_8TB/zechuan/IRAOD-New-rc331d213/configs/baseline/oriented_rcnn_orthonet_rsar.py,complete,0.22409702837467194,0.22409702837467194,[],8538,41530,/mnt/shared/zechuan/iraod_artifacts/comparison/xaf_student_quant_20260908/formal_ports_runs_a39c832/rsar/am_noise_vertical/seed_43/methods/SFUT/work/iter_266_ema.pth,e489f015cc2b67926a415436c97532ff814f826c4861b659cbc712fb9413b98c,,/mnt/shared/zechuan/iraod_artifacts/comparison/xaf_student_quant_20260908/formal_ports_runs_a39c832/rsar/am_noise_vertical/seed_43/methods/SFUT/eval_full_am_noise_vertical_ids_v1/eval_status,/mnt/shared/zechuan/iraod_artifacts/comparison/xaf_student_quant_20260908/formal_ports_runs_a39c832/rsar/am_noise_vertical/seed_43/methods/SFUT/eval_full_am_noise_vertical_ids_v1/class_ap.txt,/mnt/shared/zechuan/iraod_artifacts/comparison/xaf_student_quant_20260908/formal_ports_runs_a39c832/rsar/am_noise_vertical/seed_43/methods/SFUT/eval_full_am_noise_vertical_ids_v1/predictions.pkl,/mnt/shared/zechuan/iraod_artifacts/comparison/xaf_student_quant_20260908/formal_ports_runs_a39c832/rsar/am_noise_vertical/seed_43/methods/SFUT/eval_full_am_noise_vertical_ids_v1/pred_count.txt,a39c83221c73e71d273b96ef95c65f6d8d1e84f9,331d2131b84651f0a2930a3d53faeefad8701531,a39c83221c73e71d273b96ef95c65f6d8d1e84f9,a39c83221c73e71d273b96ef95c65f6d8d1e84f9,,recorded_adaptation_producer,,,,common_one_epoch,/mnt/shared/zechuan/iraod_artifacts/comparison/xaf_student_quant_20260908/formal_ports_manifests_a39c832/runtime.json,/mnt/shared/zechuan/iraod_artifacts/comparison/xaf_student_quant_20260908/formal_ports_runs_a39c832/rsar/am_noise_vertical/seed_43/methods/SFUT/eval_full_am_noise_vertical_ids_v1/execution.json,[]
RSAR,am_noise_vertical,SFUT,44,ema,/mnt/shared/zechuan/iraod_artifacts/comparison/xaf_student_quant_20260908/formal_ports_runs_a39c832/rsar/am_noise_vertical/seed_44/methods/SFUT/eval_full_am_noise_vertical_ids_v1,/mnt/shared/zechuan/iraod_artifacts/comparison/xaf_student_quant_20260908/formal_ports_runs_a39c832/rsar/am_noise_vertical/seed_44/methods/SFUT/eval_full_am_noise_vertical_ids_v1/eval_20260908_224913.json,/mnt/shared/zechuan/iraod_artifacts/comparison/xaf_student_quant_20260908/formal_ports_runs_a39c832/rsar/am_noise_vertical/seed_44/methods/SFUT/eval_full_am_noise_vertical_ids_v1/predictions.pkl.image_ids.json,/mnt/SSD2_8TB/zechuan/IRAOD-New-rc331d213/configs/baseline/oriented_rcnn_orthonet_rsar.py,complete,0.2338535338640213,0.2338535338640213,[],8538,71817,/mnt/shared/zechuan/iraod_artifacts/comparison/xaf_student_quant_20260908/formal_ports_runs_a39c832/rsar/am_noise_vertical/seed_44/methods/SFUT/work/iter_266_ema.pth,e489f015cc2b67926a415436c97532ff814f826c4861b659cbc712fb9413b98c,,/mnt/shared/zechuan/iraod_artifacts/comparison/xaf_student_quant_20260908/formal_ports_runs_a39c832/rsar/am_noise_vertical/seed_44/methods/SFUT/eval_full_am_noise_vertical_ids_v1/eval_status,/mnt/shared/zechuan/iraod_artifacts/comparison/xaf_student_quant_20260908/formal_ports_runs_a39c832/rsar/am_noise_vertical/seed_44/methods/SFUT/eval_full_am_noise_vertical_ids_v1/class_ap.txt,/mnt/shared/zechuan/iraod_artifacts/comparison/xaf_student_quant_20260908/formal_ports_runs_a39c832/rsar/am_noise_vertical/seed_44/methods/SFUT/eval_full_am_noise_vertical_ids_v1/predictions.pkl,/mnt/shared/zechuan/iraod_artifacts/comparison/xaf_student_quant_20260908/formal_ports_runs_a39c832/rsar/am_noise_vertical/seed_44/methods/SFUT/eval_full_am_noise_vertical_ids_v1/pred_count.txt,a39c83221c73e71d273b96ef95c65f6d8d1e84f9,331d2131b84651f0a2930a3d53faeefad8701531,a39c83221c73e71d273b96ef95c65f6d8d1e84f9,a39c83221c73e71d273b96ef95c65f6d8d1e84f9,,recorded_adaptation_producer,,,,common_one_epoch,/mnt/shared/zechuan/iraod_artifacts/comparison/xaf_student_quant_20260908/formal_ports_manifests_a39c832/runtime.json,/mnt/shared/zechuan/iraod_artifacts/comparison/xaf_student_quant_20260908/formal_ports_runs_a39c832/rsar/am_noise_vertical/seed_44/methods/SFUT/eval_full_am_noise_vertical_ids_v1/execution.json,[]
DIOR,clean,A,42,source,/mnt/shared/zechuan/iraod_artifacts/comparison/dior/clean/seed_42/0f98a48/methods/A/eval_full_clean_ids_v1,/mnt/shared/zechuan/iraod_artifacts/comparison/dior/clean/seed_42/0f98a48/methods/A/eval_full_clean_ids_v1/eval_20260907_191443.json,/mnt/shared/zechuan/iraod_artifacts/comparison/dior/clean/seed_42/0f98a48/methods/A/eval_full_clean_ids_v1/predictions.pkl.image_ids.json,/mnt/shared/zechuan/iraod_artifacts/dior_source/seed42-orthonet-ddp4-gpu4567-spg16-gbs64/reproducibility/resolved_config.py,complete,0.2948998510837555,0.2948998510837555,[],11738,317589,/mnt/shared/zechuan/iraod_artifacts/dior_source/seed42-orthonet-ddp4-gpu4567-spg16-gbs64/train/epoch_100.pth,74d7eafdc547976a86f8f35b2652dba384948e33ab5c15bb908fa3e54025782a,,/mnt/shared/zechuan/iraod_artifacts/comparison/dior/clean/seed_42/0f98a48/methods/A/eval_full_clean_ids_v1/eval_status,/mnt/shared/zechuan/iraod_artifacts/comparison/dior/clean/seed_42/0f98a48/methods/A/eval_full_clean_ids_v1/class_ap.txt,/mnt/shared/zechuan/iraod_artifacts/comparison/dior/clean/seed_42/0f98a48/methods/A/eval_full_clean_ids_v1/predictions.pkl,/mnt/shared/zechuan/iraod_artifacts/comparison/dior/clean/seed_42/0f98a48/methods/A/eval_full_clean_ids_v1/pred_count.txt,0f98a48b539f9260055fc305784ffbc924f50451,331d2131b84651f0a2930a3d53faeefad8701531,0f98a48b539f9260055fc305784ffbc924f50451,0f98a48b539f9260055fc305784ffbc924f50451,0f98a48b539f9260055fc305784ffbc924f50451,source_record_verified,,0.2948998510837555,/mnt/shared/zechuan/iraod_artifacts/comparison/xaf_student_quant_20260908/integration_code_752a139/results/paper_comparison/historical/seed42/dior_raw_results.csv,fixed_source,,,
DIOR,clean,IRG,42,ema,/mnt/shared/zechuan/iraod_artifacts/comparison/xaf_student_quant_20260908/formal_ports_runs_a39c832/dior/clean/seed_42/methods/IRG/eval_full_clean_ids_v1,/mnt/shared/zechuan/iraod_artifacts/comparison/xaf_student_quant_20260908/formal_ports_runs_a39c832/dior/clean/seed_42/methods/IRG/eval_full_clean_ids_v1/eval_20260908_225013.json,/mnt/shared/zechuan/iraod_artifacts/comparison/xaf_student_quant_20260908/formal_ports_runs_a39c832/dior/clean/seed_42/methods/IRG/eval_full_clean_ids_v1/predictions.pkl.image_ids.json,/mnt/shared/zechuan/iraod_artifacts/dior_source/seed42-orthonet-ddp4-gpu4567-spg16-gbs64/reproducibility/resolved_config.py,complete,0.2977253198623657,0.2977253198623657,[],11738,328589,/mnt/shared/zechuan/iraod_artifacts/comparison/xaf_student_quant_20260908/formal_ports_runs_a39c832/dior/clean/seed_42/methods/IRG/work/iter_185_ema.pth,74d7eafdc547976a86f8f35b2652dba384948e33ab5c15bb908fa3e54025782a,,/mnt/shared/zechuan/iraod_artifacts/comparison/xaf_student_quant_20260908/formal_ports_runs_a39c832/dior/clean/seed_42/methods/IRG/eval_full_clean_ids_v1/eval_status,/mnt/shared/zechuan/iraod_artifacts/comparison/xaf_student_quant_20260908/formal_ports_runs_a39c832/dior/clean/seed_42/methods/IRG/eval_full_clean_ids_v1/class_ap.txt,/mnt/shared/zechuan/iraod_artifacts/comparison/xaf_student_quant_20260908/formal_ports_runs_a39c832/dior/clean/seed_42/methods/IRG/eval_full_clean_ids_v1/predictions.pkl,/mnt/shared/zechuan/iraod_artifacts/comparison/xaf_student_quant_20260908/formal_ports_runs_a39c832/dior/clean/seed_42/methods/IRG/eval_full_clean_ids_v1/pred_count.txt,a39c83221c73e71d273b96ef95c65f6d8d1e84f9,331d2131b84651f0a2930a3d53faeefad8701531,a39c83221c73e71d273b96ef95c65f6d8d1e84f9,a39c83221c73e71d273b96ef95c65f6d8d1e84f9,,recorded_adaptation_producer,,,,common_one_epoch,/mnt/shared/zechuan/iraod_artifacts/comparison/xaf_student_quant_20260908/formal_ports_manifests_a39c832/runtime.json,/mnt/shared/zechuan/iraod_artifacts/comparison/xaf_student_quant_20260908/formal_ports_runs_a39c832/dior/clean/seed_42/methods/IRG/eval_full_clean_ids_v1/execution.json,[]
DIOR,clean,IRG,43,ema,/mnt/shared/zechuan/iraod_artifacts/comparison/xaf_student_quant_20260908/formal_ports_runs_a39c832/dior/clean/seed_43/methods/IRG/eval_full_clean_ids_v1,/mnt/shared/zechuan/iraod_artifacts/comparison/xaf_student_quant_20260908/formal_ports_runs_a39c832/dior/clean/seed_43/methods/IRG/eval_full_clean_ids_v1/eval_20260908_225409.json,/mnt/shared/zechuan/iraod_artifacts/comparison/xaf_student_quant_20260908/formal_ports_runs_a39c832/dior/clean/seed_43/methods/IRG/eval_full_clean_ids_v1/predictions.pkl.image_ids.json,/mnt/shared/zechuan/iraod_artifacts/dior_source/seed42-orthonet-ddp4-gpu4567-spg16-gbs64/reproducibility/resolved_config.py,complete,0.2974472641944885,0.2974472641944885,[],11738,318348,/mnt/shared/zechuan/iraod_artifacts/comparison/xaf_student_quant_20260908/formal_ports_runs_a39c832/dior/clean/seed_43/methods/IRG/work/iter_185_ema.pth,74d7eafdc547976a86f8f35b2652dba384948e33ab5c15bb908fa3e54025782a,,/mnt/shared/zechuan/iraod_artifacts/comparison/xaf_student_quant_20260908/formal_ports_runs_a39c832/dior/clean/seed_43/methods/IRG/eval_full_clean_ids_v1/eval_status,/mnt/shared/zechuan/iraod_artifacts/comparison/xaf_student_quant_20260908/formal_ports_runs_a39c832/dior/clean/seed_43/methods/IRG/eval_full_clean_ids_v1/class_ap.txt,/mnt/shared/zechuan/iraod_artifacts/comparison/xaf_student_quant_20260908/formal_ports_runs_a39c832/dior/clean/seed_43/methods/IRG/eval_full_clean_ids_v1/predictions.pkl,/mnt/shared/zechuan/iraod_artifacts/comparison/xaf_student_quant_20260908/formal_ports_runs_a39c832/dior/clean/seed_43/methods/IRG/eval_full_clean_ids_v1/pred_count.txt,a39c83221c73e71d273b96ef95c65f6d8d1e84f9,331d2131b84651f0a2930a3d53faeefad8701531,a39c83221c73e71d273b96ef95c65f6d8d1e84f9,a39c83221c73e71d273b96ef95c65f6d8d1e84f9,,recorded_adaptation_producer,,,,common_one_epoch,/mnt/shared/zechuan/iraod_artifacts/comparison/xaf_student_quant_20260908/formal_ports_manifests_a39c832/runtime.json,/mnt/shared/zechuan/iraod_artifacts/comparison/xaf_student_quant_20260908/formal_ports_runs_a39c832/dior/clean/seed_43/methods/IRG/eval_full_clean_ids_v1/execution.json,[]
DIOR,clean,IRG,44,ema,/mnt/shared/zechuan/iraod_artifacts/comparison/xaf_student_quant_20260908/formal_ports_runs_a39c832/dior/clean/seed_44/methods/IRG/eval_full_clean_ids_v1,/mnt/shared/zechuan/iraod_artifacts/comparison/xaf_student_quant_20260908/formal_ports_runs_a39c832/dior/clean/seed_44/methods/IRG/eval_full_clean_ids_v1/eval_20260908_230030.json,/mnt/shared/zechuan/iraod_artifacts/comparison/xaf_student_quant_20260908/formal_ports_runs_a39c832/dior/clean/seed_44/methods/IRG/eval_full_clean_ids_v1/predictions.pkl.image_ids.json,/mnt/shared/zechuan/iraod_artifacts/dior_source/seed42-orthonet-ddp4-gpu4567-spg16-gbs64/reproducibility/resolved_config.py,complete,0.2981176972389221,0.2981176972389221,[],11738,323954,/mnt/shared/zechuan/iraod_artifacts/comparison/xaf_student_quant_20260908/formal_ports_runs_a39c832/dior/clean/seed_44/methods/IRG/work/iter_185_ema.pth,74d7eafdc547976a86f8f35b2652dba384948e33ab5c15bb908fa3e54025782a,,/mnt/shared/zechuan/iraod_artifacts/comparison/xaf_student_quant_20260908/formal_ports_runs_a39c832/dior/clean/seed_44/methods/IRG/eval_full_clean_ids_v1/eval_status,/mnt/shared/zechuan/iraod_artifacts/comparison/xaf_student_quant_20260908/formal_ports_runs_a39c832/dior/clean/seed_44/methods/IRG/eval_full_clean_ids_v1/class_ap.txt,/mnt/shared/zechuan/iraod_artifacts/comparison/xaf_student_quant_20260908/formal_ports_runs_a39c832/dior/clean/seed_44/methods/IRG/eval_full_clean_ids_v1/predictions.pkl,/mnt/shared/zechuan/iraod_artifacts/comparison/xaf_student_quant_20260908/formal_ports_runs_a39c832/dior/clean/seed_44/methods/IRG/eval_full_clean_ids_v1/pred_count.txt,a39c83221c73e71d273b96ef95c65f6d8d1e84f9,331d2131b84651f0a2930a3d53faeefad8701531,a39c83221c73e71d273b96ef95c65f6d8d1e84f9,a39c83221c73e71d273b96ef95c65f6d8d1e84f9,,recorded_adaptation_producer,,,,common_one_epoch,/mnt/shared/zechuan/iraod_artifacts/comparison/xaf_student_quant_20260908/formal_ports_manifests_a39c832/runtime.json,/mnt/shared/zechuan/iraod_artifacts/comparison/xaf_student_quant_20260908/formal_ports_runs_a39c832/dior/clean/seed_44/methods/IRG/eval_full_clean_ids_v1/execution.json,[]
DIOR,clean,LPLD,42,ema,/mnt/shared/zechuan/iraod_artifacts/comparison/xaf_student_quant_20260908/formal_ports_runs_a39c832/dior/clean/seed_42/methods/LPLD/eval_full_clean_ids_v1,/mnt/shared/zechuan/iraod_artifacts/comparison/xaf_student_quant_20260908/formal_ports_runs_a39c832/dior/clean/seed_42/methods/LPLD/eval_full_clean_ids_v1/eval_20260908_225143.json,/mnt/shared/zechuan/iraod_artifacts/comparison/xaf_student_quant_20260908/formal_ports_runs_a39c832/dior/clean/seed_42/methods/LPLD/eval_full_clean_ids_v1/predictions.pkl.image_ids.json,/mnt/shared/zechuan/iraod_artifacts/dior_source/seed42-orthonet-ddp4-gpu4567-spg16-gbs64/reproducibility/resolved_config.py,complete,0.29699045419692993,0.29699045419692993,[],11738,344877,/mnt/shared/zechuan/iraod_artifacts/comparison/xaf_student_quant_20260908/formal_ports_runs_a39c832/dior/clean/seed_42/methods/LPLD/work/iter_185_ema.pth,74d7eafdc547976a86f8f35b2652dba384948e33ab5c15bb908fa3e54025782a,,/mnt/shared/zechuan/iraod_artifacts/comparison/xaf_student_quant_20260908/formal_ports_runs_a39c832/dior/clean/seed_42/methods/LPLD/eval_full_clean_ids_v1/eval_status,/mnt/shared/zechuan/iraod_artifacts/comparison/xaf_student_quant_20260908/formal_ports_runs_a39c832/dior/clean/seed_42/methods/LPLD/eval_full_clean_ids_v1/class_ap.txt,/mnt/shared/zechuan/iraod_artifacts/comparison/xaf_student_quant_20260908/formal_ports_runs_a39c832/dior/clean/seed_42/methods/LPLD/eval_full_clean_ids_v1/predictions.pkl,/mnt/shared/zechuan/iraod_artifacts/comparison/xaf_student_quant_20260908/formal_ports_runs_a39c832/dior/clean/seed_42/methods/LPLD/eval_full_clean_ids_v1/pred_count.txt,a39c83221c73e71d273b96ef95c65f6d8d1e84f9,331d2131b84651f0a2930a3d53faeefad8701531,a39c83221c73e71d273b96ef95c65f6d8d1e84f9,a39c83221c73e71d273b96ef95c65f6d8d1e84f9,,recorded_adaptation_producer,,,,common_one_epoch,/mnt/shared/zechuan/iraod_artifacts/comparison/xaf_student_quant_20260908/formal_ports_manifests_a39c832/runtime.json,/mnt/shared/zechuan/iraod_artifacts/comparison/xaf_student_quant_20260908/formal_ports_runs_a39c832/dior/clean/seed_42/methods/LPLD/eval_full_clean_ids_v1/execution.json,[]
DIOR,clean,LPLD,43,ema,/mnt/shared/zechuan/iraod_artifacts/comparison/xaf_student_quant_20260908/formal_ports_runs_a39c832/dior/clean/seed_43/methods/LPLD/eval_full_clean_ids_v1,/mnt/shared/zechuan/iraod_artifacts/comparison/xaf_student_quant_20260908/formal_ports_runs_a39c832/dior/clean/seed_43/methods/LPLD/eval_full_clean_ids_v1/eval_20260908_225704.json,/mnt/shared/zechuan/iraod_artifacts/comparison/xaf_student_quant_20260908/formal_ports_runs_a39c832/dior/clean/seed_43/methods/LPLD/eval_full_clean_ids_v1/predictions.pkl.image_ids.json,/mnt/shared/zechuan/iraod_artifacts/dior_source/seed42-orthonet-ddp4-gpu4567-spg16-gbs64/reproducibility/resolved_config.py,complete,0.2987978160381317,0.2987978160381317,[],11738,346302,/mnt/shared/zechuan/iraod_artifacts/comparison/xaf_student_quant_20260908/formal_ports_runs_a39c832/dior/clean/seed_43/methods/LPLD/work/iter_185_ema.pth,74d7eafdc547976a86f8f35b2652dba384948e33ab5c15bb908fa3e54025782a,,/mnt/shared/zechuan/iraod_artifacts/comparison/xaf_student_quant_20260908/formal_ports_runs_a39c832/dior/clean/seed_43/methods/LPLD/eval_full_clean_ids_v1/eval_status,/mnt/shared/zechuan/iraod_artifacts/comparison/xaf_student_quant_20260908/formal_ports_runs_a39c832/dior/clean/seed_43/methods/LPLD/eval_full_clean_ids_v1/class_ap.txt,/mnt/shared/zechuan/iraod_artifacts/comparison/xaf_student_quant_20260908/formal_ports_runs_a39c832/dior/clean/seed_43/methods/LPLD/eval_full_clean_ids_v1/predictions.pkl,/mnt/shared/zechuan/iraod_artifacts/comparison/xaf_student_quant_20260908/formal_ports_runs_a39c832/dior/clean/seed_43/methods/LPLD/eval_full_clean_ids_v1/pred_count.txt,a39c83221c73e71d273b96ef95c65f6d8d1e84f9,331d2131b84651f0a2930a3d53faeefad8701531,a39c83221c73e71d273b96ef95c65f6d8d1e84f9,a39c83221c73e71d273b96ef95c65f6d8d1e84f9,,recorded_adaptation_producer,,,,common_one_epoch,/mnt/shared/zechuan/iraod_artifacts/comparison/xaf_student_quant_20260908/formal_ports_manifests_a39c832/runtime.json,/mnt/shared/zechuan/iraod_artifacts/comparison/xaf_student_quant_20260908/formal_ports_runs_a39c832/dior/clean/seed_43/methods/LPLD/eval_full_clean_ids_v1/execution.json,[]
DIOR,clean,LPLD,44,ema,/mnt/shared/zechuan/iraod_artifacts/comparison/xaf_student_quant_20260908/formal_ports_runs_a39c832/dior/clean/seed_44/methods/LPLD/eval_full_clean_ids_v1,/mnt/shared/zechuan/iraod_artifacts/comparison/xaf_student_quant_20260908/formal_ports_runs_a39c832/dior/clean/seed_44/methods/LPLD/eval_full_clean_ids_v1/eval_20260908_230106.json,/mnt/shared/zechuan/iraod_artifacts/comparison/xaf_student_quant_20260908/formal_ports_runs_a39c832/dior/clean/seed_44/methods/LPLD/eval_full_clean_ids_v1/predictions.pkl.image_ids.json,/mnt/shared/zechuan/iraod_artifacts/dior_source/seed42-orthonet-ddp4-gpu4567-spg16-gbs64/reproducibility/resolved_config.py,complete,0.30009952187538147,0.30009952187538147,[],11738,332721,/mnt/shared/zechuan/iraod_artifacts/comparison/xaf_student_quant_20260908/formal_ports_runs_a39c832/dior/clean/seed_44/methods/LPLD/work/iter_185_ema.pth,74d7eafdc547976a86f8f35b2652dba384948e33ab5c15bb908fa3e54025782a,,/mnt/shared/zechuan/iraod_artifacts/comparison/xaf_student_quant_20260908/formal_ports_runs_a39c832/dior/clean/seed_44/methods/LPLD/eval_full_clean_ids_v1/eval_status,/mnt/shared/zechuan/iraod_artifacts/comparison/xaf_student_quant_20260908/formal_ports_runs_a39c832/dior/clean/seed_44/methods/LPLD/eval_full_clean_ids_v1/class_ap.txt,/mnt/shared/zechuan/iraod_artifacts/comparison/xaf_student_quant_20260908/formal_ports_runs_a39c832/dior/clean/seed_44/methods/LPLD/eval_full_clean_ids_v1/predictions.pkl,/mnt/shared/zechuan/iraod_artifacts/comparison/xaf_student_quant_20260908/formal_ports_runs_a39c832/dior/clean/seed_44/methods/LPLD/eval_full_clean_ids_v1/pred_count.txt,a39c83221c73e71d273b96ef95c65f6d8d1e84f9,331d2131b84651f0a2930a3d53faeefad8701531,a39c83221c73e71d273b96ef95c65f6d8d1e84f9,a39c83221c73e71d273b96ef95c65f6d8d1e84f9,,recorded_adaptation_producer,,,,common_one_epoch,/mnt/shared/zechuan/iraod_artifacts/comparison/xaf_student_quant_20260908/formal_ports_manifests_a39c832/runtime.json,/mnt/shared/zechuan/iraod_artifacts/comparison/xaf_student_quant_20260908/formal_ports_runs_a39c832/dior/clean/seed_44/methods/LPLD/eval_full_clean_ids_v1/execution.json,[]
DIOR,clean,SFUT,42,ema,/mnt/shared/zechuan/iraod_artifacts/comparison/xaf_student_quant_20260908/formal_ports_runs_a39c832/dior/clean/seed_42/methods/SFUT/eval_full_clean_ids_v1,/mnt/shared/zechuan/iraod_artifacts/comparison/xaf_student_quant_20260908/formal_ports_runs_a39c832/dior/clean/seed_42/methods/SFUT/eval_full_clean_ids_v1/eval_20260908_225332.json,/mnt/shared/zechuan/iraod_artifacts/comparison/xaf_student_quant_20260908/formal_ports_runs_a39c832/dior/clean/seed_42/methods/SFUT/eval_full_clean_ids_v1/predictions.pkl.image_ids.json,/mnt/shared/zechuan/iraod_artifacts/dior_source/seed42-orthonet-ddp4-gpu4567-spg16-gbs64/reproducibility/resolved_config.py,complete,0.2961321473121643,0.2961321473121643,[],11738,317572,/mnt/shared/zechuan/iraod_artifacts/comparison/xaf_student_quant_20260908/formal_ports_runs_a39c832/dior/clean/seed_42/methods/SFUT/work/iter_185_ema.pth,74d7eafdc547976a86f8f35b2652dba384948e33ab5c15bb908fa3e54025782a,,/mnt/shared/zechuan/iraod_artifacts/comparison/xaf_student_quant_20260908/formal_ports_runs_a39c832/dior/clean/seed_42/methods/SFUT/eval_full_clean_ids_v1/eval_status,/mnt/shared/zechuan/iraod_artifacts/comparison/xaf_student_quant_20260908/formal_ports_runs_a39c832/dior/clean/seed_42/methods/SFUT/eval_full_clean_ids_v1/class_ap.txt,/mnt/shared/zechuan/iraod_artifacts/comparison/xaf_student_quant_20260908/formal_ports_runs_a39c832/dior/clean/seed_42/methods/SFUT/eval_full_clean_ids_v1/predictions.pkl,/mnt/shared/zechuan/iraod_artifacts/comparison/xaf_student_quant_20260908/formal_ports_runs_a39c832/dior/clean/seed_42/methods/SFUT/eval_full_clean_ids_v1/pred_count.txt,a39c83221c73e71d273b96ef95c65f6d8d1e84f9,331d2131b84651f0a2930a3d53faeefad8701531,a39c83221c73e71d273b96ef95c65f6d8d1e84f9,a39c83221c73e71d273b96ef95c65f6d8d1e84f9,,recorded_adaptation_producer,,,,common_one_epoch,/mnt/shared/zechuan/iraod_artifacts/comparison/xaf_student_quant_20260908/formal_ports_manifests_a39c832/runtime.json,/mnt/shared/zechuan/iraod_artifacts/comparison/xaf_student_quant_20260908/formal_ports_runs_a39c832/dior/clean/seed_42/methods/SFUT/eval_full_clean_ids_v1/execution.json,[]
DIOR,clean,SFUT,43,ema,/mnt/shared/zechuan/iraod_artifacts/comparison/xaf_student_quant_20260908/formal_ports_runs_a39c832/dior/clean/seed_43/methods/SFUT/eval_full_clean_ids_v1,/mnt/shared/zechuan/iraod_artifacts/comparison/xaf_student_quant_20260908/formal_ports_runs_a39c832/dior/clean/seed_43/methods/SFUT/eval_full_clean_ids_v1/eval_20260908_225834.json,/mnt/shared/zechuan/iraod_artifacts/comparison/xaf_student_quant_20260908/formal_ports_runs_a39c832/dior/clean/seed_43/methods/SFUT/eval_full_clean_ids_v1/predictions.pkl.image_ids.json,/mnt/shared/zechuan/iraod_artifacts/dior_source/seed42-orthonet-ddp4-gpu4567-spg16-gbs64/reproducibility/resolved_config.py,complete,0.2959408760070801,0.2959408760070801,[],11738,316980,/mnt/shared/zechuan/iraod_artifacts/comparison/xaf_student_quant_20260908/formal_ports_runs_a39c832/dior/clean/seed_43/methods/SFUT/work/iter_185_ema.pth,74d7eafdc547976a86f8f35b2652dba384948e33ab5c15bb908fa3e54025782a,,/mnt/shared/zechuan/iraod_artifacts/comparison/xaf_student_quant_20260908/formal_ports_runs_a39c832/dior/clean/seed_43/methods/SFUT/eval_full_clean_ids_v1/eval_status,/mnt/shared/zechuan/iraod_artifacts/comparison/xaf_student_quant_20260908/formal_ports_runs_a39c832/dior/clean/seed_43/methods/SFUT/eval_full_clean_ids_v1/class_ap.txt,/mnt/shared/zechuan/iraod_artifacts/comparison/xaf_student_quant_20260908/formal_ports_runs_a39c832/dior/clean/seed_43/methods/SFUT/eval_full_clean_ids_v1/predictions.pkl,/mnt/shared/zechuan/iraod_artifacts/comparison/xaf_student_quant_20260908/formal_ports_runs_a39c832/dior/clean/seed_43/methods/SFUT/eval_full_clean_ids_v1/pred_count.txt,a39c83221c73e71d273b96ef95c65f6d8d1e84f9,331d2131b84651f0a2930a3d53faeefad8701531,a39c83221c73e71d273b96ef95c65f6d8d1e84f9,a39c83221c73e71d273b96ef95c65f6d8d1e84f9,,recorded_adaptation_producer,,,,common_one_epoch,/mnt/shared/zechuan/iraod_artifacts/comparison/xaf_student_quant_20260908/formal_ports_manifests_a39c832/runtime.json,/mnt/shared/zechuan/iraod_artifacts/comparison/xaf_student_quant_20260908/formal_ports_runs_a39c832/dior/clean/seed_43/methods/SFUT/eval_full_clean_ids_v1/execution.json,[]
DIOR,clean,SFUT,44,ema,/mnt/shared/zechuan/iraod_artifacts/comparison/xaf_student_quant_20260908/formal_ports_runs_a39c832/dior/clean/seed_44/methods/SFUT/eval_full_clean_ids_v1,/mnt/shared/zechuan/iraod_artifacts/comparison/xaf_student_quant_20260908/formal_ports_runs_a39c832/dior/clean/seed_44/methods/SFUT/eval_full_clean_ids_v1/eval_20260908_230349.json,/mnt/shared/zechuan/iraod_artifacts/comparison/xaf_student_quant_20260908/formal_ports_runs_a39c832/dior/clean/seed_44/methods/SFUT/eval_full_clean_ids_v1/predictions.pkl.image_ids.json,/mnt/shared/zechuan/iraod_artifacts/dior_source/seed42-orthonet-ddp4-gpu4567-spg16-gbs64/reproducibility/resolved_config.py,complete,0.29589706659317017,0.29589706659317017,[],11738,317786,/mnt/shared/zechuan/iraod_artifacts/comparison/xaf_student_quant_20260908/formal_ports_runs_a39c832/dior/clean/seed_44/methods/SFUT/work/iter_185_ema.pth,74d7eafdc547976a86f8f35b2652dba384948e33ab5c15bb908fa3e54025782a,,/mnt/shared/zechuan/iraod_artifacts/comparison/xaf_student_quant_20260908/formal_ports_runs_a39c832/dior/clean/seed_44/methods/SFUT/eval_full_clean_ids_v1/eval_status,/mnt/shared/zechuan/iraod_artifacts/comparison/xaf_student_quant_20260908/formal_ports_runs_a39c832/dior/clean/seed_44/methods/SFUT/eval_full_clean_ids_v1/class_ap.txt,/mnt/shared/zechuan/iraod_artifacts/comparison/xaf_student_quant_20260908/formal_ports_runs_a39c832/dior/clean/seed_44/methods/SFUT/eval_full_clean_ids_v1/predictions.pkl,/mnt/shared/zechuan/iraod_artifacts/comparison/xaf_student_quant_20260908/formal_ports_runs_a39c832/dior/clean/seed_44/methods/SFUT/eval_full_clean_ids_v1/pred_count.txt,a39c83221c73e71d273b96ef95c65f6d8d1e84f9,331d2131b84651f0a2930a3d53faeefad8701531,a39c83221c73e71d273b96ef95c65f6d8d1e84f9,a39c83221c73e71d273b96ef95c65f6d8d1e84f9,,recorded_adaptation_producer,,,,common_one_epoch,/mnt/shared/zechuan/iraod_artifacts/comparison/xaf_student_quant_20260908/formal_ports_manifests_a39c832/runtime.json,/mnt/shared/zechuan/iraod_artifacts/comparison/xaf_student_quant_20260908/formal_ports_runs_a39c832/dior/clean/seed_44/methods/SFUT/eval_full_clean_ids_v1/execution.json,[]
DIOR,brightness,A,42,source,/mnt/shared/zechuan/iraod_artifacts/comparison/dior/brightness/seed_42/0f98a48/methods/A/eval_full_brightness_ids_v1,/mnt/shared/zechuan/iraod_artifacts/comparison/dior/brightness/seed_42/0f98a48/methods/A/eval_full_brightness_ids_v1/eval_20260907_203847.json,/mnt/shared/zechuan/iraod_artifacts/comparison/dior/brightness/seed_42/0f98a48/methods/A/eval_full_brightness_ids_v1/predictions.pkl.image_ids.json,/mnt/shared/zechuan/iraod_artifacts/dior_source/seed42-orthonet-ddp4-gpu4567-spg16-gbs64/reproducibility/resolved_config.py,complete,0.2416841983795166,0.2416841983795166,[],11738,314788,/mnt/shared/zechuan/iraod_artifacts/dior_source/seed42-orthonet-ddp4-gpu4567-spg16-gbs64/train/epoch_100.pth,74d7eafdc547976a86f8f35b2652dba384948e33ab5c15bb908fa3e54025782a,,/mnt/shared/zechuan/iraod_artifacts/comparison/dior/brightness/seed_42/0f98a48/methods/A/eval_full_brightness_ids_v1/eval_status,/mnt/shared/zechuan/iraod_artifacts/comparison/dior/brightness/seed_42/0f98a48/methods/A/eval_full_brightness_ids_v1/class_ap.txt,/mnt/shared/zechuan/iraod_artifacts/comparison/dior/brightness/seed_42/0f98a48/methods/A/eval_full_brightness_ids_v1/predictions.pkl,/mnt/shared/zechuan/iraod_artifacts/comparison/dior/brightness/seed_42/0f98a48/methods/A/eval_full_brightness_ids_v1/pred_count.txt,0f98a48b539f9260055fc305784ffbc924f50451,331d2131b84651f0a2930a3d53faeefad8701531,0f98a48b539f9260055fc305784ffbc924f50451,0f98a48b539f9260055fc305784ffbc924f50451,0f98a48b539f9260055fc305784ffbc924f50451,source_record_verified,,0.2416841983795166,/mnt/shared/zechuan/iraod_artifacts/comparison/xaf_student_quant_20260908/integration_code_752a139/results/paper_comparison/historical/seed42/dior_raw_results.csv,fixed_source,,,
DIOR,brightness,IRG,42,ema,/mnt/shared/zechuan/iraod_artifacts/comparison/xaf_student_quant_20260908/formal_ports_runs_a39c832/dior/brightness/seed_42/methods/IRG/eval_full_brightness_ids_v1,/mnt/shared/zechuan/iraod_artifacts/comparison/xaf_student_quant_20260908/formal_ports_runs_a39c832/dior/brightness/seed_42/methods/IRG/eval_full_brightness_ids_v1/eval_20260908_230539.json,/mnt/shared/zechuan/iraod_artifacts/comparison/xaf_student_quant_20260908/formal_ports_runs_a39c832/dior/brightness/seed_42/methods/IRG/eval_full_brightness_ids_v1/predictions.pkl.image_ids.json,/mnt/shared/zechuan/iraod_artifacts/dior_source/seed42-orthonet-ddp4-gpu4567-spg16-gbs64/reproducibility/resolved_config.py,complete,0.24452261626720428,0.24452261626720428,[],11738,318684,/mnt/shared/zechuan/iraod_artifacts/comparison/xaf_student_quant_20260908/formal_ports_runs_a39c832/dior/brightness/seed_42/methods/IRG/work/iter_185_ema.pth,74d7eafdc547976a86f8f35b2652dba384948e33ab5c15bb908fa3e54025782a,,/mnt/shared/zechuan/iraod_artifacts/comparison/xaf_student_quant_20260908/formal_ports_runs_a39c832/dior/brightness/seed_42/methods/IRG/eval_full_brightness_ids_v1/eval_status,/mnt/shared/zechuan/iraod_artifacts/comparison/xaf_student_quant_20260908/formal_ports_runs_a39c832/dior/brightness/seed_42/methods/IRG/eval_full_brightness_ids_v1/class_ap.txt,/mnt/shared/zechuan/iraod_artifacts/comparison/xaf_student_quant_20260908/formal_ports_runs_a39c832/dior/brightness/seed_42/methods/IRG/eval_full_brightness_ids_v1/predictions.pkl,/mnt/shared/zechuan/iraod_artifacts/comparison/xaf_student_quant_20260908/formal_ports_runs_a39c832/dior/brightness/seed_42/methods/IRG/eval_full_brightness_ids_v1/pred_count.txt,a39c83221c73e71d273b96ef95c65f6d8d1e84f9,331d2131b84651f0a2930a3d53faeefad8701531,a39c83221c73e71d273b96ef95c65f6d8d1e84f9,a39c83221c73e71d273b96ef95c65f6d8d1e84f9,,recorded_adaptation_producer,,,,common_one_epoch,/mnt/shared/zechuan/iraod_artifacts/comparison/xaf_student_quant_20260908/formal_ports_manifests_a39c832/runtime.json,/mnt/shared/zechuan/iraod_artifacts/comparison/xaf_student_quant_20260908/formal_ports_runs_a39c832/dior/brightness/seed_42/methods/IRG/eval_full_brightness_ids_v1/execution.json,[]
DIOR,brightness,IRG,43,ema,/mnt/shared/zechuan/iraod_artifacts/comparison/xaf_student_quant_20260908/formal_ports_runs_a39c832/dior/brightness/seed_43/methods/IRG/eval_full_brightness_ids_v1,/mnt/shared/zechuan/iraod_artifacts/comparison/xaf_student_quant_20260908/formal_ports_runs_a39c832/dior/brightness/seed_43/methods/IRG/eval_full_brightness_ids_v1/eval_20260908_231049.json,/mnt/shared/zechuan/iraod_artifacts/comparison/xaf_student_quant_20260908/formal_ports_runs_a39c832/dior/brightness/seed_43/methods/IRG/eval_full_brightness_ids_v1/predictions.pkl.image_ids.json,/mnt/shared/zechuan/iraod_artifacts/dior_source/seed42-orthonet-ddp4-gpu4567-spg16-gbs64/reproducibility/resolved_config.py,complete,0.2431912124156952,0.2431912124156952,[],11738,315885,/mnt/shared/zechuan/iraod_artifacts/comparison/xaf_student_quant_20260908/formal_ports_runs_a39c832/dior/brightness/seed_43/methods/IRG/work/iter_185_ema.pth,74d7eafdc547976a86f8f35b2652dba384948e33ab5c15bb908fa3e54025782a,,/mnt/shared/zechuan/iraod_artifacts/comparison/xaf_student_quant_20260908/formal_ports_runs_a39c832/dior/brightness/seed_43/methods/IRG/eval_full_brightness_ids_v1/eval_status,/mnt/shared/zechuan/iraod_artifacts/comparison/xaf_student_quant_20260908/formal_ports_runs_a39c832/dior/brightness/seed_43/methods/IRG/eval_full_brightness_ids_v1/class_ap.txt,/mnt/shared/zechuan/iraod_artifacts/comparison/xaf_student_quant_20260908/formal_ports_runs_a39c832/dior/brightness/seed_43/methods/IRG/eval_full_brightness_ids_v1/predictions.pkl,/mnt/shared/zechuan/iraod_artifacts/comparison/xaf_student_quant_20260908/formal_ports_runs_a39c832/dior/brightness/seed_43/methods/IRG/eval_full_brightness_ids_v1/pred_count.txt,a39c83221c73e71d273b96ef95c65f6d8d1e84f9,331d2131b84651f0a2930a3d53faeefad8701531,a39c83221c73e71d273b96ef95c65f6d8d1e84f9,a39c83221c73e71d273b96ef95c65f6d8d1e84f9,,recorded_adaptation_producer,,,,common_one_epoch,/mnt/shared/zechuan/iraod_artifacts/comparison/xaf_student_quant_20260908/formal_ports_manifests_a39c832/runtime.json,/mnt/shared/zechuan/iraod_artifacts/comparison/xaf_student_quant_20260908/formal_ports_runs_a39c832/dior/brightness/seed_43/methods/IRG/eval_full_brightness_ids_v1/execution.json,[]
DIOR,brightness,IRG,44,ema,/mnt/shared/zechuan/iraod_artifacts/comparison/xaf_student_quant_20260908/formal_ports_runs_a39c832/dior/brightness/seed_44/methods/IRG/eval_full_brightness_ids_v1,/mnt/shared/zechuan/iraod_artifacts/comparison/xaf_student_quant_20260908/formal_ports_runs_a39c832/dior/brightness/seed_44/methods/IRG/eval_full_brightness_ids_v1/eval_20260908_231458.json,/mnt/shared/zechuan/iraod_artifacts/comparison/xaf_student_quant_20260908/formal_ports_runs_a39c832/dior/brightness/seed_44/methods/IRG/eval_full_brightness_ids_v1/predictions.pkl.image_ids.json,/mnt/shared/zechuan/iraod_artifacts/dior_source/seed42-orthonet-ddp4-gpu4567-spg16-gbs64/reproducibility/resolved_config.py,complete,0.2449609339237213,0.2449609339237213,[],11738,310706,/mnt/shared/zechuan/iraod_artifacts/comparison/xaf_student_quant_20260908/formal_ports_runs_a39c832/dior/brightness/seed_44/methods/IRG/work/iter_185_ema.pth,74d7eafdc547976a86f8f35b2652dba384948e33ab5c15bb908fa3e54025782a,,/mnt/shared/zechuan/iraod_artifacts/comparison/xaf_student_quant_20260908/formal_ports_runs_a39c832/dior/brightness/seed_44/methods/IRG/eval_full_brightness_ids_v1/eval_status,/mnt/shared/zechuan/iraod_artifacts/comparison/xaf_student_quant_20260908/formal_ports_runs_a39c832/dior/brightness/seed_44/methods/IRG/eval_full_brightness_ids_v1/class_ap.txt,/mnt/shared/zechuan/iraod_artifacts/comparison/xaf_student_quant_20260908/formal_ports_runs_a39c832/dior/brightness/seed_44/methods/IRG/eval_full_brightness_ids_v1/predictions.pkl,/mnt/shared/zechuan/iraod_artifacts/comparison/xaf_student_quant_20260908/formal_ports_runs_a39c832/dior/brightness/seed_44/methods/IRG/eval_full_brightness_ids_v1/pred_count.txt,a39c83221c73e71d273b96ef95c65f6d8d1e84f9,331d2131b84651f0a2930a3d53faeefad8701531,a39c83221c73e71d273b96ef95c65f6d8d1e84f9,a39c83221c73e71d273b96ef95c65f6d8d1e84f9,,recorded_adaptation_producer,,,,common_one_epoch,/mnt/shared/zechuan/iraod_artifacts/comparison/xaf_student_quant_20260908/formal_ports_manifests_a39c832/runtime.json,/mnt/shared/zechuan/iraod_artifacts/comparison/xaf_student_quant_20260908/formal_ports_runs_a39c832/dior/brightness/seed_44/methods/IRG/eval_full_brightness_ids_v1/execution.json,[]
DIOR,brightness,LPLD,42,ema,/mnt/shared/zechuan/iraod_artifacts/comparison/xaf_student_quant_20260908/formal_ports_runs_a39c832/dior/brightness/seed_42/methods/LPLD/eval_full_brightness_ids_v1,/mnt/shared/zechuan/iraod_artifacts/comparison/xaf_student_quant_20260908/formal_ports_runs_a39c832/dior/brightness/seed_42/methods/LPLD/eval_full_brightness_ids_v1/eval_20260908_230719.json,/mnt/shared/zechuan/iraod_artifacts/comparison/xaf_student_quant_20260908/formal_ports_runs_a39c832/dior/brightness/seed_42/methods/LPLD/eval_full_brightness_ids_v1/predictions.pkl.image_ids.json,/mnt/shared/zechuan/iraod_artifacts/dior_source/seed42-orthonet-ddp4-gpu4567-spg16-gbs64/reproducibility/resolved_config.py,complete,0.24748721718788147,0.24748721718788147,[],11738,327098,/mnt/shared/zechuan/iraod_artifacts/comparison/xaf_student_quant_20260908/formal_ports_runs_a39c832/dior/brightness/seed_42/methods/LPLD/work/iter_185_ema.pth,74d7eafdc547976a86f8f35b2652dba384948e33ab5c15bb908fa3e54025782a,,/mnt/shared/zechuan/iraod_artifacts/comparison/xaf_student_quant_20260908/formal_ports_runs_a39c832/dior/brightness/seed_42/methods/LPLD/eval_full_brightness_ids_v1/eval_status,/mnt/shared/zechuan/iraod_artifacts/comparison/xaf_student_quant_20260908/formal_ports_runs_a39c832/dior/brightness/seed_42/methods/LPLD/eval_full_brightness_ids_v1/class_ap.txt,/mnt/shared/zechuan/iraod_artifacts/comparison/xaf_student_quant_20260908/formal_ports_runs_a39c832/dior/brightness/seed_42/methods/LPLD/eval_full_brightness_ids_v1/predictions.pkl,/mnt/shared/zechuan/iraod_artifacts/comparison/xaf_student_quant_20260908/formal_ports_runs_a39c832/dior/brightness/seed_42/methods/LPLD/eval_full_brightness_ids_v1/pred_count.txt,a39c83221c73e71d273b96ef95c65f6d8d1e84f9,331d2131b84651f0a2930a3d53faeefad8701531,a39c83221c73e71d273b96ef95c65f6d8d1e84f9,a39c83221c73e71d273b96ef95c65f6d8d1e84f9,,recorded_adaptation_producer,,,,common_one_epoch,/mnt/shared/zechuan/iraod_artifacts/comparison/xaf_student_quant_20260908/formal_ports_manifests_a39c832/runtime.json,/mnt/shared/zechuan/iraod_artifacts/comparison/xaf_student_quant_20260908/formal_ports_runs_a39c832/dior/brightness/seed_42/methods/LPLD/eval_full_brightness_ids_v1/execution.json,[]
DIOR,brightness,LPLD,43,ema,/mnt/shared/zechuan/iraod_artifacts/comparison/xaf_student_quant_20260908/formal_ports_runs_a39c832/dior/brightness/seed_43/methods/LPLD/eval_full_brightness_ids_v1,/mnt/shared/zechuan/iraod_artifacts/comparison/xaf_student_quant_20260908/formal_ports_runs_a39c832/dior/brightness/seed_43/methods/LPLD/eval_full_brightness_ids_v1/eval_20260908_231225.json,/mnt/shared/zechuan/iraod_artifacts/comparison/xaf_student_quant_20260908/formal_ports_runs_a39c832/dior/brightness/seed_43/methods/LPLD/eval_full_brightness_ids_v1/predictions.pkl.image_ids.json,/mnt/shared/zechuan/iraod_artifacts/dior_source/seed42-orthonet-ddp4-gpu4567-spg16-gbs64/reproducibility/resolved_config.py,complete,0.24826109409332275,0.24826109409332275,[],11738,342224,/mnt/shared/zechuan/iraod_artifacts/comparison/xaf_student_quant_20260908/formal_ports_runs_a39c832/dior/brightness/seed_43/methods/LPLD/work/iter_185_ema.pth,74d7eafdc547976a86f8f35b2652dba384948e33ab5c15bb908fa3e54025782a,,/mnt/shared/zechuan/iraod_artifacts/comparison/xaf_student_quant_20260908/formal_ports_runs_a39c832/dior/brightness/seed_43/methods/LPLD/eval_full_brightness_ids_v1/eval_status,/mnt/shared/zechuan/iraod_artifacts/comparison/xaf_student_quant_20260908/formal_ports_runs_a39c832/dior/brightness/seed_43/methods/LPLD/eval_full_brightness_ids_v1/class_ap.txt,/mnt/shared/zechuan/iraod_artifacts/comparison/xaf_student_quant_20260908/formal_ports_runs_a39c832/dior/brightness/seed_43/methods/LPLD/eval_full_brightness_ids_v1/predictions.pkl,/mnt/shared/zechuan/iraod_artifacts/comparison/xaf_student_quant_20260908/formal_ports_runs_a39c832/dior/brightness/seed_43/methods/LPLD/eval_full_brightness_ids_v1/pred_count.txt,a39c83221c73e71d273b96ef95c65f6d8d1e84f9,331d2131b84651f0a2930a3d53faeefad8701531,a39c83221c73e71d273b96ef95c65f6d8d1e84f9,a39c83221c73e71d273b96ef95c65f6d8d1e84f9,,recorded_adaptation_producer,,,,common_one_epoch,/mnt/shared/zechuan/iraod_artifacts/comparison/xaf_student_quant_20260908/formal_ports_manifests_a39c832/runtime.json,/mnt/shared/zechuan/iraod_artifacts/comparison/xaf_student_quant_20260908/formal_ports_runs_a39c832/dior/brightness/seed_43/methods/LPLD/eval_full_brightness_ids_v1/execution.json,[]
DIOR,brightness,LPLD,44,ema,/mnt/shared/zechuan/iraod_artifacts/comparison/xaf_student_quant_20260908/formal_ports_runs_a39c832/dior/brightness/seed_44/methods/LPLD/eval_full_brightness_ids_v1,/mnt/shared/zechuan/iraod_artifacts/comparison/xaf_student_quant_20260908/formal_ports_runs_a39c832/dior/brightness/seed_44/methods/LPLD/eval_full_brightness_ids_v1/eval_20260908_231747.json,/mnt/shared/zechuan/iraod_artifacts/comparison/xaf_student_quant_20260908/formal_ports_runs_a39c832/dior/brightness/seed_44/methods/LPLD/eval_full_brightness_ids_v1/predictions.pkl.image_ids.json,/mnt/shared/zechuan/iraod_artifacts/dior_source/seed42-orthonet-ddp4-gpu4567-spg16-gbs64/reproducibility/resolved_config.py,complete,0.24773254990577698,0.24773254990577698,[],11738,318590,/mnt/shared/zechuan/iraod_artifacts/comparison/xaf_student_quant_20260908/formal_ports_runs_a39c832/dior/brightness/seed_44/methods/LPLD/work/iter_185_ema.pth,74d7eafdc547976a86f8f35b2652dba384948e33ab5c15bb908fa3e54025782a,,/mnt/shared/zechuan/iraod_artifacts/comparison/xaf_student_quant_20260908/formal_ports_runs_a39c832/dior/brightness/seed_44/methods/LPLD/eval_full_brightness_ids_v1/eval_status,/mnt/shared/zechuan/iraod_artifacts/comparison/xaf_student_quant_20260908/formal_ports_runs_a39c832/dior/brightness/seed_44/methods/LPLD/eval_full_brightness_ids_v1/class_ap.txt,/mnt/shared/zechuan/iraod_artifacts/comparison/xaf_student_quant_20260908/formal_ports_runs_a39c832/dior/brightness/seed_44/methods/LPLD/eval_full_brightness_ids_v1/predictions.pkl,/mnt/shared/zechuan/iraod_artifacts/comparison/xaf_student_quant_20260908/formal_ports_runs_a39c832/dior/brightness/seed_44/methods/LPLD/eval_full_brightness_ids_v1/pred_count.txt,a39c83221c73e71d273b96ef95c65f6d8d1e84f9,331d2131b84651f0a2930a3d53faeefad8701531,a39c83221c73e71d273b96ef95c65f6d8d1e84f9,a39c83221c73e71d273b96ef95c65f6d8d1e84f9,,recorded_adaptation_producer,,,,common_one_epoch,/mnt/shared/zechuan/iraod_artifacts/comparison/xaf_student_quant_20260908/formal_ports_manifests_a39c832/runtime.json,/mnt/shared/zechuan/iraod_artifacts/comparison/xaf_student_quant_20260908/formal_ports_runs_a39c832/dior/brightness/seed_44/methods/LPLD/eval_full_brightness_ids_v1/execution.json,[]
DIOR,brightness,SFUT,42,ema,/mnt/shared/zechuan/iraod_artifacts/comparison/xaf_student_quant_20260908/formal_ports_runs_a39c832/dior/brightness/seed_42/methods/SFUT/eval_full_brightness_ids_v1,/mnt/shared/zechuan/iraod_artifacts/comparison/xaf_student_quant_20260908/formal_ports_runs_a39c832/dior/brightness/seed_42/methods/SFUT/eval_full_brightness_ids_v1/eval_20260908_230801.json,/mnt/shared/zechuan/iraod_artifacts/comparison/xaf_student_quant_20260908/formal_ports_runs_a39c832/dior/brightness/seed_42/methods/SFUT/eval_full_brightness_ids_v1/predictions.pkl.image_ids.json,/mnt/shared/zechuan/iraod_artifacts/dior_source/seed42-orthonet-ddp4-gpu4567-spg16-gbs64/reproducibility/resolved_config.py,complete,0.24181382358074188,0.24181382358074188,[],11738,316809,/mnt/shared/zechuan/iraod_artifacts/comparison/xaf_student_quant_20260908/formal_ports_runs_a39c832/dior/brightness/seed_42/methods/SFUT/work/iter_185_ema.pth,74d7eafdc547976a86f8f35b2652dba384948e33ab5c15bb908fa3e54025782a,,/mnt/shared/zechuan/iraod_artifacts/comparison/xaf_student_quant_20260908/formal_ports_runs_a39c832/dior/brightness/seed_42/methods/SFUT/eval_full_brightness_ids_v1/eval_status,/mnt/shared/zechuan/iraod_artifacts/comparison/xaf_student_quant_20260908/formal_ports_runs_a39c832/dior/brightness/seed_42/methods/SFUT/eval_full_brightness_ids_v1/class_ap.txt,/mnt/shared/zechuan/iraod_artifacts/comparison/xaf_student_quant_20260908/formal_ports_runs_a39c832/dior/brightness/seed_42/methods/SFUT/eval_full_brightness_ids_v1/predictions.pkl,/mnt/shared/zechuan/iraod_artifacts/comparison/xaf_student_quant_20260908/formal_ports_runs_a39c832/dior/brightness/seed_42/methods/SFUT/eval_full_brightness_ids_v1/pred_count.txt,a39c83221c73e71d273b96ef95c65f6d8d1e84f9,331d2131b84651f0a2930a3d53faeefad8701531,a39c83221c73e71d273b96ef95c65f6d8d1e84f9,a39c83221c73e71d273b96ef95c65f6d8d1e84f9,,recorded_adaptation_producer,,,,common_one_epoch,/mnt/shared/zechuan/iraod_artifacts/comparison/xaf_student_quant_20260908/formal_ports_manifests_a39c832/runtime.json,/mnt/shared/zechuan/iraod_artifacts/comparison/xaf_student_quant_20260908/formal_ports_runs_a39c832/dior/brightness/seed_42/methods/SFUT/eval_full_brightness_ids_v1/execution.json,[]
DIOR,brightness,SFUT,43,ema,/mnt/shared/zechuan/iraod_artifacts/comparison/xaf_student_quant_20260908/formal_ports_runs_a39c832/dior/brightness/seed_43/methods/SFUT/eval_full_brightness_ids_v1,/mnt/shared/zechuan/iraod_artifacts/comparison/xaf_student_quant_20260908/formal_ports_runs_a39c832/dior/brightness/seed_43/methods/SFUT/eval_full_brightness_ids_v1/eval_20260908_231407.json,/mnt/shared/zechuan/iraod_artifacts/comparison/xaf_student_quant_20260908/formal_ports_runs_a39c832/dior/brightness/seed_43/methods/SFUT/eval_full_brightness_ids_v1/predictions.pkl.image_ids.json,/mnt/shared/zechuan/iraod_artifacts/dior_source/seed42-orthonet-ddp4-gpu4567-spg16-gbs64/reproducibility/resolved_config.py,complete,0.24194738268852234,0.24194738268852234,[],11738,315791,/mnt/shared/zechuan/iraod_artifacts/comparison/xaf_student_quant_20260908/formal_ports_runs_a39c832/dior/brightness/seed_43/methods/SFUT/work/iter_185_ema.pth,74d7eafdc547976a86f8f35b2652dba384948e33ab5c15bb908fa3e54025782a,,/mnt/shared/zechuan/iraod_artifacts/comparison/xaf_student_quant_20260908/formal_ports_runs_a39c832/dior/brightness/seed_43/methods/SFUT/eval_full_brightness_ids_v1/eval_status,/mnt/shared/zechuan/iraod_artifacts/comparison/xaf_student_quant_20260908/formal_ports_runs_a39c832/dior/brightness/seed_43/methods/SFUT/eval_full_brightness_ids_v1/class_ap.txt,/mnt/shared/zechuan/iraod_artifacts/comparison/xaf_student_quant_20260908/formal_ports_runs_a39c832/dior/brightness/seed_43/methods/SFUT/eval_full_brightness_ids_v1/predictions.pkl,/mnt/shared/zechuan/iraod_artifacts/comparison/xaf_student_quant_20260908/formal_ports_runs_a39c832/dior/brightness/seed_43/methods/SFUT/eval_full_brightness_ids_v1/pred_count.txt,a39c83221c73e71d273b96ef95c65f6d8d1e84f9,331d2131b84651f0a2930a3d53faeefad8701531,a39c83221c73e71d273b96ef95c65f6d8d1e84f9,a39c83221c73e71d273b96ef95c65f6d8d1e84f9,,recorded_adaptation_producer,,,,common_one_epoch,/mnt/shared/zechuan/iraod_artifacts/comparison/xaf_student_quant_20260908/formal_ports_manifests_a39c832/runtime.json,/mnt/shared/zechuan/iraod_artifacts/comparison/xaf_student_quant_20260908/formal_ports_runs_a39c832/dior/brightness/seed_43/methods/SFUT/eval_full_brightness_ids_v1/execution.json,[]
DIOR,brightness,SFUT,44,ema,/mnt/shared/zechuan/iraod_artifacts/comparison/xaf_student_quant_20260908/formal_ports_runs_a39c832/dior/brightness/seed_44/methods/SFUT/eval_full_brightness_ids_v1,/mnt/shared/zechuan/iraod_artifacts/comparison/xaf_student_quant_20260908/formal_ports_runs_a39c832/dior/brightness/seed_44/methods/SFUT/eval_full_brightness_ids_v1/eval_20260908_231922.json,/mnt/shared/zechuan/iraod_artifacts/comparison/xaf_student_quant_20260908/formal_ports_runs_a39c832/dior/brightness/seed_44/methods/SFUT/eval_full_brightness_ids_v1/predictions.pkl.image_ids.json,/mnt/shared/zechuan/iraod_artifacts/dior_source/seed42-orthonet-ddp4-gpu4567-spg16-gbs64/reproducibility/resolved_config.py,complete,0.2422657310962677,0.2422657310962677,[],11738,315805,/mnt/shared/zechuan/iraod_artifacts/comparison/xaf_student_quant_20260908/formal_ports_runs_a39c832/dior/brightness/seed_44/methods/SFUT/work/iter_185_ema.pth,74d7eafdc547976a86f8f35b2652dba384948e33ab5c15bb908fa3e54025782a,,/mnt/shared/zechuan/iraod_artifacts/comparison/xaf_student_quant_20260908/formal_ports_runs_a39c832/dior/brightness/seed_44/methods/SFUT/eval_full_brightness_ids_v1/eval_status,/mnt/shared/zechuan/iraod_artifacts/comparison/xaf_student_quant_20260908/formal_ports_runs_a39c832/dior/brightness/seed_44/methods/SFUT/eval_full_brightness_ids_v1/class_ap.txt,/mnt/shared/zechuan/iraod_artifacts/comparison/xaf_student_quant_20260908/formal_ports_runs_a39c832/dior/brightness/seed_44/methods/SFUT/eval_full_brightness_ids_v1/predictions.pkl,/mnt/shared/zechuan/iraod_artifacts/comparison/xaf_student_quant_20260908/formal_ports_runs_a39c832/dior/brightness/seed_44/methods/SFUT/eval_full_brightness_ids_v1/pred_count.txt,a39c83221c73e71d273b96ef95c65f6d8d1e84f9,331d2131b84651f0a2930a3d53faeefad8701531,a39c83221c73e71d273b96ef95c65f6d8d1e84f9,a39c83221c73e71d273b96ef95c65f6d8d1e84f9,,recorded_adaptation_producer,,,,common_one_epoch,/mnt/shared/zechuan/iraod_artifacts/comparison/xaf_student_quant_20260908/formal_ports_manifests_a39c832/runtime.json,/mnt/shared/zechuan/iraod_artifacts/comparison/xaf_student_quant_20260908/formal_ports_runs_a39c832/dior/brightness/seed_44/methods/SFUT/eval_full_brightness_ids_v1/execution.json,[]
DIOR,cloudy,A,42,source,/mnt/shared/zechuan/iraod_artifacts/comparison/dior/cloudy/seed_42/0f98a48/methods/A/eval_full_cloudy_ids_v1,/mnt/shared/zechuan/iraod_artifacts/comparison/dior/cloudy/seed_42/0f98a48/methods/A/eval_full_cloudy_ids_v1/eval_20260907_222641.json,/mnt/shared/zechuan/iraod_artifacts/comparison/dior/cloudy/seed_42/0f98a48/methods/A/eval_full_cloudy_ids_v1/predictions.pkl.image_ids.json,/mnt/shared/zechuan/iraod_artifacts/dior_source/seed42-orthonet-ddp4-gpu4567-spg16-gbs64/reproducibility/resolved_config.py,complete,0.29026827216148376,0.29026827216148376,[],11738,305164,/mnt/shared/zechuan/iraod_artifacts/dior_source/seed42-orthonet-ddp4-gpu4567-spg16-gbs64/train/epoch_100.pth,74d7eafdc547976a86f8f35b2652dba384948e33ab5c15bb908fa3e54025782a,,/mnt/shared/zechuan/iraod_artifacts/comparison/dior/cloudy/seed_42/0f98a48/methods/A/eval_full_cloudy_ids_v1/eval_status,/mnt/shared/zechuan/iraod_artifacts/comparison/dior/cloudy/seed_42/0f98a48/methods/A/eval_full_cloudy_ids_v1/class_ap.txt,/mnt/shared/zechuan/iraod_artifacts/comparison/dior/cloudy/seed_42/0f98a48/methods/A/eval_full_cloudy_ids_v1/predictions.pkl,/mnt/shared/zechuan/iraod_artifacts/comparison/dior/cloudy/seed_42/0f98a48/methods/A/eval_full_cloudy_ids_v1/pred_count.txt,0f98a48b539f9260055fc305784ffbc924f50451,331d2131b84651f0a2930a3d53faeefad8701531,0f98a48b539f9260055fc305784ffbc924f50451,0f98a48b539f9260055fc305784ffbc924f50451,0f98a48b539f9260055fc305784ffbc924f50451,source_record_verified,,0.29026827216148376,/mnt/shared/zechuan/iraod_artifacts/comparison/xaf_student_quant_20260908/integration_code_752a139/results/paper_comparison/historical/seed42/dior_raw_results.csv,fixed_source,,,
DIOR,cloudy,IRG,42,ema,/mnt/shared/zechuan/iraod_artifacts/comparison/xaf_student_quant_20260908/formal_ports_runs_a39c832/dior/cloudy/seed_42/methods/IRG/eval_full_cloudy_ids_v1,/mnt/shared/zechuan/iraod_artifacts/comparison/xaf_student_quant_20260908/formal_ports_runs_a39c832/dior/cloudy/seed_42/methods/IRG/eval_full_cloudy_ids_v1/eval_20260908_232055.json,/mnt/shared/zechuan/iraod_artifacts/comparison/xaf_student_quant_20260908/formal_ports_runs_a39c832/dior/cloudy/seed_42/methods/IRG/eval_full_cloudy_ids_v1/predictions.pkl.image_ids.json,/mnt/shared/zechuan/iraod_artifacts/dior_source/seed42-orthonet-ddp4-gpu4567-spg16-gbs64/reproducibility/resolved_config.py,complete,0.29345908761024475,0.29345908761024475,[],11738,314403,/mnt/shared/zechuan/iraod_artifacts/comparison/xaf_student_quant_20260908/formal_ports_runs_a39c832/dior/cloudy/seed_42/methods/IRG/work/iter_185_ema.pth,74d7eafdc547976a86f8f35b2652dba384948e33ab5c15bb908fa3e54025782a,,/mnt/shared/zechuan/iraod_artifacts/comparison/xaf_student_quant_20260908/formal_ports_runs_a39c832/dior/cloudy/seed_42/methods/IRG/eval_full_cloudy_ids_v1/eval_status,/mnt/shared/zechuan/iraod_artifacts/comparison/xaf_student_quant_20260908/formal_ports_runs_a39c832/dior/cloudy/seed_42/methods/IRG/eval_full_cloudy_ids_v1/class_ap.txt,/mnt/shared/zechuan/iraod_artifacts/comparison/xaf_student_quant_20260908/formal_ports_runs_a39c832/dior/cloudy/seed_42/methods/IRG/eval_full_cloudy_ids_v1/predictions.pkl,/mnt/shared/zechuan/iraod_artifacts/comparison/xaf_student_quant_20260908/formal_ports_runs_a39c832/dior/cloudy/seed_42/methods/IRG/eval_full_cloudy_ids_v1/pred_count.txt,a39c83221c73e71d273b96ef95c65f6d8d1e84f9,331d2131b84651f0a2930a3d53faeefad8701531,a39c83221c73e71d273b96ef95c65f6d8d1e84f9,a39c83221c73e71d273b96ef95c65f6d8d1e84f9,,recorded_adaptation_producer,,,,common_one_epoch,/mnt/shared/zechuan/iraod_artifacts/comparison/xaf_student_quant_20260908/formal_ports_manifests_a39c832/runtime.json,/mnt/shared/zechuan/iraod_artifacts/comparison/xaf_student_quant_20260908/formal_ports_runs_a39c832/dior/cloudy/seed_42/methods/IRG/eval_full_cloudy_ids_v1/execution.json,[]
DIOR,cloudy,IRG,43,ema,/mnt/shared/zechuan/iraod_artifacts/comparison/xaf_student_quant_20260908/formal_ports_runs_a39c832/dior/cloudy/seed_43/methods/IRG/eval_full_cloudy_ids_v1,/mnt/shared/zechuan/iraod_artifacts/comparison/xaf_student_quant_20260908/formal_ports_runs_a39c832/dior/cloudy/seed_43/methods/IRG/eval_full_cloudy_ids_v1/eval_20260908_232605.json,/mnt/shared/zechuan/iraod_artifacts/comparison/xaf_student_quant_20260908/formal_ports_runs_a39c832/dior/cloudy/seed_43/methods/IRG/eval_full_cloudy_ids_v1/predictions.pkl.image_ids.json,/mnt/shared/zechuan/iraod_artifacts/dior_source/seed42-orthonet-ddp4-gpu4567-spg16-gbs64/reproducibility/resolved_config.py,complete,0.29144078493118286,0.29144078493118286,[],11738,302369,/mnt/shared/zechuan/iraod_artifacts/comparison/xaf_student_quant_20260908/formal_ports_runs_a39c832/dior/cloudy/seed_43/methods/IRG/work/iter_185_ema.pth,74d7eafdc547976a86f8f35b2652dba384948e33ab5c15bb908fa3e54025782a,,/mnt/shared/zechuan/iraod_artifacts/comparison/xaf_student_quant_20260908/formal_ports_runs_a39c832/dior/cloudy/seed_43/methods/IRG/eval_full_cloudy_ids_v1/eval_status,/mnt/shared/zechuan/iraod_artifacts/comparison/xaf_student_quant_20260908/formal_ports_runs_a39c832/dior/cloudy/seed_43/methods/IRG/eval_full_cloudy_ids_v1/class_ap.txt,/mnt/shared/zechuan/iraod_artifacts/comparison/xaf_student_quant_20260908/formal_ports_runs_a39c832/dior/cloudy/seed_43/methods/IRG/eval_full_cloudy_ids_v1/predictions.pkl,/mnt/shared/zechuan/iraod_artifacts/comparison/xaf_student_quant_20260908/formal_ports_runs_a39c832/dior/cloudy/seed_43/methods/IRG/eval_full_cloudy_ids_v1/pred_count.txt,a39c83221c73e71d273b96ef95c65f6d8d1e84f9,331d2131b84651f0a2930a3d53faeefad8701531,a39c83221c73e71d273b96ef95c65f6d8d1e84f9,a39c83221c73e71d273b96ef95c65f6d8d1e84f9,,recorded_adaptation_producer,,,,common_one_epoch,/mnt/shared/zechuan/iraod_artifacts/comparison/xaf_student_quant_20260908/formal_ports_manifests_a39c832/runtime.json,/mnt/shared/zechuan/iraod_artifacts/comparison/xaf_student_quant_20260908/formal_ports_runs_a39c832/dior/cloudy/seed_43/methods/IRG/eval_full_cloudy_ids_v1/execution.json,[]
DIOR,cloudy,IRG,44,ema,/mnt/shared/zechuan/iraod_artifacts/comparison/xaf_student_quant_20260908/formal_ports_runs_a39c832/dior/cloudy/seed_44/methods/IRG/eval_full_cloudy_ids_v1,/mnt/shared/zechuan/iraod_artifacts/comparison/xaf_student_quant_20260908/formal_ports_runs_a39c832/dior/cloudy/seed_44/methods/IRG/eval_full_cloudy_ids_v1/eval_20260908_233138.json,/mnt/shared/zechuan/iraod_artifacts/comparison/xaf_student_quant_20260908/formal_ports_runs_a39c832/dior/cloudy/seed_44/methods/IRG/eval_full_cloudy_ids_v1/predictions.pkl.image_ids.json,/mnt/shared/zechuan/iraod_artifacts/dior_source/seed42-orthonet-ddp4-gpu4567-spg16-gbs64/reproducibility/resolved_config.py,complete,0.29500001668930054,0.29500001668930054,[],11738,310986,/mnt/shared/zechuan/iraod_artifacts/comparison/xaf_student_quant_20260908/formal_ports_runs_a39c832/dior/cloudy/seed_44/methods/IRG/work/iter_185_ema.pth,74d7eafdc547976a86f8f35b2652dba384948e33ab5c15bb908fa3e54025782a,,/mnt/shared/zechuan/iraod_artifacts/comparison/xaf_student_quant_20260908/formal_ports_runs_a39c832/dior/cloudy/seed_44/methods/IRG/eval_full_cloudy_ids_v1/eval_status,/mnt/shared/zechuan/iraod_artifacts/comparison/xaf_student_quant_20260908/formal_ports_runs_a39c832/dior/cloudy/seed_44/methods/IRG/eval_full_cloudy_ids_v1/class_ap.txt,/mnt/shared/zechuan/iraod_artifacts/comparison/xaf_student_quant_20260908/formal_ports_runs_a39c832/dior/cloudy/seed_44/methods/IRG/eval_full_cloudy_ids_v1/predictions.pkl,/mnt/shared/zechuan/iraod_artifacts/comparison/xaf_student_quant_20260908/formal_ports_runs_a39c832/dior/cloudy/seed_44/methods/IRG/eval_full_cloudy_ids_v1/pred_count.txt,a39c83221c73e71d273b96ef95c65f6d8d1e84f9,331d2131b84651f0a2930a3d53faeefad8701531,a39c83221c73e71d273b96ef95c65f6d8d1e84f9,a39c83221c73e71d273b96ef95c65f6d8d1e84f9,,recorded_adaptation_producer,,,,common_one_epoch,/mnt/shared/zechuan/iraod_artifacts/comparison/xaf_student_quant_20260908/formal_ports_manifests_a39c832/runtime.json,/mnt/shared/zechuan/iraod_artifacts/comparison/xaf_student_quant_20260908/formal_ports_runs_a39c832/dior/cloudy/seed_44/methods/IRG/eval_full_cloudy_ids_v1/execution.json,[]
DIOR,cloudy,LPLD,42,ema,/mnt/shared/zechuan/iraod_artifacts/comparison/xaf_student_quant_20260908/formal_ports_runs_a39c832/dior/cloudy/seed_42/methods/LPLD/eval_full_cloudy_ids_v1,/mnt/shared/zechuan/iraod_artifacts/comparison/xaf_student_quant_20260908/formal_ports_runs_a39c832/dior/cloudy/seed_42/methods/LPLD/eval_full_cloudy_ids_v1/eval_20260908_232139.json,/mnt/shared/zechuan/iraod_artifacts/comparison/xaf_student_quant_20260908/formal_ports_runs_a39c832/dior/cloudy/seed_42/methods/LPLD/eval_full_cloudy_ids_v1/predictions.pkl.image_ids.json,/mnt/shared/zechuan/iraod_artifacts/dior_source/seed42-orthonet-ddp4-gpu4567-spg16-gbs64/reproducibility/resolved_config.py,complete,0.2913610637187958,0.2913610637187958,[],11738,323749,/mnt/shared/zechuan/iraod_artifacts/comparison/xaf_student_quant_20260908/formal_ports_runs_a39c832/dior/cloudy/seed_42/methods/LPLD/work/iter_185_ema.pth,74d7eafdc547976a86f8f35b2652dba384948e33ab5c15bb908fa3e54025782a,,/mnt/shared/zechuan/iraod_artifacts/comparison/xaf_student_quant_20260908/formal_ports_runs_a39c832/dior/cloudy/seed_42/methods/LPLD/eval_full_cloudy_ids_v1/eval_status,/mnt/shared/zechuan/iraod_artifacts/comparison/xaf_student_quant_20260908/formal_ports_runs_a39c832/dior/cloudy/seed_42/methods/LPLD/eval_full_cloudy_ids_v1/class_ap.txt,/mnt/shared/zechuan/iraod_artifacts/comparison/xaf_student_quant_20260908/formal_ports_runs_a39c832/dior/cloudy/seed_42/methods/LPLD/eval_full_cloudy_ids_v1/predictions.pkl,/mnt/shared/zechuan/iraod_artifacts/comparison/xaf_student_quant_20260908/formal_ports_runs_a39c832/dior/cloudy/seed_42/methods/LPLD/eval_full_cloudy_ids_v1/pred_count.txt,a39c83221c73e71d273b96ef95c65f6d8d1e84f9,331d2131b84651f0a2930a3d53faeefad8701531,a39c83221c73e71d273b96ef95c65f6d8d1e84f9,a39c83221c73e71d273b96ef95c65f6d8d1e84f9,,recorded_adaptation_producer,,,,common_one_epoch,/mnt/shared/zechuan/iraod_artifacts/comparison/xaf_student_quant_20260908/formal_ports_manifests_a39c832/runtime.json,/mnt/shared/zechuan/iraod_artifacts/comparison/xaf_student_quant_20260908/formal_ports_runs_a39c832/dior/cloudy/seed_42/methods/LPLD/eval_full_cloudy_ids_v1/execution.json,[]
DIOR,cloudy,LPLD,43,ema,/mnt/shared/zechuan/iraod_artifacts/comparison/xaf_student_quant_20260908/formal_ports_runs_a39c832/dior/cloudy/seed_43/methods/LPLD/eval_full_cloudy_ids_v1,/mnt/shared/zechuan/iraod_artifacts/comparison/xaf_student_quant_20260908/formal_ports_runs_a39c832/dior/cloudy/seed_43/methods/LPLD/eval_full_cloudy_ids_v1/eval_20260908_232805.json,/mnt/shared/zechuan/iraod_artifacts/comparison/xaf_student_quant_20260908/formal_ports_runs_a39c832/dior/cloudy/seed_43/methods/LPLD/eval_full_cloudy_ids_v1/predictions.pkl.image_ids.json,/mnt/shared/zechuan/iraod_artifacts/dior_source/seed42-orthonet-ddp4-gpu4567-spg16-gbs64/reproducibility/resolved_config.py,complete,0.2958837151527405,0.2958837151527405,[],11738,327303,/mnt/shared/zechuan/iraod_artifacts/comparison/xaf_student_quant_20260908/formal_ports_runs_a39c832/dior/cloudy/seed_43/methods/LPLD/work/iter_185_ema.pth,74d7eafdc547976a86f8f35b2652dba384948e33ab5c15bb908fa3e54025782a,,/mnt/shared/zechuan/iraod_artifacts/comparison/xaf_student_quant_20260908/formal_ports_runs_a39c832/dior/cloudy/seed_43/methods/LPLD/eval_full_cloudy_ids_v1/eval_status,/mnt/shared/zechuan/iraod_artifacts/comparison/xaf_student_quant_20260908/formal_ports_runs_a39c832/dior/cloudy/seed_43/methods/LPLD/eval_full_cloudy_ids_v1/class_ap.txt,/mnt/shared/zechuan/iraod_artifacts/comparison/xaf_student_quant_20260908/formal_ports_runs_a39c832/dior/cloudy/seed_43/methods/LPLD/eval_full_cloudy_ids_v1/predictions.pkl,/mnt/shared/zechuan/iraod_artifacts/comparison/xaf_student_quant_20260908/formal_ports_runs_a39c832/dior/cloudy/seed_43/methods/LPLD/eval_full_cloudy_ids_v1/pred_count.txt,a39c83221c73e71d273b96ef95c65f6d8d1e84f9,331d2131b84651f0a2930a3d53faeefad8701531,a39c83221c73e71d273b96ef95c65f6d8d1e84f9,a39c83221c73e71d273b96ef95c65f6d8d1e84f9,,recorded_adaptation_producer,,,,common_one_epoch,/mnt/shared/zechuan/iraod_artifacts/comparison/xaf_student_quant_20260908/formal_ports_manifests_a39c832/runtime.json,/mnt/shared/zechuan/iraod_artifacts/comparison/xaf_student_quant_20260908/formal_ports_runs_a39c832/dior/cloudy/seed_43/methods/LPLD/eval_full_cloudy_ids_v1/execution.json,[]
DIOR,cloudy,LPLD,44,ema,/mnt/shared/zechuan/iraod_artifacts/comparison/xaf_student_quant_20260908/formal_ports_runs_a39c832/dior/cloudy/seed_44/methods/LPLD/eval_full_cloudy_ids_v1,/mnt/shared/zechuan/iraod_artifacts/comparison/xaf_student_quant_20260908/formal_ports_runs_a39c832/dior/cloudy/seed_44/methods/LPLD/eval_full_cloudy_ids_v1/eval_20260908_233307.json,/mnt/shared/zechuan/iraod_artifacts/comparison/xaf_student_quant_20260908/formal_ports_runs_a39c832/dior/cloudy/seed_44/methods/LPLD/eval_full_cloudy_ids_v1/predictions.pkl.image_ids.json,/mnt/shared/zechuan/iraod_artifacts/dior_source/seed42-orthonet-ddp4-gpu4567-spg16-gbs64/reproducibility/resolved_config.py,complete,0.29239925742149353,0.29239925742149353,[],11738,306486,/mnt/shared/zechuan/iraod_artifacts/comparison/xaf_student_quant_20260908/formal_ports_runs_a39c832/dior/cloudy/seed_44/methods/LPLD/work/iter_185_ema.pth,74d7eafdc547976a86f8f35b2652dba384948e33ab5c15bb908fa3e54025782a,,/mnt/shared/zechuan/iraod_artifacts/comparison/xaf_student_quant_20260908/formal_ports_runs_a39c832/dior/cloudy/seed_44/methods/LPLD/eval_full_cloudy_ids_v1/eval_status,/mnt/shared/zechuan/iraod_artifacts/comparison/xaf_student_quant_20260908/formal_ports_runs_a39c832/dior/cloudy/seed_44/methods/LPLD/eval_full_cloudy_ids_v1/class_ap.txt,/mnt/shared/zechuan/iraod_artifacts/comparison/xaf_student_quant_20260908/formal_ports_runs_a39c832/dior/cloudy/seed_44/methods/LPLD/eval_full_cloudy_ids_v1/predictions.pkl,/mnt/shared/zechuan/iraod_artifacts/comparison/xaf_student_quant_20260908/formal_ports_runs_a39c832/dior/cloudy/seed_44/methods/LPLD/eval_full_cloudy_ids_v1/pred_count.txt,a39c83221c73e71d273b96ef95c65f6d8d1e84f9,331d2131b84651f0a2930a3d53faeefad8701531,a39c83221c73e71d273b96ef95c65f6d8d1e84f9,a39c83221c73e71d273b96ef95c65f6d8d1e84f9,,recorded_adaptation_producer,,,,common_one_epoch,/mnt/shared/zechuan/iraod_artifacts/comparison/xaf_student_quant_20260908/formal_ports_manifests_a39c832/runtime.json,/mnt/shared/zechuan/iraod_artifacts/comparison/xaf_student_quant_20260908/formal_ports_runs_a39c832/dior/cloudy/seed_44/methods/LPLD/eval_full_cloudy_ids_v1/execution.json,[]
DIOR,cloudy,SFUT,42,ema,/mnt/shared/zechuan/iraod_artifacts/comparison/xaf_student_quant_20260908/formal_ports_runs_a39c832/dior/cloudy/seed_42/methods/SFUT/eval_full_cloudy_ids_v1,/mnt/shared/zechuan/iraod_artifacts/comparison/xaf_student_quant_20260908/formal_ports_runs_a39c832/dior/cloudy/seed_42/methods/SFUT/eval_full_cloudy_ids_v1/eval_20260908_232441.json,/mnt/shared/zechuan/iraod_artifacts/comparison/xaf_student_quant_20260908/formal_ports_runs_a39c832/dior/cloudy/seed_42/methods/SFUT/eval_full_cloudy_ids_v1/predictions.pkl.image_ids.json,/mnt/shared/zechuan/iraod_artifacts/dior_source/seed42-orthonet-ddp4-gpu4567-spg16-gbs64/reproducibility/resolved_config.py,complete,0.29395872354507446,0.29395872354507446,[],11738,303894,/mnt/shared/zechuan/iraod_artifacts/comparison/xaf_student_quant_20260908/formal_ports_runs_a39c832/dior/cloudy/seed_42/methods/SFUT/work/iter_185_ema.pth,74d7eafdc547976a86f8f35b2652dba384948e33ab5c15bb908fa3e54025782a,,/mnt/shared/zechuan/iraod_artifacts/comparison/xaf_student_quant_20260908/formal_ports_runs_a39c832/dior/cloudy/seed_42/methods/SFUT/eval_full_cloudy_ids_v1/eval_status,/mnt/shared/zechuan/iraod_artifacts/comparison/xaf_student_quant_20260908/formal_ports_runs_a39c832/dior/cloudy/seed_42/methods/SFUT/eval_full_cloudy_ids_v1/class_ap.txt,/mnt/shared/zechuan/iraod_artifacts/comparison/xaf_student_quant_20260908/formal_ports_runs_a39c832/dior/cloudy/seed_42/methods/SFUT/eval_full_cloudy_ids_v1/predictions.pkl,/mnt/shared/zechuan/iraod_artifacts/comparison/xaf_student_quant_20260908/formal_ports_runs_a39c832/dior/cloudy/seed_42/methods/SFUT/eval_full_cloudy_ids_v1/pred_count.txt,a39c83221c73e71d273b96ef95c65f6d8d1e84f9,331d2131b84651f0a2930a3d53faeefad8701531,a39c83221c73e71d273b96ef95c65f6d8d1e84f9,a39c83221c73e71d273b96ef95c65f6d8d1e84f9,,recorded_adaptation_producer,,,,common_one_epoch,/mnt/shared/zechuan/iraod_artifacts/comparison/xaf_student_quant_20260908/formal_ports_manifests_a39c832/runtime.json,/mnt/shared/zechuan/iraod_artifacts/comparison/xaf_student_quant_20260908/formal_ports_runs_a39c832/dior/cloudy/seed_42/methods/SFUT/eval_full_cloudy_ids_v1/execution.json,[]
DIOR,cloudy,SFUT,43,ema,/mnt/shared/zechuan/iraod_artifacts/comparison/xaf_student_quant_20260908/formal_ports_runs_a39c832/dior/cloudy/seed_43/methods/SFUT/eval_full_cloudy_ids_v1,/mnt/shared/zechuan/iraod_artifacts/comparison/xaf_student_quant_20260908/formal_ports_runs_a39c832/dior/cloudy/seed_43/methods/SFUT/eval_full_cloudy_ids_v1/eval_20260908_232832.json,/mnt/shared/zechuan/iraod_artifacts/comparison/xaf_student_quant_20260908/formal_ports_runs_a39c832/dior/cloudy/seed_43/methods/SFUT/eval_full_cloudy_ids_v1/predictions.pkl.image_ids.json,/mnt/shared/zechuan/iraod_artifacts/dior_source/seed42-orthonet-ddp4-gpu4567-spg16-gbs64/reproducibility/resolved_config.py,complete,0.29400143027305603,0.29400143027305603,[],11738,304051,/mnt/shared/zechuan/iraod_artifacts/comparison/xaf_student_quant_20260908/formal_ports_runs_a39c832/dior/cloudy/seed_43/methods/SFUT/work/iter_185_ema.pth,74d7eafdc547976a86f8f35b2652dba384948e33ab5c15bb908fa3e54025782a,,/mnt/shared/zechuan/iraod_artifacts/comparison/xaf_student_quant_20260908/formal_ports_runs_a39c832/dior/cloudy/seed_43/methods/SFUT/eval_full_cloudy_ids_v1/eval_status,/mnt/shared/zechuan/iraod_artifacts/comparison/xaf_student_quant_20260908/formal_ports_runs_a39c832/dior/cloudy/seed_43/methods/SFUT/eval_full_cloudy_ids_v1/class_ap.txt,/mnt/shared/zechuan/iraod_artifacts/comparison/xaf_student_quant_20260908/formal_ports_runs_a39c832/dior/cloudy/seed_43/methods/SFUT/eval_full_cloudy_ids_v1/predictions.pkl,/mnt/shared/zechuan/iraod_artifacts/comparison/xaf_student_quant_20260908/formal_ports_runs_a39c832/dior/cloudy/seed_43/methods/SFUT/eval_full_cloudy_ids_v1/pred_count.txt,a39c83221c73e71d273b96ef95c65f6d8d1e84f9,331d2131b84651f0a2930a3d53faeefad8701531,a39c83221c73e71d273b96ef95c65f6d8d1e84f9,a39c83221c73e71d273b96ef95c65f6d8d1e84f9,,recorded_adaptation_producer,,,,common_one_epoch,/mnt/shared/zechuan/iraod_artifacts/comparison/xaf_student_quant_20260908/formal_ports_manifests_a39c832/runtime.json,/mnt/shared/zechuan/iraod_artifacts/comparison/xaf_student_quant_20260908/formal_ports_runs_a39c832/dior/cloudy/seed_43/methods/SFUT/eval_full_cloudy_ids_v1/execution.json,[]
DIOR,cloudy,SFUT,44,ema,/mnt/shared/zechuan/iraod_artifacts/comparison/xaf_student_quant_20260908/formal_ports_runs_a39c832/dior/cloudy/seed_44/methods/SFUT/eval_full_cloudy_ids_v1,/mnt/shared/zechuan/iraod_artifacts/comparison/xaf_student_quant_20260908/formal_ports_runs_a39c832/dior/cloudy/seed_44/methods/SFUT/eval_full_cloudy_ids_v1/eval_20260908_233452.json,/mnt/shared/zechuan/iraod_artifacts/comparison/xaf_student_quant_20260908/formal_ports_runs_a39c832/dior/cloudy/seed_44/methods/SFUT/eval_full_cloudy_ids_v1/predictions.pkl.image_ids.json,/mnt/shared/zechuan/iraod_artifacts/dior_source/seed42-orthonet-ddp4-gpu4567-spg16-gbs64/reproducibility/resolved_config.py,complete,0.29366788268089294,0.29366788268089294,[],11738,304277,/mnt/shared/zechuan/iraod_artifacts/comparison/xaf_student_quant_20260908/formal_ports_runs_a39c832/dior/cloudy/seed_44/methods/SFUT/work/iter_185_ema.pth,74d7eafdc547976a86f8f35b2652dba384948e33ab5c15bb908fa3e54025782a,,/mnt/shared/zechuan/iraod_artifacts/comparison/xaf_student_quant_20260908/formal_ports_runs_a39c832/dior/cloudy/seed_44/methods/SFUT/eval_full_cloudy_ids_v1/eval_status,/mnt/shared/zechuan/iraod_artifacts/comparison/xaf_student_quant_20260908/formal_ports_runs_a39c832/dior/cloudy/seed_44/methods/SFUT/eval_full_cloudy_ids_v1/class_ap.txt,/mnt/shared/zechuan/iraod_artifacts/comparison/xaf_student_quant_20260908/formal_ports_runs_a39c832/dior/cloudy/seed_44/methods/SFUT/eval_full_cloudy_ids_v1/predictions.pkl,/mnt/shared/zechuan/iraod_artifacts/comparison/xaf_student_quant_20260908/formal_ports_runs_a39c832/dior/cloudy/seed_44/methods/SFUT/eval_full_cloudy_ids_v1/pred_count.txt,a39c83221c73e71d273b96ef95c65f6d8d1e84f9,331d2131b84651f0a2930a3d53faeefad8701531,a39c83221c73e71d273b96ef95c65f6d8d1e84f9,a39c83221c73e71d273b96ef95c65f6d8d1e84f9,,recorded_adaptation_producer,,,,common_one_epoch,/mnt/shared/zechuan/iraod_artifacts/comparison/xaf_student_quant_20260908/formal_ports_manifests_a39c832/runtime.json,/mnt/shared/zechuan/iraod_artifacts/comparison/xaf_student_quant_20260908/formal_ports_runs_a39c832/dior/cloudy/seed_44/methods/SFUT/eval_full_cloudy_ids_v1/execution.json,[]
DIOR,contrast,A,42,source,/mnt/shared/zechuan/iraod_artifacts/comparison/dior/contrast/seed_42/0f98a48/methods/A/eval_full_contrast_ids_v1,/mnt/shared/zechuan/iraod_artifacts/comparison/dior/contrast/seed_42/0f98a48/methods/A/eval_full_contrast_ids_v1/eval_20260908_001943.json,/mnt/shared/zechuan/iraod_artifacts/comparison/dior/contrast/seed_42/0f98a48/methods/A/eval_full_contrast_ids_v1/predictions.pkl.image_ids.json,/mnt/shared/zechuan/iraod_artifacts/dior_source/seed42-orthonet-ddp4-gpu4567-spg16-gbs64/reproducibility/resolved_config.py,complete,0.2816031277179718,0.2816031277179718,[],11738,373844,/mnt/shared/zechuan/iraod_artifacts/dior_source/seed42-orthonet-ddp4-gpu4567-spg16-gbs64/train/epoch_100.pth,74d7eafdc547976a86f8f35b2652dba384948e33ab5c15bb908fa3e54025782a,,/mnt/shared/zechuan/iraod_artifacts/comparison/dior/contrast/seed_42/0f98a48/methods/A/eval_full_contrast_ids_v1/eval_status,/mnt/shared/zechuan/iraod_artifacts/comparison/dior/contrast/seed_42/0f98a48/methods/A/eval_full_contrast_ids_v1/class_ap.txt,/mnt/shared/zechuan/iraod_artifacts/comparison/dior/contrast/seed_42/0f98a48/methods/A/eval_full_contrast_ids_v1/predictions.pkl,/mnt/shared/zechuan/iraod_artifacts/comparison/dior/contrast/seed_42/0f98a48/methods/A/eval_full_contrast_ids_v1/pred_count.txt,0f98a48b539f9260055fc305784ffbc924f50451,331d2131b84651f0a2930a3d53faeefad8701531,0f98a48b539f9260055fc305784ffbc924f50451,0f98a48b539f9260055fc305784ffbc924f50451,0f98a48b539f9260055fc305784ffbc924f50451,source_record_verified,,0.2816031277179718,/mnt/shared/zechuan/iraod_artifacts/comparison/xaf_student_quant_20260908/integration_code_752a139/results/paper_comparison/historical/seed42/dior_raw_results.csv,fixed_source,,,
DIOR,contrast,IRG,42,ema,/mnt/shared/zechuan/iraod_artifacts/comparison/xaf_student_quant_20260908/formal_ports_runs_a39c832/dior/contrast/seed_42/methods/IRG/eval_full_contrast_ids_v1,/mnt/shared/zechuan/iraod_artifacts/comparison/xaf_student_quant_20260908/formal_ports_runs_a39c832/dior/contrast/seed_42/methods/IRG/eval_full_contrast_ids_v1/eval_20260908_233527.json,/mnt/shared/zechuan/iraod_artifacts/comparison/xaf_student_quant_20260908/formal_ports_runs_a39c832/dior/contrast/seed_42/methods/IRG/eval_full_contrast_ids_v1/predictions.pkl.image_ids.json,/mnt/shared/zechuan/iraod_artifacts/dior_source/seed42-orthonet-ddp4-gpu4567-spg16-gbs64/reproducibility/resolved_config.py,complete,0.2837876081466675,0.2837876081466675,[],11738,389480,/mnt/shared/zechuan/iraod_artifacts/comparison/xaf_student_quant_20260908/formal_ports_runs_a39c832/dior/contrast/seed_42/methods/IRG/work/iter_185_ema.pth,74d7eafdc547976a86f8f35b2652dba384948e33ab5c15bb908fa3e54025782a,,/mnt/shared/zechuan/iraod_artifacts/comparison/xaf_student_quant_20260908/formal_ports_runs_a39c832/dior/contrast/seed_42/methods/IRG/eval_full_contrast_ids_v1/eval_status,/mnt/shared/zechuan/iraod_artifacts/comparison/xaf_student_quant_20260908/formal_ports_runs_a39c832/dior/contrast/seed_42/methods/IRG/eval_full_contrast_ids_v1/class_ap.txt,/mnt/shared/zechuan/iraod_artifacts/comparison/xaf_student_quant_20260908/formal_ports_runs_a39c832/dior/contrast/seed_42/methods/IRG/eval_full_contrast_ids_v1/predictions.pkl,/mnt/shared/zechuan/iraod_artifacts/comparison/xaf_student_quant_20260908/formal_ports_runs_a39c832/dior/contrast/seed_42/methods/IRG/eval_full_contrast_ids_v1/pred_count.txt,a39c83221c73e71d273b96ef95c65f6d8d1e84f9,331d2131b84651f0a2930a3d53faeefad8701531,a39c83221c73e71d273b96ef95c65f6d8d1e84f9,a39c83221c73e71d273b96ef95c65f6d8d1e84f9,,recorded_adaptation_producer,,,,common_one_epoch,/mnt/shared/zechuan/iraod_artifacts/comparison/xaf_student_quant_20260908/formal_ports_manifests_a39c832/runtime.json,/mnt/shared/zechuan/iraod_artifacts/comparison/xaf_student_quant_20260908/formal_ports_runs_a39c832/dior/contrast/seed_42/methods/IRG/eval_full_contrast_ids_v1/execution.json,[]
DIOR,contrast,IRG,43,ema,/mnt/shared/zechuan/iraod_artifacts/comparison/xaf_student_quant_20260908/formal_ports_runs_a39c832/dior/contrast/seed_43/methods/IRG/eval_full_contrast_ids_v1,/mnt/shared/zechuan/iraod_artifacts/comparison/xaf_student_quant_20260908/formal_ports_runs_a39c832/dior/contrast/seed_43/methods/IRG/eval_full_contrast_ids_v1/eval_20260908_234146.json,/mnt/shared/zechuan/iraod_artifacts/comparison/xaf_student_quant_20260908/formal_ports_runs_a39c832/dior/contrast/seed_43/methods/IRG/eval_full_contrast_ids_v1/predictions.pkl.image_ids.json,/mnt/shared/zechuan/iraod_artifacts/dior_source/seed42-orthonet-ddp4-gpu4567-spg16-gbs64/reproducibility/resolved_config.py,complete,0.2838106155395508,0.2838106155395508,[],11738,377861,/mnt/shared/zechuan/iraod_artifacts/comparison/xaf_student_quant_20260908/formal_ports_runs_a39c832/dior/contrast/seed_43/methods/IRG/work/iter_185_ema.pth,74d7eafdc547976a86f8f35b2652dba384948e33ab5c15bb908fa3e54025782a,,/mnt/shared/zechuan/iraod_artifacts/comparison/xaf_student_quant_20260908/formal_ports_runs_a39c832/dior/contrast/seed_43/methods/IRG/eval_full_contrast_ids_v1/eval_status,/mnt/shared/zechuan/iraod_artifacts/comparison/xaf_student_quant_20260908/formal_ports_runs_a39c832/dior/contrast/seed_43/methods/IRG/eval_full_contrast_ids_v1/class_ap.txt,/mnt/shared/zechuan/iraod_artifacts/comparison/xaf_student_quant_20260908/formal_ports_runs_a39c832/dior/contrast/seed_43/methods/IRG/eval_full_contrast_ids_v1/predictions.pkl,/mnt/shared/zechuan/iraod_artifacts/comparison/xaf_student_quant_20260908/formal_ports_runs_a39c832/dior/contrast/seed_43/methods/IRG/eval_full_contrast_ids_v1/pred_count.txt,a39c83221c73e71d273b96ef95c65f6d8d1e84f9,331d2131b84651f0a2930a3d53faeefad8701531,a39c83221c73e71d273b96ef95c65f6d8d1e84f9,a39c83221c73e71d273b96ef95c65f6d8d1e84f9,,recorded_adaptation_producer,,,,common_one_epoch,/mnt/shared/zechuan/iraod_artifacts/comparison/xaf_student_quant_20260908/formal_ports_manifests_a39c832/runtime.json,/mnt/shared/zechuan/iraod_artifacts/comparison/xaf_student_quant_20260908/formal_ports_runs_a39c832/dior/contrast/seed_43/methods/IRG/eval_full_contrast_ids_v1/execution.json,[]
DIOR,contrast,IRG,44,ema,/mnt/shared/zechuan/iraod_artifacts/comparison/xaf_student_quant_20260908/formal_ports_runs_a39c832/dior/contrast/seed_44/methods/IRG/eval_full_contrast_ids_v1,/mnt/shared/zechuan/iraod_artifacts/comparison/xaf_student_quant_20260908/formal_ports_runs_a39c832/dior/contrast/seed_44/methods/IRG/eval_full_contrast_ids_v1/eval_20260908_234714.json,/mnt/shared/zechuan/iraod_artifacts/comparison/xaf_student_quant_20260908/formal_ports_runs_a39c832/dior/contrast/seed_44/methods/IRG/eval_full_contrast_ids_v1/predictions.pkl.image_ids.json,/mnt/shared/zechuan/iraod_artifacts/dior_source/seed42-orthonet-ddp4-gpu4567-spg16-gbs64/reproducibility/resolved_config.py,complete,0.2851335406303406,0.2851335406303406,[],11738,375281,/mnt/shared/zechuan/iraod_artifacts/comparison/xaf_student_quant_20260908/formal_ports_runs_a39c832/dior/contrast/seed_44/methods/IRG/work/iter_185_ema.pth,74d7eafdc547976a86f8f35b2652dba384948e33ab5c15bb908fa3e54025782a,,/mnt/shared/zechuan/iraod_artifacts/comparison/xaf_student_quant_20260908/formal_ports_runs_a39c832/dior/contrast/seed_44/methods/IRG/eval_full_contrast_ids_v1/eval_status,/mnt/shared/zechuan/iraod_artifacts/comparison/xaf_student_quant_20260908/formal_ports_runs_a39c832/dior/contrast/seed_44/methods/IRG/eval_full_contrast_ids_v1/class_ap.txt,/mnt/shared/zechuan/iraod_artifacts/comparison/xaf_student_quant_20260908/formal_ports_runs_a39c832/dior/contrast/seed_44/methods/IRG/eval_full_contrast_ids_v1/predictions.pkl,/mnt/shared/zechuan/iraod_artifacts/comparison/xaf_student_quant_20260908/formal_ports_runs_a39c832/dior/contrast/seed_44/methods/IRG/eval_full_contrast_ids_v1/pred_count.txt,a39c83221c73e71d273b96ef95c65f6d8d1e84f9,331d2131b84651f0a2930a3d53faeefad8701531,a39c83221c73e71d273b96ef95c65f6d8d1e84f9,a39c83221c73e71d273b96ef95c65f6d8d1e84f9,,recorded_adaptation_producer,,,,common_one_epoch,/mnt/shared/zechuan/iraod_artifacts/comparison/xaf_student_quant_20260908/formal_ports_manifests_a39c832/runtime.json,/mnt/shared/zechuan/iraod_artifacts/comparison/xaf_student_quant_20260908/formal_ports_runs_a39c832/dior/contrast/seed_44/methods/IRG/eval_full_contrast_ids_v1/execution.json,[]
DIOR,contrast,LPLD,42,ema,/mnt/shared/zechuan/iraod_artifacts/comparison/xaf_student_quant_20260908/formal_ports_runs_a39c832/dior/contrast/seed_42/methods/LPLD/eval_full_contrast_ids_v1,/mnt/shared/zechuan/iraod_artifacts/comparison/xaf_student_quant_20260908/formal_ports_runs_a39c832/dior/contrast/seed_42/methods/LPLD/eval_full_contrast_ids_v1/eval_20260908_233844.json,/mnt/shared/zechuan/iraod_artifacts/comparison/xaf_student_quant_20260908/formal_ports_runs_a39c832/dior/contrast/seed_42/methods/LPLD/eval_full_contrast_ids_v1/predictions.pkl.image_ids.json,/mnt/shared/zechuan/iraod_artifacts/dior_source/seed42-orthonet-ddp4-gpu4567-spg16-gbs64/reproducibility/resolved_config.py,complete,0.2837677001953125,0.2837677001953125,[],11738,414039,/mnt/shared/zechuan/iraod_artifacts/comparison/xaf_student_quant_20260908/formal_ports_runs_a39c832/dior/contrast/seed_42/methods/LPLD/work/iter_185_ema.pth,74d7eafdc547976a86f8f35b2652dba384948e33ab5c15bb908fa3e54025782a,,/mnt/shared/zechuan/iraod_artifacts/comparison/xaf_student_quant_20260908/formal_ports_runs_a39c832/dior/contrast/seed_42/methods/LPLD/eval_full_contrast_ids_v1/eval_status,/mnt/shared/zechuan/iraod_artifacts/comparison/xaf_student_quant_20260908/formal_ports_runs_a39c832/dior/contrast/seed_42/methods/LPLD/eval_full_contrast_ids_v1/class_ap.txt,/mnt/shared/zechuan/iraod_artifacts/comparison/xaf_student_quant_20260908/formal_ports_runs_a39c832/dior/contrast/seed_42/methods/LPLD/eval_full_contrast_ids_v1/predictions.pkl,/mnt/shared/zechuan/iraod_artifacts/comparison/xaf_student_quant_20260908/formal_ports_runs_a39c832/dior/contrast/seed_42/methods/LPLD/eval_full_contrast_ids_v1/pred_count.txt,a39c83221c73e71d273b96ef95c65f6d8d1e84f9,331d2131b84651f0a2930a3d53faeefad8701531,a39c83221c73e71d273b96ef95c65f6d8d1e84f9,a39c83221c73e71d273b96ef95c65f6d8d1e84f9,,recorded_adaptation_producer,,,,common_one_epoch,/mnt/shared/zechuan/iraod_artifacts/comparison/xaf_student_quant_20260908/formal_ports_manifests_a39c832/runtime.json,/mnt/shared/zechuan/iraod_artifacts/comparison/xaf_student_quant_20260908/formal_ports_runs_a39c832/dior/contrast/seed_42/methods/LPLD/eval_full_contrast_ids_v1/execution.json,[]
DIOR,contrast,LPLD,43,ema,/mnt/shared/zechuan/iraod_artifacts/comparison/xaf_student_quant_20260908/formal_ports_runs_a39c832/dior/contrast/seed_43/methods/LPLD/eval_full_contrast_ids_v1,/mnt/shared/zechuan/iraod_artifacts/comparison/xaf_student_quant_20260908/formal_ports_runs_a39c832/dior/contrast/seed_43/methods/LPLD/eval_full_contrast_ids_v1/eval_20260908_234216.json,/mnt/shared/zechuan/iraod_artifacts/comparison/xaf_student_quant_20260908/formal_ports_runs_a39c832/dior/contrast/seed_43/methods/LPLD/eval_full_contrast_ids_v1/predictions.pkl.image_ids.json,/mnt/shared/zechuan/iraod_artifacts/dior_source/seed42-orthonet-ddp4-gpu4567-spg16-gbs64/reproducibility/resolved_config.py,complete,0.28644829988479614,0.28644829988479614,[],11738,405082,/mnt/shared/zechuan/iraod_artifacts/comparison/xaf_student_quant_20260908/formal_ports_runs_a39c832/dior/contrast/seed_43/methods/LPLD/work/iter_185_ema.pth,74d7eafdc547976a86f8f35b2652dba384948e33ab5c15bb908fa3e54025782a,,/mnt/shared/zechuan/iraod_artifacts/comparison/xaf_student_quant_20260908/formal_ports_runs_a39c832/dior/contrast/seed_43/methods/LPLD/eval_full_contrast_ids_v1/eval_status,/mnt/shared/zechuan/iraod_artifacts/comparison/xaf_student_quant_20260908/formal_ports_runs_a39c832/dior/contrast/seed_43/methods/LPLD/eval_full_contrast_ids_v1/class_ap.txt,/mnt/shared/zechuan/iraod_artifacts/comparison/xaf_student_quant_20260908/formal_ports_runs_a39c832/dior/contrast/seed_43/methods/LPLD/eval_full_contrast_ids_v1/predictions.pkl,/mnt/shared/zechuan/iraod_artifacts/comparison/xaf_student_quant_20260908/formal_ports_runs_a39c832/dior/contrast/seed_43/methods/LPLD/eval_full_contrast_ids_v1/pred_count.txt,a39c83221c73e71d273b96ef95c65f6d8d1e84f9,331d2131b84651f0a2930a3d53faeefad8701531,a39c83221c73e71d273b96ef95c65f6d8d1e84f9,a39c83221c73e71d273b96ef95c65f6d8d1e84f9,,recorded_adaptation_producer,,,,common_one_epoch,/mnt/shared/zechuan/iraod_artifacts/comparison/xaf_student_quant_20260908/formal_ports_manifests_a39c832/runtime.json,/mnt/shared/zechuan/iraod_artifacts/comparison/xaf_student_quant_20260908/formal_ports_runs_a39c832/dior/contrast/seed_43/methods/LPLD/eval_full_contrast_ids_v1/execution.json,[]
DIOR,contrast,LPLD,44,ema,/mnt/shared/zechuan/iraod_artifacts/comparison/xaf_student_quant_20260908/formal_ports_runs_a39c832/dior/contrast/seed_44/methods/LPLD/eval_full_contrast_ids_v1,/mnt/shared/zechuan/iraod_artifacts/comparison/xaf_student_quant_20260908/formal_ports_runs_a39c832/dior/contrast/seed_44/methods/LPLD/eval_full_contrast_ids_v1/eval_20260908_234843.json,/mnt/shared/zechuan/iraod_artifacts/comparison/xaf_student_quant_20260908/formal_ports_runs_a39c832/dior/contrast/seed_44/methods/LPLD/eval_full_contrast_ids_v1/predictions.pkl.image_ids.json,/mnt/shared/zechuan/iraod_artifacts/dior_source/seed42-orthonet-ddp4-gpu4567-spg16-gbs64/reproducibility/resolved_config.py,complete,0.28587013483047485,0.28587013483047485,[],11738,401855,/mnt/shared/zechuan/iraod_artifacts/comparison/xaf_student_quant_20260908/formal_ports_runs_a39c832/dior/contrast/seed_44/methods/LPLD/work/iter_185_ema.pth,74d7eafdc547976a86f8f35b2652dba384948e33ab5c15bb908fa3e54025782a,,/mnt/shared/zechuan/iraod_artifacts/comparison/xaf_student_quant_20260908/formal_ports_runs_a39c832/dior/contrast/seed_44/methods/LPLD/eval_full_contrast_ids_v1/eval_status,/mnt/shared/zechuan/iraod_artifacts/comparison/xaf_student_quant_20260908/formal_ports_runs_a39c832/dior/contrast/seed_44/methods/LPLD/eval_full_contrast_ids_v1/class_ap.txt,/mnt/shared/zechuan/iraod_artifacts/comparison/xaf_student_quant_20260908/formal_ports_runs_a39c832/dior/contrast/seed_44/methods/LPLD/eval_full_contrast_ids_v1/predictions.pkl,/mnt/shared/zechuan/iraod_artifacts/comparison/xaf_student_quant_20260908/formal_ports_runs_a39c832/dior/contrast/seed_44/methods/LPLD/eval_full_contrast_ids_v1/pred_count.txt,a39c83221c73e71d273b96ef95c65f6d8d1e84f9,331d2131b84651f0a2930a3d53faeefad8701531,a39c83221c73e71d273b96ef95c65f6d8d1e84f9,a39c83221c73e71d273b96ef95c65f6d8d1e84f9,,recorded_adaptation_producer,,,,common_one_epoch,/mnt/shared/zechuan/iraod_artifacts/comparison/xaf_student_quant_20260908/formal_ports_manifests_a39c832/runtime.json,/mnt/shared/zechuan/iraod_artifacts/comparison/xaf_student_quant_20260908/formal_ports_runs_a39c832/dior/contrast/seed_44/methods/LPLD/eval_full_contrast_ids_v1/execution.json,[]
DIOR,contrast,SFUT,42,ema,/mnt/shared/zechuan/iraod_artifacts/comparison/xaf_student_quant_20260908/formal_ports_runs_a39c832/dior/contrast/seed_42/methods/SFUT/eval_full_contrast_ids_v1,/mnt/shared/zechuan/iraod_artifacts/comparison/xaf_student_quant_20260908/formal_ports_runs_a39c832/dior/contrast/seed_42/methods/SFUT/eval_full_contrast_ids_v1/eval_20260908_233958.json,/mnt/shared/zechuan/iraod_artifacts/comparison/xaf_student_quant_20260908/formal_ports_runs_a39c832/dior/contrast/seed_42/methods/SFUT/eval_full_contrast_ids_v1/predictions.pkl.image_ids.json,/mnt/shared/zechuan/iraod_artifacts/dior_source/seed42-orthonet-ddp4-gpu4567-spg16-gbs64/reproducibility/resolved_config.py,complete,0.2826979160308838,0.2826979160308838,[],11738,376751,/mnt/shared/zechuan/iraod_artifacts/comparison/xaf_student_quant_20260908/formal_ports_runs_a39c832/dior/contrast/seed_42/methods/SFUT/work/iter_185_ema.pth,74d7eafdc547976a86f8f35b2652dba384948e33ab5c15bb908fa3e54025782a,,/mnt/shared/zechuan/iraod_artifacts/comparison/xaf_student_quant_20260908/formal_ports_runs_a39c832/dior/contrast/seed_42/methods/SFUT/eval_full_contrast_ids_v1/eval_status,/mnt/shared/zechuan/iraod_artifacts/comparison/xaf_student_quant_20260908/formal_ports_runs_a39c832/dior/contrast/seed_42/methods/SFUT/eval_full_contrast_ids_v1/class_ap.txt,/mnt/shared/zechuan/iraod_artifacts/comparison/xaf_student_quant_20260908/formal_ports_runs_a39c832/dior/contrast/seed_42/methods/SFUT/eval_full_contrast_ids_v1/predictions.pkl,/mnt/shared/zechuan/iraod_artifacts/comparison/xaf_student_quant_20260908/formal_ports_runs_a39c832/dior/contrast/seed_42/methods/SFUT/eval_full_contrast_ids_v1/pred_count.txt,a39c83221c73e71d273b96ef95c65f6d8d1e84f9,331d2131b84651f0a2930a3d53faeefad8701531,a39c83221c73e71d273b96ef95c65f6d8d1e84f9,a39c83221c73e71d273b96ef95c65f6d8d1e84f9,,recorded_adaptation_producer,,,,common_one_epoch,/mnt/shared/zechuan/iraod_artifacts/comparison/xaf_student_quant_20260908/formal_ports_manifests_a39c832/runtime.json,/mnt/shared/zechuan/iraod_artifacts/comparison/xaf_student_quant_20260908/formal_ports_runs_a39c832/dior/contrast/seed_42/methods/SFUT/eval_full_contrast_ids_v1/execution.json,[]
DIOR,contrast,SFUT,43,ema,/mnt/shared/zechuan/iraod_artifacts/comparison/xaf_student_quant_20260908/formal_ports_runs_a39c832/dior/contrast/seed_43/methods/SFUT/eval_full_contrast_ids_v1,/mnt/shared/zechuan/iraod_artifacts/comparison/xaf_student_quant_20260908/formal_ports_runs_a39c832/dior/contrast/seed_43/methods/SFUT/eval_full_contrast_ids_v1/eval_20260908_234545.json,/mnt/shared/zechuan/iraod_artifacts/comparison/xaf_student_quant_20260908/formal_ports_runs_a39c832/dior/contrast/seed_43/methods/SFUT/eval_full_contrast_ids_v1/predictions.pkl.image_ids.json,/mnt/shared/zechuan/iraod_artifacts/dior_source/seed42-orthonet-ddp4-gpu4567-spg16-gbs64/reproducibility/resolved_config.py,complete,0.28285202383995056,0.28285202383995056,[],11738,375996,/mnt/shared/zechuan/iraod_artifacts/comparison/xaf_student_quant_20260908/formal_ports_runs_a39c832/dior/contrast/seed_43/methods/SFUT/work/iter_185_ema.pth,74d7eafdc547976a86f8f35b2652dba384948e33ab5c15bb908fa3e54025782a,,/mnt/shared/zechuan/iraod_artifacts/comparison/xaf_student_quant_20260908/formal_ports_runs_a39c832/dior/contrast/seed_43/methods/SFUT/eval_full_contrast_ids_v1/eval_status,/mnt/shared/zechuan/iraod_artifacts/comparison/xaf_student_quant_20260908/formal_ports_runs_a39c832/dior/contrast/seed_43/methods/SFUT/eval_full_contrast_ids_v1/class_ap.txt,/mnt/shared/zechuan/iraod_artifacts/comparison/xaf_student_quant_20260908/formal_ports_runs_a39c832/dior/contrast/seed_43/methods/SFUT/eval_full_contrast_ids_v1/predictions.pkl,/mnt/shared/zechuan/iraod_artifacts/comparison/xaf_student_quant_20260908/formal_ports_runs_a39c832/dior/contrast/seed_43/methods/SFUT/eval_full_contrast_ids_v1/pred_count.txt,a39c83221c73e71d273b96ef95c65f6d8d1e84f9,331d2131b84651f0a2930a3d53faeefad8701531,a39c83221c73e71d273b96ef95c65f6d8d1e84f9,a39c83221c73e71d273b96ef95c65f6d8d1e84f9,,recorded_adaptation_producer,,,,common_one_epoch,/mnt/shared/zechuan/iraod_artifacts/comparison/xaf_student_quant_20260908/formal_ports_manifests_a39c832/runtime.json,/mnt/shared/zechuan/iraod_artifacts/comparison/xaf_student_quant_20260908/formal_ports_runs_a39c832/dior/contrast/seed_43/methods/SFUT/eval_full_contrast_ids_v1/execution.json,[]
DIOR,contrast,SFUT,44,ema,/mnt/shared/zechuan/iraod_artifacts/comparison/xaf_student_quant_20260908/formal_ports_runs_a39c832/dior/contrast/seed_44/methods/SFUT/eval_full_contrast_ids_v1,/mnt/shared/zechuan/iraod_artifacts/comparison/xaf_student_quant_20260908/formal_ports_runs_a39c832/dior/contrast/seed_44/methods/SFUT/eval_full_contrast_ids_v1/eval_20260908_234901.json,/mnt/shared/zechuan/iraod_artifacts/comparison/xaf_student_quant_20260908/formal_ports_runs_a39c832/dior/contrast/seed_44/methods/SFUT/eval_full_contrast_ids_v1/predictions.pkl.image_ids.json,/mnt/shared/zechuan/iraod_artifacts/dior_source/seed42-orthonet-ddp4-gpu4567-spg16-gbs64/reproducibility/resolved_config.py,complete,0.2828091084957123,0.2828091084957123,[],11738,376564,/mnt/shared/zechuan/iraod_artifacts/comparison/xaf_student_quant_20260908/formal_ports_runs_a39c832/dior/contrast/seed_44/methods/SFUT/work/iter_185_ema.pth,74d7eafdc547976a86f8f35b2652dba384948e33ab5c15bb908fa3e54025782a,,/mnt/shared/zechuan/iraod_artifacts/comparison/xaf_student_quant_20260908/formal_ports_runs_a39c832/dior/contrast/seed_44/methods/SFUT/eval_full_contrast_ids_v1/eval_status,/mnt/shared/zechuan/iraod_artifacts/comparison/xaf_student_quant_20260908/formal_ports_runs_a39c832/dior/contrast/seed_44/methods/SFUT/eval_full_contrast_ids_v1/class_ap.txt,/mnt/shared/zechuan/iraod_artifacts/comparison/xaf_student_quant_20260908/formal_ports_runs_a39c832/dior/contrast/seed_44/methods/SFUT/eval_full_contrast_ids_v1/predictions.pkl,/mnt/shared/zechuan/iraod_artifacts/comparison/xaf_student_quant_20260908/formal_ports_runs_a39c832/dior/contrast/seed_44/methods/SFUT/eval_full_contrast_ids_v1/pred_count.txt,a39c83221c73e71d273b96ef95c65f6d8d1e84f9,331d2131b84651f0a2930a3d53faeefad8701531,a39c83221c73e71d273b96ef95c65f6d8d1e84f9,a39c83221c73e71d273b96ef95c65f6d8d1e84f9,,recorded_adaptation_producer,,,,common_one_epoch,/mnt/shared/zechuan/iraod_artifacts/comparison/xaf_student_quant_20260908/formal_ports_manifests_a39c832/runtime.json,/mnt/shared/zechuan/iraod_artifacts/comparison/xaf_student_quant_20260908/formal_ports_runs_a39c832/dior/contrast/seed_44/methods/SFUT/eval_full_contrast_ids_v1/execution.json,[]
