dataset,domain,method,seed,role,class_name,AP50,precision,historical_AP50,eval_AP50,status,evidence
RSAR,clean,A,42,source,ship,0.776,printed class_ap.txt (typically 3 decimals),0.776,0.776,complete,/mnt/shared/zechuan/iraod_artifacts/comparison/rsar/clean/seed_42/0f98a48/methods/A/eval_full_clean_ids_v1/class_ap.txt
RSAR,clean,A,42,source,aircraft,0.622,printed class_ap.txt (typically 3 decimals),0.622,0.622,complete,/mnt/shared/zechuan/iraod_artifacts/comparison/rsar/clean/seed_42/0f98a48/methods/A/eval_full_clean_ids_v1/class_ap.txt
RSAR,clean,A,42,source,car,0.784,printed class_ap.txt (typically 3 decimals),0.784,0.784,complete,/mnt/shared/zechuan/iraod_artifacts/comparison/rsar/clean/seed_42/0f98a48/methods/A/eval_full_clean_ids_v1/class_ap.txt
RSAR,clean,A,42,source,tank,0.173,printed class_ap.txt (typically 3 decimals),0.173,0.173,complete,/mnt/shared/zechuan/iraod_artifacts/comparison/rsar/clean/seed_42/0f98a48/methods/A/eval_full_clean_ids_v1/class_ap.txt
RSAR,clean,A,42,source,bridge,0.395,printed class_ap.txt (typically 3 decimals),0.395,0.395,complete,/mnt/shared/zechuan/iraod_artifacts/comparison/rsar/clean/seed_42/0f98a48/methods/A/eval_full_clean_ids_v1/class_ap.txt
RSAR,clean,A,42,source,harbor,0.438,printed class_ap.txt (typically 3 decimals),0.438,0.438,complete,/mnt/shared/zechuan/iraod_artifacts/comparison/rsar/clean/seed_42/0f98a48/methods/A/eval_full_clean_ids_v1/class_ap.txt
RSAR,clean,B,42,student,ship,0.613,printed class_ap.txt (typically 3 decimals),,,complete,/mnt/shared/zechuan/iraod_artifacts/comparison/rsar/clean/seed_42/0f98a48/methods/B/eval_full_clean_student_ids_v1/class_ap.txt
RSAR,clean,B,42,student,aircraft,0.318,printed class_ap.txt (typically 3 decimals),,,complete,/mnt/shared/zechuan/iraod_artifacts/comparison/rsar/clean/seed_42/0f98a48/methods/B/eval_full_clean_student_ids_v1/class_ap.txt
RSAR,clean,B,42,student,car,0.481,printed class_ap.txt (typically 3 decimals),,,complete,/mnt/shared/zechuan/iraod_artifacts/comparison/rsar/clean/seed_42/0f98a48/methods/B/eval_full_clean_student_ids_v1/class_ap.txt
RSAR,clean,B,42,student,tank,0.091,printed class_ap.txt (typically 3 decimals),,,complete,/mnt/shared/zechuan/iraod_artifacts/comparison/rsar/clean/seed_42/0f98a48/methods/B/eval_full_clean_student_ids_v1/class_ap.txt
RSAR,clean,B,42,student,bridge,0.123,printed class_ap.txt (typically 3 decimals),,,complete,/mnt/shared/zechuan/iraod_artifacts/comparison/rsar/clean/seed_42/0f98a48/methods/B/eval_full_clean_student_ids_v1/class_ap.txt
RSAR,clean,B,42,student,harbor,0.035,printed class_ap.txt (typically 3 decimals),,,complete,/mnt/shared/zechuan/iraod_artifacts/comparison/rsar/clean/seed_42/0f98a48/methods/B/eval_full_clean_student_ids_v1/class_ap.txt
RSAR,clean,B,43,student,ship,0.627,printed class_ap.txt (typically 3 decimals),,,complete,/mnt/shared/zechuan/iraod_artifacts/comparison/rsar/clean/seed_43/0f98a48/methods/B/eval_full_clean_student_ids_v1/class_ap.txt
RSAR,clean,B,43,student,aircraft,0.413,printed class_ap.txt (typically 3 decimals),,,complete,/mnt/shared/zechuan/iraod_artifacts/comparison/rsar/clean/seed_43/0f98a48/methods/B/eval_full_clean_student_ids_v1/class_ap.txt
RSAR,clean,B,43,student,car,0.494,printed class_ap.txt (typically 3 decimals),,,complete,/mnt/shared/zechuan/iraod_artifacts/comparison/rsar/clean/seed_43/0f98a48/methods/B/eval_full_clean_student_ids_v1/class_ap.txt
RSAR,clean,B,43,student,tank,0.091,printed class_ap.txt (typically 3 decimals),,,complete,/mnt/shared/zechuan/iraod_artifacts/comparison/rsar/clean/seed_43/0f98a48/methods/B/eval_full_clean_student_ids_v1/class_ap.txt
RSAR,clean,B,43,student,bridge,0.124,printed class_ap.txt (typically 3 decimals),,,complete,/mnt/shared/zechuan/iraod_artifacts/comparison/rsar/clean/seed_43/0f98a48/methods/B/eval_full_clean_student_ids_v1/class_ap.txt
RSAR,clean,B,43,student,harbor,0.069,printed class_ap.txt (typically 3 decimals),,,complete,/mnt/shared/zechuan/iraod_artifacts/comparison/rsar/clean/seed_43/0f98a48/methods/B/eval_full_clean_student_ids_v1/class_ap.txt
RSAR,clean,B,44,student,ship,0.609,printed class_ap.txt (typically 3 decimals),,,complete,/mnt/shared/zechuan/iraod_artifacts/comparison/rsar/clean/seed_44/0f98a48/methods/B/eval_full_clean_student_ids_v1/class_ap.txt
RSAR,clean,B,44,student,aircraft,0.315,printed class_ap.txt (typically 3 decimals),,,complete,/mnt/shared/zechuan/iraod_artifacts/comparison/rsar/clean/seed_44/0f98a48/methods/B/eval_full_clean_student_ids_v1/class_ap.txt
RSAR,clean,B,44,student,car,0.445,printed class_ap.txt (typically 3 decimals),,,complete,/mnt/shared/zechuan/iraod_artifacts/comparison/rsar/clean/seed_44/0f98a48/methods/B/eval_full_clean_student_ids_v1/class_ap.txt
RSAR,clean,B,44,student,tank,0.091,printed class_ap.txt (typically 3 decimals),,,complete,/mnt/shared/zechuan/iraod_artifacts/comparison/rsar/clean/seed_44/0f98a48/methods/B/eval_full_clean_student_ids_v1/class_ap.txt
RSAR,clean,B,44,student,bridge,0.127,printed class_ap.txt (typically 3 decimals),,,complete,/mnt/shared/zechuan/iraod_artifacts/comparison/rsar/clean/seed_44/0f98a48/methods/B/eval_full_clean_student_ids_v1/class_ap.txt
RSAR,clean,B,44,student,harbor,0.035,printed class_ap.txt (typically 3 decimals),,,complete,/mnt/shared/zechuan/iraod_artifacts/comparison/rsar/clean/seed_44/0f98a48/methods/B/eval_full_clean_student_ids_v1/class_ap.txt
RSAR,clean,C,42,student,ship,0.608,printed class_ap.txt (typically 3 decimals),,,complete,/mnt/shared/zechuan/iraod_artifacts/comparison/rsar/clean/seed_42/0f98a48/methods/C/eval_full_clean_student_ids_v1/class_ap.txt
RSAR,clean,C,42,student,aircraft,0.376,printed class_ap.txt (typically 3 decimals),,,complete,/mnt/shared/zechuan/iraod_artifacts/comparison/rsar/clean/seed_42/0f98a48/methods/C/eval_full_clean_student_ids_v1/class_ap.txt
RSAR,clean,C,42,student,car,0.524,printed class_ap.txt (typically 3 decimals),,,complete,/mnt/shared/zechuan/iraod_artifacts/comparison/rsar/clean/seed_42/0f98a48/methods/C/eval_full_clean_student_ids_v1/class_ap.txt
RSAR,clean,C,42,student,tank,0.091,printed class_ap.txt (typically 3 decimals),,,complete,/mnt/shared/zechuan/iraod_artifacts/comparison/rsar/clean/seed_42/0f98a48/methods/C/eval_full_clean_student_ids_v1/class_ap.txt
RSAR,clean,C,42,student,bridge,0.19,printed class_ap.txt (typically 3 decimals),,,complete,/mnt/shared/zechuan/iraod_artifacts/comparison/rsar/clean/seed_42/0f98a48/methods/C/eval_full_clean_student_ids_v1/class_ap.txt
RSAR,clean,C,42,student,harbor,0.227,printed class_ap.txt (typically 3 decimals),,,complete,/mnt/shared/zechuan/iraod_artifacts/comparison/rsar/clean/seed_42/0f98a48/methods/C/eval_full_clean_student_ids_v1/class_ap.txt
RSAR,clean,C,43,student,ship,0.632,printed class_ap.txt (typically 3 decimals),,,complete,/mnt/shared/zechuan/iraod_artifacts/comparison/rsar/clean/seed_43/0f98a48/methods/C/eval_full_clean_student_ids_v1/class_ap.txt
RSAR,clean,C,43,student,aircraft,0.363,printed class_ap.txt (typically 3 decimals),,,complete,/mnt/shared/zechuan/iraod_artifacts/comparison/rsar/clean/seed_43/0f98a48/methods/C/eval_full_clean_student_ids_v1/class_ap.txt
RSAR,clean,C,43,student,car,0.462,printed class_ap.txt (typically 3 decimals),,,complete,/mnt/shared/zechuan/iraod_artifacts/comparison/rsar/clean/seed_43/0f98a48/methods/C/eval_full_clean_student_ids_v1/class_ap.txt
RSAR,clean,C,43,student,tank,0.091,printed class_ap.txt (typically 3 decimals),,,complete,/mnt/shared/zechuan/iraod_artifacts/comparison/rsar/clean/seed_43/0f98a48/methods/C/eval_full_clean_student_ids_v1/class_ap.txt
RSAR,clean,C,43,student,bridge,0.153,printed class_ap.txt (typically 3 decimals),,,complete,/mnt/shared/zechuan/iraod_artifacts/comparison/rsar/clean/seed_43/0f98a48/methods/C/eval_full_clean_student_ids_v1/class_ap.txt
RSAR,clean,C,43,student,harbor,0.272,printed class_ap.txt (typically 3 decimals),,,complete,/mnt/shared/zechuan/iraod_artifacts/comparison/rsar/clean/seed_43/0f98a48/methods/C/eval_full_clean_student_ids_v1/class_ap.txt
RSAR,clean,C,44,student,ship,0.625,printed class_ap.txt (typically 3 decimals),,,complete,/mnt/shared/zechuan/iraod_artifacts/comparison/rsar/clean/seed_44/0f98a48/methods/C/eval_full_clean_student_ids_v1/class_ap.txt
RSAR,clean,C,44,student,aircraft,0.351,printed class_ap.txt (typically 3 decimals),,,complete,/mnt/shared/zechuan/iraod_artifacts/comparison/rsar/clean/seed_44/0f98a48/methods/C/eval_full_clean_student_ids_v1/class_ap.txt
RSAR,clean,C,44,student,car,0.495,printed class_ap.txt (typically 3 decimals),,,complete,/mnt/shared/zechuan/iraod_artifacts/comparison/rsar/clean/seed_44/0f98a48/methods/C/eval_full_clean_student_ids_v1/class_ap.txt
RSAR,clean,C,44,student,tank,0.091,printed class_ap.txt (typically 3 decimals),,,complete,/mnt/shared/zechuan/iraod_artifacts/comparison/rsar/clean/seed_44/0f98a48/methods/C/eval_full_clean_student_ids_v1/class_ap.txt
RSAR,clean,C,44,student,bridge,0.218,printed class_ap.txt (typically 3 decimals),,,complete,/mnt/shared/zechuan/iraod_artifacts/comparison/rsar/clean/seed_44/0f98a48/methods/C/eval_full_clean_student_ids_v1/class_ap.txt
RSAR,clean,C,44,student,harbor,0.111,printed class_ap.txt (typically 3 decimals),,,complete,/mnt/shared/zechuan/iraod_artifacts/comparison/rsar/clean/seed_44/0f98a48/methods/C/eval_full_clean_student_ids_v1/class_ap.txt
RSAR,clean,D,42,student,ship,0.637,printed class_ap.txt (typically 3 decimals),,,complete,/mnt/shared/zechuan/iraod_artifacts/comparison/rsar/clean/seed_42/0f98a48/methods/D/eval_full_clean_student_ids_v1/class_ap.txt
RSAR,clean,D,42,student,aircraft,0.428,printed class_ap.txt (typically 3 decimals),,,complete,/mnt/shared/zechuan/iraod_artifacts/comparison/rsar/clean/seed_42/0f98a48/methods/D/eval_full_clean_student_ids_v1/class_ap.txt
RSAR,clean,D,42,student,car,0.41,printed class_ap.txt (typically 3 decimals),,,complete,/mnt/shared/zechuan/iraod_artifacts/comparison/rsar/clean/seed_42/0f98a48/methods/D/eval_full_clean_student_ids_v1/class_ap.txt
RSAR,clean,D,42,student,tank,0.091,printed class_ap.txt (typically 3 decimals),,,complete,/mnt/shared/zechuan/iraod_artifacts/comparison/rsar/clean/seed_42/0f98a48/methods/D/eval_full_clean_student_ids_v1/class_ap.txt
RSAR,clean,D,42,student,bridge,0.228,printed class_ap.txt (typically 3 decimals),,,complete,/mnt/shared/zechuan/iraod_artifacts/comparison/rsar/clean/seed_42/0f98a48/methods/D/eval_full_clean_student_ids_v1/class_ap.txt
RSAR,clean,D,42,student,harbor,0.111,printed class_ap.txt (typically 3 decimals),,,complete,/mnt/shared/zechuan/iraod_artifacts/comparison/rsar/clean/seed_42/0f98a48/methods/D/eval_full_clean_student_ids_v1/class_ap.txt
RSAR,clean,D,43,student,ship,0.604,printed class_ap.txt (typically 3 decimals),,,complete,/mnt/shared/zechuan/iraod_artifacts/comparison/rsar/clean/seed_43/0f98a48/methods/D/eval_full_clean_student_ids_v1/class_ap.txt
RSAR,clean,D,43,student,aircraft,0.48,printed class_ap.txt (typically 3 decimals),,,complete,/mnt/shared/zechuan/iraod_artifacts/comparison/rsar/clean/seed_43/0f98a48/methods/D/eval_full_clean_student_ids_v1/class_ap.txt
RSAR,clean,D,43,student,car,0.42,printed class_ap.txt (typically 3 decimals),,,complete,/mnt/shared/zechuan/iraod_artifacts/comparison/rsar/clean/seed_43/0f98a48/methods/D/eval_full_clean_student_ids_v1/class_ap.txt
RSAR,clean,D,43,student,tank,0.091,printed class_ap.txt (typically 3 decimals),,,complete,/mnt/shared/zechuan/iraod_artifacts/comparison/rsar/clean/seed_43/0f98a48/methods/D/eval_full_clean_student_ids_v1/class_ap.txt
RSAR,clean,D,43,student,bridge,0.185,printed class_ap.txt (typically 3 decimals),,,complete,/mnt/shared/zechuan/iraod_artifacts/comparison/rsar/clean/seed_43/0f98a48/methods/D/eval_full_clean_student_ids_v1/class_ap.txt
RSAR,clean,D,43,student,harbor,0.041,printed class_ap.txt (typically 3 decimals),,,complete,/mnt/shared/zechuan/iraod_artifacts/comparison/rsar/clean/seed_43/0f98a48/methods/D/eval_full_clean_student_ids_v1/class_ap.txt
RSAR,clean,D,44,student,ship,0.668,printed class_ap.txt (typically 3 decimals),,,complete,/mnt/shared/zechuan/iraod_artifacts/comparison/rsar/clean/seed_44/0f98a48/methods/D/eval_full_clean_student_ids_v1/class_ap.txt
RSAR,clean,D,44,student,aircraft,0.512,printed class_ap.txt (typically 3 decimals),,,complete,/mnt/shared/zechuan/iraod_artifacts/comparison/rsar/clean/seed_44/0f98a48/methods/D/eval_full_clean_student_ids_v1/class_ap.txt
RSAR,clean,D,44,student,car,0.586,printed class_ap.txt (typically 3 decimals),,,complete,/mnt/shared/zechuan/iraod_artifacts/comparison/rsar/clean/seed_44/0f98a48/methods/D/eval_full_clean_student_ids_v1/class_ap.txt
RSAR,clean,D,44,student,tank,0.091,printed class_ap.txt (typically 3 decimals),,,complete,/mnt/shared/zechuan/iraod_artifacts/comparison/rsar/clean/seed_44/0f98a48/methods/D/eval_full_clean_student_ids_v1/class_ap.txt
RSAR,clean,D,44,student,bridge,0.263,printed class_ap.txt (typically 3 decimals),,,complete,/mnt/shared/zechuan/iraod_artifacts/comparison/rsar/clean/seed_44/0f98a48/methods/D/eval_full_clean_student_ids_v1/class_ap.txt
RSAR,clean,D,44,student,harbor,0.175,printed class_ap.txt (typically 3 decimals),,,complete,/mnt/shared/zechuan/iraod_artifacts/comparison/rsar/clean/seed_44/0f98a48/methods/D/eval_full_clean_student_ids_v1/class_ap.txt
RSAR,clean,E,42,student,ship,0.597,printed class_ap.txt (typically 3 decimals),,,complete,/mnt/shared/zechuan/iraod_artifacts/comparison/rsar/clean/seed_42/0f98a48/methods/E/ddp2/eval_full_clean_student_ids_v1/class_ap.txt
RSAR,clean,E,42,student,aircraft,0.268,printed class_ap.txt (typically 3 decimals),,,complete,/mnt/shared/zechuan/iraod_artifacts/comparison/rsar/clean/seed_42/0f98a48/methods/E/ddp2/eval_full_clean_student_ids_v1/class_ap.txt
RSAR,clean,E,42,student,car,0.38,printed class_ap.txt (typically 3 decimals),,,complete,/mnt/shared/zechuan/iraod_artifacts/comparison/rsar/clean/seed_42/0f98a48/methods/E/ddp2/eval_full_clean_student_ids_v1/class_ap.txt
RSAR,clean,E,42,student,tank,0.091,printed class_ap.txt (typically 3 decimals),,,complete,/mnt/shared/zechuan/iraod_artifacts/comparison/rsar/clean/seed_42/0f98a48/methods/E/ddp2/eval_full_clean_student_ids_v1/class_ap.txt
RSAR,clean,E,42,student,bridge,0.087,printed class_ap.txt (typically 3 decimals),,,complete,/mnt/shared/zechuan/iraod_artifacts/comparison/rsar/clean/seed_42/0f98a48/methods/E/ddp2/eval_full_clean_student_ids_v1/class_ap.txt
RSAR,clean,E,42,student,harbor,0.048,printed class_ap.txt (typically 3 decimals),,,complete,/mnt/shared/zechuan/iraod_artifacts/comparison/rsar/clean/seed_42/0f98a48/methods/E/ddp2/eval_full_clean_student_ids_v1/class_ap.txt
RSAR,clean,E,43,student,ship,0.463,printed class_ap.txt (typically 3 decimals),,,complete,/mnt/shared/zechuan/iraod_artifacts/comparison/rsar/clean/seed_43/0f98a48/methods/E/ddp2/eval_full_clean_student_ids_v1/class_ap.txt
RSAR,clean,E,43,student,aircraft,0.283,printed class_ap.txt (typically 3 decimals),,,complete,/mnt/shared/zechuan/iraod_artifacts/comparison/rsar/clean/seed_43/0f98a48/methods/E/ddp2/eval_full_clean_student_ids_v1/class_ap.txt
RSAR,clean,E,43,student,car,0.374,printed class_ap.txt (typically 3 decimals),,,complete,/mnt/shared/zechuan/iraod_artifacts/comparison/rsar/clean/seed_43/0f98a48/methods/E/ddp2/eval_full_clean_student_ids_v1/class_ap.txt
RSAR,clean,E,43,student,tank,0.091,printed class_ap.txt (typically 3 decimals),,,complete,/mnt/shared/zechuan/iraod_artifacts/comparison/rsar/clean/seed_43/0f98a48/methods/E/ddp2/eval_full_clean_student_ids_v1/class_ap.txt
RSAR,clean,E,43,student,bridge,0.149,printed class_ap.txt (typically 3 decimals),,,complete,/mnt/shared/zechuan/iraod_artifacts/comparison/rsar/clean/seed_43/0f98a48/methods/E/ddp2/eval_full_clean_student_ids_v1/class_ap.txt
RSAR,clean,E,43,student,harbor,0.057,printed class_ap.txt (typically 3 decimals),,,complete,/mnt/shared/zechuan/iraod_artifacts/comparison/rsar/clean/seed_43/0f98a48/methods/E/ddp2/eval_full_clean_student_ids_v1/class_ap.txt
RSAR,clean,E,44,student,ship,0.521,printed class_ap.txt (typically 3 decimals),,,complete,/mnt/shared/zechuan/iraod_artifacts/comparison/rsar/clean/seed_44/0f98a48/methods/E/ddp2/eval_full_clean_student_ids_v1/class_ap.txt
RSAR,clean,E,44,student,aircraft,0.244,printed class_ap.txt (typically 3 decimals),,,complete,/mnt/shared/zechuan/iraod_artifacts/comparison/rsar/clean/seed_44/0f98a48/methods/E/ddp2/eval_full_clean_student_ids_v1/class_ap.txt
RSAR,clean,E,44,student,car,0.461,printed class_ap.txt (typically 3 decimals),,,complete,/mnt/shared/zechuan/iraod_artifacts/comparison/rsar/clean/seed_44/0f98a48/methods/E/ddp2/eval_full_clean_student_ids_v1/class_ap.txt
RSAR,clean,E,44,student,tank,0.094,printed class_ap.txt (typically 3 decimals),,,complete,/mnt/shared/zechuan/iraod_artifacts/comparison/rsar/clean/seed_44/0f98a48/methods/E/ddp2/eval_full_clean_student_ids_v1/class_ap.txt
RSAR,clean,E,44,student,bridge,0.139,printed class_ap.txt (typically 3 decimals),,,complete,/mnt/shared/zechuan/iraod_artifacts/comparison/rsar/clean/seed_44/0f98a48/methods/E/ddp2/eval_full_clean_student_ids_v1/class_ap.txt
RSAR,clean,E,44,student,harbor,0.081,printed class_ap.txt (typically 3 decimals),,,complete,/mnt/shared/zechuan/iraod_artifacts/comparison/rsar/clean/seed_44/0f98a48/methods/E/ddp2/eval_full_clean_student_ids_v1/class_ap.txt
RSAR,clean,F,42,student,ship,0.536,printed class_ap.txt (typically 3 decimals),,,complete,/mnt/shared/zechuan/iraod_artifacts/comparison/rsar/clean/seed_42/0f98a48/methods/F/ddp2/eval_full_clean_student_ids_v1/class_ap.txt
RSAR,clean,F,42,student,aircraft,0.424,printed class_ap.txt (typically 3 decimals),,,complete,/mnt/shared/zechuan/iraod_artifacts/comparison/rsar/clean/seed_42/0f98a48/methods/F/ddp2/eval_full_clean_student_ids_v1/class_ap.txt
RSAR,clean,F,42,student,car,0.389,printed class_ap.txt (typically 3 decimals),,,complete,/mnt/shared/zechuan/iraod_artifacts/comparison/rsar/clean/seed_42/0f98a48/methods/F/ddp2/eval_full_clean_student_ids_v1/class_ap.txt
RSAR,clean,F,42,student,tank,0.091,printed class_ap.txt (typically 3 decimals),,,complete,/mnt/shared/zechuan/iraod_artifacts/comparison/rsar/clean/seed_42/0f98a48/methods/F/ddp2/eval_full_clean_student_ids_v1/class_ap.txt
RSAR,clean,F,42,student,bridge,0.155,printed class_ap.txt (typically 3 decimals),,,complete,/mnt/shared/zechuan/iraod_artifacts/comparison/rsar/clean/seed_42/0f98a48/methods/F/ddp2/eval_full_clean_student_ids_v1/class_ap.txt
RSAR,clean,F,42,student,harbor,0.049,printed class_ap.txt (typically 3 decimals),,,complete,/mnt/shared/zechuan/iraod_artifacts/comparison/rsar/clean/seed_42/0f98a48/methods/F/ddp2/eval_full_clean_student_ids_v1/class_ap.txt
RSAR,clean,F,43,student,ship,0.54,printed class_ap.txt (typically 3 decimals),,,complete,/mnt/shared/zechuan/iraod_artifacts/comparison/rsar/clean/seed_43/0f98a48/methods/F/ddp2/eval_full_clean_student_ids_v1/class_ap.txt
RSAR,clean,F,43,student,aircraft,0.326,printed class_ap.txt (typically 3 decimals),,,complete,/mnt/shared/zechuan/iraod_artifacts/comparison/rsar/clean/seed_43/0f98a48/methods/F/ddp2/eval_full_clean_student_ids_v1/class_ap.txt
RSAR,clean,F,43,student,car,0.449,printed class_ap.txt (typically 3 decimals),,,complete,/mnt/shared/zechuan/iraod_artifacts/comparison/rsar/clean/seed_43/0f98a48/methods/F/ddp2/eval_full_clean_student_ids_v1/class_ap.txt
RSAR,clean,F,43,student,tank,0.091,printed class_ap.txt (typically 3 decimals),,,complete,/mnt/shared/zechuan/iraod_artifacts/comparison/rsar/clean/seed_43/0f98a48/methods/F/ddp2/eval_full_clean_student_ids_v1/class_ap.txt
RSAR,clean,F,43,student,bridge,0.16,printed class_ap.txt (typically 3 decimals),,,complete,/mnt/shared/zechuan/iraod_artifacts/comparison/rsar/clean/seed_43/0f98a48/methods/F/ddp2/eval_full_clean_student_ids_v1/class_ap.txt
RSAR,clean,F,43,student,harbor,0.072,printed class_ap.txt (typically 3 decimals),,,complete,/mnt/shared/zechuan/iraod_artifacts/comparison/rsar/clean/seed_43/0f98a48/methods/F/ddp2/eval_full_clean_student_ids_v1/class_ap.txt
RSAR,clean,F,44,student,ship,0.558,printed class_ap.txt (typically 3 decimals),,,complete,/mnt/shared/zechuan/iraod_artifacts/comparison/rsar/clean/seed_44/0f98a48/methods/F/ddp2/eval_full_clean_student_ids_v1/class_ap.txt
RSAR,clean,F,44,student,aircraft,0.404,printed class_ap.txt (typically 3 decimals),,,complete,/mnt/shared/zechuan/iraod_artifacts/comparison/rsar/clean/seed_44/0f98a48/methods/F/ddp2/eval_full_clean_student_ids_v1/class_ap.txt
RSAR,clean,F,44,student,car,0.159,printed class_ap.txt (typically 3 decimals),,,complete,/mnt/shared/zechuan/iraod_artifacts/comparison/rsar/clean/seed_44/0f98a48/methods/F/ddp2/eval_full_clean_student_ids_v1/class_ap.txt
RSAR,clean,F,44,student,tank,0.091,printed class_ap.txt (typically 3 decimals),,,complete,/mnt/shared/zechuan/iraod_artifacts/comparison/rsar/clean/seed_44/0f98a48/methods/F/ddp2/eval_full_clean_student_ids_v1/class_ap.txt
RSAR,clean,F,44,student,bridge,0.124,printed class_ap.txt (typically 3 decimals),,,complete,/mnt/shared/zechuan/iraod_artifacts/comparison/rsar/clean/seed_44/0f98a48/methods/F/ddp2/eval_full_clean_student_ids_v1/class_ap.txt
RSAR,clean,F,44,student,harbor,0.046,printed class_ap.txt (typically 3 decimals),,,complete,/mnt/shared/zechuan/iraod_artifacts/comparison/rsar/clean/seed_44/0f98a48/methods/F/ddp2/eval_full_clean_student_ids_v1/class_ap.txt
RSAR,chaff,A,42,source,ship,0.679,printed class_ap.txt (typically 3 decimals),0.679,0.679,complete,/mnt/shared/zechuan/iraod_artifacts/comparison/rsar/chaff/seed_42/f2145b4/methods/A/eval_full_chaff_ids_v1/class_ap.txt
RSAR,chaff,A,42,source,aircraft,0.601,printed class_ap.txt (typically 3 decimals),0.601,0.601,complete,/mnt/shared/zechuan/iraod_artifacts/comparison/rsar/chaff/seed_42/f2145b4/methods/A/eval_full_chaff_ids_v1/class_ap.txt
RSAR,chaff,A,42,source,car,0.693,printed class_ap.txt (typically 3 decimals),0.693,0.693,complete,/mnt/shared/zechuan/iraod_artifacts/comparison/rsar/chaff/seed_42/f2145b4/methods/A/eval_full_chaff_ids_v1/class_ap.txt
RSAR,chaff,A,42,source,tank,0.168,printed class_ap.txt (typically 3 decimals),0.168,0.168,complete,/mnt/shared/zechuan/iraod_artifacts/comparison/rsar/chaff/seed_42/f2145b4/methods/A/eval_full_chaff_ids_v1/class_ap.txt
RSAR,chaff,A,42,source,bridge,0.368,printed class_ap.txt (typically 3 decimals),0.368,0.368,complete,/mnt/shared/zechuan/iraod_artifacts/comparison/rsar/chaff/seed_42/f2145b4/methods/A/eval_full_chaff_ids_v1/class_ap.txt
RSAR,chaff,A,42,source,harbor,0.323,printed class_ap.txt (typically 3 decimals),0.323,0.323,complete,/mnt/shared/zechuan/iraod_artifacts/comparison/rsar/chaff/seed_42/f2145b4/methods/A/eval_full_chaff_ids_v1/class_ap.txt
RSAR,chaff,B,42,student,ship,0.561,printed class_ap.txt (typically 3 decimals),,,complete,/mnt/shared/zechuan/iraod_artifacts/comparison/rsar/chaff/seed_42/f2145b4/methods/B/eval_full_chaff_student_ids_v1/class_ap.txt
RSAR,chaff,B,42,student,aircraft,0.286,printed class_ap.txt (typically 3 decimals),,,complete,/mnt/shared/zechuan/iraod_artifacts/comparison/rsar/chaff/seed_42/f2145b4/methods/B/eval_full_chaff_student_ids_v1/class_ap.txt
RSAR,chaff,B,42,student,car,0.449,printed class_ap.txt (typically 3 decimals),,,complete,/mnt/shared/zechuan/iraod_artifacts/comparison/rsar/chaff/seed_42/f2145b4/methods/B/eval_full_chaff_student_ids_v1/class_ap.txt
RSAR,chaff,B,42,student,tank,0.091,printed class_ap.txt (typically 3 decimals),,,complete,/mnt/shared/zechuan/iraod_artifacts/comparison/rsar/chaff/seed_42/f2145b4/methods/B/eval_full_chaff_student_ids_v1/class_ap.txt
RSAR,chaff,B,42,student,bridge,0.073,printed class_ap.txt (typically 3 decimals),,,complete,/mnt/shared/zechuan/iraod_artifacts/comparison/rsar/chaff/seed_42/f2145b4/methods/B/eval_full_chaff_student_ids_v1/class_ap.txt
RSAR,chaff,B,42,student,harbor,0.023,printed class_ap.txt (typically 3 decimals),,,complete,/mnt/shared/zechuan/iraod_artifacts/comparison/rsar/chaff/seed_42/f2145b4/methods/B/eval_full_chaff_student_ids_v1/class_ap.txt
RSAR,chaff,B,43,student,ship,0.564,printed class_ap.txt (typically 3 decimals),,,complete,/mnt/shared/zechuan/iraod_artifacts/comparison/rsar/chaff/seed_43/0f98a48/methods/B/eval_full_chaff_student_ids_v1/class_ap.txt
RSAR,chaff,B,43,student,aircraft,0.301,printed class_ap.txt (typically 3 decimals),,,complete,/mnt/shared/zechuan/iraod_artifacts/comparison/rsar/chaff/seed_43/0f98a48/methods/B/eval_full_chaff_student_ids_v1/class_ap.txt
RSAR,chaff,B,43,student,car,0.402,printed class_ap.txt (typically 3 decimals),,,complete,/mnt/shared/zechuan/iraod_artifacts/comparison/rsar/chaff/seed_43/0f98a48/methods/B/eval_full_chaff_student_ids_v1/class_ap.txt
RSAR,chaff,B,43,student,tank,0.091,printed class_ap.txt (typically 3 decimals),,,complete,/mnt/shared/zechuan/iraod_artifacts/comparison/rsar/chaff/seed_43/0f98a48/methods/B/eval_full_chaff_student_ids_v1/class_ap.txt
RSAR,chaff,B,43,student,bridge,0.097,printed class_ap.txt (typically 3 decimals),,,complete,/mnt/shared/zechuan/iraod_artifacts/comparison/rsar/chaff/seed_43/0f98a48/methods/B/eval_full_chaff_student_ids_v1/class_ap.txt
RSAR,chaff,B,43,student,harbor,0.072,printed class_ap.txt (typically 3 decimals),,,complete,/mnt/shared/zechuan/iraod_artifacts/comparison/rsar/chaff/seed_43/0f98a48/methods/B/eval_full_chaff_student_ids_v1/class_ap.txt
RSAR,chaff,B,44,student,ship,0.544,printed class_ap.txt (typically 3 decimals),,,complete,/mnt/shared/zechuan/iraod_artifacts/comparison/rsar/chaff/seed_44/0f98a48/methods/B/eval_full_chaff_student_ids_v1/class_ap.txt
RSAR,chaff,B,44,student,aircraft,0.228,printed class_ap.txt (typically 3 decimals),,,complete,/mnt/shared/zechuan/iraod_artifacts/comparison/rsar/chaff/seed_44/0f98a48/methods/B/eval_full_chaff_student_ids_v1/class_ap.txt
RSAR,chaff,B,44,student,car,0.384,printed class_ap.txt (typically 3 decimals),,,complete,/mnt/shared/zechuan/iraod_artifacts/comparison/rsar/chaff/seed_44/0f98a48/methods/B/eval_full_chaff_student_ids_v1/class_ap.txt
RSAR,chaff,B,44,student,tank,0.091,printed class_ap.txt (typically 3 decimals),,,complete,/mnt/shared/zechuan/iraod_artifacts/comparison/rsar/chaff/seed_44/0f98a48/methods/B/eval_full_chaff_student_ids_v1/class_ap.txt
RSAR,chaff,B,44,student,bridge,0.071,printed class_ap.txt (typically 3 decimals),,,complete,/mnt/shared/zechuan/iraod_artifacts/comparison/rsar/chaff/seed_44/0f98a48/methods/B/eval_full_chaff_student_ids_v1/class_ap.txt
RSAR,chaff,B,44,student,harbor,0.026,printed class_ap.txt (typically 3 decimals),,,complete,/mnt/shared/zechuan/iraod_artifacts/comparison/rsar/chaff/seed_44/0f98a48/methods/B/eval_full_chaff_student_ids_v1/class_ap.txt
RSAR,chaff,C,42,student,ship,0.554,printed class_ap.txt (typically 3 decimals),,,complete,/mnt/shared/zechuan/iraod_artifacts/comparison/rsar/chaff/seed_42/f2145b4/methods/C/eval_full_chaff_student_ids_v1/class_ap.txt
RSAR,chaff,C,42,student,aircraft,0.255,printed class_ap.txt (typically 3 decimals),,,complete,/mnt/shared/zechuan/iraod_artifacts/comparison/rsar/chaff/seed_42/f2145b4/methods/C/eval_full_chaff_student_ids_v1/class_ap.txt
RSAR,chaff,C,42,student,car,0.466,printed class_ap.txt (typically 3 decimals),,,complete,/mnt/shared/zechuan/iraod_artifacts/comparison/rsar/chaff/seed_42/f2145b4/methods/C/eval_full_chaff_student_ids_v1/class_ap.txt
RSAR,chaff,C,42,student,tank,0.091,printed class_ap.txt (typically 3 decimals),,,complete,/mnt/shared/zechuan/iraod_artifacts/comparison/rsar/chaff/seed_42/f2145b4/methods/C/eval_full_chaff_student_ids_v1/class_ap.txt
RSAR,chaff,C,42,student,bridge,0.203,printed class_ap.txt (typically 3 decimals),,,complete,/mnt/shared/zechuan/iraod_artifacts/comparison/rsar/chaff/seed_42/f2145b4/methods/C/eval_full_chaff_student_ids_v1/class_ap.txt
RSAR,chaff,C,42,student,harbor,0.149,printed class_ap.txt (typically 3 decimals),,,complete,/mnt/shared/zechuan/iraod_artifacts/comparison/rsar/chaff/seed_42/f2145b4/methods/C/eval_full_chaff_student_ids_v1/class_ap.txt
RSAR,chaff,C,43,student,ship,0.575,printed class_ap.txt (typically 3 decimals),,,complete,/mnt/shared/zechuan/iraod_artifacts/comparison/rsar/chaff/seed_43/0f98a48/methods/C/eval_full_chaff_student_ids_v1/class_ap.txt
RSAR,chaff,C,43,student,aircraft,0.353,printed class_ap.txt (typically 3 decimals),,,complete,/mnt/shared/zechuan/iraod_artifacts/comparison/rsar/chaff/seed_43/0f98a48/methods/C/eval_full_chaff_student_ids_v1/class_ap.txt
RSAR,chaff,C,43,student,car,0.434,printed class_ap.txt (typically 3 decimals),,,complete,/mnt/shared/zechuan/iraod_artifacts/comparison/rsar/chaff/seed_43/0f98a48/methods/C/eval_full_chaff_student_ids_v1/class_ap.txt
RSAR,chaff,C,43,student,tank,0.091,printed class_ap.txt (typically 3 decimals),,,complete,/mnt/shared/zechuan/iraod_artifacts/comparison/rsar/chaff/seed_43/0f98a48/methods/C/eval_full_chaff_student_ids_v1/class_ap.txt
RSAR,chaff,C,43,student,bridge,0.157,printed class_ap.txt (typically 3 decimals),,,complete,/mnt/shared/zechuan/iraod_artifacts/comparison/rsar/chaff/seed_43/0f98a48/methods/C/eval_full_chaff_student_ids_v1/class_ap.txt
RSAR,chaff,C,43,student,harbor,0.201,printed class_ap.txt (typically 3 decimals),,,complete,/mnt/shared/zechuan/iraod_artifacts/comparison/rsar/chaff/seed_43/0f98a48/methods/C/eval_full_chaff_student_ids_v1/class_ap.txt
RSAR,chaff,C,44,student,ship,0.586,printed class_ap.txt (typically 3 decimals),,,complete,/mnt/shared/zechuan/iraod_artifacts/comparison/rsar/chaff/seed_44/0f98a48/methods/C/eval_full_chaff_student_ids_v1/class_ap.txt
RSAR,chaff,C,44,student,aircraft,0.238,printed class_ap.txt (typically 3 decimals),,,complete,/mnt/shared/zechuan/iraod_artifacts/comparison/rsar/chaff/seed_44/0f98a48/methods/C/eval_full_chaff_student_ids_v1/class_ap.txt
RSAR,chaff,C,44,student,car,0.41,printed class_ap.txt (typically 3 decimals),,,complete,/mnt/shared/zechuan/iraod_artifacts/comparison/rsar/chaff/seed_44/0f98a48/methods/C/eval_full_chaff_student_ids_v1/class_ap.txt
RSAR,chaff,C,44,student,tank,0.091,printed class_ap.txt (typically 3 decimals),,,complete,/mnt/shared/zechuan/iraod_artifacts/comparison/rsar/chaff/seed_44/0f98a48/methods/C/eval_full_chaff_student_ids_v1/class_ap.txt
RSAR,chaff,C,44,student,bridge,0.243,printed class_ap.txt (typically 3 decimals),,,complete,/mnt/shared/zechuan/iraod_artifacts/comparison/rsar/chaff/seed_44/0f98a48/methods/C/eval_full_chaff_student_ids_v1/class_ap.txt
RSAR,chaff,C,44,student,harbor,0.176,printed class_ap.txt (typically 3 decimals),,,complete,/mnt/shared/zechuan/iraod_artifacts/comparison/rsar/chaff/seed_44/0f98a48/methods/C/eval_full_chaff_student_ids_v1/class_ap.txt
RSAR,chaff,D,42,student,ship,0.536,printed class_ap.txt (typically 3 decimals),,,complete,/mnt/shared/zechuan/iraod_artifacts/comparison/rsar/chaff/seed_42/f2145b4/methods/D/eval_full_chaff_student_ids_v1/class_ap.txt
RSAR,chaff,D,42,student,aircraft,0.373,printed class_ap.txt (typically 3 decimals),,,complete,/mnt/shared/zechuan/iraod_artifacts/comparison/rsar/chaff/seed_42/f2145b4/methods/D/eval_full_chaff_student_ids_v1/class_ap.txt
RSAR,chaff,D,42,student,car,0.158,printed class_ap.txt (typically 3 decimals),,,complete,/mnt/shared/zechuan/iraod_artifacts/comparison/rsar/chaff/seed_42/f2145b4/methods/D/eval_full_chaff_student_ids_v1/class_ap.txt
RSAR,chaff,D,42,student,tank,0.091,printed class_ap.txt (typically 3 decimals),,,complete,/mnt/shared/zechuan/iraod_artifacts/comparison/rsar/chaff/seed_42/f2145b4/methods/D/eval_full_chaff_student_ids_v1/class_ap.txt
RSAR,chaff,D,42,student,bridge,0.209,printed class_ap.txt (typically 3 decimals),,,complete,/mnt/shared/zechuan/iraod_artifacts/comparison/rsar/chaff/seed_42/f2145b4/methods/D/eval_full_chaff_student_ids_v1/class_ap.txt
RSAR,chaff,D,42,student,harbor,0.132,printed class_ap.txt (typically 3 decimals),,,complete,/mnt/shared/zechuan/iraod_artifacts/comparison/rsar/chaff/seed_42/f2145b4/methods/D/eval_full_chaff_student_ids_v1/class_ap.txt
RSAR,chaff,D,43,student,ship,0.461,printed class_ap.txt (typically 3 decimals),,,complete,/mnt/shared/zechuan/iraod_artifacts/comparison/rsar/chaff/seed_43/0f98a48/methods/D/eval_full_chaff_student_ids_v1/class_ap.txt
RSAR,chaff,D,43,student,aircraft,0.214,printed class_ap.txt (typically 3 decimals),,,complete,/mnt/shared/zechuan/iraod_artifacts/comparison/rsar/chaff/seed_43/0f98a48/methods/D/eval_full_chaff_student_ids_v1/class_ap.txt
RSAR,chaff,D,43,student,car,0.423,printed class_ap.txt (typically 3 decimals),,,complete,/mnt/shared/zechuan/iraod_artifacts/comparison/rsar/chaff/seed_43/0f98a48/methods/D/eval_full_chaff_student_ids_v1/class_ap.txt
RSAR,chaff,D,43,student,tank,0.091,printed class_ap.txt (typically 3 decimals),,,complete,/mnt/shared/zechuan/iraod_artifacts/comparison/rsar/chaff/seed_43/0f98a48/methods/D/eval_full_chaff_student_ids_v1/class_ap.txt
RSAR,chaff,D,43,student,bridge,0.187,printed class_ap.txt (typically 3 decimals),,,complete,/mnt/shared/zechuan/iraod_artifacts/comparison/rsar/chaff/seed_43/0f98a48/methods/D/eval_full_chaff_student_ids_v1/class_ap.txt
RSAR,chaff,D,43,student,harbor,0.114,printed class_ap.txt (typically 3 decimals),,,complete,/mnt/shared/zechuan/iraod_artifacts/comparison/rsar/chaff/seed_43/0f98a48/methods/D/eval_full_chaff_student_ids_v1/class_ap.txt
RSAR,chaff,D,44,student,ship,0.598,printed class_ap.txt (typically 3 decimals),,,complete,/mnt/shared/zechuan/iraod_artifacts/comparison/rsar/chaff/seed_44/0f98a48/methods/D/eval_full_chaff_student_ids_v1/class_ap.txt
RSAR,chaff,D,44,student,aircraft,0.479,printed class_ap.txt (typically 3 decimals),,,complete,/mnt/shared/zechuan/iraod_artifacts/comparison/rsar/chaff/seed_44/0f98a48/methods/D/eval_full_chaff_student_ids_v1/class_ap.txt
RSAR,chaff,D,44,student,car,0.497,printed class_ap.txt (typically 3 decimals),,,complete,/mnt/shared/zechuan/iraod_artifacts/comparison/rsar/chaff/seed_44/0f98a48/methods/D/eval_full_chaff_student_ids_v1/class_ap.txt
RSAR,chaff,D,44,student,tank,0.091,printed class_ap.txt (typically 3 decimals),,,complete,/mnt/shared/zechuan/iraod_artifacts/comparison/rsar/chaff/seed_44/0f98a48/methods/D/eval_full_chaff_student_ids_v1/class_ap.txt
RSAR,chaff,D,44,student,bridge,0.258,printed class_ap.txt (typically 3 decimals),,,complete,/mnt/shared/zechuan/iraod_artifacts/comparison/rsar/chaff/seed_44/0f98a48/methods/D/eval_full_chaff_student_ids_v1/class_ap.txt
RSAR,chaff,D,44,student,harbor,0.136,printed class_ap.txt (typically 3 decimals),,,complete,/mnt/shared/zechuan/iraod_artifacts/comparison/rsar/chaff/seed_44/0f98a48/methods/D/eval_full_chaff_student_ids_v1/class_ap.txt
RSAR,chaff,E,42,student,ship,0.522,printed class_ap.txt (typically 3 decimals),,,complete,/mnt/shared/zechuan/iraod_artifacts/comparison/rsar/chaff/seed_42/f2145b4/methods/E/ddp2/eval_full_chaff_student_ids_v1/class_ap.txt
RSAR,chaff,E,42,student,aircraft,0.25,printed class_ap.txt (typically 3 decimals),,,complete,/mnt/shared/zechuan/iraod_artifacts/comparison/rsar/chaff/seed_42/f2145b4/methods/E/ddp2/eval_full_chaff_student_ids_v1/class_ap.txt
RSAR,chaff,E,42,student,car,0.374,printed class_ap.txt (typically 3 decimals),,,complete,/mnt/shared/zechuan/iraod_artifacts/comparison/rsar/chaff/seed_42/f2145b4/methods/E/ddp2/eval_full_chaff_student_ids_v1/class_ap.txt
RSAR,chaff,E,42,student,tank,0.091,printed class_ap.txt (typically 3 decimals),,,complete,/mnt/shared/zechuan/iraod_artifacts/comparison/rsar/chaff/seed_42/f2145b4/methods/E/ddp2/eval_full_chaff_student_ids_v1/class_ap.txt
RSAR,chaff,E,42,student,bridge,0.057,printed class_ap.txt (typically 3 decimals),,,complete,/mnt/shared/zechuan/iraod_artifacts/comparison/rsar/chaff/seed_42/f2145b4/methods/E/ddp2/eval_full_chaff_student_ids_v1/class_ap.txt
RSAR,chaff,E,42,student,harbor,0.026,printed class_ap.txt (typically 3 decimals),,,complete,/mnt/shared/zechuan/iraod_artifacts/comparison/rsar/chaff/seed_42/f2145b4/methods/E/ddp2/eval_full_chaff_student_ids_v1/class_ap.txt
RSAR,chaff,E,43,student,ship,0.461,printed class_ap.txt (typically 3 decimals),,,complete,/mnt/shared/zechuan/iraod_artifacts/comparison/rsar/chaff/seed_43/0f98a48/methods/E/ddp2/eval_full_chaff_student_ids_v1/class_ap.txt
RSAR,chaff,E,43,student,aircraft,0.202,printed class_ap.txt (typically 3 decimals),,,complete,/mnt/shared/zechuan/iraod_artifacts/comparison/rsar/chaff/seed_43/0f98a48/methods/E/ddp2/eval_full_chaff_student_ids_v1/class_ap.txt
RSAR,chaff,E,43,student,car,0.353,printed class_ap.txt (typically 3 decimals),,,complete,/mnt/shared/zechuan/iraod_artifacts/comparison/rsar/chaff/seed_43/0f98a48/methods/E/ddp2/eval_full_chaff_student_ids_v1/class_ap.txt
RSAR,chaff,E,43,student,tank,0.091,printed class_ap.txt (typically 3 decimals),,,complete,/mnt/shared/zechuan/iraod_artifacts/comparison/rsar/chaff/seed_43/0f98a48/methods/E/ddp2/eval_full_chaff_student_ids_v1/class_ap.txt
RSAR,chaff,E,43,student,bridge,0.107,printed class_ap.txt (typically 3 decimals),,,complete,/mnt/shared/zechuan/iraod_artifacts/comparison/rsar/chaff/seed_43/0f98a48/methods/E/ddp2/eval_full_chaff_student_ids_v1/class_ap.txt
RSAR,chaff,E,43,student,harbor,0.095,printed class_ap.txt (typically 3 decimals),,,complete,/mnt/shared/zechuan/iraod_artifacts/comparison/rsar/chaff/seed_43/0f98a48/methods/E/ddp2/eval_full_chaff_student_ids_v1/class_ap.txt
RSAR,chaff,E,44,student,ship,0.457,printed class_ap.txt (typically 3 decimals),,,complete,/mnt/shared/zechuan/iraod_artifacts/comparison/rsar/chaff/seed_44/0f98a48/methods/E/ddp2/eval_full_chaff_student_ids_v1/class_ap.txt
RSAR,chaff,E,44,student,aircraft,0.249,printed class_ap.txt (typically 3 decimals),,,complete,/mnt/shared/zechuan/iraod_artifacts/comparison/rsar/chaff/seed_44/0f98a48/methods/E/ddp2/eval_full_chaff_student_ids_v1/class_ap.txt
RSAR,chaff,E,44,student,car,0.381,printed class_ap.txt (typically 3 decimals),,,complete,/mnt/shared/zechuan/iraod_artifacts/comparison/rsar/chaff/seed_44/0f98a48/methods/E/ddp2/eval_full_chaff_student_ids_v1/class_ap.txt
RSAR,chaff,E,44,student,tank,0.091,printed class_ap.txt (typically 3 decimals),,,complete,/mnt/shared/zechuan/iraod_artifacts/comparison/rsar/chaff/seed_44/0f98a48/methods/E/ddp2/eval_full_chaff_student_ids_v1/class_ap.txt
RSAR,chaff,E,44,student,bridge,0.077,printed class_ap.txt (typically 3 decimals),,,complete,/mnt/shared/zechuan/iraod_artifacts/comparison/rsar/chaff/seed_44/0f98a48/methods/E/ddp2/eval_full_chaff_student_ids_v1/class_ap.txt
RSAR,chaff,E,44,student,harbor,0.148,printed class_ap.txt (typically 3 decimals),,,complete,/mnt/shared/zechuan/iraod_artifacts/comparison/rsar/chaff/seed_44/0f98a48/methods/E/ddp2/eval_full_chaff_student_ids_v1/class_ap.txt
RSAR,chaff,F,42,student,ship,0.464,printed class_ap.txt (typically 3 decimals),,,complete,/mnt/shared/zechuan/iraod_artifacts/comparison/rsar/chaff/seed_42/f2145b4/methods/F/preflight_ddp2/eval_full_chaff_student_ids_v1/class_ap.txt
RSAR,chaff,F,42,student,aircraft,0.175,printed class_ap.txt (typically 3 decimals),,,complete,/mnt/shared/zechuan/iraod_artifacts/comparison/rsar/chaff/seed_42/f2145b4/methods/F/preflight_ddp2/eval_full_chaff_student_ids_v1/class_ap.txt
RSAR,chaff,F,42,student,car,0.177,printed class_ap.txt (typically 3 decimals),,,complete,/mnt/shared/zechuan/iraod_artifacts/comparison/rsar/chaff/seed_42/f2145b4/methods/F/preflight_ddp2/eval_full_chaff_student_ids_v1/class_ap.txt
RSAR,chaff,F,42,student,tank,0.091,printed class_ap.txt (typically 3 decimals),,,complete,/mnt/shared/zechuan/iraod_artifacts/comparison/rsar/chaff/seed_42/f2145b4/methods/F/preflight_ddp2/eval_full_chaff_student_ids_v1/class_ap.txt
RSAR,chaff,F,42,student,bridge,0.135,printed class_ap.txt (typically 3 decimals),,,complete,/mnt/shared/zechuan/iraod_artifacts/comparison/rsar/chaff/seed_42/f2145b4/methods/F/preflight_ddp2/eval_full_chaff_student_ids_v1/class_ap.txt
RSAR,chaff,F,42,student,harbor,0.003,printed class_ap.txt (typically 3 decimals),,,complete,/mnt/shared/zechuan/iraod_artifacts/comparison/rsar/chaff/seed_42/f2145b4/methods/F/preflight_ddp2/eval_full_chaff_student_ids_v1/class_ap.txt
RSAR,chaff,F,43,student,ship,0.454,printed class_ap.txt (typically 3 decimals),,,complete,/mnt/shared/zechuan/iraod_artifacts/comparison/rsar/chaff/seed_43/0f98a48/methods/F/ddp2/eval_full_chaff_student_ids_v1/class_ap.txt
RSAR,chaff,F,43,student,aircraft,0.285,printed class_ap.txt (typically 3 decimals),,,complete,/mnt/shared/zechuan/iraod_artifacts/comparison/rsar/chaff/seed_43/0f98a48/methods/F/ddp2/eval_full_chaff_student_ids_v1/class_ap.txt
RSAR,chaff,F,43,student,car,0.293,printed class_ap.txt (typically 3 decimals),,,complete,/mnt/shared/zechuan/iraod_artifacts/comparison/rsar/chaff/seed_43/0f98a48/methods/F/ddp2/eval_full_chaff_student_ids_v1/class_ap.txt
RSAR,chaff,F,43,student,tank,0.091,printed class_ap.txt (typically 3 decimals),,,complete,/mnt/shared/zechuan/iraod_artifacts/comparison/rsar/chaff/seed_43/0f98a48/methods/F/ddp2/eval_full_chaff_student_ids_v1/class_ap.txt
RSAR,chaff,F,43,student,bridge,0.115,printed class_ap.txt (typically 3 decimals),,,complete,/mnt/shared/zechuan/iraod_artifacts/comparison/rsar/chaff/seed_43/0f98a48/methods/F/ddp2/eval_full_chaff_student_ids_v1/class_ap.txt
RSAR,chaff,F,43,student,harbor,0.067,printed class_ap.txt (typically 3 decimals),,,complete,/mnt/shared/zechuan/iraod_artifacts/comparison/rsar/chaff/seed_43/0f98a48/methods/F/ddp2/eval_full_chaff_student_ids_v1/class_ap.txt
RSAR,chaff,F,44,student,ship,0.547,printed class_ap.txt (typically 3 decimals),,,complete,/mnt/shared/zechuan/iraod_artifacts/comparison/rsar/chaff/seed_44/0f98a48/methods/F/ddp2/eval_full_chaff_student_ids_v1/class_ap.txt
RSAR,chaff,F,44,student,aircraft,0.413,printed class_ap.txt (typically 3 decimals),,,complete,/mnt/shared/zechuan/iraod_artifacts/comparison/rsar/chaff/seed_44/0f98a48/methods/F/ddp2/eval_full_chaff_student_ids_v1/class_ap.txt
RSAR,chaff,F,44,student,car,0.305,printed class_ap.txt (typically 3 decimals),,,complete,/mnt/shared/zechuan/iraod_artifacts/comparison/rsar/chaff/seed_44/0f98a48/methods/F/ddp2/eval_full_chaff_student_ids_v1/class_ap.txt
RSAR,chaff,F,44,student,tank,0.091,printed class_ap.txt (typically 3 decimals),,,complete,/mnt/shared/zechuan/iraod_artifacts/comparison/rsar/chaff/seed_44/0f98a48/methods/F/ddp2/eval_full_chaff_student_ids_v1/class_ap.txt
RSAR,chaff,F,44,student,bridge,0.186,printed class_ap.txt (typically 3 decimals),,,complete,/mnt/shared/zechuan/iraod_artifacts/comparison/rsar/chaff/seed_44/0f98a48/methods/F/ddp2/eval_full_chaff_student_ids_v1/class_ap.txt
RSAR,chaff,F,44,student,harbor,0.097,printed class_ap.txt (typically 3 decimals),,,complete,/mnt/shared/zechuan/iraod_artifacts/comparison/rsar/chaff/seed_44/0f98a48/methods/F/ddp2/eval_full_chaff_student_ids_v1/class_ap.txt
RSAR,gaussian_white_noise,A,42,source,ship,0.775,printed class_ap.txt (typically 3 decimals),0.775,0.775,complete,/mnt/shared/zechuan/iraod_artifacts/comparison/rsar/gaussian_white_noise/seed_42/0f98a48/methods/A/eval_full_gaussian_white_noise_ids_v1/class_ap.txt
RSAR,gaussian_white_noise,A,42,source,aircraft,0.613,printed class_ap.txt (typically 3 decimals),0.613,0.613,complete,/mnt/shared/zechuan/iraod_artifacts/comparison/rsar/gaussian_white_noise/seed_42/0f98a48/methods/A/eval_full_gaussian_white_noise_ids_v1/class_ap.txt
RSAR,gaussian_white_noise,A,42,source,car,0.783,printed class_ap.txt (typically 3 decimals),0.783,0.783,complete,/mnt/shared/zechuan/iraod_artifacts/comparison/rsar/gaussian_white_noise/seed_42/0f98a48/methods/A/eval_full_gaussian_white_noise_ids_v1/class_ap.txt
RSAR,gaussian_white_noise,A,42,source,tank,0.174,printed class_ap.txt (typically 3 decimals),0.174,0.174,complete,/mnt/shared/zechuan/iraod_artifacts/comparison/rsar/gaussian_white_noise/seed_42/0f98a48/methods/A/eval_full_gaussian_white_noise_ids_v1/class_ap.txt
RSAR,gaussian_white_noise,A,42,source,bridge,0.399,printed class_ap.txt (typically 3 decimals),0.399,0.399,complete,/mnt/shared/zechuan/iraod_artifacts/comparison/rsar/gaussian_white_noise/seed_42/0f98a48/methods/A/eval_full_gaussian_white_noise_ids_v1/class_ap.txt
RSAR,gaussian_white_noise,A,42,source,harbor,0.426,printed class_ap.txt (typically 3 decimals),0.426,0.426,complete,/mnt/shared/zechuan/iraod_artifacts/comparison/rsar/gaussian_white_noise/seed_42/0f98a48/methods/A/eval_full_gaussian_white_noise_ids_v1/class_ap.txt
RSAR,gaussian_white_noise,B,42,student,ship,0.62,printed class_ap.txt (typically 3 decimals),,,complete,/mnt/shared/zechuan/iraod_artifacts/comparison/rsar/gaussian_white_noise/seed_42/0f98a48/methods/B/eval_full_gaussian_white_noise_student_ids_v1/class_ap.txt
RSAR,gaussian_white_noise,B,42,student,aircraft,0.359,printed class_ap.txt (typically 3 decimals),,,complete,/mnt/shared/zechuan/iraod_artifacts/comparison/rsar/gaussian_white_noise/seed_42/0f98a48/methods/B/eval_full_gaussian_white_noise_student_ids_v1/class_ap.txt
RSAR,gaussian_white_noise,B,42,student,car,0.461,printed class_ap.txt (typically 3 decimals),,,complete,/mnt/shared/zechuan/iraod_artifacts/comparison/rsar/gaussian_white_noise/seed_42/0f98a48/methods/B/eval_full_gaussian_white_noise_student_ids_v1/class_ap.txt
RSAR,gaussian_white_noise,B,42,student,tank,0.091,printed class_ap.txt (typically 3 decimals),,,complete,/mnt/shared/zechuan/iraod_artifacts/comparison/rsar/gaussian_white_noise/seed_42/0f98a48/methods/B/eval_full_gaussian_white_noise_student_ids_v1/class_ap.txt
RSAR,gaussian_white_noise,B,42,student,bridge,0.089,printed class_ap.txt (typically 3 decimals),,,complete,/mnt/shared/zechuan/iraod_artifacts/comparison/rsar/gaussian_white_noise/seed_42/0f98a48/methods/B/eval_full_gaussian_white_noise_student_ids_v1/class_ap.txt
RSAR,gaussian_white_noise,B,42,student,harbor,0.034,printed class_ap.txt (typically 3 decimals),,,complete,/mnt/shared/zechuan/iraod_artifacts/comparison/rsar/gaussian_white_noise/seed_42/0f98a48/methods/B/eval_full_gaussian_white_noise_student_ids_v1/class_ap.txt
RSAR,gaussian_white_noise,B,43,student,ship,0.613,printed class_ap.txt (typically 3 decimals),,,complete,/mnt/shared/zechuan/iraod_artifacts/comparison/rsar/gaussian_white_noise/seed_43/0f98a48/methods/B/eval_full_gaussian_white_noise_student_ids_v1/class_ap.txt
RSAR,gaussian_white_noise,B,43,student,aircraft,0.421,printed class_ap.txt (typically 3 decimals),,,complete,/mnt/shared/zechuan/iraod_artifacts/comparison/rsar/gaussian_white_noise/seed_43/0f98a48/methods/B/eval_full_gaussian_white_noise_student_ids_v1/class_ap.txt
RSAR,gaussian_white_noise,B,43,student,car,0.507,printed class_ap.txt (typically 3 decimals),,,complete,/mnt/shared/zechuan/iraod_artifacts/comparison/rsar/gaussian_white_noise/seed_43/0f98a48/methods/B/eval_full_gaussian_white_noise_student_ids_v1/class_ap.txt
RSAR,gaussian_white_noise,B,43,student,tank,0.091,printed class_ap.txt (typically 3 decimals),,,complete,/mnt/shared/zechuan/iraod_artifacts/comparison/rsar/gaussian_white_noise/seed_43/0f98a48/methods/B/eval_full_gaussian_white_noise_student_ids_v1/class_ap.txt
RSAR,gaussian_white_noise,B,43,student,bridge,0.082,printed class_ap.txt (typically 3 decimals),,,complete,/mnt/shared/zechuan/iraod_artifacts/comparison/rsar/gaussian_white_noise/seed_43/0f98a48/methods/B/eval_full_gaussian_white_noise_student_ids_v1/class_ap.txt
RSAR,gaussian_white_noise,B,43,student,harbor,0.062,printed class_ap.txt (typically 3 decimals),,,complete,/mnt/shared/zechuan/iraod_artifacts/comparison/rsar/gaussian_white_noise/seed_43/0f98a48/methods/B/eval_full_gaussian_white_noise_student_ids_v1/class_ap.txt
RSAR,gaussian_white_noise,B,44,student,ship,0.602,printed class_ap.txt (typically 3 decimals),,,complete,/mnt/shared/zechuan/iraod_artifacts/comparison/rsar/gaussian_white_noise/seed_44/0f98a48/methods/B/eval_full_gaussian_white_noise_student_ids_v1/class_ap.txt
RSAR,gaussian_white_noise,B,44,student,aircraft,0.306,printed class_ap.txt (typically 3 decimals),,,complete,/mnt/shared/zechuan/iraod_artifacts/comparison/rsar/gaussian_white_noise/seed_44/0f98a48/methods/B/eval_full_gaussian_white_noise_student_ids_v1/class_ap.txt
RSAR,gaussian_white_noise,B,44,student,car,0.5,printed class_ap.txt (typically 3 decimals),,,complete,/mnt/shared/zechuan/iraod_artifacts/comparison/rsar/gaussian_white_noise/seed_44/0f98a48/methods/B/eval_full_gaussian_white_noise_student_ids_v1/class_ap.txt
RSAR,gaussian_white_noise,B,44,student,tank,0.091,printed class_ap.txt (typically 3 decimals),,,complete,/mnt/shared/zechuan/iraod_artifacts/comparison/rsar/gaussian_white_noise/seed_44/0f98a48/methods/B/eval_full_gaussian_white_noise_student_ids_v1/class_ap.txt
RSAR,gaussian_white_noise,B,44,student,bridge,0.051,printed class_ap.txt (typically 3 decimals),,,complete,/mnt/shared/zechuan/iraod_artifacts/comparison/rsar/gaussian_white_noise/seed_44/0f98a48/methods/B/eval_full_gaussian_white_noise_student_ids_v1/class_ap.txt
RSAR,gaussian_white_noise,B,44,student,harbor,0.028,printed class_ap.txt (typically 3 decimals),,,complete,/mnt/shared/zechuan/iraod_artifacts/comparison/rsar/gaussian_white_noise/seed_44/0f98a48/methods/B/eval_full_gaussian_white_noise_student_ids_v1/class_ap.txt
RSAR,gaussian_white_noise,C,42,student,ship,0.622,printed class_ap.txt (typically 3 decimals),,,complete,/mnt/shared/zechuan/iraod_artifacts/comparison/rsar/gaussian_white_noise/seed_42/0f98a48/methods/C/eval_full_gaussian_white_noise_student_ids_v1/class_ap.txt
RSAR,gaussian_white_noise,C,42,student,aircraft,0.34,printed class_ap.txt (typically 3 decimals),,,complete,/mnt/shared/zechuan/iraod_artifacts/comparison/rsar/gaussian_white_noise/seed_42/0f98a48/methods/C/eval_full_gaussian_white_noise_student_ids_v1/class_ap.txt
RSAR,gaussian_white_noise,C,42,student,car,0.515,printed class_ap.txt (typically 3 decimals),,,complete,/mnt/shared/zechuan/iraod_artifacts/comparison/rsar/gaussian_white_noise/seed_42/0f98a48/methods/C/eval_full_gaussian_white_noise_student_ids_v1/class_ap.txt
RSAR,gaussian_white_noise,C,42,student,tank,0.091,printed class_ap.txt (typically 3 decimals),,,complete,/mnt/shared/zechuan/iraod_artifacts/comparison/rsar/gaussian_white_noise/seed_42/0f98a48/methods/C/eval_full_gaussian_white_noise_student_ids_v1/class_ap.txt
RSAR,gaussian_white_noise,C,42,student,bridge,0.139,printed class_ap.txt (typically 3 decimals),,,complete,/mnt/shared/zechuan/iraod_artifacts/comparison/rsar/gaussian_white_noise/seed_42/0f98a48/methods/C/eval_full_gaussian_white_noise_student_ids_v1/class_ap.txt
RSAR,gaussian_white_noise,C,42,student,harbor,0.213,printed class_ap.txt (typically 3 decimals),,,complete,/mnt/shared/zechuan/iraod_artifacts/comparison/rsar/gaussian_white_noise/seed_42/0f98a48/methods/C/eval_full_gaussian_white_noise_student_ids_v1/class_ap.txt
RSAR,gaussian_white_noise,C,43,student,ship,0.626,printed class_ap.txt (typically 3 decimals),,,complete,/mnt/shared/zechuan/iraod_artifacts/comparison/rsar/gaussian_white_noise/seed_43/0f98a48/methods/C/eval_full_gaussian_white_noise_student_ids_v1/class_ap.txt
RSAR,gaussian_white_noise,C,43,student,aircraft,0.377,printed class_ap.txt (typically 3 decimals),,,complete,/mnt/shared/zechuan/iraod_artifacts/comparison/rsar/gaussian_white_noise/seed_43/0f98a48/methods/C/eval_full_gaussian_white_noise_student_ids_v1/class_ap.txt
RSAR,gaussian_white_noise,C,43,student,car,0.458,printed class_ap.txt (typically 3 decimals),,,complete,/mnt/shared/zechuan/iraod_artifacts/comparison/rsar/gaussian_white_noise/seed_43/0f98a48/methods/C/eval_full_gaussian_white_noise_student_ids_v1/class_ap.txt
RSAR,gaussian_white_noise,C,43,student,tank,0.091,printed class_ap.txt (typically 3 decimals),,,complete,/mnt/shared/zechuan/iraod_artifacts/comparison/rsar/gaussian_white_noise/seed_43/0f98a48/methods/C/eval_full_gaussian_white_noise_student_ids_v1/class_ap.txt
RSAR,gaussian_white_noise,C,43,student,bridge,0.15,printed class_ap.txt (typically 3 decimals),,,complete,/mnt/shared/zechuan/iraod_artifacts/comparison/rsar/gaussian_white_noise/seed_43/0f98a48/methods/C/eval_full_gaussian_white_noise_student_ids_v1/class_ap.txt
RSAR,gaussian_white_noise,C,43,student,harbor,0.199,printed class_ap.txt (typically 3 decimals),,,complete,/mnt/shared/zechuan/iraod_artifacts/comparison/rsar/gaussian_white_noise/seed_43/0f98a48/methods/C/eval_full_gaussian_white_noise_student_ids_v1/class_ap.txt
RSAR,gaussian_white_noise,C,44,student,ship,0.616,printed class_ap.txt (typically 3 decimals),,,complete,/mnt/shared/zechuan/iraod_artifacts/comparison/rsar/gaussian_white_noise/seed_44/0f98a48/methods/C/eval_full_gaussian_white_noise_student_ids_v1/class_ap.txt
RSAR,gaussian_white_noise,C,44,student,aircraft,0.381,printed class_ap.txt (typically 3 decimals),,,complete,/mnt/shared/zechuan/iraod_artifacts/comparison/rsar/gaussian_white_noise/seed_44/0f98a48/methods/C/eval_full_gaussian_white_noise_student_ids_v1/class_ap.txt
RSAR,gaussian_white_noise,C,44,student,car,0.486,printed class_ap.txt (typically 3 decimals),,,complete,/mnt/shared/zechuan/iraod_artifacts/comparison/rsar/gaussian_white_noise/seed_44/0f98a48/methods/C/eval_full_gaussian_white_noise_student_ids_v1/class_ap.txt
RSAR,gaussian_white_noise,C,44,student,tank,0.091,printed class_ap.txt (typically 3 decimals),,,complete,/mnt/shared/zechuan/iraod_artifacts/comparison/rsar/gaussian_white_noise/seed_44/0f98a48/methods/C/eval_full_gaussian_white_noise_student_ids_v1/class_ap.txt
RSAR,gaussian_white_noise,C,44,student,bridge,0.253,printed class_ap.txt (typically 3 decimals),,,complete,/mnt/shared/zechuan/iraod_artifacts/comparison/rsar/gaussian_white_noise/seed_44/0f98a48/methods/C/eval_full_gaussian_white_noise_student_ids_v1/class_ap.txt
RSAR,gaussian_white_noise,C,44,student,harbor,0.059,printed class_ap.txt (typically 3 decimals),,,complete,/mnt/shared/zechuan/iraod_artifacts/comparison/rsar/gaussian_white_noise/seed_44/0f98a48/methods/C/eval_full_gaussian_white_noise_student_ids_v1/class_ap.txt
RSAR,gaussian_white_noise,D,42,student,ship,0.569,printed class_ap.txt (typically 3 decimals),,,complete,/mnt/shared/zechuan/iraod_artifacts/comparison/rsar/gaussian_white_noise/seed_42/0f98a48/methods/D/eval_full_gaussian_white_noise_student_ids_v1/class_ap.txt
RSAR,gaussian_white_noise,D,42,student,aircraft,0.369,printed class_ap.txt (typically 3 decimals),,,complete,/mnt/shared/zechuan/iraod_artifacts/comparison/rsar/gaussian_white_noise/seed_42/0f98a48/methods/D/eval_full_gaussian_white_noise_student_ids_v1/class_ap.txt
RSAR,gaussian_white_noise,D,42,student,car,0.262,printed class_ap.txt (typically 3 decimals),,,complete,/mnt/shared/zechuan/iraod_artifacts/comparison/rsar/gaussian_white_noise/seed_42/0f98a48/methods/D/eval_full_gaussian_white_noise_student_ids_v1/class_ap.txt
RSAR,gaussian_white_noise,D,42,student,tank,0.091,printed class_ap.txt (typically 3 decimals),,,complete,/mnt/shared/zechuan/iraod_artifacts/comparison/rsar/gaussian_white_noise/seed_42/0f98a48/methods/D/eval_full_gaussian_white_noise_student_ids_v1/class_ap.txt
RSAR,gaussian_white_noise,D,42,student,bridge,0.239,printed class_ap.txt (typically 3 decimals),,,complete,/mnt/shared/zechuan/iraod_artifacts/comparison/rsar/gaussian_white_noise/seed_42/0f98a48/methods/D/eval_full_gaussian_white_noise_student_ids_v1/class_ap.txt
RSAR,gaussian_white_noise,D,42,student,harbor,0.047,printed class_ap.txt (typically 3 decimals),,,complete,/mnt/shared/zechuan/iraod_artifacts/comparison/rsar/gaussian_white_noise/seed_42/0f98a48/methods/D/eval_full_gaussian_white_noise_student_ids_v1/class_ap.txt
RSAR,gaussian_white_noise,D,43,student,ship,0.577,printed class_ap.txt (typically 3 decimals),,,complete,/mnt/shared/zechuan/iraod_artifacts/comparison/rsar/gaussian_white_noise/seed_43/0f98a48/methods/D/eval_full_gaussian_white_noise_student_ids_v1/class_ap.txt
RSAR,gaussian_white_noise,D,43,student,aircraft,0.489,printed class_ap.txt (typically 3 decimals),,,complete,/mnt/shared/zechuan/iraod_artifacts/comparison/rsar/gaussian_white_noise/seed_43/0f98a48/methods/D/eval_full_gaussian_white_noise_student_ids_v1/class_ap.txt
RSAR,gaussian_white_noise,D,43,student,car,0.498,printed class_ap.txt (typically 3 decimals),,,complete,/mnt/shared/zechuan/iraod_artifacts/comparison/rsar/gaussian_white_noise/seed_43/0f98a48/methods/D/eval_full_gaussian_white_noise_student_ids_v1/class_ap.txt
RSAR,gaussian_white_noise,D,43,student,tank,0.091,printed class_ap.txt (typically 3 decimals),,,complete,/mnt/shared/zechuan/iraod_artifacts/comparison/rsar/gaussian_white_noise/seed_43/0f98a48/methods/D/eval_full_gaussian_white_noise_student_ids_v1/class_ap.txt
RSAR,gaussian_white_noise,D,43,student,bridge,0.147,printed class_ap.txt (typically 3 decimals),,,complete,/mnt/shared/zechuan/iraod_artifacts/comparison/rsar/gaussian_white_noise/seed_43/0f98a48/methods/D/eval_full_gaussian_white_noise_student_ids_v1/class_ap.txt
RSAR,gaussian_white_noise,D,43,student,harbor,0.129,printed class_ap.txt (typically 3 decimals),,,complete,/mnt/shared/zechuan/iraod_artifacts/comparison/rsar/gaussian_white_noise/seed_43/0f98a48/methods/D/eval_full_gaussian_white_noise_student_ids_v1/class_ap.txt
RSAR,gaussian_white_noise,D,44,student,ship,0.662,printed class_ap.txt (typically 3 decimals),,,complete,/mnt/shared/zechuan/iraod_artifacts/comparison/rsar/gaussian_white_noise/seed_44/0f98a48/methods/D/eval_full_gaussian_white_noise_student_ids_v1/class_ap.txt
RSAR,gaussian_white_noise,D,44,student,aircraft,0.492,printed class_ap.txt (typically 3 decimals),,,complete,/mnt/shared/zechuan/iraod_artifacts/comparison/rsar/gaussian_white_noise/seed_44/0f98a48/methods/D/eval_full_gaussian_white_noise_student_ids_v1/class_ap.txt
RSAR,gaussian_white_noise,D,44,student,car,0.58,printed class_ap.txt (typically 3 decimals),,,complete,/mnt/shared/zechuan/iraod_artifacts/comparison/rsar/gaussian_white_noise/seed_44/0f98a48/methods/D/eval_full_gaussian_white_noise_student_ids_v1/class_ap.txt
RSAR,gaussian_white_noise,D,44,student,tank,0.091,printed class_ap.txt (typically 3 decimals),,,complete,/mnt/shared/zechuan/iraod_artifacts/comparison/rsar/gaussian_white_noise/seed_44/0f98a48/methods/D/eval_full_gaussian_white_noise_student_ids_v1/class_ap.txt
RSAR,gaussian_white_noise,D,44,student,bridge,0.262,printed class_ap.txt (typically 3 decimals),,,complete,/mnt/shared/zechuan/iraod_artifacts/comparison/rsar/gaussian_white_noise/seed_44/0f98a48/methods/D/eval_full_gaussian_white_noise_student_ids_v1/class_ap.txt
RSAR,gaussian_white_noise,D,44,student,harbor,0.188,printed class_ap.txt (typically 3 decimals),,,complete,/mnt/shared/zechuan/iraod_artifacts/comparison/rsar/gaussian_white_noise/seed_44/0f98a48/methods/D/eval_full_gaussian_white_noise_student_ids_v1/class_ap.txt
RSAR,gaussian_white_noise,E,42,student,ship,0.591,printed class_ap.txt (typically 3 decimals),,,complete,/mnt/shared/zechuan/iraod_artifacts/comparison/rsar/gaussian_white_noise/seed_42/0f98a48/methods/E/ddp2/eval_full_gaussian_white_noise_student_ids_v1/class_ap.txt
RSAR,gaussian_white_noise,E,42,student,aircraft,0.3,printed class_ap.txt (typically 3 decimals),,,complete,/mnt/shared/zechuan/iraod_artifacts/comparison/rsar/gaussian_white_noise/seed_42/0f98a48/methods/E/ddp2/eval_full_gaussian_white_noise_student_ids_v1/class_ap.txt
RSAR,gaussian_white_noise,E,42,student,car,0.428,printed class_ap.txt (typically 3 decimals),,,complete,/mnt/shared/zechuan/iraod_artifacts/comparison/rsar/gaussian_white_noise/seed_42/0f98a48/methods/E/ddp2/eval_full_gaussian_white_noise_student_ids_v1/class_ap.txt
RSAR,gaussian_white_noise,E,42,student,tank,0.091,printed class_ap.txt (typically 3 decimals),,,complete,/mnt/shared/zechuan/iraod_artifacts/comparison/rsar/gaussian_white_noise/seed_42/0f98a48/methods/E/ddp2/eval_full_gaussian_white_noise_student_ids_v1/class_ap.txt
RSAR,gaussian_white_noise,E,42,student,bridge,0.126,printed class_ap.txt (typically 3 decimals),,,complete,/mnt/shared/zechuan/iraod_artifacts/comparison/rsar/gaussian_white_noise/seed_42/0f98a48/methods/E/ddp2/eval_full_gaussian_white_noise_student_ids_v1/class_ap.txt
RSAR,gaussian_white_noise,E,42,student,harbor,0.077,printed class_ap.txt (typically 3 decimals),,,complete,/mnt/shared/zechuan/iraod_artifacts/comparison/rsar/gaussian_white_noise/seed_42/0f98a48/methods/E/ddp2/eval_full_gaussian_white_noise_student_ids_v1/class_ap.txt
RSAR,gaussian_white_noise,E,43,student,ship,0.477,printed class_ap.txt (typically 3 decimals),,,complete,/mnt/shared/zechuan/iraod_artifacts/comparison/rsar/gaussian_white_noise/seed_43/0f98a48/methods/E/ddp2/eval_full_gaussian_white_noise_student_ids_v1/class_ap.txt
RSAR,gaussian_white_noise,E,43,student,aircraft,0.278,printed class_ap.txt (typically 3 decimals),,,complete,/mnt/shared/zechuan/iraod_artifacts/comparison/rsar/gaussian_white_noise/seed_43/0f98a48/methods/E/ddp2/eval_full_gaussian_white_noise_student_ids_v1/class_ap.txt
RSAR,gaussian_white_noise,E,43,student,car,0.342,printed class_ap.txt (typically 3 decimals),,,complete,/mnt/shared/zechuan/iraod_artifacts/comparison/rsar/gaussian_white_noise/seed_43/0f98a48/methods/E/ddp2/eval_full_gaussian_white_noise_student_ids_v1/class_ap.txt
RSAR,gaussian_white_noise,E,43,student,tank,0.091,printed class_ap.txt (typically 3 decimals),,,complete,/mnt/shared/zechuan/iraod_artifacts/comparison/rsar/gaussian_white_noise/seed_43/0f98a48/methods/E/ddp2/eval_full_gaussian_white_noise_student_ids_v1/class_ap.txt
RSAR,gaussian_white_noise,E,43,student,bridge,0.147,printed class_ap.txt (typically 3 decimals),,,complete,/mnt/shared/zechuan/iraod_artifacts/comparison/rsar/gaussian_white_noise/seed_43/0f98a48/methods/E/ddp2/eval_full_gaussian_white_noise_student_ids_v1/class_ap.txt
RSAR,gaussian_white_noise,E,43,student,harbor,0.02,printed class_ap.txt (typically 3 decimals),,,complete,/mnt/shared/zechuan/iraod_artifacts/comparison/rsar/gaussian_white_noise/seed_43/0f98a48/methods/E/ddp2/eval_full_gaussian_white_noise_student_ids_v1/class_ap.txt
RSAR,gaussian_white_noise,E,44,student,ship,0.533,printed class_ap.txt (typically 3 decimals),,,complete,/mnt/shared/zechuan/iraod_artifacts/comparison/rsar/gaussian_white_noise/seed_44/0f98a48/methods/E/ddp2/eval_full_gaussian_white_noise_student_ids_v1/class_ap.txt
RSAR,gaussian_white_noise,E,44,student,aircraft,0.244,printed class_ap.txt (typically 3 decimals),,,complete,/mnt/shared/zechuan/iraod_artifacts/comparison/rsar/gaussian_white_noise/seed_44/0f98a48/methods/E/ddp2/eval_full_gaussian_white_noise_student_ids_v1/class_ap.txt
RSAR,gaussian_white_noise,E,44,student,car,0.425,printed class_ap.txt (typically 3 decimals),,,complete,/mnt/shared/zechuan/iraod_artifacts/comparison/rsar/gaussian_white_noise/seed_44/0f98a48/methods/E/ddp2/eval_full_gaussian_white_noise_student_ids_v1/class_ap.txt
RSAR,gaussian_white_noise,E,44,student,tank,0.091,printed class_ap.txt (typically 3 decimals),,,complete,/mnt/shared/zechuan/iraod_artifacts/comparison/rsar/gaussian_white_noise/seed_44/0f98a48/methods/E/ddp2/eval_full_gaussian_white_noise_student_ids_v1/class_ap.txt
RSAR,gaussian_white_noise,E,44,student,bridge,0.14,printed class_ap.txt (typically 3 decimals),,,complete,/mnt/shared/zechuan/iraod_artifacts/comparison/rsar/gaussian_white_noise/seed_44/0f98a48/methods/E/ddp2/eval_full_gaussian_white_noise_student_ids_v1/class_ap.txt
RSAR,gaussian_white_noise,E,44,student,harbor,0.05,printed class_ap.txt (typically 3 decimals),,,complete,/mnt/shared/zechuan/iraod_artifacts/comparison/rsar/gaussian_white_noise/seed_44/0f98a48/methods/E/ddp2/eval_full_gaussian_white_noise_student_ids_v1/class_ap.txt
RSAR,gaussian_white_noise,F,42,student,ship,0.536,printed class_ap.txt (typically 3 decimals),,,complete,/mnt/shared/zechuan/iraod_artifacts/comparison/rsar/gaussian_white_noise/seed_42/0f98a48/methods/F/ddp2/eval_full_gaussian_white_noise_student_ids_v1/class_ap.txt
RSAR,gaussian_white_noise,F,42,student,aircraft,0.399,printed class_ap.txt (typically 3 decimals),,,complete,/mnt/shared/zechuan/iraod_artifacts/comparison/rsar/gaussian_white_noise/seed_42/0f98a48/methods/F/ddp2/eval_full_gaussian_white_noise_student_ids_v1/class_ap.txt
RSAR,gaussian_white_noise,F,42,student,car,0.314,printed class_ap.txt (typically 3 decimals),,,complete,/mnt/shared/zechuan/iraod_artifacts/comparison/rsar/gaussian_white_noise/seed_42/0f98a48/methods/F/ddp2/eval_full_gaussian_white_noise_student_ids_v1/class_ap.txt
RSAR,gaussian_white_noise,F,42,student,tank,0.091,printed class_ap.txt (typically 3 decimals),,,complete,/mnt/shared/zechuan/iraod_artifacts/comparison/rsar/gaussian_white_noise/seed_42/0f98a48/methods/F/ddp2/eval_full_gaussian_white_noise_student_ids_v1/class_ap.txt
RSAR,gaussian_white_noise,F,42,student,bridge,0.087,printed class_ap.txt (typically 3 decimals),,,complete,/mnt/shared/zechuan/iraod_artifacts/comparison/rsar/gaussian_white_noise/seed_42/0f98a48/methods/F/ddp2/eval_full_gaussian_white_noise_student_ids_v1/class_ap.txt
RSAR,gaussian_white_noise,F,42,student,harbor,0.058,printed class_ap.txt (typically 3 decimals),,,complete,/mnt/shared/zechuan/iraod_artifacts/comparison/rsar/gaussian_white_noise/seed_42/0f98a48/methods/F/ddp2/eval_full_gaussian_white_noise_student_ids_v1/class_ap.txt
RSAR,gaussian_white_noise,F,43,student,ship,0.531,printed class_ap.txt (typically 3 decimals),,,complete,/mnt/shared/zechuan/iraod_artifacts/comparison/rsar/gaussian_white_noise/seed_43/0f98a48/methods/F/ddp2/eval_full_gaussian_white_noise_student_ids_v1/class_ap.txt
RSAR,gaussian_white_noise,F,43,student,aircraft,0.398,printed class_ap.txt (typically 3 decimals),,,complete,/mnt/shared/zechuan/iraod_artifacts/comparison/rsar/gaussian_white_noise/seed_43/0f98a48/methods/F/ddp2/eval_full_gaussian_white_noise_student_ids_v1/class_ap.txt
RSAR,gaussian_white_noise,F,43,student,car,0.434,printed class_ap.txt (typically 3 decimals),,,complete,/mnt/shared/zechuan/iraod_artifacts/comparison/rsar/gaussian_white_noise/seed_43/0f98a48/methods/F/ddp2/eval_full_gaussian_white_noise_student_ids_v1/class_ap.txt
RSAR,gaussian_white_noise,F,43,student,tank,0.091,printed class_ap.txt (typically 3 decimals),,,complete,/mnt/shared/zechuan/iraod_artifacts/comparison/rsar/gaussian_white_noise/seed_43/0f98a48/methods/F/ddp2/eval_full_gaussian_white_noise_student_ids_v1/class_ap.txt
RSAR,gaussian_white_noise,F,43,student,bridge,0.173,printed class_ap.txt (typically 3 decimals),,,complete,/mnt/shared/zechuan/iraod_artifacts/comparison/rsar/gaussian_white_noise/seed_43/0f98a48/methods/F/ddp2/eval_full_gaussian_white_noise_student_ids_v1/class_ap.txt
RSAR,gaussian_white_noise,F,43,student,harbor,0.092,printed class_ap.txt (typically 3 decimals),,,complete,/mnt/shared/zechuan/iraod_artifacts/comparison/rsar/gaussian_white_noise/seed_43/0f98a48/methods/F/ddp2/eval_full_gaussian_white_noise_student_ids_v1/class_ap.txt
RSAR,gaussian_white_noise,F,44,student,ship,0.607,printed class_ap.txt (typically 3 decimals),,,complete,/mnt/shared/zechuan/iraod_artifacts/comparison/rsar/gaussian_white_noise/seed_44/0f98a48/methods/F/ddp2/eval_full_gaussian_white_noise_student_ids_v1/class_ap.txt
RSAR,gaussian_white_noise,F,44,student,aircraft,0.415,printed class_ap.txt (typically 3 decimals),,,complete,/mnt/shared/zechuan/iraod_artifacts/comparison/rsar/gaussian_white_noise/seed_44/0f98a48/methods/F/ddp2/eval_full_gaussian_white_noise_student_ids_v1/class_ap.txt
RSAR,gaussian_white_noise,F,44,student,car,0.336,printed class_ap.txt (typically 3 decimals),,,complete,/mnt/shared/zechuan/iraod_artifacts/comparison/rsar/gaussian_white_noise/seed_44/0f98a48/methods/F/ddp2/eval_full_gaussian_white_noise_student_ids_v1/class_ap.txt
RSAR,gaussian_white_noise,F,44,student,tank,0.091,printed class_ap.txt (typically 3 decimals),,,complete,/mnt/shared/zechuan/iraod_artifacts/comparison/rsar/gaussian_white_noise/seed_44/0f98a48/methods/F/ddp2/eval_full_gaussian_white_noise_student_ids_v1/class_ap.txt
RSAR,gaussian_white_noise,F,44,student,bridge,0.131,printed class_ap.txt (typically 3 decimals),,,complete,/mnt/shared/zechuan/iraod_artifacts/comparison/rsar/gaussian_white_noise/seed_44/0f98a48/methods/F/ddp2/eval_full_gaussian_white_noise_student_ids_v1/class_ap.txt
RSAR,gaussian_white_noise,F,44,student,harbor,0.032,printed class_ap.txt (typically 3 decimals),,,complete,/mnt/shared/zechuan/iraod_artifacts/comparison/rsar/gaussian_white_noise/seed_44/0f98a48/methods/F/ddp2/eval_full_gaussian_white_noise_student_ids_v1/class_ap.txt
RSAR,point_target,A,42,source,ship,0.747,printed class_ap.txt (typically 3 decimals),0.747,0.747,complete,/mnt/shared/zechuan/iraod_artifacts/comparison/rsar/point_target/seed_42/0f98a48/methods/A/eval_full_point_target_ids_v1/class_ap.txt
RSAR,point_target,A,42,source,aircraft,0.6,printed class_ap.txt (typically 3 decimals),0.6,0.6,complete,/mnt/shared/zechuan/iraod_artifacts/comparison/rsar/point_target/seed_42/0f98a48/methods/A/eval_full_point_target_ids_v1/class_ap.txt
RSAR,point_target,A,42,source,car,0.776,printed class_ap.txt (typically 3 decimals),0.776,0.776,complete,/mnt/shared/zechuan/iraod_artifacts/comparison/rsar/point_target/seed_42/0f98a48/methods/A/eval_full_point_target_ids_v1/class_ap.txt
RSAR,point_target,A,42,source,tank,0.169,printed class_ap.txt (typically 3 decimals),0.169,0.169,complete,/mnt/shared/zechuan/iraod_artifacts/comparison/rsar/point_target/seed_42/0f98a48/methods/A/eval_full_point_target_ids_v1/class_ap.txt
RSAR,point_target,A,42,source,bridge,0.378,printed class_ap.txt (typically 3 decimals),0.378,0.378,complete,/mnt/shared/zechuan/iraod_artifacts/comparison/rsar/point_target/seed_42/0f98a48/methods/A/eval_full_point_target_ids_v1/class_ap.txt
RSAR,point_target,A,42,source,harbor,0.425,printed class_ap.txt (typically 3 decimals),0.425,0.425,complete,/mnt/shared/zechuan/iraod_artifacts/comparison/rsar/point_target/seed_42/0f98a48/methods/A/eval_full_point_target_ids_v1/class_ap.txt
RSAR,point_target,B,42,student,ship,0.555,printed class_ap.txt (typically 3 decimals),,,complete,/mnt/shared/zechuan/iraod_artifacts/comparison/rsar/point_target/seed_42/0f98a48/methods/B/eval_full_point_target_student_ids_v1/class_ap.txt
RSAR,point_target,B,42,student,aircraft,0.411,printed class_ap.txt (typically 3 decimals),,,complete,/mnt/shared/zechuan/iraod_artifacts/comparison/rsar/point_target/seed_42/0f98a48/methods/B/eval_full_point_target_student_ids_v1/class_ap.txt
RSAR,point_target,B,42,student,car,0.472,printed class_ap.txt (typically 3 decimals),,,complete,/mnt/shared/zechuan/iraod_artifacts/comparison/rsar/point_target/seed_42/0f98a48/methods/B/eval_full_point_target_student_ids_v1/class_ap.txt
RSAR,point_target,B,42,student,tank,0.091,printed class_ap.txt (typically 3 decimals),,,complete,/mnt/shared/zechuan/iraod_artifacts/comparison/rsar/point_target/seed_42/0f98a48/methods/B/eval_full_point_target_student_ids_v1/class_ap.txt
RSAR,point_target,B,42,student,bridge,0.079,printed class_ap.txt (typically 3 decimals),,,complete,/mnt/shared/zechuan/iraod_artifacts/comparison/rsar/point_target/seed_42/0f98a48/methods/B/eval_full_point_target_student_ids_v1/class_ap.txt
RSAR,point_target,B,42,student,harbor,0.018,printed class_ap.txt (typically 3 decimals),,,complete,/mnt/shared/zechuan/iraod_artifacts/comparison/rsar/point_target/seed_42/0f98a48/methods/B/eval_full_point_target_student_ids_v1/class_ap.txt
RSAR,point_target,B,43,student,ship,0.598,printed class_ap.txt (typically 3 decimals),,,complete,/mnt/shared/zechuan/iraod_artifacts/comparison/rsar/point_target/seed_43/0f98a48/methods/B/eval_full_point_target_student_ids_v1/class_ap.txt
RSAR,point_target,B,43,student,aircraft,0.323,printed class_ap.txt (typically 3 decimals),,,complete,/mnt/shared/zechuan/iraod_artifacts/comparison/rsar/point_target/seed_43/0f98a48/methods/B/eval_full_point_target_student_ids_v1/class_ap.txt
RSAR,point_target,B,43,student,car,0.515,printed class_ap.txt (typically 3 decimals),,,complete,/mnt/shared/zechuan/iraod_artifacts/comparison/rsar/point_target/seed_43/0f98a48/methods/B/eval_full_point_target_student_ids_v1/class_ap.txt
RSAR,point_target,B,43,student,tank,0.091,printed class_ap.txt (typically 3 decimals),,,complete,/mnt/shared/zechuan/iraod_artifacts/comparison/rsar/point_target/seed_43/0f98a48/methods/B/eval_full_point_target_student_ids_v1/class_ap.txt
RSAR,point_target,B,43,student,bridge,0.106,printed class_ap.txt (typically 3 decimals),,,complete,/mnt/shared/zechuan/iraod_artifacts/comparison/rsar/point_target/seed_43/0f98a48/methods/B/eval_full_point_target_student_ids_v1/class_ap.txt
RSAR,point_target,B,43,student,harbor,0.038,printed class_ap.txt (typically 3 decimals),,,complete,/mnt/shared/zechuan/iraod_artifacts/comparison/rsar/point_target/seed_43/0f98a48/methods/B/eval_full_point_target_student_ids_v1/class_ap.txt
RSAR,point_target,B,44,student,ship,0.575,printed class_ap.txt (typically 3 decimals),,,complete,/mnt/shared/zechuan/iraod_artifacts/comparison/rsar/point_target/seed_44/0f98a48/methods/B/eval_full_point_target_student_ids_v1/class_ap.txt
RSAR,point_target,B,44,student,aircraft,0.339,printed class_ap.txt (typically 3 decimals),,,complete,/mnt/shared/zechuan/iraod_artifacts/comparison/rsar/point_target/seed_44/0f98a48/methods/B/eval_full_point_target_student_ids_v1/class_ap.txt
RSAR,point_target,B,44,student,car,0.432,printed class_ap.txt (typically 3 decimals),,,complete,/mnt/shared/zechuan/iraod_artifacts/comparison/rsar/point_target/seed_44/0f98a48/methods/B/eval_full_point_target_student_ids_v1/class_ap.txt
RSAR,point_target,B,44,student,tank,0.091,printed class_ap.txt (typically 3 decimals),,,complete,/mnt/shared/zechuan/iraod_artifacts/comparison/rsar/point_target/seed_44/0f98a48/methods/B/eval_full_point_target_student_ids_v1/class_ap.txt
RSAR,point_target,B,44,student,bridge,0.082,printed class_ap.txt (typically 3 decimals),,,complete,/mnt/shared/zechuan/iraod_artifacts/comparison/rsar/point_target/seed_44/0f98a48/methods/B/eval_full_point_target_student_ids_v1/class_ap.txt
RSAR,point_target,B,44,student,harbor,0.104,printed class_ap.txt (typically 3 decimals),,,complete,/mnt/shared/zechuan/iraod_artifacts/comparison/rsar/point_target/seed_44/0f98a48/methods/B/eval_full_point_target_student_ids_v1/class_ap.txt
RSAR,point_target,C,42,student,ship,0.572,printed class_ap.txt (typically 3 decimals),,,complete,/mnt/shared/zechuan/iraod_artifacts/comparison/rsar/point_target/seed_42/0f98a48/methods/C/eval_full_point_target_student_ids_v1/class_ap.txt
RSAR,point_target,C,42,student,aircraft,0.278,printed class_ap.txt (typically 3 decimals),,,complete,/mnt/shared/zechuan/iraod_artifacts/comparison/rsar/point_target/seed_42/0f98a48/methods/C/eval_full_point_target_student_ids_v1/class_ap.txt
RSAR,point_target,C,42,student,car,0.466,printed class_ap.txt (typically 3 decimals),,,complete,/mnt/shared/zechuan/iraod_artifacts/comparison/rsar/point_target/seed_42/0f98a48/methods/C/eval_full_point_target_student_ids_v1/class_ap.txt
RSAR,point_target,C,42,student,tank,0.091,printed class_ap.txt (typically 3 decimals),,,complete,/mnt/shared/zechuan/iraod_artifacts/comparison/rsar/point_target/seed_42/0f98a48/methods/C/eval_full_point_target_student_ids_v1/class_ap.txt
RSAR,point_target,C,42,student,bridge,0.16,printed class_ap.txt (typically 3 decimals),,,complete,/mnt/shared/zechuan/iraod_artifacts/comparison/rsar/point_target/seed_42/0f98a48/methods/C/eval_full_point_target_student_ids_v1/class_ap.txt
RSAR,point_target,C,42,student,harbor,0.281,printed class_ap.txt (typically 3 decimals),,,complete,/mnt/shared/zechuan/iraod_artifacts/comparison/rsar/point_target/seed_42/0f98a48/methods/C/eval_full_point_target_student_ids_v1/class_ap.txt
RSAR,point_target,C,43,student,ship,0.62,printed class_ap.txt (typically 3 decimals),,,complete,/mnt/shared/zechuan/iraod_artifacts/comparison/rsar/point_target/seed_43/0f98a48/methods/C/eval_full_point_target_student_ids_v1/class_ap.txt
RSAR,point_target,C,43,student,aircraft,0.425,printed class_ap.txt (typically 3 decimals),,,complete,/mnt/shared/zechuan/iraod_artifacts/comparison/rsar/point_target/seed_43/0f98a48/methods/C/eval_full_point_target_student_ids_v1/class_ap.txt
RSAR,point_target,C,43,student,car,0.486,printed class_ap.txt (typically 3 decimals),,,complete,/mnt/shared/zechuan/iraod_artifacts/comparison/rsar/point_target/seed_43/0f98a48/methods/C/eval_full_point_target_student_ids_v1/class_ap.txt
RSAR,point_target,C,43,student,tank,0.091,printed class_ap.txt (typically 3 decimals),,,complete,/mnt/shared/zechuan/iraod_artifacts/comparison/rsar/point_target/seed_43/0f98a48/methods/C/eval_full_point_target_student_ids_v1/class_ap.txt
RSAR,point_target,C,43,student,bridge,0.091,printed class_ap.txt (typically 3 decimals),,,complete,/mnt/shared/zechuan/iraod_artifacts/comparison/rsar/point_target/seed_43/0f98a48/methods/C/eval_full_point_target_student_ids_v1/class_ap.txt
RSAR,point_target,C,43,student,harbor,0.201,printed class_ap.txt (typically 3 decimals),,,complete,/mnt/shared/zechuan/iraod_artifacts/comparison/rsar/point_target/seed_43/0f98a48/methods/C/eval_full_point_target_student_ids_v1/class_ap.txt
RSAR,point_target,C,44,student,ship,0.604,printed class_ap.txt (typically 3 decimals),,,complete,/mnt/shared/zechuan/iraod_artifacts/comparison/rsar/point_target/seed_44/0f98a48/methods/C/eval_full_point_target_student_ids_v1/class_ap.txt
RSAR,point_target,C,44,student,aircraft,0.386,printed class_ap.txt (typically 3 decimals),,,complete,/mnt/shared/zechuan/iraod_artifacts/comparison/rsar/point_target/seed_44/0f98a48/methods/C/eval_full_point_target_student_ids_v1/class_ap.txt
RSAR,point_target,C,44,student,car,0.48,printed class_ap.txt (typically 3 decimals),,,complete,/mnt/shared/zechuan/iraod_artifacts/comparison/rsar/point_target/seed_44/0f98a48/methods/C/eval_full_point_target_student_ids_v1/class_ap.txt
RSAR,point_target,C,44,student,tank,0.091,printed class_ap.txt (typically 3 decimals),,,complete,/mnt/shared/zechuan/iraod_artifacts/comparison/rsar/point_target/seed_44/0f98a48/methods/C/eval_full_point_target_student_ids_v1/class_ap.txt
RSAR,point_target,C,44,student,bridge,0.256,printed class_ap.txt (typically 3 decimals),,,complete,/mnt/shared/zechuan/iraod_artifacts/comparison/rsar/point_target/seed_44/0f98a48/methods/C/eval_full_point_target_student_ids_v1/class_ap.txt
RSAR,point_target,C,44,student,harbor,0.174,printed class_ap.txt (typically 3 decimals),,,complete,/mnt/shared/zechuan/iraod_artifacts/comparison/rsar/point_target/seed_44/0f98a48/methods/C/eval_full_point_target_student_ids_v1/class_ap.txt
RSAR,point_target,D,42,student,ship,0.577,printed class_ap.txt (typically 3 decimals),,,complete,/mnt/shared/zechuan/iraod_artifacts/comparison/rsar/point_target/seed_42/0f98a48/methods/D/eval_full_point_target_student_ids_v1/class_ap.txt
RSAR,point_target,D,42,student,aircraft,0.401,printed class_ap.txt (typically 3 decimals),,,complete,/mnt/shared/zechuan/iraod_artifacts/comparison/rsar/point_target/seed_42/0f98a48/methods/D/eval_full_point_target_student_ids_v1/class_ap.txt
RSAR,point_target,D,42,student,car,0.341,printed class_ap.txt (typically 3 decimals),,,complete,/mnt/shared/zechuan/iraod_artifacts/comparison/rsar/point_target/seed_42/0f98a48/methods/D/eval_full_point_target_student_ids_v1/class_ap.txt
RSAR,point_target,D,42,student,tank,0.061,printed class_ap.txt (typically 3 decimals),,,complete,/mnt/shared/zechuan/iraod_artifacts/comparison/rsar/point_target/seed_42/0f98a48/methods/D/eval_full_point_target_student_ids_v1/class_ap.txt
RSAR,point_target,D,42,student,bridge,0.209,printed class_ap.txt (typically 3 decimals),,,complete,/mnt/shared/zechuan/iraod_artifacts/comparison/rsar/point_target/seed_42/0f98a48/methods/D/eval_full_point_target_student_ids_v1/class_ap.txt
RSAR,point_target,D,42,student,harbor,0.06,printed class_ap.txt (typically 3 decimals),,,complete,/mnt/shared/zechuan/iraod_artifacts/comparison/rsar/point_target/seed_42/0f98a48/methods/D/eval_full_point_target_student_ids_v1/class_ap.txt
RSAR,point_target,D,43,student,ship,0.556,printed class_ap.txt (typically 3 decimals),,,complete,/mnt/shared/zechuan/iraod_artifacts/comparison/rsar/point_target/seed_43/0f98a48/methods/D/eval_full_point_target_student_ids_v1/class_ap.txt
RSAR,point_target,D,43,student,aircraft,0.414,printed class_ap.txt (typically 3 decimals),,,complete,/mnt/shared/zechuan/iraod_artifacts/comparison/rsar/point_target/seed_43/0f98a48/methods/D/eval_full_point_target_student_ids_v1/class_ap.txt
RSAR,point_target,D,43,student,car,0.402,printed class_ap.txt (typically 3 decimals),,,complete,/mnt/shared/zechuan/iraod_artifacts/comparison/rsar/point_target/seed_43/0f98a48/methods/D/eval_full_point_target_student_ids_v1/class_ap.txt
RSAR,point_target,D,43,student,tank,0.091,printed class_ap.txt (typically 3 decimals),,,complete,/mnt/shared/zechuan/iraod_artifacts/comparison/rsar/point_target/seed_43/0f98a48/methods/D/eval_full_point_target_student_ids_v1/class_ap.txt
RSAR,point_target,D,43,student,bridge,0.207,printed class_ap.txt (typically 3 decimals),,,complete,/mnt/shared/zechuan/iraod_artifacts/comparison/rsar/point_target/seed_43/0f98a48/methods/D/eval_full_point_target_student_ids_v1/class_ap.txt
RSAR,point_target,D,43,student,harbor,0.179,printed class_ap.txt (typically 3 decimals),,,complete,/mnt/shared/zechuan/iraod_artifacts/comparison/rsar/point_target/seed_43/0f98a48/methods/D/eval_full_point_target_student_ids_v1/class_ap.txt
RSAR,point_target,D,44,student,ship,0.644,printed class_ap.txt (typically 3 decimals),,,complete,/mnt/shared/zechuan/iraod_artifacts/comparison/rsar/point_target/seed_44/0f98a48/methods/D/eval_full_point_target_student_ids_v1/class_ap.txt
RSAR,point_target,D,44,student,aircraft,0.403,printed class_ap.txt (typically 3 decimals),,,complete,/mnt/shared/zechuan/iraod_artifacts/comparison/rsar/point_target/seed_44/0f98a48/methods/D/eval_full_point_target_student_ids_v1/class_ap.txt
RSAR,point_target,D,44,student,car,0.512,printed class_ap.txt (typically 3 decimals),,,complete,/mnt/shared/zechuan/iraod_artifacts/comparison/rsar/point_target/seed_44/0f98a48/methods/D/eval_full_point_target_student_ids_v1/class_ap.txt
RSAR,point_target,D,44,student,tank,0.091,printed class_ap.txt (typically 3 decimals),,,complete,/mnt/shared/zechuan/iraod_artifacts/comparison/rsar/point_target/seed_44/0f98a48/methods/D/eval_full_point_target_student_ids_v1/class_ap.txt
RSAR,point_target,D,44,student,bridge,0.257,printed class_ap.txt (typically 3 decimals),,,complete,/mnt/shared/zechuan/iraod_artifacts/comparison/rsar/point_target/seed_44/0f98a48/methods/D/eval_full_point_target_student_ids_v1/class_ap.txt
RSAR,point_target,D,44,student,harbor,0.2,printed class_ap.txt (typically 3 decimals),,,complete,/mnt/shared/zechuan/iraod_artifacts/comparison/rsar/point_target/seed_44/0f98a48/methods/D/eval_full_point_target_student_ids_v1/class_ap.txt
RSAR,point_target,E,42,student,ship,0.606,printed class_ap.txt (typically 3 decimals),,,complete,/mnt/shared/zechuan/iraod_artifacts/comparison/rsar/point_target/seed_42/0f98a48/methods/E/ddp2/eval_full_point_target_student_ids_v1/class_ap.txt
RSAR,point_target,E,42,student,aircraft,0.277,printed class_ap.txt (typically 3 decimals),,,complete,/mnt/shared/zechuan/iraod_artifacts/comparison/rsar/point_target/seed_42/0f98a48/methods/E/ddp2/eval_full_point_target_student_ids_v1/class_ap.txt
RSAR,point_target,E,42,student,car,0.404,printed class_ap.txt (typically 3 decimals),,,complete,/mnt/shared/zechuan/iraod_artifacts/comparison/rsar/point_target/seed_42/0f98a48/methods/E/ddp2/eval_full_point_target_student_ids_v1/class_ap.txt
RSAR,point_target,E,42,student,tank,0.091,printed class_ap.txt (typically 3 decimals),,,complete,/mnt/shared/zechuan/iraod_artifacts/comparison/rsar/point_target/seed_42/0f98a48/methods/E/ddp2/eval_full_point_target_student_ids_v1/class_ap.txt
RSAR,point_target,E,42,student,bridge,0.112,printed class_ap.txt (typically 3 decimals),,,complete,/mnt/shared/zechuan/iraod_artifacts/comparison/rsar/point_target/seed_42/0f98a48/methods/E/ddp2/eval_full_point_target_student_ids_v1/class_ap.txt
RSAR,point_target,E,42,student,harbor,0.065,printed class_ap.txt (typically 3 decimals),,,complete,/mnt/shared/zechuan/iraod_artifacts/comparison/rsar/point_target/seed_42/0f98a48/methods/E/ddp2/eval_full_point_target_student_ids_v1/class_ap.txt
RSAR,point_target,E,43,student,ship,0.528,printed class_ap.txt (typically 3 decimals),,,complete,/mnt/shared/zechuan/iraod_artifacts/comparison/rsar/point_target/seed_43/0f98a48/methods/E/ddp2/eval_full_point_target_student_ids_v1/class_ap.txt
RSAR,point_target,E,43,student,aircraft,0.21,printed class_ap.txt (typically 3 decimals),,,complete,/mnt/shared/zechuan/iraod_artifacts/comparison/rsar/point_target/seed_43/0f98a48/methods/E/ddp2/eval_full_point_target_student_ids_v1/class_ap.txt
RSAR,point_target,E,43,student,car,0.291,printed class_ap.txt (typically 3 decimals),,,complete,/mnt/shared/zechuan/iraod_artifacts/comparison/rsar/point_target/seed_43/0f98a48/methods/E/ddp2/eval_full_point_target_student_ids_v1/class_ap.txt
RSAR,point_target,E,43,student,tank,0.091,printed class_ap.txt (typically 3 decimals),,,complete,/mnt/shared/zechuan/iraod_artifacts/comparison/rsar/point_target/seed_43/0f98a48/methods/E/ddp2/eval_full_point_target_student_ids_v1/class_ap.txt
RSAR,point_target,E,43,student,bridge,0.155,printed class_ap.txt (typically 3 decimals),,,complete,/mnt/shared/zechuan/iraod_artifacts/comparison/rsar/point_target/seed_43/0f98a48/methods/E/ddp2/eval_full_point_target_student_ids_v1/class_ap.txt
RSAR,point_target,E,43,student,harbor,0.019,printed class_ap.txt (typically 3 decimals),,,complete,/mnt/shared/zechuan/iraod_artifacts/comparison/rsar/point_target/seed_43/0f98a48/methods/E/ddp2/eval_full_point_target_student_ids_v1/class_ap.txt
RSAR,point_target,E,44,student,ship,0.567,printed class_ap.txt (typically 3 decimals),,,complete,/mnt/shared/zechuan/iraod_artifacts/comparison/rsar/point_target/seed_44/0f98a48/methods/E/ddp2/eval_full_point_target_student_ids_v1/class_ap.txt
RSAR,point_target,E,44,student,aircraft,0.291,printed class_ap.txt (typically 3 decimals),,,complete,/mnt/shared/zechuan/iraod_artifacts/comparison/rsar/point_target/seed_44/0f98a48/methods/E/ddp2/eval_full_point_target_student_ids_v1/class_ap.txt
RSAR,point_target,E,44,student,car,0.477,printed class_ap.txt (typically 3 decimals),,,complete,/mnt/shared/zechuan/iraod_artifacts/comparison/rsar/point_target/seed_44/0f98a48/methods/E/ddp2/eval_full_point_target_student_ids_v1/class_ap.txt
RSAR,point_target,E,44,student,tank,0.091,printed class_ap.txt (typically 3 decimals),,,complete,/mnt/shared/zechuan/iraod_artifacts/comparison/rsar/point_target/seed_44/0f98a48/methods/E/ddp2/eval_full_point_target_student_ids_v1/class_ap.txt
RSAR,point_target,E,44,student,bridge,0.146,printed class_ap.txt (typically 3 decimals),,,complete,/mnt/shared/zechuan/iraod_artifacts/comparison/rsar/point_target/seed_44/0f98a48/methods/E/ddp2/eval_full_point_target_student_ids_v1/class_ap.txt
RSAR,point_target,E,44,student,harbor,0.062,printed class_ap.txt (typically 3 decimals),,,complete,/mnt/shared/zechuan/iraod_artifacts/comparison/rsar/point_target/seed_44/0f98a48/methods/E/ddp2/eval_full_point_target_student_ids_v1/class_ap.txt
RSAR,point_target,F,42,student,ship,0.552,printed class_ap.txt (typically 3 decimals),,,complete,/mnt/shared/zechuan/iraod_artifacts/comparison/rsar/point_target/seed_42/0f98a48/methods/F/ddp2/eval_full_point_target_student_ids_v1/class_ap.txt
RSAR,point_target,F,42,student,aircraft,0.328,printed class_ap.txt (typically 3 decimals),,,complete,/mnt/shared/zechuan/iraod_artifacts/comparison/rsar/point_target/seed_42/0f98a48/methods/F/ddp2/eval_full_point_target_student_ids_v1/class_ap.txt
RSAR,point_target,F,42,student,car,0.368,printed class_ap.txt (typically 3 decimals),,,complete,/mnt/shared/zechuan/iraod_artifacts/comparison/rsar/point_target/seed_42/0f98a48/methods/F/ddp2/eval_full_point_target_student_ids_v1/class_ap.txt
RSAR,point_target,F,42,student,tank,0.091,printed class_ap.txt (typically 3 decimals),,,complete,/mnt/shared/zechuan/iraod_artifacts/comparison/rsar/point_target/seed_42/0f98a48/methods/F/ddp2/eval_full_point_target_student_ids_v1/class_ap.txt
RSAR,point_target,F,42,student,bridge,0.135,printed class_ap.txt (typically 3 decimals),,,complete,/mnt/shared/zechuan/iraod_artifacts/comparison/rsar/point_target/seed_42/0f98a48/methods/F/ddp2/eval_full_point_target_student_ids_v1/class_ap.txt
RSAR,point_target,F,42,student,harbor,0.103,printed class_ap.txt (typically 3 decimals),,,complete,/mnt/shared/zechuan/iraod_artifacts/comparison/rsar/point_target/seed_42/0f98a48/methods/F/ddp2/eval_full_point_target_student_ids_v1/class_ap.txt
RSAR,point_target,F,43,student,ship,0.544,printed class_ap.txt (typically 3 decimals),,,complete,/mnt/shared/zechuan/iraod_artifacts/comparison/rsar/point_target/seed_43/0f98a48/methods/F/ddp2/eval_full_point_target_student_ids_v1/class_ap.txt
RSAR,point_target,F,43,student,aircraft,0.413,printed class_ap.txt (typically 3 decimals),,,complete,/mnt/shared/zechuan/iraod_artifacts/comparison/rsar/point_target/seed_43/0f98a48/methods/F/ddp2/eval_full_point_target_student_ids_v1/class_ap.txt
RSAR,point_target,F,43,student,car,0.304,printed class_ap.txt (typically 3 decimals),,,complete,/mnt/shared/zechuan/iraod_artifacts/comparison/rsar/point_target/seed_43/0f98a48/methods/F/ddp2/eval_full_point_target_student_ids_v1/class_ap.txt
RSAR,point_target,F,43,student,tank,0.091,printed class_ap.txt (typically 3 decimals),,,complete,/mnt/shared/zechuan/iraod_artifacts/comparison/rsar/point_target/seed_43/0f98a48/methods/F/ddp2/eval_full_point_target_student_ids_v1/class_ap.txt
RSAR,point_target,F,43,student,bridge,0.12,printed class_ap.txt (typically 3 decimals),,,complete,/mnt/shared/zechuan/iraod_artifacts/comparison/rsar/point_target/seed_43/0f98a48/methods/F/ddp2/eval_full_point_target_student_ids_v1/class_ap.txt
RSAR,point_target,F,43,student,harbor,0.177,printed class_ap.txt (typically 3 decimals),,,complete,/mnt/shared/zechuan/iraod_artifacts/comparison/rsar/point_target/seed_43/0f98a48/methods/F/ddp2/eval_full_point_target_student_ids_v1/class_ap.txt
RSAR,point_target,F,44,student,ship,0.611,printed class_ap.txt (typically 3 decimals),,,complete,/mnt/shared/zechuan/iraod_artifacts/comparison/rsar/point_target/seed_44/0f98a48/methods/F/ddp2/eval_full_point_target_student_ids_v1/class_ap.txt
RSAR,point_target,F,44,student,aircraft,0.351,printed class_ap.txt (typically 3 decimals),,,complete,/mnt/shared/zechuan/iraod_artifacts/comparison/rsar/point_target/seed_44/0f98a48/methods/F/ddp2/eval_full_point_target_student_ids_v1/class_ap.txt
RSAR,point_target,F,44,student,car,0.396,printed class_ap.txt (typically 3 decimals),,,complete,/mnt/shared/zechuan/iraod_artifacts/comparison/rsar/point_target/seed_44/0f98a48/methods/F/ddp2/eval_full_point_target_student_ids_v1/class_ap.txt
RSAR,point_target,F,44,student,tank,0.091,printed class_ap.txt (typically 3 decimals),,,complete,/mnt/shared/zechuan/iraod_artifacts/comparison/rsar/point_target/seed_44/0f98a48/methods/F/ddp2/eval_full_point_target_student_ids_v1/class_ap.txt
RSAR,point_target,F,44,student,bridge,0.134,printed class_ap.txt (typically 3 decimals),,,complete,/mnt/shared/zechuan/iraod_artifacts/comparison/rsar/point_target/seed_44/0f98a48/methods/F/ddp2/eval_full_point_target_student_ids_v1/class_ap.txt
RSAR,point_target,F,44,student,harbor,0.109,printed class_ap.txt (typically 3 decimals),,,complete,/mnt/shared/zechuan/iraod_artifacts/comparison/rsar/point_target/seed_44/0f98a48/methods/F/ddp2/eval_full_point_target_student_ids_v1/class_ap.txt
RSAR,noise_suppression,A,42,source,ship,0.466,printed class_ap.txt (typically 3 decimals),0.466,0.466,complete,/mnt/shared/zechuan/iraod_artifacts/comparison/rsar/noise_suppression/seed_42/0f98a48/methods/A/eval_full_noise_suppression_ids_v1/class_ap.txt
RSAR,noise_suppression,A,42,source,aircraft,0.051,printed class_ap.txt (typically 3 decimals),0.051,0.051,complete,/mnt/shared/zechuan/iraod_artifacts/comparison/rsar/noise_suppression/seed_42/0f98a48/methods/A/eval_full_noise_suppression_ids_v1/class_ap.txt
RSAR,noise_suppression,A,42,source,car,0.0,printed class_ap.txt (typically 3 decimals),0.0,0.0,complete,/mnt/shared/zechuan/iraod_artifacts/comparison/rsar/noise_suppression/seed_42/0f98a48/methods/A/eval_full_noise_suppression_ids_v1/class_ap.txt
RSAR,noise_suppression,A,42,source,tank,0.001,printed class_ap.txt (typically 3 decimals),0.001,0.001,complete,/mnt/shared/zechuan/iraod_artifacts/comparison/rsar/noise_suppression/seed_42/0f98a48/methods/A/eval_full_noise_suppression_ids_v1/class_ap.txt
RSAR,noise_suppression,A,42,source,bridge,0.346,printed class_ap.txt (typically 3 decimals),0.346,0.346,complete,/mnt/shared/zechuan/iraod_artifacts/comparison/rsar/noise_suppression/seed_42/0f98a48/methods/A/eval_full_noise_suppression_ids_v1/class_ap.txt
RSAR,noise_suppression,A,42,source,harbor,0.116,printed class_ap.txt (typically 3 decimals),0.116,0.116,complete,/mnt/shared/zechuan/iraod_artifacts/comparison/rsar/noise_suppression/seed_42/0f98a48/methods/A/eval_full_noise_suppression_ids_v1/class_ap.txt
RSAR,noise_suppression,B,42,student,ship,0.568,printed class_ap.txt (typically 3 decimals),,,complete,/mnt/shared/zechuan/iraod_artifacts/comparison/rsar/noise_suppression/seed_42/0f98a48/methods/B/eval_full_noise_suppression_student_ids_v1/class_ap.txt
RSAR,noise_suppression,B,42,student,aircraft,0.018,printed class_ap.txt (typically 3 decimals),,,complete,/mnt/shared/zechuan/iraod_artifacts/comparison/rsar/noise_suppression/seed_42/0f98a48/methods/B/eval_full_noise_suppression_student_ids_v1/class_ap.txt
RSAR,noise_suppression,B,42,student,car,0.002,printed class_ap.txt (typically 3 decimals),,,complete,/mnt/shared/zechuan/iraod_artifacts/comparison/rsar/noise_suppression/seed_42/0f98a48/methods/B/eval_full_noise_suppression_student_ids_v1/class_ap.txt
RSAR,noise_suppression,B,42,student,tank,0.006,printed class_ap.txt (typically 3 decimals),,,complete,/mnt/shared/zechuan/iraod_artifacts/comparison/rsar/noise_suppression/seed_42/0f98a48/methods/B/eval_full_noise_suppression_student_ids_v1/class_ap.txt
RSAR,noise_suppression,B,42,student,bridge,0.25,printed class_ap.txt (typically 3 decimals),,,complete,/mnt/shared/zechuan/iraod_artifacts/comparison/rsar/noise_suppression/seed_42/0f98a48/methods/B/eval_full_noise_suppression_student_ids_v1/class_ap.txt
RSAR,noise_suppression,B,42,student,harbor,0.051,printed class_ap.txt (typically 3 decimals),,,complete,/mnt/shared/zechuan/iraod_artifacts/comparison/rsar/noise_suppression/seed_42/0f98a48/methods/B/eval_full_noise_suppression_student_ids_v1/class_ap.txt
RSAR,noise_suppression,B,43,student,ship,0.569,printed class_ap.txt (typically 3 decimals),,,complete,/mnt/shared/zechuan/iraod_artifacts/comparison/rsar/noise_suppression/seed_43/0f98a48/methods/B/eval_full_noise_suppression_student_ids_v1/class_ap.txt
RSAR,noise_suppression,B,43,student,aircraft,0.096,printed class_ap.txt (typically 3 decimals),,,complete,/mnt/shared/zechuan/iraod_artifacts/comparison/rsar/noise_suppression/seed_43/0f98a48/methods/B/eval_full_noise_suppression_student_ids_v1/class_ap.txt
RSAR,noise_suppression,B,43,student,car,0.002,printed class_ap.txt (typically 3 decimals),,,complete,/mnt/shared/zechuan/iraod_artifacts/comparison/rsar/noise_suppression/seed_43/0f98a48/methods/B/eval_full_noise_suppression_student_ids_v1/class_ap.txt
RSAR,noise_suppression,B,43,student,tank,0.003,printed class_ap.txt (typically 3 decimals),,,complete,/mnt/shared/zechuan/iraod_artifacts/comparison/rsar/noise_suppression/seed_43/0f98a48/methods/B/eval_full_noise_suppression_student_ids_v1/class_ap.txt
RSAR,noise_suppression,B,43,student,bridge,0.186,printed class_ap.txt (typically 3 decimals),,,complete,/mnt/shared/zechuan/iraod_artifacts/comparison/rsar/noise_suppression/seed_43/0f98a48/methods/B/eval_full_noise_suppression_student_ids_v1/class_ap.txt
RSAR,noise_suppression,B,43,student,harbor,0.04,printed class_ap.txt (typically 3 decimals),,,complete,/mnt/shared/zechuan/iraod_artifacts/comparison/rsar/noise_suppression/seed_43/0f98a48/methods/B/eval_full_noise_suppression_student_ids_v1/class_ap.txt
RSAR,noise_suppression,B,44,student,ship,0.501,printed class_ap.txt (typically 3 decimals),,,complete,/mnt/shared/zechuan/iraod_artifacts/comparison/rsar/noise_suppression/seed_44/0f98a48/methods/B/eval_full_noise_suppression_student_ids_v1/class_ap.txt
RSAR,noise_suppression,B,44,student,aircraft,0.003,printed class_ap.txt (typically 3 decimals),,,complete,/mnt/shared/zechuan/iraod_artifacts/comparison/rsar/noise_suppression/seed_44/0f98a48/methods/B/eval_full_noise_suppression_student_ids_v1/class_ap.txt
RSAR,noise_suppression,B,44,student,car,0.0,printed class_ap.txt (typically 3 decimals),,,complete,/mnt/shared/zechuan/iraod_artifacts/comparison/rsar/noise_suppression/seed_44/0f98a48/methods/B/eval_full_noise_suppression_student_ids_v1/class_ap.txt
RSAR,noise_suppression,B,44,student,tank,0.001,printed class_ap.txt (typically 3 decimals),,,complete,/mnt/shared/zechuan/iraod_artifacts/comparison/rsar/noise_suppression/seed_44/0f98a48/methods/B/eval_full_noise_suppression_student_ids_v1/class_ap.txt
RSAR,noise_suppression,B,44,student,bridge,0.177,printed class_ap.txt (typically 3 decimals),,,complete,/mnt/shared/zechuan/iraod_artifacts/comparison/rsar/noise_suppression/seed_44/0f98a48/methods/B/eval_full_noise_suppression_student_ids_v1/class_ap.txt
RSAR,noise_suppression,B,44,student,harbor,0.026,printed class_ap.txt (typically 3 decimals),,,complete,/mnt/shared/zechuan/iraod_artifacts/comparison/rsar/noise_suppression/seed_44/0f98a48/methods/B/eval_full_noise_suppression_student_ids_v1/class_ap.txt
RSAR,noise_suppression,C,42,student,ship,0.58,printed class_ap.txt (typically 3 decimals),,,complete,/mnt/shared/zechuan/iraod_artifacts/comparison/rsar/noise_suppression/seed_42/0f98a48/methods/C/eval_full_noise_suppression_student_ids_v1/class_ap.txt
RSAR,noise_suppression,C,42,student,aircraft,0.129,printed class_ap.txt (typically 3 decimals),,,complete,/mnt/shared/zechuan/iraod_artifacts/comparison/rsar/noise_suppression/seed_42/0f98a48/methods/C/eval_full_noise_suppression_student_ids_v1/class_ap.txt
RSAR,noise_suppression,C,42,student,car,0.0,printed class_ap.txt (typically 3 decimals),,,complete,/mnt/shared/zechuan/iraod_artifacts/comparison/rsar/noise_suppression/seed_42/0f98a48/methods/C/eval_full_noise_suppression_student_ids_v1/class_ap.txt
RSAR,noise_suppression,C,42,student,tank,0.005,printed class_ap.txt (typically 3 decimals),,,complete,/mnt/shared/zechuan/iraod_artifacts/comparison/rsar/noise_suppression/seed_42/0f98a48/methods/C/eval_full_noise_suppression_student_ids_v1/class_ap.txt
RSAR,noise_suppression,C,42,student,bridge,0.289,printed class_ap.txt (typically 3 decimals),,,complete,/mnt/shared/zechuan/iraod_artifacts/comparison/rsar/noise_suppression/seed_42/0f98a48/methods/C/eval_full_noise_suppression_student_ids_v1/class_ap.txt
RSAR,noise_suppression,C,42,student,harbor,0.133,printed class_ap.txt (typically 3 decimals),,,complete,/mnt/shared/zechuan/iraod_artifacts/comparison/rsar/noise_suppression/seed_42/0f98a48/methods/C/eval_full_noise_suppression_student_ids_v1/class_ap.txt
RSAR,noise_suppression,C,43,student,ship,0.572,printed class_ap.txt (typically 3 decimals),,,complete,/mnt/shared/zechuan/iraod_artifacts/comparison/rsar/noise_suppression/seed_43/0f98a48/methods/C/eval_full_noise_suppression_student_ids_v1/class_ap.txt
RSAR,noise_suppression,C,43,student,aircraft,0.197,printed class_ap.txt (typically 3 decimals),,,complete,/mnt/shared/zechuan/iraod_artifacts/comparison/rsar/noise_suppression/seed_43/0f98a48/methods/C/eval_full_noise_suppression_student_ids_v1/class_ap.txt
RSAR,noise_suppression,C,43,student,car,0.0,printed class_ap.txt (typically 3 decimals),,,complete,/mnt/shared/zechuan/iraod_artifacts/comparison/rsar/noise_suppression/seed_43/0f98a48/methods/C/eval_full_noise_suppression_student_ids_v1/class_ap.txt
RSAR,noise_suppression,C,43,student,tank,0.0,printed class_ap.txt (typically 3 decimals),,,complete,/mnt/shared/zechuan/iraod_artifacts/comparison/rsar/noise_suppression/seed_43/0f98a48/methods/C/eval_full_noise_suppression_student_ids_v1/class_ap.txt
RSAR,noise_suppression,C,43,student,bridge,0.166,printed class_ap.txt (typically 3 decimals),,,complete,/mnt/shared/zechuan/iraod_artifacts/comparison/rsar/noise_suppression/seed_43/0f98a48/methods/C/eval_full_noise_suppression_student_ids_v1/class_ap.txt
RSAR,noise_suppression,C,43,student,harbor,0.116,printed class_ap.txt (typically 3 decimals),,,complete,/mnt/shared/zechuan/iraod_artifacts/comparison/rsar/noise_suppression/seed_43/0f98a48/methods/C/eval_full_noise_suppression_student_ids_v1/class_ap.txt
RSAR,noise_suppression,C,44,student,ship,0.539,printed class_ap.txt (typically 3 decimals),,,complete,/mnt/shared/zechuan/iraod_artifacts/comparison/rsar/noise_suppression/seed_44/0f98a48/methods/C/eval_full_noise_suppression_student_ids_v1/class_ap.txt
RSAR,noise_suppression,C,44,student,aircraft,0.24,printed class_ap.txt (typically 3 decimals),,,complete,/mnt/shared/zechuan/iraod_artifacts/comparison/rsar/noise_suppression/seed_44/0f98a48/methods/C/eval_full_noise_suppression_student_ids_v1/class_ap.txt
RSAR,noise_suppression,C,44,student,car,0.0,printed class_ap.txt (typically 3 decimals),,,complete,/mnt/shared/zechuan/iraod_artifacts/comparison/rsar/noise_suppression/seed_44/0f98a48/methods/C/eval_full_noise_suppression_student_ids_v1/class_ap.txt
RSAR,noise_suppression,C,44,student,tank,0.002,printed class_ap.txt (typically 3 decimals),,,complete,/mnt/shared/zechuan/iraod_artifacts/comparison/rsar/noise_suppression/seed_44/0f98a48/methods/C/eval_full_noise_suppression_student_ids_v1/class_ap.txt
RSAR,noise_suppression,C,44,student,bridge,0.233,printed class_ap.txt (typically 3 decimals),,,complete,/mnt/shared/zechuan/iraod_artifacts/comparison/rsar/noise_suppression/seed_44/0f98a48/methods/C/eval_full_noise_suppression_student_ids_v1/class_ap.txt
RSAR,noise_suppression,C,44,student,harbor,0.081,printed class_ap.txt (typically 3 decimals),,,complete,/mnt/shared/zechuan/iraod_artifacts/comparison/rsar/noise_suppression/seed_44/0f98a48/methods/C/eval_full_noise_suppression_student_ids_v1/class_ap.txt
RSAR,noise_suppression,D,42,student,ship,0.41,printed class_ap.txt (typically 3 decimals),,,complete,/mnt/shared/zechuan/iraod_artifacts/comparison/rsar/noise_suppression/seed_42/0f98a48/methods/D/eval_full_noise_suppression_student_ids_v1/class_ap.txt
RSAR,noise_suppression,D,42,student,aircraft,0.017,printed class_ap.txt (typically 3 decimals),,,complete,/mnt/shared/zechuan/iraod_artifacts/comparison/rsar/noise_suppression/seed_42/0f98a48/methods/D/eval_full_noise_suppression_student_ids_v1/class_ap.txt
RSAR,noise_suppression,D,42,student,car,0.0,printed class_ap.txt (typically 3 decimals),,,complete,/mnt/shared/zechuan/iraod_artifacts/comparison/rsar/noise_suppression/seed_42/0f98a48/methods/D/eval_full_noise_suppression_student_ids_v1/class_ap.txt
RSAR,noise_suppression,D,42,student,tank,0.0,printed class_ap.txt (typically 3 decimals),,,complete,/mnt/shared/zechuan/iraod_artifacts/comparison/rsar/noise_suppression/seed_42/0f98a48/methods/D/eval_full_noise_suppression_student_ids_v1/class_ap.txt
RSAR,noise_suppression,D,42,student,bridge,0.116,printed class_ap.txt (typically 3 decimals),,,complete,/mnt/shared/zechuan/iraod_artifacts/comparison/rsar/noise_suppression/seed_42/0f98a48/methods/D/eval_full_noise_suppression_student_ids_v1/class_ap.txt
RSAR,noise_suppression,D,42,student,harbor,0.042,printed class_ap.txt (typically 3 decimals),,,complete,/mnt/shared/zechuan/iraod_artifacts/comparison/rsar/noise_suppression/seed_42/0f98a48/methods/D/eval_full_noise_suppression_student_ids_v1/class_ap.txt
RSAR,noise_suppression,D,43,student,ship,0.403,printed class_ap.txt (typically 3 decimals),,,complete,/mnt/shared/zechuan/iraod_artifacts/comparison/rsar/noise_suppression/seed_43/0f98a48/methods/D/eval_full_noise_suppression_student_ids_v1/class_ap.txt
RSAR,noise_suppression,D,43,student,aircraft,0.004,printed class_ap.txt (typically 3 decimals),,,complete,/mnt/shared/zechuan/iraod_artifacts/comparison/rsar/noise_suppression/seed_43/0f98a48/methods/D/eval_full_noise_suppression_student_ids_v1/class_ap.txt
RSAR,noise_suppression,D,43,student,car,0.0,printed class_ap.txt (typically 3 decimals),,,complete,/mnt/shared/zechuan/iraod_artifacts/comparison/rsar/noise_suppression/seed_43/0f98a48/methods/D/eval_full_noise_suppression_student_ids_v1/class_ap.txt
RSAR,noise_suppression,D,43,student,tank,0.0,printed class_ap.txt (typically 3 decimals),,,complete,/mnt/shared/zechuan/iraod_artifacts/comparison/rsar/noise_suppression/seed_43/0f98a48/methods/D/eval_full_noise_suppression_student_ids_v1/class_ap.txt
RSAR,noise_suppression,D,43,student,bridge,0.091,printed class_ap.txt (typically 3 decimals),,,complete,/mnt/shared/zechuan/iraod_artifacts/comparison/rsar/noise_suppression/seed_43/0f98a48/methods/D/eval_full_noise_suppression_student_ids_v1/class_ap.txt
RSAR,noise_suppression,D,43,student,harbor,0.026,printed class_ap.txt (typically 3 decimals),,,complete,/mnt/shared/zechuan/iraod_artifacts/comparison/rsar/noise_suppression/seed_43/0f98a48/methods/D/eval_full_noise_suppression_student_ids_v1/class_ap.txt
RSAR,noise_suppression,D,44,student,ship,0.4,printed class_ap.txt (typically 3 decimals),,,complete,/mnt/shared/zechuan/iraod_artifacts/comparison/rsar/noise_suppression/seed_44/0f98a48/methods/D/eval_full_noise_suppression_student_ids_v1/class_ap.txt
RSAR,noise_suppression,D,44,student,aircraft,0.091,printed class_ap.txt (typically 3 decimals),,,complete,/mnt/shared/zechuan/iraod_artifacts/comparison/rsar/noise_suppression/seed_44/0f98a48/methods/D/eval_full_noise_suppression_student_ids_v1/class_ap.txt
RSAR,noise_suppression,D,44,student,car,0.0,printed class_ap.txt (typically 3 decimals),,,complete,/mnt/shared/zechuan/iraod_artifacts/comparison/rsar/noise_suppression/seed_44/0f98a48/methods/D/eval_full_noise_suppression_student_ids_v1/class_ap.txt
RSAR,noise_suppression,D,44,student,tank,0.0,printed class_ap.txt (typically 3 decimals),,,complete,/mnt/shared/zechuan/iraod_artifacts/comparison/rsar/noise_suppression/seed_44/0f98a48/methods/D/eval_full_noise_suppression_student_ids_v1/class_ap.txt
RSAR,noise_suppression,D,44,student,bridge,0.091,printed class_ap.txt (typically 3 decimals),,,complete,/mnt/shared/zechuan/iraod_artifacts/comparison/rsar/noise_suppression/seed_44/0f98a48/methods/D/eval_full_noise_suppression_student_ids_v1/class_ap.txt
RSAR,noise_suppression,D,44,student,harbor,0.088,printed class_ap.txt (typically 3 decimals),,,complete,/mnt/shared/zechuan/iraod_artifacts/comparison/rsar/noise_suppression/seed_44/0f98a48/methods/D/eval_full_noise_suppression_student_ids_v1/class_ap.txt
RSAR,noise_suppression,E,42,student,ship,0.506,printed class_ap.txt (typically 3 decimals),,,complete,/mnt/shared/zechuan/iraod_artifacts/comparison/rsar/noise_suppression/seed_42/0f98a48/methods/E/ddp2/eval_full_noise_suppression_student_ids_v1/class_ap.txt
RSAR,noise_suppression,E,42,student,aircraft,0.114,printed class_ap.txt (typically 3 decimals),,,complete,/mnt/shared/zechuan/iraod_artifacts/comparison/rsar/noise_suppression/seed_42/0f98a48/methods/E/ddp2/eval_full_noise_suppression_student_ids_v1/class_ap.txt
RSAR,noise_suppression,E,42,student,car,0.005,printed class_ap.txt (typically 3 decimals),,,complete,/mnt/shared/zechuan/iraod_artifacts/comparison/rsar/noise_suppression/seed_42/0f98a48/methods/E/ddp2/eval_full_noise_suppression_student_ids_v1/class_ap.txt
RSAR,noise_suppression,E,42,student,tank,0.015,printed class_ap.txt (typically 3 decimals),,,complete,/mnt/shared/zechuan/iraod_artifacts/comparison/rsar/noise_suppression/seed_42/0f98a48/methods/E/ddp2/eval_full_noise_suppression_student_ids_v1/class_ap.txt
RSAR,noise_suppression,E,42,student,bridge,0.192,printed class_ap.txt (typically 3 decimals),,,complete,/mnt/shared/zechuan/iraod_artifacts/comparison/rsar/noise_suppression/seed_42/0f98a48/methods/E/ddp2/eval_full_noise_suppression_student_ids_v1/class_ap.txt
RSAR,noise_suppression,E,42,student,harbor,0.037,printed class_ap.txt (typically 3 decimals),,,complete,/mnt/shared/zechuan/iraod_artifacts/comparison/rsar/noise_suppression/seed_42/0f98a48/methods/E/ddp2/eval_full_noise_suppression_student_ids_v1/class_ap.txt
RSAR,noise_suppression,E,43,student,ship,0.502,printed class_ap.txt (typically 3 decimals),,,complete,/mnt/shared/zechuan/iraod_artifacts/comparison/rsar/noise_suppression/seed_43/0f98a48/methods/E/ddp2/eval_full_noise_suppression_student_ids_v1/class_ap.txt
RSAR,noise_suppression,E,43,student,aircraft,0.034,printed class_ap.txt (typically 3 decimals),,,complete,/mnt/shared/zechuan/iraod_artifacts/comparison/rsar/noise_suppression/seed_43/0f98a48/methods/E/ddp2/eval_full_noise_suppression_student_ids_v1/class_ap.txt
RSAR,noise_suppression,E,43,student,car,0.061,printed class_ap.txt (typically 3 decimals),,,complete,/mnt/shared/zechuan/iraod_artifacts/comparison/rsar/noise_suppression/seed_43/0f98a48/methods/E/ddp2/eval_full_noise_suppression_student_ids_v1/class_ap.txt
RSAR,noise_suppression,E,43,student,tank,0.028,printed class_ap.txt (typically 3 decimals),,,complete,/mnt/shared/zechuan/iraod_artifacts/comparison/rsar/noise_suppression/seed_43/0f98a48/methods/E/ddp2/eval_full_noise_suppression_student_ids_v1/class_ap.txt
RSAR,noise_suppression,E,43,student,bridge,0.199,printed class_ap.txt (typically 3 decimals),,,complete,/mnt/shared/zechuan/iraod_artifacts/comparison/rsar/noise_suppression/seed_43/0f98a48/methods/E/ddp2/eval_full_noise_suppression_student_ids_v1/class_ap.txt
RSAR,noise_suppression,E,43,student,harbor,0.014,printed class_ap.txt (typically 3 decimals),,,complete,/mnt/shared/zechuan/iraod_artifacts/comparison/rsar/noise_suppression/seed_43/0f98a48/methods/E/ddp2/eval_full_noise_suppression_student_ids_v1/class_ap.txt
RSAR,noise_suppression,E,44,student,ship,0.506,printed class_ap.txt (typically 3 decimals),,,complete,/mnt/shared/zechuan/iraod_artifacts/comparison/rsar/noise_suppression/seed_44/0f98a48/methods/E/ddp2/eval_full_noise_suppression_student_ids_v1/class_ap.txt
RSAR,noise_suppression,E,44,student,aircraft,0.007,printed class_ap.txt (typically 3 decimals),,,complete,/mnt/shared/zechuan/iraod_artifacts/comparison/rsar/noise_suppression/seed_44/0f98a48/methods/E/ddp2/eval_full_noise_suppression_student_ids_v1/class_ap.txt
RSAR,noise_suppression,E,44,student,car,0.001,printed class_ap.txt (typically 3 decimals),,,complete,/mnt/shared/zechuan/iraod_artifacts/comparison/rsar/noise_suppression/seed_44/0f98a48/methods/E/ddp2/eval_full_noise_suppression_student_ids_v1/class_ap.txt
RSAR,noise_suppression,E,44,student,tank,0.006,printed class_ap.txt (typically 3 decimals),,,complete,/mnt/shared/zechuan/iraod_artifacts/comparison/rsar/noise_suppression/seed_44/0f98a48/methods/E/ddp2/eval_full_noise_suppression_student_ids_v1/class_ap.txt
RSAR,noise_suppression,E,44,student,bridge,0.205,printed class_ap.txt (typically 3 decimals),,,complete,/mnt/shared/zechuan/iraod_artifacts/comparison/rsar/noise_suppression/seed_44/0f98a48/methods/E/ddp2/eval_full_noise_suppression_student_ids_v1/class_ap.txt
RSAR,noise_suppression,E,44,student,harbor,0.004,printed class_ap.txt (typically 3 decimals),,,complete,/mnt/shared/zechuan/iraod_artifacts/comparison/rsar/noise_suppression/seed_44/0f98a48/methods/E/ddp2/eval_full_noise_suppression_student_ids_v1/class_ap.txt
RSAR,noise_suppression,F,42,student,ship,0.371,printed class_ap.txt (typically 3 decimals),,,complete,/mnt/shared/zechuan/iraod_artifacts/comparison/rsar/noise_suppression/seed_42/0f98a48/methods/F/ddp2/eval_full_noise_suppression_student_ids_v1/class_ap.txt
RSAR,noise_suppression,F,42,student,aircraft,0.0,printed class_ap.txt (typically 3 decimals),,,complete,/mnt/shared/zechuan/iraod_artifacts/comparison/rsar/noise_suppression/seed_42/0f98a48/methods/F/ddp2/eval_full_noise_suppression_student_ids_v1/class_ap.txt
RSAR,noise_suppression,F,42,student,car,0.009,printed class_ap.txt (typically 3 decimals),,,complete,/mnt/shared/zechuan/iraod_artifacts/comparison/rsar/noise_suppression/seed_42/0f98a48/methods/F/ddp2/eval_full_noise_suppression_student_ids_v1/class_ap.txt
RSAR,noise_suppression,F,42,student,tank,0.003,printed class_ap.txt (typically 3 decimals),,,complete,/mnt/shared/zechuan/iraod_artifacts/comparison/rsar/noise_suppression/seed_42/0f98a48/methods/F/ddp2/eval_full_noise_suppression_student_ids_v1/class_ap.txt
RSAR,noise_suppression,F,42,student,bridge,0.091,printed class_ap.txt (typically 3 decimals),,,complete,/mnt/shared/zechuan/iraod_artifacts/comparison/rsar/noise_suppression/seed_42/0f98a48/methods/F/ddp2/eval_full_noise_suppression_student_ids_v1/class_ap.txt
RSAR,noise_suppression,F,42,student,harbor,0.002,printed class_ap.txt (typically 3 decimals),,,complete,/mnt/shared/zechuan/iraod_artifacts/comparison/rsar/noise_suppression/seed_42/0f98a48/methods/F/ddp2/eval_full_noise_suppression_student_ids_v1/class_ap.txt
RSAR,noise_suppression,F,43,student,ship,0.427,printed class_ap.txt (typically 3 decimals),,,complete,/mnt/shared/zechuan/iraod_artifacts/comparison/rsar/noise_suppression/seed_43/0f98a48/methods/F/ddp2/eval_full_noise_suppression_student_ids_v1/class_ap.txt
RSAR,noise_suppression,F,43,student,aircraft,0.149,printed class_ap.txt (typically 3 decimals),,,complete,/mnt/shared/zechuan/iraod_artifacts/comparison/rsar/noise_suppression/seed_43/0f98a48/methods/F/ddp2/eval_full_noise_suppression_student_ids_v1/class_ap.txt
RSAR,noise_suppression,F,43,student,car,0.034,printed class_ap.txt (typically 3 decimals),,,complete,/mnt/shared/zechuan/iraod_artifacts/comparison/rsar/noise_suppression/seed_43/0f98a48/methods/F/ddp2/eval_full_noise_suppression_student_ids_v1/class_ap.txt
RSAR,noise_suppression,F,43,student,tank,0.091,printed class_ap.txt (typically 3 decimals),,,complete,/mnt/shared/zechuan/iraod_artifacts/comparison/rsar/noise_suppression/seed_43/0f98a48/methods/F/ddp2/eval_full_noise_suppression_student_ids_v1/class_ap.txt
RSAR,noise_suppression,F,43,student,bridge,0.109,printed class_ap.txt (typically 3 decimals),,,complete,/mnt/shared/zechuan/iraod_artifacts/comparison/rsar/noise_suppression/seed_43/0f98a48/methods/F/ddp2/eval_full_noise_suppression_student_ids_v1/class_ap.txt
RSAR,noise_suppression,F,43,student,harbor,0.008,printed class_ap.txt (typically 3 decimals),,,complete,/mnt/shared/zechuan/iraod_artifacts/comparison/rsar/noise_suppression/seed_43/0f98a48/methods/F/ddp2/eval_full_noise_suppression_student_ids_v1/class_ap.txt
RSAR,noise_suppression,F,44,student,ship,0.467,printed class_ap.txt (typically 3 decimals),,,complete,/mnt/shared/zechuan/iraod_artifacts/comparison/rsar/noise_suppression/seed_44/0f98a48/methods/F/ddp2/eval_full_noise_suppression_student_ids_v1/class_ap.txt
RSAR,noise_suppression,F,44,student,aircraft,0.002,printed class_ap.txt (typically 3 decimals),,,complete,/mnt/shared/zechuan/iraod_artifacts/comparison/rsar/noise_suppression/seed_44/0f98a48/methods/F/ddp2/eval_full_noise_suppression_student_ids_v1/class_ap.txt
RSAR,noise_suppression,F,44,student,car,0.0,printed class_ap.txt (typically 3 decimals),,,complete,/mnt/shared/zechuan/iraod_artifacts/comparison/rsar/noise_suppression/seed_44/0f98a48/methods/F/ddp2/eval_full_noise_suppression_student_ids_v1/class_ap.txt
RSAR,noise_suppression,F,44,student,tank,0.034,printed class_ap.txt (typically 3 decimals),,,complete,/mnt/shared/zechuan/iraod_artifacts/comparison/rsar/noise_suppression/seed_44/0f98a48/methods/F/ddp2/eval_full_noise_suppression_student_ids_v1/class_ap.txt
RSAR,noise_suppression,F,44,student,bridge,0.091,printed class_ap.txt (typically 3 decimals),,,complete,/mnt/shared/zechuan/iraod_artifacts/comparison/rsar/noise_suppression/seed_44/0f98a48/methods/F/ddp2/eval_full_noise_suppression_student_ids_v1/class_ap.txt
RSAR,noise_suppression,F,44,student,harbor,0.001,printed class_ap.txt (typically 3 decimals),,,complete,/mnt/shared/zechuan/iraod_artifacts/comparison/rsar/noise_suppression/seed_44/0f98a48/methods/F/ddp2/eval_full_noise_suppression_student_ids_v1/class_ap.txt
RSAR,am_noise_horizontal,A,42,source,ship,0.285,printed class_ap.txt (typically 3 decimals),0.285,0.285,complete,/mnt/shared/zechuan/iraod_artifacts/comparison/rsar/am_noise_horizontal/seed_42/0f98a48/methods/A/eval_full_am_noise_horizontal_ids_v1/class_ap.txt
RSAR,am_noise_horizontal,A,42,source,aircraft,0.091,printed class_ap.txt (typically 3 decimals),0.091,0.091,complete,/mnt/shared/zechuan/iraod_artifacts/comparison/rsar/am_noise_horizontal/seed_42/0f98a48/methods/A/eval_full_am_noise_horizontal_ids_v1/class_ap.txt
RSAR,am_noise_horizontal,A,42,source,car,0.448,printed class_ap.txt (typically 3 decimals),0.448,0.448,complete,/mnt/shared/zechuan/iraod_artifacts/comparison/rsar/am_noise_horizontal/seed_42/0f98a48/methods/A/eval_full_am_noise_horizontal_ids_v1/class_ap.txt
RSAR,am_noise_horizontal,A,42,source,tank,0.094,printed class_ap.txt (typically 3 decimals),0.094,0.094,complete,/mnt/shared/zechuan/iraod_artifacts/comparison/rsar/am_noise_horizontal/seed_42/0f98a48/methods/A/eval_full_am_noise_horizontal_ids_v1/class_ap.txt
RSAR,am_noise_horizontal,A,42,source,bridge,0.159,printed class_ap.txt (typically 3 decimals),0.159,0.159,complete,/mnt/shared/zechuan/iraod_artifacts/comparison/rsar/am_noise_horizontal/seed_42/0f98a48/methods/A/eval_full_am_noise_horizontal_ids_v1/class_ap.txt
RSAR,am_noise_horizontal,A,42,source,harbor,0.16,printed class_ap.txt (typically 3 decimals),0.16,0.16,complete,/mnt/shared/zechuan/iraod_artifacts/comparison/rsar/am_noise_horizontal/seed_42/0f98a48/methods/A/eval_full_am_noise_horizontal_ids_v1/class_ap.txt
RSAR,am_noise_horizontal,B,42,student,ship,0.326,printed class_ap.txt (typically 3 decimals),,,complete,/mnt/shared/zechuan/iraod_artifacts/comparison/rsar/am_noise_horizontal/seed_42/0f98a48/methods/B/eval_full_am_noise_horizontal_student_ids_v1/class_ap.txt
RSAR,am_noise_horizontal,B,42,student,aircraft,0.0,printed class_ap.txt (typically 3 decimals),,,complete,/mnt/shared/zechuan/iraod_artifacts/comparison/rsar/am_noise_horizontal/seed_42/0f98a48/methods/B/eval_full_am_noise_horizontal_student_ids_v1/class_ap.txt
RSAR,am_noise_horizontal,B,42,student,car,0.252,printed class_ap.txt (typically 3 decimals),,,complete,/mnt/shared/zechuan/iraod_artifacts/comparison/rsar/am_noise_horizontal/seed_42/0f98a48/methods/B/eval_full_am_noise_horizontal_student_ids_v1/class_ap.txt
RSAR,am_noise_horizontal,B,42,student,tank,0.091,printed class_ap.txt (typically 3 decimals),,,complete,/mnt/shared/zechuan/iraod_artifacts/comparison/rsar/am_noise_horizontal/seed_42/0f98a48/methods/B/eval_full_am_noise_horizontal_student_ids_v1/class_ap.txt
RSAR,am_noise_horizontal,B,42,student,bridge,0.062,printed class_ap.txt (typically 3 decimals),,,complete,/mnt/shared/zechuan/iraod_artifacts/comparison/rsar/am_noise_horizontal/seed_42/0f98a48/methods/B/eval_full_am_noise_horizontal_student_ids_v1/class_ap.txt
RSAR,am_noise_horizontal,B,42,student,harbor,0.005,printed class_ap.txt (typically 3 decimals),,,complete,/mnt/shared/zechuan/iraod_artifacts/comparison/rsar/am_noise_horizontal/seed_42/0f98a48/methods/B/eval_full_am_noise_horizontal_student_ids_v1/class_ap.txt
RSAR,am_noise_horizontal,B,43,student,ship,0.272,printed class_ap.txt (typically 3 decimals),,,complete,/mnt/shared/zechuan/iraod_artifacts/comparison/rsar/am_noise_horizontal/seed_43/0f98a48/methods/B/eval_full_am_noise_horizontal_student_ids_v1/class_ap.txt
RSAR,am_noise_horizontal,B,43,student,aircraft,0.0,printed class_ap.txt (typically 3 decimals),,,complete,/mnt/shared/zechuan/iraod_artifacts/comparison/rsar/am_noise_horizontal/seed_43/0f98a48/methods/B/eval_full_am_noise_horizontal_student_ids_v1/class_ap.txt
RSAR,am_noise_horizontal,B,43,student,car,0.266,printed class_ap.txt (typically 3 decimals),,,complete,/mnt/shared/zechuan/iraod_artifacts/comparison/rsar/am_noise_horizontal/seed_43/0f98a48/methods/B/eval_full_am_noise_horizontal_student_ids_v1/class_ap.txt
RSAR,am_noise_horizontal,B,43,student,tank,0.0,printed class_ap.txt (typically 3 decimals),,,complete,/mnt/shared/zechuan/iraod_artifacts/comparison/rsar/am_noise_horizontal/seed_43/0f98a48/methods/B/eval_full_am_noise_horizontal_student_ids_v1/class_ap.txt
RSAR,am_noise_horizontal,B,43,student,bridge,0.099,printed class_ap.txt (typically 3 decimals),,,complete,/mnt/shared/zechuan/iraod_artifacts/comparison/rsar/am_noise_horizontal/seed_43/0f98a48/methods/B/eval_full_am_noise_horizontal_student_ids_v1/class_ap.txt
RSAR,am_noise_horizontal,B,43,student,harbor,0.004,printed class_ap.txt (typically 3 decimals),,,complete,/mnt/shared/zechuan/iraod_artifacts/comparison/rsar/am_noise_horizontal/seed_43/0f98a48/methods/B/eval_full_am_noise_horizontal_student_ids_v1/class_ap.txt
RSAR,am_noise_horizontal,B,44,student,ship,0.307,printed class_ap.txt (typically 3 decimals),,,complete,/mnt/shared/zechuan/iraod_artifacts/comparison/rsar/am_noise_horizontal/seed_44/0f98a48/methods/B/eval_full_am_noise_horizontal_student_ids_v1/class_ap.txt
RSAR,am_noise_horizontal,B,44,student,aircraft,0.0,printed class_ap.txt (typically 3 decimals),,,complete,/mnt/shared/zechuan/iraod_artifacts/comparison/rsar/am_noise_horizontal/seed_44/0f98a48/methods/B/eval_full_am_noise_horizontal_student_ids_v1/class_ap.txt
RSAR,am_noise_horizontal,B,44,student,car,0.246,printed class_ap.txt (typically 3 decimals),,,complete,/mnt/shared/zechuan/iraod_artifacts/comparison/rsar/am_noise_horizontal/seed_44/0f98a48/methods/B/eval_full_am_noise_horizontal_student_ids_v1/class_ap.txt
RSAR,am_noise_horizontal,B,44,student,tank,0.015,printed class_ap.txt (typically 3 decimals),,,complete,/mnt/shared/zechuan/iraod_artifacts/comparison/rsar/am_noise_horizontal/seed_44/0f98a48/methods/B/eval_full_am_noise_horizontal_student_ids_v1/class_ap.txt
RSAR,am_noise_horizontal,B,44,student,bridge,0.07,printed class_ap.txt (typically 3 decimals),,,complete,/mnt/shared/zechuan/iraod_artifacts/comparison/rsar/am_noise_horizontal/seed_44/0f98a48/methods/B/eval_full_am_noise_horizontal_student_ids_v1/class_ap.txt
RSAR,am_noise_horizontal,B,44,student,harbor,0.003,printed class_ap.txt (typically 3 decimals),,,complete,/mnt/shared/zechuan/iraod_artifacts/comparison/rsar/am_noise_horizontal/seed_44/0f98a48/methods/B/eval_full_am_noise_horizontal_student_ids_v1/class_ap.txt
RSAR,am_noise_horizontal,C,42,student,ship,0.291,printed class_ap.txt (typically 3 decimals),,,complete,/mnt/shared/zechuan/iraod_artifacts/comparison/rsar/am_noise_horizontal/seed_42/0f98a48/methods/C/eval_full_am_noise_horizontal_student_ids_v1/class_ap.txt
RSAR,am_noise_horizontal,C,42,student,aircraft,0.0,printed class_ap.txt (typically 3 decimals),,,complete,/mnt/shared/zechuan/iraod_artifacts/comparison/rsar/am_noise_horizontal/seed_42/0f98a48/methods/C/eval_full_am_noise_horizontal_student_ids_v1/class_ap.txt
RSAR,am_noise_horizontal,C,42,student,car,0.312,printed class_ap.txt (typically 3 decimals),,,complete,/mnt/shared/zechuan/iraod_artifacts/comparison/rsar/am_noise_horizontal/seed_42/0f98a48/methods/C/eval_full_am_noise_horizontal_student_ids_v1/class_ap.txt
RSAR,am_noise_horizontal,C,42,student,tank,0.091,printed class_ap.txt (typically 3 decimals),,,complete,/mnt/shared/zechuan/iraod_artifacts/comparison/rsar/am_noise_horizontal/seed_42/0f98a48/methods/C/eval_full_am_noise_horizontal_student_ids_v1/class_ap.txt
RSAR,am_noise_horizontal,C,42,student,bridge,0.179,printed class_ap.txt (typically 3 decimals),,,complete,/mnt/shared/zechuan/iraod_artifacts/comparison/rsar/am_noise_horizontal/seed_42/0f98a48/methods/C/eval_full_am_noise_horizontal_student_ids_v1/class_ap.txt
RSAR,am_noise_horizontal,C,42,student,harbor,0.023,printed class_ap.txt (typically 3 decimals),,,complete,/mnt/shared/zechuan/iraod_artifacts/comparison/rsar/am_noise_horizontal/seed_42/0f98a48/methods/C/eval_full_am_noise_horizontal_student_ids_v1/class_ap.txt
RSAR,am_noise_horizontal,C,43,student,ship,0.249,printed class_ap.txt (typically 3 decimals),,,complete,/mnt/shared/zechuan/iraod_artifacts/comparison/rsar/am_noise_horizontal/seed_43/0f98a48/methods/C/eval_full_am_noise_horizontal_student_ids_v1/class_ap.txt
RSAR,am_noise_horizontal,C,43,student,aircraft,0.0,printed class_ap.txt (typically 3 decimals),,,complete,/mnt/shared/zechuan/iraod_artifacts/comparison/rsar/am_noise_horizontal/seed_43/0f98a48/methods/C/eval_full_am_noise_horizontal_student_ids_v1/class_ap.txt
RSAR,am_noise_horizontal,C,43,student,car,0.302,printed class_ap.txt (typically 3 decimals),,,complete,/mnt/shared/zechuan/iraod_artifacts/comparison/rsar/am_noise_horizontal/seed_43/0f98a48/methods/C/eval_full_am_noise_horizontal_student_ids_v1/class_ap.txt
RSAR,am_noise_horizontal,C,43,student,tank,0.0,printed class_ap.txt (typically 3 decimals),,,complete,/mnt/shared/zechuan/iraod_artifacts/comparison/rsar/am_noise_horizontal/seed_43/0f98a48/methods/C/eval_full_am_noise_horizontal_student_ids_v1/class_ap.txt
RSAR,am_noise_horizontal,C,43,student,bridge,0.091,printed class_ap.txt (typically 3 decimals),,,complete,/mnt/shared/zechuan/iraod_artifacts/comparison/rsar/am_noise_horizontal/seed_43/0f98a48/methods/C/eval_full_am_noise_horizontal_student_ids_v1/class_ap.txt
RSAR,am_noise_horizontal,C,43,student,harbor,0.007,printed class_ap.txt (typically 3 decimals),,,complete,/mnt/shared/zechuan/iraod_artifacts/comparison/rsar/am_noise_horizontal/seed_43/0f98a48/methods/C/eval_full_am_noise_horizontal_student_ids_v1/class_ap.txt
RSAR,am_noise_horizontal,C,44,student,ship,0.164,printed class_ap.txt (typically 3 decimals),,,complete,/mnt/shared/zechuan/iraod_artifacts/comparison/rsar/am_noise_horizontal/seed_44/0f98a48/methods/C/eval_full_am_noise_horizontal_student_ids_v1/class_ap.txt
RSAR,am_noise_horizontal,C,44,student,aircraft,0.0,printed class_ap.txt (typically 3 decimals),,,complete,/mnt/shared/zechuan/iraod_artifacts/comparison/rsar/am_noise_horizontal/seed_44/0f98a48/methods/C/eval_full_am_noise_horizontal_student_ids_v1/class_ap.txt
RSAR,am_noise_horizontal,C,44,student,car,0.228,printed class_ap.txt (typically 3 decimals),,,complete,/mnt/shared/zechuan/iraod_artifacts/comparison/rsar/am_noise_horizontal/seed_44/0f98a48/methods/C/eval_full_am_noise_horizontal_student_ids_v1/class_ap.txt
RSAR,am_noise_horizontal,C,44,student,tank,0.091,printed class_ap.txt (typically 3 decimals),,,complete,/mnt/shared/zechuan/iraod_artifacts/comparison/rsar/am_noise_horizontal/seed_44/0f98a48/methods/C/eval_full_am_noise_horizontal_student_ids_v1/class_ap.txt
RSAR,am_noise_horizontal,C,44,student,bridge,0.132,printed class_ap.txt (typically 3 decimals),,,complete,/mnt/shared/zechuan/iraod_artifacts/comparison/rsar/am_noise_horizontal/seed_44/0f98a48/methods/C/eval_full_am_noise_horizontal_student_ids_v1/class_ap.txt
RSAR,am_noise_horizontal,C,44,student,harbor,0.045,printed class_ap.txt (typically 3 decimals),,,complete,/mnt/shared/zechuan/iraod_artifacts/comparison/rsar/am_noise_horizontal/seed_44/0f98a48/methods/C/eval_full_am_noise_horizontal_student_ids_v1/class_ap.txt
RSAR,am_noise_horizontal,D,42,student,ship,0.091,printed class_ap.txt (typically 3 decimals),,,complete,/mnt/shared/zechuan/iraod_artifacts/comparison/rsar/am_noise_horizontal/seed_42/0f98a48/methods/D/eval_full_am_noise_horizontal_student_ids_v1/class_ap.txt
RSAR,am_noise_horizontal,D,42,student,aircraft,0.0,printed class_ap.txt (typically 3 decimals),,,complete,/mnt/shared/zechuan/iraod_artifacts/comparison/rsar/am_noise_horizontal/seed_42/0f98a48/methods/D/eval_full_am_noise_horizontal_student_ids_v1/class_ap.txt
RSAR,am_noise_horizontal,D,42,student,car,0.091,printed class_ap.txt (typically 3 decimals),,,complete,/mnt/shared/zechuan/iraod_artifacts/comparison/rsar/am_noise_horizontal/seed_42/0f98a48/methods/D/eval_full_am_noise_horizontal_student_ids_v1/class_ap.txt
RSAR,am_noise_horizontal,D,42,student,tank,0.0,printed class_ap.txt (typically 3 decimals),,,complete,/mnt/shared/zechuan/iraod_artifacts/comparison/rsar/am_noise_horizontal/seed_42/0f98a48/methods/D/eval_full_am_noise_horizontal_student_ids_v1/class_ap.txt
RSAR,am_noise_horizontal,D,42,student,bridge,0.114,printed class_ap.txt (typically 3 decimals),,,complete,/mnt/shared/zechuan/iraod_artifacts/comparison/rsar/am_noise_horizontal/seed_42/0f98a48/methods/D/eval_full_am_noise_horizontal_student_ids_v1/class_ap.txt
RSAR,am_noise_horizontal,D,42,student,harbor,0.0,printed class_ap.txt (typically 3 decimals),,,complete,/mnt/shared/zechuan/iraod_artifacts/comparison/rsar/am_noise_horizontal/seed_42/0f98a48/methods/D/eval_full_am_noise_horizontal_student_ids_v1/class_ap.txt
RSAR,am_noise_horizontal,D,43,student,ship,0.091,printed class_ap.txt (typically 3 decimals),,,complete,/mnt/shared/zechuan/iraod_artifacts/comparison/rsar/am_noise_horizontal/seed_43/0f98a48/methods/D/eval_full_am_noise_horizontal_student_ids_v1/class_ap.txt
RSAR,am_noise_horizontal,D,43,student,aircraft,0.0,printed class_ap.txt (typically 3 decimals),,,complete,/mnt/shared/zechuan/iraod_artifacts/comparison/rsar/am_noise_horizontal/seed_43/0f98a48/methods/D/eval_full_am_noise_horizontal_student_ids_v1/class_ap.txt
RSAR,am_noise_horizontal,D,43,student,car,0.091,printed class_ap.txt (typically 3 decimals),,,complete,/mnt/shared/zechuan/iraod_artifacts/comparison/rsar/am_noise_horizontal/seed_43/0f98a48/methods/D/eval_full_am_noise_horizontal_student_ids_v1/class_ap.txt
RSAR,am_noise_horizontal,D,43,student,tank,0.0,printed class_ap.txt (typically 3 decimals),,,complete,/mnt/shared/zechuan/iraod_artifacts/comparison/rsar/am_noise_horizontal/seed_43/0f98a48/methods/D/eval_full_am_noise_horizontal_student_ids_v1/class_ap.txt
RSAR,am_noise_horizontal,D,43,student,bridge,0.091,printed class_ap.txt (typically 3 decimals),,,complete,/mnt/shared/zechuan/iraod_artifacts/comparison/rsar/am_noise_horizontal/seed_43/0f98a48/methods/D/eval_full_am_noise_horizontal_student_ids_v1/class_ap.txt
RSAR,am_noise_horizontal,D,43,student,harbor,0.0,printed class_ap.txt (typically 3 decimals),,,complete,/mnt/shared/zechuan/iraod_artifacts/comparison/rsar/am_noise_horizontal/seed_43/0f98a48/methods/D/eval_full_am_noise_horizontal_student_ids_v1/class_ap.txt
RSAR,am_noise_horizontal,D,44,student,ship,0.169,printed class_ap.txt (typically 3 decimals),,,complete,/mnt/shared/zechuan/iraod_artifacts/comparison/rsar/am_noise_horizontal/seed_44/0f98a48/methods/D/eval_full_am_noise_horizontal_student_ids_v1/class_ap.txt
RSAR,am_noise_horizontal,D,44,student,aircraft,0.0,printed class_ap.txt (typically 3 decimals),,,complete,/mnt/shared/zechuan/iraod_artifacts/comparison/rsar/am_noise_horizontal/seed_44/0f98a48/methods/D/eval_full_am_noise_horizontal_student_ids_v1/class_ap.txt
RSAR,am_noise_horizontal,D,44,student,car,0.166,printed class_ap.txt (typically 3 decimals),,,complete,/mnt/shared/zechuan/iraod_artifacts/comparison/rsar/am_noise_horizontal/seed_44/0f98a48/methods/D/eval_full_am_noise_horizontal_student_ids_v1/class_ap.txt
RSAR,am_noise_horizontal,D,44,student,tank,0.091,printed class_ap.txt (typically 3 decimals),,,complete,/mnt/shared/zechuan/iraod_artifacts/comparison/rsar/am_noise_horizontal/seed_44/0f98a48/methods/D/eval_full_am_noise_horizontal_student_ids_v1/class_ap.txt
RSAR,am_noise_horizontal,D,44,student,bridge,0.123,printed class_ap.txt (typically 3 decimals),,,complete,/mnt/shared/zechuan/iraod_artifacts/comparison/rsar/am_noise_horizontal/seed_44/0f98a48/methods/D/eval_full_am_noise_horizontal_student_ids_v1/class_ap.txt
RSAR,am_noise_horizontal,D,44,student,harbor,0.0,printed class_ap.txt (typically 3 decimals),,,complete,/mnt/shared/zechuan/iraod_artifacts/comparison/rsar/am_noise_horizontal/seed_44/0f98a48/methods/D/eval_full_am_noise_horizontal_student_ids_v1/class_ap.txt
RSAR,am_noise_horizontal,E,42,student,ship,0.314,printed class_ap.txt (typically 3 decimals),,,complete,/mnt/shared/zechuan/iraod_artifacts/comparison/rsar/am_noise_horizontal/seed_42/0f98a48/methods/E/ddp2/eval_full_am_noise_horizontal_student_ids_v1/class_ap.txt
RSAR,am_noise_horizontal,E,42,student,aircraft,0.0,printed class_ap.txt (typically 3 decimals),,,complete,/mnt/shared/zechuan/iraod_artifacts/comparison/rsar/am_noise_horizontal/seed_42/0f98a48/methods/E/ddp2/eval_full_am_noise_horizontal_student_ids_v1/class_ap.txt
RSAR,am_noise_horizontal,E,42,student,car,0.21,printed class_ap.txt (typically 3 decimals),,,complete,/mnt/shared/zechuan/iraod_artifacts/comparison/rsar/am_noise_horizontal/seed_42/0f98a48/methods/E/ddp2/eval_full_am_noise_horizontal_student_ids_v1/class_ap.txt
RSAR,am_noise_horizontal,E,42,student,tank,0.091,printed class_ap.txt (typically 3 decimals),,,complete,/mnt/shared/zechuan/iraod_artifacts/comparison/rsar/am_noise_horizontal/seed_42/0f98a48/methods/E/ddp2/eval_full_am_noise_horizontal_student_ids_v1/class_ap.txt
RSAR,am_noise_horizontal,E,42,student,bridge,0.032,printed class_ap.txt (typically 3 decimals),,,complete,/mnt/shared/zechuan/iraod_artifacts/comparison/rsar/am_noise_horizontal/seed_42/0f98a48/methods/E/ddp2/eval_full_am_noise_horizontal_student_ids_v1/class_ap.txt
RSAR,am_noise_horizontal,E,42,student,harbor,0.002,printed class_ap.txt (typically 3 decimals),,,complete,/mnt/shared/zechuan/iraod_artifacts/comparison/rsar/am_noise_horizontal/seed_42/0f98a48/methods/E/ddp2/eval_full_am_noise_horizontal_student_ids_v1/class_ap.txt
RSAR,am_noise_horizontal,E,43,student,ship,0.336,printed class_ap.txt (typically 3 decimals),,,complete,/mnt/shared/zechuan/iraod_artifacts/comparison/rsar/am_noise_horizontal/seed_43/0f98a48/methods/E/ddp2/eval_full_am_noise_horizontal_student_ids_v1/class_ap.txt
RSAR,am_noise_horizontal,E,43,student,aircraft,0.091,printed class_ap.txt (typically 3 decimals),,,complete,/mnt/shared/zechuan/iraod_artifacts/comparison/rsar/am_noise_horizontal/seed_43/0f98a48/methods/E/ddp2/eval_full_am_noise_horizontal_student_ids_v1/class_ap.txt
RSAR,am_noise_horizontal,E,43,student,car,0.081,printed class_ap.txt (typically 3 decimals),,,complete,/mnt/shared/zechuan/iraod_artifacts/comparison/rsar/am_noise_horizontal/seed_43/0f98a48/methods/E/ddp2/eval_full_am_noise_horizontal_student_ids_v1/class_ap.txt
RSAR,am_noise_horizontal,E,43,student,tank,0.091,printed class_ap.txt (typically 3 decimals),,,complete,/mnt/shared/zechuan/iraod_artifacts/comparison/rsar/am_noise_horizontal/seed_43/0f98a48/methods/E/ddp2/eval_full_am_noise_horizontal_student_ids_v1/class_ap.txt
RSAR,am_noise_horizontal,E,43,student,bridge,0.035,printed class_ap.txt (typically 3 decimals),,,complete,/mnt/shared/zechuan/iraod_artifacts/comparison/rsar/am_noise_horizontal/seed_43/0f98a48/methods/E/ddp2/eval_full_am_noise_horizontal_student_ids_v1/class_ap.txt
RSAR,am_noise_horizontal,E,43,student,harbor,0.018,printed class_ap.txt (typically 3 decimals),,,complete,/mnt/shared/zechuan/iraod_artifacts/comparison/rsar/am_noise_horizontal/seed_43/0f98a48/methods/E/ddp2/eval_full_am_noise_horizontal_student_ids_v1/class_ap.txt
RSAR,am_noise_horizontal,E,44,student,ship,0.281,printed class_ap.txt (typically 3 decimals),,,complete,/mnt/shared/zechuan/iraod_artifacts/comparison/rsar/am_noise_horizontal/seed_44/0f98a48/methods/E/ddp2/eval_full_am_noise_horizontal_student_ids_v1/class_ap.txt
RSAR,am_noise_horizontal,E,44,student,aircraft,0.091,printed class_ap.txt (typically 3 decimals),,,complete,/mnt/shared/zechuan/iraod_artifacts/comparison/rsar/am_noise_horizontal/seed_44/0f98a48/methods/E/ddp2/eval_full_am_noise_horizontal_student_ids_v1/class_ap.txt
RSAR,am_noise_horizontal,E,44,student,car,0.319,printed class_ap.txt (typically 3 decimals),,,complete,/mnt/shared/zechuan/iraod_artifacts/comparison/rsar/am_noise_horizontal/seed_44/0f98a48/methods/E/ddp2/eval_full_am_noise_horizontal_student_ids_v1/class_ap.txt
RSAR,am_noise_horizontal,E,44,student,tank,0.091,printed class_ap.txt (typically 3 decimals),,,complete,/mnt/shared/zechuan/iraod_artifacts/comparison/rsar/am_noise_horizontal/seed_44/0f98a48/methods/E/ddp2/eval_full_am_noise_horizontal_student_ids_v1/class_ap.txt
RSAR,am_noise_horizontal,E,44,student,bridge,0.028,printed class_ap.txt (typically 3 decimals),,,complete,/mnt/shared/zechuan/iraod_artifacts/comparison/rsar/am_noise_horizontal/seed_44/0f98a48/methods/E/ddp2/eval_full_am_noise_horizontal_student_ids_v1/class_ap.txt
RSAR,am_noise_horizontal,E,44,student,harbor,0.003,printed class_ap.txt (typically 3 decimals),,,complete,/mnt/shared/zechuan/iraod_artifacts/comparison/rsar/am_noise_horizontal/seed_44/0f98a48/methods/E/ddp2/eval_full_am_noise_horizontal_student_ids_v1/class_ap.txt
RSAR,am_noise_horizontal,F,42,student,ship,0.091,printed class_ap.txt (typically 3 decimals),,,complete,/mnt/shared/zechuan/iraod_artifacts/comparison/rsar/am_noise_horizontal/seed_42/0f98a48/methods/F/ddp2/eval_full_am_noise_horizontal_student_ids_v1/class_ap.txt
RSAR,am_noise_horizontal,F,42,student,aircraft,0.0,printed class_ap.txt (typically 3 decimals),,,complete,/mnt/shared/zechuan/iraod_artifacts/comparison/rsar/am_noise_horizontal/seed_42/0f98a48/methods/F/ddp2/eval_full_am_noise_horizontal_student_ids_v1/class_ap.txt
RSAR,am_noise_horizontal,F,42,student,car,0.091,printed class_ap.txt (typically 3 decimals),,,complete,/mnt/shared/zechuan/iraod_artifacts/comparison/rsar/am_noise_horizontal/seed_42/0f98a48/methods/F/ddp2/eval_full_am_noise_horizontal_student_ids_v1/class_ap.txt
RSAR,am_noise_horizontal,F,42,student,tank,0.0,printed class_ap.txt (typically 3 decimals),,,complete,/mnt/shared/zechuan/iraod_artifacts/comparison/rsar/am_noise_horizontal/seed_42/0f98a48/methods/F/ddp2/eval_full_am_noise_horizontal_student_ids_v1/class_ap.txt
RSAR,am_noise_horizontal,F,42,student,bridge,0.106,printed class_ap.txt (typically 3 decimals),,,complete,/mnt/shared/zechuan/iraod_artifacts/comparison/rsar/am_noise_horizontal/seed_42/0f98a48/methods/F/ddp2/eval_full_am_noise_horizontal_student_ids_v1/class_ap.txt
RSAR,am_noise_horizontal,F,42,student,harbor,0.0,printed class_ap.txt (typically 3 decimals),,,complete,/mnt/shared/zechuan/iraod_artifacts/comparison/rsar/am_noise_horizontal/seed_42/0f98a48/methods/F/ddp2/eval_full_am_noise_horizontal_student_ids_v1/class_ap.txt
RSAR,am_noise_horizontal,F,43,student,ship,0.137,printed class_ap.txt (typically 3 decimals),,,complete,/mnt/shared/zechuan/iraod_artifacts/comparison/rsar/am_noise_horizontal/seed_43/0f98a48/methods/F/ddp2/eval_full_am_noise_horizontal_student_ids_v1/class_ap.txt
RSAR,am_noise_horizontal,F,43,student,aircraft,0.0,printed class_ap.txt (typically 3 decimals),,,complete,/mnt/shared/zechuan/iraod_artifacts/comparison/rsar/am_noise_horizontal/seed_43/0f98a48/methods/F/ddp2/eval_full_am_noise_horizontal_student_ids_v1/class_ap.txt
RSAR,am_noise_horizontal,F,43,student,car,0.091,printed class_ap.txt (typically 3 decimals),,,complete,/mnt/shared/zechuan/iraod_artifacts/comparison/rsar/am_noise_horizontal/seed_43/0f98a48/methods/F/ddp2/eval_full_am_noise_horizontal_student_ids_v1/class_ap.txt
RSAR,am_noise_horizontal,F,43,student,tank,0.0,printed class_ap.txt (typically 3 decimals),,,complete,/mnt/shared/zechuan/iraod_artifacts/comparison/rsar/am_noise_horizontal/seed_43/0f98a48/methods/F/ddp2/eval_full_am_noise_horizontal_student_ids_v1/class_ap.txt
RSAR,am_noise_horizontal,F,43,student,bridge,0.101,printed class_ap.txt (typically 3 decimals),,,complete,/mnt/shared/zechuan/iraod_artifacts/comparison/rsar/am_noise_horizontal/seed_43/0f98a48/methods/F/ddp2/eval_full_am_noise_horizontal_student_ids_v1/class_ap.txt
RSAR,am_noise_horizontal,F,43,student,harbor,0.011,printed class_ap.txt (typically 3 decimals),,,complete,/mnt/shared/zechuan/iraod_artifacts/comparison/rsar/am_noise_horizontal/seed_43/0f98a48/methods/F/ddp2/eval_full_am_noise_horizontal_student_ids_v1/class_ap.txt
RSAR,am_noise_horizontal,F,44,student,ship,0.08,printed class_ap.txt (typically 3 decimals),,,complete,/mnt/shared/zechuan/iraod_artifacts/comparison/rsar/am_noise_horizontal/seed_44/0f98a48/methods/F/ddp2/eval_full_am_noise_horizontal_student_ids_v1/class_ap.txt
RSAR,am_noise_horizontal,F,44,student,aircraft,0.0,printed class_ap.txt (typically 3 decimals),,,complete,/mnt/shared/zechuan/iraod_artifacts/comparison/rsar/am_noise_horizontal/seed_44/0f98a48/methods/F/ddp2/eval_full_am_noise_horizontal_student_ids_v1/class_ap.txt
RSAR,am_noise_horizontal,F,44,student,car,0.091,printed class_ap.txt (typically 3 decimals),,,complete,/mnt/shared/zechuan/iraod_artifacts/comparison/rsar/am_noise_horizontal/seed_44/0f98a48/methods/F/ddp2/eval_full_am_noise_horizontal_student_ids_v1/class_ap.txt
RSAR,am_noise_horizontal,F,44,student,tank,0.0,printed class_ap.txt (typically 3 decimals),,,complete,/mnt/shared/zechuan/iraod_artifacts/comparison/rsar/am_noise_horizontal/seed_44/0f98a48/methods/F/ddp2/eval_full_am_noise_horizontal_student_ids_v1/class_ap.txt
RSAR,am_noise_horizontal,F,44,student,bridge,0.128,printed class_ap.txt (typically 3 decimals),,,complete,/mnt/shared/zechuan/iraod_artifacts/comparison/rsar/am_noise_horizontal/seed_44/0f98a48/methods/F/ddp2/eval_full_am_noise_horizontal_student_ids_v1/class_ap.txt
RSAR,am_noise_horizontal,F,44,student,harbor,0.0,printed class_ap.txt (typically 3 decimals),,,complete,/mnt/shared/zechuan/iraod_artifacts/comparison/rsar/am_noise_horizontal/seed_44/0f98a48/methods/F/ddp2/eval_full_am_noise_horizontal_student_ids_v1/class_ap.txt
RSAR,smart_suppression,A,42,source,ship,0.419,printed class_ap.txt (typically 3 decimals),0.419,0.419,complete,/mnt/shared/zechuan/iraod_artifacts/comparison/rsar/smart_suppression/seed_42/0f98a48/methods/A/eval_full_smart_suppression_ids_v1/class_ap.txt
RSAR,smart_suppression,A,42,source,aircraft,0.021,printed class_ap.txt (typically 3 decimals),0.021,0.021,complete,/mnt/shared/zechuan/iraod_artifacts/comparison/rsar/smart_suppression/seed_42/0f98a48/methods/A/eval_full_smart_suppression_ids_v1/class_ap.txt
RSAR,smart_suppression,A,42,source,car,0.007,printed class_ap.txt (typically 3 decimals),0.007,0.007,complete,/mnt/shared/zechuan/iraod_artifacts/comparison/rsar/smart_suppression/seed_42/0f98a48/methods/A/eval_full_smart_suppression_ids_v1/class_ap.txt
RSAR,smart_suppression,A,42,source,tank,0.008,printed class_ap.txt (typically 3 decimals),0.008,0.008,complete,/mnt/shared/zechuan/iraod_artifacts/comparison/rsar/smart_suppression/seed_42/0f98a48/methods/A/eval_full_smart_suppression_ids_v1/class_ap.txt
RSAR,smart_suppression,A,42,source,bridge,0.298,printed class_ap.txt (typically 3 decimals),0.298,0.298,complete,/mnt/shared/zechuan/iraod_artifacts/comparison/rsar/smart_suppression/seed_42/0f98a48/methods/A/eval_full_smart_suppression_ids_v1/class_ap.txt
RSAR,smart_suppression,A,42,source,harbor,0.11,printed class_ap.txt (typically 3 decimals),0.11,0.11,complete,/mnt/shared/zechuan/iraod_artifacts/comparison/rsar/smart_suppression/seed_42/0f98a48/methods/A/eval_full_smart_suppression_ids_v1/class_ap.txt
RSAR,smart_suppression,B,42,student,ship,0.429,printed class_ap.txt (typically 3 decimals),,,complete,/mnt/shared/zechuan/iraod_artifacts/comparison/rsar/smart_suppression/seed_42/0f98a48/methods/B/eval_full_smart_suppression_student_ids_v1/class_ap.txt
RSAR,smart_suppression,B,42,student,aircraft,0.044,printed class_ap.txt (typically 3 decimals),,,complete,/mnt/shared/zechuan/iraod_artifacts/comparison/rsar/smart_suppression/seed_42/0f98a48/methods/B/eval_full_smart_suppression_student_ids_v1/class_ap.txt
RSAR,smart_suppression,B,42,student,car,0.021,printed class_ap.txt (typically 3 decimals),,,complete,/mnt/shared/zechuan/iraod_artifacts/comparison/rsar/smart_suppression/seed_42/0f98a48/methods/B/eval_full_smart_suppression_student_ids_v1/class_ap.txt
RSAR,smart_suppression,B,42,student,tank,0.091,printed class_ap.txt (typically 3 decimals),,,complete,/mnt/shared/zechuan/iraod_artifacts/comparison/rsar/smart_suppression/seed_42/0f98a48/methods/B/eval_full_smart_suppression_student_ids_v1/class_ap.txt
RSAR,smart_suppression,B,42,student,bridge,0.156,printed class_ap.txt (typically 3 decimals),,,complete,/mnt/shared/zechuan/iraod_artifacts/comparison/rsar/smart_suppression/seed_42/0f98a48/methods/B/eval_full_smart_suppression_student_ids_v1/class_ap.txt
RSAR,smart_suppression,B,42,student,harbor,0.135,printed class_ap.txt (typically 3 decimals),,,complete,/mnt/shared/zechuan/iraod_artifacts/comparison/rsar/smart_suppression/seed_42/0f98a48/methods/B/eval_full_smart_suppression_student_ids_v1/class_ap.txt
RSAR,smart_suppression,B,43,student,ship,0.406,printed class_ap.txt (typically 3 decimals),,,complete,/mnt/shared/zechuan/iraod_artifacts/comparison/rsar/smart_suppression/seed_43/0f98a48/methods/B/eval_full_smart_suppression_student_ids_v1/class_ap.txt
RSAR,smart_suppression,B,43,student,aircraft,0.091,printed class_ap.txt (typically 3 decimals),,,complete,/mnt/shared/zechuan/iraod_artifacts/comparison/rsar/smart_suppression/seed_43/0f98a48/methods/B/eval_full_smart_suppression_student_ids_v1/class_ap.txt
RSAR,smart_suppression,B,43,student,car,0.008,printed class_ap.txt (typically 3 decimals),,,complete,/mnt/shared/zechuan/iraod_artifacts/comparison/rsar/smart_suppression/seed_43/0f98a48/methods/B/eval_full_smart_suppression_student_ids_v1/class_ap.txt
RSAR,smart_suppression,B,43,student,tank,0.009,printed class_ap.txt (typically 3 decimals),,,complete,/mnt/shared/zechuan/iraod_artifacts/comparison/rsar/smart_suppression/seed_43/0f98a48/methods/B/eval_full_smart_suppression_student_ids_v1/class_ap.txt
RSAR,smart_suppression,B,43,student,bridge,0.152,printed class_ap.txt (typically 3 decimals),,,complete,/mnt/shared/zechuan/iraod_artifacts/comparison/rsar/smart_suppression/seed_43/0f98a48/methods/B/eval_full_smart_suppression_student_ids_v1/class_ap.txt
RSAR,smart_suppression,B,43,student,harbor,0.12,printed class_ap.txt (typically 3 decimals),,,complete,/mnt/shared/zechuan/iraod_artifacts/comparison/rsar/smart_suppression/seed_43/0f98a48/methods/B/eval_full_smart_suppression_student_ids_v1/class_ap.txt
RSAR,smart_suppression,B,44,student,ship,0.382,printed class_ap.txt (typically 3 decimals),,,complete,/mnt/shared/zechuan/iraod_artifacts/comparison/rsar/smart_suppression/seed_44/0f98a48/methods/B/eval_full_smart_suppression_student_ids_v1/class_ap.txt
RSAR,smart_suppression,B,44,student,aircraft,0.03,printed class_ap.txt (typically 3 decimals),,,complete,/mnt/shared/zechuan/iraod_artifacts/comparison/rsar/smart_suppression/seed_44/0f98a48/methods/B/eval_full_smart_suppression_student_ids_v1/class_ap.txt
RSAR,smart_suppression,B,44,student,car,0.004,printed class_ap.txt (typically 3 decimals),,,complete,/mnt/shared/zechuan/iraod_artifacts/comparison/rsar/smart_suppression/seed_44/0f98a48/methods/B/eval_full_smart_suppression_student_ids_v1/class_ap.txt
RSAR,smart_suppression,B,44,student,tank,0.005,printed class_ap.txt (typically 3 decimals),,,complete,/mnt/shared/zechuan/iraod_artifacts/comparison/rsar/smart_suppression/seed_44/0f98a48/methods/B/eval_full_smart_suppression_student_ids_v1/class_ap.txt
RSAR,smart_suppression,B,44,student,bridge,0.158,printed class_ap.txt (typically 3 decimals),,,complete,/mnt/shared/zechuan/iraod_artifacts/comparison/rsar/smart_suppression/seed_44/0f98a48/methods/B/eval_full_smart_suppression_student_ids_v1/class_ap.txt
RSAR,smart_suppression,B,44,student,harbor,0.052,printed class_ap.txt (typically 3 decimals),,,complete,/mnt/shared/zechuan/iraod_artifacts/comparison/rsar/smart_suppression/seed_44/0f98a48/methods/B/eval_full_smart_suppression_student_ids_v1/class_ap.txt
RSAR,smart_suppression,C,42,student,ship,0.464,printed class_ap.txt (typically 3 decimals),,,complete,/mnt/shared/zechuan/iraod_artifacts/comparison/rsar/smart_suppression/seed_42/0f98a48/methods/C/eval_full_smart_suppression_student_ids_v1/class_ap.txt
RSAR,smart_suppression,C,42,student,aircraft,0.128,printed class_ap.txt (typically 3 decimals),,,complete,/mnt/shared/zechuan/iraod_artifacts/comparison/rsar/smart_suppression/seed_42/0f98a48/methods/C/eval_full_smart_suppression_student_ids_v1/class_ap.txt
RSAR,smart_suppression,C,42,student,car,0.013,printed class_ap.txt (typically 3 decimals),,,complete,/mnt/shared/zechuan/iraod_artifacts/comparison/rsar/smart_suppression/seed_42/0f98a48/methods/C/eval_full_smart_suppression_student_ids_v1/class_ap.txt
RSAR,smart_suppression,C,42,student,tank,0.03,printed class_ap.txt (typically 3 decimals),,,complete,/mnt/shared/zechuan/iraod_artifacts/comparison/rsar/smart_suppression/seed_42/0f98a48/methods/C/eval_full_smart_suppression_student_ids_v1/class_ap.txt
RSAR,smart_suppression,C,42,student,bridge,0.214,printed class_ap.txt (typically 3 decimals),,,complete,/mnt/shared/zechuan/iraod_artifacts/comparison/rsar/smart_suppression/seed_42/0f98a48/methods/C/eval_full_smart_suppression_student_ids_v1/class_ap.txt
RSAR,smart_suppression,C,42,student,harbor,0.281,printed class_ap.txt (typically 3 decimals),,,complete,/mnt/shared/zechuan/iraod_artifacts/comparison/rsar/smart_suppression/seed_42/0f98a48/methods/C/eval_full_smart_suppression_student_ids_v1/class_ap.txt
RSAR,smart_suppression,C,43,student,ship,0.411,printed class_ap.txt (typically 3 decimals),,,complete,/mnt/shared/zechuan/iraod_artifacts/comparison/rsar/smart_suppression/seed_43/0f98a48/methods/C/eval_full_smart_suppression_student_ids_v1/class_ap.txt
RSAR,smart_suppression,C,43,student,aircraft,0.116,printed class_ap.txt (typically 3 decimals),,,complete,/mnt/shared/zechuan/iraod_artifacts/comparison/rsar/smart_suppression/seed_43/0f98a48/methods/C/eval_full_smart_suppression_student_ids_v1/class_ap.txt
RSAR,smart_suppression,C,43,student,car,0.052,printed class_ap.txt (typically 3 decimals),,,complete,/mnt/shared/zechuan/iraod_artifacts/comparison/rsar/smart_suppression/seed_43/0f98a48/methods/C/eval_full_smart_suppression_student_ids_v1/class_ap.txt
RSAR,smart_suppression,C,43,student,tank,0.008,printed class_ap.txt (typically 3 decimals),,,complete,/mnt/shared/zechuan/iraod_artifacts/comparison/rsar/smart_suppression/seed_43/0f98a48/methods/C/eval_full_smart_suppression_student_ids_v1/class_ap.txt
RSAR,smart_suppression,C,43,student,bridge,0.165,printed class_ap.txt (typically 3 decimals),,,complete,/mnt/shared/zechuan/iraod_artifacts/comparison/rsar/smart_suppression/seed_43/0f98a48/methods/C/eval_full_smart_suppression_student_ids_v1/class_ap.txt
RSAR,smart_suppression,C,43,student,harbor,0.263,printed class_ap.txt (typically 3 decimals),,,complete,/mnt/shared/zechuan/iraod_artifacts/comparison/rsar/smart_suppression/seed_43/0f98a48/methods/C/eval_full_smart_suppression_student_ids_v1/class_ap.txt
RSAR,smart_suppression,C,44,student,ship,0.418,printed class_ap.txt (typically 3 decimals),,,complete,/mnt/shared/zechuan/iraod_artifacts/comparison/rsar/smart_suppression/seed_44/0f98a48/methods/C/eval_full_smart_suppression_student_ids_v1/class_ap.txt
RSAR,smart_suppression,C,44,student,aircraft,0.121,printed class_ap.txt (typically 3 decimals),,,complete,/mnt/shared/zechuan/iraod_artifacts/comparison/rsar/smart_suppression/seed_44/0f98a48/methods/C/eval_full_smart_suppression_student_ids_v1/class_ap.txt
RSAR,smart_suppression,C,44,student,car,0.045,printed class_ap.txt (typically 3 decimals),,,complete,/mnt/shared/zechuan/iraod_artifacts/comparison/rsar/smart_suppression/seed_44/0f98a48/methods/C/eval_full_smart_suppression_student_ids_v1/class_ap.txt
RSAR,smart_suppression,C,44,student,tank,0.036,printed class_ap.txt (typically 3 decimals),,,complete,/mnt/shared/zechuan/iraod_artifacts/comparison/rsar/smart_suppression/seed_44/0f98a48/methods/C/eval_full_smart_suppression_student_ids_v1/class_ap.txt
RSAR,smart_suppression,C,44,student,bridge,0.219,printed class_ap.txt (typically 3 decimals),,,complete,/mnt/shared/zechuan/iraod_artifacts/comparison/rsar/smart_suppression/seed_44/0f98a48/methods/C/eval_full_smart_suppression_student_ids_v1/class_ap.txt
RSAR,smart_suppression,C,44,student,harbor,0.284,printed class_ap.txt (typically 3 decimals),,,complete,/mnt/shared/zechuan/iraod_artifacts/comparison/rsar/smart_suppression/seed_44/0f98a48/methods/C/eval_full_smart_suppression_student_ids_v1/class_ap.txt
RSAR,smart_suppression,D,42,student,ship,0.368,printed class_ap.txt (typically 3 decimals),,,complete,/mnt/shared/zechuan/iraod_artifacts/comparison/rsar/smart_suppression/seed_42/0f98a48/methods/D/eval_full_smart_suppression_student_ids_v1/class_ap.txt
RSAR,smart_suppression,D,42,student,aircraft,0.009,printed class_ap.txt (typically 3 decimals),,,complete,/mnt/shared/zechuan/iraod_artifacts/comparison/rsar/smart_suppression/seed_42/0f98a48/methods/D/eval_full_smart_suppression_student_ids_v1/class_ap.txt
RSAR,smart_suppression,D,42,student,car,0.03,printed class_ap.txt (typically 3 decimals),,,complete,/mnt/shared/zechuan/iraod_artifacts/comparison/rsar/smart_suppression/seed_42/0f98a48/methods/D/eval_full_smart_suppression_student_ids_v1/class_ap.txt
RSAR,smart_suppression,D,42,student,tank,0.0,printed class_ap.txt (typically 3 decimals),,,complete,/mnt/shared/zechuan/iraod_artifacts/comparison/rsar/smart_suppression/seed_42/0f98a48/methods/D/eval_full_smart_suppression_student_ids_v1/class_ap.txt
RSAR,smart_suppression,D,42,student,bridge,0.147,printed class_ap.txt (typically 3 decimals),,,complete,/mnt/shared/zechuan/iraod_artifacts/comparison/rsar/smart_suppression/seed_42/0f98a48/methods/D/eval_full_smart_suppression_student_ids_v1/class_ap.txt
RSAR,smart_suppression,D,42,student,harbor,0.063,printed class_ap.txt (typically 3 decimals),,,complete,/mnt/shared/zechuan/iraod_artifacts/comparison/rsar/smart_suppression/seed_42/0f98a48/methods/D/eval_full_smart_suppression_student_ids_v1/class_ap.txt
RSAR,smart_suppression,D,43,student,ship,0.298,printed class_ap.txt (typically 3 decimals),,,complete,/mnt/shared/zechuan/iraod_artifacts/comparison/rsar/smart_suppression/seed_43/0f98a48/methods/D/eval_full_smart_suppression_student_ids_v1/class_ap.txt
RSAR,smart_suppression,D,43,student,aircraft,0.03,printed class_ap.txt (typically 3 decimals),,,complete,/mnt/shared/zechuan/iraod_artifacts/comparison/rsar/smart_suppression/seed_43/0f98a48/methods/D/eval_full_smart_suppression_student_ids_v1/class_ap.txt
RSAR,smart_suppression,D,43,student,car,0.018,printed class_ap.txt (typically 3 decimals),,,complete,/mnt/shared/zechuan/iraod_artifacts/comparison/rsar/smart_suppression/seed_43/0f98a48/methods/D/eval_full_smart_suppression_student_ids_v1/class_ap.txt
RSAR,smart_suppression,D,43,student,tank,0.0,printed class_ap.txt (typically 3 decimals),,,complete,/mnt/shared/zechuan/iraod_artifacts/comparison/rsar/smart_suppression/seed_43/0f98a48/methods/D/eval_full_smart_suppression_student_ids_v1/class_ap.txt
RSAR,smart_suppression,D,43,student,bridge,0.091,printed class_ap.txt (typically 3 decimals),,,complete,/mnt/shared/zechuan/iraod_artifacts/comparison/rsar/smart_suppression/seed_43/0f98a48/methods/D/eval_full_smart_suppression_student_ids_v1/class_ap.txt
RSAR,smart_suppression,D,43,student,harbor,0.057,printed class_ap.txt (typically 3 decimals),,,complete,/mnt/shared/zechuan/iraod_artifacts/comparison/rsar/smart_suppression/seed_43/0f98a48/methods/D/eval_full_smart_suppression_student_ids_v1/class_ap.txt
RSAR,smart_suppression,D,44,student,ship,0.34,printed class_ap.txt (typically 3 decimals),,,complete,/mnt/shared/zechuan/iraod_artifacts/comparison/rsar/smart_suppression/seed_44/0f98a48/methods/D/eval_full_smart_suppression_student_ids_v1/class_ap.txt
RSAR,smart_suppression,D,44,student,aircraft,0.091,printed class_ap.txt (typically 3 decimals),,,complete,/mnt/shared/zechuan/iraod_artifacts/comparison/rsar/smart_suppression/seed_44/0f98a48/methods/D/eval_full_smart_suppression_student_ids_v1/class_ap.txt
RSAR,smart_suppression,D,44,student,car,0.019,printed class_ap.txt (typically 3 decimals),,,complete,/mnt/shared/zechuan/iraod_artifacts/comparison/rsar/smart_suppression/seed_44/0f98a48/methods/D/eval_full_smart_suppression_student_ids_v1/class_ap.txt
RSAR,smart_suppression,D,44,student,tank,0.0,printed class_ap.txt (typically 3 decimals),,,complete,/mnt/shared/zechuan/iraod_artifacts/comparison/rsar/smart_suppression/seed_44/0f98a48/methods/D/eval_full_smart_suppression_student_ids_v1/class_ap.txt
RSAR,smart_suppression,D,44,student,bridge,0.158,printed class_ap.txt (typically 3 decimals),,,complete,/mnt/shared/zechuan/iraod_artifacts/comparison/rsar/smart_suppression/seed_44/0f98a48/methods/D/eval_full_smart_suppression_student_ids_v1/class_ap.txt
RSAR,smart_suppression,D,44,student,harbor,0.093,printed class_ap.txt (typically 3 decimals),,,complete,/mnt/shared/zechuan/iraod_artifacts/comparison/rsar/smart_suppression/seed_44/0f98a48/methods/D/eval_full_smart_suppression_student_ids_v1/class_ap.txt
RSAR,smart_suppression,E,42,student,ship,0.406,printed class_ap.txt (typically 3 decimals),,,complete,/mnt/shared/zechuan/iraod_artifacts/comparison/rsar/smart_suppression/seed_42/0f98a48/methods/E/ddp2/eval_full_smart_suppression_student_ids_v1/class_ap.txt
RSAR,smart_suppression,E,42,student,aircraft,0.014,printed class_ap.txt (typically 3 decimals),,,complete,/mnt/shared/zechuan/iraod_artifacts/comparison/rsar/smart_suppression/seed_42/0f98a48/methods/E/ddp2/eval_full_smart_suppression_student_ids_v1/class_ap.txt
RSAR,smart_suppression,E,42,student,car,0.01,printed class_ap.txt (typically 3 decimals),,,complete,/mnt/shared/zechuan/iraod_artifacts/comparison/rsar/smart_suppression/seed_42/0f98a48/methods/E/ddp2/eval_full_smart_suppression_student_ids_v1/class_ap.txt
RSAR,smart_suppression,E,42,student,tank,0.03,printed class_ap.txt (typically 3 decimals),,,complete,/mnt/shared/zechuan/iraod_artifacts/comparison/rsar/smart_suppression/seed_42/0f98a48/methods/E/ddp2/eval_full_smart_suppression_student_ids_v1/class_ap.txt
RSAR,smart_suppression,E,42,student,bridge,0.083,printed class_ap.txt (typically 3 decimals),,,complete,/mnt/shared/zechuan/iraod_artifacts/comparison/rsar/smart_suppression/seed_42/0f98a48/methods/E/ddp2/eval_full_smart_suppression_student_ids_v1/class_ap.txt
RSAR,smart_suppression,E,42,student,harbor,0.058,printed class_ap.txt (typically 3 decimals),,,complete,/mnt/shared/zechuan/iraod_artifacts/comparison/rsar/smart_suppression/seed_42/0f98a48/methods/E/ddp2/eval_full_smart_suppression_student_ids_v1/class_ap.txt
RSAR,smart_suppression,E,43,student,ship,0.355,printed class_ap.txt (typically 3 decimals),,,complete,/mnt/shared/zechuan/iraod_artifacts/comparison/rsar/smart_suppression/seed_43/0f98a48/methods/E/ddp2/eval_full_smart_suppression_student_ids_v1/class_ap.txt
RSAR,smart_suppression,E,43,student,aircraft,0.058,printed class_ap.txt (typically 3 decimals),,,complete,/mnt/shared/zechuan/iraod_artifacts/comparison/rsar/smart_suppression/seed_43/0f98a48/methods/E/ddp2/eval_full_smart_suppression_student_ids_v1/class_ap.txt
RSAR,smart_suppression,E,43,student,car,0.039,printed class_ap.txt (typically 3 decimals),,,complete,/mnt/shared/zechuan/iraod_artifacts/comparison/rsar/smart_suppression/seed_43/0f98a48/methods/E/ddp2/eval_full_smart_suppression_student_ids_v1/class_ap.txt
RSAR,smart_suppression,E,43,student,tank,0.006,printed class_ap.txt (typically 3 decimals),,,complete,/mnt/shared/zechuan/iraod_artifacts/comparison/rsar/smart_suppression/seed_43/0f98a48/methods/E/ddp2/eval_full_smart_suppression_student_ids_v1/class_ap.txt
RSAR,smart_suppression,E,43,student,bridge,0.14,printed class_ap.txt (typically 3 decimals),,,complete,/mnt/shared/zechuan/iraod_artifacts/comparison/rsar/smart_suppression/seed_43/0f98a48/methods/E/ddp2/eval_full_smart_suppression_student_ids_v1/class_ap.txt
RSAR,smart_suppression,E,43,student,harbor,0.022,printed class_ap.txt (typically 3 decimals),,,complete,/mnt/shared/zechuan/iraod_artifacts/comparison/rsar/smart_suppression/seed_43/0f98a48/methods/E/ddp2/eval_full_smart_suppression_student_ids_v1/class_ap.txt
RSAR,smart_suppression,E,44,student,ship,0.39,printed class_ap.txt (typically 3 decimals),,,complete,/mnt/shared/zechuan/iraod_artifacts/comparison/rsar/smart_suppression/seed_44/0f98a48/methods/E/ddp2/eval_full_smart_suppression_student_ids_v1/class_ap.txt
RSAR,smart_suppression,E,44,student,aircraft,0.01,printed class_ap.txt (typically 3 decimals),,,complete,/mnt/shared/zechuan/iraod_artifacts/comparison/rsar/smart_suppression/seed_44/0f98a48/methods/E/ddp2/eval_full_smart_suppression_student_ids_v1/class_ap.txt
RSAR,smart_suppression,E,44,student,car,0.091,printed class_ap.txt (typically 3 decimals),,,complete,/mnt/shared/zechuan/iraod_artifacts/comparison/rsar/smart_suppression/seed_44/0f98a48/methods/E/ddp2/eval_full_smart_suppression_student_ids_v1/class_ap.txt
RSAR,smart_suppression,E,44,student,tank,0.008,printed class_ap.txt (typically 3 decimals),,,complete,/mnt/shared/zechuan/iraod_artifacts/comparison/rsar/smart_suppression/seed_44/0f98a48/methods/E/ddp2/eval_full_smart_suppression_student_ids_v1/class_ap.txt
RSAR,smart_suppression,E,44,student,bridge,0.117,printed class_ap.txt (typically 3 decimals),,,complete,/mnt/shared/zechuan/iraod_artifacts/comparison/rsar/smart_suppression/seed_44/0f98a48/methods/E/ddp2/eval_full_smart_suppression_student_ids_v1/class_ap.txt
RSAR,smart_suppression,E,44,student,harbor,0.036,printed class_ap.txt (typically 3 decimals),,,complete,/mnt/shared/zechuan/iraod_artifacts/comparison/rsar/smart_suppression/seed_44/0f98a48/methods/E/ddp2/eval_full_smart_suppression_student_ids_v1/class_ap.txt
RSAR,smart_suppression,F,42,student,ship,0.337,printed class_ap.txt (typically 3 decimals),,,complete,/mnt/shared/zechuan/iraod_artifacts/comparison/rsar/smart_suppression/seed_42/0f98a48/methods/F/ddp2/eval_full_smart_suppression_student_ids_v1/class_ap.txt
RSAR,smart_suppression,F,42,student,aircraft,0.0,printed class_ap.txt (typically 3 decimals),,,complete,/mnt/shared/zechuan/iraod_artifacts/comparison/rsar/smart_suppression/seed_42/0f98a48/methods/F/ddp2/eval_full_smart_suppression_student_ids_v1/class_ap.txt
RSAR,smart_suppression,F,42,student,car,0.0,printed class_ap.txt (typically 3 decimals),,,complete,/mnt/shared/zechuan/iraod_artifacts/comparison/rsar/smart_suppression/seed_42/0f98a48/methods/F/ddp2/eval_full_smart_suppression_student_ids_v1/class_ap.txt
RSAR,smart_suppression,F,42,student,tank,0.0,printed class_ap.txt (typically 3 decimals),,,complete,/mnt/shared/zechuan/iraod_artifacts/comparison/rsar/smart_suppression/seed_42/0f98a48/methods/F/ddp2/eval_full_smart_suppression_student_ids_v1/class_ap.txt
RSAR,smart_suppression,F,42,student,bridge,0.131,printed class_ap.txt (typically 3 decimals),,,complete,/mnt/shared/zechuan/iraod_artifacts/comparison/rsar/smart_suppression/seed_42/0f98a48/methods/F/ddp2/eval_full_smart_suppression_student_ids_v1/class_ap.txt
RSAR,smart_suppression,F,42,student,harbor,0.021,printed class_ap.txt (typically 3 decimals),,,complete,/mnt/shared/zechuan/iraod_artifacts/comparison/rsar/smart_suppression/seed_42/0f98a48/methods/F/ddp2/eval_full_smart_suppression_student_ids_v1/class_ap.txt
RSAR,smart_suppression,F,43,student,ship,0.217,printed class_ap.txt (typically 3 decimals),,,complete,/mnt/shared/zechuan/iraod_artifacts/comparison/rsar/smart_suppression/seed_43/0f98a48/methods/F/ddp2/eval_full_smart_suppression_student_ids_v1/class_ap.txt
RSAR,smart_suppression,F,43,student,aircraft,0.0,printed class_ap.txt (typically 3 decimals),,,complete,/mnt/shared/zechuan/iraod_artifacts/comparison/rsar/smart_suppression/seed_43/0f98a48/methods/F/ddp2/eval_full_smart_suppression_student_ids_v1/class_ap.txt
RSAR,smart_suppression,F,43,student,car,0.018,printed class_ap.txt (typically 3 decimals),,,complete,/mnt/shared/zechuan/iraod_artifacts/comparison/rsar/smart_suppression/seed_43/0f98a48/methods/F/ddp2/eval_full_smart_suppression_student_ids_v1/class_ap.txt
RSAR,smart_suppression,F,43,student,tank,0.0,printed class_ap.txt (typically 3 decimals),,,complete,/mnt/shared/zechuan/iraod_artifacts/comparison/rsar/smart_suppression/seed_43/0f98a48/methods/F/ddp2/eval_full_smart_suppression_student_ids_v1/class_ap.txt
RSAR,smart_suppression,F,43,student,bridge,0.015,printed class_ap.txt (typically 3 decimals),,,complete,/mnt/shared/zechuan/iraod_artifacts/comparison/rsar/smart_suppression/seed_43/0f98a48/methods/F/ddp2/eval_full_smart_suppression_student_ids_v1/class_ap.txt
RSAR,smart_suppression,F,43,student,harbor,0.002,printed class_ap.txt (typically 3 decimals),,,complete,/mnt/shared/zechuan/iraod_artifacts/comparison/rsar/smart_suppression/seed_43/0f98a48/methods/F/ddp2/eval_full_smart_suppression_student_ids_v1/class_ap.txt
RSAR,smart_suppression,F,44,student,ship,0.429,printed class_ap.txt (typically 3 decimals),,,complete,/mnt/shared/zechuan/iraod_artifacts/comparison/rsar/smart_suppression/seed_44/0f98a48/methods/F/ddp2/eval_full_smart_suppression_student_ids_v1/class_ap.txt
RSAR,smart_suppression,F,44,student,aircraft,0.091,printed class_ap.txt (typically 3 decimals),,,complete,/mnt/shared/zechuan/iraod_artifacts/comparison/rsar/smart_suppression/seed_44/0f98a48/methods/F/ddp2/eval_full_smart_suppression_student_ids_v1/class_ap.txt
RSAR,smart_suppression,F,44,student,car,0.018,printed class_ap.txt (typically 3 decimals),,,complete,/mnt/shared/zechuan/iraod_artifacts/comparison/rsar/smart_suppression/seed_44/0f98a48/methods/F/ddp2/eval_full_smart_suppression_student_ids_v1/class_ap.txt
RSAR,smart_suppression,F,44,student,tank,0.001,printed class_ap.txt (typically 3 decimals),,,complete,/mnt/shared/zechuan/iraod_artifacts/comparison/rsar/smart_suppression/seed_44/0f98a48/methods/F/ddp2/eval_full_smart_suppression_student_ids_v1/class_ap.txt
RSAR,smart_suppression,F,44,student,bridge,0.14,printed class_ap.txt (typically 3 decimals),,,complete,/mnt/shared/zechuan/iraod_artifacts/comparison/rsar/smart_suppression/seed_44/0f98a48/methods/F/ddp2/eval_full_smart_suppression_student_ids_v1/class_ap.txt
RSAR,smart_suppression,F,44,student,harbor,0.003,printed class_ap.txt (typically 3 decimals),,,complete,/mnt/shared/zechuan/iraod_artifacts/comparison/rsar/smart_suppression/seed_44/0f98a48/methods/F/ddp2/eval_full_smart_suppression_student_ids_v1/class_ap.txt
RSAR,am_noise_vertical,A,42,source,ship,0.358,printed class_ap.txt (typically 3 decimals),0.358,0.358,complete,/mnt/shared/zechuan/iraod_artifacts/comparison/rsar/am_noise_vertical/seed_42/0f98a48/methods/A/eval_full_am_noise_vertical_ids_v1/class_ap.txt
RSAR,am_noise_vertical,A,42,source,aircraft,0.016,printed class_ap.txt (typically 3 decimals),0.016,0.016,complete,/mnt/shared/zechuan/iraod_artifacts/comparison/rsar/am_noise_vertical/seed_42/0f98a48/methods/A/eval_full_am_noise_vertical_ids_v1/class_ap.txt
RSAR,am_noise_vertical,A,42,source,car,0.429,printed class_ap.txt (typically 3 decimals),0.429,0.429,complete,/mnt/shared/zechuan/iraod_artifacts/comparison/rsar/am_noise_vertical/seed_42/0f98a48/methods/A/eval_full_am_noise_vertical_ids_v1/class_ap.txt
RSAR,am_noise_vertical,A,42,source,tank,0.092,printed class_ap.txt (typically 3 decimals),0.092,0.092,complete,/mnt/shared/zechuan/iraod_artifacts/comparison/rsar/am_noise_vertical/seed_42/0f98a48/methods/A/eval_full_am_noise_vertical_ids_v1/class_ap.txt
RSAR,am_noise_vertical,A,42,source,bridge,0.186,printed class_ap.txt (typically 3 decimals),0.186,0.186,complete,/mnt/shared/zechuan/iraod_artifacts/comparison/rsar/am_noise_vertical/seed_42/0f98a48/methods/A/eval_full_am_noise_vertical_ids_v1/class_ap.txt
RSAR,am_noise_vertical,A,42,source,harbor,0.063,printed class_ap.txt (typically 3 decimals),0.063,0.063,complete,/mnt/shared/zechuan/iraod_artifacts/comparison/rsar/am_noise_vertical/seed_42/0f98a48/methods/A/eval_full_am_noise_vertical_ids_v1/class_ap.txt
RSAR,am_noise_vertical,B,42,student,ship,0.326,printed class_ap.txt (typically 3 decimals),,,complete,/mnt/shared/zechuan/iraod_artifacts/comparison/rsar/am_noise_vertical/seed_42/0f98a48/methods/B/eval_full_am_noise_vertical_student_ids_v1/class_ap.txt
RSAR,am_noise_vertical,B,42,student,aircraft,0.091,printed class_ap.txt (typically 3 decimals),,,complete,/mnt/shared/zechuan/iraod_artifacts/comparison/rsar/am_noise_vertical/seed_42/0f98a48/methods/B/eval_full_am_noise_vertical_student_ids_v1/class_ap.txt
RSAR,am_noise_vertical,B,42,student,car,0.121,printed class_ap.txt (typically 3 decimals),,,complete,/mnt/shared/zechuan/iraod_artifacts/comparison/rsar/am_noise_vertical/seed_42/0f98a48/methods/B/eval_full_am_noise_vertical_student_ids_v1/class_ap.txt
RSAR,am_noise_vertical,B,42,student,tank,0.091,printed class_ap.txt (typically 3 decimals),,,complete,/mnt/shared/zechuan/iraod_artifacts/comparison/rsar/am_noise_vertical/seed_42/0f98a48/methods/B/eval_full_am_noise_vertical_student_ids_v1/class_ap.txt
RSAR,am_noise_vertical,B,42,student,bridge,0.067,printed class_ap.txt (typically 3 decimals),,,complete,/mnt/shared/zechuan/iraod_artifacts/comparison/rsar/am_noise_vertical/seed_42/0f98a48/methods/B/eval_full_am_noise_vertical_student_ids_v1/class_ap.txt
RSAR,am_noise_vertical,B,42,student,harbor,0.008,printed class_ap.txt (typically 3 decimals),,,complete,/mnt/shared/zechuan/iraod_artifacts/comparison/rsar/am_noise_vertical/seed_42/0f98a48/methods/B/eval_full_am_noise_vertical_student_ids_v1/class_ap.txt
RSAR,am_noise_vertical,B,43,student,ship,0.23,printed class_ap.txt (typically 3 decimals),,,complete,/mnt/shared/zechuan/iraod_artifacts/comparison/rsar/am_noise_vertical/seed_43/0f98a48/methods/B/eval_full_am_noise_vertical_student_ids_v1/class_ap.txt
RSAR,am_noise_vertical,B,43,student,aircraft,0.0,printed class_ap.txt (typically 3 decimals),,,complete,/mnt/shared/zechuan/iraod_artifacts/comparison/rsar/am_noise_vertical/seed_43/0f98a48/methods/B/eval_full_am_noise_vertical_student_ids_v1/class_ap.txt
RSAR,am_noise_vertical,B,43,student,car,0.221,printed class_ap.txt (typically 3 decimals),,,complete,/mnt/shared/zechuan/iraod_artifacts/comparison/rsar/am_noise_vertical/seed_43/0f98a48/methods/B/eval_full_am_noise_vertical_student_ids_v1/class_ap.txt
RSAR,am_noise_vertical,B,43,student,tank,0.0,printed class_ap.txt (typically 3 decimals),,,complete,/mnt/shared/zechuan/iraod_artifacts/comparison/rsar/am_noise_vertical/seed_43/0f98a48/methods/B/eval_full_am_noise_vertical_student_ids_v1/class_ap.txt
RSAR,am_noise_vertical,B,43,student,bridge,0.108,printed class_ap.txt (typically 3 decimals),,,complete,/mnt/shared/zechuan/iraod_artifacts/comparison/rsar/am_noise_vertical/seed_43/0f98a48/methods/B/eval_full_am_noise_vertical_student_ids_v1/class_ap.txt
RSAR,am_noise_vertical,B,43,student,harbor,0.0,printed class_ap.txt (typically 3 decimals),,,complete,/mnt/shared/zechuan/iraod_artifacts/comparison/rsar/am_noise_vertical/seed_43/0f98a48/methods/B/eval_full_am_noise_vertical_student_ids_v1/class_ap.txt
RSAR,am_noise_vertical,B,44,student,ship,0.329,printed class_ap.txt (typically 3 decimals),,,complete,/mnt/shared/zechuan/iraod_artifacts/comparison/rsar/am_noise_vertical/seed_44/0f98a48/methods/B/eval_full_am_noise_vertical_student_ids_v1/class_ap.txt
RSAR,am_noise_vertical,B,44,student,aircraft,0.091,printed class_ap.txt (typically 3 decimals),,,complete,/mnt/shared/zechuan/iraod_artifacts/comparison/rsar/am_noise_vertical/seed_44/0f98a48/methods/B/eval_full_am_noise_vertical_student_ids_v1/class_ap.txt
RSAR,am_noise_vertical,B,44,student,car,0.27,printed class_ap.txt (typically 3 decimals),,,complete,/mnt/shared/zechuan/iraod_artifacts/comparison/rsar/am_noise_vertical/seed_44/0f98a48/methods/B/eval_full_am_noise_vertical_student_ids_v1/class_ap.txt
RSAR,am_noise_vertical,B,44,student,tank,0.091,printed class_ap.txt (typically 3 decimals),,,complete,/mnt/shared/zechuan/iraod_artifacts/comparison/rsar/am_noise_vertical/seed_44/0f98a48/methods/B/eval_full_am_noise_vertical_student_ids_v1/class_ap.txt
RSAR,am_noise_vertical,B,44,student,bridge,0.016,printed class_ap.txt (typically 3 decimals),,,complete,/mnt/shared/zechuan/iraod_artifacts/comparison/rsar/am_noise_vertical/seed_44/0f98a48/methods/B/eval_full_am_noise_vertical_student_ids_v1/class_ap.txt
RSAR,am_noise_vertical,B,44,student,harbor,0.015,printed class_ap.txt (typically 3 decimals),,,complete,/mnt/shared/zechuan/iraod_artifacts/comparison/rsar/am_noise_vertical/seed_44/0f98a48/methods/B/eval_full_am_noise_vertical_student_ids_v1/class_ap.txt
RSAR,am_noise_vertical,C,42,student,ship,0.232,printed class_ap.txt (typically 3 decimals),,,complete,/mnt/shared/zechuan/iraod_artifacts/comparison/rsar/am_noise_vertical/seed_42/0f98a48/methods/C/eval_full_am_noise_vertical_student_ids_v1/class_ap.txt
RSAR,am_noise_vertical,C,42,student,aircraft,0.0,printed class_ap.txt (typically 3 decimals),,,complete,/mnt/shared/zechuan/iraod_artifacts/comparison/rsar/am_noise_vertical/seed_42/0f98a48/methods/C/eval_full_am_noise_vertical_student_ids_v1/class_ap.txt
RSAR,am_noise_vertical,C,42,student,car,0.208,printed class_ap.txt (typically 3 decimals),,,complete,/mnt/shared/zechuan/iraod_artifacts/comparison/rsar/am_noise_vertical/seed_42/0f98a48/methods/C/eval_full_am_noise_vertical_student_ids_v1/class_ap.txt
RSAR,am_noise_vertical,C,42,student,tank,0.091,printed class_ap.txt (typically 3 decimals),,,complete,/mnt/shared/zechuan/iraod_artifacts/comparison/rsar/am_noise_vertical/seed_42/0f98a48/methods/C/eval_full_am_noise_vertical_student_ids_v1/class_ap.txt
RSAR,am_noise_vertical,C,42,student,bridge,0.18,printed class_ap.txt (typically 3 decimals),,,complete,/mnt/shared/zechuan/iraod_artifacts/comparison/rsar/am_noise_vertical/seed_42/0f98a48/methods/C/eval_full_am_noise_vertical_student_ids_v1/class_ap.txt
RSAR,am_noise_vertical,C,42,student,harbor,0.015,printed class_ap.txt (typically 3 decimals),,,complete,/mnt/shared/zechuan/iraod_artifacts/comparison/rsar/am_noise_vertical/seed_42/0f98a48/methods/C/eval_full_am_noise_vertical_student_ids_v1/class_ap.txt
RSAR,am_noise_vertical,C,43,student,ship,0.261,printed class_ap.txt (typically 3 decimals),,,complete,/mnt/shared/zechuan/iraod_artifacts/comparison/rsar/am_noise_vertical/seed_43/0f98a48/methods/C/eval_full_am_noise_vertical_student_ids_v1/class_ap.txt
RSAR,am_noise_vertical,C,43,student,aircraft,0.0,printed class_ap.txt (typically 3 decimals),,,complete,/mnt/shared/zechuan/iraod_artifacts/comparison/rsar/am_noise_vertical/seed_43/0f98a48/methods/C/eval_full_am_noise_vertical_student_ids_v1/class_ap.txt
RSAR,am_noise_vertical,C,43,student,car,0.338,printed class_ap.txt (typically 3 decimals),,,complete,/mnt/shared/zechuan/iraod_artifacts/comparison/rsar/am_noise_vertical/seed_43/0f98a48/methods/C/eval_full_am_noise_vertical_student_ids_v1/class_ap.txt
RSAR,am_noise_vertical,C,43,student,tank,0.091,printed class_ap.txt (typically 3 decimals),,,complete,/mnt/shared/zechuan/iraod_artifacts/comparison/rsar/am_noise_vertical/seed_43/0f98a48/methods/C/eval_full_am_noise_vertical_student_ids_v1/class_ap.txt
RSAR,am_noise_vertical,C,43,student,bridge,0.148,printed class_ap.txt (typically 3 decimals),,,complete,/mnt/shared/zechuan/iraod_artifacts/comparison/rsar/am_noise_vertical/seed_43/0f98a48/methods/C/eval_full_am_noise_vertical_student_ids_v1/class_ap.txt
RSAR,am_noise_vertical,C,43,student,harbor,0.008,printed class_ap.txt (typically 3 decimals),,,complete,/mnt/shared/zechuan/iraod_artifacts/comparison/rsar/am_noise_vertical/seed_43/0f98a48/methods/C/eval_full_am_noise_vertical_student_ids_v1/class_ap.txt
RSAR,am_noise_vertical,C,44,student,ship,0.216,printed class_ap.txt (typically 3 decimals),,,complete,/mnt/shared/zechuan/iraod_artifacts/comparison/rsar/am_noise_vertical/seed_44/0f98a48/methods/C/eval_full_am_noise_vertical_student_ids_v1/class_ap.txt
RSAR,am_noise_vertical,C,44,student,aircraft,0.0,printed class_ap.txt (typically 3 decimals),,,complete,/mnt/shared/zechuan/iraod_artifacts/comparison/rsar/am_noise_vertical/seed_44/0f98a48/methods/C/eval_full_am_noise_vertical_student_ids_v1/class_ap.txt
RSAR,am_noise_vertical,C,44,student,car,0.279,printed class_ap.txt (typically 3 decimals),,,complete,/mnt/shared/zechuan/iraod_artifacts/comparison/rsar/am_noise_vertical/seed_44/0f98a48/methods/C/eval_full_am_noise_vertical_student_ids_v1/class_ap.txt
RSAR,am_noise_vertical,C,44,student,tank,0.091,printed class_ap.txt (typically 3 decimals),,,complete,/mnt/shared/zechuan/iraod_artifacts/comparison/rsar/am_noise_vertical/seed_44/0f98a48/methods/C/eval_full_am_noise_vertical_student_ids_v1/class_ap.txt
RSAR,am_noise_vertical,C,44,student,bridge,0.147,printed class_ap.txt (typically 3 decimals),,,complete,/mnt/shared/zechuan/iraod_artifacts/comparison/rsar/am_noise_vertical/seed_44/0f98a48/methods/C/eval_full_am_noise_vertical_student_ids_v1/class_ap.txt
RSAR,am_noise_vertical,C,44,student,harbor,0.009,printed class_ap.txt (typically 3 decimals),,,complete,/mnt/shared/zechuan/iraod_artifacts/comparison/rsar/am_noise_vertical/seed_44/0f98a48/methods/C/eval_full_am_noise_vertical_student_ids_v1/class_ap.txt
RSAR,am_noise_vertical,D,42,student,ship,0.091,printed class_ap.txt (typically 3 decimals),,,complete,/mnt/shared/zechuan/iraod_artifacts/comparison/rsar/am_noise_vertical/seed_42/0f98a48/methods/D/eval_full_am_noise_vertical_student_ids_v1/class_ap.txt
RSAR,am_noise_vertical,D,42,student,aircraft,0.0,printed class_ap.txt (typically 3 decimals),,,complete,/mnt/shared/zechuan/iraod_artifacts/comparison/rsar/am_noise_vertical/seed_42/0f98a48/methods/D/eval_full_am_noise_vertical_student_ids_v1/class_ap.txt
RSAR,am_noise_vertical,D,42,student,car,0.023,printed class_ap.txt (typically 3 decimals),,,complete,/mnt/shared/zechuan/iraod_artifacts/comparison/rsar/am_noise_vertical/seed_42/0f98a48/methods/D/eval_full_am_noise_vertical_student_ids_v1/class_ap.txt
RSAR,am_noise_vertical,D,42,student,tank,0.0,printed class_ap.txt (typically 3 decimals),,,complete,/mnt/shared/zechuan/iraod_artifacts/comparison/rsar/am_noise_vertical/seed_42/0f98a48/methods/D/eval_full_am_noise_vertical_student_ids_v1/class_ap.txt
RSAR,am_noise_vertical,D,42,student,bridge,0.142,printed class_ap.txt (typically 3 decimals),,,complete,/mnt/shared/zechuan/iraod_artifacts/comparison/rsar/am_noise_vertical/seed_42/0f98a48/methods/D/eval_full_am_noise_vertical_student_ids_v1/class_ap.txt
RSAR,am_noise_vertical,D,42,student,harbor,0.0,printed class_ap.txt (typically 3 decimals),,,complete,/mnt/shared/zechuan/iraod_artifacts/comparison/rsar/am_noise_vertical/seed_42/0f98a48/methods/D/eval_full_am_noise_vertical_student_ids_v1/class_ap.txt
RSAR,am_noise_vertical,D,43,student,ship,0.086,printed class_ap.txt (typically 3 decimals),,,complete,/mnt/shared/zechuan/iraod_artifacts/comparison/rsar/am_noise_vertical/seed_43/0f98a48/methods/D/eval_full_am_noise_vertical_student_ids_v1/class_ap.txt
RSAR,am_noise_vertical,D,43,student,aircraft,0.0,printed class_ap.txt (typically 3 decimals),,,complete,/mnt/shared/zechuan/iraod_artifacts/comparison/rsar/am_noise_vertical/seed_43/0f98a48/methods/D/eval_full_am_noise_vertical_student_ids_v1/class_ap.txt
RSAR,am_noise_vertical,D,43,student,car,0.072,printed class_ap.txt (typically 3 decimals),,,complete,/mnt/shared/zechuan/iraod_artifacts/comparison/rsar/am_noise_vertical/seed_43/0f98a48/methods/D/eval_full_am_noise_vertical_student_ids_v1/class_ap.txt
RSAR,am_noise_vertical,D,43,student,tank,0.0,printed class_ap.txt (typically 3 decimals),,,complete,/mnt/shared/zechuan/iraod_artifacts/comparison/rsar/am_noise_vertical/seed_43/0f98a48/methods/D/eval_full_am_noise_vertical_student_ids_v1/class_ap.txt
RSAR,am_noise_vertical,D,43,student,bridge,0.091,printed class_ap.txt (typically 3 decimals),,,complete,/mnt/shared/zechuan/iraod_artifacts/comparison/rsar/am_noise_vertical/seed_43/0f98a48/methods/D/eval_full_am_noise_vertical_student_ids_v1/class_ap.txt
RSAR,am_noise_vertical,D,43,student,harbor,0.0,printed class_ap.txt (typically 3 decimals),,,complete,/mnt/shared/zechuan/iraod_artifacts/comparison/rsar/am_noise_vertical/seed_43/0f98a48/methods/D/eval_full_am_noise_vertical_student_ids_v1/class_ap.txt
RSAR,am_noise_vertical,D,44,student,ship,0.168,printed class_ap.txt (typically 3 decimals),,,complete,/mnt/shared/zechuan/iraod_artifacts/comparison/rsar/am_noise_vertical/seed_44/0f98a48/methods/D/eval_full_am_noise_vertical_student_ids_v1/class_ap.txt
RSAR,am_noise_vertical,D,44,student,aircraft,0.0,printed class_ap.txt (typically 3 decimals),,,complete,/mnt/shared/zechuan/iraod_artifacts/comparison/rsar/am_noise_vertical/seed_44/0f98a48/methods/D/eval_full_am_noise_vertical_student_ids_v1/class_ap.txt
RSAR,am_noise_vertical,D,44,student,car,0.091,printed class_ap.txt (typically 3 decimals),,,complete,/mnt/shared/zechuan/iraod_artifacts/comparison/rsar/am_noise_vertical/seed_44/0f98a48/methods/D/eval_full_am_noise_vertical_student_ids_v1/class_ap.txt
RSAR,am_noise_vertical,D,44,student,tank,0.0,printed class_ap.txt (typically 3 decimals),,,complete,/mnt/shared/zechuan/iraod_artifacts/comparison/rsar/am_noise_vertical/seed_44/0f98a48/methods/D/eval_full_am_noise_vertical_student_ids_v1/class_ap.txt
RSAR,am_noise_vertical,D,44,student,bridge,0.125,printed class_ap.txt (typically 3 decimals),,,complete,/mnt/shared/zechuan/iraod_artifacts/comparison/rsar/am_noise_vertical/seed_44/0f98a48/methods/D/eval_full_am_noise_vertical_student_ids_v1/class_ap.txt
RSAR,am_noise_vertical,D,44,student,harbor,0.0,printed class_ap.txt (typically 3 decimals),,,complete,/mnt/shared/zechuan/iraod_artifacts/comparison/rsar/am_noise_vertical/seed_44/0f98a48/methods/D/eval_full_am_noise_vertical_student_ids_v1/class_ap.txt
RSAR,am_noise_vertical,E,42,student,ship,0.31,printed class_ap.txt (typically 3 decimals),,,complete,/mnt/shared/zechuan/iraod_artifacts/comparison/rsar/am_noise_vertical/seed_42/0f98a48/methods/E/ddp2/eval_full_am_noise_vertical_student_ids_v1/class_ap.txt
RSAR,am_noise_vertical,E,42,student,aircraft,0.091,printed class_ap.txt (typically 3 decimals),,,complete,/mnt/shared/zechuan/iraod_artifacts/comparison/rsar/am_noise_vertical/seed_42/0f98a48/methods/E/ddp2/eval_full_am_noise_vertical_student_ids_v1/class_ap.txt
RSAR,am_noise_vertical,E,42,student,car,0.289,printed class_ap.txt (typically 3 decimals),,,complete,/mnt/shared/zechuan/iraod_artifacts/comparison/rsar/am_noise_vertical/seed_42/0f98a48/methods/E/ddp2/eval_full_am_noise_vertical_student_ids_v1/class_ap.txt
RSAR,am_noise_vertical,E,42,student,tank,0.091,printed class_ap.txt (typically 3 decimals),,,complete,/mnt/shared/zechuan/iraod_artifacts/comparison/rsar/am_noise_vertical/seed_42/0f98a48/methods/E/ddp2/eval_full_am_noise_vertical_student_ids_v1/class_ap.txt
RSAR,am_noise_vertical,E,42,student,bridge,0.114,printed class_ap.txt (typically 3 decimals),,,complete,/mnt/shared/zechuan/iraod_artifacts/comparison/rsar/am_noise_vertical/seed_42/0f98a48/methods/E/ddp2/eval_full_am_noise_vertical_student_ids_v1/class_ap.txt
RSAR,am_noise_vertical,E,42,student,harbor,0.045,printed class_ap.txt (typically 3 decimals),,,complete,/mnt/shared/zechuan/iraod_artifacts/comparison/rsar/am_noise_vertical/seed_42/0f98a48/methods/E/ddp2/eval_full_am_noise_vertical_student_ids_v1/class_ap.txt
RSAR,am_noise_vertical,E,43,student,ship,0.343,printed class_ap.txt (typically 3 decimals),,,complete,/mnt/shared/zechuan/iraod_artifacts/comparison/rsar/am_noise_vertical/seed_43/0f98a48/methods/E/ddp2/eval_full_am_noise_vertical_student_ids_v1/class_ap.txt
RSAR,am_noise_vertical,E,43,student,aircraft,0.091,printed class_ap.txt (typically 3 decimals),,,complete,/mnt/shared/zechuan/iraod_artifacts/comparison/rsar/am_noise_vertical/seed_43/0f98a48/methods/E/ddp2/eval_full_am_noise_vertical_student_ids_v1/class_ap.txt
RSAR,am_noise_vertical,E,43,student,car,0.218,printed class_ap.txt (typically 3 decimals),,,complete,/mnt/shared/zechuan/iraod_artifacts/comparison/rsar/am_noise_vertical/seed_43/0f98a48/methods/E/ddp2/eval_full_am_noise_vertical_student_ids_v1/class_ap.txt
RSAR,am_noise_vertical,E,43,student,tank,0.091,printed class_ap.txt (typically 3 decimals),,,complete,/mnt/shared/zechuan/iraod_artifacts/comparison/rsar/am_noise_vertical/seed_43/0f98a48/methods/E/ddp2/eval_full_am_noise_vertical_student_ids_v1/class_ap.txt
RSAR,am_noise_vertical,E,43,student,bridge,0.06,printed class_ap.txt (typically 3 decimals),,,complete,/mnt/shared/zechuan/iraod_artifacts/comparison/rsar/am_noise_vertical/seed_43/0f98a48/methods/E/ddp2/eval_full_am_noise_vertical_student_ids_v1/class_ap.txt
RSAR,am_noise_vertical,E,43,student,harbor,0.018,printed class_ap.txt (typically 3 decimals),,,complete,/mnt/shared/zechuan/iraod_artifacts/comparison/rsar/am_noise_vertical/seed_43/0f98a48/methods/E/ddp2/eval_full_am_noise_vertical_student_ids_v1/class_ap.txt
RSAR,am_noise_vertical,E,44,student,ship,0.282,printed class_ap.txt (typically 3 decimals),,,complete,/mnt/shared/zechuan/iraod_artifacts/comparison/rsar/am_noise_vertical/seed_44/0f98a48/methods/E/ddp2/eval_full_am_noise_vertical_student_ids_v1/class_ap.txt
RSAR,am_noise_vertical,E,44,student,aircraft,0.0,printed class_ap.txt (typically 3 decimals),,,complete,/mnt/shared/zechuan/iraod_artifacts/comparison/rsar/am_noise_vertical/seed_44/0f98a48/methods/E/ddp2/eval_full_am_noise_vertical_student_ids_v1/class_ap.txt
RSAR,am_noise_vertical,E,44,student,car,0.228,printed class_ap.txt (typically 3 decimals),,,complete,/mnt/shared/zechuan/iraod_artifacts/comparison/rsar/am_noise_vertical/seed_44/0f98a48/methods/E/ddp2/eval_full_am_noise_vertical_student_ids_v1/class_ap.txt
RSAR,am_noise_vertical,E,44,student,tank,0.045,printed class_ap.txt (typically 3 decimals),,,complete,/mnt/shared/zechuan/iraod_artifacts/comparison/rsar/am_noise_vertical/seed_44/0f98a48/methods/E/ddp2/eval_full_am_noise_vertical_student_ids_v1/class_ap.txt
RSAR,am_noise_vertical,E,44,student,bridge,0.025,printed class_ap.txt (typically 3 decimals),,,complete,/mnt/shared/zechuan/iraod_artifacts/comparison/rsar/am_noise_vertical/seed_44/0f98a48/methods/E/ddp2/eval_full_am_noise_vertical_student_ids_v1/class_ap.txt
RSAR,am_noise_vertical,E,44,student,harbor,0.003,printed class_ap.txt (typically 3 decimals),,,complete,/mnt/shared/zechuan/iraod_artifacts/comparison/rsar/am_noise_vertical/seed_44/0f98a48/methods/E/ddp2/eval_full_am_noise_vertical_student_ids_v1/class_ap.txt
RSAR,am_noise_vertical,F,42,student,ship,0.091,printed class_ap.txt (typically 3 decimals),,,complete,/mnt/shared/zechuan/iraod_artifacts/comparison/rsar/am_noise_vertical/seed_42/0f98a48/methods/F/ddp2/eval_full_am_noise_vertical_student_ids_v1/class_ap.txt
RSAR,am_noise_vertical,F,42,student,aircraft,0.0,printed class_ap.txt (typically 3 decimals),,,complete,/mnt/shared/zechuan/iraod_artifacts/comparison/rsar/am_noise_vertical/seed_42/0f98a48/methods/F/ddp2/eval_full_am_noise_vertical_student_ids_v1/class_ap.txt
RSAR,am_noise_vertical,F,42,student,car,0.091,printed class_ap.txt (typically 3 decimals),,,complete,/mnt/shared/zechuan/iraod_artifacts/comparison/rsar/am_noise_vertical/seed_42/0f98a48/methods/F/ddp2/eval_full_am_noise_vertical_student_ids_v1/class_ap.txt
RSAR,am_noise_vertical,F,42,student,tank,0.0,printed class_ap.txt (typically 3 decimals),,,complete,/mnt/shared/zechuan/iraod_artifacts/comparison/rsar/am_noise_vertical/seed_42/0f98a48/methods/F/ddp2/eval_full_am_noise_vertical_student_ids_v1/class_ap.txt
RSAR,am_noise_vertical,F,42,student,bridge,0.149,printed class_ap.txt (typically 3 decimals),,,complete,/mnt/shared/zechuan/iraod_artifacts/comparison/rsar/am_noise_vertical/seed_42/0f98a48/methods/F/ddp2/eval_full_am_noise_vertical_student_ids_v1/class_ap.txt
RSAR,am_noise_vertical,F,42,student,harbor,0.0,printed class_ap.txt (typically 3 decimals),,,complete,/mnt/shared/zechuan/iraod_artifacts/comparison/rsar/am_noise_vertical/seed_42/0f98a48/methods/F/ddp2/eval_full_am_noise_vertical_student_ids_v1/class_ap.txt
RSAR,am_noise_vertical,F,43,student,ship,0.091,printed class_ap.txt (typically 3 decimals),,,complete,/mnt/shared/zechuan/iraod_artifacts/comparison/rsar/am_noise_vertical/seed_43/0f98a48/methods/F/ddp2/eval_full_am_noise_vertical_student_ids_v1/class_ap.txt
RSAR,am_noise_vertical,F,43,student,aircraft,0.0,printed class_ap.txt (typically 3 decimals),,,complete,/mnt/shared/zechuan/iraod_artifacts/comparison/rsar/am_noise_vertical/seed_43/0f98a48/methods/F/ddp2/eval_full_am_noise_vertical_student_ids_v1/class_ap.txt
RSAR,am_noise_vertical,F,43,student,car,0.0,printed class_ap.txt (typically 3 decimals),,,complete,/mnt/shared/zechuan/iraod_artifacts/comparison/rsar/am_noise_vertical/seed_43/0f98a48/methods/F/ddp2/eval_full_am_noise_vertical_student_ids_v1/class_ap.txt
RSAR,am_noise_vertical,F,43,student,tank,0.0,printed class_ap.txt (typically 3 decimals),,,complete,/mnt/shared/zechuan/iraod_artifacts/comparison/rsar/am_noise_vertical/seed_43/0f98a48/methods/F/ddp2/eval_full_am_noise_vertical_student_ids_v1/class_ap.txt
RSAR,am_noise_vertical,F,43,student,bridge,0.122,printed class_ap.txt (typically 3 decimals),,,complete,/mnt/shared/zechuan/iraod_artifacts/comparison/rsar/am_noise_vertical/seed_43/0f98a48/methods/F/ddp2/eval_full_am_noise_vertical_student_ids_v1/class_ap.txt
RSAR,am_noise_vertical,F,43,student,harbor,0.0,printed class_ap.txt (typically 3 decimals),,,complete,/mnt/shared/zechuan/iraod_artifacts/comparison/rsar/am_noise_vertical/seed_43/0f98a48/methods/F/ddp2/eval_full_am_noise_vertical_student_ids_v1/class_ap.txt
RSAR,am_noise_vertical,F,44,student,ship,0.172,printed class_ap.txt (typically 3 decimals),,,complete,/mnt/shared/zechuan/iraod_artifacts/comparison/rsar/am_noise_vertical/seed_44/0f98a48/methods/F/ddp2/eval_full_am_noise_vertical_student_ids_v1/class_ap.txt
RSAR,am_noise_vertical,F,44,student,aircraft,0.0,printed class_ap.txt (typically 3 decimals),,,complete,/mnt/shared/zechuan/iraod_artifacts/comparison/rsar/am_noise_vertical/seed_44/0f98a48/methods/F/ddp2/eval_full_am_noise_vertical_student_ids_v1/class_ap.txt
RSAR,am_noise_vertical,F,44,student,car,0.091,printed class_ap.txt (typically 3 decimals),,,complete,/mnt/shared/zechuan/iraod_artifacts/comparison/rsar/am_noise_vertical/seed_44/0f98a48/methods/F/ddp2/eval_full_am_noise_vertical_student_ids_v1/class_ap.txt
RSAR,am_noise_vertical,F,44,student,tank,0.0,printed class_ap.txt (typically 3 decimals),,,complete,/mnt/shared/zechuan/iraod_artifacts/comparison/rsar/am_noise_vertical/seed_44/0f98a48/methods/F/ddp2/eval_full_am_noise_vertical_student_ids_v1/class_ap.txt
RSAR,am_noise_vertical,F,44,student,bridge,0.163,printed class_ap.txt (typically 3 decimals),,,complete,/mnt/shared/zechuan/iraod_artifacts/comparison/rsar/am_noise_vertical/seed_44/0f98a48/methods/F/ddp2/eval_full_am_noise_vertical_student_ids_v1/class_ap.txt
RSAR,am_noise_vertical,F,44,student,harbor,0.001,printed class_ap.txt (typically 3 decimals),,,complete,/mnt/shared/zechuan/iraod_artifacts/comparison/rsar/am_noise_vertical/seed_44/0f98a48/methods/F/ddp2/eval_full_am_noise_vertical_student_ids_v1/class_ap.txt
DIOR,clean,A,42,source,airplane,0.488,printed class_ap.txt (typically 3 decimals),0.488,0.488,complete,/mnt/shared/zechuan/iraod_artifacts/comparison/dior/clean/seed_42/0f98a48/methods/A/eval_full_clean_ids_v1/class_ap.txt
DIOR,clean,A,42,source,airport,0.009,printed class_ap.txt (typically 3 decimals),0.009,0.009,complete,/mnt/shared/zechuan/iraod_artifacts/comparison/dior/clean/seed_42/0f98a48/methods/A/eval_full_clean_ids_v1/class_ap.txt
DIOR,clean,A,42,source,baseballfield,0.532,printed class_ap.txt (typically 3 decimals),0.532,0.532,complete,/mnt/shared/zechuan/iraod_artifacts/comparison/dior/clean/seed_42/0f98a48/methods/A/eval_full_clean_ids_v1/class_ap.txt
DIOR,clean,A,42,source,basketballcourt,0.367,printed class_ap.txt (typically 3 decimals),0.367,0.367,complete,/mnt/shared/zechuan/iraod_artifacts/comparison/dior/clean/seed_42/0f98a48/methods/A/eval_full_clean_ids_v1/class_ap.txt
DIOR,clean,A,42,source,bridge,0.114,printed class_ap.txt (typically 3 decimals),0.114,0.114,complete,/mnt/shared/zechuan/iraod_artifacts/comparison/dior/clean/seed_42/0f98a48/methods/A/eval_full_clean_ids_v1/class_ap.txt
DIOR,clean,A,42,source,chimney,0.418,printed class_ap.txt (typically 3 decimals),0.418,0.418,complete,/mnt/shared/zechuan/iraod_artifacts/comparison/dior/clean/seed_42/0f98a48/methods/A/eval_full_clean_ids_v1/class_ap.txt
DIOR,clean,A,42,source,expressway-service-area,0.281,printed class_ap.txt (typically 3 decimals),0.281,0.281,complete,/mnt/shared/zechuan/iraod_artifacts/comparison/dior/clean/seed_42/0f98a48/methods/A/eval_full_clean_ids_v1/class_ap.txt
DIOR,clean,A,42,source,expressway-toll-station,0.198,printed class_ap.txt (typically 3 decimals),0.198,0.198,complete,/mnt/shared/zechuan/iraod_artifacts/comparison/dior/clean/seed_42/0f98a48/methods/A/eval_full_clean_ids_v1/class_ap.txt
DIOR,clean,A,42,source,dam,0.021,printed class_ap.txt (typically 3 decimals),0.021,0.021,complete,/mnt/shared/zechuan/iraod_artifacts/comparison/dior/clean/seed_42/0f98a48/methods/A/eval_full_clean_ids_v1/class_ap.txt
DIOR,clean,A,42,source,golffield,0.277,printed class_ap.txt (typically 3 decimals),0.277,0.277,complete,/mnt/shared/zechuan/iraod_artifacts/comparison/dior/clean/seed_42/0f98a48/methods/A/eval_full_clean_ids_v1/class_ap.txt
DIOR,clean,A,42,source,groundtrackfield,0.248,printed class_ap.txt (typically 3 decimals),0.248,0.248,complete,/mnt/shared/zechuan/iraod_artifacts/comparison/dior/clean/seed_42/0f98a48/methods/A/eval_full_clean_ids_v1/class_ap.txt
DIOR,clean,A,42,source,harbor,0.118,printed class_ap.txt (typically 3 decimals),0.118,0.118,complete,/mnt/shared/zechuan/iraod_artifacts/comparison/dior/clean/seed_42/0f98a48/methods/A/eval_full_clean_ids_v1/class_ap.txt
DIOR,clean,A,42,source,overpass,0.179,printed class_ap.txt (typically 3 decimals),0.179,0.179,complete,/mnt/shared/zechuan/iraod_artifacts/comparison/dior/clean/seed_42/0f98a48/methods/A/eval_full_clean_ids_v1/class_ap.txt
DIOR,clean,A,42,source,ship,0.703,printed class_ap.txt (typically 3 decimals),0.703,0.703,complete,/mnt/shared/zechuan/iraod_artifacts/comparison/dior/clean/seed_42/0f98a48/methods/A/eval_full_clean_ids_v1/class_ap.txt
DIOR,clean,A,42,source,stadium,0.264,printed class_ap.txt (typically 3 decimals),0.264,0.264,complete,/mnt/shared/zechuan/iraod_artifacts/comparison/dior/clean/seed_42/0f98a48/methods/A/eval_full_clean_ids_v1/class_ap.txt
DIOR,clean,A,42,source,storagetank,0.485,printed class_ap.txt (typically 3 decimals),0.485,0.485,complete,/mnt/shared/zechuan/iraod_artifacts/comparison/dior/clean/seed_42/0f98a48/methods/A/eval_full_clean_ids_v1/class_ap.txt
DIOR,clean,A,42,source,tenniscourt,0.618,printed class_ap.txt (typically 3 decimals),0.618,0.618,complete,/mnt/shared/zechuan/iraod_artifacts/comparison/dior/clean/seed_42/0f98a48/methods/A/eval_full_clean_ids_v1/class_ap.txt
DIOR,clean,A,42,source,trainstation,0.081,printed class_ap.txt (typically 3 decimals),0.081,0.081,complete,/mnt/shared/zechuan/iraod_artifacts/comparison/dior/clean/seed_42/0f98a48/methods/A/eval_full_clean_ids_v1/class_ap.txt
DIOR,clean,A,42,source,vehicle,0.303,printed class_ap.txt (typically 3 decimals),0.303,0.303,complete,/mnt/shared/zechuan/iraod_artifacts/comparison/dior/clean/seed_42/0f98a48/methods/A/eval_full_clean_ids_v1/class_ap.txt
DIOR,clean,A,42,source,windmill,0.195,printed class_ap.txt (typically 3 decimals),0.195,0.195,complete,/mnt/shared/zechuan/iraod_artifacts/comparison/dior/clean/seed_42/0f98a48/methods/A/eval_full_clean_ids_v1/class_ap.txt
DIOR,clean,B,42,student,airplane,0.4,printed class_ap.txt (typically 3 decimals),,,complete,/mnt/shared/zechuan/iraod_artifacts/comparison/dior/clean/seed_42/0f98a48/methods/B/eval_full_clean_student_ids_v1/class_ap.txt
DIOR,clean,B,42,student,airport,0.023,printed class_ap.txt (typically 3 decimals),,,complete,/mnt/shared/zechuan/iraod_artifacts/comparison/dior/clean/seed_42/0f98a48/methods/B/eval_full_clean_student_ids_v1/class_ap.txt
DIOR,clean,B,42,student,baseballfield,0.523,printed class_ap.txt (typically 3 decimals),,,complete,/mnt/shared/zechuan/iraod_artifacts/comparison/dior/clean/seed_42/0f98a48/methods/B/eval_full_clean_student_ids_v1/class_ap.txt
DIOR,clean,B,42,student,basketballcourt,0.331,printed class_ap.txt (typically 3 decimals),,,complete,/mnt/shared/zechuan/iraod_artifacts/comparison/dior/clean/seed_42/0f98a48/methods/B/eval_full_clean_student_ids_v1/class_ap.txt
DIOR,clean,B,42,student,bridge,0.107,printed class_ap.txt (typically 3 decimals),,,complete,/mnt/shared/zechuan/iraod_artifacts/comparison/dior/clean/seed_42/0f98a48/methods/B/eval_full_clean_student_ids_v1/class_ap.txt
DIOR,clean,B,42,student,chimney,0.34,printed class_ap.txt (typically 3 decimals),,,complete,/mnt/shared/zechuan/iraod_artifacts/comparison/dior/clean/seed_42/0f98a48/methods/B/eval_full_clean_student_ids_v1/class_ap.txt
DIOR,clean,B,42,student,expressway-service-area,0.26,printed class_ap.txt (typically 3 decimals),,,complete,/mnt/shared/zechuan/iraod_artifacts/comparison/dior/clean/seed_42/0f98a48/methods/B/eval_full_clean_student_ids_v1/class_ap.txt
DIOR,clean,B,42,student,expressway-toll-station,0.155,printed class_ap.txt (typically 3 decimals),,,complete,/mnt/shared/zechuan/iraod_artifacts/comparison/dior/clean/seed_42/0f98a48/methods/B/eval_full_clean_student_ids_v1/class_ap.txt
DIOR,clean,B,42,student,dam,0.091,printed class_ap.txt (typically 3 decimals),,,complete,/mnt/shared/zechuan/iraod_artifacts/comparison/dior/clean/seed_42/0f98a48/methods/B/eval_full_clean_student_ids_v1/class_ap.txt
DIOR,clean,B,42,student,golffield,0.26,printed class_ap.txt (typically 3 decimals),,,complete,/mnt/shared/zechuan/iraod_artifacts/comparison/dior/clean/seed_42/0f98a48/methods/B/eval_full_clean_student_ids_v1/class_ap.txt
DIOR,clean,B,42,student,groundtrackfield,0.225,printed class_ap.txt (typically 3 decimals),,,complete,/mnt/shared/zechuan/iraod_artifacts/comparison/dior/clean/seed_42/0f98a48/methods/B/eval_full_clean_student_ids_v1/class_ap.txt
DIOR,clean,B,42,student,harbor,0.091,printed class_ap.txt (typically 3 decimals),,,complete,/mnt/shared/zechuan/iraod_artifacts/comparison/dior/clean/seed_42/0f98a48/methods/B/eval_full_clean_student_ids_v1/class_ap.txt
DIOR,clean,B,42,student,overpass,0.158,printed class_ap.txt (typically 3 decimals),,,complete,/mnt/shared/zechuan/iraod_artifacts/comparison/dior/clean/seed_42/0f98a48/methods/B/eval_full_clean_student_ids_v1/class_ap.txt
DIOR,clean,B,42,student,ship,0.679,printed class_ap.txt (typically 3 decimals),,,complete,/mnt/shared/zechuan/iraod_artifacts/comparison/dior/clean/seed_42/0f98a48/methods/B/eval_full_clean_student_ids_v1/class_ap.txt
DIOR,clean,B,42,student,stadium,0.268,printed class_ap.txt (typically 3 decimals),,,complete,/mnt/shared/zechuan/iraod_artifacts/comparison/dior/clean/seed_42/0f98a48/methods/B/eval_full_clean_student_ids_v1/class_ap.txt
DIOR,clean,B,42,student,storagetank,0.396,printed class_ap.txt (typically 3 decimals),,,complete,/mnt/shared/zechuan/iraod_artifacts/comparison/dior/clean/seed_42/0f98a48/methods/B/eval_full_clean_student_ids_v1/class_ap.txt
DIOR,clean,B,42,student,tenniscourt,0.605,printed class_ap.txt (typically 3 decimals),,,complete,/mnt/shared/zechuan/iraod_artifacts/comparison/dior/clean/seed_42/0f98a48/methods/B/eval_full_clean_student_ids_v1/class_ap.txt
DIOR,clean,B,42,student,trainstation,0.129,printed class_ap.txt (typically 3 decimals),,,complete,/mnt/shared/zechuan/iraod_artifacts/comparison/dior/clean/seed_42/0f98a48/methods/B/eval_full_clean_student_ids_v1/class_ap.txt
DIOR,clean,B,42,student,vehicle,0.288,printed class_ap.txt (typically 3 decimals),,,complete,/mnt/shared/zechuan/iraod_artifacts/comparison/dior/clean/seed_42/0f98a48/methods/B/eval_full_clean_student_ids_v1/class_ap.txt
DIOR,clean,B,42,student,windmill,0.135,printed class_ap.txt (typically 3 decimals),,,complete,/mnt/shared/zechuan/iraod_artifacts/comparison/dior/clean/seed_42/0f98a48/methods/B/eval_full_clean_student_ids_v1/class_ap.txt
DIOR,clean,B,43,student,airplane,0.459,printed class_ap.txt (typically 3 decimals),,,complete,/mnt/shared/zechuan/iraod_artifacts/comparison/dior/clean/seed_43/0f98a48/methods/B/eval_full_clean_student_ids_v1/class_ap.txt
DIOR,clean,B,43,student,airport,0.045,printed class_ap.txt (typically 3 decimals),,,complete,/mnt/shared/zechuan/iraod_artifacts/comparison/dior/clean/seed_43/0f98a48/methods/B/eval_full_clean_student_ids_v1/class_ap.txt
DIOR,clean,B,43,student,baseballfield,0.518,printed class_ap.txt (typically 3 decimals),,,complete,/mnt/shared/zechuan/iraod_artifacts/comparison/dior/clean/seed_43/0f98a48/methods/B/eval_full_clean_student_ids_v1/class_ap.txt
DIOR,clean,B,43,student,basketballcourt,0.333,printed class_ap.txt (typically 3 decimals),,,complete,/mnt/shared/zechuan/iraod_artifacts/comparison/dior/clean/seed_43/0f98a48/methods/B/eval_full_clean_student_ids_v1/class_ap.txt
DIOR,clean,B,43,student,bridge,0.046,printed class_ap.txt (typically 3 decimals),,,complete,/mnt/shared/zechuan/iraod_artifacts/comparison/dior/clean/seed_43/0f98a48/methods/B/eval_full_clean_student_ids_v1/class_ap.txt
DIOR,clean,B,43,student,chimney,0.398,printed class_ap.txt (typically 3 decimals),,,complete,/mnt/shared/zechuan/iraod_artifacts/comparison/dior/clean/seed_43/0f98a48/methods/B/eval_full_clean_student_ids_v1/class_ap.txt
DIOR,clean,B,43,student,expressway-service-area,0.244,printed class_ap.txt (typically 3 decimals),,,complete,/mnt/shared/zechuan/iraod_artifacts/comparison/dior/clean/seed_43/0f98a48/methods/B/eval_full_clean_student_ids_v1/class_ap.txt
DIOR,clean,B,43,student,expressway-toll-station,0.175,printed class_ap.txt (typically 3 decimals),,,complete,/mnt/shared/zechuan/iraod_artifacts/comparison/dior/clean/seed_43/0f98a48/methods/B/eval_full_clean_student_ids_v1/class_ap.txt
DIOR,clean,B,43,student,dam,0.091,printed class_ap.txt (typically 3 decimals),,,complete,/mnt/shared/zechuan/iraod_artifacts/comparison/dior/clean/seed_43/0f98a48/methods/B/eval_full_clean_student_ids_v1/class_ap.txt
DIOR,clean,B,43,student,golffield,0.261,printed class_ap.txt (typically 3 decimals),,,complete,/mnt/shared/zechuan/iraod_artifacts/comparison/dior/clean/seed_43/0f98a48/methods/B/eval_full_clean_student_ids_v1/class_ap.txt
DIOR,clean,B,43,student,groundtrackfield,0.234,printed class_ap.txt (typically 3 decimals),,,complete,/mnt/shared/zechuan/iraod_artifacts/comparison/dior/clean/seed_43/0f98a48/methods/B/eval_full_clean_student_ids_v1/class_ap.txt
DIOR,clean,B,43,student,harbor,0.091,printed class_ap.txt (typically 3 decimals),,,complete,/mnt/shared/zechuan/iraod_artifacts/comparison/dior/clean/seed_43/0f98a48/methods/B/eval_full_clean_student_ids_v1/class_ap.txt
DIOR,clean,B,43,student,overpass,0.154,printed class_ap.txt (typically 3 decimals),,,complete,/mnt/shared/zechuan/iraod_artifacts/comparison/dior/clean/seed_43/0f98a48/methods/B/eval_full_clean_student_ids_v1/class_ap.txt
DIOR,clean,B,43,student,ship,0.68,printed class_ap.txt (typically 3 decimals),,,complete,/mnt/shared/zechuan/iraod_artifacts/comparison/dior/clean/seed_43/0f98a48/methods/B/eval_full_clean_student_ids_v1/class_ap.txt
DIOR,clean,B,43,student,stadium,0.285,printed class_ap.txt (typically 3 decimals),,,complete,/mnt/shared/zechuan/iraod_artifacts/comparison/dior/clean/seed_43/0f98a48/methods/B/eval_full_clean_student_ids_v1/class_ap.txt
DIOR,clean,B,43,student,storagetank,0.438,printed class_ap.txt (typically 3 decimals),,,complete,/mnt/shared/zechuan/iraod_artifacts/comparison/dior/clean/seed_43/0f98a48/methods/B/eval_full_clean_student_ids_v1/class_ap.txt
DIOR,clean,B,43,student,tenniscourt,0.61,printed class_ap.txt (typically 3 decimals),,,complete,/mnt/shared/zechuan/iraod_artifacts/comparison/dior/clean/seed_43/0f98a48/methods/B/eval_full_clean_student_ids_v1/class_ap.txt
DIOR,clean,B,43,student,trainstation,0.102,printed class_ap.txt (typically 3 decimals),,,complete,/mnt/shared/zechuan/iraod_artifacts/comparison/dior/clean/seed_43/0f98a48/methods/B/eval_full_clean_student_ids_v1/class_ap.txt
DIOR,clean,B,43,student,vehicle,0.287,printed class_ap.txt (typically 3 decimals),,,complete,/mnt/shared/zechuan/iraod_artifacts/comparison/dior/clean/seed_43/0f98a48/methods/B/eval_full_clean_student_ids_v1/class_ap.txt
DIOR,clean,B,43,student,windmill,0.166,printed class_ap.txt (typically 3 decimals),,,complete,/mnt/shared/zechuan/iraod_artifacts/comparison/dior/clean/seed_43/0f98a48/methods/B/eval_full_clean_student_ids_v1/class_ap.txt
DIOR,clean,B,44,student,airplane,0.441,printed class_ap.txt (typically 3 decimals),,,complete,/mnt/shared/zechuan/iraod_artifacts/comparison/dior/clean/seed_44/0f98a48/methods/B/eval_full_clean_student_ids_v1/class_ap.txt
DIOR,clean,B,44,student,airport,0.009,printed class_ap.txt (typically 3 decimals),,,complete,/mnt/shared/zechuan/iraod_artifacts/comparison/dior/clean/seed_44/0f98a48/methods/B/eval_full_clean_student_ids_v1/class_ap.txt
DIOR,clean,B,44,student,baseballfield,0.521,printed class_ap.txt (typically 3 decimals),,,complete,/mnt/shared/zechuan/iraod_artifacts/comparison/dior/clean/seed_44/0f98a48/methods/B/eval_full_clean_student_ids_v1/class_ap.txt
DIOR,clean,B,44,student,basketballcourt,0.332,printed class_ap.txt (typically 3 decimals),,,complete,/mnt/shared/zechuan/iraod_artifacts/comparison/dior/clean/seed_44/0f98a48/methods/B/eval_full_clean_student_ids_v1/class_ap.txt
DIOR,clean,B,44,student,bridge,0.091,printed class_ap.txt (typically 3 decimals),,,complete,/mnt/shared/zechuan/iraod_artifacts/comparison/dior/clean/seed_44/0f98a48/methods/B/eval_full_clean_student_ids_v1/class_ap.txt
DIOR,clean,B,44,student,chimney,0.371,printed class_ap.txt (typically 3 decimals),,,complete,/mnt/shared/zechuan/iraod_artifacts/comparison/dior/clean/seed_44/0f98a48/methods/B/eval_full_clean_student_ids_v1/class_ap.txt
DIOR,clean,B,44,student,expressway-service-area,0.255,printed class_ap.txt (typically 3 decimals),,,complete,/mnt/shared/zechuan/iraod_artifacts/comparison/dior/clean/seed_44/0f98a48/methods/B/eval_full_clean_student_ids_v1/class_ap.txt
DIOR,clean,B,44,student,expressway-toll-station,0.17,printed class_ap.txt (typically 3 decimals),,,complete,/mnt/shared/zechuan/iraod_artifacts/comparison/dior/clean/seed_44/0f98a48/methods/B/eval_full_clean_student_ids_v1/class_ap.txt
DIOR,clean,B,44,student,dam,0.091,printed class_ap.txt (typically 3 decimals),,,complete,/mnt/shared/zechuan/iraod_artifacts/comparison/dior/clean/seed_44/0f98a48/methods/B/eval_full_clean_student_ids_v1/class_ap.txt
DIOR,clean,B,44,student,golffield,0.246,printed class_ap.txt (typically 3 decimals),,,complete,/mnt/shared/zechuan/iraod_artifacts/comparison/dior/clean/seed_44/0f98a48/methods/B/eval_full_clean_student_ids_v1/class_ap.txt
DIOR,clean,B,44,student,groundtrackfield,0.228,printed class_ap.txt (typically 3 decimals),,,complete,/mnt/shared/zechuan/iraod_artifacts/comparison/dior/clean/seed_44/0f98a48/methods/B/eval_full_clean_student_ids_v1/class_ap.txt
DIOR,clean,B,44,student,harbor,0.045,printed class_ap.txt (typically 3 decimals),,,complete,/mnt/shared/zechuan/iraod_artifacts/comparison/dior/clean/seed_44/0f98a48/methods/B/eval_full_clean_student_ids_v1/class_ap.txt
DIOR,clean,B,44,student,overpass,0.158,printed class_ap.txt (typically 3 decimals),,,complete,/mnt/shared/zechuan/iraod_artifacts/comparison/dior/clean/seed_44/0f98a48/methods/B/eval_full_clean_student_ids_v1/class_ap.txt
DIOR,clean,B,44,student,ship,0.684,printed class_ap.txt (typically 3 decimals),,,complete,/mnt/shared/zechuan/iraod_artifacts/comparison/dior/clean/seed_44/0f98a48/methods/B/eval_full_clean_student_ids_v1/class_ap.txt
DIOR,clean,B,44,student,stadium,0.254,printed class_ap.txt (typically 3 decimals),,,complete,/mnt/shared/zechuan/iraod_artifacts/comparison/dior/clean/seed_44/0f98a48/methods/B/eval_full_clean_student_ids_v1/class_ap.txt
DIOR,clean,B,44,student,storagetank,0.39,printed class_ap.txt (typically 3 decimals),,,complete,/mnt/shared/zechuan/iraod_artifacts/comparison/dior/clean/seed_44/0f98a48/methods/B/eval_full_clean_student_ids_v1/class_ap.txt
DIOR,clean,B,44,student,tenniscourt,0.603,printed class_ap.txt (typically 3 decimals),,,complete,/mnt/shared/zechuan/iraod_artifacts/comparison/dior/clean/seed_44/0f98a48/methods/B/eval_full_clean_student_ids_v1/class_ap.txt
DIOR,clean,B,44,student,trainstation,0.133,printed class_ap.txt (typically 3 decimals),,,complete,/mnt/shared/zechuan/iraod_artifacts/comparison/dior/clean/seed_44/0f98a48/methods/B/eval_full_clean_student_ids_v1/class_ap.txt
DIOR,clean,B,44,student,vehicle,0.287,printed class_ap.txt (typically 3 decimals),,,complete,/mnt/shared/zechuan/iraod_artifacts/comparison/dior/clean/seed_44/0f98a48/methods/B/eval_full_clean_student_ids_v1/class_ap.txt
DIOR,clean,B,44,student,windmill,0.164,printed class_ap.txt (typically 3 decimals),,,complete,/mnt/shared/zechuan/iraod_artifacts/comparison/dior/clean/seed_44/0f98a48/methods/B/eval_full_clean_student_ids_v1/class_ap.txt
DIOR,clean,C,42,student,airplane,0.38,printed class_ap.txt (typically 3 decimals),,,complete,/mnt/shared/zechuan/iraod_artifacts/comparison/dior/clean/seed_42/0f98a48/methods/C/eval_full_clean_student_ids_v1/class_ap.txt
DIOR,clean,C,42,student,airport,0.007,printed class_ap.txt (typically 3 decimals),,,complete,/mnt/shared/zechuan/iraod_artifacts/comparison/dior/clean/seed_42/0f98a48/methods/C/eval_full_clean_student_ids_v1/class_ap.txt
DIOR,clean,C,42,student,baseballfield,0.529,printed class_ap.txt (typically 3 decimals),,,complete,/mnt/shared/zechuan/iraod_artifacts/comparison/dior/clean/seed_42/0f98a48/methods/C/eval_full_clean_student_ids_v1/class_ap.txt
DIOR,clean,C,42,student,basketballcourt,0.31,printed class_ap.txt (typically 3 decimals),,,complete,/mnt/shared/zechuan/iraod_artifacts/comparison/dior/clean/seed_42/0f98a48/methods/C/eval_full_clean_student_ids_v1/class_ap.txt
DIOR,clean,C,42,student,bridge,0.056,printed class_ap.txt (typically 3 decimals),,,complete,/mnt/shared/zechuan/iraod_artifacts/comparison/dior/clean/seed_42/0f98a48/methods/C/eval_full_clean_student_ids_v1/class_ap.txt
DIOR,clean,C,42,student,chimney,0.366,printed class_ap.txt (typically 3 decimals),,,complete,/mnt/shared/zechuan/iraod_artifacts/comparison/dior/clean/seed_42/0f98a48/methods/C/eval_full_clean_student_ids_v1/class_ap.txt
DIOR,clean,C,42,student,expressway-service-area,0.219,printed class_ap.txt (typically 3 decimals),,,complete,/mnt/shared/zechuan/iraod_artifacts/comparison/dior/clean/seed_42/0f98a48/methods/C/eval_full_clean_student_ids_v1/class_ap.txt
DIOR,clean,C,42,student,expressway-toll-station,0.159,printed class_ap.txt (typically 3 decimals),,,complete,/mnt/shared/zechuan/iraod_artifacts/comparison/dior/clean/seed_42/0f98a48/methods/C/eval_full_clean_student_ids_v1/class_ap.txt
DIOR,clean,C,42,student,dam,0.091,printed class_ap.txt (typically 3 decimals),,,complete,/mnt/shared/zechuan/iraod_artifacts/comparison/dior/clean/seed_42/0f98a48/methods/C/eval_full_clean_student_ids_v1/class_ap.txt
DIOR,clean,C,42,student,golffield,0.249,printed class_ap.txt (typically 3 decimals),,,complete,/mnt/shared/zechuan/iraod_artifacts/comparison/dior/clean/seed_42/0f98a48/methods/C/eval_full_clean_student_ids_v1/class_ap.txt
DIOR,clean,C,42,student,groundtrackfield,0.222,printed class_ap.txt (typically 3 decimals),,,complete,/mnt/shared/zechuan/iraod_artifacts/comparison/dior/clean/seed_42/0f98a48/methods/C/eval_full_clean_student_ids_v1/class_ap.txt
DIOR,clean,C,42,student,harbor,0.091,printed class_ap.txt (typically 3 decimals),,,complete,/mnt/shared/zechuan/iraod_artifacts/comparison/dior/clean/seed_42/0f98a48/methods/C/eval_full_clean_student_ids_v1/class_ap.txt
DIOR,clean,C,42,student,overpass,0.152,printed class_ap.txt (typically 3 decimals),,,complete,/mnt/shared/zechuan/iraod_artifacts/comparison/dior/clean/seed_42/0f98a48/methods/C/eval_full_clean_student_ids_v1/class_ap.txt
DIOR,clean,C,42,student,ship,0.659,printed class_ap.txt (typically 3 decimals),,,complete,/mnt/shared/zechuan/iraod_artifacts/comparison/dior/clean/seed_42/0f98a48/methods/C/eval_full_clean_student_ids_v1/class_ap.txt
DIOR,clean,C,42,student,stadium,0.327,printed class_ap.txt (typically 3 decimals),,,complete,/mnt/shared/zechuan/iraod_artifacts/comparison/dior/clean/seed_42/0f98a48/methods/C/eval_full_clean_student_ids_v1/class_ap.txt
DIOR,clean,C,42,student,storagetank,0.374,printed class_ap.txt (typically 3 decimals),,,complete,/mnt/shared/zechuan/iraod_artifacts/comparison/dior/clean/seed_42/0f98a48/methods/C/eval_full_clean_student_ids_v1/class_ap.txt
DIOR,clean,C,42,student,tenniscourt,0.602,printed class_ap.txt (typically 3 decimals),,,complete,/mnt/shared/zechuan/iraod_artifacts/comparison/dior/clean/seed_42/0f98a48/methods/C/eval_full_clean_student_ids_v1/class_ap.txt
DIOR,clean,C,42,student,trainstation,0.117,printed class_ap.txt (typically 3 decimals),,,complete,/mnt/shared/zechuan/iraod_artifacts/comparison/dior/clean/seed_42/0f98a48/methods/C/eval_full_clean_student_ids_v1/class_ap.txt
DIOR,clean,C,42,student,vehicle,0.28,printed class_ap.txt (typically 3 decimals),,,complete,/mnt/shared/zechuan/iraod_artifacts/comparison/dior/clean/seed_42/0f98a48/methods/C/eval_full_clean_student_ids_v1/class_ap.txt
DIOR,clean,C,42,student,windmill,0.146,printed class_ap.txt (typically 3 decimals),,,complete,/mnt/shared/zechuan/iraod_artifacts/comparison/dior/clean/seed_42/0f98a48/methods/C/eval_full_clean_student_ids_v1/class_ap.txt
DIOR,clean,C,43,student,airplane,0.4,printed class_ap.txt (typically 3 decimals),,,complete,/mnt/shared/zechuan/iraod_artifacts/comparison/dior/clean/seed_43/0f98a48/methods/C/eval_full_clean_student_ids_v1/class_ap.txt
DIOR,clean,C,43,student,airport,0.005,printed class_ap.txt (typically 3 decimals),,,complete,/mnt/shared/zechuan/iraod_artifacts/comparison/dior/clean/seed_43/0f98a48/methods/C/eval_full_clean_student_ids_v1/class_ap.txt
DIOR,clean,C,43,student,baseballfield,0.515,printed class_ap.txt (typically 3 decimals),,,complete,/mnt/shared/zechuan/iraod_artifacts/comparison/dior/clean/seed_43/0f98a48/methods/C/eval_full_clean_student_ids_v1/class_ap.txt
DIOR,clean,C,43,student,basketballcourt,0.34,printed class_ap.txt (typically 3 decimals),,,complete,/mnt/shared/zechuan/iraod_artifacts/comparison/dior/clean/seed_43/0f98a48/methods/C/eval_full_clean_student_ids_v1/class_ap.txt
DIOR,clean,C,43,student,bridge,0.051,printed class_ap.txt (typically 3 decimals),,,complete,/mnt/shared/zechuan/iraod_artifacts/comparison/dior/clean/seed_43/0f98a48/methods/C/eval_full_clean_student_ids_v1/class_ap.txt
DIOR,clean,C,43,student,chimney,0.396,printed class_ap.txt (typically 3 decimals),,,complete,/mnt/shared/zechuan/iraod_artifacts/comparison/dior/clean/seed_43/0f98a48/methods/C/eval_full_clean_student_ids_v1/class_ap.txt
DIOR,clean,C,43,student,expressway-service-area,0.201,printed class_ap.txt (typically 3 decimals),,,complete,/mnt/shared/zechuan/iraod_artifacts/comparison/dior/clean/seed_43/0f98a48/methods/C/eval_full_clean_student_ids_v1/class_ap.txt
DIOR,clean,C,43,student,expressway-toll-station,0.171,printed class_ap.txt (typically 3 decimals),,,complete,/mnt/shared/zechuan/iraod_artifacts/comparison/dior/clean/seed_43/0f98a48/methods/C/eval_full_clean_student_ids_v1/class_ap.txt
DIOR,clean,C,43,student,dam,0.017,printed class_ap.txt (typically 3 decimals),,,complete,/mnt/shared/zechuan/iraod_artifacts/comparison/dior/clean/seed_43/0f98a48/methods/C/eval_full_clean_student_ids_v1/class_ap.txt
DIOR,clean,C,43,student,golffield,0.242,printed class_ap.txt (typically 3 decimals),,,complete,/mnt/shared/zechuan/iraod_artifacts/comparison/dior/clean/seed_43/0f98a48/methods/C/eval_full_clean_student_ids_v1/class_ap.txt
DIOR,clean,C,43,student,groundtrackfield,0.225,printed class_ap.txt (typically 3 decimals),,,complete,/mnt/shared/zechuan/iraod_artifacts/comparison/dior/clean/seed_43/0f98a48/methods/C/eval_full_clean_student_ids_v1/class_ap.txt
DIOR,clean,C,43,student,harbor,0.091,printed class_ap.txt (typically 3 decimals),,,complete,/mnt/shared/zechuan/iraod_artifacts/comparison/dior/clean/seed_43/0f98a48/methods/C/eval_full_clean_student_ids_v1/class_ap.txt
DIOR,clean,C,43,student,overpass,0.156,printed class_ap.txt (typically 3 decimals),,,complete,/mnt/shared/zechuan/iraod_artifacts/comparison/dior/clean/seed_43/0f98a48/methods/C/eval_full_clean_student_ids_v1/class_ap.txt
DIOR,clean,C,43,student,ship,0.613,printed class_ap.txt (typically 3 decimals),,,complete,/mnt/shared/zechuan/iraod_artifacts/comparison/dior/clean/seed_43/0f98a48/methods/C/eval_full_clean_student_ids_v1/class_ap.txt
DIOR,clean,C,43,student,stadium,0.324,printed class_ap.txt (typically 3 decimals),,,complete,/mnt/shared/zechuan/iraod_artifacts/comparison/dior/clean/seed_43/0f98a48/methods/C/eval_full_clean_student_ids_v1/class_ap.txt
DIOR,clean,C,43,student,storagetank,0.301,printed class_ap.txt (typically 3 decimals),,,complete,/mnt/shared/zechuan/iraod_artifacts/comparison/dior/clean/seed_43/0f98a48/methods/C/eval_full_clean_student_ids_v1/class_ap.txt
DIOR,clean,C,43,student,tenniscourt,0.603,printed class_ap.txt (typically 3 decimals),,,complete,/mnt/shared/zechuan/iraod_artifacts/comparison/dior/clean/seed_43/0f98a48/methods/C/eval_full_clean_student_ids_v1/class_ap.txt
DIOR,clean,C,43,student,trainstation,0.139,printed class_ap.txt (typically 3 decimals),,,complete,/mnt/shared/zechuan/iraod_artifacts/comparison/dior/clean/seed_43/0f98a48/methods/C/eval_full_clean_student_ids_v1/class_ap.txt
DIOR,clean,C,43,student,vehicle,0.278,printed class_ap.txt (typically 3 decimals),,,complete,/mnt/shared/zechuan/iraod_artifacts/comparison/dior/clean/seed_43/0f98a48/methods/C/eval_full_clean_student_ids_v1/class_ap.txt
DIOR,clean,C,43,student,windmill,0.145,printed class_ap.txt (typically 3 decimals),,,complete,/mnt/shared/zechuan/iraod_artifacts/comparison/dior/clean/seed_43/0f98a48/methods/C/eval_full_clean_student_ids_v1/class_ap.txt
DIOR,clean,C,44,student,airplane,0.411,printed class_ap.txt (typically 3 decimals),,,complete,/mnt/shared/zechuan/iraod_artifacts/comparison/dior/clean/seed_44/0f98a48/methods/C/eval_full_clean_student_ids_v1/class_ap.txt
DIOR,clean,C,44,student,airport,0.006,printed class_ap.txt (typically 3 decimals),,,complete,/mnt/shared/zechuan/iraod_artifacts/comparison/dior/clean/seed_44/0f98a48/methods/C/eval_full_clean_student_ids_v1/class_ap.txt
DIOR,clean,C,44,student,baseballfield,0.518,printed class_ap.txt (typically 3 decimals),,,complete,/mnt/shared/zechuan/iraod_artifacts/comparison/dior/clean/seed_44/0f98a48/methods/C/eval_full_clean_student_ids_v1/class_ap.txt
DIOR,clean,C,44,student,basketballcourt,0.391,printed class_ap.txt (typically 3 decimals),,,complete,/mnt/shared/zechuan/iraod_artifacts/comparison/dior/clean/seed_44/0f98a48/methods/C/eval_full_clean_student_ids_v1/class_ap.txt
DIOR,clean,C,44,student,bridge,0.091,printed class_ap.txt (typically 3 decimals),,,complete,/mnt/shared/zechuan/iraod_artifacts/comparison/dior/clean/seed_44/0f98a48/methods/C/eval_full_clean_student_ids_v1/class_ap.txt
DIOR,clean,C,44,student,chimney,0.419,printed class_ap.txt (typically 3 decimals),,,complete,/mnt/shared/zechuan/iraod_artifacts/comparison/dior/clean/seed_44/0f98a48/methods/C/eval_full_clean_student_ids_v1/class_ap.txt
DIOR,clean,C,44,student,expressway-service-area,0.223,printed class_ap.txt (typically 3 decimals),,,complete,/mnt/shared/zechuan/iraod_artifacts/comparison/dior/clean/seed_44/0f98a48/methods/C/eval_full_clean_student_ids_v1/class_ap.txt
DIOR,clean,C,44,student,expressway-toll-station,0.169,printed class_ap.txt (typically 3 decimals),,,complete,/mnt/shared/zechuan/iraod_artifacts/comparison/dior/clean/seed_44/0f98a48/methods/C/eval_full_clean_student_ids_v1/class_ap.txt
DIOR,clean,C,44,student,dam,0.045,printed class_ap.txt (typically 3 decimals),,,complete,/mnt/shared/zechuan/iraod_artifacts/comparison/dior/clean/seed_44/0f98a48/methods/C/eval_full_clean_student_ids_v1/class_ap.txt
DIOR,clean,C,44,student,golffield,0.262,printed class_ap.txt (typically 3 decimals),,,complete,/mnt/shared/zechuan/iraod_artifacts/comparison/dior/clean/seed_44/0f98a48/methods/C/eval_full_clean_student_ids_v1/class_ap.txt
DIOR,clean,C,44,student,groundtrackfield,0.234,printed class_ap.txt (typically 3 decimals),,,complete,/mnt/shared/zechuan/iraod_artifacts/comparison/dior/clean/seed_44/0f98a48/methods/C/eval_full_clean_student_ids_v1/class_ap.txt
DIOR,clean,C,44,student,harbor,0.045,printed class_ap.txt (typically 3 decimals),,,complete,/mnt/shared/zechuan/iraod_artifacts/comparison/dior/clean/seed_44/0f98a48/methods/C/eval_full_clean_student_ids_v1/class_ap.txt
DIOR,clean,C,44,student,overpass,0.158,printed class_ap.txt (typically 3 decimals),,,complete,/mnt/shared/zechuan/iraod_artifacts/comparison/dior/clean/seed_44/0f98a48/methods/C/eval_full_clean_student_ids_v1/class_ap.txt
DIOR,clean,C,44,student,ship,0.652,printed class_ap.txt (typically 3 decimals),,,complete,/mnt/shared/zechuan/iraod_artifacts/comparison/dior/clean/seed_44/0f98a48/methods/C/eval_full_clean_student_ids_v1/class_ap.txt
DIOR,clean,C,44,student,stadium,0.32,printed class_ap.txt (typically 3 decimals),,,complete,/mnt/shared/zechuan/iraod_artifacts/comparison/dior/clean/seed_44/0f98a48/methods/C/eval_full_clean_student_ids_v1/class_ap.txt
DIOR,clean,C,44,student,storagetank,0.356,printed class_ap.txt (typically 3 decimals),,,complete,/mnt/shared/zechuan/iraod_artifacts/comparison/dior/clean/seed_44/0f98a48/methods/C/eval_full_clean_student_ids_v1/class_ap.txt
DIOR,clean,C,44,student,tenniscourt,0.592,printed class_ap.txt (typically 3 decimals),,,complete,/mnt/shared/zechuan/iraod_artifacts/comparison/dior/clean/seed_44/0f98a48/methods/C/eval_full_clean_student_ids_v1/class_ap.txt
DIOR,clean,C,44,student,trainstation,0.138,printed class_ap.txt (typically 3 decimals),,,complete,/mnt/shared/zechuan/iraod_artifacts/comparison/dior/clean/seed_44/0f98a48/methods/C/eval_full_clean_student_ids_v1/class_ap.txt
DIOR,clean,C,44,student,vehicle,0.278,printed class_ap.txt (typically 3 decimals),,,complete,/mnt/shared/zechuan/iraod_artifacts/comparison/dior/clean/seed_44/0f98a48/methods/C/eval_full_clean_student_ids_v1/class_ap.txt
DIOR,clean,C,44,student,windmill,0.159,printed class_ap.txt (typically 3 decimals),,,complete,/mnt/shared/zechuan/iraod_artifacts/comparison/dior/clean/seed_44/0f98a48/methods/C/eval_full_clean_student_ids_v1/class_ap.txt
DIOR,clean,D,42,student,airplane,0.254,printed class_ap.txt (typically 3 decimals),,,complete,/mnt/shared/zechuan/iraod_artifacts/comparison/dior/clean/seed_42/0f98a48/methods/D/eval_full_clean_student_ids_v1/class_ap.txt
DIOR,clean,D,42,student,airport,0.0,printed class_ap.txt (typically 3 decimals),,,complete,/mnt/shared/zechuan/iraod_artifacts/comparison/dior/clean/seed_42/0f98a48/methods/D/eval_full_clean_student_ids_v1/class_ap.txt
DIOR,clean,D,42,student,baseballfield,0.51,printed class_ap.txt (typically 3 decimals),,,complete,/mnt/shared/zechuan/iraod_artifacts/comparison/dior/clean/seed_42/0f98a48/methods/D/eval_full_clean_student_ids_v1/class_ap.txt
DIOR,clean,D,42,student,basketballcourt,0.331,printed class_ap.txt (typically 3 decimals),,,complete,/mnt/shared/zechuan/iraod_artifacts/comparison/dior/clean/seed_42/0f98a48/methods/D/eval_full_clean_student_ids_v1/class_ap.txt
DIOR,clean,D,42,student,bridge,0.052,printed class_ap.txt (typically 3 decimals),,,complete,/mnt/shared/zechuan/iraod_artifacts/comparison/dior/clean/seed_42/0f98a48/methods/D/eval_full_clean_student_ids_v1/class_ap.txt
DIOR,clean,D,42,student,chimney,0.318,printed class_ap.txt (typically 3 decimals),,,complete,/mnt/shared/zechuan/iraod_artifacts/comparison/dior/clean/seed_42/0f98a48/methods/D/eval_full_clean_student_ids_v1/class_ap.txt
DIOR,clean,D,42,student,expressway-service-area,0.246,printed class_ap.txt (typically 3 decimals),,,complete,/mnt/shared/zechuan/iraod_artifacts/comparison/dior/clean/seed_42/0f98a48/methods/D/eval_full_clean_student_ids_v1/class_ap.txt
DIOR,clean,D,42,student,expressway-toll-station,0.147,printed class_ap.txt (typically 3 decimals),,,complete,/mnt/shared/zechuan/iraod_artifacts/comparison/dior/clean/seed_42/0f98a48/methods/D/eval_full_clean_student_ids_v1/class_ap.txt
DIOR,clean,D,42,student,dam,0.045,printed class_ap.txt (typically 3 decimals),,,complete,/mnt/shared/zechuan/iraod_artifacts/comparison/dior/clean/seed_42/0f98a48/methods/D/eval_full_clean_student_ids_v1/class_ap.txt
DIOR,clean,D,42,student,golffield,0.057,printed class_ap.txt (typically 3 decimals),,,complete,/mnt/shared/zechuan/iraod_artifacts/comparison/dior/clean/seed_42/0f98a48/methods/D/eval_full_clean_student_ids_v1/class_ap.txt
DIOR,clean,D,42,student,groundtrackfield,0.216,printed class_ap.txt (typically 3 decimals),,,complete,/mnt/shared/zechuan/iraod_artifacts/comparison/dior/clean/seed_42/0f98a48/methods/D/eval_full_clean_student_ids_v1/class_ap.txt
DIOR,clean,D,42,student,harbor,0.023,printed class_ap.txt (typically 3 decimals),,,complete,/mnt/shared/zechuan/iraod_artifacts/comparison/dior/clean/seed_42/0f98a48/methods/D/eval_full_clean_student_ids_v1/class_ap.txt
DIOR,clean,D,42,student,overpass,0.091,printed class_ap.txt (typically 3 decimals),,,complete,/mnt/shared/zechuan/iraod_artifacts/comparison/dior/clean/seed_42/0f98a48/methods/D/eval_full_clean_student_ids_v1/class_ap.txt
DIOR,clean,D,42,student,ship,0.444,printed class_ap.txt (typically 3 decimals),,,complete,/mnt/shared/zechuan/iraod_artifacts/comparison/dior/clean/seed_42/0f98a48/methods/D/eval_full_clean_student_ids_v1/class_ap.txt
DIOR,clean,D,42,student,stadium,0.276,printed class_ap.txt (typically 3 decimals),,,complete,/mnt/shared/zechuan/iraod_artifacts/comparison/dior/clean/seed_42/0f98a48/methods/D/eval_full_clean_student_ids_v1/class_ap.txt
DIOR,clean,D,42,student,storagetank,0.312,printed class_ap.txt (typically 3 decimals),,,complete,/mnt/shared/zechuan/iraod_artifacts/comparison/dior/clean/seed_42/0f98a48/methods/D/eval_full_clean_student_ids_v1/class_ap.txt
DIOR,clean,D,42,student,tenniscourt,0.588,printed class_ap.txt (typically 3 decimals),,,complete,/mnt/shared/zechuan/iraod_artifacts/comparison/dior/clean/seed_42/0f98a48/methods/D/eval_full_clean_student_ids_v1/class_ap.txt
DIOR,clean,D,42,student,trainstation,0.092,printed class_ap.txt (typically 3 decimals),,,complete,/mnt/shared/zechuan/iraod_artifacts/comparison/dior/clean/seed_42/0f98a48/methods/D/eval_full_clean_student_ids_v1/class_ap.txt
DIOR,clean,D,42,student,vehicle,0.179,printed class_ap.txt (typically 3 decimals),,,complete,/mnt/shared/zechuan/iraod_artifacts/comparison/dior/clean/seed_42/0f98a48/methods/D/eval_full_clean_student_ids_v1/class_ap.txt
DIOR,clean,D,42,student,windmill,0.132,printed class_ap.txt (typically 3 decimals),,,complete,/mnt/shared/zechuan/iraod_artifacts/comparison/dior/clean/seed_42/0f98a48/methods/D/eval_full_clean_student_ids_v1/class_ap.txt
DIOR,clean,D,43,student,airplane,0.325,printed class_ap.txt (typically 3 decimals),,,complete,/mnt/shared/zechuan/iraod_artifacts/comparison/dior/clean/seed_43/0f98a48/methods/D/eval_full_clean_student_ids_v1/class_ap.txt
DIOR,clean,D,43,student,airport,0.0,printed class_ap.txt (typically 3 decimals),,,complete,/mnt/shared/zechuan/iraod_artifacts/comparison/dior/clean/seed_43/0f98a48/methods/D/eval_full_clean_student_ids_v1/class_ap.txt
DIOR,clean,D,43,student,baseballfield,0.517,printed class_ap.txt (typically 3 decimals),,,complete,/mnt/shared/zechuan/iraod_artifacts/comparison/dior/clean/seed_43/0f98a48/methods/D/eval_full_clean_student_ids_v1/class_ap.txt
DIOR,clean,D,43,student,basketballcourt,0.253,printed class_ap.txt (typically 3 decimals),,,complete,/mnt/shared/zechuan/iraod_artifacts/comparison/dior/clean/seed_43/0f98a48/methods/D/eval_full_clean_student_ids_v1/class_ap.txt
DIOR,clean,D,43,student,bridge,0.045,printed class_ap.txt (typically 3 decimals),,,complete,/mnt/shared/zechuan/iraod_artifacts/comparison/dior/clean/seed_43/0f98a48/methods/D/eval_full_clean_student_ids_v1/class_ap.txt
DIOR,clean,D,43,student,chimney,0.251,printed class_ap.txt (typically 3 decimals),,,complete,/mnt/shared/zechuan/iraod_artifacts/comparison/dior/clean/seed_43/0f98a48/methods/D/eval_full_clean_student_ids_v1/class_ap.txt
DIOR,clean,D,43,student,expressway-service-area,0.225,printed class_ap.txt (typically 3 decimals),,,complete,/mnt/shared/zechuan/iraod_artifacts/comparison/dior/clean/seed_43/0f98a48/methods/D/eval_full_clean_student_ids_v1/class_ap.txt
DIOR,clean,D,43,student,expressway-toll-station,0.141,printed class_ap.txt (typically 3 decimals),,,complete,/mnt/shared/zechuan/iraod_artifacts/comparison/dior/clean/seed_43/0f98a48/methods/D/eval_full_clean_student_ids_v1/class_ap.txt
DIOR,clean,D,43,student,dam,0.045,printed class_ap.txt (typically 3 decimals),,,complete,/mnt/shared/zechuan/iraod_artifacts/comparison/dior/clean/seed_43/0f98a48/methods/D/eval_full_clean_student_ids_v1/class_ap.txt
DIOR,clean,D,43,student,golffield,0.073,printed class_ap.txt (typically 3 decimals),,,complete,/mnt/shared/zechuan/iraod_artifacts/comparison/dior/clean/seed_43/0f98a48/methods/D/eval_full_clean_student_ids_v1/class_ap.txt
DIOR,clean,D,43,student,groundtrackfield,0.166,printed class_ap.txt (typically 3 decimals),,,complete,/mnt/shared/zechuan/iraod_artifacts/comparison/dior/clean/seed_43/0f98a48/methods/D/eval_full_clean_student_ids_v1/class_ap.txt
DIOR,clean,D,43,student,harbor,0.045,printed class_ap.txt (typically 3 decimals),,,complete,/mnt/shared/zechuan/iraod_artifacts/comparison/dior/clean/seed_43/0f98a48/methods/D/eval_full_clean_student_ids_v1/class_ap.txt
DIOR,clean,D,43,student,overpass,0.091,printed class_ap.txt (typically 3 decimals),,,complete,/mnt/shared/zechuan/iraod_artifacts/comparison/dior/clean/seed_43/0f98a48/methods/D/eval_full_clean_student_ids_v1/class_ap.txt
DIOR,clean,D,43,student,ship,0.451,printed class_ap.txt (typically 3 decimals),,,complete,/mnt/shared/zechuan/iraod_artifacts/comparison/dior/clean/seed_43/0f98a48/methods/D/eval_full_clean_student_ids_v1/class_ap.txt
DIOR,clean,D,43,student,stadium,0.278,printed class_ap.txt (typically 3 decimals),,,complete,/mnt/shared/zechuan/iraod_artifacts/comparison/dior/clean/seed_43/0f98a48/methods/D/eval_full_clean_student_ids_v1/class_ap.txt
DIOR,clean,D,43,student,storagetank,0.32,printed class_ap.txt (typically 3 decimals),,,complete,/mnt/shared/zechuan/iraod_artifacts/comparison/dior/clean/seed_43/0f98a48/methods/D/eval_full_clean_student_ids_v1/class_ap.txt
DIOR,clean,D,43,student,tenniscourt,0.532,printed class_ap.txt (typically 3 decimals),,,complete,/mnt/shared/zechuan/iraod_artifacts/comparison/dior/clean/seed_43/0f98a48/methods/D/eval_full_clean_student_ids_v1/class_ap.txt
DIOR,clean,D,43,student,trainstation,0.074,printed class_ap.txt (typically 3 decimals),,,complete,/mnt/shared/zechuan/iraod_artifacts/comparison/dior/clean/seed_43/0f98a48/methods/D/eval_full_clean_student_ids_v1/class_ap.txt
DIOR,clean,D,43,student,vehicle,0.18,printed class_ap.txt (typically 3 decimals),,,complete,/mnt/shared/zechuan/iraod_artifacts/comparison/dior/clean/seed_43/0f98a48/methods/D/eval_full_clean_student_ids_v1/class_ap.txt
DIOR,clean,D,43,student,windmill,0.136,printed class_ap.txt (typically 3 decimals),,,complete,/mnt/shared/zechuan/iraod_artifacts/comparison/dior/clean/seed_43/0f98a48/methods/D/eval_full_clean_student_ids_v1/class_ap.txt
DIOR,clean,D,44,student,airplane,0.242,printed class_ap.txt (typically 3 decimals),,,complete,/mnt/shared/zechuan/iraod_artifacts/comparison/dior/clean/seed_44/0f98a48/methods/D/eval_full_clean_student_ids_v1/class_ap.txt
DIOR,clean,D,44,student,airport,0.0,printed class_ap.txt (typically 3 decimals),,,complete,/mnt/shared/zechuan/iraod_artifacts/comparison/dior/clean/seed_44/0f98a48/methods/D/eval_full_clean_student_ids_v1/class_ap.txt
DIOR,clean,D,44,student,baseballfield,0.506,printed class_ap.txt (typically 3 decimals),,,complete,/mnt/shared/zechuan/iraod_artifacts/comparison/dior/clean/seed_44/0f98a48/methods/D/eval_full_clean_student_ids_v1/class_ap.txt
DIOR,clean,D,44,student,basketballcourt,0.346,printed class_ap.txt (typically 3 decimals),,,complete,/mnt/shared/zechuan/iraod_artifacts/comparison/dior/clean/seed_44/0f98a48/methods/D/eval_full_clean_student_ids_v1/class_ap.txt
DIOR,clean,D,44,student,bridge,0.041,printed class_ap.txt (typically 3 decimals),,,complete,/mnt/shared/zechuan/iraod_artifacts/comparison/dior/clean/seed_44/0f98a48/methods/D/eval_full_clean_student_ids_v1/class_ap.txt
DIOR,clean,D,44,student,chimney,0.249,printed class_ap.txt (typically 3 decimals),,,complete,/mnt/shared/zechuan/iraod_artifacts/comparison/dior/clean/seed_44/0f98a48/methods/D/eval_full_clean_student_ids_v1/class_ap.txt
DIOR,clean,D,44,student,expressway-service-area,0.192,printed class_ap.txt (typically 3 decimals),,,complete,/mnt/shared/zechuan/iraod_artifacts/comparison/dior/clean/seed_44/0f98a48/methods/D/eval_full_clean_student_ids_v1/class_ap.txt
DIOR,clean,D,44,student,expressway-toll-station,0.091,printed class_ap.txt (typically 3 decimals),,,complete,/mnt/shared/zechuan/iraod_artifacts/comparison/dior/clean/seed_44/0f98a48/methods/D/eval_full_clean_student_ids_v1/class_ap.txt
DIOR,clean,D,44,student,dam,0.091,printed class_ap.txt (typically 3 decimals),,,complete,/mnt/shared/zechuan/iraod_artifacts/comparison/dior/clean/seed_44/0f98a48/methods/D/eval_full_clean_student_ids_v1/class_ap.txt
DIOR,clean,D,44,student,golffield,0.091,printed class_ap.txt (typically 3 decimals),,,complete,/mnt/shared/zechuan/iraod_artifacts/comparison/dior/clean/seed_44/0f98a48/methods/D/eval_full_clean_student_ids_v1/class_ap.txt
DIOR,clean,D,44,student,groundtrackfield,0.218,printed class_ap.txt (typically 3 decimals),,,complete,/mnt/shared/zechuan/iraod_artifacts/comparison/dior/clean/seed_44/0f98a48/methods/D/eval_full_clean_student_ids_v1/class_ap.txt
DIOR,clean,D,44,student,harbor,0.016,printed class_ap.txt (typically 3 decimals),,,complete,/mnt/shared/zechuan/iraod_artifacts/comparison/dior/clean/seed_44/0f98a48/methods/D/eval_full_clean_student_ids_v1/class_ap.txt
DIOR,clean,D,44,student,overpass,0.091,printed class_ap.txt (typically 3 decimals),,,complete,/mnt/shared/zechuan/iraod_artifacts/comparison/dior/clean/seed_44/0f98a48/methods/D/eval_full_clean_student_ids_v1/class_ap.txt
DIOR,clean,D,44,student,ship,0.359,printed class_ap.txt (typically 3 decimals),,,complete,/mnt/shared/zechuan/iraod_artifacts/comparison/dior/clean/seed_44/0f98a48/methods/D/eval_full_clean_student_ids_v1/class_ap.txt
DIOR,clean,D,44,student,stadium,0.233,printed class_ap.txt (typically 3 decimals),,,complete,/mnt/shared/zechuan/iraod_artifacts/comparison/dior/clean/seed_44/0f98a48/methods/D/eval_full_clean_student_ids_v1/class_ap.txt
DIOR,clean,D,44,student,storagetank,0.328,printed class_ap.txt (typically 3 decimals),,,complete,/mnt/shared/zechuan/iraod_artifacts/comparison/dior/clean/seed_44/0f98a48/methods/D/eval_full_clean_student_ids_v1/class_ap.txt
DIOR,clean,D,44,student,tenniscourt,0.58,printed class_ap.txt (typically 3 decimals),,,complete,/mnt/shared/zechuan/iraod_artifacts/comparison/dior/clean/seed_44/0f98a48/methods/D/eval_full_clean_student_ids_v1/class_ap.txt
DIOR,clean,D,44,student,trainstation,0.055,printed class_ap.txt (typically 3 decimals),,,complete,/mnt/shared/zechuan/iraod_artifacts/comparison/dior/clean/seed_44/0f98a48/methods/D/eval_full_clean_student_ids_v1/class_ap.txt
DIOR,clean,D,44,student,vehicle,0.179,printed class_ap.txt (typically 3 decimals),,,complete,/mnt/shared/zechuan/iraod_artifacts/comparison/dior/clean/seed_44/0f98a48/methods/D/eval_full_clean_student_ids_v1/class_ap.txt
DIOR,clean,D,44,student,windmill,0.068,printed class_ap.txt (typically 3 decimals),,,complete,/mnt/shared/zechuan/iraod_artifacts/comparison/dior/clean/seed_44/0f98a48/methods/D/eval_full_clean_student_ids_v1/class_ap.txt
DIOR,clean,E,42,student,airplane,0.462,printed class_ap.txt (typically 3 decimals),,,complete,/mnt/shared/zechuan/iraod_artifacts/comparison/dior/clean/seed_42/0f98a48/methods/E/ddp2/eval_full_clean_student_ids_v1/class_ap.txt
DIOR,clean,E,42,student,airport,0.014,printed class_ap.txt (typically 3 decimals),,,complete,/mnt/shared/zechuan/iraod_artifacts/comparison/dior/clean/seed_42/0f98a48/methods/E/ddp2/eval_full_clean_student_ids_v1/class_ap.txt
DIOR,clean,E,42,student,baseballfield,0.515,printed class_ap.txt (typically 3 decimals),,,complete,/mnt/shared/zechuan/iraod_artifacts/comparison/dior/clean/seed_42/0f98a48/methods/E/ddp2/eval_full_clean_student_ids_v1/class_ap.txt
DIOR,clean,E,42,student,basketballcourt,0.33,printed class_ap.txt (typically 3 decimals),,,complete,/mnt/shared/zechuan/iraod_artifacts/comparison/dior/clean/seed_42/0f98a48/methods/E/ddp2/eval_full_clean_student_ids_v1/class_ap.txt
DIOR,clean,E,42,student,bridge,0.063,printed class_ap.txt (typically 3 decimals),,,complete,/mnt/shared/zechuan/iraod_artifacts/comparison/dior/clean/seed_42/0f98a48/methods/E/ddp2/eval_full_clean_student_ids_v1/class_ap.txt
DIOR,clean,E,42,student,chimney,0.403,printed class_ap.txt (typically 3 decimals),,,complete,/mnt/shared/zechuan/iraod_artifacts/comparison/dior/clean/seed_42/0f98a48/methods/E/ddp2/eval_full_clean_student_ids_v1/class_ap.txt
DIOR,clean,E,42,student,expressway-service-area,0.234,printed class_ap.txt (typically 3 decimals),,,complete,/mnt/shared/zechuan/iraod_artifacts/comparison/dior/clean/seed_42/0f98a48/methods/E/ddp2/eval_full_clean_student_ids_v1/class_ap.txt
DIOR,clean,E,42,student,expressway-toll-station,0.16,printed class_ap.txt (typically 3 decimals),,,complete,/mnt/shared/zechuan/iraod_artifacts/comparison/dior/clean/seed_42/0f98a48/methods/E/ddp2/eval_full_clean_student_ids_v1/class_ap.txt
DIOR,clean,E,42,student,dam,0.045,printed class_ap.txt (typically 3 decimals),,,complete,/mnt/shared/zechuan/iraod_artifacts/comparison/dior/clean/seed_42/0f98a48/methods/E/ddp2/eval_full_clean_student_ids_v1/class_ap.txt
DIOR,clean,E,42,student,golffield,0.259,printed class_ap.txt (typically 3 decimals),,,complete,/mnt/shared/zechuan/iraod_artifacts/comparison/dior/clean/seed_42/0f98a48/methods/E/ddp2/eval_full_clean_student_ids_v1/class_ap.txt
DIOR,clean,E,42,student,groundtrackfield,0.226,printed class_ap.txt (typically 3 decimals),,,complete,/mnt/shared/zechuan/iraod_artifacts/comparison/dior/clean/seed_42/0f98a48/methods/E/ddp2/eval_full_clean_student_ids_v1/class_ap.txt
DIOR,clean,E,42,student,harbor,0.059,printed class_ap.txt (typically 3 decimals),,,complete,/mnt/shared/zechuan/iraod_artifacts/comparison/dior/clean/seed_42/0f98a48/methods/E/ddp2/eval_full_clean_student_ids_v1/class_ap.txt
DIOR,clean,E,42,student,overpass,0.158,printed class_ap.txt (typically 3 decimals),,,complete,/mnt/shared/zechuan/iraod_artifacts/comparison/dior/clean/seed_42/0f98a48/methods/E/ddp2/eval_full_clean_student_ids_v1/class_ap.txt
DIOR,clean,E,42,student,ship,0.667,printed class_ap.txt (typically 3 decimals),,,complete,/mnt/shared/zechuan/iraod_artifacts/comparison/dior/clean/seed_42/0f98a48/methods/E/ddp2/eval_full_clean_student_ids_v1/class_ap.txt
DIOR,clean,E,42,student,stadium,0.256,printed class_ap.txt (typically 3 decimals),,,complete,/mnt/shared/zechuan/iraod_artifacts/comparison/dior/clean/seed_42/0f98a48/methods/E/ddp2/eval_full_clean_student_ids_v1/class_ap.txt
DIOR,clean,E,42,student,storagetank,0.428,printed class_ap.txt (typically 3 decimals),,,complete,/mnt/shared/zechuan/iraod_artifacts/comparison/dior/clean/seed_42/0f98a48/methods/E/ddp2/eval_full_clean_student_ids_v1/class_ap.txt
DIOR,clean,E,42,student,tenniscourt,0.607,printed class_ap.txt (typically 3 decimals),,,complete,/mnt/shared/zechuan/iraod_artifacts/comparison/dior/clean/seed_42/0f98a48/methods/E/ddp2/eval_full_clean_student_ids_v1/class_ap.txt
DIOR,clean,E,42,student,trainstation,0.127,printed class_ap.txt (typically 3 decimals),,,complete,/mnt/shared/zechuan/iraod_artifacts/comparison/dior/clean/seed_42/0f98a48/methods/E/ddp2/eval_full_clean_student_ids_v1/class_ap.txt
DIOR,clean,E,42,student,vehicle,0.283,printed class_ap.txt (typically 3 decimals),,,complete,/mnt/shared/zechuan/iraod_artifacts/comparison/dior/clean/seed_42/0f98a48/methods/E/ddp2/eval_full_clean_student_ids_v1/class_ap.txt
DIOR,clean,E,42,student,windmill,0.177,printed class_ap.txt (typically 3 decimals),,,complete,/mnt/shared/zechuan/iraod_artifacts/comparison/dior/clean/seed_42/0f98a48/methods/E/ddp2/eval_full_clean_student_ids_v1/class_ap.txt
DIOR,clean,E,43,student,airplane,0.385,printed class_ap.txt (typically 3 decimals),,,complete,/mnt/shared/zechuan/iraod_artifacts/comparison/dior/clean/seed_43/0f98a48/methods/E/ddp2/eval_full_clean_student_ids_v1/class_ap.txt
DIOR,clean,E,43,student,airport,0.012,printed class_ap.txt (typically 3 decimals),,,complete,/mnt/shared/zechuan/iraod_artifacts/comparison/dior/clean/seed_43/0f98a48/methods/E/ddp2/eval_full_clean_student_ids_v1/class_ap.txt
DIOR,clean,E,43,student,baseballfield,0.519,printed class_ap.txt (typically 3 decimals),,,complete,/mnt/shared/zechuan/iraod_artifacts/comparison/dior/clean/seed_43/0f98a48/methods/E/ddp2/eval_full_clean_student_ids_v1/class_ap.txt
DIOR,clean,E,43,student,basketballcourt,0.274,printed class_ap.txt (typically 3 decimals),,,complete,/mnt/shared/zechuan/iraod_artifacts/comparison/dior/clean/seed_43/0f98a48/methods/E/ddp2/eval_full_clean_student_ids_v1/class_ap.txt
DIOR,clean,E,43,student,bridge,0.049,printed class_ap.txt (typically 3 decimals),,,complete,/mnt/shared/zechuan/iraod_artifacts/comparison/dior/clean/seed_43/0f98a48/methods/E/ddp2/eval_full_clean_student_ids_v1/class_ap.txt
DIOR,clean,E,43,student,chimney,0.335,printed class_ap.txt (typically 3 decimals),,,complete,/mnt/shared/zechuan/iraod_artifacts/comparison/dior/clean/seed_43/0f98a48/methods/E/ddp2/eval_full_clean_student_ids_v1/class_ap.txt
DIOR,clean,E,43,student,expressway-service-area,0.233,printed class_ap.txt (typically 3 decimals),,,complete,/mnt/shared/zechuan/iraod_artifacts/comparison/dior/clean/seed_43/0f98a48/methods/E/ddp2/eval_full_clean_student_ids_v1/class_ap.txt
DIOR,clean,E,43,student,expressway-toll-station,0.149,printed class_ap.txt (typically 3 decimals),,,complete,/mnt/shared/zechuan/iraod_artifacts/comparison/dior/clean/seed_43/0f98a48/methods/E/ddp2/eval_full_clean_student_ids_v1/class_ap.txt
DIOR,clean,E,43,student,dam,0.091,printed class_ap.txt (typically 3 decimals),,,complete,/mnt/shared/zechuan/iraod_artifacts/comparison/dior/clean/seed_43/0f98a48/methods/E/ddp2/eval_full_clean_student_ids_v1/class_ap.txt
DIOR,clean,E,43,student,golffield,0.219,printed class_ap.txt (typically 3 decimals),,,complete,/mnt/shared/zechuan/iraod_artifacts/comparison/dior/clean/seed_43/0f98a48/methods/E/ddp2/eval_full_clean_student_ids_v1/class_ap.txt
DIOR,clean,E,43,student,groundtrackfield,0.216,printed class_ap.txt (typically 3 decimals),,,complete,/mnt/shared/zechuan/iraod_artifacts/comparison/dior/clean/seed_43/0f98a48/methods/E/ddp2/eval_full_clean_student_ids_v1/class_ap.txt
DIOR,clean,E,43,student,harbor,0.091,printed class_ap.txt (typically 3 decimals),,,complete,/mnt/shared/zechuan/iraod_artifacts/comparison/dior/clean/seed_43/0f98a48/methods/E/ddp2/eval_full_clean_student_ids_v1/class_ap.txt
DIOR,clean,E,43,student,overpass,0.132,printed class_ap.txt (typically 3 decimals),,,complete,/mnt/shared/zechuan/iraod_artifacts/comparison/dior/clean/seed_43/0f98a48/methods/E/ddp2/eval_full_clean_student_ids_v1/class_ap.txt
DIOR,clean,E,43,student,ship,0.68,printed class_ap.txt (typically 3 decimals),,,complete,/mnt/shared/zechuan/iraod_artifacts/comparison/dior/clean/seed_43/0f98a48/methods/E/ddp2/eval_full_clean_student_ids_v1/class_ap.txt
DIOR,clean,E,43,student,stadium,0.229,printed class_ap.txt (typically 3 decimals),,,complete,/mnt/shared/zechuan/iraod_artifacts/comparison/dior/clean/seed_43/0f98a48/methods/E/ddp2/eval_full_clean_student_ids_v1/class_ap.txt
DIOR,clean,E,43,student,storagetank,0.39,printed class_ap.txt (typically 3 decimals),,,complete,/mnt/shared/zechuan/iraod_artifacts/comparison/dior/clean/seed_43/0f98a48/methods/E/ddp2/eval_full_clean_student_ids_v1/class_ap.txt
DIOR,clean,E,43,student,tenniscourt,0.592,printed class_ap.txt (typically 3 decimals),,,complete,/mnt/shared/zechuan/iraod_artifacts/comparison/dior/clean/seed_43/0f98a48/methods/E/ddp2/eval_full_clean_student_ids_v1/class_ap.txt
DIOR,clean,E,43,student,trainstation,0.085,printed class_ap.txt (typically 3 decimals),,,complete,/mnt/shared/zechuan/iraod_artifacts/comparison/dior/clean/seed_43/0f98a48/methods/E/ddp2/eval_full_clean_student_ids_v1/class_ap.txt
DIOR,clean,E,43,student,vehicle,0.285,printed class_ap.txt (typically 3 decimals),,,complete,/mnt/shared/zechuan/iraod_artifacts/comparison/dior/clean/seed_43/0f98a48/methods/E/ddp2/eval_full_clean_student_ids_v1/class_ap.txt
DIOR,clean,E,43,student,windmill,0.124,printed class_ap.txt (typically 3 decimals),,,complete,/mnt/shared/zechuan/iraod_artifacts/comparison/dior/clean/seed_43/0f98a48/methods/E/ddp2/eval_full_clean_student_ids_v1/class_ap.txt
DIOR,clean,E,44,student,airplane,0.445,printed class_ap.txt (typically 3 decimals),,,complete,/mnt/shared/zechuan/iraod_artifacts/comparison/dior/clean/seed_44/0f98a48/methods/E/ddp2/eval_full_clean_student_ids_v1/class_ap.txt
DIOR,clean,E,44,student,airport,0.009,printed class_ap.txt (typically 3 decimals),,,complete,/mnt/shared/zechuan/iraod_artifacts/comparison/dior/clean/seed_44/0f98a48/methods/E/ddp2/eval_full_clean_student_ids_v1/class_ap.txt
DIOR,clean,E,44,student,baseballfield,0.517,printed class_ap.txt (typically 3 decimals),,,complete,/mnt/shared/zechuan/iraod_artifacts/comparison/dior/clean/seed_44/0f98a48/methods/E/ddp2/eval_full_clean_student_ids_v1/class_ap.txt
DIOR,clean,E,44,student,basketballcourt,0.309,printed class_ap.txt (typically 3 decimals),,,complete,/mnt/shared/zechuan/iraod_artifacts/comparison/dior/clean/seed_44/0f98a48/methods/E/ddp2/eval_full_clean_student_ids_v1/class_ap.txt
DIOR,clean,E,44,student,bridge,0.048,printed class_ap.txt (typically 3 decimals),,,complete,/mnt/shared/zechuan/iraod_artifacts/comparison/dior/clean/seed_44/0f98a48/methods/E/ddp2/eval_full_clean_student_ids_v1/class_ap.txt
DIOR,clean,E,44,student,chimney,0.383,printed class_ap.txt (typically 3 decimals),,,complete,/mnt/shared/zechuan/iraod_artifacts/comparison/dior/clean/seed_44/0f98a48/methods/E/ddp2/eval_full_clean_student_ids_v1/class_ap.txt
DIOR,clean,E,44,student,expressway-service-area,0.251,printed class_ap.txt (typically 3 decimals),,,complete,/mnt/shared/zechuan/iraod_artifacts/comparison/dior/clean/seed_44/0f98a48/methods/E/ddp2/eval_full_clean_student_ids_v1/class_ap.txt
DIOR,clean,E,44,student,expressway-toll-station,0.144,printed class_ap.txt (typically 3 decimals),,,complete,/mnt/shared/zechuan/iraod_artifacts/comparison/dior/clean/seed_44/0f98a48/methods/E/ddp2/eval_full_clean_student_ids_v1/class_ap.txt
DIOR,clean,E,44,student,dam,0.091,printed class_ap.txt (typically 3 decimals),,,complete,/mnt/shared/zechuan/iraod_artifacts/comparison/dior/clean/seed_44/0f98a48/methods/E/ddp2/eval_full_clean_student_ids_v1/class_ap.txt
DIOR,clean,E,44,student,golffield,0.231,printed class_ap.txt (typically 3 decimals),,,complete,/mnt/shared/zechuan/iraod_artifacts/comparison/dior/clean/seed_44/0f98a48/methods/E/ddp2/eval_full_clean_student_ids_v1/class_ap.txt
DIOR,clean,E,44,student,groundtrackfield,0.223,printed class_ap.txt (typically 3 decimals),,,complete,/mnt/shared/zechuan/iraod_artifacts/comparison/dior/clean/seed_44/0f98a48/methods/E/ddp2/eval_full_clean_student_ids_v1/class_ap.txt
DIOR,clean,E,44,student,harbor,0.061,printed class_ap.txt (typically 3 decimals),,,complete,/mnt/shared/zechuan/iraod_artifacts/comparison/dior/clean/seed_44/0f98a48/methods/E/ddp2/eval_full_clean_student_ids_v1/class_ap.txt
DIOR,clean,E,44,student,overpass,0.141,printed class_ap.txt (typically 3 decimals),,,complete,/mnt/shared/zechuan/iraod_artifacts/comparison/dior/clean/seed_44/0f98a48/methods/E/ddp2/eval_full_clean_student_ids_v1/class_ap.txt
DIOR,clean,E,44,student,ship,0.659,printed class_ap.txt (typically 3 decimals),,,complete,/mnt/shared/zechuan/iraod_artifacts/comparison/dior/clean/seed_44/0f98a48/methods/E/ddp2/eval_full_clean_student_ids_v1/class_ap.txt
DIOR,clean,E,44,student,stadium,0.264,printed class_ap.txt (typically 3 decimals),,,complete,/mnt/shared/zechuan/iraod_artifacts/comparison/dior/clean/seed_44/0f98a48/methods/E/ddp2/eval_full_clean_student_ids_v1/class_ap.txt
DIOR,clean,E,44,student,storagetank,0.436,printed class_ap.txt (typically 3 decimals),,,complete,/mnt/shared/zechuan/iraod_artifacts/comparison/dior/clean/seed_44/0f98a48/methods/E/ddp2/eval_full_clean_student_ids_v1/class_ap.txt
DIOR,clean,E,44,student,tenniscourt,0.609,printed class_ap.txt (typically 3 decimals),,,complete,/mnt/shared/zechuan/iraod_artifacts/comparison/dior/clean/seed_44/0f98a48/methods/E/ddp2/eval_full_clean_student_ids_v1/class_ap.txt
DIOR,clean,E,44,student,trainstation,0.13,printed class_ap.txt (typically 3 decimals),,,complete,/mnt/shared/zechuan/iraod_artifacts/comparison/dior/clean/seed_44/0f98a48/methods/E/ddp2/eval_full_clean_student_ids_v1/class_ap.txt
DIOR,clean,E,44,student,vehicle,0.277,printed class_ap.txt (typically 3 decimals),,,complete,/mnt/shared/zechuan/iraod_artifacts/comparison/dior/clean/seed_44/0f98a48/methods/E/ddp2/eval_full_clean_student_ids_v1/class_ap.txt
DIOR,clean,E,44,student,windmill,0.172,printed class_ap.txt (typically 3 decimals),,,complete,/mnt/shared/zechuan/iraod_artifacts/comparison/dior/clean/seed_44/0f98a48/methods/E/ddp2/eval_full_clean_student_ids_v1/class_ap.txt
DIOR,clean,F,42,student,airplane,0.245,printed class_ap.txt (typically 3 decimals),,,complete,/mnt/shared/zechuan/iraod_artifacts/comparison/dior/clean/seed_42/0f98a48/methods/F/ddp2/eval_full_clean_student_ids_v1/class_ap.txt
DIOR,clean,F,42,student,airport,0.0,printed class_ap.txt (typically 3 decimals),,,complete,/mnt/shared/zechuan/iraod_artifacts/comparison/dior/clean/seed_42/0f98a48/methods/F/ddp2/eval_full_clean_student_ids_v1/class_ap.txt
DIOR,clean,F,42,student,baseballfield,0.483,printed class_ap.txt (typically 3 decimals),,,complete,/mnt/shared/zechuan/iraod_artifacts/comparison/dior/clean/seed_42/0f98a48/methods/F/ddp2/eval_full_clean_student_ids_v1/class_ap.txt
DIOR,clean,F,42,student,basketballcourt,0.309,printed class_ap.txt (typically 3 decimals),,,complete,/mnt/shared/zechuan/iraod_artifacts/comparison/dior/clean/seed_42/0f98a48/methods/F/ddp2/eval_full_clean_student_ids_v1/class_ap.txt
DIOR,clean,F,42,student,bridge,0.057,printed class_ap.txt (typically 3 decimals),,,complete,/mnt/shared/zechuan/iraod_artifacts/comparison/dior/clean/seed_42/0f98a48/methods/F/ddp2/eval_full_clean_student_ids_v1/class_ap.txt
DIOR,clean,F,42,student,chimney,0.256,printed class_ap.txt (typically 3 decimals),,,complete,/mnt/shared/zechuan/iraod_artifacts/comparison/dior/clean/seed_42/0f98a48/methods/F/ddp2/eval_full_clean_student_ids_v1/class_ap.txt
DIOR,clean,F,42,student,expressway-service-area,0.211,printed class_ap.txt (typically 3 decimals),,,complete,/mnt/shared/zechuan/iraod_artifacts/comparison/dior/clean/seed_42/0f98a48/methods/F/ddp2/eval_full_clean_student_ids_v1/class_ap.txt
DIOR,clean,F,42,student,expressway-toll-station,0.14,printed class_ap.txt (typically 3 decimals),,,complete,/mnt/shared/zechuan/iraod_artifacts/comparison/dior/clean/seed_42/0f98a48/methods/F/ddp2/eval_full_clean_student_ids_v1/class_ap.txt
DIOR,clean,F,42,student,dam,0.091,printed class_ap.txt (typically 3 decimals),,,complete,/mnt/shared/zechuan/iraod_artifacts/comparison/dior/clean/seed_42/0f98a48/methods/F/ddp2/eval_full_clean_student_ids_v1/class_ap.txt
DIOR,clean,F,42,student,golffield,0.045,printed class_ap.txt (typically 3 decimals),,,complete,/mnt/shared/zechuan/iraod_artifacts/comparison/dior/clean/seed_42/0f98a48/methods/F/ddp2/eval_full_clean_student_ids_v1/class_ap.txt
DIOR,clean,F,42,student,groundtrackfield,0.22,printed class_ap.txt (typically 3 decimals),,,complete,/mnt/shared/zechuan/iraod_artifacts/comparison/dior/clean/seed_42/0f98a48/methods/F/ddp2/eval_full_clean_student_ids_v1/class_ap.txt
DIOR,clean,F,42,student,harbor,0.012,printed class_ap.txt (typically 3 decimals),,,complete,/mnt/shared/zechuan/iraod_artifacts/comparison/dior/clean/seed_42/0f98a48/methods/F/ddp2/eval_full_clean_student_ids_v1/class_ap.txt
DIOR,clean,F,42,student,overpass,0.091,printed class_ap.txt (typically 3 decimals),,,complete,/mnt/shared/zechuan/iraod_artifacts/comparison/dior/clean/seed_42/0f98a48/methods/F/ddp2/eval_full_clean_student_ids_v1/class_ap.txt
DIOR,clean,F,42,student,ship,0.357,printed class_ap.txt (typically 3 decimals),,,complete,/mnt/shared/zechuan/iraod_artifacts/comparison/dior/clean/seed_42/0f98a48/methods/F/ddp2/eval_full_clean_student_ids_v1/class_ap.txt
DIOR,clean,F,42,student,stadium,0.293,printed class_ap.txt (typically 3 decimals),,,complete,/mnt/shared/zechuan/iraod_artifacts/comparison/dior/clean/seed_42/0f98a48/methods/F/ddp2/eval_full_clean_student_ids_v1/class_ap.txt
DIOR,clean,F,42,student,storagetank,0.239,printed class_ap.txt (typically 3 decimals),,,complete,/mnt/shared/zechuan/iraod_artifacts/comparison/dior/clean/seed_42/0f98a48/methods/F/ddp2/eval_full_clean_student_ids_v1/class_ap.txt
DIOR,clean,F,42,student,tenniscourt,0.593,printed class_ap.txt (typically 3 decimals),,,complete,/mnt/shared/zechuan/iraod_artifacts/comparison/dior/clean/seed_42/0f98a48/methods/F/ddp2/eval_full_clean_student_ids_v1/class_ap.txt
DIOR,clean,F,42,student,trainstation,0.041,printed class_ap.txt (typically 3 decimals),,,complete,/mnt/shared/zechuan/iraod_artifacts/comparison/dior/clean/seed_42/0f98a48/methods/F/ddp2/eval_full_clean_student_ids_v1/class_ap.txt
DIOR,clean,F,42,student,vehicle,0.091,printed class_ap.txt (typically 3 decimals),,,complete,/mnt/shared/zechuan/iraod_artifacts/comparison/dior/clean/seed_42/0f98a48/methods/F/ddp2/eval_full_clean_student_ids_v1/class_ap.txt
DIOR,clean,F,42,student,windmill,0.091,printed class_ap.txt (typically 3 decimals),,,complete,/mnt/shared/zechuan/iraod_artifacts/comparison/dior/clean/seed_42/0f98a48/methods/F/ddp2/eval_full_clean_student_ids_v1/class_ap.txt
DIOR,clean,F,43,student,airplane,0.208,printed class_ap.txt (typically 3 decimals),,,complete,/mnt/shared/zechuan/iraod_artifacts/comparison/dior/clean/seed_43/0f98a48/methods/F/ddp2/eval_full_clean_student_ids_v1/class_ap.txt
DIOR,clean,F,43,student,airport,0.018,printed class_ap.txt (typically 3 decimals),,,complete,/mnt/shared/zechuan/iraod_artifacts/comparison/dior/clean/seed_43/0f98a48/methods/F/ddp2/eval_full_clean_student_ids_v1/class_ap.txt
DIOR,clean,F,43,student,baseballfield,0.493,printed class_ap.txt (typically 3 decimals),,,complete,/mnt/shared/zechuan/iraod_artifacts/comparison/dior/clean/seed_43/0f98a48/methods/F/ddp2/eval_full_clean_student_ids_v1/class_ap.txt
DIOR,clean,F,43,student,basketballcourt,0.311,printed class_ap.txt (typically 3 decimals),,,complete,/mnt/shared/zechuan/iraod_artifacts/comparison/dior/clean/seed_43/0f98a48/methods/F/ddp2/eval_full_clean_student_ids_v1/class_ap.txt
DIOR,clean,F,43,student,bridge,0.035,printed class_ap.txt (typically 3 decimals),,,complete,/mnt/shared/zechuan/iraod_artifacts/comparison/dior/clean/seed_43/0f98a48/methods/F/ddp2/eval_full_clean_student_ids_v1/class_ap.txt
DIOR,clean,F,43,student,chimney,0.256,printed class_ap.txt (typically 3 decimals),,,complete,/mnt/shared/zechuan/iraod_artifacts/comparison/dior/clean/seed_43/0f98a48/methods/F/ddp2/eval_full_clean_student_ids_v1/class_ap.txt
DIOR,clean,F,43,student,expressway-service-area,0.217,printed class_ap.txt (typically 3 decimals),,,complete,/mnt/shared/zechuan/iraod_artifacts/comparison/dior/clean/seed_43/0f98a48/methods/F/ddp2/eval_full_clean_student_ids_v1/class_ap.txt
DIOR,clean,F,43,student,expressway-toll-station,0.138,printed class_ap.txt (typically 3 decimals),,,complete,/mnt/shared/zechuan/iraod_artifacts/comparison/dior/clean/seed_43/0f98a48/methods/F/ddp2/eval_full_clean_student_ids_v1/class_ap.txt
DIOR,clean,F,43,student,dam,0.061,printed class_ap.txt (typically 3 decimals),,,complete,/mnt/shared/zechuan/iraod_artifacts/comparison/dior/clean/seed_43/0f98a48/methods/F/ddp2/eval_full_clean_student_ids_v1/class_ap.txt
DIOR,clean,F,43,student,golffield,0.091,printed class_ap.txt (typically 3 decimals),,,complete,/mnt/shared/zechuan/iraod_artifacts/comparison/dior/clean/seed_43/0f98a48/methods/F/ddp2/eval_full_clean_student_ids_v1/class_ap.txt
DIOR,clean,F,43,student,groundtrackfield,0.221,printed class_ap.txt (typically 3 decimals),,,complete,/mnt/shared/zechuan/iraod_artifacts/comparison/dior/clean/seed_43/0f98a48/methods/F/ddp2/eval_full_clean_student_ids_v1/class_ap.txt
DIOR,clean,F,43,student,harbor,0.03,printed class_ap.txt (typically 3 decimals),,,complete,/mnt/shared/zechuan/iraod_artifacts/comparison/dior/clean/seed_43/0f98a48/methods/F/ddp2/eval_full_clean_student_ids_v1/class_ap.txt
DIOR,clean,F,43,student,overpass,0.091,printed class_ap.txt (typically 3 decimals),,,complete,/mnt/shared/zechuan/iraod_artifacts/comparison/dior/clean/seed_43/0f98a48/methods/F/ddp2/eval_full_clean_student_ids_v1/class_ap.txt
DIOR,clean,F,43,student,ship,0.448,printed class_ap.txt (typically 3 decimals),,,complete,/mnt/shared/zechuan/iraod_artifacts/comparison/dior/clean/seed_43/0f98a48/methods/F/ddp2/eval_full_clean_student_ids_v1/class_ap.txt
DIOR,clean,F,43,student,stadium,0.257,printed class_ap.txt (typically 3 decimals),,,complete,/mnt/shared/zechuan/iraod_artifacts/comparison/dior/clean/seed_43/0f98a48/methods/F/ddp2/eval_full_clean_student_ids_v1/class_ap.txt
DIOR,clean,F,43,student,storagetank,0.229,printed class_ap.txt (typically 3 decimals),,,complete,/mnt/shared/zechuan/iraod_artifacts/comparison/dior/clean/seed_43/0f98a48/methods/F/ddp2/eval_full_clean_student_ids_v1/class_ap.txt
DIOR,clean,F,43,student,tenniscourt,0.582,printed class_ap.txt (typically 3 decimals),,,complete,/mnt/shared/zechuan/iraod_artifacts/comparison/dior/clean/seed_43/0f98a48/methods/F/ddp2/eval_full_clean_student_ids_v1/class_ap.txt
DIOR,clean,F,43,student,trainstation,0.045,printed class_ap.txt (typically 3 decimals),,,complete,/mnt/shared/zechuan/iraod_artifacts/comparison/dior/clean/seed_43/0f98a48/methods/F/ddp2/eval_full_clean_student_ids_v1/class_ap.txt
DIOR,clean,F,43,student,vehicle,0.179,printed class_ap.txt (typically 3 decimals),,,complete,/mnt/shared/zechuan/iraod_artifacts/comparison/dior/clean/seed_43/0f98a48/methods/F/ddp2/eval_full_clean_student_ids_v1/class_ap.txt
DIOR,clean,F,43,student,windmill,0.091,printed class_ap.txt (typically 3 decimals),,,complete,/mnt/shared/zechuan/iraod_artifacts/comparison/dior/clean/seed_43/0f98a48/methods/F/ddp2/eval_full_clean_student_ids_v1/class_ap.txt
DIOR,clean,F,44,student,airplane,0.234,printed class_ap.txt (typically 3 decimals),,,complete,/mnt/shared/zechuan/iraod_artifacts/comparison/dior/clean/seed_44/0f98a48/methods/F/ddp2/eval_full_clean_student_ids_v1/class_ap.txt
DIOR,clean,F,44,student,airport,0.007,printed class_ap.txt (typically 3 decimals),,,complete,/mnt/shared/zechuan/iraod_artifacts/comparison/dior/clean/seed_44/0f98a48/methods/F/ddp2/eval_full_clean_student_ids_v1/class_ap.txt
DIOR,clean,F,44,student,baseballfield,0.5,printed class_ap.txt (typically 3 decimals),,,complete,/mnt/shared/zechuan/iraod_artifacts/comparison/dior/clean/seed_44/0f98a48/methods/F/ddp2/eval_full_clean_student_ids_v1/class_ap.txt
DIOR,clean,F,44,student,basketballcourt,0.312,printed class_ap.txt (typically 3 decimals),,,complete,/mnt/shared/zechuan/iraod_artifacts/comparison/dior/clean/seed_44/0f98a48/methods/F/ddp2/eval_full_clean_student_ids_v1/class_ap.txt
DIOR,clean,F,44,student,bridge,0.091,printed class_ap.txt (typically 3 decimals),,,complete,/mnt/shared/zechuan/iraod_artifacts/comparison/dior/clean/seed_44/0f98a48/methods/F/ddp2/eval_full_clean_student_ids_v1/class_ap.txt
DIOR,clean,F,44,student,chimney,0.254,printed class_ap.txt (typically 3 decimals),,,complete,/mnt/shared/zechuan/iraod_artifacts/comparison/dior/clean/seed_44/0f98a48/methods/F/ddp2/eval_full_clean_student_ids_v1/class_ap.txt
DIOR,clean,F,44,student,expressway-service-area,0.201,printed class_ap.txt (typically 3 decimals),,,complete,/mnt/shared/zechuan/iraod_artifacts/comparison/dior/clean/seed_44/0f98a48/methods/F/ddp2/eval_full_clean_student_ids_v1/class_ap.txt
DIOR,clean,F,44,student,expressway-toll-station,0.091,printed class_ap.txt (typically 3 decimals),,,complete,/mnt/shared/zechuan/iraod_artifacts/comparison/dior/clean/seed_44/0f98a48/methods/F/ddp2/eval_full_clean_student_ids_v1/class_ap.txt
DIOR,clean,F,44,student,dam,0.091,printed class_ap.txt (typically 3 decimals),,,complete,/mnt/shared/zechuan/iraod_artifacts/comparison/dior/clean/seed_44/0f98a48/methods/F/ddp2/eval_full_clean_student_ids_v1/class_ap.txt
DIOR,clean,F,44,student,golffield,0.091,printed class_ap.txt (typically 3 decimals),,,complete,/mnt/shared/zechuan/iraod_artifacts/comparison/dior/clean/seed_44/0f98a48/methods/F/ddp2/eval_full_clean_student_ids_v1/class_ap.txt
DIOR,clean,F,44,student,groundtrackfield,0.22,printed class_ap.txt (typically 3 decimals),,,complete,/mnt/shared/zechuan/iraod_artifacts/comparison/dior/clean/seed_44/0f98a48/methods/F/ddp2/eval_full_clean_student_ids_v1/class_ap.txt
DIOR,clean,F,44,student,harbor,0.016,printed class_ap.txt (typically 3 decimals),,,complete,/mnt/shared/zechuan/iraod_artifacts/comparison/dior/clean/seed_44/0f98a48/methods/F/ddp2/eval_full_clean_student_ids_v1/class_ap.txt
DIOR,clean,F,44,student,overpass,0.091,printed class_ap.txt (typically 3 decimals),,,complete,/mnt/shared/zechuan/iraod_artifacts/comparison/dior/clean/seed_44/0f98a48/methods/F/ddp2/eval_full_clean_student_ids_v1/class_ap.txt
DIOR,clean,F,44,student,ship,0.442,printed class_ap.txt (typically 3 decimals),,,complete,/mnt/shared/zechuan/iraod_artifacts/comparison/dior/clean/seed_44/0f98a48/methods/F/ddp2/eval_full_clean_student_ids_v1/class_ap.txt
DIOR,clean,F,44,student,stadium,0.282,printed class_ap.txt (typically 3 decimals),,,complete,/mnt/shared/zechuan/iraod_artifacts/comparison/dior/clean/seed_44/0f98a48/methods/F/ddp2/eval_full_clean_student_ids_v1/class_ap.txt
DIOR,clean,F,44,student,storagetank,0.24,printed class_ap.txt (typically 3 decimals),,,complete,/mnt/shared/zechuan/iraod_artifacts/comparison/dior/clean/seed_44/0f98a48/methods/F/ddp2/eval_full_clean_student_ids_v1/class_ap.txt
DIOR,clean,F,44,student,tenniscourt,0.584,printed class_ap.txt (typically 3 decimals),,,complete,/mnt/shared/zechuan/iraod_artifacts/comparison/dior/clean/seed_44/0f98a48/methods/F/ddp2/eval_full_clean_student_ids_v1/class_ap.txt
DIOR,clean,F,44,student,trainstation,0.068,printed class_ap.txt (typically 3 decimals),,,complete,/mnt/shared/zechuan/iraod_artifacts/comparison/dior/clean/seed_44/0f98a48/methods/F/ddp2/eval_full_clean_student_ids_v1/class_ap.txt
DIOR,clean,F,44,student,vehicle,0.175,printed class_ap.txt (typically 3 decimals),,,complete,/mnt/shared/zechuan/iraod_artifacts/comparison/dior/clean/seed_44/0f98a48/methods/F/ddp2/eval_full_clean_student_ids_v1/class_ap.txt
DIOR,clean,F,44,student,windmill,0.091,printed class_ap.txt (typically 3 decimals),,,complete,/mnt/shared/zechuan/iraod_artifacts/comparison/dior/clean/seed_44/0f98a48/methods/F/ddp2/eval_full_clean_student_ids_v1/class_ap.txt
DIOR,brightness,A,42,source,airplane,0.334,printed class_ap.txt (typically 3 decimals),0.334,0.334,complete,/mnt/shared/zechuan/iraod_artifacts/comparison/dior/brightness/seed_42/0f98a48/methods/A/eval_full_brightness_ids_v1/class_ap.txt
DIOR,brightness,A,42,source,airport,0.01,printed class_ap.txt (typically 3 decimals),0.01,0.01,complete,/mnt/shared/zechuan/iraod_artifacts/comparison/dior/brightness/seed_42/0f98a48/methods/A/eval_full_brightness_ids_v1/class_ap.txt
DIOR,brightness,A,42,source,baseballfield,0.482,printed class_ap.txt (typically 3 decimals),0.482,0.482,complete,/mnt/shared/zechuan/iraod_artifacts/comparison/dior/brightness/seed_42/0f98a48/methods/A/eval_full_brightness_ids_v1/class_ap.txt
DIOR,brightness,A,42,source,basketballcourt,0.282,printed class_ap.txt (typically 3 decimals),0.282,0.282,complete,/mnt/shared/zechuan/iraod_artifacts/comparison/dior/brightness/seed_42/0f98a48/methods/A/eval_full_brightness_ids_v1/class_ap.txt
DIOR,brightness,A,42,source,bridge,0.104,printed class_ap.txt (typically 3 decimals),0.104,0.104,complete,/mnt/shared/zechuan/iraod_artifacts/comparison/dior/brightness/seed_42/0f98a48/methods/A/eval_full_brightness_ids_v1/class_ap.txt
DIOR,brightness,A,42,source,chimney,0.344,printed class_ap.txt (typically 3 decimals),0.344,0.344,complete,/mnt/shared/zechuan/iraod_artifacts/comparison/dior/brightness/seed_42/0f98a48/methods/A/eval_full_brightness_ids_v1/class_ap.txt
DIOR,brightness,A,42,source,expressway-service-area,0.216,printed class_ap.txt (typically 3 decimals),0.216,0.216,complete,/mnt/shared/zechuan/iraod_artifacts/comparison/dior/brightness/seed_42/0f98a48/methods/A/eval_full_brightness_ids_v1/class_ap.txt
DIOR,brightness,A,42,source,expressway-toll-station,0.146,printed class_ap.txt (typically 3 decimals),0.146,0.146,complete,/mnt/shared/zechuan/iraod_artifacts/comparison/dior/brightness/seed_42/0f98a48/methods/A/eval_full_brightness_ids_v1/class_ap.txt
DIOR,brightness,A,42,source,dam,0.091,printed class_ap.txt (typically 3 decimals),0.091,0.091,complete,/mnt/shared/zechuan/iraod_artifacts/comparison/dior/brightness/seed_42/0f98a48/methods/A/eval_full_brightness_ids_v1/class_ap.txt
DIOR,brightness,A,42,source,golffield,0.119,printed class_ap.txt (typically 3 decimals),0.119,0.119,complete,/mnt/shared/zechuan/iraod_artifacts/comparison/dior/brightness/seed_42/0f98a48/methods/A/eval_full_brightness_ids_v1/class_ap.txt
DIOR,brightness,A,42,source,groundtrackfield,0.217,printed class_ap.txt (typically 3 decimals),0.217,0.217,complete,/mnt/shared/zechuan/iraod_artifacts/comparison/dior/brightness/seed_42/0f98a48/methods/A/eval_full_brightness_ids_v1/class_ap.txt
DIOR,brightness,A,42,source,harbor,0.15,printed class_ap.txt (typically 3 decimals),0.15,0.15,complete,/mnt/shared/zechuan/iraod_artifacts/comparison/dior/brightness/seed_42/0f98a48/methods/A/eval_full_brightness_ids_v1/class_ap.txt
DIOR,brightness,A,42,source,overpass,0.15,printed class_ap.txt (typically 3 decimals),0.15,0.15,complete,/mnt/shared/zechuan/iraod_artifacts/comparison/dior/brightness/seed_42/0f98a48/methods/A/eval_full_brightness_ids_v1/class_ap.txt
DIOR,brightness,A,42,source,ship,0.654,printed class_ap.txt (typically 3 decimals),0.654,0.654,complete,/mnt/shared/zechuan/iraod_artifacts/comparison/dior/brightness/seed_42/0f98a48/methods/A/eval_full_brightness_ids_v1/class_ap.txt
DIOR,brightness,A,42,source,stadium,0.196,printed class_ap.txt (typically 3 decimals),0.196,0.196,complete,/mnt/shared/zechuan/iraod_artifacts/comparison/dior/brightness/seed_42/0f98a48/methods/A/eval_full_brightness_ids_v1/class_ap.txt
DIOR,brightness,A,42,source,storagetank,0.339,printed class_ap.txt (typically 3 decimals),0.339,0.339,complete,/mnt/shared/zechuan/iraod_artifacts/comparison/dior/brightness/seed_42/0f98a48/methods/A/eval_full_brightness_ids_v1/class_ap.txt
DIOR,brightness,A,42,source,tenniscourt,0.521,printed class_ap.txt (typically 3 decimals),0.521,0.521,complete,/mnt/shared/zechuan/iraod_artifacts/comparison/dior/brightness/seed_42/0f98a48/methods/A/eval_full_brightness_ids_v1/class_ap.txt
DIOR,brightness,A,42,source,trainstation,0.125,printed class_ap.txt (typically 3 decimals),0.125,0.125,complete,/mnt/shared/zechuan/iraod_artifacts/comparison/dior/brightness/seed_42/0f98a48/methods/A/eval_full_brightness_ids_v1/class_ap.txt
DIOR,brightness,A,42,source,vehicle,0.265,printed class_ap.txt (typically 3 decimals),0.265,0.265,complete,/mnt/shared/zechuan/iraod_artifacts/comparison/dior/brightness/seed_42/0f98a48/methods/A/eval_full_brightness_ids_v1/class_ap.txt
DIOR,brightness,A,42,source,windmill,0.089,printed class_ap.txt (typically 3 decimals),0.089,0.089,complete,/mnt/shared/zechuan/iraod_artifacts/comparison/dior/brightness/seed_42/0f98a48/methods/A/eval_full_brightness_ids_v1/class_ap.txt
DIOR,brightness,B,42,student,airplane,0.299,printed class_ap.txt (typically 3 decimals),,,complete,/mnt/shared/zechuan/iraod_artifacts/comparison/dior/brightness/seed_42/0f98a48/methods/B/eval_full_brightness_student_ids_v1/class_ap.txt
DIOR,brightness,B,42,student,airport,0.02,printed class_ap.txt (typically 3 decimals),,,complete,/mnt/shared/zechuan/iraod_artifacts/comparison/dior/brightness/seed_42/0f98a48/methods/B/eval_full_brightness_student_ids_v1/class_ap.txt
DIOR,brightness,B,42,student,baseballfield,0.485,printed class_ap.txt (typically 3 decimals),,,complete,/mnt/shared/zechuan/iraod_artifacts/comparison/dior/brightness/seed_42/0f98a48/methods/B/eval_full_brightness_student_ids_v1/class_ap.txt
DIOR,brightness,B,42,student,basketballcourt,0.284,printed class_ap.txt (typically 3 decimals),,,complete,/mnt/shared/zechuan/iraod_artifacts/comparison/dior/brightness/seed_42/0f98a48/methods/B/eval_full_brightness_student_ids_v1/class_ap.txt
DIOR,brightness,B,42,student,bridge,0.091,printed class_ap.txt (typically 3 decimals),,,complete,/mnt/shared/zechuan/iraod_artifacts/comparison/dior/brightness/seed_42/0f98a48/methods/B/eval_full_brightness_student_ids_v1/class_ap.txt
DIOR,brightness,B,42,student,chimney,0.329,printed class_ap.txt (typically 3 decimals),,,complete,/mnt/shared/zechuan/iraod_artifacts/comparison/dior/brightness/seed_42/0f98a48/methods/B/eval_full_brightness_student_ids_v1/class_ap.txt
DIOR,brightness,B,42,student,expressway-service-area,0.204,printed class_ap.txt (typically 3 decimals),,,complete,/mnt/shared/zechuan/iraod_artifacts/comparison/dior/brightness/seed_42/0f98a48/methods/B/eval_full_brightness_student_ids_v1/class_ap.txt
DIOR,brightness,B,42,student,expressway-toll-station,0.127,printed class_ap.txt (typically 3 decimals),,,complete,/mnt/shared/zechuan/iraod_artifacts/comparison/dior/brightness/seed_42/0f98a48/methods/B/eval_full_brightness_student_ids_v1/class_ap.txt
DIOR,brightness,B,42,student,dam,0.091,printed class_ap.txt (typically 3 decimals),,,complete,/mnt/shared/zechuan/iraod_artifacts/comparison/dior/brightness/seed_42/0f98a48/methods/B/eval_full_brightness_student_ids_v1/class_ap.txt
DIOR,brightness,B,42,student,golffield,0.107,printed class_ap.txt (typically 3 decimals),,,complete,/mnt/shared/zechuan/iraod_artifacts/comparison/dior/brightness/seed_42/0f98a48/methods/B/eval_full_brightness_student_ids_v1/class_ap.txt
DIOR,brightness,B,42,student,groundtrackfield,0.201,printed class_ap.txt (typically 3 decimals),,,complete,/mnt/shared/zechuan/iraod_artifacts/comparison/dior/brightness/seed_42/0f98a48/methods/B/eval_full_brightness_student_ids_v1/class_ap.txt
DIOR,brightness,B,42,student,harbor,0.055,printed class_ap.txt (typically 3 decimals),,,complete,/mnt/shared/zechuan/iraod_artifacts/comparison/dior/brightness/seed_42/0f98a48/methods/B/eval_full_brightness_student_ids_v1/class_ap.txt
DIOR,brightness,B,42,student,overpass,0.126,printed class_ap.txt (typically 3 decimals),,,complete,/mnt/shared/zechuan/iraod_artifacts/comparison/dior/brightness/seed_42/0f98a48/methods/B/eval_full_brightness_student_ids_v1/class_ap.txt
DIOR,brightness,B,42,student,ship,0.656,printed class_ap.txt (typically 3 decimals),,,complete,/mnt/shared/zechuan/iraod_artifacts/comparison/dior/brightness/seed_42/0f98a48/methods/B/eval_full_brightness_student_ids_v1/class_ap.txt
DIOR,brightness,B,42,student,stadium,0.254,printed class_ap.txt (typically 3 decimals),,,complete,/mnt/shared/zechuan/iraod_artifacts/comparison/dior/brightness/seed_42/0f98a48/methods/B/eval_full_brightness_student_ids_v1/class_ap.txt
DIOR,brightness,B,42,student,storagetank,0.31,printed class_ap.txt (typically 3 decimals),,,complete,/mnt/shared/zechuan/iraod_artifacts/comparison/dior/brightness/seed_42/0f98a48/methods/B/eval_full_brightness_student_ids_v1/class_ap.txt
DIOR,brightness,B,42,student,tenniscourt,0.537,printed class_ap.txt (typically 3 decimals),,,complete,/mnt/shared/zechuan/iraod_artifacts/comparison/dior/brightness/seed_42/0f98a48/methods/B/eval_full_brightness_student_ids_v1/class_ap.txt
DIOR,brightness,B,42,student,trainstation,0.116,printed class_ap.txt (typically 3 decimals),,,complete,/mnt/shared/zechuan/iraod_artifacts/comparison/dior/brightness/seed_42/0f98a48/methods/B/eval_full_brightness_student_ids_v1/class_ap.txt
DIOR,brightness,B,42,student,vehicle,0.275,printed class_ap.txt (typically 3 decimals),,,complete,/mnt/shared/zechuan/iraod_artifacts/comparison/dior/brightness/seed_42/0f98a48/methods/B/eval_full_brightness_student_ids_v1/class_ap.txt
DIOR,brightness,B,42,student,windmill,0.101,printed class_ap.txt (typically 3 decimals),,,complete,/mnt/shared/zechuan/iraod_artifacts/comparison/dior/brightness/seed_42/0f98a48/methods/B/eval_full_brightness_student_ids_v1/class_ap.txt
DIOR,brightness,B,43,student,airplane,0.329,printed class_ap.txt (typically 3 decimals),,,complete,/mnt/shared/zechuan/iraod_artifacts/comparison/dior/brightness/seed_43/0f98a48/methods/B/eval_full_brightness_student_ids_v1/class_ap.txt
DIOR,brightness,B,43,student,airport,0.012,printed class_ap.txt (typically 3 decimals),,,complete,/mnt/shared/zechuan/iraod_artifacts/comparison/dior/brightness/seed_43/0f98a48/methods/B/eval_full_brightness_student_ids_v1/class_ap.txt
DIOR,brightness,B,43,student,baseballfield,0.489,printed class_ap.txt (typically 3 decimals),,,complete,/mnt/shared/zechuan/iraod_artifacts/comparison/dior/brightness/seed_43/0f98a48/methods/B/eval_full_brightness_student_ids_v1/class_ap.txt
DIOR,brightness,B,43,student,basketballcourt,0.302,printed class_ap.txt (typically 3 decimals),,,complete,/mnt/shared/zechuan/iraod_artifacts/comparison/dior/brightness/seed_43/0f98a48/methods/B/eval_full_brightness_student_ids_v1/class_ap.txt
DIOR,brightness,B,43,student,bridge,0.091,printed class_ap.txt (typically 3 decimals),,,complete,/mnt/shared/zechuan/iraod_artifacts/comparison/dior/brightness/seed_43/0f98a48/methods/B/eval_full_brightness_student_ids_v1/class_ap.txt
DIOR,brightness,B,43,student,chimney,0.359,printed class_ap.txt (typically 3 decimals),,,complete,/mnt/shared/zechuan/iraod_artifacts/comparison/dior/brightness/seed_43/0f98a48/methods/B/eval_full_brightness_student_ids_v1/class_ap.txt
DIOR,brightness,B,43,student,expressway-service-area,0.198,printed class_ap.txt (typically 3 decimals),,,complete,/mnt/shared/zechuan/iraod_artifacts/comparison/dior/brightness/seed_43/0f98a48/methods/B/eval_full_brightness_student_ids_v1/class_ap.txt
DIOR,brightness,B,43,student,expressway-toll-station,0.123,printed class_ap.txt (typically 3 decimals),,,complete,/mnt/shared/zechuan/iraod_artifacts/comparison/dior/brightness/seed_43/0f98a48/methods/B/eval_full_brightness_student_ids_v1/class_ap.txt
DIOR,brightness,B,43,student,dam,0.091,printed class_ap.txt (typically 3 decimals),,,complete,/mnt/shared/zechuan/iraod_artifacts/comparison/dior/brightness/seed_43/0f98a48/methods/B/eval_full_brightness_student_ids_v1/class_ap.txt
DIOR,brightness,B,43,student,golffield,0.095,printed class_ap.txt (typically 3 decimals),,,complete,/mnt/shared/zechuan/iraod_artifacts/comparison/dior/brightness/seed_43/0f98a48/methods/B/eval_full_brightness_student_ids_v1/class_ap.txt
DIOR,brightness,B,43,student,groundtrackfield,0.208,printed class_ap.txt (typically 3 decimals),,,complete,/mnt/shared/zechuan/iraod_artifacts/comparison/dior/brightness/seed_43/0f98a48/methods/B/eval_full_brightness_student_ids_v1/class_ap.txt
DIOR,brightness,B,43,student,harbor,0.061,printed class_ap.txt (typically 3 decimals),,,complete,/mnt/shared/zechuan/iraod_artifacts/comparison/dior/brightness/seed_43/0f98a48/methods/B/eval_full_brightness_student_ids_v1/class_ap.txt
DIOR,brightness,B,43,student,overpass,0.132,printed class_ap.txt (typically 3 decimals),,,complete,/mnt/shared/zechuan/iraod_artifacts/comparison/dior/brightness/seed_43/0f98a48/methods/B/eval_full_brightness_student_ids_v1/class_ap.txt
DIOR,brightness,B,43,student,ship,0.647,printed class_ap.txt (typically 3 decimals),,,complete,/mnt/shared/zechuan/iraod_artifacts/comparison/dior/brightness/seed_43/0f98a48/methods/B/eval_full_brightness_student_ids_v1/class_ap.txt
DIOR,brightness,B,43,student,stadium,0.239,printed class_ap.txt (typically 3 decimals),,,complete,/mnt/shared/zechuan/iraod_artifacts/comparison/dior/brightness/seed_43/0f98a48/methods/B/eval_full_brightness_student_ids_v1/class_ap.txt
DIOR,brightness,B,43,student,storagetank,0.322,printed class_ap.txt (typically 3 decimals),,,complete,/mnt/shared/zechuan/iraod_artifacts/comparison/dior/brightness/seed_43/0f98a48/methods/B/eval_full_brightness_student_ids_v1/class_ap.txt
DIOR,brightness,B,43,student,tenniscourt,0.538,printed class_ap.txt (typically 3 decimals),,,complete,/mnt/shared/zechuan/iraod_artifacts/comparison/dior/brightness/seed_43/0f98a48/methods/B/eval_full_brightness_student_ids_v1/class_ap.txt
DIOR,brightness,B,43,student,trainstation,0.067,printed class_ap.txt (typically 3 decimals),,,complete,/mnt/shared/zechuan/iraod_artifacts/comparison/dior/brightness/seed_43/0f98a48/methods/B/eval_full_brightness_student_ids_v1/class_ap.txt
DIOR,brightness,B,43,student,vehicle,0.274,printed class_ap.txt (typically 3 decimals),,,complete,/mnt/shared/zechuan/iraod_artifacts/comparison/dior/brightness/seed_43/0f98a48/methods/B/eval_full_brightness_student_ids_v1/class_ap.txt
DIOR,brightness,B,43,student,windmill,0.075,printed class_ap.txt (typically 3 decimals),,,complete,/mnt/shared/zechuan/iraod_artifacts/comparison/dior/brightness/seed_43/0f98a48/methods/B/eval_full_brightness_student_ids_v1/class_ap.txt
DIOR,brightness,B,44,student,airplane,0.297,printed class_ap.txt (typically 3 decimals),,,complete,/mnt/shared/zechuan/iraod_artifacts/comparison/dior/brightness/seed_44/0f98a48/methods/B/eval_full_brightness_student_ids_v1/class_ap.txt
DIOR,brightness,B,44,student,airport,0.014,printed class_ap.txt (typically 3 decimals),,,complete,/mnt/shared/zechuan/iraod_artifacts/comparison/dior/brightness/seed_44/0f98a48/methods/B/eval_full_brightness_student_ids_v1/class_ap.txt
DIOR,brightness,B,44,student,baseballfield,0.505,printed class_ap.txt (typically 3 decimals),,,complete,/mnt/shared/zechuan/iraod_artifacts/comparison/dior/brightness/seed_44/0f98a48/methods/B/eval_full_brightness_student_ids_v1/class_ap.txt
DIOR,brightness,B,44,student,basketballcourt,0.324,printed class_ap.txt (typically 3 decimals),,,complete,/mnt/shared/zechuan/iraod_artifacts/comparison/dior/brightness/seed_44/0f98a48/methods/B/eval_full_brightness_student_ids_v1/class_ap.txt
DIOR,brightness,B,44,student,bridge,0.091,printed class_ap.txt (typically 3 decimals),,,complete,/mnt/shared/zechuan/iraod_artifacts/comparison/dior/brightness/seed_44/0f98a48/methods/B/eval_full_brightness_student_ids_v1/class_ap.txt
DIOR,brightness,B,44,student,chimney,0.332,printed class_ap.txt (typically 3 decimals),,,complete,/mnt/shared/zechuan/iraod_artifacts/comparison/dior/brightness/seed_44/0f98a48/methods/B/eval_full_brightness_student_ids_v1/class_ap.txt
DIOR,brightness,B,44,student,expressway-service-area,0.223,printed class_ap.txt (typically 3 decimals),,,complete,/mnt/shared/zechuan/iraod_artifacts/comparison/dior/brightness/seed_44/0f98a48/methods/B/eval_full_brightness_student_ids_v1/class_ap.txt
DIOR,brightness,B,44,student,expressway-toll-station,0.13,printed class_ap.txt (typically 3 decimals),,,complete,/mnt/shared/zechuan/iraod_artifacts/comparison/dior/brightness/seed_44/0f98a48/methods/B/eval_full_brightness_student_ids_v1/class_ap.txt
DIOR,brightness,B,44,student,dam,0.091,printed class_ap.txt (typically 3 decimals),,,complete,/mnt/shared/zechuan/iraod_artifacts/comparison/dior/brightness/seed_44/0f98a48/methods/B/eval_full_brightness_student_ids_v1/class_ap.txt
DIOR,brightness,B,44,student,golffield,0.097,printed class_ap.txt (typically 3 decimals),,,complete,/mnt/shared/zechuan/iraod_artifacts/comparison/dior/brightness/seed_44/0f98a48/methods/B/eval_full_brightness_student_ids_v1/class_ap.txt
DIOR,brightness,B,44,student,groundtrackfield,0.218,printed class_ap.txt (typically 3 decimals),,,complete,/mnt/shared/zechuan/iraod_artifacts/comparison/dior/brightness/seed_44/0f98a48/methods/B/eval_full_brightness_student_ids_v1/class_ap.txt
DIOR,brightness,B,44,student,harbor,0.061,printed class_ap.txt (typically 3 decimals),,,complete,/mnt/shared/zechuan/iraod_artifacts/comparison/dior/brightness/seed_44/0f98a48/methods/B/eval_full_brightness_student_ids_v1/class_ap.txt
DIOR,brightness,B,44,student,overpass,0.149,printed class_ap.txt (typically 3 decimals),,,complete,/mnt/shared/zechuan/iraod_artifacts/comparison/dior/brightness/seed_44/0f98a48/methods/B/eval_full_brightness_student_ids_v1/class_ap.txt
DIOR,brightness,B,44,student,ship,0.667,printed class_ap.txt (typically 3 decimals),,,complete,/mnt/shared/zechuan/iraod_artifacts/comparison/dior/brightness/seed_44/0f98a48/methods/B/eval_full_brightness_student_ids_v1/class_ap.txt
DIOR,brightness,B,44,student,stadium,0.217,printed class_ap.txt (typically 3 decimals),,,complete,/mnt/shared/zechuan/iraod_artifacts/comparison/dior/brightness/seed_44/0f98a48/methods/B/eval_full_brightness_student_ids_v1/class_ap.txt
DIOR,brightness,B,44,student,storagetank,0.301,printed class_ap.txt (typically 3 decimals),,,complete,/mnt/shared/zechuan/iraod_artifacts/comparison/dior/brightness/seed_44/0f98a48/methods/B/eval_full_brightness_student_ids_v1/class_ap.txt
DIOR,brightness,B,44,student,tenniscourt,0.554,printed class_ap.txt (typically 3 decimals),,,complete,/mnt/shared/zechuan/iraod_artifacts/comparison/dior/brightness/seed_44/0f98a48/methods/B/eval_full_brightness_student_ids_v1/class_ap.txt
DIOR,brightness,B,44,student,trainstation,0.067,printed class_ap.txt (typically 3 decimals),,,complete,/mnt/shared/zechuan/iraod_artifacts/comparison/dior/brightness/seed_44/0f98a48/methods/B/eval_full_brightness_student_ids_v1/class_ap.txt
DIOR,brightness,B,44,student,vehicle,0.277,printed class_ap.txt (typically 3 decimals),,,complete,/mnt/shared/zechuan/iraod_artifacts/comparison/dior/brightness/seed_44/0f98a48/methods/B/eval_full_brightness_student_ids_v1/class_ap.txt
DIOR,brightness,B,44,student,windmill,0.102,printed class_ap.txt (typically 3 decimals),,,complete,/mnt/shared/zechuan/iraod_artifacts/comparison/dior/brightness/seed_44/0f98a48/methods/B/eval_full_brightness_student_ids_v1/class_ap.txt
DIOR,brightness,C,42,student,airplane,0.287,printed class_ap.txt (typically 3 decimals),,,complete,/mnt/shared/zechuan/iraod_artifacts/comparison/dior/brightness/seed_42/0f98a48/methods/C/eval_full_brightness_student_ids_v1/class_ap.txt
DIOR,brightness,C,42,student,airport,0.091,printed class_ap.txt (typically 3 decimals),,,complete,/mnt/shared/zechuan/iraod_artifacts/comparison/dior/brightness/seed_42/0f98a48/methods/C/eval_full_brightness_student_ids_v1/class_ap.txt
DIOR,brightness,C,42,student,baseballfield,0.497,printed class_ap.txt (typically 3 decimals),,,complete,/mnt/shared/zechuan/iraod_artifacts/comparison/dior/brightness/seed_42/0f98a48/methods/C/eval_full_brightness_student_ids_v1/class_ap.txt
DIOR,brightness,C,42,student,basketballcourt,0.281,printed class_ap.txt (typically 3 decimals),,,complete,/mnt/shared/zechuan/iraod_artifacts/comparison/dior/brightness/seed_42/0f98a48/methods/C/eval_full_brightness_student_ids_v1/class_ap.txt
DIOR,brightness,C,42,student,bridge,0.091,printed class_ap.txt (typically 3 decimals),,,complete,/mnt/shared/zechuan/iraod_artifacts/comparison/dior/brightness/seed_42/0f98a48/methods/C/eval_full_brightness_student_ids_v1/class_ap.txt
DIOR,brightness,C,42,student,chimney,0.363,printed class_ap.txt (typically 3 decimals),,,complete,/mnt/shared/zechuan/iraod_artifacts/comparison/dior/brightness/seed_42/0f98a48/methods/C/eval_full_brightness_student_ids_v1/class_ap.txt
DIOR,brightness,C,42,student,expressway-service-area,0.155,printed class_ap.txt (typically 3 decimals),,,complete,/mnt/shared/zechuan/iraod_artifacts/comparison/dior/brightness/seed_42/0f98a48/methods/C/eval_full_brightness_student_ids_v1/class_ap.txt
DIOR,brightness,C,42,student,expressway-toll-station,0.121,printed class_ap.txt (typically 3 decimals),,,complete,/mnt/shared/zechuan/iraod_artifacts/comparison/dior/brightness/seed_42/0f98a48/methods/C/eval_full_brightness_student_ids_v1/class_ap.txt
DIOR,brightness,C,42,student,dam,0.091,printed class_ap.txt (typically 3 decimals),,,complete,/mnt/shared/zechuan/iraod_artifacts/comparison/dior/brightness/seed_42/0f98a48/methods/C/eval_full_brightness_student_ids_v1/class_ap.txt
DIOR,brightness,C,42,student,golffield,0.149,printed class_ap.txt (typically 3 decimals),,,complete,/mnt/shared/zechuan/iraod_artifacts/comparison/dior/brightness/seed_42/0f98a48/methods/C/eval_full_brightness_student_ids_v1/class_ap.txt
DIOR,brightness,C,42,student,groundtrackfield,0.203,printed class_ap.txt (typically 3 decimals),,,complete,/mnt/shared/zechuan/iraod_artifacts/comparison/dior/brightness/seed_42/0f98a48/methods/C/eval_full_brightness_student_ids_v1/class_ap.txt
DIOR,brightness,C,42,student,harbor,0.12,printed class_ap.txt (typically 3 decimals),,,complete,/mnt/shared/zechuan/iraod_artifacts/comparison/dior/brightness/seed_42/0f98a48/methods/C/eval_full_brightness_student_ids_v1/class_ap.txt
DIOR,brightness,C,42,student,overpass,0.15,printed class_ap.txt (typically 3 decimals),,,complete,/mnt/shared/zechuan/iraod_artifacts/comparison/dior/brightness/seed_42/0f98a48/methods/C/eval_full_brightness_student_ids_v1/class_ap.txt
DIOR,brightness,C,42,student,ship,0.591,printed class_ap.txt (typically 3 decimals),,,complete,/mnt/shared/zechuan/iraod_artifacts/comparison/dior/brightness/seed_42/0f98a48/methods/C/eval_full_brightness_student_ids_v1/class_ap.txt
DIOR,brightness,C,42,student,stadium,0.286,printed class_ap.txt (typically 3 decimals),,,complete,/mnt/shared/zechuan/iraod_artifacts/comparison/dior/brightness/seed_42/0f98a48/methods/C/eval_full_brightness_student_ids_v1/class_ap.txt
DIOR,brightness,C,42,student,storagetank,0.278,printed class_ap.txt (typically 3 decimals),,,complete,/mnt/shared/zechuan/iraod_artifacts/comparison/dior/brightness/seed_42/0f98a48/methods/C/eval_full_brightness_student_ids_v1/class_ap.txt
DIOR,brightness,C,42,student,tenniscourt,0.523,printed class_ap.txt (typically 3 decimals),,,complete,/mnt/shared/zechuan/iraod_artifacts/comparison/dior/brightness/seed_42/0f98a48/methods/C/eval_full_brightness_student_ids_v1/class_ap.txt
DIOR,brightness,C,42,student,trainstation,0.114,printed class_ap.txt (typically 3 decimals),,,complete,/mnt/shared/zechuan/iraod_artifacts/comparison/dior/brightness/seed_42/0f98a48/methods/C/eval_full_brightness_student_ids_v1/class_ap.txt
DIOR,brightness,C,42,student,vehicle,0.265,printed class_ap.txt (typically 3 decimals),,,complete,/mnt/shared/zechuan/iraod_artifacts/comparison/dior/brightness/seed_42/0f98a48/methods/C/eval_full_brightness_student_ids_v1/class_ap.txt
DIOR,brightness,C,42,student,windmill,0.085,printed class_ap.txt (typically 3 decimals),,,complete,/mnt/shared/zechuan/iraod_artifacts/comparison/dior/brightness/seed_42/0f98a48/methods/C/eval_full_brightness_student_ids_v1/class_ap.txt
DIOR,brightness,C,43,student,airplane,0.302,printed class_ap.txt (typically 3 decimals),,,complete,/mnt/shared/zechuan/iraod_artifacts/comparison/dior/brightness/seed_43/0f98a48/methods/C/eval_full_brightness_student_ids_v1/class_ap.txt
DIOR,brightness,C,43,student,airport,0.008,printed class_ap.txt (typically 3 decimals),,,complete,/mnt/shared/zechuan/iraod_artifacts/comparison/dior/brightness/seed_43/0f98a48/methods/C/eval_full_brightness_student_ids_v1/class_ap.txt
DIOR,brightness,C,43,student,baseballfield,0.498,printed class_ap.txt (typically 3 decimals),,,complete,/mnt/shared/zechuan/iraod_artifacts/comparison/dior/brightness/seed_43/0f98a48/methods/C/eval_full_brightness_student_ids_v1/class_ap.txt
DIOR,brightness,C,43,student,basketballcourt,0.272,printed class_ap.txt (typically 3 decimals),,,complete,/mnt/shared/zechuan/iraod_artifacts/comparison/dior/brightness/seed_43/0f98a48/methods/C/eval_full_brightness_student_ids_v1/class_ap.txt
DIOR,brightness,C,43,student,bridge,0.073,printed class_ap.txt (typically 3 decimals),,,complete,/mnt/shared/zechuan/iraod_artifacts/comparison/dior/brightness/seed_43/0f98a48/methods/C/eval_full_brightness_student_ids_v1/class_ap.txt
DIOR,brightness,C,43,student,chimney,0.343,printed class_ap.txt (typically 3 decimals),,,complete,/mnt/shared/zechuan/iraod_artifacts/comparison/dior/brightness/seed_43/0f98a48/methods/C/eval_full_brightness_student_ids_v1/class_ap.txt
DIOR,brightness,C,43,student,expressway-service-area,0.148,printed class_ap.txt (typically 3 decimals),,,complete,/mnt/shared/zechuan/iraod_artifacts/comparison/dior/brightness/seed_43/0f98a48/methods/C/eval_full_brightness_student_ids_v1/class_ap.txt
DIOR,brightness,C,43,student,expressway-toll-station,0.124,printed class_ap.txt (typically 3 decimals),,,complete,/mnt/shared/zechuan/iraod_artifacts/comparison/dior/brightness/seed_43/0f98a48/methods/C/eval_full_brightness_student_ids_v1/class_ap.txt
DIOR,brightness,C,43,student,dam,0.091,printed class_ap.txt (typically 3 decimals),,,complete,/mnt/shared/zechuan/iraod_artifacts/comparison/dior/brightness/seed_43/0f98a48/methods/C/eval_full_brightness_student_ids_v1/class_ap.txt
DIOR,brightness,C,43,student,golffield,0.127,printed class_ap.txt (typically 3 decimals),,,complete,/mnt/shared/zechuan/iraod_artifacts/comparison/dior/brightness/seed_43/0f98a48/methods/C/eval_full_brightness_student_ids_v1/class_ap.txt
DIOR,brightness,C,43,student,groundtrackfield,0.216,printed class_ap.txt (typically 3 decimals),,,complete,/mnt/shared/zechuan/iraod_artifacts/comparison/dior/brightness/seed_43/0f98a48/methods/C/eval_full_brightness_student_ids_v1/class_ap.txt
DIOR,brightness,C,43,student,harbor,0.091,printed class_ap.txt (typically 3 decimals),,,complete,/mnt/shared/zechuan/iraod_artifacts/comparison/dior/brightness/seed_43/0f98a48/methods/C/eval_full_brightness_student_ids_v1/class_ap.txt
DIOR,brightness,C,43,student,overpass,0.134,printed class_ap.txt (typically 3 decimals),,,complete,/mnt/shared/zechuan/iraod_artifacts/comparison/dior/brightness/seed_43/0f98a48/methods/C/eval_full_brightness_student_ids_v1/class_ap.txt
DIOR,brightness,C,43,student,ship,0.609,printed class_ap.txt (typically 3 decimals),,,complete,/mnt/shared/zechuan/iraod_artifacts/comparison/dior/brightness/seed_43/0f98a48/methods/C/eval_full_brightness_student_ids_v1/class_ap.txt
DIOR,brightness,C,43,student,stadium,0.273,printed class_ap.txt (typically 3 decimals),,,complete,/mnt/shared/zechuan/iraod_artifacts/comparison/dior/brightness/seed_43/0f98a48/methods/C/eval_full_brightness_student_ids_v1/class_ap.txt
DIOR,brightness,C,43,student,storagetank,0.235,printed class_ap.txt (typically 3 decimals),,,complete,/mnt/shared/zechuan/iraod_artifacts/comparison/dior/brightness/seed_43/0f98a48/methods/C/eval_full_brightness_student_ids_v1/class_ap.txt
DIOR,brightness,C,43,student,tenniscourt,0.536,printed class_ap.txt (typically 3 decimals),,,complete,/mnt/shared/zechuan/iraod_artifacts/comparison/dior/brightness/seed_43/0f98a48/methods/C/eval_full_brightness_student_ids_v1/class_ap.txt
DIOR,brightness,C,43,student,trainstation,0.119,printed class_ap.txt (typically 3 decimals),,,complete,/mnt/shared/zechuan/iraod_artifacts/comparison/dior/brightness/seed_43/0f98a48/methods/C/eval_full_brightness_student_ids_v1/class_ap.txt
DIOR,brightness,C,43,student,vehicle,0.256,printed class_ap.txt (typically 3 decimals),,,complete,/mnt/shared/zechuan/iraod_artifacts/comparison/dior/brightness/seed_43/0f98a48/methods/C/eval_full_brightness_student_ids_v1/class_ap.txt
DIOR,brightness,C,43,student,windmill,0.102,printed class_ap.txt (typically 3 decimals),,,complete,/mnt/shared/zechuan/iraod_artifacts/comparison/dior/brightness/seed_43/0f98a48/methods/C/eval_full_brightness_student_ids_v1/class_ap.txt
DIOR,brightness,C,44,student,airplane,0.304,printed class_ap.txt (typically 3 decimals),,,complete,/mnt/shared/zechuan/iraod_artifacts/comparison/dior/brightness/seed_44/0f98a48/methods/C/eval_full_brightness_student_ids_v1/class_ap.txt
DIOR,brightness,C,44,student,airport,0.015,printed class_ap.txt (typically 3 decimals),,,complete,/mnt/shared/zechuan/iraod_artifacts/comparison/dior/brightness/seed_44/0f98a48/methods/C/eval_full_brightness_student_ids_v1/class_ap.txt
DIOR,brightness,C,44,student,baseballfield,0.511,printed class_ap.txt (typically 3 decimals),,,complete,/mnt/shared/zechuan/iraod_artifacts/comparison/dior/brightness/seed_44/0f98a48/methods/C/eval_full_brightness_student_ids_v1/class_ap.txt
DIOR,brightness,C,44,student,basketballcourt,0.291,printed class_ap.txt (typically 3 decimals),,,complete,/mnt/shared/zechuan/iraod_artifacts/comparison/dior/brightness/seed_44/0f98a48/methods/C/eval_full_brightness_student_ids_v1/class_ap.txt
DIOR,brightness,C,44,student,bridge,0.091,printed class_ap.txt (typically 3 decimals),,,complete,/mnt/shared/zechuan/iraod_artifacts/comparison/dior/brightness/seed_44/0f98a48/methods/C/eval_full_brightness_student_ids_v1/class_ap.txt
DIOR,brightness,C,44,student,chimney,0.355,printed class_ap.txt (typically 3 decimals),,,complete,/mnt/shared/zechuan/iraod_artifacts/comparison/dior/brightness/seed_44/0f98a48/methods/C/eval_full_brightness_student_ids_v1/class_ap.txt
DIOR,brightness,C,44,student,expressway-service-area,0.156,printed class_ap.txt (typically 3 decimals),,,complete,/mnt/shared/zechuan/iraod_artifacts/comparison/dior/brightness/seed_44/0f98a48/methods/C/eval_full_brightness_student_ids_v1/class_ap.txt
DIOR,brightness,C,44,student,expressway-toll-station,0.123,printed class_ap.txt (typically 3 decimals),,,complete,/mnt/shared/zechuan/iraod_artifacts/comparison/dior/brightness/seed_44/0f98a48/methods/C/eval_full_brightness_student_ids_v1/class_ap.txt
DIOR,brightness,C,44,student,dam,0.091,printed class_ap.txt (typically 3 decimals),,,complete,/mnt/shared/zechuan/iraod_artifacts/comparison/dior/brightness/seed_44/0f98a48/methods/C/eval_full_brightness_student_ids_v1/class_ap.txt
DIOR,brightness,C,44,student,golffield,0.193,printed class_ap.txt (typically 3 decimals),,,complete,/mnt/shared/zechuan/iraod_artifacts/comparison/dior/brightness/seed_44/0f98a48/methods/C/eval_full_brightness_student_ids_v1/class_ap.txt
DIOR,brightness,C,44,student,groundtrackfield,0.213,printed class_ap.txt (typically 3 decimals),,,complete,/mnt/shared/zechuan/iraod_artifacts/comparison/dior/brightness/seed_44/0f98a48/methods/C/eval_full_brightness_student_ids_v1/class_ap.txt
DIOR,brightness,C,44,student,harbor,0.123,printed class_ap.txt (typically 3 decimals),,,complete,/mnt/shared/zechuan/iraod_artifacts/comparison/dior/brightness/seed_44/0f98a48/methods/C/eval_full_brightness_student_ids_v1/class_ap.txt
DIOR,brightness,C,44,student,overpass,0.131,printed class_ap.txt (typically 3 decimals),,,complete,/mnt/shared/zechuan/iraod_artifacts/comparison/dior/brightness/seed_44/0f98a48/methods/C/eval_full_brightness_student_ids_v1/class_ap.txt
DIOR,brightness,C,44,student,ship,0.598,printed class_ap.txt (typically 3 decimals),,,complete,/mnt/shared/zechuan/iraod_artifacts/comparison/dior/brightness/seed_44/0f98a48/methods/C/eval_full_brightness_student_ids_v1/class_ap.txt
DIOR,brightness,C,44,student,stadium,0.271,printed class_ap.txt (typically 3 decimals),,,complete,/mnt/shared/zechuan/iraod_artifacts/comparison/dior/brightness/seed_44/0f98a48/methods/C/eval_full_brightness_student_ids_v1/class_ap.txt
DIOR,brightness,C,44,student,storagetank,0.244,printed class_ap.txt (typically 3 decimals),,,complete,/mnt/shared/zechuan/iraod_artifacts/comparison/dior/brightness/seed_44/0f98a48/methods/C/eval_full_brightness_student_ids_v1/class_ap.txt
DIOR,brightness,C,44,student,tenniscourt,0.526,printed class_ap.txt (typically 3 decimals),,,complete,/mnt/shared/zechuan/iraod_artifacts/comparison/dior/brightness/seed_44/0f98a48/methods/C/eval_full_brightness_student_ids_v1/class_ap.txt
DIOR,brightness,C,44,student,trainstation,0.063,printed class_ap.txt (typically 3 decimals),,,complete,/mnt/shared/zechuan/iraod_artifacts/comparison/dior/brightness/seed_44/0f98a48/methods/C/eval_full_brightness_student_ids_v1/class_ap.txt
DIOR,brightness,C,44,student,vehicle,0.251,printed class_ap.txt (typically 3 decimals),,,complete,/mnt/shared/zechuan/iraod_artifacts/comparison/dior/brightness/seed_44/0f98a48/methods/C/eval_full_brightness_student_ids_v1/class_ap.txt
DIOR,brightness,C,44,student,windmill,0.074,printed class_ap.txt (typically 3 decimals),,,complete,/mnt/shared/zechuan/iraod_artifacts/comparison/dior/brightness/seed_44/0f98a48/methods/C/eval_full_brightness_student_ids_v1/class_ap.txt
DIOR,brightness,D,42,student,airplane,0.091,printed class_ap.txt (typically 3 decimals),,,complete,/mnt/shared/zechuan/iraod_artifacts/comparison/dior/brightness/seed_42/0f98a48/methods/D/eval_full_brightness_student_ids_v1/class_ap.txt
DIOR,brightness,D,42,student,airport,0.0,printed class_ap.txt (typically 3 decimals),,,complete,/mnt/shared/zechuan/iraod_artifacts/comparison/dior/brightness/seed_42/0f98a48/methods/D/eval_full_brightness_student_ids_v1/class_ap.txt
DIOR,brightness,D,42,student,baseballfield,0.454,printed class_ap.txt (typically 3 decimals),,,complete,/mnt/shared/zechuan/iraod_artifacts/comparison/dior/brightness/seed_42/0f98a48/methods/D/eval_full_brightness_student_ids_v1/class_ap.txt
DIOR,brightness,D,42,student,basketballcourt,0.275,printed class_ap.txt (typically 3 decimals),,,complete,/mnt/shared/zechuan/iraod_artifacts/comparison/dior/brightness/seed_42/0f98a48/methods/D/eval_full_brightness_student_ids_v1/class_ap.txt
DIOR,brightness,D,42,student,bridge,0.068,printed class_ap.txt (typically 3 decimals),,,complete,/mnt/shared/zechuan/iraod_artifacts/comparison/dior/brightness/seed_42/0f98a48/methods/D/eval_full_brightness_student_ids_v1/class_ap.txt
DIOR,brightness,D,42,student,chimney,0.246,printed class_ap.txt (typically 3 decimals),,,complete,/mnt/shared/zechuan/iraod_artifacts/comparison/dior/brightness/seed_42/0f98a48/methods/D/eval_full_brightness_student_ids_v1/class_ap.txt
DIOR,brightness,D,42,student,expressway-service-area,0.167,printed class_ap.txt (typically 3 decimals),,,complete,/mnt/shared/zechuan/iraod_artifacts/comparison/dior/brightness/seed_42/0f98a48/methods/D/eval_full_brightness_student_ids_v1/class_ap.txt
DIOR,brightness,D,42,student,expressway-toll-station,0.101,printed class_ap.txt (typically 3 decimals),,,complete,/mnt/shared/zechuan/iraod_artifacts/comparison/dior/brightness/seed_42/0f98a48/methods/D/eval_full_brightness_student_ids_v1/class_ap.txt
DIOR,brightness,D,42,student,dam,0.045,printed class_ap.txt (typically 3 decimals),,,complete,/mnt/shared/zechuan/iraod_artifacts/comparison/dior/brightness/seed_42/0f98a48/methods/D/eval_full_brightness_student_ids_v1/class_ap.txt
DIOR,brightness,D,42,student,golffield,0.091,printed class_ap.txt (typically 3 decimals),,,complete,/mnt/shared/zechuan/iraod_artifacts/comparison/dior/brightness/seed_42/0f98a48/methods/D/eval_full_brightness_student_ids_v1/class_ap.txt
DIOR,brightness,D,42,student,groundtrackfield,0.203,printed class_ap.txt (typically 3 decimals),,,complete,/mnt/shared/zechuan/iraod_artifacts/comparison/dior/brightness/seed_42/0f98a48/methods/D/eval_full_brightness_student_ids_v1/class_ap.txt
DIOR,brightness,D,42,student,harbor,0.061,printed class_ap.txt (typically 3 decimals),,,complete,/mnt/shared/zechuan/iraod_artifacts/comparison/dior/brightness/seed_42/0f98a48/methods/D/eval_full_brightness_student_ids_v1/class_ap.txt
DIOR,brightness,D,42,student,overpass,0.091,printed class_ap.txt (typically 3 decimals),,,complete,/mnt/shared/zechuan/iraod_artifacts/comparison/dior/brightness/seed_42/0f98a48/methods/D/eval_full_brightness_student_ids_v1/class_ap.txt
DIOR,brightness,D,42,student,ship,0.266,printed class_ap.txt (typically 3 decimals),,,complete,/mnt/shared/zechuan/iraod_artifacts/comparison/dior/brightness/seed_42/0f98a48/methods/D/eval_full_brightness_student_ids_v1/class_ap.txt
DIOR,brightness,D,42,student,stadium,0.22,printed class_ap.txt (typically 3 decimals),,,complete,/mnt/shared/zechuan/iraod_artifacts/comparison/dior/brightness/seed_42/0f98a48/methods/D/eval_full_brightness_student_ids_v1/class_ap.txt
DIOR,brightness,D,42,student,storagetank,0.224,printed class_ap.txt (typically 3 decimals),,,complete,/mnt/shared/zechuan/iraod_artifacts/comparison/dior/brightness/seed_42/0f98a48/methods/D/eval_full_brightness_student_ids_v1/class_ap.txt
DIOR,brightness,D,42,student,tenniscourt,0.532,printed class_ap.txt (typically 3 decimals),,,complete,/mnt/shared/zechuan/iraod_artifacts/comparison/dior/brightness/seed_42/0f98a48/methods/D/eval_full_brightness_student_ids_v1/class_ap.txt
DIOR,brightness,D,42,student,trainstation,0.127,printed class_ap.txt (typically 3 decimals),,,complete,/mnt/shared/zechuan/iraod_artifacts/comparison/dior/brightness/seed_42/0f98a48/methods/D/eval_full_brightness_student_ids_v1/class_ap.txt
DIOR,brightness,D,42,student,vehicle,0.091,printed class_ap.txt (typically 3 decimals),,,complete,/mnt/shared/zechuan/iraod_artifacts/comparison/dior/brightness/seed_42/0f98a48/methods/D/eval_full_brightness_student_ids_v1/class_ap.txt
DIOR,brightness,D,42,student,windmill,0.091,printed class_ap.txt (typically 3 decimals),,,complete,/mnt/shared/zechuan/iraod_artifacts/comparison/dior/brightness/seed_42/0f98a48/methods/D/eval_full_brightness_student_ids_v1/class_ap.txt
DIOR,brightness,D,43,student,airplane,0.176,printed class_ap.txt (typically 3 decimals),,,complete,/mnt/shared/zechuan/iraod_artifacts/comparison/dior/brightness/seed_43/0f98a48/methods/D/eval_full_brightness_student_ids_v1/class_ap.txt
DIOR,brightness,D,43,student,airport,0.0,printed class_ap.txt (typically 3 decimals),,,complete,/mnt/shared/zechuan/iraod_artifacts/comparison/dior/brightness/seed_43/0f98a48/methods/D/eval_full_brightness_student_ids_v1/class_ap.txt
DIOR,brightness,D,43,student,baseballfield,0.479,printed class_ap.txt (typically 3 decimals),,,complete,/mnt/shared/zechuan/iraod_artifacts/comparison/dior/brightness/seed_43/0f98a48/methods/D/eval_full_brightness_student_ids_v1/class_ap.txt
DIOR,brightness,D,43,student,basketballcourt,0.239,printed class_ap.txt (typically 3 decimals),,,complete,/mnt/shared/zechuan/iraod_artifacts/comparison/dior/brightness/seed_43/0f98a48/methods/D/eval_full_brightness_student_ids_v1/class_ap.txt
DIOR,brightness,D,43,student,bridge,0.073,printed class_ap.txt (typically 3 decimals),,,complete,/mnt/shared/zechuan/iraod_artifacts/comparison/dior/brightness/seed_43/0f98a48/methods/D/eval_full_brightness_student_ids_v1/class_ap.txt
DIOR,brightness,D,43,student,chimney,0.251,printed class_ap.txt (typically 3 decimals),,,complete,/mnt/shared/zechuan/iraod_artifacts/comparison/dior/brightness/seed_43/0f98a48/methods/D/eval_full_brightness_student_ids_v1/class_ap.txt
DIOR,brightness,D,43,student,expressway-service-area,0.157,printed class_ap.txt (typically 3 decimals),,,complete,/mnt/shared/zechuan/iraod_artifacts/comparison/dior/brightness/seed_43/0f98a48/methods/D/eval_full_brightness_student_ids_v1/class_ap.txt
DIOR,brightness,D,43,student,expressway-toll-station,0.098,printed class_ap.txt (typically 3 decimals),,,complete,/mnt/shared/zechuan/iraod_artifacts/comparison/dior/brightness/seed_43/0f98a48/methods/D/eval_full_brightness_student_ids_v1/class_ap.txt
DIOR,brightness,D,43,student,dam,0.091,printed class_ap.txt (typically 3 decimals),,,complete,/mnt/shared/zechuan/iraod_artifacts/comparison/dior/brightness/seed_43/0f98a48/methods/D/eval_full_brightness_student_ids_v1/class_ap.txt
DIOR,brightness,D,43,student,golffield,0.091,printed class_ap.txt (typically 3 decimals),,,complete,/mnt/shared/zechuan/iraod_artifacts/comparison/dior/brightness/seed_43/0f98a48/methods/D/eval_full_brightness_student_ids_v1/class_ap.txt
DIOR,brightness,D,43,student,groundtrackfield,0.221,printed class_ap.txt (typically 3 decimals),,,complete,/mnt/shared/zechuan/iraod_artifacts/comparison/dior/brightness/seed_43/0f98a48/methods/D/eval_full_brightness_student_ids_v1/class_ap.txt
DIOR,brightness,D,43,student,harbor,0.033,printed class_ap.txt (typically 3 decimals),,,complete,/mnt/shared/zechuan/iraod_artifacts/comparison/dior/brightness/seed_43/0f98a48/methods/D/eval_full_brightness_student_ids_v1/class_ap.txt
DIOR,brightness,D,43,student,overpass,0.091,printed class_ap.txt (typically 3 decimals),,,complete,/mnt/shared/zechuan/iraod_artifacts/comparison/dior/brightness/seed_43/0f98a48/methods/D/eval_full_brightness_student_ids_v1/class_ap.txt
DIOR,brightness,D,43,student,ship,0.447,printed class_ap.txt (typically 3 decimals),,,complete,/mnt/shared/zechuan/iraod_artifacts/comparison/dior/brightness/seed_43/0f98a48/methods/D/eval_full_brightness_student_ids_v1/class_ap.txt
DIOR,brightness,D,43,student,stadium,0.249,printed class_ap.txt (typically 3 decimals),,,complete,/mnt/shared/zechuan/iraod_artifacts/comparison/dior/brightness/seed_43/0f98a48/methods/D/eval_full_brightness_student_ids_v1/class_ap.txt
DIOR,brightness,D,43,student,storagetank,0.236,printed class_ap.txt (typically 3 decimals),,,complete,/mnt/shared/zechuan/iraod_artifacts/comparison/dior/brightness/seed_43/0f98a48/methods/D/eval_full_brightness_student_ids_v1/class_ap.txt
DIOR,brightness,D,43,student,tenniscourt,0.538,printed class_ap.txt (typically 3 decimals),,,complete,/mnt/shared/zechuan/iraod_artifacts/comparison/dior/brightness/seed_43/0f98a48/methods/D/eval_full_brightness_student_ids_v1/class_ap.txt
DIOR,brightness,D,43,student,trainstation,0.091,printed class_ap.txt (typically 3 decimals),,,complete,/mnt/shared/zechuan/iraod_artifacts/comparison/dior/brightness/seed_43/0f98a48/methods/D/eval_full_brightness_student_ids_v1/class_ap.txt
DIOR,brightness,D,43,student,vehicle,0.091,printed class_ap.txt (typically 3 decimals),,,complete,/mnt/shared/zechuan/iraod_artifacts/comparison/dior/brightness/seed_43/0f98a48/methods/D/eval_full_brightness_student_ids_v1/class_ap.txt
DIOR,brightness,D,43,student,windmill,0.091,printed class_ap.txt (typically 3 decimals),,,complete,/mnt/shared/zechuan/iraod_artifacts/comparison/dior/brightness/seed_43/0f98a48/methods/D/eval_full_brightness_student_ids_v1/class_ap.txt
DIOR,brightness,D,44,student,airplane,0.165,printed class_ap.txt (typically 3 decimals),,,complete,/mnt/shared/zechuan/iraod_artifacts/comparison/dior/brightness/seed_44/0f98a48/methods/D/eval_full_brightness_student_ids_v1/class_ap.txt
DIOR,brightness,D,44,student,airport,0.008,printed class_ap.txt (typically 3 decimals),,,complete,/mnt/shared/zechuan/iraod_artifacts/comparison/dior/brightness/seed_44/0f98a48/methods/D/eval_full_brightness_student_ids_v1/class_ap.txt
DIOR,brightness,D,44,student,baseballfield,0.457,printed class_ap.txt (typically 3 decimals),,,complete,/mnt/shared/zechuan/iraod_artifacts/comparison/dior/brightness/seed_44/0f98a48/methods/D/eval_full_brightness_student_ids_v1/class_ap.txt
DIOR,brightness,D,44,student,basketballcourt,0.281,printed class_ap.txt (typically 3 decimals),,,complete,/mnt/shared/zechuan/iraod_artifacts/comparison/dior/brightness/seed_44/0f98a48/methods/D/eval_full_brightness_student_ids_v1/class_ap.txt
DIOR,brightness,D,44,student,bridge,0.091,printed class_ap.txt (typically 3 decimals),,,complete,/mnt/shared/zechuan/iraod_artifacts/comparison/dior/brightness/seed_44/0f98a48/methods/D/eval_full_brightness_student_ids_v1/class_ap.txt
DIOR,brightness,D,44,student,chimney,0.254,printed class_ap.txt (typically 3 decimals),,,complete,/mnt/shared/zechuan/iraod_artifacts/comparison/dior/brightness/seed_44/0f98a48/methods/D/eval_full_brightness_student_ids_v1/class_ap.txt
DIOR,brightness,D,44,student,expressway-service-area,0.161,printed class_ap.txt (typically 3 decimals),,,complete,/mnt/shared/zechuan/iraod_artifacts/comparison/dior/brightness/seed_44/0f98a48/methods/D/eval_full_brightness_student_ids_v1/class_ap.txt
DIOR,brightness,D,44,student,expressway-toll-station,0.091,printed class_ap.txt (typically 3 decimals),,,complete,/mnt/shared/zechuan/iraod_artifacts/comparison/dior/brightness/seed_44/0f98a48/methods/D/eval_full_brightness_student_ids_v1/class_ap.txt
DIOR,brightness,D,44,student,dam,0.091,printed class_ap.txt (typically 3 decimals),,,complete,/mnt/shared/zechuan/iraod_artifacts/comparison/dior/brightness/seed_44/0f98a48/methods/D/eval_full_brightness_student_ids_v1/class_ap.txt
DIOR,brightness,D,44,student,golffield,0.091,printed class_ap.txt (typically 3 decimals),,,complete,/mnt/shared/zechuan/iraod_artifacts/comparison/dior/brightness/seed_44/0f98a48/methods/D/eval_full_brightness_student_ids_v1/class_ap.txt
DIOR,brightness,D,44,student,groundtrackfield,0.219,printed class_ap.txt (typically 3 decimals),,,complete,/mnt/shared/zechuan/iraod_artifacts/comparison/dior/brightness/seed_44/0f98a48/methods/D/eval_full_brightness_student_ids_v1/class_ap.txt
DIOR,brightness,D,44,student,harbor,0.041,printed class_ap.txt (typically 3 decimals),,,complete,/mnt/shared/zechuan/iraod_artifacts/comparison/dior/brightness/seed_44/0f98a48/methods/D/eval_full_brightness_student_ids_v1/class_ap.txt
DIOR,brightness,D,44,student,overpass,0.091,printed class_ap.txt (typically 3 decimals),,,complete,/mnt/shared/zechuan/iraod_artifacts/comparison/dior/brightness/seed_44/0f98a48/methods/D/eval_full_brightness_student_ids_v1/class_ap.txt
DIOR,brightness,D,44,student,ship,0.353,printed class_ap.txt (typically 3 decimals),,,complete,/mnt/shared/zechuan/iraod_artifacts/comparison/dior/brightness/seed_44/0f98a48/methods/D/eval_full_brightness_student_ids_v1/class_ap.txt
DIOR,brightness,D,44,student,stadium,0.239,printed class_ap.txt (typically 3 decimals),,,complete,/mnt/shared/zechuan/iraod_artifacts/comparison/dior/brightness/seed_44/0f98a48/methods/D/eval_full_brightness_student_ids_v1/class_ap.txt
DIOR,brightness,D,44,student,storagetank,0.22,printed class_ap.txt (typically 3 decimals),,,complete,/mnt/shared/zechuan/iraod_artifacts/comparison/dior/brightness/seed_44/0f98a48/methods/D/eval_full_brightness_student_ids_v1/class_ap.txt
DIOR,brightness,D,44,student,tenniscourt,0.53,printed class_ap.txt (typically 3 decimals),,,complete,/mnt/shared/zechuan/iraod_artifacts/comparison/dior/brightness/seed_44/0f98a48/methods/D/eval_full_brightness_student_ids_v1/class_ap.txt
DIOR,brightness,D,44,student,trainstation,0.122,printed class_ap.txt (typically 3 decimals),,,complete,/mnt/shared/zechuan/iraod_artifacts/comparison/dior/brightness/seed_44/0f98a48/methods/D/eval_full_brightness_student_ids_v1/class_ap.txt
DIOR,brightness,D,44,student,vehicle,0.091,printed class_ap.txt (typically 3 decimals),,,complete,/mnt/shared/zechuan/iraod_artifacts/comparison/dior/brightness/seed_44/0f98a48/methods/D/eval_full_brightness_student_ids_v1/class_ap.txt
DIOR,brightness,D,44,student,windmill,0.045,printed class_ap.txt (typically 3 decimals),,,complete,/mnt/shared/zechuan/iraod_artifacts/comparison/dior/brightness/seed_44/0f98a48/methods/D/eval_full_brightness_student_ids_v1/class_ap.txt
DIOR,brightness,E,42,student,airplane,0.335,printed class_ap.txt (typically 3 decimals),,,complete,/mnt/shared/zechuan/iraod_artifacts/comparison/dior/brightness/seed_42/0f98a48/methods/E/ddp2/eval_full_brightness_student_ids_v1/class_ap.txt
DIOR,brightness,E,42,student,airport,0.012,printed class_ap.txt (typically 3 decimals),,,complete,/mnt/shared/zechuan/iraod_artifacts/comparison/dior/brightness/seed_42/0f98a48/methods/E/ddp2/eval_full_brightness_student_ids_v1/class_ap.txt
DIOR,brightness,E,42,student,baseballfield,0.485,printed class_ap.txt (typically 3 decimals),,,complete,/mnt/shared/zechuan/iraod_artifacts/comparison/dior/brightness/seed_42/0f98a48/methods/E/ddp2/eval_full_brightness_student_ids_v1/class_ap.txt
DIOR,brightness,E,42,student,basketballcourt,0.266,printed class_ap.txt (typically 3 decimals),,,complete,/mnt/shared/zechuan/iraod_artifacts/comparison/dior/brightness/seed_42/0f98a48/methods/E/ddp2/eval_full_brightness_student_ids_v1/class_ap.txt
DIOR,brightness,E,42,student,bridge,0.091,printed class_ap.txt (typically 3 decimals),,,complete,/mnt/shared/zechuan/iraod_artifacts/comparison/dior/brightness/seed_42/0f98a48/methods/E/ddp2/eval_full_brightness_student_ids_v1/class_ap.txt
DIOR,brightness,E,42,student,chimney,0.353,printed class_ap.txt (typically 3 decimals),,,complete,/mnt/shared/zechuan/iraod_artifacts/comparison/dior/brightness/seed_42/0f98a48/methods/E/ddp2/eval_full_brightness_student_ids_v1/class_ap.txt
DIOR,brightness,E,42,student,expressway-service-area,0.224,printed class_ap.txt (typically 3 decimals),,,complete,/mnt/shared/zechuan/iraod_artifacts/comparison/dior/brightness/seed_42/0f98a48/methods/E/ddp2/eval_full_brightness_student_ids_v1/class_ap.txt
DIOR,brightness,E,42,student,expressway-toll-station,0.139,printed class_ap.txt (typically 3 decimals),,,complete,/mnt/shared/zechuan/iraod_artifacts/comparison/dior/brightness/seed_42/0f98a48/methods/E/ddp2/eval_full_brightness_student_ids_v1/class_ap.txt
DIOR,brightness,E,42,student,dam,0.045,printed class_ap.txt (typically 3 decimals),,,complete,/mnt/shared/zechuan/iraod_artifacts/comparison/dior/brightness/seed_42/0f98a48/methods/E/ddp2/eval_full_brightness_student_ids_v1/class_ap.txt
DIOR,brightness,E,42,student,golffield,0.15,printed class_ap.txt (typically 3 decimals),,,complete,/mnt/shared/zechuan/iraod_artifacts/comparison/dior/brightness/seed_42/0f98a48/methods/E/ddp2/eval_full_brightness_student_ids_v1/class_ap.txt
DIOR,brightness,E,42,student,groundtrackfield,0.213,printed class_ap.txt (typically 3 decimals),,,complete,/mnt/shared/zechuan/iraod_artifacts/comparison/dior/brightness/seed_42/0f98a48/methods/E/ddp2/eval_full_brightness_student_ids_v1/class_ap.txt
DIOR,brightness,E,42,student,harbor,0.087,printed class_ap.txt (typically 3 decimals),,,complete,/mnt/shared/zechuan/iraod_artifacts/comparison/dior/brightness/seed_42/0f98a48/methods/E/ddp2/eval_full_brightness_student_ids_v1/class_ap.txt
DIOR,brightness,E,42,student,overpass,0.124,printed class_ap.txt (typically 3 decimals),,,complete,/mnt/shared/zechuan/iraod_artifacts/comparison/dior/brightness/seed_42/0f98a48/methods/E/ddp2/eval_full_brightness_student_ids_v1/class_ap.txt
DIOR,brightness,E,42,student,ship,0.647,printed class_ap.txt (typically 3 decimals),,,complete,/mnt/shared/zechuan/iraod_artifacts/comparison/dior/brightness/seed_42/0f98a48/methods/E/ddp2/eval_full_brightness_student_ids_v1/class_ap.txt
DIOR,brightness,E,42,student,stadium,0.234,printed class_ap.txt (typically 3 decimals),,,complete,/mnt/shared/zechuan/iraod_artifacts/comparison/dior/brightness/seed_42/0f98a48/methods/E/ddp2/eval_full_brightness_student_ids_v1/class_ap.txt
DIOR,brightness,E,42,student,storagetank,0.305,printed class_ap.txt (typically 3 decimals),,,complete,/mnt/shared/zechuan/iraod_artifacts/comparison/dior/brightness/seed_42/0f98a48/methods/E/ddp2/eval_full_brightness_student_ids_v1/class_ap.txt
DIOR,brightness,E,42,student,tenniscourt,0.538,printed class_ap.txt (typically 3 decimals),,,complete,/mnt/shared/zechuan/iraod_artifacts/comparison/dior/brightness/seed_42/0f98a48/methods/E/ddp2/eval_full_brightness_student_ids_v1/class_ap.txt
DIOR,brightness,E,42,student,trainstation,0.112,printed class_ap.txt (typically 3 decimals),,,complete,/mnt/shared/zechuan/iraod_artifacts/comparison/dior/brightness/seed_42/0f98a48/methods/E/ddp2/eval_full_brightness_student_ids_v1/class_ap.txt
DIOR,brightness,E,42,student,vehicle,0.268,printed class_ap.txt (typically 3 decimals),,,complete,/mnt/shared/zechuan/iraod_artifacts/comparison/dior/brightness/seed_42/0f98a48/methods/E/ddp2/eval_full_brightness_student_ids_v1/class_ap.txt
DIOR,brightness,E,42,student,windmill,0.112,printed class_ap.txt (typically 3 decimals),,,complete,/mnt/shared/zechuan/iraod_artifacts/comparison/dior/brightness/seed_42/0f98a48/methods/E/ddp2/eval_full_brightness_student_ids_v1/class_ap.txt
DIOR,brightness,E,43,student,airplane,0.293,printed class_ap.txt (typically 3 decimals),,,complete,/mnt/shared/zechuan/iraod_artifacts/comparison/dior/brightness/seed_43/0f98a48/methods/E/ddp2/eval_full_brightness_student_ids_v1/class_ap.txt
DIOR,brightness,E,43,student,airport,0.018,printed class_ap.txt (typically 3 decimals),,,complete,/mnt/shared/zechuan/iraod_artifacts/comparison/dior/brightness/seed_43/0f98a48/methods/E/ddp2/eval_full_brightness_student_ids_v1/class_ap.txt
DIOR,brightness,E,43,student,baseballfield,0.489,printed class_ap.txt (typically 3 decimals),,,complete,/mnt/shared/zechuan/iraod_artifacts/comparison/dior/brightness/seed_43/0f98a48/methods/E/ddp2/eval_full_brightness_student_ids_v1/class_ap.txt
DIOR,brightness,E,43,student,basketballcourt,0.271,printed class_ap.txt (typically 3 decimals),,,complete,/mnt/shared/zechuan/iraod_artifacts/comparison/dior/brightness/seed_43/0f98a48/methods/E/ddp2/eval_full_brightness_student_ids_v1/class_ap.txt
DIOR,brightness,E,43,student,bridge,0.05,printed class_ap.txt (typically 3 decimals),,,complete,/mnt/shared/zechuan/iraod_artifacts/comparison/dior/brightness/seed_43/0f98a48/methods/E/ddp2/eval_full_brightness_student_ids_v1/class_ap.txt
DIOR,brightness,E,43,student,chimney,0.336,printed class_ap.txt (typically 3 decimals),,,complete,/mnt/shared/zechuan/iraod_artifacts/comparison/dior/brightness/seed_43/0f98a48/methods/E/ddp2/eval_full_brightness_student_ids_v1/class_ap.txt
DIOR,brightness,E,43,student,expressway-service-area,0.186,printed class_ap.txt (typically 3 decimals),,,complete,/mnt/shared/zechuan/iraod_artifacts/comparison/dior/brightness/seed_43/0f98a48/methods/E/ddp2/eval_full_brightness_student_ids_v1/class_ap.txt
DIOR,brightness,E,43,student,expressway-toll-station,0.115,printed class_ap.txt (typically 3 decimals),,,complete,/mnt/shared/zechuan/iraod_artifacts/comparison/dior/brightness/seed_43/0f98a48/methods/E/ddp2/eval_full_brightness_student_ids_v1/class_ap.txt
DIOR,brightness,E,43,student,dam,0.091,printed class_ap.txt (typically 3 decimals),,,complete,/mnt/shared/zechuan/iraod_artifacts/comparison/dior/brightness/seed_43/0f98a48/methods/E/ddp2/eval_full_brightness_student_ids_v1/class_ap.txt
DIOR,brightness,E,43,student,golffield,0.129,printed class_ap.txt (typically 3 decimals),,,complete,/mnt/shared/zechuan/iraod_artifacts/comparison/dior/brightness/seed_43/0f98a48/methods/E/ddp2/eval_full_brightness_student_ids_v1/class_ap.txt
DIOR,brightness,E,43,student,groundtrackfield,0.207,printed class_ap.txt (typically 3 decimals),,,complete,/mnt/shared/zechuan/iraod_artifacts/comparison/dior/brightness/seed_43/0f98a48/methods/E/ddp2/eval_full_brightness_student_ids_v1/class_ap.txt
DIOR,brightness,E,43,student,harbor,0.091,printed class_ap.txt (typically 3 decimals),,,complete,/mnt/shared/zechuan/iraod_artifacts/comparison/dior/brightness/seed_43/0f98a48/methods/E/ddp2/eval_full_brightness_student_ids_v1/class_ap.txt
DIOR,brightness,E,43,student,overpass,0.151,printed class_ap.txt (typically 3 decimals),,,complete,/mnt/shared/zechuan/iraod_artifacts/comparison/dior/brightness/seed_43/0f98a48/methods/E/ddp2/eval_full_brightness_student_ids_v1/class_ap.txt
DIOR,brightness,E,43,student,ship,0.655,printed class_ap.txt (typically 3 decimals),,,complete,/mnt/shared/zechuan/iraod_artifacts/comparison/dior/brightness/seed_43/0f98a48/methods/E/ddp2/eval_full_brightness_student_ids_v1/class_ap.txt
DIOR,brightness,E,43,student,stadium,0.192,printed class_ap.txt (typically 3 decimals),,,complete,/mnt/shared/zechuan/iraod_artifacts/comparison/dior/brightness/seed_43/0f98a48/methods/E/ddp2/eval_full_brightness_student_ids_v1/class_ap.txt
DIOR,brightness,E,43,student,storagetank,0.316,printed class_ap.txt (typically 3 decimals),,,complete,/mnt/shared/zechuan/iraod_artifacts/comparison/dior/brightness/seed_43/0f98a48/methods/E/ddp2/eval_full_brightness_student_ids_v1/class_ap.txt
DIOR,brightness,E,43,student,tenniscourt,0.539,printed class_ap.txt (typically 3 decimals),,,complete,/mnt/shared/zechuan/iraod_artifacts/comparison/dior/brightness/seed_43/0f98a48/methods/E/ddp2/eval_full_brightness_student_ids_v1/class_ap.txt
DIOR,brightness,E,43,student,trainstation,0.032,printed class_ap.txt (typically 3 decimals),,,complete,/mnt/shared/zechuan/iraod_artifacts/comparison/dior/brightness/seed_43/0f98a48/methods/E/ddp2/eval_full_brightness_student_ids_v1/class_ap.txt
DIOR,brightness,E,43,student,vehicle,0.266,printed class_ap.txt (typically 3 decimals),,,complete,/mnt/shared/zechuan/iraod_artifacts/comparison/dior/brightness/seed_43/0f98a48/methods/E/ddp2/eval_full_brightness_student_ids_v1/class_ap.txt
DIOR,brightness,E,43,student,windmill,0.076,printed class_ap.txt (typically 3 decimals),,,complete,/mnt/shared/zechuan/iraod_artifacts/comparison/dior/brightness/seed_43/0f98a48/methods/E/ddp2/eval_full_brightness_student_ids_v1/class_ap.txt
DIOR,brightness,E,44,student,airplane,0.314,printed class_ap.txt (typically 3 decimals),,,complete,/mnt/shared/zechuan/iraod_artifacts/comparison/dior/brightness/seed_44/0f98a48/methods/E/ddp2/eval_full_brightness_student_ids_v1/class_ap.txt
DIOR,brightness,E,44,student,airport,0.008,printed class_ap.txt (typically 3 decimals),,,complete,/mnt/shared/zechuan/iraod_artifacts/comparison/dior/brightness/seed_44/0f98a48/methods/E/ddp2/eval_full_brightness_student_ids_v1/class_ap.txt
DIOR,brightness,E,44,student,baseballfield,0.491,printed class_ap.txt (typically 3 decimals),,,complete,/mnt/shared/zechuan/iraod_artifacts/comparison/dior/brightness/seed_44/0f98a48/methods/E/ddp2/eval_full_brightness_student_ids_v1/class_ap.txt
DIOR,brightness,E,44,student,basketballcourt,0.276,printed class_ap.txt (typically 3 decimals),,,complete,/mnt/shared/zechuan/iraod_artifacts/comparison/dior/brightness/seed_44/0f98a48/methods/E/ddp2/eval_full_brightness_student_ids_v1/class_ap.txt
DIOR,brightness,E,44,student,bridge,0.091,printed class_ap.txt (typically 3 decimals),,,complete,/mnt/shared/zechuan/iraod_artifacts/comparison/dior/brightness/seed_44/0f98a48/methods/E/ddp2/eval_full_brightness_student_ids_v1/class_ap.txt
DIOR,brightness,E,44,student,chimney,0.346,printed class_ap.txt (typically 3 decimals),,,complete,/mnt/shared/zechuan/iraod_artifacts/comparison/dior/brightness/seed_44/0f98a48/methods/E/ddp2/eval_full_brightness_student_ids_v1/class_ap.txt
DIOR,brightness,E,44,student,expressway-service-area,0.187,printed class_ap.txt (typically 3 decimals),,,complete,/mnt/shared/zechuan/iraod_artifacts/comparison/dior/brightness/seed_44/0f98a48/methods/E/ddp2/eval_full_brightness_student_ids_v1/class_ap.txt
DIOR,brightness,E,44,student,expressway-toll-station,0.133,printed class_ap.txt (typically 3 decimals),,,complete,/mnt/shared/zechuan/iraod_artifacts/comparison/dior/brightness/seed_44/0f98a48/methods/E/ddp2/eval_full_brightness_student_ids_v1/class_ap.txt
DIOR,brightness,E,44,student,dam,0.091,printed class_ap.txt (typically 3 decimals),,,complete,/mnt/shared/zechuan/iraod_artifacts/comparison/dior/brightness/seed_44/0f98a48/methods/E/ddp2/eval_full_brightness_student_ids_v1/class_ap.txt
DIOR,brightness,E,44,student,golffield,0.118,printed class_ap.txt (typically 3 decimals),,,complete,/mnt/shared/zechuan/iraod_artifacts/comparison/dior/brightness/seed_44/0f98a48/methods/E/ddp2/eval_full_brightness_student_ids_v1/class_ap.txt
DIOR,brightness,E,44,student,groundtrackfield,0.201,printed class_ap.txt (typically 3 decimals),,,complete,/mnt/shared/zechuan/iraod_artifacts/comparison/dior/brightness/seed_44/0f98a48/methods/E/ddp2/eval_full_brightness_student_ids_v1/class_ap.txt
DIOR,brightness,E,44,student,harbor,0.056,printed class_ap.txt (typically 3 decimals),,,complete,/mnt/shared/zechuan/iraod_artifacts/comparison/dior/brightness/seed_44/0f98a48/methods/E/ddp2/eval_full_brightness_student_ids_v1/class_ap.txt
DIOR,brightness,E,44,student,overpass,0.13,printed class_ap.txt (typically 3 decimals),,,complete,/mnt/shared/zechuan/iraod_artifacts/comparison/dior/brightness/seed_44/0f98a48/methods/E/ddp2/eval_full_brightness_student_ids_v1/class_ap.txt
DIOR,brightness,E,44,student,ship,0.655,printed class_ap.txt (typically 3 decimals),,,complete,/mnt/shared/zechuan/iraod_artifacts/comparison/dior/brightness/seed_44/0f98a48/methods/E/ddp2/eval_full_brightness_student_ids_v1/class_ap.txt
DIOR,brightness,E,44,student,stadium,0.21,printed class_ap.txt (typically 3 decimals),,,complete,/mnt/shared/zechuan/iraod_artifacts/comparison/dior/brightness/seed_44/0f98a48/methods/E/ddp2/eval_full_brightness_student_ids_v1/class_ap.txt
DIOR,brightness,E,44,student,storagetank,0.34,printed class_ap.txt (typically 3 decimals),,,complete,/mnt/shared/zechuan/iraod_artifacts/comparison/dior/brightness/seed_44/0f98a48/methods/E/ddp2/eval_full_brightness_student_ids_v1/class_ap.txt
DIOR,brightness,E,44,student,tenniscourt,0.539,printed class_ap.txt (typically 3 decimals),,,complete,/mnt/shared/zechuan/iraod_artifacts/comparison/dior/brightness/seed_44/0f98a48/methods/E/ddp2/eval_full_brightness_student_ids_v1/class_ap.txt
DIOR,brightness,E,44,student,trainstation,0.111,printed class_ap.txt (typically 3 decimals),,,complete,/mnt/shared/zechuan/iraod_artifacts/comparison/dior/brightness/seed_44/0f98a48/methods/E/ddp2/eval_full_brightness_student_ids_v1/class_ap.txt
DIOR,brightness,E,44,student,vehicle,0.27,printed class_ap.txt (typically 3 decimals),,,complete,/mnt/shared/zechuan/iraod_artifacts/comparison/dior/brightness/seed_44/0f98a48/methods/E/ddp2/eval_full_brightness_student_ids_v1/class_ap.txt
DIOR,brightness,E,44,student,windmill,0.105,printed class_ap.txt (typically 3 decimals),,,complete,/mnt/shared/zechuan/iraod_artifacts/comparison/dior/brightness/seed_44/0f98a48/methods/E/ddp2/eval_full_brightness_student_ids_v1/class_ap.txt
DIOR,brightness,F,42,student,airplane,0.163,printed class_ap.txt (typically 3 decimals),,,complete,/mnt/shared/zechuan/iraod_artifacts/comparison/dior/brightness/seed_42/0f98a48/methods/F/ddp2/eval_full_brightness_student_ids_v1/class_ap.txt
DIOR,brightness,F,42,student,airport,0.005,printed class_ap.txt (typically 3 decimals),,,complete,/mnt/shared/zechuan/iraod_artifacts/comparison/dior/brightness/seed_42/0f98a48/methods/F/ddp2/eval_full_brightness_student_ids_v1/class_ap.txt
DIOR,brightness,F,42,student,baseballfield,0.426,printed class_ap.txt (typically 3 decimals),,,complete,/mnt/shared/zechuan/iraod_artifacts/comparison/dior/brightness/seed_42/0f98a48/methods/F/ddp2/eval_full_brightness_student_ids_v1/class_ap.txt
DIOR,brightness,F,42,student,basketballcourt,0.223,printed class_ap.txt (typically 3 decimals),,,complete,/mnt/shared/zechuan/iraod_artifacts/comparison/dior/brightness/seed_42/0f98a48/methods/F/ddp2/eval_full_brightness_student_ids_v1/class_ap.txt
DIOR,brightness,F,42,student,bridge,0.091,printed class_ap.txt (typically 3 decimals),,,complete,/mnt/shared/zechuan/iraod_artifacts/comparison/dior/brightness/seed_42/0f98a48/methods/F/ddp2/eval_full_brightness_student_ids_v1/class_ap.txt
DIOR,brightness,F,42,student,chimney,0.165,printed class_ap.txt (typically 3 decimals),,,complete,/mnt/shared/zechuan/iraod_artifacts/comparison/dior/brightness/seed_42/0f98a48/methods/F/ddp2/eval_full_brightness_student_ids_v1/class_ap.txt
DIOR,brightness,F,42,student,expressway-service-area,0.159,printed class_ap.txt (typically 3 decimals),,,complete,/mnt/shared/zechuan/iraod_artifacts/comparison/dior/brightness/seed_42/0f98a48/methods/F/ddp2/eval_full_brightness_student_ids_v1/class_ap.txt
DIOR,brightness,F,42,student,expressway-toll-station,0.091,printed class_ap.txt (typically 3 decimals),,,complete,/mnt/shared/zechuan/iraod_artifacts/comparison/dior/brightness/seed_42/0f98a48/methods/F/ddp2/eval_full_brightness_student_ids_v1/class_ap.txt
DIOR,brightness,F,42,student,dam,0.091,printed class_ap.txt (typically 3 decimals),,,complete,/mnt/shared/zechuan/iraod_artifacts/comparison/dior/brightness/seed_42/0f98a48/methods/F/ddp2/eval_full_brightness_student_ids_v1/class_ap.txt
DIOR,brightness,F,42,student,golffield,0.091,printed class_ap.txt (typically 3 decimals),,,complete,/mnt/shared/zechuan/iraod_artifacts/comparison/dior/brightness/seed_42/0f98a48/methods/F/ddp2/eval_full_brightness_student_ids_v1/class_ap.txt
DIOR,brightness,F,42,student,groundtrackfield,0.212,printed class_ap.txt (typically 3 decimals),,,complete,/mnt/shared/zechuan/iraod_artifacts/comparison/dior/brightness/seed_42/0f98a48/methods/F/ddp2/eval_full_brightness_student_ids_v1/class_ap.txt
DIOR,brightness,F,42,student,harbor,0.045,printed class_ap.txt (typically 3 decimals),,,complete,/mnt/shared/zechuan/iraod_artifacts/comparison/dior/brightness/seed_42/0f98a48/methods/F/ddp2/eval_full_brightness_student_ids_v1/class_ap.txt
DIOR,brightness,F,42,student,overpass,0.091,printed class_ap.txt (typically 3 decimals),,,complete,/mnt/shared/zechuan/iraod_artifacts/comparison/dior/brightness/seed_42/0f98a48/methods/F/ddp2/eval_full_brightness_student_ids_v1/class_ap.txt
DIOR,brightness,F,42,student,ship,0.261,printed class_ap.txt (typically 3 decimals),,,complete,/mnt/shared/zechuan/iraod_artifacts/comparison/dior/brightness/seed_42/0f98a48/methods/F/ddp2/eval_full_brightness_student_ids_v1/class_ap.txt
DIOR,brightness,F,42,student,stadium,0.232,printed class_ap.txt (typically 3 decimals),,,complete,/mnt/shared/zechuan/iraod_artifacts/comparison/dior/brightness/seed_42/0f98a48/methods/F/ddp2/eval_full_brightness_student_ids_v1/class_ap.txt
DIOR,brightness,F,42,student,storagetank,0.162,printed class_ap.txt (typically 3 decimals),,,complete,/mnt/shared/zechuan/iraod_artifacts/comparison/dior/brightness/seed_42/0f98a48/methods/F/ddp2/eval_full_brightness_student_ids_v1/class_ap.txt
DIOR,brightness,F,42,student,tenniscourt,0.527,printed class_ap.txt (typically 3 decimals),,,complete,/mnt/shared/zechuan/iraod_artifacts/comparison/dior/brightness/seed_42/0f98a48/methods/F/ddp2/eval_full_brightness_student_ids_v1/class_ap.txt
DIOR,brightness,F,42,student,trainstation,0.061,printed class_ap.txt (typically 3 decimals),,,complete,/mnt/shared/zechuan/iraod_artifacts/comparison/dior/brightness/seed_42/0f98a48/methods/F/ddp2/eval_full_brightness_student_ids_v1/class_ap.txt
DIOR,brightness,F,42,student,vehicle,0.091,printed class_ap.txt (typically 3 decimals),,,complete,/mnt/shared/zechuan/iraod_artifacts/comparison/dior/brightness/seed_42/0f98a48/methods/F/ddp2/eval_full_brightness_student_ids_v1/class_ap.txt
DIOR,brightness,F,42,student,windmill,0.091,printed class_ap.txt (typically 3 decimals),,,complete,/mnt/shared/zechuan/iraod_artifacts/comparison/dior/brightness/seed_42/0f98a48/methods/F/ddp2/eval_full_brightness_student_ids_v1/class_ap.txt
DIOR,brightness,F,43,student,airplane,0.091,printed class_ap.txt (typically 3 decimals),,,complete,/mnt/shared/zechuan/iraod_artifacts/comparison/dior/brightness/seed_43/0f98a48/methods/F/ddp2/eval_full_brightness_student_ids_v1/class_ap.txt
DIOR,brightness,F,43,student,airport,0.018,printed class_ap.txt (typically 3 decimals),,,complete,/mnt/shared/zechuan/iraod_artifacts/comparison/dior/brightness/seed_43/0f98a48/methods/F/ddp2/eval_full_brightness_student_ids_v1/class_ap.txt
DIOR,brightness,F,43,student,baseballfield,0.43,printed class_ap.txt (typically 3 decimals),,,complete,/mnt/shared/zechuan/iraod_artifacts/comparison/dior/brightness/seed_43/0f98a48/methods/F/ddp2/eval_full_brightness_student_ids_v1/class_ap.txt
DIOR,brightness,F,43,student,basketballcourt,0.185,printed class_ap.txt (typically 3 decimals),,,complete,/mnt/shared/zechuan/iraod_artifacts/comparison/dior/brightness/seed_43/0f98a48/methods/F/ddp2/eval_full_brightness_student_ids_v1/class_ap.txt
DIOR,brightness,F,43,student,bridge,0.091,printed class_ap.txt (typically 3 decimals),,,complete,/mnt/shared/zechuan/iraod_artifacts/comparison/dior/brightness/seed_43/0f98a48/methods/F/ddp2/eval_full_brightness_student_ids_v1/class_ap.txt
DIOR,brightness,F,43,student,chimney,0.091,printed class_ap.txt (typically 3 decimals),,,complete,/mnt/shared/zechuan/iraod_artifacts/comparison/dior/brightness/seed_43/0f98a48/methods/F/ddp2/eval_full_brightness_student_ids_v1/class_ap.txt
DIOR,brightness,F,43,student,expressway-service-area,0.088,printed class_ap.txt (typically 3 decimals),,,complete,/mnt/shared/zechuan/iraod_artifacts/comparison/dior/brightness/seed_43/0f98a48/methods/F/ddp2/eval_full_brightness_student_ids_v1/class_ap.txt
DIOR,brightness,F,43,student,expressway-toll-station,0.091,printed class_ap.txt (typically 3 decimals),,,complete,/mnt/shared/zechuan/iraod_artifacts/comparison/dior/brightness/seed_43/0f98a48/methods/F/ddp2/eval_full_brightness_student_ids_v1/class_ap.txt
DIOR,brightness,F,43,student,dam,0.091,printed class_ap.txt (typically 3 decimals),,,complete,/mnt/shared/zechuan/iraod_artifacts/comparison/dior/brightness/seed_43/0f98a48/methods/F/ddp2/eval_full_brightness_student_ids_v1/class_ap.txt
DIOR,brightness,F,43,student,golffield,0.091,printed class_ap.txt (typically 3 decimals),,,complete,/mnt/shared/zechuan/iraod_artifacts/comparison/dior/brightness/seed_43/0f98a48/methods/F/ddp2/eval_full_brightness_student_ids_v1/class_ap.txt
DIOR,brightness,F,43,student,groundtrackfield,0.187,printed class_ap.txt (typically 3 decimals),,,complete,/mnt/shared/zechuan/iraod_artifacts/comparison/dior/brightness/seed_43/0f98a48/methods/F/ddp2/eval_full_brightness_student_ids_v1/class_ap.txt
DIOR,brightness,F,43,student,harbor,0.014,printed class_ap.txt (typically 3 decimals),,,complete,/mnt/shared/zechuan/iraod_artifacts/comparison/dior/brightness/seed_43/0f98a48/methods/F/ddp2/eval_full_brightness_student_ids_v1/class_ap.txt
DIOR,brightness,F,43,student,overpass,0.091,printed class_ap.txt (typically 3 decimals),,,complete,/mnt/shared/zechuan/iraod_artifacts/comparison/dior/brightness/seed_43/0f98a48/methods/F/ddp2/eval_full_brightness_student_ids_v1/class_ap.txt
DIOR,brightness,F,43,student,ship,0.357,printed class_ap.txt (typically 3 decimals),,,complete,/mnt/shared/zechuan/iraod_artifacts/comparison/dior/brightness/seed_43/0f98a48/methods/F/ddp2/eval_full_brightness_student_ids_v1/class_ap.txt
DIOR,brightness,F,43,student,stadium,0.204,printed class_ap.txt (typically 3 decimals),,,complete,/mnt/shared/zechuan/iraod_artifacts/comparison/dior/brightness/seed_43/0f98a48/methods/F/ddp2/eval_full_brightness_student_ids_v1/class_ap.txt
DIOR,brightness,F,43,student,storagetank,0.165,printed class_ap.txt (typically 3 decimals),,,complete,/mnt/shared/zechuan/iraod_artifacts/comparison/dior/brightness/seed_43/0f98a48/methods/F/ddp2/eval_full_brightness_student_ids_v1/class_ap.txt
DIOR,brightness,F,43,student,tenniscourt,0.507,printed class_ap.txt (typically 3 decimals),,,complete,/mnt/shared/zechuan/iraod_artifacts/comparison/dior/brightness/seed_43/0f98a48/methods/F/ddp2/eval_full_brightness_student_ids_v1/class_ap.txt
DIOR,brightness,F,43,student,trainstation,0.036,printed class_ap.txt (typically 3 decimals),,,complete,/mnt/shared/zechuan/iraod_artifacts/comparison/dior/brightness/seed_43/0f98a48/methods/F/ddp2/eval_full_brightness_student_ids_v1/class_ap.txt
DIOR,brightness,F,43,student,vehicle,0.091,printed class_ap.txt (typically 3 decimals),,,complete,/mnt/shared/zechuan/iraod_artifacts/comparison/dior/brightness/seed_43/0f98a48/methods/F/ddp2/eval_full_brightness_student_ids_v1/class_ap.txt
DIOR,brightness,F,43,student,windmill,0.04,printed class_ap.txt (typically 3 decimals),,,complete,/mnt/shared/zechuan/iraod_artifacts/comparison/dior/brightness/seed_43/0f98a48/methods/F/ddp2/eval_full_brightness_student_ids_v1/class_ap.txt
DIOR,brightness,F,44,student,airplane,0.162,printed class_ap.txt (typically 3 decimals),,,complete,/mnt/shared/zechuan/iraod_artifacts/comparison/dior/brightness/seed_44/0f98a48/methods/F/ddp2/eval_full_brightness_student_ids_v1/class_ap.txt
DIOR,brightness,F,44,student,airport,0.0,printed class_ap.txt (typically 3 decimals),,,complete,/mnt/shared/zechuan/iraod_artifacts/comparison/dior/brightness/seed_44/0f98a48/methods/F/ddp2/eval_full_brightness_student_ids_v1/class_ap.txt
DIOR,brightness,F,44,student,baseballfield,0.428,printed class_ap.txt (typically 3 decimals),,,complete,/mnt/shared/zechuan/iraod_artifacts/comparison/dior/brightness/seed_44/0f98a48/methods/F/ddp2/eval_full_brightness_student_ids_v1/class_ap.txt
DIOR,brightness,F,44,student,basketballcourt,0.219,printed class_ap.txt (typically 3 decimals),,,complete,/mnt/shared/zechuan/iraod_artifacts/comparison/dior/brightness/seed_44/0f98a48/methods/F/ddp2/eval_full_brightness_student_ids_v1/class_ap.txt
DIOR,brightness,F,44,student,bridge,0.091,printed class_ap.txt (typically 3 decimals),,,complete,/mnt/shared/zechuan/iraod_artifacts/comparison/dior/brightness/seed_44/0f98a48/methods/F/ddp2/eval_full_brightness_student_ids_v1/class_ap.txt
DIOR,brightness,F,44,student,chimney,0.091,printed class_ap.txt (typically 3 decimals),,,complete,/mnt/shared/zechuan/iraod_artifacts/comparison/dior/brightness/seed_44/0f98a48/methods/F/ddp2/eval_full_brightness_student_ids_v1/class_ap.txt
DIOR,brightness,F,44,student,expressway-service-area,0.152,printed class_ap.txt (typically 3 decimals),,,complete,/mnt/shared/zechuan/iraod_artifacts/comparison/dior/brightness/seed_44/0f98a48/methods/F/ddp2/eval_full_brightness_student_ids_v1/class_ap.txt
DIOR,brightness,F,44,student,expressway-toll-station,0.091,printed class_ap.txt (typically 3 decimals),,,complete,/mnt/shared/zechuan/iraod_artifacts/comparison/dior/brightness/seed_44/0f98a48/methods/F/ddp2/eval_full_brightness_student_ids_v1/class_ap.txt
DIOR,brightness,F,44,student,dam,0.091,printed class_ap.txt (typically 3 decimals),,,complete,/mnt/shared/zechuan/iraod_artifacts/comparison/dior/brightness/seed_44/0f98a48/methods/F/ddp2/eval_full_brightness_student_ids_v1/class_ap.txt
DIOR,brightness,F,44,student,golffield,0.03,printed class_ap.txt (typically 3 decimals),,,complete,/mnt/shared/zechuan/iraod_artifacts/comparison/dior/brightness/seed_44/0f98a48/methods/F/ddp2/eval_full_brightness_student_ids_v1/class_ap.txt
DIOR,brightness,F,44,student,groundtrackfield,0.202,printed class_ap.txt (typically 3 decimals),,,complete,/mnt/shared/zechuan/iraod_artifacts/comparison/dior/brightness/seed_44/0f98a48/methods/F/ddp2/eval_full_brightness_student_ids_v1/class_ap.txt
DIOR,brightness,F,44,student,harbor,0.023,printed class_ap.txt (typically 3 decimals),,,complete,/mnt/shared/zechuan/iraod_artifacts/comparison/dior/brightness/seed_44/0f98a48/methods/F/ddp2/eval_full_brightness_student_ids_v1/class_ap.txt
DIOR,brightness,F,44,student,overpass,0.091,printed class_ap.txt (typically 3 decimals),,,complete,/mnt/shared/zechuan/iraod_artifacts/comparison/dior/brightness/seed_44/0f98a48/methods/F/ddp2/eval_full_brightness_student_ids_v1/class_ap.txt
DIOR,brightness,F,44,student,ship,0.355,printed class_ap.txt (typically 3 decimals),,,complete,/mnt/shared/zechuan/iraod_artifacts/comparison/dior/brightness/seed_44/0f98a48/methods/F/ddp2/eval_full_brightness_student_ids_v1/class_ap.txt
DIOR,brightness,F,44,student,stadium,0.181,printed class_ap.txt (typically 3 decimals),,,complete,/mnt/shared/zechuan/iraod_artifacts/comparison/dior/brightness/seed_44/0f98a48/methods/F/ddp2/eval_full_brightness_student_ids_v1/class_ap.txt
DIOR,brightness,F,44,student,storagetank,0.206,printed class_ap.txt (typically 3 decimals),,,complete,/mnt/shared/zechuan/iraod_artifacts/comparison/dior/brightness/seed_44/0f98a48/methods/F/ddp2/eval_full_brightness_student_ids_v1/class_ap.txt
DIOR,brightness,F,44,student,tenniscourt,0.509,printed class_ap.txt (typically 3 decimals),,,complete,/mnt/shared/zechuan/iraod_artifacts/comparison/dior/brightness/seed_44/0f98a48/methods/F/ddp2/eval_full_brightness_student_ids_v1/class_ap.txt
DIOR,brightness,F,44,student,trainstation,0.038,printed class_ap.txt (typically 3 decimals),,,complete,/mnt/shared/zechuan/iraod_artifacts/comparison/dior/brightness/seed_44/0f98a48/methods/F/ddp2/eval_full_brightness_student_ids_v1/class_ap.txt
DIOR,brightness,F,44,student,vehicle,0.091,printed class_ap.txt (typically 3 decimals),,,complete,/mnt/shared/zechuan/iraod_artifacts/comparison/dior/brightness/seed_44/0f98a48/methods/F/ddp2/eval_full_brightness_student_ids_v1/class_ap.txt
DIOR,brightness,F,44,student,windmill,0.045,printed class_ap.txt (typically 3 decimals),,,complete,/mnt/shared/zechuan/iraod_artifacts/comparison/dior/brightness/seed_44/0f98a48/methods/F/ddp2/eval_full_brightness_student_ids_v1/class_ap.txt
DIOR,cloudy,A,42,source,airplane,0.468,printed class_ap.txt (typically 3 decimals),0.468,0.468,complete,/mnt/shared/zechuan/iraod_artifacts/comparison/dior/cloudy/seed_42/0f98a48/methods/A/eval_full_cloudy_ids_v1/class_ap.txt
DIOR,cloudy,A,42,source,airport,0.011,printed class_ap.txt (typically 3 decimals),0.011,0.011,complete,/mnt/shared/zechuan/iraod_artifacts/comparison/dior/cloudy/seed_42/0f98a48/methods/A/eval_full_cloudy_ids_v1/class_ap.txt
DIOR,cloudy,A,42,source,baseballfield,0.526,printed class_ap.txt (typically 3 decimals),0.526,0.526,complete,/mnt/shared/zechuan/iraod_artifacts/comparison/dior/cloudy/seed_42/0f98a48/methods/A/eval_full_cloudy_ids_v1/class_ap.txt
DIOR,cloudy,A,42,source,basketballcourt,0.359,printed class_ap.txt (typically 3 decimals),0.359,0.359,complete,/mnt/shared/zechuan/iraod_artifacts/comparison/dior/cloudy/seed_42/0f98a48/methods/A/eval_full_cloudy_ids_v1/class_ap.txt
DIOR,cloudy,A,42,source,bridge,0.084,printed class_ap.txt (typically 3 decimals),0.084,0.084,complete,/mnt/shared/zechuan/iraod_artifacts/comparison/dior/cloudy/seed_42/0f98a48/methods/A/eval_full_cloudy_ids_v1/class_ap.txt
DIOR,cloudy,A,42,source,chimney,0.417,printed class_ap.txt (typically 3 decimals),0.417,0.417,complete,/mnt/shared/zechuan/iraod_artifacts/comparison/dior/cloudy/seed_42/0f98a48/methods/A/eval_full_cloudy_ids_v1/class_ap.txt
DIOR,cloudy,A,42,source,expressway-service-area,0.286,printed class_ap.txt (typically 3 decimals),0.286,0.286,complete,/mnt/shared/zechuan/iraod_artifacts/comparison/dior/cloudy/seed_42/0f98a48/methods/A/eval_full_cloudy_ids_v1/class_ap.txt
DIOR,cloudy,A,42,source,expressway-toll-station,0.19,printed class_ap.txt (typically 3 decimals),0.19,0.19,complete,/mnt/shared/zechuan/iraod_artifacts/comparison/dior/cloudy/seed_42/0f98a48/methods/A/eval_full_cloudy_ids_v1/class_ap.txt
DIOR,cloudy,A,42,source,dam,0.014,printed class_ap.txt (typically 3 decimals),0.014,0.014,complete,/mnt/shared/zechuan/iraod_artifacts/comparison/dior/cloudy/seed_42/0f98a48/methods/A/eval_full_cloudy_ids_v1/class_ap.txt
DIOR,cloudy,A,42,source,golffield,0.278,printed class_ap.txt (typically 3 decimals),0.278,0.278,complete,/mnt/shared/zechuan/iraod_artifacts/comparison/dior/cloudy/seed_42/0f98a48/methods/A/eval_full_cloudy_ids_v1/class_ap.txt
DIOR,cloudy,A,42,source,groundtrackfield,0.241,printed class_ap.txt (typically 3 decimals),0.241,0.241,complete,/mnt/shared/zechuan/iraod_artifacts/comparison/dior/cloudy/seed_42/0f98a48/methods/A/eval_full_cloudy_ids_v1/class_ap.txt
DIOR,cloudy,A,42,source,harbor,0.099,printed class_ap.txt (typically 3 decimals),0.099,0.099,complete,/mnt/shared/zechuan/iraod_artifacts/comparison/dior/cloudy/seed_42/0f98a48/methods/A/eval_full_cloudy_ids_v1/class_ap.txt
DIOR,cloudy,A,42,source,overpass,0.179,printed class_ap.txt (typically 3 decimals),0.179,0.179,complete,/mnt/shared/zechuan/iraod_artifacts/comparison/dior/cloudy/seed_42/0f98a48/methods/A/eval_full_cloudy_ids_v1/class_ap.txt
DIOR,cloudy,A,42,source,ship,0.697,printed class_ap.txt (typically 3 decimals),0.697,0.697,complete,/mnt/shared/zechuan/iraod_artifacts/comparison/dior/cloudy/seed_42/0f98a48/methods/A/eval_full_cloudy_ids_v1/class_ap.txt
DIOR,cloudy,A,42,source,stadium,0.258,printed class_ap.txt (typically 3 decimals),0.258,0.258,complete,/mnt/shared/zechuan/iraod_artifacts/comparison/dior/cloudy/seed_42/0f98a48/methods/A/eval_full_cloudy_ids_v1/class_ap.txt
DIOR,cloudy,A,42,source,storagetank,0.476,printed class_ap.txt (typically 3 decimals),0.476,0.476,complete,/mnt/shared/zechuan/iraod_artifacts/comparison/dior/cloudy/seed_42/0f98a48/methods/A/eval_full_cloudy_ids_v1/class_ap.txt
DIOR,cloudy,A,42,source,tenniscourt,0.612,printed class_ap.txt (typically 3 decimals),0.612,0.612,complete,/mnt/shared/zechuan/iraod_artifacts/comparison/dior/cloudy/seed_42/0f98a48/methods/A/eval_full_cloudy_ids_v1/class_ap.txt
DIOR,cloudy,A,42,source,trainstation,0.096,printed class_ap.txt (typically 3 decimals),0.096,0.096,complete,/mnt/shared/zechuan/iraod_artifacts/comparison/dior/cloudy/seed_42/0f98a48/methods/A/eval_full_cloudy_ids_v1/class_ap.txt
DIOR,cloudy,A,42,source,vehicle,0.295,printed class_ap.txt (typically 3 decimals),0.295,0.295,complete,/mnt/shared/zechuan/iraod_artifacts/comparison/dior/cloudy/seed_42/0f98a48/methods/A/eval_full_cloudy_ids_v1/class_ap.txt
DIOR,cloudy,A,42,source,windmill,0.221,printed class_ap.txt (typically 3 decimals),0.221,0.221,complete,/mnt/shared/zechuan/iraod_artifacts/comparison/dior/cloudy/seed_42/0f98a48/methods/A/eval_full_cloudy_ids_v1/class_ap.txt
DIOR,cloudy,B,42,student,airplane,0.385,printed class_ap.txt (typically 3 decimals),,,complete,/mnt/shared/zechuan/iraod_artifacts/comparison/dior/cloudy/seed_42/0f98a48/methods/B/eval_full_cloudy_student_ids_v1/class_ap.txt
DIOR,cloudy,B,42,student,airport,0.008,printed class_ap.txt (typically 3 decimals),,,complete,/mnt/shared/zechuan/iraod_artifacts/comparison/dior/cloudy/seed_42/0f98a48/methods/B/eval_full_cloudy_student_ids_v1/class_ap.txt
DIOR,cloudy,B,42,student,baseballfield,0.515,printed class_ap.txt (typically 3 decimals),,,complete,/mnt/shared/zechuan/iraod_artifacts/comparison/dior/cloudy/seed_42/0f98a48/methods/B/eval_full_cloudy_student_ids_v1/class_ap.txt
DIOR,cloudy,B,42,student,basketballcourt,0.295,printed class_ap.txt (typically 3 decimals),,,complete,/mnt/shared/zechuan/iraod_artifacts/comparison/dior/cloudy/seed_42/0f98a48/methods/B/eval_full_cloudy_student_ids_v1/class_ap.txt
DIOR,cloudy,B,42,student,bridge,0.061,printed class_ap.txt (typically 3 decimals),,,complete,/mnt/shared/zechuan/iraod_artifacts/comparison/dior/cloudy/seed_42/0f98a48/methods/B/eval_full_cloudy_student_ids_v1/class_ap.txt
DIOR,cloudy,B,42,student,chimney,0.365,printed class_ap.txt (typically 3 decimals),,,complete,/mnt/shared/zechuan/iraod_artifacts/comparison/dior/cloudy/seed_42/0f98a48/methods/B/eval_full_cloudy_student_ids_v1/class_ap.txt
DIOR,cloudy,B,42,student,expressway-service-area,0.252,printed class_ap.txt (typically 3 decimals),,,complete,/mnt/shared/zechuan/iraod_artifacts/comparison/dior/cloudy/seed_42/0f98a48/methods/B/eval_full_cloudy_student_ids_v1/class_ap.txt
DIOR,cloudy,B,42,student,expressway-toll-station,0.147,printed class_ap.txt (typically 3 decimals),,,complete,/mnt/shared/zechuan/iraod_artifacts/comparison/dior/cloudy/seed_42/0f98a48/methods/B/eval_full_cloudy_student_ids_v1/class_ap.txt
DIOR,cloudy,B,42,student,dam,0.091,printed class_ap.txt (typically 3 decimals),,,complete,/mnt/shared/zechuan/iraod_artifacts/comparison/dior/cloudy/seed_42/0f98a48/methods/B/eval_full_cloudy_student_ids_v1/class_ap.txt
DIOR,cloudy,B,42,student,golffield,0.23,printed class_ap.txt (typically 3 decimals),,,complete,/mnt/shared/zechuan/iraod_artifacts/comparison/dior/cloudy/seed_42/0f98a48/methods/B/eval_full_cloudy_student_ids_v1/class_ap.txt
DIOR,cloudy,B,42,student,groundtrackfield,0.216,printed class_ap.txt (typically 3 decimals),,,complete,/mnt/shared/zechuan/iraod_artifacts/comparison/dior/cloudy/seed_42/0f98a48/methods/B/eval_full_cloudy_student_ids_v1/class_ap.txt
DIOR,cloudy,B,42,student,harbor,0.091,printed class_ap.txt (typically 3 decimals),,,complete,/mnt/shared/zechuan/iraod_artifacts/comparison/dior/cloudy/seed_42/0f98a48/methods/B/eval_full_cloudy_student_ids_v1/class_ap.txt
DIOR,cloudy,B,42,student,overpass,0.15,printed class_ap.txt (typically 3 decimals),,,complete,/mnt/shared/zechuan/iraod_artifacts/comparison/dior/cloudy/seed_42/0f98a48/methods/B/eval_full_cloudy_student_ids_v1/class_ap.txt
DIOR,cloudy,B,42,student,ship,0.68,printed class_ap.txt (typically 3 decimals),,,complete,/mnt/shared/zechuan/iraod_artifacts/comparison/dior/cloudy/seed_42/0f98a48/methods/B/eval_full_cloudy_student_ids_v1/class_ap.txt
DIOR,cloudy,B,42,student,stadium,0.269,printed class_ap.txt (typically 3 decimals),,,complete,/mnt/shared/zechuan/iraod_artifacts/comparison/dior/cloudy/seed_42/0f98a48/methods/B/eval_full_cloudy_student_ids_v1/class_ap.txt
DIOR,cloudy,B,42,student,storagetank,0.4,printed class_ap.txt (typically 3 decimals),,,complete,/mnt/shared/zechuan/iraod_artifacts/comparison/dior/cloudy/seed_42/0f98a48/methods/B/eval_full_cloudy_student_ids_v1/class_ap.txt
DIOR,cloudy,B,42,student,tenniscourt,0.597,printed class_ap.txt (typically 3 decimals),,,complete,/mnt/shared/zechuan/iraod_artifacts/comparison/dior/cloudy/seed_42/0f98a48/methods/B/eval_full_cloudy_student_ids_v1/class_ap.txt
DIOR,cloudy,B,42,student,trainstation,0.131,printed class_ap.txt (typically 3 decimals),,,complete,/mnt/shared/zechuan/iraod_artifacts/comparison/dior/cloudy/seed_42/0f98a48/methods/B/eval_full_cloudy_student_ids_v1/class_ap.txt
DIOR,cloudy,B,42,student,vehicle,0.286,printed class_ap.txt (typically 3 decimals),,,complete,/mnt/shared/zechuan/iraod_artifacts/comparison/dior/cloudy/seed_42/0f98a48/methods/B/eval_full_cloudy_student_ids_v1/class_ap.txt
DIOR,cloudy,B,42,student,windmill,0.158,printed class_ap.txt (typically 3 decimals),,,complete,/mnt/shared/zechuan/iraod_artifacts/comparison/dior/cloudy/seed_42/0f98a48/methods/B/eval_full_cloudy_student_ids_v1/class_ap.txt
DIOR,cloudy,B,43,student,airplane,0.432,printed class_ap.txt (typically 3 decimals),,,complete,/mnt/shared/zechuan/iraod_artifacts/comparison/dior/cloudy/seed_43/0f98a48/methods/B/eval_full_cloudy_student_ids_v1/class_ap.txt
DIOR,cloudy,B,43,student,airport,0.045,printed class_ap.txt (typically 3 decimals),,,complete,/mnt/shared/zechuan/iraod_artifacts/comparison/dior/cloudy/seed_43/0f98a48/methods/B/eval_full_cloudy_student_ids_v1/class_ap.txt
DIOR,cloudy,B,43,student,baseballfield,0.517,printed class_ap.txt (typically 3 decimals),,,complete,/mnt/shared/zechuan/iraod_artifacts/comparison/dior/cloudy/seed_43/0f98a48/methods/B/eval_full_cloudy_student_ids_v1/class_ap.txt
DIOR,cloudy,B,43,student,basketballcourt,0.311,printed class_ap.txt (typically 3 decimals),,,complete,/mnt/shared/zechuan/iraod_artifacts/comparison/dior/cloudy/seed_43/0f98a48/methods/B/eval_full_cloudy_student_ids_v1/class_ap.txt
DIOR,cloudy,B,43,student,bridge,0.051,printed class_ap.txt (typically 3 decimals),,,complete,/mnt/shared/zechuan/iraod_artifacts/comparison/dior/cloudy/seed_43/0f98a48/methods/B/eval_full_cloudy_student_ids_v1/class_ap.txt
DIOR,cloudy,B,43,student,chimney,0.384,printed class_ap.txt (typically 3 decimals),,,complete,/mnt/shared/zechuan/iraod_artifacts/comparison/dior/cloudy/seed_43/0f98a48/methods/B/eval_full_cloudy_student_ids_v1/class_ap.txt
DIOR,cloudy,B,43,student,expressway-service-area,0.243,printed class_ap.txt (typically 3 decimals),,,complete,/mnt/shared/zechuan/iraod_artifacts/comparison/dior/cloudy/seed_43/0f98a48/methods/B/eval_full_cloudy_student_ids_v1/class_ap.txt
DIOR,cloudy,B,43,student,expressway-toll-station,0.16,printed class_ap.txt (typically 3 decimals),,,complete,/mnt/shared/zechuan/iraod_artifacts/comparison/dior/cloudy/seed_43/0f98a48/methods/B/eval_full_cloudy_student_ids_v1/class_ap.txt
DIOR,cloudy,B,43,student,dam,0.091,printed class_ap.txt (typically 3 decimals),,,complete,/mnt/shared/zechuan/iraod_artifacts/comparison/dior/cloudy/seed_43/0f98a48/methods/B/eval_full_cloudy_student_ids_v1/class_ap.txt
DIOR,cloudy,B,43,student,golffield,0.252,printed class_ap.txt (typically 3 decimals),,,complete,/mnt/shared/zechuan/iraod_artifacts/comparison/dior/cloudy/seed_43/0f98a48/methods/B/eval_full_cloudy_student_ids_v1/class_ap.txt
DIOR,cloudy,B,43,student,groundtrackfield,0.225,printed class_ap.txt (typically 3 decimals),,,complete,/mnt/shared/zechuan/iraod_artifacts/comparison/dior/cloudy/seed_43/0f98a48/methods/B/eval_full_cloudy_student_ids_v1/class_ap.txt
DIOR,cloudy,B,43,student,harbor,0.061,printed class_ap.txt (typically 3 decimals),,,complete,/mnt/shared/zechuan/iraod_artifacts/comparison/dior/cloudy/seed_43/0f98a48/methods/B/eval_full_cloudy_student_ids_v1/class_ap.txt
DIOR,cloudy,B,43,student,overpass,0.157,printed class_ap.txt (typically 3 decimals),,,complete,/mnt/shared/zechuan/iraod_artifacts/comparison/dior/cloudy/seed_43/0f98a48/methods/B/eval_full_cloudy_student_ids_v1/class_ap.txt
DIOR,cloudy,B,43,student,ship,0.683,printed class_ap.txt (typically 3 decimals),,,complete,/mnt/shared/zechuan/iraod_artifacts/comparison/dior/cloudy/seed_43/0f98a48/methods/B/eval_full_cloudy_student_ids_v1/class_ap.txt
DIOR,cloudy,B,43,student,stadium,0.288,printed class_ap.txt (typically 3 decimals),,,complete,/mnt/shared/zechuan/iraod_artifacts/comparison/dior/cloudy/seed_43/0f98a48/methods/B/eval_full_cloudy_student_ids_v1/class_ap.txt
DIOR,cloudy,B,43,student,storagetank,0.418,printed class_ap.txt (typically 3 decimals),,,complete,/mnt/shared/zechuan/iraod_artifacts/comparison/dior/cloudy/seed_43/0f98a48/methods/B/eval_full_cloudy_student_ids_v1/class_ap.txt
DIOR,cloudy,B,43,student,tenniscourt,0.598,printed class_ap.txt (typically 3 decimals),,,complete,/mnt/shared/zechuan/iraod_artifacts/comparison/dior/cloudy/seed_43/0f98a48/methods/B/eval_full_cloudy_student_ids_v1/class_ap.txt
DIOR,cloudy,B,43,student,trainstation,0.117,printed class_ap.txt (typically 3 decimals),,,complete,/mnt/shared/zechuan/iraod_artifacts/comparison/dior/cloudy/seed_43/0f98a48/methods/B/eval_full_cloudy_student_ids_v1/class_ap.txt
DIOR,cloudy,B,43,student,vehicle,0.287,printed class_ap.txt (typically 3 decimals),,,complete,/mnt/shared/zechuan/iraod_artifacts/comparison/dior/cloudy/seed_43/0f98a48/methods/B/eval_full_cloudy_student_ids_v1/class_ap.txt
DIOR,cloudy,B,43,student,windmill,0.161,printed class_ap.txt (typically 3 decimals),,,complete,/mnt/shared/zechuan/iraod_artifacts/comparison/dior/cloudy/seed_43/0f98a48/methods/B/eval_full_cloudy_student_ids_v1/class_ap.txt
DIOR,cloudy,B,44,student,airplane,0.4,printed class_ap.txt (typically 3 decimals),,,complete,/mnt/shared/zechuan/iraod_artifacts/comparison/dior/cloudy/seed_44/0f98a48/methods/B/eval_full_cloudy_student_ids_v1/class_ap.txt
DIOR,cloudy,B,44,student,airport,0.026,printed class_ap.txt (typically 3 decimals),,,complete,/mnt/shared/zechuan/iraod_artifacts/comparison/dior/cloudy/seed_44/0f98a48/methods/B/eval_full_cloudy_student_ids_v1/class_ap.txt
DIOR,cloudy,B,44,student,baseballfield,0.509,printed class_ap.txt (typically 3 decimals),,,complete,/mnt/shared/zechuan/iraod_artifacts/comparison/dior/cloudy/seed_44/0f98a48/methods/B/eval_full_cloudy_student_ids_v1/class_ap.txt
DIOR,cloudy,B,44,student,basketballcourt,0.277,printed class_ap.txt (typically 3 decimals),,,complete,/mnt/shared/zechuan/iraod_artifacts/comparison/dior/cloudy/seed_44/0f98a48/methods/B/eval_full_cloudy_student_ids_v1/class_ap.txt
DIOR,cloudy,B,44,student,bridge,0.091,printed class_ap.txt (typically 3 decimals),,,complete,/mnt/shared/zechuan/iraod_artifacts/comparison/dior/cloudy/seed_44/0f98a48/methods/B/eval_full_cloudy_student_ids_v1/class_ap.txt
DIOR,cloudy,B,44,student,chimney,0.352,printed class_ap.txt (typically 3 decimals),,,complete,/mnt/shared/zechuan/iraod_artifacts/comparison/dior/cloudy/seed_44/0f98a48/methods/B/eval_full_cloudy_student_ids_v1/class_ap.txt
DIOR,cloudy,B,44,student,expressway-service-area,0.251,printed class_ap.txt (typically 3 decimals),,,complete,/mnt/shared/zechuan/iraod_artifacts/comparison/dior/cloudy/seed_44/0f98a48/methods/B/eval_full_cloudy_student_ids_v1/class_ap.txt
DIOR,cloudy,B,44,student,expressway-toll-station,0.165,printed class_ap.txt (typically 3 decimals),,,complete,/mnt/shared/zechuan/iraod_artifacts/comparison/dior/cloudy/seed_44/0f98a48/methods/B/eval_full_cloudy_student_ids_v1/class_ap.txt
DIOR,cloudy,B,44,student,dam,0.091,printed class_ap.txt (typically 3 decimals),,,complete,/mnt/shared/zechuan/iraod_artifacts/comparison/dior/cloudy/seed_44/0f98a48/methods/B/eval_full_cloudy_student_ids_v1/class_ap.txt
DIOR,cloudy,B,44,student,golffield,0.217,printed class_ap.txt (typically 3 decimals),,,complete,/mnt/shared/zechuan/iraod_artifacts/comparison/dior/cloudy/seed_44/0f98a48/methods/B/eval_full_cloudy_student_ids_v1/class_ap.txt
DIOR,cloudy,B,44,student,groundtrackfield,0.207,printed class_ap.txt (typically 3 decimals),,,complete,/mnt/shared/zechuan/iraod_artifacts/comparison/dior/cloudy/seed_44/0f98a48/methods/B/eval_full_cloudy_student_ids_v1/class_ap.txt
DIOR,cloudy,B,44,student,harbor,0.019,printed class_ap.txt (typically 3 decimals),,,complete,/mnt/shared/zechuan/iraod_artifacts/comparison/dior/cloudy/seed_44/0f98a48/methods/B/eval_full_cloudy_student_ids_v1/class_ap.txt
DIOR,cloudy,B,44,student,overpass,0.155,printed class_ap.txt (typically 3 decimals),,,complete,/mnt/shared/zechuan/iraod_artifacts/comparison/dior/cloudy/seed_44/0f98a48/methods/B/eval_full_cloudy_student_ids_v1/class_ap.txt
DIOR,cloudy,B,44,student,ship,0.686,printed class_ap.txt (typically 3 decimals),,,complete,/mnt/shared/zechuan/iraod_artifacts/comparison/dior/cloudy/seed_44/0f98a48/methods/B/eval_full_cloudy_student_ids_v1/class_ap.txt
DIOR,cloudy,B,44,student,stadium,0.239,printed class_ap.txt (typically 3 decimals),,,complete,/mnt/shared/zechuan/iraod_artifacts/comparison/dior/cloudy/seed_44/0f98a48/methods/B/eval_full_cloudy_student_ids_v1/class_ap.txt
DIOR,cloudy,B,44,student,storagetank,0.388,printed class_ap.txt (typically 3 decimals),,,complete,/mnt/shared/zechuan/iraod_artifacts/comparison/dior/cloudy/seed_44/0f98a48/methods/B/eval_full_cloudy_student_ids_v1/class_ap.txt
DIOR,cloudy,B,44,student,tenniscourt,0.583,printed class_ap.txt (typically 3 decimals),,,complete,/mnt/shared/zechuan/iraod_artifacts/comparison/dior/cloudy/seed_44/0f98a48/methods/B/eval_full_cloudy_student_ids_v1/class_ap.txt
DIOR,cloudy,B,44,student,trainstation,0.138,printed class_ap.txt (typically 3 decimals),,,complete,/mnt/shared/zechuan/iraod_artifacts/comparison/dior/cloudy/seed_44/0f98a48/methods/B/eval_full_cloudy_student_ids_v1/class_ap.txt
DIOR,cloudy,B,44,student,vehicle,0.285,printed class_ap.txt (typically 3 decimals),,,complete,/mnt/shared/zechuan/iraod_artifacts/comparison/dior/cloudy/seed_44/0f98a48/methods/B/eval_full_cloudy_student_ids_v1/class_ap.txt
DIOR,cloudy,B,44,student,windmill,0.153,printed class_ap.txt (typically 3 decimals),,,complete,/mnt/shared/zechuan/iraod_artifacts/comparison/dior/cloudy/seed_44/0f98a48/methods/B/eval_full_cloudy_student_ids_v1/class_ap.txt
DIOR,cloudy,C,42,student,airplane,0.382,printed class_ap.txt (typically 3 decimals),,,complete,/mnt/shared/zechuan/iraod_artifacts/comparison/dior/cloudy/seed_42/0f98a48/methods/C/eval_full_cloudy_student_ids_v1/class_ap.txt
DIOR,cloudy,C,42,student,airport,0.014,printed class_ap.txt (typically 3 decimals),,,complete,/mnt/shared/zechuan/iraod_artifacts/comparison/dior/cloudy/seed_42/0f98a48/methods/C/eval_full_cloudy_student_ids_v1/class_ap.txt
DIOR,cloudy,C,42,student,baseballfield,0.516,printed class_ap.txt (typically 3 decimals),,,complete,/mnt/shared/zechuan/iraod_artifacts/comparison/dior/cloudy/seed_42/0f98a48/methods/C/eval_full_cloudy_student_ids_v1/class_ap.txt
DIOR,cloudy,C,42,student,basketballcourt,0.273,printed class_ap.txt (typically 3 decimals),,,complete,/mnt/shared/zechuan/iraod_artifacts/comparison/dior/cloudy/seed_42/0f98a48/methods/C/eval_full_cloudy_student_ids_v1/class_ap.txt
DIOR,cloudy,C,42,student,bridge,0.068,printed class_ap.txt (typically 3 decimals),,,complete,/mnt/shared/zechuan/iraod_artifacts/comparison/dior/cloudy/seed_42/0f98a48/methods/C/eval_full_cloudy_student_ids_v1/class_ap.txt
DIOR,cloudy,C,42,student,chimney,0.371,printed class_ap.txt (typically 3 decimals),,,complete,/mnt/shared/zechuan/iraod_artifacts/comparison/dior/cloudy/seed_42/0f98a48/methods/C/eval_full_cloudy_student_ids_v1/class_ap.txt
DIOR,cloudy,C,42,student,expressway-service-area,0.231,printed class_ap.txt (typically 3 decimals),,,complete,/mnt/shared/zechuan/iraod_artifacts/comparison/dior/cloudy/seed_42/0f98a48/methods/C/eval_full_cloudy_student_ids_v1/class_ap.txt
DIOR,cloudy,C,42,student,expressway-toll-station,0.158,printed class_ap.txt (typically 3 decimals),,,complete,/mnt/shared/zechuan/iraod_artifacts/comparison/dior/cloudy/seed_42/0f98a48/methods/C/eval_full_cloudy_student_ids_v1/class_ap.txt
DIOR,cloudy,C,42,student,dam,0.091,printed class_ap.txt (typically 3 decimals),,,complete,/mnt/shared/zechuan/iraod_artifacts/comparison/dior/cloudy/seed_42/0f98a48/methods/C/eval_full_cloudy_student_ids_v1/class_ap.txt
DIOR,cloudy,C,42,student,golffield,0.231,printed class_ap.txt (typically 3 decimals),,,complete,/mnt/shared/zechuan/iraod_artifacts/comparison/dior/cloudy/seed_42/0f98a48/methods/C/eval_full_cloudy_student_ids_v1/class_ap.txt
DIOR,cloudy,C,42,student,groundtrackfield,0.211,printed class_ap.txt (typically 3 decimals),,,complete,/mnt/shared/zechuan/iraod_artifacts/comparison/dior/cloudy/seed_42/0f98a48/methods/C/eval_full_cloudy_student_ids_v1/class_ap.txt
DIOR,cloudy,C,42,student,harbor,0.091,printed class_ap.txt (typically 3 decimals),,,complete,/mnt/shared/zechuan/iraod_artifacts/comparison/dior/cloudy/seed_42/0f98a48/methods/C/eval_full_cloudy_student_ids_v1/class_ap.txt
DIOR,cloudy,C,42,student,overpass,0.149,printed class_ap.txt (typically 3 decimals),,,complete,/mnt/shared/zechuan/iraod_artifacts/comparison/dior/cloudy/seed_42/0f98a48/methods/C/eval_full_cloudy_student_ids_v1/class_ap.txt
DIOR,cloudy,C,42,student,ship,0.657,printed class_ap.txt (typically 3 decimals),,,complete,/mnt/shared/zechuan/iraod_artifacts/comparison/dior/cloudy/seed_42/0f98a48/methods/C/eval_full_cloudy_student_ids_v1/class_ap.txt
DIOR,cloudy,C,42,student,stadium,0.309,printed class_ap.txt (typically 3 decimals),,,complete,/mnt/shared/zechuan/iraod_artifacts/comparison/dior/cloudy/seed_42/0f98a48/methods/C/eval_full_cloudy_student_ids_v1/class_ap.txt
DIOR,cloudy,C,42,student,storagetank,0.317,printed class_ap.txt (typically 3 decimals),,,complete,/mnt/shared/zechuan/iraod_artifacts/comparison/dior/cloudy/seed_42/0f98a48/methods/C/eval_full_cloudy_student_ids_v1/class_ap.txt
DIOR,cloudy,C,42,student,tenniscourt,0.594,printed class_ap.txt (typically 3 decimals),,,complete,/mnt/shared/zechuan/iraod_artifacts/comparison/dior/cloudy/seed_42/0f98a48/methods/C/eval_full_cloudy_student_ids_v1/class_ap.txt
DIOR,cloudy,C,42,student,trainstation,0.113,printed class_ap.txt (typically 3 decimals),,,complete,/mnt/shared/zechuan/iraod_artifacts/comparison/dior/cloudy/seed_42/0f98a48/methods/C/eval_full_cloudy_student_ids_v1/class_ap.txt
DIOR,cloudy,C,42,student,vehicle,0.279,printed class_ap.txt (typically 3 decimals),,,complete,/mnt/shared/zechuan/iraod_artifacts/comparison/dior/cloudy/seed_42/0f98a48/methods/C/eval_full_cloudy_student_ids_v1/class_ap.txt
DIOR,cloudy,C,42,student,windmill,0.15,printed class_ap.txt (typically 3 decimals),,,complete,/mnt/shared/zechuan/iraod_artifacts/comparison/dior/cloudy/seed_42/0f98a48/methods/C/eval_full_cloudy_student_ids_v1/class_ap.txt
DIOR,cloudy,C,43,student,airplane,0.396,printed class_ap.txt (typically 3 decimals),,,complete,/mnt/shared/zechuan/iraod_artifacts/comparison/dior/cloudy/seed_43/0f98a48/methods/C/eval_full_cloudy_student_ids_v1/class_ap.txt
DIOR,cloudy,C,43,student,airport,0.015,printed class_ap.txt (typically 3 decimals),,,complete,/mnt/shared/zechuan/iraod_artifacts/comparison/dior/cloudy/seed_43/0f98a48/methods/C/eval_full_cloudy_student_ids_v1/class_ap.txt
DIOR,cloudy,C,43,student,baseballfield,0.511,printed class_ap.txt (typically 3 decimals),,,complete,/mnt/shared/zechuan/iraod_artifacts/comparison/dior/cloudy/seed_43/0f98a48/methods/C/eval_full_cloudy_student_ids_v1/class_ap.txt
DIOR,cloudy,C,43,student,basketballcourt,0.344,printed class_ap.txt (typically 3 decimals),,,complete,/mnt/shared/zechuan/iraod_artifacts/comparison/dior/cloudy/seed_43/0f98a48/methods/C/eval_full_cloudy_student_ids_v1/class_ap.txt
DIOR,cloudy,C,43,student,bridge,0.052,printed class_ap.txt (typically 3 decimals),,,complete,/mnt/shared/zechuan/iraod_artifacts/comparison/dior/cloudy/seed_43/0f98a48/methods/C/eval_full_cloudy_student_ids_v1/class_ap.txt
DIOR,cloudy,C,43,student,chimney,0.393,printed class_ap.txt (typically 3 decimals),,,complete,/mnt/shared/zechuan/iraod_artifacts/comparison/dior/cloudy/seed_43/0f98a48/methods/C/eval_full_cloudy_student_ids_v1/class_ap.txt
DIOR,cloudy,C,43,student,expressway-service-area,0.208,printed class_ap.txt (typically 3 decimals),,,complete,/mnt/shared/zechuan/iraod_artifacts/comparison/dior/cloudy/seed_43/0f98a48/methods/C/eval_full_cloudy_student_ids_v1/class_ap.txt
DIOR,cloudy,C,43,student,expressway-toll-station,0.163,printed class_ap.txt (typically 3 decimals),,,complete,/mnt/shared/zechuan/iraod_artifacts/comparison/dior/cloudy/seed_43/0f98a48/methods/C/eval_full_cloudy_student_ids_v1/class_ap.txt
DIOR,cloudy,C,43,student,dam,0.091,printed class_ap.txt (typically 3 decimals),,,complete,/mnt/shared/zechuan/iraod_artifacts/comparison/dior/cloudy/seed_43/0f98a48/methods/C/eval_full_cloudy_student_ids_v1/class_ap.txt
DIOR,cloudy,C,43,student,golffield,0.232,printed class_ap.txt (typically 3 decimals),,,complete,/mnt/shared/zechuan/iraod_artifacts/comparison/dior/cloudy/seed_43/0f98a48/methods/C/eval_full_cloudy_student_ids_v1/class_ap.txt
DIOR,cloudy,C,43,student,groundtrackfield,0.217,printed class_ap.txt (typically 3 decimals),,,complete,/mnt/shared/zechuan/iraod_artifacts/comparison/dior/cloudy/seed_43/0f98a48/methods/C/eval_full_cloudy_student_ids_v1/class_ap.txt
DIOR,cloudy,C,43,student,harbor,0.091,printed class_ap.txt (typically 3 decimals),,,complete,/mnt/shared/zechuan/iraod_artifacts/comparison/dior/cloudy/seed_43/0f98a48/methods/C/eval_full_cloudy_student_ids_v1/class_ap.txt
DIOR,cloudy,C,43,student,overpass,0.153,printed class_ap.txt (typically 3 decimals),,,complete,/mnt/shared/zechuan/iraod_artifacts/comparison/dior/cloudy/seed_43/0f98a48/methods/C/eval_full_cloudy_student_ids_v1/class_ap.txt
DIOR,cloudy,C,43,student,ship,0.616,printed class_ap.txt (typically 3 decimals),,,complete,/mnt/shared/zechuan/iraod_artifacts/comparison/dior/cloudy/seed_43/0f98a48/methods/C/eval_full_cloudy_student_ids_v1/class_ap.txt
DIOR,cloudy,C,43,student,stadium,0.333,printed class_ap.txt (typically 3 decimals),,,complete,/mnt/shared/zechuan/iraod_artifacts/comparison/dior/cloudy/seed_43/0f98a48/methods/C/eval_full_cloudy_student_ids_v1/class_ap.txt
DIOR,cloudy,C,43,student,storagetank,0.304,printed class_ap.txt (typically 3 decimals),,,complete,/mnt/shared/zechuan/iraod_artifacts/comparison/dior/cloudy/seed_43/0f98a48/methods/C/eval_full_cloudy_student_ids_v1/class_ap.txt
DIOR,cloudy,C,43,student,tenniscourt,0.606,printed class_ap.txt (typically 3 decimals),,,complete,/mnt/shared/zechuan/iraod_artifacts/comparison/dior/cloudy/seed_43/0f98a48/methods/C/eval_full_cloudy_student_ids_v1/class_ap.txt
DIOR,cloudy,C,43,student,trainstation,0.116,printed class_ap.txt (typically 3 decimals),,,complete,/mnt/shared/zechuan/iraod_artifacts/comparison/dior/cloudy/seed_43/0f98a48/methods/C/eval_full_cloudy_student_ids_v1/class_ap.txt
DIOR,cloudy,C,43,student,vehicle,0.283,printed class_ap.txt (typically 3 decimals),,,complete,/mnt/shared/zechuan/iraod_artifacts/comparison/dior/cloudy/seed_43/0f98a48/methods/C/eval_full_cloudy_student_ids_v1/class_ap.txt
DIOR,cloudy,C,43,student,windmill,0.133,printed class_ap.txt (typically 3 decimals),,,complete,/mnt/shared/zechuan/iraod_artifacts/comparison/dior/cloudy/seed_43/0f98a48/methods/C/eval_full_cloudy_student_ids_v1/class_ap.txt
DIOR,cloudy,C,44,student,airplane,0.398,printed class_ap.txt (typically 3 decimals),,,complete,/mnt/shared/zechuan/iraod_artifacts/comparison/dior/cloudy/seed_44/0f98a48/methods/C/eval_full_cloudy_student_ids_v1/class_ap.txt
DIOR,cloudy,C,44,student,airport,0.004,printed class_ap.txt (typically 3 decimals),,,complete,/mnt/shared/zechuan/iraod_artifacts/comparison/dior/cloudy/seed_44/0f98a48/methods/C/eval_full_cloudy_student_ids_v1/class_ap.txt
DIOR,cloudy,C,44,student,baseballfield,0.515,printed class_ap.txt (typically 3 decimals),,,complete,/mnt/shared/zechuan/iraod_artifacts/comparison/dior/cloudy/seed_44/0f98a48/methods/C/eval_full_cloudy_student_ids_v1/class_ap.txt
DIOR,cloudy,C,44,student,basketballcourt,0.365,printed class_ap.txt (typically 3 decimals),,,complete,/mnt/shared/zechuan/iraod_artifacts/comparison/dior/cloudy/seed_44/0f98a48/methods/C/eval_full_cloudy_student_ids_v1/class_ap.txt
DIOR,cloudy,C,44,student,bridge,0.068,printed class_ap.txt (typically 3 decimals),,,complete,/mnt/shared/zechuan/iraod_artifacts/comparison/dior/cloudy/seed_44/0f98a48/methods/C/eval_full_cloudy_student_ids_v1/class_ap.txt
DIOR,cloudy,C,44,student,chimney,0.421,printed class_ap.txt (typically 3 decimals),,,complete,/mnt/shared/zechuan/iraod_artifacts/comparison/dior/cloudy/seed_44/0f98a48/methods/C/eval_full_cloudy_student_ids_v1/class_ap.txt
DIOR,cloudy,C,44,student,expressway-service-area,0.22,printed class_ap.txt (typically 3 decimals),,,complete,/mnt/shared/zechuan/iraod_artifacts/comparison/dior/cloudy/seed_44/0f98a48/methods/C/eval_full_cloudy_student_ids_v1/class_ap.txt
DIOR,cloudy,C,44,student,expressway-toll-station,0.167,printed class_ap.txt (typically 3 decimals),,,complete,/mnt/shared/zechuan/iraod_artifacts/comparison/dior/cloudy/seed_44/0f98a48/methods/C/eval_full_cloudy_student_ids_v1/class_ap.txt
DIOR,cloudy,C,44,student,dam,0.091,printed class_ap.txt (typically 3 decimals),,,complete,/mnt/shared/zechuan/iraod_artifacts/comparison/dior/cloudy/seed_44/0f98a48/methods/C/eval_full_cloudy_student_ids_v1/class_ap.txt
DIOR,cloudy,C,44,student,golffield,0.241,printed class_ap.txt (typically 3 decimals),,,complete,/mnt/shared/zechuan/iraod_artifacts/comparison/dior/cloudy/seed_44/0f98a48/methods/C/eval_full_cloudy_student_ids_v1/class_ap.txt
DIOR,cloudy,C,44,student,groundtrackfield,0.236,printed class_ap.txt (typically 3 decimals),,,complete,/mnt/shared/zechuan/iraod_artifacts/comparison/dior/cloudy/seed_44/0f98a48/methods/C/eval_full_cloudy_student_ids_v1/class_ap.txt
DIOR,cloudy,C,44,student,harbor,0.091,printed class_ap.txt (typically 3 decimals),,,complete,/mnt/shared/zechuan/iraod_artifacts/comparison/dior/cloudy/seed_44/0f98a48/methods/C/eval_full_cloudy_student_ids_v1/class_ap.txt
DIOR,cloudy,C,44,student,overpass,0.144,printed class_ap.txt (typically 3 decimals),,,complete,/mnt/shared/zechuan/iraod_artifacts/comparison/dior/cloudy/seed_44/0f98a48/methods/C/eval_full_cloudy_student_ids_v1/class_ap.txt
DIOR,cloudy,C,44,student,ship,0.657,printed class_ap.txt (typically 3 decimals),,,complete,/mnt/shared/zechuan/iraod_artifacts/comparison/dior/cloudy/seed_44/0f98a48/methods/C/eval_full_cloudy_student_ids_v1/class_ap.txt
DIOR,cloudy,C,44,student,stadium,0.316,printed class_ap.txt (typically 3 decimals),,,complete,/mnt/shared/zechuan/iraod_artifacts/comparison/dior/cloudy/seed_44/0f98a48/methods/C/eval_full_cloudy_student_ids_v1/class_ap.txt
DIOR,cloudy,C,44,student,storagetank,0.318,printed class_ap.txt (typically 3 decimals),,,complete,/mnt/shared/zechuan/iraod_artifacts/comparison/dior/cloudy/seed_44/0f98a48/methods/C/eval_full_cloudy_student_ids_v1/class_ap.txt
DIOR,cloudy,C,44,student,tenniscourt,0.6,printed class_ap.txt (typically 3 decimals),,,complete,/mnt/shared/zechuan/iraod_artifacts/comparison/dior/cloudy/seed_44/0f98a48/methods/C/eval_full_cloudy_student_ids_v1/class_ap.txt
DIOR,cloudy,C,44,student,trainstation,0.116,printed class_ap.txt (typically 3 decimals),,,complete,/mnt/shared/zechuan/iraod_artifacts/comparison/dior/cloudy/seed_44/0f98a48/methods/C/eval_full_cloudy_student_ids_v1/class_ap.txt
DIOR,cloudy,C,44,student,vehicle,0.276,printed class_ap.txt (typically 3 decimals),,,complete,/mnt/shared/zechuan/iraod_artifacts/comparison/dior/cloudy/seed_44/0f98a48/methods/C/eval_full_cloudy_student_ids_v1/class_ap.txt
DIOR,cloudy,C,44,student,windmill,0.14,printed class_ap.txt (typically 3 decimals),,,complete,/mnt/shared/zechuan/iraod_artifacts/comparison/dior/cloudy/seed_44/0f98a48/methods/C/eval_full_cloudy_student_ids_v1/class_ap.txt
DIOR,cloudy,D,42,student,airplane,0.242,printed class_ap.txt (typically 3 decimals),,,complete,/mnt/shared/zechuan/iraod_artifacts/comparison/dior/cloudy/seed_42/0f98a48/methods/D/eval_full_cloudy_student_ids_v1/class_ap.txt
DIOR,cloudy,D,42,student,airport,0.005,printed class_ap.txt (typically 3 decimals),,,complete,/mnt/shared/zechuan/iraod_artifacts/comparison/dior/cloudy/seed_42/0f98a48/methods/D/eval_full_cloudy_student_ids_v1/class_ap.txt
DIOR,cloudy,D,42,student,baseballfield,0.507,printed class_ap.txt (typically 3 decimals),,,complete,/mnt/shared/zechuan/iraod_artifacts/comparison/dior/cloudy/seed_42/0f98a48/methods/D/eval_full_cloudy_student_ids_v1/class_ap.txt
DIOR,cloudy,D,42,student,basketballcourt,0.332,printed class_ap.txt (typically 3 decimals),,,complete,/mnt/shared/zechuan/iraod_artifacts/comparison/dior/cloudy/seed_42/0f98a48/methods/D/eval_full_cloudy_student_ids_v1/class_ap.txt
DIOR,cloudy,D,42,student,bridge,0.091,printed class_ap.txt (typically 3 decimals),,,complete,/mnt/shared/zechuan/iraod_artifacts/comparison/dior/cloudy/seed_42/0f98a48/methods/D/eval_full_cloudy_student_ids_v1/class_ap.txt
DIOR,cloudy,D,42,student,chimney,0.325,printed class_ap.txt (typically 3 decimals),,,complete,/mnt/shared/zechuan/iraod_artifacts/comparison/dior/cloudy/seed_42/0f98a48/methods/D/eval_full_cloudy_student_ids_v1/class_ap.txt
DIOR,cloudy,D,42,student,expressway-service-area,0.234,printed class_ap.txt (typically 3 decimals),,,complete,/mnt/shared/zechuan/iraod_artifacts/comparison/dior/cloudy/seed_42/0f98a48/methods/D/eval_full_cloudy_student_ids_v1/class_ap.txt
DIOR,cloudy,D,42,student,expressway-toll-station,0.138,printed class_ap.txt (typically 3 decimals),,,complete,/mnt/shared/zechuan/iraod_artifacts/comparison/dior/cloudy/seed_42/0f98a48/methods/D/eval_full_cloudy_student_ids_v1/class_ap.txt
DIOR,cloudy,D,42,student,dam,0.045,printed class_ap.txt (typically 3 decimals),,,complete,/mnt/shared/zechuan/iraod_artifacts/comparison/dior/cloudy/seed_42/0f98a48/methods/D/eval_full_cloudy_student_ids_v1/class_ap.txt
DIOR,cloudy,D,42,student,golffield,0.045,printed class_ap.txt (typically 3 decimals),,,complete,/mnt/shared/zechuan/iraod_artifacts/comparison/dior/cloudy/seed_42/0f98a48/methods/D/eval_full_cloudy_student_ids_v1/class_ap.txt
DIOR,cloudy,D,42,student,groundtrackfield,0.213,printed class_ap.txt (typically 3 decimals),,,complete,/mnt/shared/zechuan/iraod_artifacts/comparison/dior/cloudy/seed_42/0f98a48/methods/D/eval_full_cloudy_student_ids_v1/class_ap.txt
DIOR,cloudy,D,42,student,harbor,0.03,printed class_ap.txt (typically 3 decimals),,,complete,/mnt/shared/zechuan/iraod_artifacts/comparison/dior/cloudy/seed_42/0f98a48/methods/D/eval_full_cloudy_student_ids_v1/class_ap.txt
DIOR,cloudy,D,42,student,overpass,0.134,printed class_ap.txt (typically 3 decimals),,,complete,/mnt/shared/zechuan/iraod_artifacts/comparison/dior/cloudy/seed_42/0f98a48/methods/D/eval_full_cloudy_student_ids_v1/class_ap.txt
DIOR,cloudy,D,42,student,ship,0.443,printed class_ap.txt (typically 3 decimals),,,complete,/mnt/shared/zechuan/iraod_artifacts/comparison/dior/cloudy/seed_42/0f98a48/methods/D/eval_full_cloudy_student_ids_v1/class_ap.txt
DIOR,cloudy,D,42,student,stadium,0.302,printed class_ap.txt (typically 3 decimals),,,complete,/mnt/shared/zechuan/iraod_artifacts/comparison/dior/cloudy/seed_42/0f98a48/methods/D/eval_full_cloudy_student_ids_v1/class_ap.txt
DIOR,cloudy,D,42,student,storagetank,0.301,printed class_ap.txt (typically 3 decimals),,,complete,/mnt/shared/zechuan/iraod_artifacts/comparison/dior/cloudy/seed_42/0f98a48/methods/D/eval_full_cloudy_student_ids_v1/class_ap.txt
DIOR,cloudy,D,42,student,tenniscourt,0.588,printed class_ap.txt (typically 3 decimals),,,complete,/mnt/shared/zechuan/iraod_artifacts/comparison/dior/cloudy/seed_42/0f98a48/methods/D/eval_full_cloudy_student_ids_v1/class_ap.txt
DIOR,cloudy,D,42,student,trainstation,0.104,printed class_ap.txt (typically 3 decimals),,,complete,/mnt/shared/zechuan/iraod_artifacts/comparison/dior/cloudy/seed_42/0f98a48/methods/D/eval_full_cloudy_student_ids_v1/class_ap.txt
DIOR,cloudy,D,42,student,vehicle,0.178,printed class_ap.txt (typically 3 decimals),,,complete,/mnt/shared/zechuan/iraod_artifacts/comparison/dior/cloudy/seed_42/0f98a48/methods/D/eval_full_cloudy_student_ids_v1/class_ap.txt
DIOR,cloudy,D,42,student,windmill,0.084,printed class_ap.txt (typically 3 decimals),,,complete,/mnt/shared/zechuan/iraod_artifacts/comparison/dior/cloudy/seed_42/0f98a48/methods/D/eval_full_cloudy_student_ids_v1/class_ap.txt
DIOR,cloudy,D,43,student,airplane,0.245,printed class_ap.txt (typically 3 decimals),,,complete,/mnt/shared/zechuan/iraod_artifacts/comparison/dior/cloudy/seed_43/0f98a48/methods/D/eval_full_cloudy_student_ids_v1/class_ap.txt
DIOR,cloudy,D,43,student,airport,0.0,printed class_ap.txt (typically 3 decimals),,,complete,/mnt/shared/zechuan/iraod_artifacts/comparison/dior/cloudy/seed_43/0f98a48/methods/D/eval_full_cloudy_student_ids_v1/class_ap.txt
DIOR,cloudy,D,43,student,baseballfield,0.501,printed class_ap.txt (typically 3 decimals),,,complete,/mnt/shared/zechuan/iraod_artifacts/comparison/dior/cloudy/seed_43/0f98a48/methods/D/eval_full_cloudy_student_ids_v1/class_ap.txt
DIOR,cloudy,D,43,student,basketballcourt,0.235,printed class_ap.txt (typically 3 decimals),,,complete,/mnt/shared/zechuan/iraod_artifacts/comparison/dior/cloudy/seed_43/0f98a48/methods/D/eval_full_cloudy_student_ids_v1/class_ap.txt
DIOR,cloudy,D,43,student,bridge,0.091,printed class_ap.txt (typically 3 decimals),,,complete,/mnt/shared/zechuan/iraod_artifacts/comparison/dior/cloudy/seed_43/0f98a48/methods/D/eval_full_cloudy_student_ids_v1/class_ap.txt
DIOR,cloudy,D,43,student,chimney,0.243,printed class_ap.txt (typically 3 decimals),,,complete,/mnt/shared/zechuan/iraod_artifacts/comparison/dior/cloudy/seed_43/0f98a48/methods/D/eval_full_cloudy_student_ids_v1/class_ap.txt
DIOR,cloudy,D,43,student,expressway-service-area,0.198,printed class_ap.txt (typically 3 decimals),,,complete,/mnt/shared/zechuan/iraod_artifacts/comparison/dior/cloudy/seed_43/0f98a48/methods/D/eval_full_cloudy_student_ids_v1/class_ap.txt
DIOR,cloudy,D,43,student,expressway-toll-station,0.131,printed class_ap.txt (typically 3 decimals),,,complete,/mnt/shared/zechuan/iraod_artifacts/comparison/dior/cloudy/seed_43/0f98a48/methods/D/eval_full_cloudy_student_ids_v1/class_ap.txt
DIOR,cloudy,D,43,student,dam,0.091,printed class_ap.txt (typically 3 decimals),,,complete,/mnt/shared/zechuan/iraod_artifacts/comparison/dior/cloudy/seed_43/0f98a48/methods/D/eval_full_cloudy_student_ids_v1/class_ap.txt
DIOR,cloudy,D,43,student,golffield,0.045,printed class_ap.txt (typically 3 decimals),,,complete,/mnt/shared/zechuan/iraod_artifacts/comparison/dior/cloudy/seed_43/0f98a48/methods/D/eval_full_cloudy_student_ids_v1/class_ap.txt
DIOR,cloudy,D,43,student,groundtrackfield,0.212,printed class_ap.txt (typically 3 decimals),,,complete,/mnt/shared/zechuan/iraod_artifacts/comparison/dior/cloudy/seed_43/0f98a48/methods/D/eval_full_cloudy_student_ids_v1/class_ap.txt
DIOR,cloudy,D,43,student,harbor,0.026,printed class_ap.txt (typically 3 decimals),,,complete,/mnt/shared/zechuan/iraod_artifacts/comparison/dior/cloudy/seed_43/0f98a48/methods/D/eval_full_cloudy_student_ids_v1/class_ap.txt
DIOR,cloudy,D,43,student,overpass,0.091,printed class_ap.txt (typically 3 decimals),,,complete,/mnt/shared/zechuan/iraod_artifacts/comparison/dior/cloudy/seed_43/0f98a48/methods/D/eval_full_cloudy_student_ids_v1/class_ap.txt
DIOR,cloudy,D,43,student,ship,0.361,printed class_ap.txt (typically 3 decimals),,,complete,/mnt/shared/zechuan/iraod_artifacts/comparison/dior/cloudy/seed_43/0f98a48/methods/D/eval_full_cloudy_student_ids_v1/class_ap.txt
DIOR,cloudy,D,43,student,stadium,0.3,printed class_ap.txt (typically 3 decimals),,,complete,/mnt/shared/zechuan/iraod_artifacts/comparison/dior/cloudy/seed_43/0f98a48/methods/D/eval_full_cloudy_student_ids_v1/class_ap.txt
DIOR,cloudy,D,43,student,storagetank,0.25,printed class_ap.txt (typically 3 decimals),,,complete,/mnt/shared/zechuan/iraod_artifacts/comparison/dior/cloudy/seed_43/0f98a48/methods/D/eval_full_cloudy_student_ids_v1/class_ap.txt
DIOR,cloudy,D,43,student,tenniscourt,0.536,printed class_ap.txt (typically 3 decimals),,,complete,/mnt/shared/zechuan/iraod_artifacts/comparison/dior/cloudy/seed_43/0f98a48/methods/D/eval_full_cloudy_student_ids_v1/class_ap.txt
DIOR,cloudy,D,43,student,trainstation,0.045,printed class_ap.txt (typically 3 decimals),,,complete,/mnt/shared/zechuan/iraod_artifacts/comparison/dior/cloudy/seed_43/0f98a48/methods/D/eval_full_cloudy_student_ids_v1/class_ap.txt
DIOR,cloudy,D,43,student,vehicle,0.091,printed class_ap.txt (typically 3 decimals),,,complete,/mnt/shared/zechuan/iraod_artifacts/comparison/dior/cloudy/seed_43/0f98a48/methods/D/eval_full_cloudy_student_ids_v1/class_ap.txt
DIOR,cloudy,D,43,student,windmill,0.069,printed class_ap.txt (typically 3 decimals),,,complete,/mnt/shared/zechuan/iraod_artifacts/comparison/dior/cloudy/seed_43/0f98a48/methods/D/eval_full_cloudy_student_ids_v1/class_ap.txt
DIOR,cloudy,D,44,student,airplane,0.253,printed class_ap.txt (typically 3 decimals),,,complete,/mnt/shared/zechuan/iraod_artifacts/comparison/dior/cloudy/seed_44/0f98a48/methods/D/eval_full_cloudy_student_ids_v1/class_ap.txt
DIOR,cloudy,D,44,student,airport,0.0,printed class_ap.txt (typically 3 decimals),,,complete,/mnt/shared/zechuan/iraod_artifacts/comparison/dior/cloudy/seed_44/0f98a48/methods/D/eval_full_cloudy_student_ids_v1/class_ap.txt
DIOR,cloudy,D,44,student,baseballfield,0.497,printed class_ap.txt (typically 3 decimals),,,complete,/mnt/shared/zechuan/iraod_artifacts/comparison/dior/cloudy/seed_44/0f98a48/methods/D/eval_full_cloudy_student_ids_v1/class_ap.txt
DIOR,cloudy,D,44,student,basketballcourt,0.311,printed class_ap.txt (typically 3 decimals),,,complete,/mnt/shared/zechuan/iraod_artifacts/comparison/dior/cloudy/seed_44/0f98a48/methods/D/eval_full_cloudy_student_ids_v1/class_ap.txt
DIOR,cloudy,D,44,student,bridge,0.061,printed class_ap.txt (typically 3 decimals),,,complete,/mnt/shared/zechuan/iraod_artifacts/comparison/dior/cloudy/seed_44/0f98a48/methods/D/eval_full_cloudy_student_ids_v1/class_ap.txt
DIOR,cloudy,D,44,student,chimney,0.25,printed class_ap.txt (typically 3 decimals),,,complete,/mnt/shared/zechuan/iraod_artifacts/comparison/dior/cloudy/seed_44/0f98a48/methods/D/eval_full_cloudy_student_ids_v1/class_ap.txt
DIOR,cloudy,D,44,student,expressway-service-area,0.198,printed class_ap.txt (typically 3 decimals),,,complete,/mnt/shared/zechuan/iraod_artifacts/comparison/dior/cloudy/seed_44/0f98a48/methods/D/eval_full_cloudy_student_ids_v1/class_ap.txt
DIOR,cloudy,D,44,student,expressway-toll-station,0.091,printed class_ap.txt (typically 3 decimals),,,complete,/mnt/shared/zechuan/iraod_artifacts/comparison/dior/cloudy/seed_44/0f98a48/methods/D/eval_full_cloudy_student_ids_v1/class_ap.txt
DIOR,cloudy,D,44,student,dam,0.091,printed class_ap.txt (typically 3 decimals),,,complete,/mnt/shared/zechuan/iraod_artifacts/comparison/dior/cloudy/seed_44/0f98a48/methods/D/eval_full_cloudy_student_ids_v1/class_ap.txt
DIOR,cloudy,D,44,student,golffield,0.061,printed class_ap.txt (typically 3 decimals),,,complete,/mnt/shared/zechuan/iraod_artifacts/comparison/dior/cloudy/seed_44/0f98a48/methods/D/eval_full_cloudy_student_ids_v1/class_ap.txt
DIOR,cloudy,D,44,student,groundtrackfield,0.215,printed class_ap.txt (typically 3 decimals),,,complete,/mnt/shared/zechuan/iraod_artifacts/comparison/dior/cloudy/seed_44/0f98a48/methods/D/eval_full_cloudy_student_ids_v1/class_ap.txt
DIOR,cloudy,D,44,student,harbor,0.018,printed class_ap.txt (typically 3 decimals),,,complete,/mnt/shared/zechuan/iraod_artifacts/comparison/dior/cloudy/seed_44/0f98a48/methods/D/eval_full_cloudy_student_ids_v1/class_ap.txt
DIOR,cloudy,D,44,student,overpass,0.091,printed class_ap.txt (typically 3 decimals),,,complete,/mnt/shared/zechuan/iraod_artifacts/comparison/dior/cloudy/seed_44/0f98a48/methods/D/eval_full_cloudy_student_ids_v1/class_ap.txt
DIOR,cloudy,D,44,student,ship,0.36,printed class_ap.txt (typically 3 decimals),,,complete,/mnt/shared/zechuan/iraod_artifacts/comparison/dior/cloudy/seed_44/0f98a48/methods/D/eval_full_cloudy_student_ids_v1/class_ap.txt
DIOR,cloudy,D,44,student,stadium,0.285,printed class_ap.txt (typically 3 decimals),,,complete,/mnt/shared/zechuan/iraod_artifacts/comparison/dior/cloudy/seed_44/0f98a48/methods/D/eval_full_cloudy_student_ids_v1/class_ap.txt
DIOR,cloudy,D,44,student,storagetank,0.321,printed class_ap.txt (typically 3 decimals),,,complete,/mnt/shared/zechuan/iraod_artifacts/comparison/dior/cloudy/seed_44/0f98a48/methods/D/eval_full_cloudy_student_ids_v1/class_ap.txt
DIOR,cloudy,D,44,student,tenniscourt,0.568,printed class_ap.txt (typically 3 decimals),,,complete,/mnt/shared/zechuan/iraod_artifacts/comparison/dior/cloudy/seed_44/0f98a48/methods/D/eval_full_cloudy_student_ids_v1/class_ap.txt
DIOR,cloudy,D,44,student,trainstation,0.091,printed class_ap.txt (typically 3 decimals),,,complete,/mnt/shared/zechuan/iraod_artifacts/comparison/dior/cloudy/seed_44/0f98a48/methods/D/eval_full_cloudy_student_ids_v1/class_ap.txt
DIOR,cloudy,D,44,student,vehicle,0.091,printed class_ap.txt (typically 3 decimals),,,complete,/mnt/shared/zechuan/iraod_artifacts/comparison/dior/cloudy/seed_44/0f98a48/methods/D/eval_full_cloudy_student_ids_v1/class_ap.txt
DIOR,cloudy,D,44,student,windmill,0.091,printed class_ap.txt (typically 3 decimals),,,complete,/mnt/shared/zechuan/iraod_artifacts/comparison/dior/cloudy/seed_44/0f98a48/methods/D/eval_full_cloudy_student_ids_v1/class_ap.txt
DIOR,cloudy,E,42,student,airplane,0.416,printed class_ap.txt (typically 3 decimals),,,complete,/mnt/shared/zechuan/iraod_artifacts/comparison/dior/cloudy/seed_42/0f98a48/methods/E/ddp2/eval_full_cloudy_student_ids_v1/class_ap.txt
DIOR,cloudy,E,42,student,airport,0.018,printed class_ap.txt (typically 3 decimals),,,complete,/mnt/shared/zechuan/iraod_artifacts/comparison/dior/cloudy/seed_42/0f98a48/methods/E/ddp2/eval_full_cloudy_student_ids_v1/class_ap.txt
DIOR,cloudy,E,42,student,baseballfield,0.51,printed class_ap.txt (typically 3 decimals),,,complete,/mnt/shared/zechuan/iraod_artifacts/comparison/dior/cloudy/seed_42/0f98a48/methods/E/ddp2/eval_full_cloudy_student_ids_v1/class_ap.txt
DIOR,cloudy,E,42,student,basketballcourt,0.342,printed class_ap.txt (typically 3 decimals),,,complete,/mnt/shared/zechuan/iraod_artifacts/comparison/dior/cloudy/seed_42/0f98a48/methods/E/ddp2/eval_full_cloudy_student_ids_v1/class_ap.txt
DIOR,cloudy,E,42,student,bridge,0.046,printed class_ap.txt (typically 3 decimals),,,complete,/mnt/shared/zechuan/iraod_artifacts/comparison/dior/cloudy/seed_42/0f98a48/methods/E/ddp2/eval_full_cloudy_student_ids_v1/class_ap.txt
DIOR,cloudy,E,42,student,chimney,0.41,printed class_ap.txt (typically 3 decimals),,,complete,/mnt/shared/zechuan/iraod_artifacts/comparison/dior/cloudy/seed_42/0f98a48/methods/E/ddp2/eval_full_cloudy_student_ids_v1/class_ap.txt
DIOR,cloudy,E,42,student,expressway-service-area,0.248,printed class_ap.txt (typically 3 decimals),,,complete,/mnt/shared/zechuan/iraod_artifacts/comparison/dior/cloudy/seed_42/0f98a48/methods/E/ddp2/eval_full_cloudy_student_ids_v1/class_ap.txt
DIOR,cloudy,E,42,student,expressway-toll-station,0.161,printed class_ap.txt (typically 3 decimals),,,complete,/mnt/shared/zechuan/iraod_artifacts/comparison/dior/cloudy/seed_42/0f98a48/methods/E/ddp2/eval_full_cloudy_student_ids_v1/class_ap.txt
DIOR,cloudy,E,42,student,dam,0.091,printed class_ap.txt (typically 3 decimals),,,complete,/mnt/shared/zechuan/iraod_artifacts/comparison/dior/cloudy/seed_42/0f98a48/methods/E/ddp2/eval_full_cloudy_student_ids_v1/class_ap.txt
DIOR,cloudy,E,42,student,golffield,0.242,printed class_ap.txt (typically 3 decimals),,,complete,/mnt/shared/zechuan/iraod_artifacts/comparison/dior/cloudy/seed_42/0f98a48/methods/E/ddp2/eval_full_cloudy_student_ids_v1/class_ap.txt
DIOR,cloudy,E,42,student,groundtrackfield,0.219,printed class_ap.txt (typically 3 decimals),,,complete,/mnt/shared/zechuan/iraod_artifacts/comparison/dior/cloudy/seed_42/0f98a48/methods/E/ddp2/eval_full_cloudy_student_ids_v1/class_ap.txt
DIOR,cloudy,E,42,student,harbor,0.091,printed class_ap.txt (typically 3 decimals),,,complete,/mnt/shared/zechuan/iraod_artifacts/comparison/dior/cloudy/seed_42/0f98a48/methods/E/ddp2/eval_full_cloudy_student_ids_v1/class_ap.txt
DIOR,cloudy,E,42,student,overpass,0.157,printed class_ap.txt (typically 3 decimals),,,complete,/mnt/shared/zechuan/iraod_artifacts/comparison/dior/cloudy/seed_42/0f98a48/methods/E/ddp2/eval_full_cloudy_student_ids_v1/class_ap.txt
DIOR,cloudy,E,42,student,ship,0.674,printed class_ap.txt (typically 3 decimals),,,complete,/mnt/shared/zechuan/iraod_artifacts/comparison/dior/cloudy/seed_42/0f98a48/methods/E/ddp2/eval_full_cloudy_student_ids_v1/class_ap.txt
DIOR,cloudy,E,42,student,stadium,0.281,printed class_ap.txt (typically 3 decimals),,,complete,/mnt/shared/zechuan/iraod_artifacts/comparison/dior/cloudy/seed_42/0f98a48/methods/E/ddp2/eval_full_cloudy_student_ids_v1/class_ap.txt
DIOR,cloudy,E,42,student,storagetank,0.434,printed class_ap.txt (typically 3 decimals),,,complete,/mnt/shared/zechuan/iraod_artifacts/comparison/dior/cloudy/seed_42/0f98a48/methods/E/ddp2/eval_full_cloudy_student_ids_v1/class_ap.txt
DIOR,cloudy,E,42,student,tenniscourt,0.599,printed class_ap.txt (typically 3 decimals),,,complete,/mnt/shared/zechuan/iraod_artifacts/comparison/dior/cloudy/seed_42/0f98a48/methods/E/ddp2/eval_full_cloudy_student_ids_v1/class_ap.txt
DIOR,cloudy,E,42,student,trainstation,0.123,printed class_ap.txt (typically 3 decimals),,,complete,/mnt/shared/zechuan/iraod_artifacts/comparison/dior/cloudy/seed_42/0f98a48/methods/E/ddp2/eval_full_cloudy_student_ids_v1/class_ap.txt
DIOR,cloudy,E,42,student,vehicle,0.284,printed class_ap.txt (typically 3 decimals),,,complete,/mnt/shared/zechuan/iraod_artifacts/comparison/dior/cloudy/seed_42/0f98a48/methods/E/ddp2/eval_full_cloudy_student_ids_v1/class_ap.txt
DIOR,cloudy,E,42,student,windmill,0.166,printed class_ap.txt (typically 3 decimals),,,complete,/mnt/shared/zechuan/iraod_artifacts/comparison/dior/cloudy/seed_42/0f98a48/methods/E/ddp2/eval_full_cloudy_student_ids_v1/class_ap.txt
DIOR,cloudy,E,43,student,airplane,0.391,printed class_ap.txt (typically 3 decimals),,,complete,/mnt/shared/zechuan/iraod_artifacts/comparison/dior/cloudy/seed_43/0f98a48/methods/E/ddp2/eval_full_cloudy_student_ids_v1/class_ap.txt
DIOR,cloudy,E,43,student,airport,0.03,printed class_ap.txt (typically 3 decimals),,,complete,/mnt/shared/zechuan/iraod_artifacts/comparison/dior/cloudy/seed_43/0f98a48/methods/E/ddp2/eval_full_cloudy_student_ids_v1/class_ap.txt
DIOR,cloudy,E,43,student,baseballfield,0.513,printed class_ap.txt (typically 3 decimals),,,complete,/mnt/shared/zechuan/iraod_artifacts/comparison/dior/cloudy/seed_43/0f98a48/methods/E/ddp2/eval_full_cloudy_student_ids_v1/class_ap.txt
DIOR,cloudy,E,43,student,basketballcourt,0.282,printed class_ap.txt (typically 3 decimals),,,complete,/mnt/shared/zechuan/iraod_artifacts/comparison/dior/cloudy/seed_43/0f98a48/methods/E/ddp2/eval_full_cloudy_student_ids_v1/class_ap.txt
DIOR,cloudy,E,43,student,bridge,0.053,printed class_ap.txt (typically 3 decimals),,,complete,/mnt/shared/zechuan/iraod_artifacts/comparison/dior/cloudy/seed_43/0f98a48/methods/E/ddp2/eval_full_cloudy_student_ids_v1/class_ap.txt
DIOR,cloudy,E,43,student,chimney,0.358,printed class_ap.txt (typically 3 decimals),,,complete,/mnt/shared/zechuan/iraod_artifacts/comparison/dior/cloudy/seed_43/0f98a48/methods/E/ddp2/eval_full_cloudy_student_ids_v1/class_ap.txt
DIOR,cloudy,E,43,student,expressway-service-area,0.239,printed class_ap.txt (typically 3 decimals),,,complete,/mnt/shared/zechuan/iraod_artifacts/comparison/dior/cloudy/seed_43/0f98a48/methods/E/ddp2/eval_full_cloudy_student_ids_v1/class_ap.txt
DIOR,cloudy,E,43,student,expressway-toll-station,0.141,printed class_ap.txt (typically 3 decimals),,,complete,/mnt/shared/zechuan/iraod_artifacts/comparison/dior/cloudy/seed_43/0f98a48/methods/E/ddp2/eval_full_cloudy_student_ids_v1/class_ap.txt
DIOR,cloudy,E,43,student,dam,0.091,printed class_ap.txt (typically 3 decimals),,,complete,/mnt/shared/zechuan/iraod_artifacts/comparison/dior/cloudy/seed_43/0f98a48/methods/E/ddp2/eval_full_cloudy_student_ids_v1/class_ap.txt
DIOR,cloudy,E,43,student,golffield,0.228,printed class_ap.txt (typically 3 decimals),,,complete,/mnt/shared/zechuan/iraod_artifacts/comparison/dior/cloudy/seed_43/0f98a48/methods/E/ddp2/eval_full_cloudy_student_ids_v1/class_ap.txt
DIOR,cloudy,E,43,student,groundtrackfield,0.21,printed class_ap.txt (typically 3 decimals),,,complete,/mnt/shared/zechuan/iraod_artifacts/comparison/dior/cloudy/seed_43/0f98a48/methods/E/ddp2/eval_full_cloudy_student_ids_v1/class_ap.txt
DIOR,cloudy,E,43,student,harbor,0.091,printed class_ap.txt (typically 3 decimals),,,complete,/mnt/shared/zechuan/iraod_artifacts/comparison/dior/cloudy/seed_43/0f98a48/methods/E/ddp2/eval_full_cloudy_student_ids_v1/class_ap.txt
DIOR,cloudy,E,43,student,overpass,0.148,printed class_ap.txt (typically 3 decimals),,,complete,/mnt/shared/zechuan/iraod_artifacts/comparison/dior/cloudy/seed_43/0f98a48/methods/E/ddp2/eval_full_cloudy_student_ids_v1/class_ap.txt
DIOR,cloudy,E,43,student,ship,0.678,printed class_ap.txt (typically 3 decimals),,,complete,/mnt/shared/zechuan/iraod_artifacts/comparison/dior/cloudy/seed_43/0f98a48/methods/E/ddp2/eval_full_cloudy_student_ids_v1/class_ap.txt
DIOR,cloudy,E,43,student,stadium,0.237,printed class_ap.txt (typically 3 decimals),,,complete,/mnt/shared/zechuan/iraod_artifacts/comparison/dior/cloudy/seed_43/0f98a48/methods/E/ddp2/eval_full_cloudy_student_ids_v1/class_ap.txt
DIOR,cloudy,E,43,student,storagetank,0.392,printed class_ap.txt (typically 3 decimals),,,complete,/mnt/shared/zechuan/iraod_artifacts/comparison/dior/cloudy/seed_43/0f98a48/methods/E/ddp2/eval_full_cloudy_student_ids_v1/class_ap.txt
DIOR,cloudy,E,43,student,tenniscourt,0.592,printed class_ap.txt (typically 3 decimals),,,complete,/mnt/shared/zechuan/iraod_artifacts/comparison/dior/cloudy/seed_43/0f98a48/methods/E/ddp2/eval_full_cloudy_student_ids_v1/class_ap.txt
DIOR,cloudy,E,43,student,trainstation,0.092,printed class_ap.txt (typically 3 decimals),,,complete,/mnt/shared/zechuan/iraod_artifacts/comparison/dior/cloudy/seed_43/0f98a48/methods/E/ddp2/eval_full_cloudy_student_ids_v1/class_ap.txt
DIOR,cloudy,E,43,student,vehicle,0.278,printed class_ap.txt (typically 3 decimals),,,complete,/mnt/shared/zechuan/iraod_artifacts/comparison/dior/cloudy/seed_43/0f98a48/methods/E/ddp2/eval_full_cloudy_student_ids_v1/class_ap.txt
DIOR,cloudy,E,43,student,windmill,0.15,printed class_ap.txt (typically 3 decimals),,,complete,/mnt/shared/zechuan/iraod_artifacts/comparison/dior/cloudy/seed_43/0f98a48/methods/E/ddp2/eval_full_cloudy_student_ids_v1/class_ap.txt
DIOR,cloudy,E,44,student,airplane,0.422,printed class_ap.txt (typically 3 decimals),,,complete,/mnt/shared/zechuan/iraod_artifacts/comparison/dior/cloudy/seed_44/0f98a48/methods/E/ddp2/eval_full_cloudy_student_ids_v1/class_ap.txt
DIOR,cloudy,E,44,student,airport,0.004,printed class_ap.txt (typically 3 decimals),,,complete,/mnt/shared/zechuan/iraod_artifacts/comparison/dior/cloudy/seed_44/0f98a48/methods/E/ddp2/eval_full_cloudy_student_ids_v1/class_ap.txt
DIOR,cloudy,E,44,student,baseballfield,0.514,printed class_ap.txt (typically 3 decimals),,,complete,/mnt/shared/zechuan/iraod_artifacts/comparison/dior/cloudy/seed_44/0f98a48/methods/E/ddp2/eval_full_cloudy_student_ids_v1/class_ap.txt
DIOR,cloudy,E,44,student,basketballcourt,0.291,printed class_ap.txt (typically 3 decimals),,,complete,/mnt/shared/zechuan/iraod_artifacts/comparison/dior/cloudy/seed_44/0f98a48/methods/E/ddp2/eval_full_cloudy_student_ids_v1/class_ap.txt
DIOR,cloudy,E,44,student,bridge,0.05,printed class_ap.txt (typically 3 decimals),,,complete,/mnt/shared/zechuan/iraod_artifacts/comparison/dior/cloudy/seed_44/0f98a48/methods/E/ddp2/eval_full_cloudy_student_ids_v1/class_ap.txt
DIOR,cloudy,E,44,student,chimney,0.387,printed class_ap.txt (typically 3 decimals),,,complete,/mnt/shared/zechuan/iraod_artifacts/comparison/dior/cloudy/seed_44/0f98a48/methods/E/ddp2/eval_full_cloudy_student_ids_v1/class_ap.txt
DIOR,cloudy,E,44,student,expressway-service-area,0.246,printed class_ap.txt (typically 3 decimals),,,complete,/mnt/shared/zechuan/iraod_artifacts/comparison/dior/cloudy/seed_44/0f98a48/methods/E/ddp2/eval_full_cloudy_student_ids_v1/class_ap.txt
DIOR,cloudy,E,44,student,expressway-toll-station,0.151,printed class_ap.txt (typically 3 decimals),,,complete,/mnt/shared/zechuan/iraod_artifacts/comparison/dior/cloudy/seed_44/0f98a48/methods/E/ddp2/eval_full_cloudy_student_ids_v1/class_ap.txt
DIOR,cloudy,E,44,student,dam,0.091,printed class_ap.txt (typically 3 decimals),,,complete,/mnt/shared/zechuan/iraod_artifacts/comparison/dior/cloudy/seed_44/0f98a48/methods/E/ddp2/eval_full_cloudy_student_ids_v1/class_ap.txt
DIOR,cloudy,E,44,student,golffield,0.256,printed class_ap.txt (typically 3 decimals),,,complete,/mnt/shared/zechuan/iraod_artifacts/comparison/dior/cloudy/seed_44/0f98a48/methods/E/ddp2/eval_full_cloudy_student_ids_v1/class_ap.txt
DIOR,cloudy,E,44,student,groundtrackfield,0.217,printed class_ap.txt (typically 3 decimals),,,complete,/mnt/shared/zechuan/iraod_artifacts/comparison/dior/cloudy/seed_44/0f98a48/methods/E/ddp2/eval_full_cloudy_student_ids_v1/class_ap.txt
DIOR,cloudy,E,44,student,harbor,0.091,printed class_ap.txt (typically 3 decimals),,,complete,/mnt/shared/zechuan/iraod_artifacts/comparison/dior/cloudy/seed_44/0f98a48/methods/E/ddp2/eval_full_cloudy_student_ids_v1/class_ap.txt
DIOR,cloudy,E,44,student,overpass,0.146,printed class_ap.txt (typically 3 decimals),,,complete,/mnt/shared/zechuan/iraod_artifacts/comparison/dior/cloudy/seed_44/0f98a48/methods/E/ddp2/eval_full_cloudy_student_ids_v1/class_ap.txt
DIOR,cloudy,E,44,student,ship,0.66,printed class_ap.txt (typically 3 decimals),,,complete,/mnt/shared/zechuan/iraod_artifacts/comparison/dior/cloudy/seed_44/0f98a48/methods/E/ddp2/eval_full_cloudy_student_ids_v1/class_ap.txt
DIOR,cloudy,E,44,student,stadium,0.248,printed class_ap.txt (typically 3 decimals),,,complete,/mnt/shared/zechuan/iraod_artifacts/comparison/dior/cloudy/seed_44/0f98a48/methods/E/ddp2/eval_full_cloudy_student_ids_v1/class_ap.txt
DIOR,cloudy,E,44,student,storagetank,0.435,printed class_ap.txt (typically 3 decimals),,,complete,/mnt/shared/zechuan/iraod_artifacts/comparison/dior/cloudy/seed_44/0f98a48/methods/E/ddp2/eval_full_cloudy_student_ids_v1/class_ap.txt
DIOR,cloudy,E,44,student,tenniscourt,0.603,printed class_ap.txt (typically 3 decimals),,,complete,/mnt/shared/zechuan/iraod_artifacts/comparison/dior/cloudy/seed_44/0f98a48/methods/E/ddp2/eval_full_cloudy_student_ids_v1/class_ap.txt
DIOR,cloudy,E,44,student,trainstation,0.119,printed class_ap.txt (typically 3 decimals),,,complete,/mnt/shared/zechuan/iraod_artifacts/comparison/dior/cloudy/seed_44/0f98a48/methods/E/ddp2/eval_full_cloudy_student_ids_v1/class_ap.txt
DIOR,cloudy,E,44,student,vehicle,0.274,printed class_ap.txt (typically 3 decimals),,,complete,/mnt/shared/zechuan/iraod_artifacts/comparison/dior/cloudy/seed_44/0f98a48/methods/E/ddp2/eval_full_cloudy_student_ids_v1/class_ap.txt
DIOR,cloudy,E,44,student,windmill,0.162,printed class_ap.txt (typically 3 decimals),,,complete,/mnt/shared/zechuan/iraod_artifacts/comparison/dior/cloudy/seed_44/0f98a48/methods/E/ddp2/eval_full_cloudy_student_ids_v1/class_ap.txt
DIOR,cloudy,F,42,student,airplane,0.238,printed class_ap.txt (typically 3 decimals),,,complete,/mnt/shared/zechuan/iraod_artifacts/comparison/dior/cloudy/seed_42/0f98a48/methods/F/ddp2/eval_full_cloudy_student_ids_v1/class_ap.txt
DIOR,cloudy,F,42,student,airport,0.01,printed class_ap.txt (typically 3 decimals),,,complete,/mnt/shared/zechuan/iraod_artifacts/comparison/dior/cloudy/seed_42/0f98a48/methods/F/ddp2/eval_full_cloudy_student_ids_v1/class_ap.txt
DIOR,cloudy,F,42,student,baseballfield,0.473,printed class_ap.txt (typically 3 decimals),,,complete,/mnt/shared/zechuan/iraod_artifacts/comparison/dior/cloudy/seed_42/0f98a48/methods/F/ddp2/eval_full_cloudy_student_ids_v1/class_ap.txt
DIOR,cloudy,F,42,student,basketballcourt,0.282,printed class_ap.txt (typically 3 decimals),,,complete,/mnt/shared/zechuan/iraod_artifacts/comparison/dior/cloudy/seed_42/0f98a48/methods/F/ddp2/eval_full_cloudy_student_ids_v1/class_ap.txt
DIOR,cloudy,F,42,student,bridge,0.091,printed class_ap.txt (typically 3 decimals),,,complete,/mnt/shared/zechuan/iraod_artifacts/comparison/dior/cloudy/seed_42/0f98a48/methods/F/ddp2/eval_full_cloudy_student_ids_v1/class_ap.txt
DIOR,cloudy,F,42,student,chimney,0.315,printed class_ap.txt (typically 3 decimals),,,complete,/mnt/shared/zechuan/iraod_artifacts/comparison/dior/cloudy/seed_42/0f98a48/methods/F/ddp2/eval_full_cloudy_student_ids_v1/class_ap.txt
DIOR,cloudy,F,42,student,expressway-service-area,0.245,printed class_ap.txt (typically 3 decimals),,,complete,/mnt/shared/zechuan/iraod_artifacts/comparison/dior/cloudy/seed_42/0f98a48/methods/F/ddp2/eval_full_cloudy_student_ids_v1/class_ap.txt
DIOR,cloudy,F,42,student,expressway-toll-station,0.136,printed class_ap.txt (typically 3 decimals),,,complete,/mnt/shared/zechuan/iraod_artifacts/comparison/dior/cloudy/seed_42/0f98a48/methods/F/ddp2/eval_full_cloudy_student_ids_v1/class_ap.txt
DIOR,cloudy,F,42,student,dam,0.091,printed class_ap.txt (typically 3 decimals),,,complete,/mnt/shared/zechuan/iraod_artifacts/comparison/dior/cloudy/seed_42/0f98a48/methods/F/ddp2/eval_full_cloudy_student_ids_v1/class_ap.txt
DIOR,cloudy,F,42,student,golffield,0.051,printed class_ap.txt (typically 3 decimals),,,complete,/mnt/shared/zechuan/iraod_artifacts/comparison/dior/cloudy/seed_42/0f98a48/methods/F/ddp2/eval_full_cloudy_student_ids_v1/class_ap.txt
DIOR,cloudy,F,42,student,groundtrackfield,0.218,printed class_ap.txt (typically 3 decimals),,,complete,/mnt/shared/zechuan/iraod_artifacts/comparison/dior/cloudy/seed_42/0f98a48/methods/F/ddp2/eval_full_cloudy_student_ids_v1/class_ap.txt
DIOR,cloudy,F,42,student,harbor,0.025,printed class_ap.txt (typically 3 decimals),,,complete,/mnt/shared/zechuan/iraod_artifacts/comparison/dior/cloudy/seed_42/0f98a48/methods/F/ddp2/eval_full_cloudy_student_ids_v1/class_ap.txt
DIOR,cloudy,F,42,student,overpass,0.091,printed class_ap.txt (typically 3 decimals),,,complete,/mnt/shared/zechuan/iraod_artifacts/comparison/dior/cloudy/seed_42/0f98a48/methods/F/ddp2/eval_full_cloudy_student_ids_v1/class_ap.txt
DIOR,cloudy,F,42,student,ship,0.27,printed class_ap.txt (typically 3 decimals),,,complete,/mnt/shared/zechuan/iraod_artifacts/comparison/dior/cloudy/seed_42/0f98a48/methods/F/ddp2/eval_full_cloudy_student_ids_v1/class_ap.txt
DIOR,cloudy,F,42,student,stadium,0.305,printed class_ap.txt (typically 3 decimals),,,complete,/mnt/shared/zechuan/iraod_artifacts/comparison/dior/cloudy/seed_42/0f98a48/methods/F/ddp2/eval_full_cloudy_student_ids_v1/class_ap.txt
DIOR,cloudy,F,42,student,storagetank,0.222,printed class_ap.txt (typically 3 decimals),,,complete,/mnt/shared/zechuan/iraod_artifacts/comparison/dior/cloudy/seed_42/0f98a48/methods/F/ddp2/eval_full_cloudy_student_ids_v1/class_ap.txt
DIOR,cloudy,F,42,student,tenniscourt,0.53,printed class_ap.txt (typically 3 decimals),,,complete,/mnt/shared/zechuan/iraod_artifacts/comparison/dior/cloudy/seed_42/0f98a48/methods/F/ddp2/eval_full_cloudy_student_ids_v1/class_ap.txt
DIOR,cloudy,F,42,student,trainstation,0.073,printed class_ap.txt (typically 3 decimals),,,complete,/mnt/shared/zechuan/iraod_artifacts/comparison/dior/cloudy/seed_42/0f98a48/methods/F/ddp2/eval_full_cloudy_student_ids_v1/class_ap.txt
DIOR,cloudy,F,42,student,vehicle,0.091,printed class_ap.txt (typically 3 decimals),,,complete,/mnt/shared/zechuan/iraod_artifacts/comparison/dior/cloudy/seed_42/0f98a48/methods/F/ddp2/eval_full_cloudy_student_ids_v1/class_ap.txt
DIOR,cloudy,F,42,student,windmill,0.091,printed class_ap.txt (typically 3 decimals),,,complete,/mnt/shared/zechuan/iraod_artifacts/comparison/dior/cloudy/seed_42/0f98a48/methods/F/ddp2/eval_full_cloudy_student_ids_v1/class_ap.txt
DIOR,cloudy,F,43,student,airplane,0.22,printed class_ap.txt (typically 3 decimals),,,complete,/mnt/shared/zechuan/iraod_artifacts/comparison/dior/cloudy/seed_43/0f98a48/methods/F/ddp2/eval_full_cloudy_student_ids_v1/class_ap.txt
DIOR,cloudy,F,43,student,airport,0.002,printed class_ap.txt (typically 3 decimals),,,complete,/mnt/shared/zechuan/iraod_artifacts/comparison/dior/cloudy/seed_43/0f98a48/methods/F/ddp2/eval_full_cloudy_student_ids_v1/class_ap.txt
DIOR,cloudy,F,43,student,baseballfield,0.491,printed class_ap.txt (typically 3 decimals),,,complete,/mnt/shared/zechuan/iraod_artifacts/comparison/dior/cloudy/seed_43/0f98a48/methods/F/ddp2/eval_full_cloudy_student_ids_v1/class_ap.txt
DIOR,cloudy,F,43,student,basketballcourt,0.241,printed class_ap.txt (typically 3 decimals),,,complete,/mnt/shared/zechuan/iraod_artifacts/comparison/dior/cloudy/seed_43/0f98a48/methods/F/ddp2/eval_full_cloudy_student_ids_v1/class_ap.txt
DIOR,cloudy,F,43,student,bridge,0.036,printed class_ap.txt (typically 3 decimals),,,complete,/mnt/shared/zechuan/iraod_artifacts/comparison/dior/cloudy/seed_43/0f98a48/methods/F/ddp2/eval_full_cloudy_student_ids_v1/class_ap.txt
DIOR,cloudy,F,43,student,chimney,0.091,printed class_ap.txt (typically 3 decimals),,,complete,/mnt/shared/zechuan/iraod_artifacts/comparison/dior/cloudy/seed_43/0f98a48/methods/F/ddp2/eval_full_cloudy_student_ids_v1/class_ap.txt
DIOR,cloudy,F,43,student,expressway-service-area,0.198,printed class_ap.txt (typically 3 decimals),,,complete,/mnt/shared/zechuan/iraod_artifacts/comparison/dior/cloudy/seed_43/0f98a48/methods/F/ddp2/eval_full_cloudy_student_ids_v1/class_ap.txt
DIOR,cloudy,F,43,student,expressway-toll-station,0.091,printed class_ap.txt (typically 3 decimals),,,complete,/mnt/shared/zechuan/iraod_artifacts/comparison/dior/cloudy/seed_43/0f98a48/methods/F/ddp2/eval_full_cloudy_student_ids_v1/class_ap.txt
DIOR,cloudy,F,43,student,dam,0.091,printed class_ap.txt (typically 3 decimals),,,complete,/mnt/shared/zechuan/iraod_artifacts/comparison/dior/cloudy/seed_43/0f98a48/methods/F/ddp2/eval_full_cloudy_student_ids_v1/class_ap.txt
DIOR,cloudy,F,43,student,golffield,0.068,printed class_ap.txt (typically 3 decimals),,,complete,/mnt/shared/zechuan/iraod_artifacts/comparison/dior/cloudy/seed_43/0f98a48/methods/F/ddp2/eval_full_cloudy_student_ids_v1/class_ap.txt
DIOR,cloudy,F,43,student,groundtrackfield,0.215,printed class_ap.txt (typically 3 decimals),,,complete,/mnt/shared/zechuan/iraod_artifacts/comparison/dior/cloudy/seed_43/0f98a48/methods/F/ddp2/eval_full_cloudy_student_ids_v1/class_ap.txt
DIOR,cloudy,F,43,student,harbor,0.03,printed class_ap.txt (typically 3 decimals),,,complete,/mnt/shared/zechuan/iraod_artifacts/comparison/dior/cloudy/seed_43/0f98a48/methods/F/ddp2/eval_full_cloudy_student_ids_v1/class_ap.txt
DIOR,cloudy,F,43,student,overpass,0.091,printed class_ap.txt (typically 3 decimals),,,complete,/mnt/shared/zechuan/iraod_artifacts/comparison/dior/cloudy/seed_43/0f98a48/methods/F/ddp2/eval_full_cloudy_student_ids_v1/class_ap.txt
DIOR,cloudy,F,43,student,ship,0.36,printed class_ap.txt (typically 3 decimals),,,complete,/mnt/shared/zechuan/iraod_artifacts/comparison/dior/cloudy/seed_43/0f98a48/methods/F/ddp2/eval_full_cloudy_student_ids_v1/class_ap.txt
DIOR,cloudy,F,43,student,stadium,0.3,printed class_ap.txt (typically 3 decimals),,,complete,/mnt/shared/zechuan/iraod_artifacts/comparison/dior/cloudy/seed_43/0f98a48/methods/F/ddp2/eval_full_cloudy_student_ids_v1/class_ap.txt
DIOR,cloudy,F,43,student,storagetank,0.174,printed class_ap.txt (typically 3 decimals),,,complete,/mnt/shared/zechuan/iraod_artifacts/comparison/dior/cloudy/seed_43/0f98a48/methods/F/ddp2/eval_full_cloudy_student_ids_v1/class_ap.txt
DIOR,cloudy,F,43,student,tenniscourt,0.579,printed class_ap.txt (typically 3 decimals),,,complete,/mnt/shared/zechuan/iraod_artifacts/comparison/dior/cloudy/seed_43/0f98a48/methods/F/ddp2/eval_full_cloudy_student_ids_v1/class_ap.txt
DIOR,cloudy,F,43,student,trainstation,0.045,printed class_ap.txt (typically 3 decimals),,,complete,/mnt/shared/zechuan/iraod_artifacts/comparison/dior/cloudy/seed_43/0f98a48/methods/F/ddp2/eval_full_cloudy_student_ids_v1/class_ap.txt
DIOR,cloudy,F,43,student,vehicle,0.091,printed class_ap.txt (typically 3 decimals),,,complete,/mnt/shared/zechuan/iraod_artifacts/comparison/dior/cloudy/seed_43/0f98a48/methods/F/ddp2/eval_full_cloudy_student_ids_v1/class_ap.txt
DIOR,cloudy,F,43,student,windmill,0.091,printed class_ap.txt (typically 3 decimals),,,complete,/mnt/shared/zechuan/iraod_artifacts/comparison/dior/cloudy/seed_43/0f98a48/methods/F/ddp2/eval_full_cloudy_student_ids_v1/class_ap.txt
DIOR,cloudy,F,44,student,airplane,0.226,printed class_ap.txt (typically 3 decimals),,,complete,/mnt/shared/zechuan/iraod_artifacts/comparison/dior/cloudy/seed_44/0f98a48/methods/F/ddp2/eval_full_cloudy_student_ids_v1/class_ap.txt
DIOR,cloudy,F,44,student,airport,0.004,printed class_ap.txt (typically 3 decimals),,,complete,/mnt/shared/zechuan/iraod_artifacts/comparison/dior/cloudy/seed_44/0f98a48/methods/F/ddp2/eval_full_cloudy_student_ids_v1/class_ap.txt
DIOR,cloudy,F,44,student,baseballfield,0.481,printed class_ap.txt (typically 3 decimals),,,complete,/mnt/shared/zechuan/iraod_artifacts/comparison/dior/cloudy/seed_44/0f98a48/methods/F/ddp2/eval_full_cloudy_student_ids_v1/class_ap.txt
DIOR,cloudy,F,44,student,basketballcourt,0.267,printed class_ap.txt (typically 3 decimals),,,complete,/mnt/shared/zechuan/iraod_artifacts/comparison/dior/cloudy/seed_44/0f98a48/methods/F/ddp2/eval_full_cloudy_student_ids_v1/class_ap.txt
DIOR,cloudy,F,44,student,bridge,0.091,printed class_ap.txt (typically 3 decimals),,,complete,/mnt/shared/zechuan/iraod_artifacts/comparison/dior/cloudy/seed_44/0f98a48/methods/F/ddp2/eval_full_cloudy_student_ids_v1/class_ap.txt
DIOR,cloudy,F,44,student,chimney,0.173,printed class_ap.txt (typically 3 decimals),,,complete,/mnt/shared/zechuan/iraod_artifacts/comparison/dior/cloudy/seed_44/0f98a48/methods/F/ddp2/eval_full_cloudy_student_ids_v1/class_ap.txt
DIOR,cloudy,F,44,student,expressway-service-area,0.18,printed class_ap.txt (typically 3 decimals),,,complete,/mnt/shared/zechuan/iraod_artifacts/comparison/dior/cloudy/seed_44/0f98a48/methods/F/ddp2/eval_full_cloudy_student_ids_v1/class_ap.txt
DIOR,cloudy,F,44,student,expressway-toll-station,0.091,printed class_ap.txt (typically 3 decimals),,,complete,/mnt/shared/zechuan/iraod_artifacts/comparison/dior/cloudy/seed_44/0f98a48/methods/F/ddp2/eval_full_cloudy_student_ids_v1/class_ap.txt
DIOR,cloudy,F,44,student,dam,0.091,printed class_ap.txt (typically 3 decimals),,,complete,/mnt/shared/zechuan/iraod_artifacts/comparison/dior/cloudy/seed_44/0f98a48/methods/F/ddp2/eval_full_cloudy_student_ids_v1/class_ap.txt
DIOR,cloudy,F,44,student,golffield,0.045,printed class_ap.txt (typically 3 decimals),,,complete,/mnt/shared/zechuan/iraod_artifacts/comparison/dior/cloudy/seed_44/0f98a48/methods/F/ddp2/eval_full_cloudy_student_ids_v1/class_ap.txt
DIOR,cloudy,F,44,student,groundtrackfield,0.213,printed class_ap.txt (typically 3 decimals),,,complete,/mnt/shared/zechuan/iraod_artifacts/comparison/dior/cloudy/seed_44/0f98a48/methods/F/ddp2/eval_full_cloudy_student_ids_v1/class_ap.txt
DIOR,cloudy,F,44,student,harbor,0.025,printed class_ap.txt (typically 3 decimals),,,complete,/mnt/shared/zechuan/iraod_artifacts/comparison/dior/cloudy/seed_44/0f98a48/methods/F/ddp2/eval_full_cloudy_student_ids_v1/class_ap.txt
DIOR,cloudy,F,44,student,overpass,0.091,printed class_ap.txt (typically 3 decimals),,,complete,/mnt/shared/zechuan/iraod_artifacts/comparison/dior/cloudy/seed_44/0f98a48/methods/F/ddp2/eval_full_cloudy_student_ids_v1/class_ap.txt
DIOR,cloudy,F,44,student,ship,0.447,printed class_ap.txt (typically 3 decimals),,,complete,/mnt/shared/zechuan/iraod_artifacts/comparison/dior/cloudy/seed_44/0f98a48/methods/F/ddp2/eval_full_cloudy_student_ids_v1/class_ap.txt
DIOR,cloudy,F,44,student,stadium,0.294,printed class_ap.txt (typically 3 decimals),,,complete,/mnt/shared/zechuan/iraod_artifacts/comparison/dior/cloudy/seed_44/0f98a48/methods/F/ddp2/eval_full_cloudy_student_ids_v1/class_ap.txt
DIOR,cloudy,F,44,student,storagetank,0.235,printed class_ap.txt (typically 3 decimals),,,complete,/mnt/shared/zechuan/iraod_artifacts/comparison/dior/cloudy/seed_44/0f98a48/methods/F/ddp2/eval_full_cloudy_student_ids_v1/class_ap.txt
DIOR,cloudy,F,44,student,tenniscourt,0.535,printed class_ap.txt (typically 3 decimals),,,complete,/mnt/shared/zechuan/iraod_artifacts/comparison/dior/cloudy/seed_44/0f98a48/methods/F/ddp2/eval_full_cloudy_student_ids_v1/class_ap.txt
DIOR,cloudy,F,44,student,trainstation,0.036,printed class_ap.txt (typically 3 decimals),,,complete,/mnt/shared/zechuan/iraod_artifacts/comparison/dior/cloudy/seed_44/0f98a48/methods/F/ddp2/eval_full_cloudy_student_ids_v1/class_ap.txt
DIOR,cloudy,F,44,student,vehicle,0.091,printed class_ap.txt (typically 3 decimals),,,complete,/mnt/shared/zechuan/iraod_artifacts/comparison/dior/cloudy/seed_44/0f98a48/methods/F/ddp2/eval_full_cloudy_student_ids_v1/class_ap.txt
DIOR,cloudy,F,44,student,windmill,0.091,printed class_ap.txt (typically 3 decimals),,,complete,/mnt/shared/zechuan/iraod_artifacts/comparison/dior/cloudy/seed_44/0f98a48/methods/F/ddp2/eval_full_cloudy_student_ids_v1/class_ap.txt
DIOR,contrast,A,42,source,airplane,0.493,printed class_ap.txt (typically 3 decimals),0.493,0.493,complete,/mnt/shared/zechuan/iraod_artifacts/comparison/dior/contrast/seed_42/0f98a48/methods/A/eval_full_contrast_ids_v1/class_ap.txt
DIOR,contrast,A,42,source,airport,0.011,printed class_ap.txt (typically 3 decimals),0.011,0.011,complete,/mnt/shared/zechuan/iraod_artifacts/comparison/dior/contrast/seed_42/0f98a48/methods/A/eval_full_contrast_ids_v1/class_ap.txt
DIOR,contrast,A,42,source,baseballfield,0.525,printed class_ap.txt (typically 3 decimals),0.525,0.525,complete,/mnt/shared/zechuan/iraod_artifacts/comparison/dior/contrast/seed_42/0f98a48/methods/A/eval_full_contrast_ids_v1/class_ap.txt
DIOR,contrast,A,42,source,basketballcourt,0.355,printed class_ap.txt (typically 3 decimals),0.355,0.355,complete,/mnt/shared/zechuan/iraod_artifacts/comparison/dior/contrast/seed_42/0f98a48/methods/A/eval_full_contrast_ids_v1/class_ap.txt
DIOR,contrast,A,42,source,bridge,0.113,printed class_ap.txt (typically 3 decimals),0.113,0.113,complete,/mnt/shared/zechuan/iraod_artifacts/comparison/dior/contrast/seed_42/0f98a48/methods/A/eval_full_contrast_ids_v1/class_ap.txt
DIOR,contrast,A,42,source,chimney,0.375,printed class_ap.txt (typically 3 decimals),0.375,0.375,complete,/mnt/shared/zechuan/iraod_artifacts/comparison/dior/contrast/seed_42/0f98a48/methods/A/eval_full_contrast_ids_v1/class_ap.txt
DIOR,contrast,A,42,source,expressway-service-area,0.244,printed class_ap.txt (typically 3 decimals),0.244,0.244,complete,/mnt/shared/zechuan/iraod_artifacts/comparison/dior/contrast/seed_42/0f98a48/methods/A/eval_full_contrast_ids_v1/class_ap.txt
DIOR,contrast,A,42,source,expressway-toll-station,0.19,printed class_ap.txt (typically 3 decimals),0.19,0.19,complete,/mnt/shared/zechuan/iraod_artifacts/comparison/dior/contrast/seed_42/0f98a48/methods/A/eval_full_contrast_ids_v1/class_ap.txt
DIOR,contrast,A,42,source,dam,0.091,printed class_ap.txt (typically 3 decimals),0.091,0.091,complete,/mnt/shared/zechuan/iraod_artifacts/comparison/dior/contrast/seed_42/0f98a48/methods/A/eval_full_contrast_ids_v1/class_ap.txt
DIOR,contrast,A,42,source,golffield,0.235,printed class_ap.txt (typically 3 decimals),0.235,0.235,complete,/mnt/shared/zechuan/iraod_artifacts/comparison/dior/contrast/seed_42/0f98a48/methods/A/eval_full_contrast_ids_v1/class_ap.txt
DIOR,contrast,A,42,source,groundtrackfield,0.223,printed class_ap.txt (typically 3 decimals),0.223,0.223,complete,/mnt/shared/zechuan/iraod_artifacts/comparison/dior/contrast/seed_42/0f98a48/methods/A/eval_full_contrast_ids_v1/class_ap.txt
DIOR,contrast,A,42,source,harbor,0.136,printed class_ap.txt (typically 3 decimals),0.136,0.136,complete,/mnt/shared/zechuan/iraod_artifacts/comparison/dior/contrast/seed_42/0f98a48/methods/A/eval_full_contrast_ids_v1/class_ap.txt
DIOR,contrast,A,42,source,overpass,0.162,printed class_ap.txt (typically 3 decimals),0.162,0.162,complete,/mnt/shared/zechuan/iraod_artifacts/comparison/dior/contrast/seed_42/0f98a48/methods/A/eval_full_contrast_ids_v1/class_ap.txt
DIOR,contrast,A,42,source,ship,0.676,printed class_ap.txt (typically 3 decimals),0.676,0.676,complete,/mnt/shared/zechuan/iraod_artifacts/comparison/dior/contrast/seed_42/0f98a48/methods/A/eval_full_contrast_ids_v1/class_ap.txt
DIOR,contrast,A,42,source,stadium,0.205,printed class_ap.txt (typically 3 decimals),0.205,0.205,complete,/mnt/shared/zechuan/iraod_artifacts/comparison/dior/contrast/seed_42/0f98a48/methods/A/eval_full_contrast_ids_v1/class_ap.txt
DIOR,contrast,A,42,source,storagetank,0.466,printed class_ap.txt (typically 3 decimals),0.466,0.466,complete,/mnt/shared/zechuan/iraod_artifacts/comparison/dior/contrast/seed_42/0f98a48/methods/A/eval_full_contrast_ids_v1/class_ap.txt
DIOR,contrast,A,42,source,tenniscourt,0.606,printed class_ap.txt (typically 3 decimals),0.606,0.606,complete,/mnt/shared/zechuan/iraod_artifacts/comparison/dior/contrast/seed_42/0f98a48/methods/A/eval_full_contrast_ids_v1/class_ap.txt
DIOR,contrast,A,42,source,trainstation,0.08,printed class_ap.txt (typically 3 decimals),0.08,0.08,complete,/mnt/shared/zechuan/iraod_artifacts/comparison/dior/contrast/seed_42/0f98a48/methods/A/eval_full_contrast_ids_v1/class_ap.txt
DIOR,contrast,A,42,source,vehicle,0.284,printed class_ap.txt (typically 3 decimals),0.284,0.284,complete,/mnt/shared/zechuan/iraod_artifacts/comparison/dior/contrast/seed_42/0f98a48/methods/A/eval_full_contrast_ids_v1/class_ap.txt
DIOR,contrast,A,42,source,windmill,0.161,printed class_ap.txt (typically 3 decimals),0.161,0.161,complete,/mnt/shared/zechuan/iraod_artifacts/comparison/dior/contrast/seed_42/0f98a48/methods/A/eval_full_contrast_ids_v1/class_ap.txt
DIOR,contrast,B,42,student,airplane,0.42,printed class_ap.txt (typically 3 decimals),,,complete,/mnt/shared/zechuan/iraod_artifacts/comparison/dior/contrast/seed_42/0f98a48/methods/B/eval_full_contrast_student_ids_v1/class_ap.txt
DIOR,contrast,B,42,student,airport,0.03,printed class_ap.txt (typically 3 decimals),,,complete,/mnt/shared/zechuan/iraod_artifacts/comparison/dior/contrast/seed_42/0f98a48/methods/B/eval_full_contrast_student_ids_v1/class_ap.txt
DIOR,contrast,B,42,student,baseballfield,0.513,printed class_ap.txt (typically 3 decimals),,,complete,/mnt/shared/zechuan/iraod_artifacts/comparison/dior/contrast/seed_42/0f98a48/methods/B/eval_full_contrast_student_ids_v1/class_ap.txt
DIOR,contrast,B,42,student,basketballcourt,0.347,printed class_ap.txt (typically 3 decimals),,,complete,/mnt/shared/zechuan/iraod_artifacts/comparison/dior/contrast/seed_42/0f98a48/methods/B/eval_full_contrast_student_ids_v1/class_ap.txt
DIOR,contrast,B,42,student,bridge,0.101,printed class_ap.txt (typically 3 decimals),,,complete,/mnt/shared/zechuan/iraod_artifacts/comparison/dior/contrast/seed_42/0f98a48/methods/B/eval_full_contrast_student_ids_v1/class_ap.txt
DIOR,contrast,B,42,student,chimney,0.317,printed class_ap.txt (typically 3 decimals),,,complete,/mnt/shared/zechuan/iraod_artifacts/comparison/dior/contrast/seed_42/0f98a48/methods/B/eval_full_contrast_student_ids_v1/class_ap.txt
DIOR,contrast,B,42,student,expressway-service-area,0.197,printed class_ap.txt (typically 3 decimals),,,complete,/mnt/shared/zechuan/iraod_artifacts/comparison/dior/contrast/seed_42/0f98a48/methods/B/eval_full_contrast_student_ids_v1/class_ap.txt
DIOR,contrast,B,42,student,expressway-toll-station,0.149,printed class_ap.txt (typically 3 decimals),,,complete,/mnt/shared/zechuan/iraod_artifacts/comparison/dior/contrast/seed_42/0f98a48/methods/B/eval_full_contrast_student_ids_v1/class_ap.txt
DIOR,contrast,B,42,student,dam,0.091,printed class_ap.txt (typically 3 decimals),,,complete,/mnt/shared/zechuan/iraod_artifacts/comparison/dior/contrast/seed_42/0f98a48/methods/B/eval_full_contrast_student_ids_v1/class_ap.txt
DIOR,contrast,B,42,student,golffield,0.174,printed class_ap.txt (typically 3 decimals),,,complete,/mnt/shared/zechuan/iraod_artifacts/comparison/dior/contrast/seed_42/0f98a48/methods/B/eval_full_contrast_student_ids_v1/class_ap.txt
DIOR,contrast,B,42,student,groundtrackfield,0.213,printed class_ap.txt (typically 3 decimals),,,complete,/mnt/shared/zechuan/iraod_artifacts/comparison/dior/contrast/seed_42/0f98a48/methods/B/eval_full_contrast_student_ids_v1/class_ap.txt
DIOR,contrast,B,42,student,harbor,0.091,printed class_ap.txt (typically 3 decimals),,,complete,/mnt/shared/zechuan/iraod_artifacts/comparison/dior/contrast/seed_42/0f98a48/methods/B/eval_full_contrast_student_ids_v1/class_ap.txt
DIOR,contrast,B,42,student,overpass,0.141,printed class_ap.txt (typically 3 decimals),,,complete,/mnt/shared/zechuan/iraod_artifacts/comparison/dior/contrast/seed_42/0f98a48/methods/B/eval_full_contrast_student_ids_v1/class_ap.txt
DIOR,contrast,B,42,student,ship,0.639,printed class_ap.txt (typically 3 decimals),,,complete,/mnt/shared/zechuan/iraod_artifacts/comparison/dior/contrast/seed_42/0f98a48/methods/B/eval_full_contrast_student_ids_v1/class_ap.txt
DIOR,contrast,B,42,student,stadium,0.253,printed class_ap.txt (typically 3 decimals),,,complete,/mnt/shared/zechuan/iraod_artifacts/comparison/dior/contrast/seed_42/0f98a48/methods/B/eval_full_contrast_student_ids_v1/class_ap.txt
DIOR,contrast,B,42,student,storagetank,0.388,printed class_ap.txt (typically 3 decimals),,,complete,/mnt/shared/zechuan/iraod_artifacts/comparison/dior/contrast/seed_42/0f98a48/methods/B/eval_full_contrast_student_ids_v1/class_ap.txt
DIOR,contrast,B,42,student,tenniscourt,0.596,printed class_ap.txt (typically 3 decimals),,,complete,/mnt/shared/zechuan/iraod_artifacts/comparison/dior/contrast/seed_42/0f98a48/methods/B/eval_full_contrast_student_ids_v1/class_ap.txt
DIOR,contrast,B,42,student,trainstation,0.116,printed class_ap.txt (typically 3 decimals),,,complete,/mnt/shared/zechuan/iraod_artifacts/comparison/dior/contrast/seed_42/0f98a48/methods/B/eval_full_contrast_student_ids_v1/class_ap.txt
DIOR,contrast,B,42,student,vehicle,0.277,printed class_ap.txt (typically 3 decimals),,,complete,/mnt/shared/zechuan/iraod_artifacts/comparison/dior/contrast/seed_42/0f98a48/methods/B/eval_full_contrast_student_ids_v1/class_ap.txt
DIOR,contrast,B,42,student,windmill,0.137,printed class_ap.txt (typically 3 decimals),,,complete,/mnt/shared/zechuan/iraod_artifacts/comparison/dior/contrast/seed_42/0f98a48/methods/B/eval_full_contrast_student_ids_v1/class_ap.txt
DIOR,contrast,B,43,student,airplane,0.462,printed class_ap.txt (typically 3 decimals),,,complete,/mnt/shared/zechuan/iraod_artifacts/comparison/dior/contrast/seed_43/0f98a48/methods/B/eval_full_contrast_student_ids_v1/class_ap.txt
DIOR,contrast,B,43,student,airport,0.011,printed class_ap.txt (typically 3 decimals),,,complete,/mnt/shared/zechuan/iraod_artifacts/comparison/dior/contrast/seed_43/0f98a48/methods/B/eval_full_contrast_student_ids_v1/class_ap.txt
DIOR,contrast,B,43,student,baseballfield,0.516,printed class_ap.txt (typically 3 decimals),,,complete,/mnt/shared/zechuan/iraod_artifacts/comparison/dior/contrast/seed_43/0f98a48/methods/B/eval_full_contrast_student_ids_v1/class_ap.txt
DIOR,contrast,B,43,student,basketballcourt,0.36,printed class_ap.txt (typically 3 decimals),,,complete,/mnt/shared/zechuan/iraod_artifacts/comparison/dior/contrast/seed_43/0f98a48/methods/B/eval_full_contrast_student_ids_v1/class_ap.txt
DIOR,contrast,B,43,student,bridge,0.065,printed class_ap.txt (typically 3 decimals),,,complete,/mnt/shared/zechuan/iraod_artifacts/comparison/dior/contrast/seed_43/0f98a48/methods/B/eval_full_contrast_student_ids_v1/class_ap.txt
DIOR,contrast,B,43,student,chimney,0.357,printed class_ap.txt (typically 3 decimals),,,complete,/mnt/shared/zechuan/iraod_artifacts/comparison/dior/contrast/seed_43/0f98a48/methods/B/eval_full_contrast_student_ids_v1/class_ap.txt
DIOR,contrast,B,43,student,expressway-service-area,0.177,printed class_ap.txt (typically 3 decimals),,,complete,/mnt/shared/zechuan/iraod_artifacts/comparison/dior/contrast/seed_43/0f98a48/methods/B/eval_full_contrast_student_ids_v1/class_ap.txt
DIOR,contrast,B,43,student,expressway-toll-station,0.159,printed class_ap.txt (typically 3 decimals),,,complete,/mnt/shared/zechuan/iraod_artifacts/comparison/dior/contrast/seed_43/0f98a48/methods/B/eval_full_contrast_student_ids_v1/class_ap.txt
DIOR,contrast,B,43,student,dam,0.091,printed class_ap.txt (typically 3 decimals),,,complete,/mnt/shared/zechuan/iraod_artifacts/comparison/dior/contrast/seed_43/0f98a48/methods/B/eval_full_contrast_student_ids_v1/class_ap.txt
DIOR,contrast,B,43,student,golffield,0.252,printed class_ap.txt (typically 3 decimals),,,complete,/mnt/shared/zechuan/iraod_artifacts/comparison/dior/contrast/seed_43/0f98a48/methods/B/eval_full_contrast_student_ids_v1/class_ap.txt
DIOR,contrast,B,43,student,groundtrackfield,0.222,printed class_ap.txt (typically 3 decimals),,,complete,/mnt/shared/zechuan/iraod_artifacts/comparison/dior/contrast/seed_43/0f98a48/methods/B/eval_full_contrast_student_ids_v1/class_ap.txt
DIOR,contrast,B,43,student,harbor,0.091,printed class_ap.txt (typically 3 decimals),,,complete,/mnt/shared/zechuan/iraod_artifacts/comparison/dior/contrast/seed_43/0f98a48/methods/B/eval_full_contrast_student_ids_v1/class_ap.txt
DIOR,contrast,B,43,student,overpass,0.152,printed class_ap.txt (typically 3 decimals),,,complete,/mnt/shared/zechuan/iraod_artifacts/comparison/dior/contrast/seed_43/0f98a48/methods/B/eval_full_contrast_student_ids_v1/class_ap.txt
DIOR,contrast,B,43,student,ship,0.654,printed class_ap.txt (typically 3 decimals),,,complete,/mnt/shared/zechuan/iraod_artifacts/comparison/dior/contrast/seed_43/0f98a48/methods/B/eval_full_contrast_student_ids_v1/class_ap.txt
DIOR,contrast,B,43,student,stadium,0.258,printed class_ap.txt (typically 3 decimals),,,complete,/mnt/shared/zechuan/iraod_artifacts/comparison/dior/contrast/seed_43/0f98a48/methods/B/eval_full_contrast_student_ids_v1/class_ap.txt
DIOR,contrast,B,43,student,storagetank,0.358,printed class_ap.txt (typically 3 decimals),,,complete,/mnt/shared/zechuan/iraod_artifacts/comparison/dior/contrast/seed_43/0f98a48/methods/B/eval_full_contrast_student_ids_v1/class_ap.txt
DIOR,contrast,B,43,student,tenniscourt,0.616,printed class_ap.txt (typically 3 decimals),,,complete,/mnt/shared/zechuan/iraod_artifacts/comparison/dior/contrast/seed_43/0f98a48/methods/B/eval_full_contrast_student_ids_v1/class_ap.txt
DIOR,contrast,B,43,student,trainstation,0.078,printed class_ap.txt (typically 3 decimals),,,complete,/mnt/shared/zechuan/iraod_artifacts/comparison/dior/contrast/seed_43/0f98a48/methods/B/eval_full_contrast_student_ids_v1/class_ap.txt
DIOR,contrast,B,43,student,vehicle,0.279,printed class_ap.txt (typically 3 decimals),,,complete,/mnt/shared/zechuan/iraod_artifacts/comparison/dior/contrast/seed_43/0f98a48/methods/B/eval_full_contrast_student_ids_v1/class_ap.txt
DIOR,contrast,B,43,student,windmill,0.142,printed class_ap.txt (typically 3 decimals),,,complete,/mnt/shared/zechuan/iraod_artifacts/comparison/dior/contrast/seed_43/0f98a48/methods/B/eval_full_contrast_student_ids_v1/class_ap.txt
DIOR,contrast,B,44,student,airplane,0.438,printed class_ap.txt (typically 3 decimals),,,complete,/mnt/shared/zechuan/iraod_artifacts/comparison/dior/contrast/seed_44/0f98a48/methods/B/eval_full_contrast_student_ids_v1/class_ap.txt
DIOR,contrast,B,44,student,airport,0.023,printed class_ap.txt (typically 3 decimals),,,complete,/mnt/shared/zechuan/iraod_artifacts/comparison/dior/contrast/seed_44/0f98a48/methods/B/eval_full_contrast_student_ids_v1/class_ap.txt
DIOR,contrast,B,44,student,baseballfield,0.522,printed class_ap.txt (typically 3 decimals),,,complete,/mnt/shared/zechuan/iraod_artifacts/comparison/dior/contrast/seed_44/0f98a48/methods/B/eval_full_contrast_student_ids_v1/class_ap.txt
DIOR,contrast,B,44,student,basketballcourt,0.377,printed class_ap.txt (typically 3 decimals),,,complete,/mnt/shared/zechuan/iraod_artifacts/comparison/dior/contrast/seed_44/0f98a48/methods/B/eval_full_contrast_student_ids_v1/class_ap.txt
DIOR,contrast,B,44,student,bridge,0.104,printed class_ap.txt (typically 3 decimals),,,complete,/mnt/shared/zechuan/iraod_artifacts/comparison/dior/contrast/seed_44/0f98a48/methods/B/eval_full_contrast_student_ids_v1/class_ap.txt
DIOR,contrast,B,44,student,chimney,0.346,printed class_ap.txt (typically 3 decimals),,,complete,/mnt/shared/zechuan/iraod_artifacts/comparison/dior/contrast/seed_44/0f98a48/methods/B/eval_full_contrast_student_ids_v1/class_ap.txt
DIOR,contrast,B,44,student,expressway-service-area,0.228,printed class_ap.txt (typically 3 decimals),,,complete,/mnt/shared/zechuan/iraod_artifacts/comparison/dior/contrast/seed_44/0f98a48/methods/B/eval_full_contrast_student_ids_v1/class_ap.txt
DIOR,contrast,B,44,student,expressway-toll-station,0.152,printed class_ap.txt (typically 3 decimals),,,complete,/mnt/shared/zechuan/iraod_artifacts/comparison/dior/contrast/seed_44/0f98a48/methods/B/eval_full_contrast_student_ids_v1/class_ap.txt
DIOR,contrast,B,44,student,dam,0.091,printed class_ap.txt (typically 3 decimals),,,complete,/mnt/shared/zechuan/iraod_artifacts/comparison/dior/contrast/seed_44/0f98a48/methods/B/eval_full_contrast_student_ids_v1/class_ap.txt
DIOR,contrast,B,44,student,golffield,0.247,printed class_ap.txt (typically 3 decimals),,,complete,/mnt/shared/zechuan/iraod_artifacts/comparison/dior/contrast/seed_44/0f98a48/methods/B/eval_full_contrast_student_ids_v1/class_ap.txt
DIOR,contrast,B,44,student,groundtrackfield,0.223,printed class_ap.txt (typically 3 decimals),,,complete,/mnt/shared/zechuan/iraod_artifacts/comparison/dior/contrast/seed_44/0f98a48/methods/B/eval_full_contrast_student_ids_v1/class_ap.txt
DIOR,contrast,B,44,student,harbor,0.038,printed class_ap.txt (typically 3 decimals),,,complete,/mnt/shared/zechuan/iraod_artifacts/comparison/dior/contrast/seed_44/0f98a48/methods/B/eval_full_contrast_student_ids_v1/class_ap.txt
DIOR,contrast,B,44,student,overpass,0.151,printed class_ap.txt (typically 3 decimals),,,complete,/mnt/shared/zechuan/iraod_artifacts/comparison/dior/contrast/seed_44/0f98a48/methods/B/eval_full_contrast_student_ids_v1/class_ap.txt
DIOR,contrast,B,44,student,ship,0.666,printed class_ap.txt (typically 3 decimals),,,complete,/mnt/shared/zechuan/iraod_artifacts/comparison/dior/contrast/seed_44/0f98a48/methods/B/eval_full_contrast_student_ids_v1/class_ap.txt
DIOR,contrast,B,44,student,stadium,0.203,printed class_ap.txt (typically 3 decimals),,,complete,/mnt/shared/zechuan/iraod_artifacts/comparison/dior/contrast/seed_44/0f98a48/methods/B/eval_full_contrast_student_ids_v1/class_ap.txt
DIOR,contrast,B,44,student,storagetank,0.374,printed class_ap.txt (typically 3 decimals),,,complete,/mnt/shared/zechuan/iraod_artifacts/comparison/dior/contrast/seed_44/0f98a48/methods/B/eval_full_contrast_student_ids_v1/class_ap.txt
DIOR,contrast,B,44,student,tenniscourt,0.61,printed class_ap.txt (typically 3 decimals),,,complete,/mnt/shared/zechuan/iraod_artifacts/comparison/dior/contrast/seed_44/0f98a48/methods/B/eval_full_contrast_student_ids_v1/class_ap.txt
DIOR,contrast,B,44,student,trainstation,0.063,printed class_ap.txt (typically 3 decimals),,,complete,/mnt/shared/zechuan/iraod_artifacts/comparison/dior/contrast/seed_44/0f98a48/methods/B/eval_full_contrast_student_ids_v1/class_ap.txt
DIOR,contrast,B,44,student,vehicle,0.282,printed class_ap.txt (typically 3 decimals),,,complete,/mnt/shared/zechuan/iraod_artifacts/comparison/dior/contrast/seed_44/0f98a48/methods/B/eval_full_contrast_student_ids_v1/class_ap.txt
DIOR,contrast,B,44,student,windmill,0.145,printed class_ap.txt (typically 3 decimals),,,complete,/mnt/shared/zechuan/iraod_artifacts/comparison/dior/contrast/seed_44/0f98a48/methods/B/eval_full_contrast_student_ids_v1/class_ap.txt
DIOR,contrast,C,42,student,airplane,0.397,printed class_ap.txt (typically 3 decimals),,,complete,/mnt/shared/zechuan/iraod_artifacts/comparison/dior/contrast/seed_42/0f98a48/methods/C/eval_full_contrast_student_ids_v1/class_ap.txt
DIOR,contrast,C,42,student,airport,0.009,printed class_ap.txt (typically 3 decimals),,,complete,/mnt/shared/zechuan/iraod_artifacts/comparison/dior/contrast/seed_42/0f98a48/methods/C/eval_full_contrast_student_ids_v1/class_ap.txt
DIOR,contrast,C,42,student,baseballfield,0.526,printed class_ap.txt (typically 3 decimals),,,complete,/mnt/shared/zechuan/iraod_artifacts/comparison/dior/contrast/seed_42/0f98a48/methods/C/eval_full_contrast_student_ids_v1/class_ap.txt
DIOR,contrast,C,42,student,basketballcourt,0.336,printed class_ap.txt (typically 3 decimals),,,complete,/mnt/shared/zechuan/iraod_artifacts/comparison/dior/contrast/seed_42/0f98a48/methods/C/eval_full_contrast_student_ids_v1/class_ap.txt
DIOR,contrast,C,42,student,bridge,0.057,printed class_ap.txt (typically 3 decimals),,,complete,/mnt/shared/zechuan/iraod_artifacts/comparison/dior/contrast/seed_42/0f98a48/methods/C/eval_full_contrast_student_ids_v1/class_ap.txt
DIOR,contrast,C,42,student,chimney,0.336,printed class_ap.txt (typically 3 decimals),,,complete,/mnt/shared/zechuan/iraod_artifacts/comparison/dior/contrast/seed_42/0f98a48/methods/C/eval_full_contrast_student_ids_v1/class_ap.txt
DIOR,contrast,C,42,student,expressway-service-area,0.213,printed class_ap.txt (typically 3 decimals),,,complete,/mnt/shared/zechuan/iraod_artifacts/comparison/dior/contrast/seed_42/0f98a48/methods/C/eval_full_contrast_student_ids_v1/class_ap.txt
DIOR,contrast,C,42,student,expressway-toll-station,0.154,printed class_ap.txt (typically 3 decimals),,,complete,/mnt/shared/zechuan/iraod_artifacts/comparison/dior/contrast/seed_42/0f98a48/methods/C/eval_full_contrast_student_ids_v1/class_ap.txt
DIOR,contrast,C,42,student,dam,0.091,printed class_ap.txt (typically 3 decimals),,,complete,/mnt/shared/zechuan/iraod_artifacts/comparison/dior/contrast/seed_42/0f98a48/methods/C/eval_full_contrast_student_ids_v1/class_ap.txt
DIOR,contrast,C,42,student,golffield,0.174,printed class_ap.txt (typically 3 decimals),,,complete,/mnt/shared/zechuan/iraod_artifacts/comparison/dior/contrast/seed_42/0f98a48/methods/C/eval_full_contrast_student_ids_v1/class_ap.txt
DIOR,contrast,C,42,student,groundtrackfield,0.212,printed class_ap.txt (typically 3 decimals),,,complete,/mnt/shared/zechuan/iraod_artifacts/comparison/dior/contrast/seed_42/0f98a48/methods/C/eval_full_contrast_student_ids_v1/class_ap.txt
DIOR,contrast,C,42,student,harbor,0.122,printed class_ap.txt (typically 3 decimals),,,complete,/mnt/shared/zechuan/iraod_artifacts/comparison/dior/contrast/seed_42/0f98a48/methods/C/eval_full_contrast_student_ids_v1/class_ap.txt
DIOR,contrast,C,42,student,overpass,0.139,printed class_ap.txt (typically 3 decimals),,,complete,/mnt/shared/zechuan/iraod_artifacts/comparison/dior/contrast/seed_42/0f98a48/methods/C/eval_full_contrast_student_ids_v1/class_ap.txt
DIOR,contrast,C,42,student,ship,0.64,printed class_ap.txt (typically 3 decimals),,,complete,/mnt/shared/zechuan/iraod_artifacts/comparison/dior/contrast/seed_42/0f98a48/methods/C/eval_full_contrast_student_ids_v1/class_ap.txt
DIOR,contrast,C,42,student,stadium,0.305,printed class_ap.txt (typically 3 decimals),,,complete,/mnt/shared/zechuan/iraod_artifacts/comparison/dior/contrast/seed_42/0f98a48/methods/C/eval_full_contrast_student_ids_v1/class_ap.txt
DIOR,contrast,C,42,student,storagetank,0.312,printed class_ap.txt (typically 3 decimals),,,complete,/mnt/shared/zechuan/iraod_artifacts/comparison/dior/contrast/seed_42/0f98a48/methods/C/eval_full_contrast_student_ids_v1/class_ap.txt
DIOR,contrast,C,42,student,tenniscourt,0.605,printed class_ap.txt (typically 3 decimals),,,complete,/mnt/shared/zechuan/iraod_artifacts/comparison/dior/contrast/seed_42/0f98a48/methods/C/eval_full_contrast_student_ids_v1/class_ap.txt
DIOR,contrast,C,42,student,trainstation,0.086,printed class_ap.txt (typically 3 decimals),,,complete,/mnt/shared/zechuan/iraod_artifacts/comparison/dior/contrast/seed_42/0f98a48/methods/C/eval_full_contrast_student_ids_v1/class_ap.txt
DIOR,contrast,C,42,student,vehicle,0.272,printed class_ap.txt (typically 3 decimals),,,complete,/mnt/shared/zechuan/iraod_artifacts/comparison/dior/contrast/seed_42/0f98a48/methods/C/eval_full_contrast_student_ids_v1/class_ap.txt
DIOR,contrast,C,42,student,windmill,0.125,printed class_ap.txt (typically 3 decimals),,,complete,/mnt/shared/zechuan/iraod_artifacts/comparison/dior/contrast/seed_42/0f98a48/methods/C/eval_full_contrast_student_ids_v1/class_ap.txt
DIOR,contrast,C,43,student,airplane,0.396,printed class_ap.txt (typically 3 decimals),,,complete,/mnt/shared/zechuan/iraod_artifacts/comparison/dior/contrast/seed_43/0f98a48/methods/C/eval_full_contrast_student_ids_v1/class_ap.txt
DIOR,contrast,C,43,student,airport,0.006,printed class_ap.txt (typically 3 decimals),,,complete,/mnt/shared/zechuan/iraod_artifacts/comparison/dior/contrast/seed_43/0f98a48/methods/C/eval_full_contrast_student_ids_v1/class_ap.txt
DIOR,contrast,C,43,student,baseballfield,0.515,printed class_ap.txt (typically 3 decimals),,,complete,/mnt/shared/zechuan/iraod_artifacts/comparison/dior/contrast/seed_43/0f98a48/methods/C/eval_full_contrast_student_ids_v1/class_ap.txt
DIOR,contrast,C,43,student,basketballcourt,0.359,printed class_ap.txt (typically 3 decimals),,,complete,/mnt/shared/zechuan/iraod_artifacts/comparison/dior/contrast/seed_43/0f98a48/methods/C/eval_full_contrast_student_ids_v1/class_ap.txt
DIOR,contrast,C,43,student,bridge,0.053,printed class_ap.txt (typically 3 decimals),,,complete,/mnt/shared/zechuan/iraod_artifacts/comparison/dior/contrast/seed_43/0f98a48/methods/C/eval_full_contrast_student_ids_v1/class_ap.txt
DIOR,contrast,C,43,student,chimney,0.347,printed class_ap.txt (typically 3 decimals),,,complete,/mnt/shared/zechuan/iraod_artifacts/comparison/dior/contrast/seed_43/0f98a48/methods/C/eval_full_contrast_student_ids_v1/class_ap.txt
DIOR,contrast,C,43,student,expressway-service-area,0.205,printed class_ap.txt (typically 3 decimals),,,complete,/mnt/shared/zechuan/iraod_artifacts/comparison/dior/contrast/seed_43/0f98a48/methods/C/eval_full_contrast_student_ids_v1/class_ap.txt
DIOR,contrast,C,43,student,expressway-toll-station,0.162,printed class_ap.txt (typically 3 decimals),,,complete,/mnt/shared/zechuan/iraod_artifacts/comparison/dior/contrast/seed_43/0f98a48/methods/C/eval_full_contrast_student_ids_v1/class_ap.txt
DIOR,contrast,C,43,student,dam,0.091,printed class_ap.txt (typically 3 decimals),,,complete,/mnt/shared/zechuan/iraod_artifacts/comparison/dior/contrast/seed_43/0f98a48/methods/C/eval_full_contrast_student_ids_v1/class_ap.txt
DIOR,contrast,C,43,student,golffield,0.225,printed class_ap.txt (typically 3 decimals),,,complete,/mnt/shared/zechuan/iraod_artifacts/comparison/dior/contrast/seed_43/0f98a48/methods/C/eval_full_contrast_student_ids_v1/class_ap.txt
DIOR,contrast,C,43,student,groundtrackfield,0.217,printed class_ap.txt (typically 3 decimals),,,complete,/mnt/shared/zechuan/iraod_artifacts/comparison/dior/contrast/seed_43/0f98a48/methods/C/eval_full_contrast_student_ids_v1/class_ap.txt
DIOR,contrast,C,43,student,harbor,0.091,printed class_ap.txt (typically 3 decimals),,,complete,/mnt/shared/zechuan/iraod_artifacts/comparison/dior/contrast/seed_43/0f98a48/methods/C/eval_full_contrast_student_ids_v1/class_ap.txt
DIOR,contrast,C,43,student,overpass,0.162,printed class_ap.txt (typically 3 decimals),,,complete,/mnt/shared/zechuan/iraod_artifacts/comparison/dior/contrast/seed_43/0f98a48/methods/C/eval_full_contrast_student_ids_v1/class_ap.txt
DIOR,contrast,C,43,student,ship,0.642,printed class_ap.txt (typically 3 decimals),,,complete,/mnt/shared/zechuan/iraod_artifacts/comparison/dior/contrast/seed_43/0f98a48/methods/C/eval_full_contrast_student_ids_v1/class_ap.txt
DIOR,contrast,C,43,student,stadium,0.303,printed class_ap.txt (typically 3 decimals),,,complete,/mnt/shared/zechuan/iraod_artifacts/comparison/dior/contrast/seed_43/0f98a48/methods/C/eval_full_contrast_student_ids_v1/class_ap.txt
DIOR,contrast,C,43,student,storagetank,0.306,printed class_ap.txt (typically 3 decimals),,,complete,/mnt/shared/zechuan/iraod_artifacts/comparison/dior/contrast/seed_43/0f98a48/methods/C/eval_full_contrast_student_ids_v1/class_ap.txt
DIOR,contrast,C,43,student,tenniscourt,0.601,printed class_ap.txt (typically 3 decimals),,,complete,/mnt/shared/zechuan/iraod_artifacts/comparison/dior/contrast/seed_43/0f98a48/methods/C/eval_full_contrast_student_ids_v1/class_ap.txt
DIOR,contrast,C,43,student,trainstation,0.093,printed class_ap.txt (typically 3 decimals),,,complete,/mnt/shared/zechuan/iraod_artifacts/comparison/dior/contrast/seed_43/0f98a48/methods/C/eval_full_contrast_student_ids_v1/class_ap.txt
DIOR,contrast,C,43,student,vehicle,0.279,printed class_ap.txt (typically 3 decimals),,,complete,/mnt/shared/zechuan/iraod_artifacts/comparison/dior/contrast/seed_43/0f98a48/methods/C/eval_full_contrast_student_ids_v1/class_ap.txt
DIOR,contrast,C,43,student,windmill,0.122,printed class_ap.txt (typically 3 decimals),,,complete,/mnt/shared/zechuan/iraod_artifacts/comparison/dior/contrast/seed_43/0f98a48/methods/C/eval_full_contrast_student_ids_v1/class_ap.txt
DIOR,contrast,C,44,student,airplane,0.379,printed class_ap.txt (typically 3 decimals),,,complete,/mnt/shared/zechuan/iraod_artifacts/comparison/dior/contrast/seed_44/0f98a48/methods/C/eval_full_contrast_student_ids_v1/class_ap.txt
DIOR,contrast,C,44,student,airport,0.003,printed class_ap.txt (typically 3 decimals),,,complete,/mnt/shared/zechuan/iraod_artifacts/comparison/dior/contrast/seed_44/0f98a48/methods/C/eval_full_contrast_student_ids_v1/class_ap.txt
DIOR,contrast,C,44,student,baseballfield,0.515,printed class_ap.txt (typically 3 decimals),,,complete,/mnt/shared/zechuan/iraod_artifacts/comparison/dior/contrast/seed_44/0f98a48/methods/C/eval_full_contrast_student_ids_v1/class_ap.txt
DIOR,contrast,C,44,student,basketballcourt,0.367,printed class_ap.txt (typically 3 decimals),,,complete,/mnt/shared/zechuan/iraod_artifacts/comparison/dior/contrast/seed_44/0f98a48/methods/C/eval_full_contrast_student_ids_v1/class_ap.txt
DIOR,contrast,C,44,student,bridge,0.048,printed class_ap.txt (typically 3 decimals),,,complete,/mnt/shared/zechuan/iraod_artifacts/comparison/dior/contrast/seed_44/0f98a48/methods/C/eval_full_contrast_student_ids_v1/class_ap.txt
DIOR,contrast,C,44,student,chimney,0.386,printed class_ap.txt (typically 3 decimals),,,complete,/mnt/shared/zechuan/iraod_artifacts/comparison/dior/contrast/seed_44/0f98a48/methods/C/eval_full_contrast_student_ids_v1/class_ap.txt
DIOR,contrast,C,44,student,expressway-service-area,0.213,printed class_ap.txt (typically 3 decimals),,,complete,/mnt/shared/zechuan/iraod_artifacts/comparison/dior/contrast/seed_44/0f98a48/methods/C/eval_full_contrast_student_ids_v1/class_ap.txt
DIOR,contrast,C,44,student,expressway-toll-station,0.159,printed class_ap.txt (typically 3 decimals),,,complete,/mnt/shared/zechuan/iraod_artifacts/comparison/dior/contrast/seed_44/0f98a48/methods/C/eval_full_contrast_student_ids_v1/class_ap.txt
DIOR,contrast,C,44,student,dam,0.091,printed class_ap.txt (typically 3 decimals),,,complete,/mnt/shared/zechuan/iraod_artifacts/comparison/dior/contrast/seed_44/0f98a48/methods/C/eval_full_contrast_student_ids_v1/class_ap.txt
DIOR,contrast,C,44,student,golffield,0.235,printed class_ap.txt (typically 3 decimals),,,complete,/mnt/shared/zechuan/iraod_artifacts/comparison/dior/contrast/seed_44/0f98a48/methods/C/eval_full_contrast_student_ids_v1/class_ap.txt
DIOR,contrast,C,44,student,groundtrackfield,0.233,printed class_ap.txt (typically 3 decimals),,,complete,/mnt/shared/zechuan/iraod_artifacts/comparison/dior/contrast/seed_44/0f98a48/methods/C/eval_full_contrast_student_ids_v1/class_ap.txt
DIOR,contrast,C,44,student,harbor,0.045,printed class_ap.txt (typically 3 decimals),,,complete,/mnt/shared/zechuan/iraod_artifacts/comparison/dior/contrast/seed_44/0f98a48/methods/C/eval_full_contrast_student_ids_v1/class_ap.txt
DIOR,contrast,C,44,student,overpass,0.156,printed class_ap.txt (typically 3 decimals),,,complete,/mnt/shared/zechuan/iraod_artifacts/comparison/dior/contrast/seed_44/0f98a48/methods/C/eval_full_contrast_student_ids_v1/class_ap.txt
DIOR,contrast,C,44,student,ship,0.641,printed class_ap.txt (typically 3 decimals),,,complete,/mnt/shared/zechuan/iraod_artifacts/comparison/dior/contrast/seed_44/0f98a48/methods/C/eval_full_contrast_student_ids_v1/class_ap.txt
DIOR,contrast,C,44,student,stadium,0.291,printed class_ap.txt (typically 3 decimals),,,complete,/mnt/shared/zechuan/iraod_artifacts/comparison/dior/contrast/seed_44/0f98a48/methods/C/eval_full_contrast_student_ids_v1/class_ap.txt
DIOR,contrast,C,44,student,storagetank,0.321,printed class_ap.txt (typically 3 decimals),,,complete,/mnt/shared/zechuan/iraod_artifacts/comparison/dior/contrast/seed_44/0f98a48/methods/C/eval_full_contrast_student_ids_v1/class_ap.txt
DIOR,contrast,C,44,student,tenniscourt,0.593,printed class_ap.txt (typically 3 decimals),,,complete,/mnt/shared/zechuan/iraod_artifacts/comparison/dior/contrast/seed_44/0f98a48/methods/C/eval_full_contrast_student_ids_v1/class_ap.txt
DIOR,contrast,C,44,student,trainstation,0.036,printed class_ap.txt (typically 3 decimals),,,complete,/mnt/shared/zechuan/iraod_artifacts/comparison/dior/contrast/seed_44/0f98a48/methods/C/eval_full_contrast_student_ids_v1/class_ap.txt
DIOR,contrast,C,44,student,vehicle,0.273,printed class_ap.txt (typically 3 decimals),,,complete,/mnt/shared/zechuan/iraod_artifacts/comparison/dior/contrast/seed_44/0f98a48/methods/C/eval_full_contrast_student_ids_v1/class_ap.txt
DIOR,contrast,C,44,student,windmill,0.132,printed class_ap.txt (typically 3 decimals),,,complete,/mnt/shared/zechuan/iraod_artifacts/comparison/dior/contrast/seed_44/0f98a48/methods/C/eval_full_contrast_student_ids_v1/class_ap.txt
DIOR,contrast,D,42,student,airplane,0.255,printed class_ap.txt (typically 3 decimals),,,complete,/mnt/shared/zechuan/iraod_artifacts/comparison/dior/contrast/seed_42/0f98a48/methods/D/eval_full_contrast_student_ids_v1/class_ap.txt
DIOR,contrast,D,42,student,airport,0.009,printed class_ap.txt (typically 3 decimals),,,complete,/mnt/shared/zechuan/iraod_artifacts/comparison/dior/contrast/seed_42/0f98a48/methods/D/eval_full_contrast_student_ids_v1/class_ap.txt
DIOR,contrast,D,42,student,baseballfield,0.508,printed class_ap.txt (typically 3 decimals),,,complete,/mnt/shared/zechuan/iraod_artifacts/comparison/dior/contrast/seed_42/0f98a48/methods/D/eval_full_contrast_student_ids_v1/class_ap.txt
DIOR,contrast,D,42,student,basketballcourt,0.339,printed class_ap.txt (typically 3 decimals),,,complete,/mnt/shared/zechuan/iraod_artifacts/comparison/dior/contrast/seed_42/0f98a48/methods/D/eval_full_contrast_student_ids_v1/class_ap.txt
DIOR,contrast,D,42,student,bridge,0.052,printed class_ap.txt (typically 3 decimals),,,complete,/mnt/shared/zechuan/iraod_artifacts/comparison/dior/contrast/seed_42/0f98a48/methods/D/eval_full_contrast_student_ids_v1/class_ap.txt
DIOR,contrast,D,42,student,chimney,0.308,printed class_ap.txt (typically 3 decimals),,,complete,/mnt/shared/zechuan/iraod_artifacts/comparison/dior/contrast/seed_42/0f98a48/methods/D/eval_full_contrast_student_ids_v1/class_ap.txt
DIOR,contrast,D,42,student,expressway-service-area,0.219,printed class_ap.txt (typically 3 decimals),,,complete,/mnt/shared/zechuan/iraod_artifacts/comparison/dior/contrast/seed_42/0f98a48/methods/D/eval_full_contrast_student_ids_v1/class_ap.txt
DIOR,contrast,D,42,student,expressway-toll-station,0.129,printed class_ap.txt (typically 3 decimals),,,complete,/mnt/shared/zechuan/iraod_artifacts/comparison/dior/contrast/seed_42/0f98a48/methods/D/eval_full_contrast_student_ids_v1/class_ap.txt
DIOR,contrast,D,42,student,dam,0.091,printed class_ap.txt (typically 3 decimals),,,complete,/mnt/shared/zechuan/iraod_artifacts/comparison/dior/contrast/seed_42/0f98a48/methods/D/eval_full_contrast_student_ids_v1/class_ap.txt
DIOR,contrast,D,42,student,golffield,0.068,printed class_ap.txt (typically 3 decimals),,,complete,/mnt/shared/zechuan/iraod_artifacts/comparison/dior/contrast/seed_42/0f98a48/methods/D/eval_full_contrast_student_ids_v1/class_ap.txt
DIOR,contrast,D,42,student,groundtrackfield,0.223,printed class_ap.txt (typically 3 decimals),,,complete,/mnt/shared/zechuan/iraod_artifacts/comparison/dior/contrast/seed_42/0f98a48/methods/D/eval_full_contrast_student_ids_v1/class_ap.txt
DIOR,contrast,D,42,student,harbor,0.014,printed class_ap.txt (typically 3 decimals),,,complete,/mnt/shared/zechuan/iraod_artifacts/comparison/dior/contrast/seed_42/0f98a48/methods/D/eval_full_contrast_student_ids_v1/class_ap.txt
DIOR,contrast,D,42,student,overpass,0.091,printed class_ap.txt (typically 3 decimals),,,complete,/mnt/shared/zechuan/iraod_artifacts/comparison/dior/contrast/seed_42/0f98a48/methods/D/eval_full_contrast_student_ids_v1/class_ap.txt
DIOR,contrast,D,42,student,ship,0.425,printed class_ap.txt (typically 3 decimals),,,complete,/mnt/shared/zechuan/iraod_artifacts/comparison/dior/contrast/seed_42/0f98a48/methods/D/eval_full_contrast_student_ids_v1/class_ap.txt
DIOR,contrast,D,42,student,stadium,0.277,printed class_ap.txt (typically 3 decimals),,,complete,/mnt/shared/zechuan/iraod_artifacts/comparison/dior/contrast/seed_42/0f98a48/methods/D/eval_full_contrast_student_ids_v1/class_ap.txt
DIOR,contrast,D,42,student,storagetank,0.348,printed class_ap.txt (typically 3 decimals),,,complete,/mnt/shared/zechuan/iraod_artifacts/comparison/dior/contrast/seed_42/0f98a48/methods/D/eval_full_contrast_student_ids_v1/class_ap.txt
DIOR,contrast,D,42,student,tenniscourt,0.591,printed class_ap.txt (typically 3 decimals),,,complete,/mnt/shared/zechuan/iraod_artifacts/comparison/dior/contrast/seed_42/0f98a48/methods/D/eval_full_contrast_student_ids_v1/class_ap.txt
DIOR,contrast,D,42,student,trainstation,0.091,printed class_ap.txt (typically 3 decimals),,,complete,/mnt/shared/zechuan/iraod_artifacts/comparison/dior/contrast/seed_42/0f98a48/methods/D/eval_full_contrast_student_ids_v1/class_ap.txt
DIOR,contrast,D,42,student,vehicle,0.091,printed class_ap.txt (typically 3 decimals),,,complete,/mnt/shared/zechuan/iraod_artifacts/comparison/dior/contrast/seed_42/0f98a48/methods/D/eval_full_contrast_student_ids_v1/class_ap.txt
DIOR,contrast,D,42,student,windmill,0.091,printed class_ap.txt (typically 3 decimals),,,complete,/mnt/shared/zechuan/iraod_artifacts/comparison/dior/contrast/seed_42/0f98a48/methods/D/eval_full_contrast_student_ids_v1/class_ap.txt
DIOR,contrast,D,43,student,airplane,0.249,printed class_ap.txt (typically 3 decimals),,,complete,/mnt/shared/zechuan/iraod_artifacts/comparison/dior/contrast/seed_43/0f98a48/methods/D/eval_full_contrast_student_ids_v1/class_ap.txt
DIOR,contrast,D,43,student,airport,0.0,printed class_ap.txt (typically 3 decimals),,,complete,/mnt/shared/zechuan/iraod_artifacts/comparison/dior/contrast/seed_43/0f98a48/methods/D/eval_full_contrast_student_ids_v1/class_ap.txt
DIOR,contrast,D,43,student,baseballfield,0.509,printed class_ap.txt (typically 3 decimals),,,complete,/mnt/shared/zechuan/iraod_artifacts/comparison/dior/contrast/seed_43/0f98a48/methods/D/eval_full_contrast_student_ids_v1/class_ap.txt
DIOR,contrast,D,43,student,basketballcourt,0.309,printed class_ap.txt (typically 3 decimals),,,complete,/mnt/shared/zechuan/iraod_artifacts/comparison/dior/contrast/seed_43/0f98a48/methods/D/eval_full_contrast_student_ids_v1/class_ap.txt
DIOR,contrast,D,43,student,bridge,0.052,printed class_ap.txt (typically 3 decimals),,,complete,/mnt/shared/zechuan/iraod_artifacts/comparison/dior/contrast/seed_43/0f98a48/methods/D/eval_full_contrast_student_ids_v1/class_ap.txt
DIOR,contrast,D,43,student,chimney,0.171,printed class_ap.txt (typically 3 decimals),,,complete,/mnt/shared/zechuan/iraod_artifacts/comparison/dior/contrast/seed_43/0f98a48/methods/D/eval_full_contrast_student_ids_v1/class_ap.txt
DIOR,contrast,D,43,student,expressway-service-area,0.176,printed class_ap.txt (typically 3 decimals),,,complete,/mnt/shared/zechuan/iraod_artifacts/comparison/dior/contrast/seed_43/0f98a48/methods/D/eval_full_contrast_student_ids_v1/class_ap.txt
DIOR,contrast,D,43,student,expressway-toll-station,0.144,printed class_ap.txt (typically 3 decimals),,,complete,/mnt/shared/zechuan/iraod_artifacts/comparison/dior/contrast/seed_43/0f98a48/methods/D/eval_full_contrast_student_ids_v1/class_ap.txt
DIOR,contrast,D,43,student,dam,0.091,printed class_ap.txt (typically 3 decimals),,,complete,/mnt/shared/zechuan/iraod_artifacts/comparison/dior/contrast/seed_43/0f98a48/methods/D/eval_full_contrast_student_ids_v1/class_ap.txt
DIOR,contrast,D,43,student,golffield,0.091,printed class_ap.txt (typically 3 decimals),,,complete,/mnt/shared/zechuan/iraod_artifacts/comparison/dior/contrast/seed_43/0f98a48/methods/D/eval_full_contrast_student_ids_v1/class_ap.txt
DIOR,contrast,D,43,student,groundtrackfield,0.21,printed class_ap.txt (typically 3 decimals),,,complete,/mnt/shared/zechuan/iraod_artifacts/comparison/dior/contrast/seed_43/0f98a48/methods/D/eval_full_contrast_student_ids_v1/class_ap.txt
DIOR,contrast,D,43,student,harbor,0.01,printed class_ap.txt (typically 3 decimals),,,complete,/mnt/shared/zechuan/iraod_artifacts/comparison/dior/contrast/seed_43/0f98a48/methods/D/eval_full_contrast_student_ids_v1/class_ap.txt
DIOR,contrast,D,43,student,overpass,0.091,printed class_ap.txt (typically 3 decimals),,,complete,/mnt/shared/zechuan/iraod_artifacts/comparison/dior/contrast/seed_43/0f98a48/methods/D/eval_full_contrast_student_ids_v1/class_ap.txt
DIOR,contrast,D,43,student,ship,0.435,printed class_ap.txt (typically 3 decimals),,,complete,/mnt/shared/zechuan/iraod_artifacts/comparison/dior/contrast/seed_43/0f98a48/methods/D/eval_full_contrast_student_ids_v1/class_ap.txt
DIOR,contrast,D,43,student,stadium,0.267,printed class_ap.txt (typically 3 decimals),,,complete,/mnt/shared/zechuan/iraod_artifacts/comparison/dior/contrast/seed_43/0f98a48/methods/D/eval_full_contrast_student_ids_v1/class_ap.txt
DIOR,contrast,D,43,student,storagetank,0.305,printed class_ap.txt (typically 3 decimals),,,complete,/mnt/shared/zechuan/iraod_artifacts/comparison/dior/contrast/seed_43/0f98a48/methods/D/eval_full_contrast_student_ids_v1/class_ap.txt
DIOR,contrast,D,43,student,tenniscourt,0.601,printed class_ap.txt (typically 3 decimals),,,complete,/mnt/shared/zechuan/iraod_artifacts/comparison/dior/contrast/seed_43/0f98a48/methods/D/eval_full_contrast_student_ids_v1/class_ap.txt
DIOR,contrast,D,43,student,trainstation,0.091,printed class_ap.txt (typically 3 decimals),,,complete,/mnt/shared/zechuan/iraod_artifacts/comparison/dior/contrast/seed_43/0f98a48/methods/D/eval_full_contrast_student_ids_v1/class_ap.txt
DIOR,contrast,D,43,student,vehicle,0.091,printed class_ap.txt (typically 3 decimals),,,complete,/mnt/shared/zechuan/iraod_artifacts/comparison/dior/contrast/seed_43/0f98a48/methods/D/eval_full_contrast_student_ids_v1/class_ap.txt
DIOR,contrast,D,43,student,windmill,0.091,printed class_ap.txt (typically 3 decimals),,,complete,/mnt/shared/zechuan/iraod_artifacts/comparison/dior/contrast/seed_43/0f98a48/methods/D/eval_full_contrast_student_ids_v1/class_ap.txt
DIOR,contrast,D,44,student,airplane,0.165,printed class_ap.txt (typically 3 decimals),,,complete,/mnt/shared/zechuan/iraod_artifacts/comparison/dior/contrast/seed_44/0f98a48/methods/D/eval_full_contrast_student_ids_v1/class_ap.txt
DIOR,contrast,D,44,student,airport,0.0,printed class_ap.txt (typically 3 decimals),,,complete,/mnt/shared/zechuan/iraod_artifacts/comparison/dior/contrast/seed_44/0f98a48/methods/D/eval_full_contrast_student_ids_v1/class_ap.txt
DIOR,contrast,D,44,student,baseballfield,0.499,printed class_ap.txt (typically 3 decimals),,,complete,/mnt/shared/zechuan/iraod_artifacts/comparison/dior/contrast/seed_44/0f98a48/methods/D/eval_full_contrast_student_ids_v1/class_ap.txt
DIOR,contrast,D,44,student,basketballcourt,0.337,printed class_ap.txt (typically 3 decimals),,,complete,/mnt/shared/zechuan/iraod_artifacts/comparison/dior/contrast/seed_44/0f98a48/methods/D/eval_full_contrast_student_ids_v1/class_ap.txt
DIOR,contrast,D,44,student,bridge,0.045,printed class_ap.txt (typically 3 decimals),,,complete,/mnt/shared/zechuan/iraod_artifacts/comparison/dior/contrast/seed_44/0f98a48/methods/D/eval_full_contrast_student_ids_v1/class_ap.txt
DIOR,contrast,D,44,student,chimney,0.247,printed class_ap.txt (typically 3 decimals),,,complete,/mnt/shared/zechuan/iraod_artifacts/comparison/dior/contrast/seed_44/0f98a48/methods/D/eval_full_contrast_student_ids_v1/class_ap.txt
DIOR,contrast,D,44,student,expressway-service-area,0.219,printed class_ap.txt (typically 3 decimals),,,complete,/mnt/shared/zechuan/iraod_artifacts/comparison/dior/contrast/seed_44/0f98a48/methods/D/eval_full_contrast_student_ids_v1/class_ap.txt
DIOR,contrast,D,44,student,expressway-toll-station,0.091,printed class_ap.txt (typically 3 decimals),,,complete,/mnt/shared/zechuan/iraod_artifacts/comparison/dior/contrast/seed_44/0f98a48/methods/D/eval_full_contrast_student_ids_v1/class_ap.txt
DIOR,contrast,D,44,student,dam,0.091,printed class_ap.txt (typically 3 decimals),,,complete,/mnt/shared/zechuan/iraod_artifacts/comparison/dior/contrast/seed_44/0f98a48/methods/D/eval_full_contrast_student_ids_v1/class_ap.txt
DIOR,contrast,D,44,student,golffield,0.091,printed class_ap.txt (typically 3 decimals),,,complete,/mnt/shared/zechuan/iraod_artifacts/comparison/dior/contrast/seed_44/0f98a48/methods/D/eval_full_contrast_student_ids_v1/class_ap.txt
DIOR,contrast,D,44,student,groundtrackfield,0.218,printed class_ap.txt (typically 3 decimals),,,complete,/mnt/shared/zechuan/iraod_artifacts/comparison/dior/contrast/seed_44/0f98a48/methods/D/eval_full_contrast_student_ids_v1/class_ap.txt
DIOR,contrast,D,44,student,harbor,0.023,printed class_ap.txt (typically 3 decimals),,,complete,/mnt/shared/zechuan/iraod_artifacts/comparison/dior/contrast/seed_44/0f98a48/methods/D/eval_full_contrast_student_ids_v1/class_ap.txt
DIOR,contrast,D,44,student,overpass,0.091,printed class_ap.txt (typically 3 decimals),,,complete,/mnt/shared/zechuan/iraod_artifacts/comparison/dior/contrast/seed_44/0f98a48/methods/D/eval_full_contrast_student_ids_v1/class_ap.txt
DIOR,contrast,D,44,student,ship,0.266,printed class_ap.txt (typically 3 decimals),,,complete,/mnt/shared/zechuan/iraod_artifacts/comparison/dior/contrast/seed_44/0f98a48/methods/D/eval_full_contrast_student_ids_v1/class_ap.txt
DIOR,contrast,D,44,student,stadium,0.218,printed class_ap.txt (typically 3 decimals),,,complete,/mnt/shared/zechuan/iraod_artifacts/comparison/dior/contrast/seed_44/0f98a48/methods/D/eval_full_contrast_student_ids_v1/class_ap.txt
DIOR,contrast,D,44,student,storagetank,0.293,printed class_ap.txt (typically 3 decimals),,,complete,/mnt/shared/zechuan/iraod_artifacts/comparison/dior/contrast/seed_44/0f98a48/methods/D/eval_full_contrast_student_ids_v1/class_ap.txt
DIOR,contrast,D,44,student,tenniscourt,0.586,printed class_ap.txt (typically 3 decimals),,,complete,/mnt/shared/zechuan/iraod_artifacts/comparison/dior/contrast/seed_44/0f98a48/methods/D/eval_full_contrast_student_ids_v1/class_ap.txt
DIOR,contrast,D,44,student,trainstation,0.126,printed class_ap.txt (typically 3 decimals),,,complete,/mnt/shared/zechuan/iraod_artifacts/comparison/dior/contrast/seed_44/0f98a48/methods/D/eval_full_contrast_student_ids_v1/class_ap.txt
DIOR,contrast,D,44,student,vehicle,0.091,printed class_ap.txt (typically 3 decimals),,,complete,/mnt/shared/zechuan/iraod_artifacts/comparison/dior/contrast/seed_44/0f98a48/methods/D/eval_full_contrast_student_ids_v1/class_ap.txt
DIOR,contrast,D,44,student,windmill,0.068,printed class_ap.txt (typically 3 decimals),,,complete,/mnt/shared/zechuan/iraod_artifacts/comparison/dior/contrast/seed_44/0f98a48/methods/D/eval_full_contrast_student_ids_v1/class_ap.txt
DIOR,contrast,E,42,student,airplane,0.455,printed class_ap.txt (typically 3 decimals),,,complete,/mnt/shared/zechuan/iraod_artifacts/comparison/dior/contrast/seed_42/0f98a48/methods/E/ddp2/eval_full_contrast_student_ids_v1/class_ap.txt
DIOR,contrast,E,42,student,airport,0.003,printed class_ap.txt (typically 3 decimals),,,complete,/mnt/shared/zechuan/iraod_artifacts/comparison/dior/contrast/seed_42/0f98a48/methods/E/ddp2/eval_full_contrast_student_ids_v1/class_ap.txt
DIOR,contrast,E,42,student,baseballfield,0.517,printed class_ap.txt (typically 3 decimals),,,complete,/mnt/shared/zechuan/iraod_artifacts/comparison/dior/contrast/seed_42/0f98a48/methods/E/ddp2/eval_full_contrast_student_ids_v1/class_ap.txt
DIOR,contrast,E,42,student,basketballcourt,0.332,printed class_ap.txt (typically 3 decimals),,,complete,/mnt/shared/zechuan/iraod_artifacts/comparison/dior/contrast/seed_42/0f98a48/methods/E/ddp2/eval_full_contrast_student_ids_v1/class_ap.txt
DIOR,contrast,E,42,student,bridge,0.1,printed class_ap.txt (typically 3 decimals),,,complete,/mnt/shared/zechuan/iraod_artifacts/comparison/dior/contrast/seed_42/0f98a48/methods/E/ddp2/eval_full_contrast_student_ids_v1/class_ap.txt
DIOR,contrast,E,42,student,chimney,0.342,printed class_ap.txt (typically 3 decimals),,,complete,/mnt/shared/zechuan/iraod_artifacts/comparison/dior/contrast/seed_42/0f98a48/methods/E/ddp2/eval_full_contrast_student_ids_v1/class_ap.txt
DIOR,contrast,E,42,student,expressway-service-area,0.218,printed class_ap.txt (typically 3 decimals),,,complete,/mnt/shared/zechuan/iraod_artifacts/comparison/dior/contrast/seed_42/0f98a48/methods/E/ddp2/eval_full_contrast_student_ids_v1/class_ap.txt
DIOR,contrast,E,42,student,expressway-toll-station,0.157,printed class_ap.txt (typically 3 decimals),,,complete,/mnt/shared/zechuan/iraod_artifacts/comparison/dior/contrast/seed_42/0f98a48/methods/E/ddp2/eval_full_contrast_student_ids_v1/class_ap.txt
DIOR,contrast,E,42,student,dam,0.091,printed class_ap.txt (typically 3 decimals),,,complete,/mnt/shared/zechuan/iraod_artifacts/comparison/dior/contrast/seed_42/0f98a48/methods/E/ddp2/eval_full_contrast_student_ids_v1/class_ap.txt
DIOR,contrast,E,42,student,golffield,0.23,printed class_ap.txt (typically 3 decimals),,,complete,/mnt/shared/zechuan/iraod_artifacts/comparison/dior/contrast/seed_42/0f98a48/methods/E/ddp2/eval_full_contrast_student_ids_v1/class_ap.txt
DIOR,contrast,E,42,student,groundtrackfield,0.211,printed class_ap.txt (typically 3 decimals),,,complete,/mnt/shared/zechuan/iraod_artifacts/comparison/dior/contrast/seed_42/0f98a48/methods/E/ddp2/eval_full_contrast_student_ids_v1/class_ap.txt
DIOR,contrast,E,42,student,harbor,0.081,printed class_ap.txt (typically 3 decimals),,,complete,/mnt/shared/zechuan/iraod_artifacts/comparison/dior/contrast/seed_42/0f98a48/methods/E/ddp2/eval_full_contrast_student_ids_v1/class_ap.txt
DIOR,contrast,E,42,student,overpass,0.137,printed class_ap.txt (typically 3 decimals),,,complete,/mnt/shared/zechuan/iraod_artifacts/comparison/dior/contrast/seed_42/0f98a48/methods/E/ddp2/eval_full_contrast_student_ids_v1/class_ap.txt
DIOR,contrast,E,42,student,ship,0.646,printed class_ap.txt (typically 3 decimals),,,complete,/mnt/shared/zechuan/iraod_artifacts/comparison/dior/contrast/seed_42/0f98a48/methods/E/ddp2/eval_full_contrast_student_ids_v1/class_ap.txt
DIOR,contrast,E,42,student,stadium,0.254,printed class_ap.txt (typically 3 decimals),,,complete,/mnt/shared/zechuan/iraod_artifacts/comparison/dior/contrast/seed_42/0f98a48/methods/E/ddp2/eval_full_contrast_student_ids_v1/class_ap.txt
DIOR,contrast,E,42,student,storagetank,0.413,printed class_ap.txt (typically 3 decimals),,,complete,/mnt/shared/zechuan/iraod_artifacts/comparison/dior/contrast/seed_42/0f98a48/methods/E/ddp2/eval_full_contrast_student_ids_v1/class_ap.txt
DIOR,contrast,E,42,student,tenniscourt,0.608,printed class_ap.txt (typically 3 decimals),,,complete,/mnt/shared/zechuan/iraod_artifacts/comparison/dior/contrast/seed_42/0f98a48/methods/E/ddp2/eval_full_contrast_student_ids_v1/class_ap.txt
DIOR,contrast,E,42,student,trainstation,0.125,printed class_ap.txt (typically 3 decimals),,,complete,/mnt/shared/zechuan/iraod_artifacts/comparison/dior/contrast/seed_42/0f98a48/methods/E/ddp2/eval_full_contrast_student_ids_v1/class_ap.txt
DIOR,contrast,E,42,student,vehicle,0.27,printed class_ap.txt (typically 3 decimals),,,complete,/mnt/shared/zechuan/iraod_artifacts/comparison/dior/contrast/seed_42/0f98a48/methods/E/ddp2/eval_full_contrast_student_ids_v1/class_ap.txt
DIOR,contrast,E,42,student,windmill,0.146,printed class_ap.txt (typically 3 decimals),,,complete,/mnt/shared/zechuan/iraod_artifacts/comparison/dior/contrast/seed_42/0f98a48/methods/E/ddp2/eval_full_contrast_student_ids_v1/class_ap.txt
DIOR,contrast,E,43,student,airplane,0.407,printed class_ap.txt (typically 3 decimals),,,complete,/mnt/shared/zechuan/iraod_artifacts/comparison/dior/contrast/seed_43/0f98a48/methods/E/ddp2/eval_full_contrast_student_ids_v1/class_ap.txt
DIOR,contrast,E,43,student,airport,0.004,printed class_ap.txt (typically 3 decimals),,,complete,/mnt/shared/zechuan/iraod_artifacts/comparison/dior/contrast/seed_43/0f98a48/methods/E/ddp2/eval_full_contrast_student_ids_v1/class_ap.txt
DIOR,contrast,E,43,student,baseballfield,0.514,printed class_ap.txt (typically 3 decimals),,,complete,/mnt/shared/zechuan/iraod_artifacts/comparison/dior/contrast/seed_43/0f98a48/methods/E/ddp2/eval_full_contrast_student_ids_v1/class_ap.txt
DIOR,contrast,E,43,student,basketballcourt,0.316,printed class_ap.txt (typically 3 decimals),,,complete,/mnt/shared/zechuan/iraod_artifacts/comparison/dior/contrast/seed_43/0f98a48/methods/E/ddp2/eval_full_contrast_student_ids_v1/class_ap.txt
DIOR,contrast,E,43,student,bridge,0.105,printed class_ap.txt (typically 3 decimals),,,complete,/mnt/shared/zechuan/iraod_artifacts/comparison/dior/contrast/seed_43/0f98a48/methods/E/ddp2/eval_full_contrast_student_ids_v1/class_ap.txt
DIOR,contrast,E,43,student,chimney,0.33,printed class_ap.txt (typically 3 decimals),,,complete,/mnt/shared/zechuan/iraod_artifacts/comparison/dior/contrast/seed_43/0f98a48/methods/E/ddp2/eval_full_contrast_student_ids_v1/class_ap.txt
DIOR,contrast,E,43,student,expressway-service-area,0.2,printed class_ap.txt (typically 3 decimals),,,complete,/mnt/shared/zechuan/iraod_artifacts/comparison/dior/contrast/seed_43/0f98a48/methods/E/ddp2/eval_full_contrast_student_ids_v1/class_ap.txt
DIOR,contrast,E,43,student,expressway-toll-station,0.151,printed class_ap.txt (typically 3 decimals),,,complete,/mnt/shared/zechuan/iraod_artifacts/comparison/dior/contrast/seed_43/0f98a48/methods/E/ddp2/eval_full_contrast_student_ids_v1/class_ap.txt
DIOR,contrast,E,43,student,dam,0.091,printed class_ap.txt (typically 3 decimals),,,complete,/mnt/shared/zechuan/iraod_artifacts/comparison/dior/contrast/seed_43/0f98a48/methods/E/ddp2/eval_full_contrast_student_ids_v1/class_ap.txt
DIOR,contrast,E,43,student,golffield,0.212,printed class_ap.txt (typically 3 decimals),,,complete,/mnt/shared/zechuan/iraod_artifacts/comparison/dior/contrast/seed_43/0f98a48/methods/E/ddp2/eval_full_contrast_student_ids_v1/class_ap.txt
DIOR,contrast,E,43,student,groundtrackfield,0.21,printed class_ap.txt (typically 3 decimals),,,complete,/mnt/shared/zechuan/iraod_artifacts/comparison/dior/contrast/seed_43/0f98a48/methods/E/ddp2/eval_full_contrast_student_ids_v1/class_ap.txt
DIOR,contrast,E,43,student,harbor,0.091,printed class_ap.txt (typically 3 decimals),,,complete,/mnt/shared/zechuan/iraod_artifacts/comparison/dior/contrast/seed_43/0f98a48/methods/E/ddp2/eval_full_contrast_student_ids_v1/class_ap.txt
DIOR,contrast,E,43,student,overpass,0.147,printed class_ap.txt (typically 3 decimals),,,complete,/mnt/shared/zechuan/iraod_artifacts/comparison/dior/contrast/seed_43/0f98a48/methods/E/ddp2/eval_full_contrast_student_ids_v1/class_ap.txt
DIOR,contrast,E,43,student,ship,0.662,printed class_ap.txt (typically 3 decimals),,,complete,/mnt/shared/zechuan/iraod_artifacts/comparison/dior/contrast/seed_43/0f98a48/methods/E/ddp2/eval_full_contrast_student_ids_v1/class_ap.txt
DIOR,contrast,E,43,student,stadium,0.192,printed class_ap.txt (typically 3 decimals),,,complete,/mnt/shared/zechuan/iraod_artifacts/comparison/dior/contrast/seed_43/0f98a48/methods/E/ddp2/eval_full_contrast_student_ids_v1/class_ap.txt
DIOR,contrast,E,43,student,storagetank,0.364,printed class_ap.txt (typically 3 decimals),,,complete,/mnt/shared/zechuan/iraod_artifacts/comparison/dior/contrast/seed_43/0f98a48/methods/E/ddp2/eval_full_contrast_student_ids_v1/class_ap.txt
DIOR,contrast,E,43,student,tenniscourt,0.6,printed class_ap.txt (typically 3 decimals),,,complete,/mnt/shared/zechuan/iraod_artifacts/comparison/dior/contrast/seed_43/0f98a48/methods/E/ddp2/eval_full_contrast_student_ids_v1/class_ap.txt
DIOR,contrast,E,43,student,trainstation,0.063,printed class_ap.txt (typically 3 decimals),,,complete,/mnt/shared/zechuan/iraod_artifacts/comparison/dior/contrast/seed_43/0f98a48/methods/E/ddp2/eval_full_contrast_student_ids_v1/class_ap.txt
DIOR,contrast,E,43,student,vehicle,0.274,printed class_ap.txt (typically 3 decimals),,,complete,/mnt/shared/zechuan/iraod_artifacts/comparison/dior/contrast/seed_43/0f98a48/methods/E/ddp2/eval_full_contrast_student_ids_v1/class_ap.txt
DIOR,contrast,E,43,student,windmill,0.12,printed class_ap.txt (typically 3 decimals),,,complete,/mnt/shared/zechuan/iraod_artifacts/comparison/dior/contrast/seed_43/0f98a48/methods/E/ddp2/eval_full_contrast_student_ids_v1/class_ap.txt
DIOR,contrast,E,44,student,airplane,0.43,printed class_ap.txt (typically 3 decimals),,,complete,/mnt/shared/zechuan/iraod_artifacts/comparison/dior/contrast/seed_44/0f98a48/methods/E/ddp2/eval_full_contrast_student_ids_v1/class_ap.txt
DIOR,contrast,E,44,student,airport,0.008,printed class_ap.txt (typically 3 decimals),,,complete,/mnt/shared/zechuan/iraod_artifacts/comparison/dior/contrast/seed_44/0f98a48/methods/E/ddp2/eval_full_contrast_student_ids_v1/class_ap.txt
DIOR,contrast,E,44,student,baseballfield,0.522,printed class_ap.txt (typically 3 decimals),,,complete,/mnt/shared/zechuan/iraod_artifacts/comparison/dior/contrast/seed_44/0f98a48/methods/E/ddp2/eval_full_contrast_student_ids_v1/class_ap.txt
DIOR,contrast,E,44,student,basketballcourt,0.317,printed class_ap.txt (typically 3 decimals),,,complete,/mnt/shared/zechuan/iraod_artifacts/comparison/dior/contrast/seed_44/0f98a48/methods/E/ddp2/eval_full_contrast_student_ids_v1/class_ap.txt
DIOR,contrast,E,44,student,bridge,0.062,printed class_ap.txt (typically 3 decimals),,,complete,/mnt/shared/zechuan/iraod_artifacts/comparison/dior/contrast/seed_44/0f98a48/methods/E/ddp2/eval_full_contrast_student_ids_v1/class_ap.txt
DIOR,contrast,E,44,student,chimney,0.342,printed class_ap.txt (typically 3 decimals),,,complete,/mnt/shared/zechuan/iraod_artifacts/comparison/dior/contrast/seed_44/0f98a48/methods/E/ddp2/eval_full_contrast_student_ids_v1/class_ap.txt
DIOR,contrast,E,44,student,expressway-service-area,0.205,printed class_ap.txt (typically 3 decimals),,,complete,/mnt/shared/zechuan/iraod_artifacts/comparison/dior/contrast/seed_44/0f98a48/methods/E/ddp2/eval_full_contrast_student_ids_v1/class_ap.txt
DIOR,contrast,E,44,student,expressway-toll-station,0.154,printed class_ap.txt (typically 3 decimals),,,complete,/mnt/shared/zechuan/iraod_artifacts/comparison/dior/contrast/seed_44/0f98a48/methods/E/ddp2/eval_full_contrast_student_ids_v1/class_ap.txt
DIOR,contrast,E,44,student,dam,0.091,printed class_ap.txt (typically 3 decimals),,,complete,/mnt/shared/zechuan/iraod_artifacts/comparison/dior/contrast/seed_44/0f98a48/methods/E/ddp2/eval_full_contrast_student_ids_v1/class_ap.txt
DIOR,contrast,E,44,student,golffield,0.21,printed class_ap.txt (typically 3 decimals),,,complete,/mnt/shared/zechuan/iraod_artifacts/comparison/dior/contrast/seed_44/0f98a48/methods/E/ddp2/eval_full_contrast_student_ids_v1/class_ap.txt
DIOR,contrast,E,44,student,groundtrackfield,0.212,printed class_ap.txt (typically 3 decimals),,,complete,/mnt/shared/zechuan/iraod_artifacts/comparison/dior/contrast/seed_44/0f98a48/methods/E/ddp2/eval_full_contrast_student_ids_v1/class_ap.txt
DIOR,contrast,E,44,student,harbor,0.04,printed class_ap.txt (typically 3 decimals),,,complete,/mnt/shared/zechuan/iraod_artifacts/comparison/dior/contrast/seed_44/0f98a48/methods/E/ddp2/eval_full_contrast_student_ids_v1/class_ap.txt
DIOR,contrast,E,44,student,overpass,0.125,printed class_ap.txt (typically 3 decimals),,,complete,/mnt/shared/zechuan/iraod_artifacts/comparison/dior/contrast/seed_44/0f98a48/methods/E/ddp2/eval_full_contrast_student_ids_v1/class_ap.txt
DIOR,contrast,E,44,student,ship,0.654,printed class_ap.txt (typically 3 decimals),,,complete,/mnt/shared/zechuan/iraod_artifacts/comparison/dior/contrast/seed_44/0f98a48/methods/E/ddp2/eval_full_contrast_student_ids_v1/class_ap.txt
DIOR,contrast,E,44,student,stadium,0.234,printed class_ap.txt (typically 3 decimals),,,complete,/mnt/shared/zechuan/iraod_artifacts/comparison/dior/contrast/seed_44/0f98a48/methods/E/ddp2/eval_full_contrast_student_ids_v1/class_ap.txt
DIOR,contrast,E,44,student,storagetank,0.39,printed class_ap.txt (typically 3 decimals),,,complete,/mnt/shared/zechuan/iraod_artifacts/comparison/dior/contrast/seed_44/0f98a48/methods/E/ddp2/eval_full_contrast_student_ids_v1/class_ap.txt
DIOR,contrast,E,44,student,tenniscourt,0.596,printed class_ap.txt (typically 3 decimals),,,complete,/mnt/shared/zechuan/iraod_artifacts/comparison/dior/contrast/seed_44/0f98a48/methods/E/ddp2/eval_full_contrast_student_ids_v1/class_ap.txt
DIOR,contrast,E,44,student,trainstation,0.109,printed class_ap.txt (typically 3 decimals),,,complete,/mnt/shared/zechuan/iraod_artifacts/comparison/dior/contrast/seed_44/0f98a48/methods/E/ddp2/eval_full_contrast_student_ids_v1/class_ap.txt
DIOR,contrast,E,44,student,vehicle,0.277,printed class_ap.txt (typically 3 decimals),,,complete,/mnt/shared/zechuan/iraod_artifacts/comparison/dior/contrast/seed_44/0f98a48/methods/E/ddp2/eval_full_contrast_student_ids_v1/class_ap.txt
DIOR,contrast,E,44,student,windmill,0.129,printed class_ap.txt (typically 3 decimals),,,complete,/mnt/shared/zechuan/iraod_artifacts/comparison/dior/contrast/seed_44/0f98a48/methods/E/ddp2/eval_full_contrast_student_ids_v1/class_ap.txt
DIOR,contrast,F,42,student,airplane,0.227,printed class_ap.txt (typically 3 decimals),,,complete,/mnt/shared/zechuan/iraod_artifacts/comparison/dior/contrast/seed_42/0f98a48/methods/F/ddp2/eval_full_contrast_student_ids_v1/class_ap.txt
DIOR,contrast,F,42,student,airport,0.023,printed class_ap.txt (typically 3 decimals),,,complete,/mnt/shared/zechuan/iraod_artifacts/comparison/dior/contrast/seed_42/0f98a48/methods/F/ddp2/eval_full_contrast_student_ids_v1/class_ap.txt
DIOR,contrast,F,42,student,baseballfield,0.479,printed class_ap.txt (typically 3 decimals),,,complete,/mnt/shared/zechuan/iraod_artifacts/comparison/dior/contrast/seed_42/0f98a48/methods/F/ddp2/eval_full_contrast_student_ids_v1/class_ap.txt
DIOR,contrast,F,42,student,basketballcourt,0.248,printed class_ap.txt (typically 3 decimals),,,complete,/mnt/shared/zechuan/iraod_artifacts/comparison/dior/contrast/seed_42/0f98a48/methods/F/ddp2/eval_full_contrast_student_ids_v1/class_ap.txt
DIOR,contrast,F,42,student,bridge,0.091,printed class_ap.txt (typically 3 decimals),,,complete,/mnt/shared/zechuan/iraod_artifacts/comparison/dior/contrast/seed_42/0f98a48/methods/F/ddp2/eval_full_contrast_student_ids_v1/class_ap.txt
DIOR,contrast,F,42,student,chimney,0.24,printed class_ap.txt (typically 3 decimals),,,complete,/mnt/shared/zechuan/iraod_artifacts/comparison/dior/contrast/seed_42/0f98a48/methods/F/ddp2/eval_full_contrast_student_ids_v1/class_ap.txt
DIOR,contrast,F,42,student,expressway-service-area,0.243,printed class_ap.txt (typically 3 decimals),,,complete,/mnt/shared/zechuan/iraod_artifacts/comparison/dior/contrast/seed_42/0f98a48/methods/F/ddp2/eval_full_contrast_student_ids_v1/class_ap.txt
DIOR,contrast,F,42,student,expressway-toll-station,0.14,printed class_ap.txt (typically 3 decimals),,,complete,/mnt/shared/zechuan/iraod_artifacts/comparison/dior/contrast/seed_42/0f98a48/methods/F/ddp2/eval_full_contrast_student_ids_v1/class_ap.txt
DIOR,contrast,F,42,student,dam,0.091,printed class_ap.txt (typically 3 decimals),,,complete,/mnt/shared/zechuan/iraod_artifacts/comparison/dior/contrast/seed_42/0f98a48/methods/F/ddp2/eval_full_contrast_student_ids_v1/class_ap.txt
DIOR,contrast,F,42,student,golffield,0.091,printed class_ap.txt (typically 3 decimals),,,complete,/mnt/shared/zechuan/iraod_artifacts/comparison/dior/contrast/seed_42/0f98a48/methods/F/ddp2/eval_full_contrast_student_ids_v1/class_ap.txt
DIOR,contrast,F,42,student,groundtrackfield,0.218,printed class_ap.txt (typically 3 decimals),,,complete,/mnt/shared/zechuan/iraod_artifacts/comparison/dior/contrast/seed_42/0f98a48/methods/F/ddp2/eval_full_contrast_student_ids_v1/class_ap.txt
DIOR,contrast,F,42,student,harbor,0.015,printed class_ap.txt (typically 3 decimals),,,complete,/mnt/shared/zechuan/iraod_artifacts/comparison/dior/contrast/seed_42/0f98a48/methods/F/ddp2/eval_full_contrast_student_ids_v1/class_ap.txt
DIOR,contrast,F,42,student,overpass,0.091,printed class_ap.txt (typically 3 decimals),,,complete,/mnt/shared/zechuan/iraod_artifacts/comparison/dior/contrast/seed_42/0f98a48/methods/F/ddp2/eval_full_contrast_student_ids_v1/class_ap.txt
DIOR,contrast,F,42,student,ship,0.347,printed class_ap.txt (typically 3 decimals),,,complete,/mnt/shared/zechuan/iraod_artifacts/comparison/dior/contrast/seed_42/0f98a48/methods/F/ddp2/eval_full_contrast_student_ids_v1/class_ap.txt
DIOR,contrast,F,42,student,stadium,0.251,printed class_ap.txt (typically 3 decimals),,,complete,/mnt/shared/zechuan/iraod_artifacts/comparison/dior/contrast/seed_42/0f98a48/methods/F/ddp2/eval_full_contrast_student_ids_v1/class_ap.txt
DIOR,contrast,F,42,student,storagetank,0.231,printed class_ap.txt (typically 3 decimals),,,complete,/mnt/shared/zechuan/iraod_artifacts/comparison/dior/contrast/seed_42/0f98a48/methods/F/ddp2/eval_full_contrast_student_ids_v1/class_ap.txt
DIOR,contrast,F,42,student,tenniscourt,0.59,printed class_ap.txt (typically 3 decimals),,,complete,/mnt/shared/zechuan/iraod_artifacts/comparison/dior/contrast/seed_42/0f98a48/methods/F/ddp2/eval_full_contrast_student_ids_v1/class_ap.txt
DIOR,contrast,F,42,student,trainstation,0.124,printed class_ap.txt (typically 3 decimals),,,complete,/mnt/shared/zechuan/iraod_artifacts/comparison/dior/contrast/seed_42/0f98a48/methods/F/ddp2/eval_full_contrast_student_ids_v1/class_ap.txt
DIOR,contrast,F,42,student,vehicle,0.091,printed class_ap.txt (typically 3 decimals),,,complete,/mnt/shared/zechuan/iraod_artifacts/comparison/dior/contrast/seed_42/0f98a48/methods/F/ddp2/eval_full_contrast_student_ids_v1/class_ap.txt
DIOR,contrast,F,42,student,windmill,0.091,printed class_ap.txt (typically 3 decimals),,,complete,/mnt/shared/zechuan/iraod_artifacts/comparison/dior/contrast/seed_42/0f98a48/methods/F/ddp2/eval_full_contrast_student_ids_v1/class_ap.txt
DIOR,contrast,F,43,student,airplane,0.175,printed class_ap.txt (typically 3 decimals),,,complete,/mnt/shared/zechuan/iraod_artifacts/comparison/dior/contrast/seed_43/0f98a48/methods/F/ddp2/eval_full_contrast_student_ids_v1/class_ap.txt
DIOR,contrast,F,43,student,airport,0.003,printed class_ap.txt (typically 3 decimals),,,complete,/mnt/shared/zechuan/iraod_artifacts/comparison/dior/contrast/seed_43/0f98a48/methods/F/ddp2/eval_full_contrast_student_ids_v1/class_ap.txt
DIOR,contrast,F,43,student,baseballfield,0.481,printed class_ap.txt (typically 3 decimals),,,complete,/mnt/shared/zechuan/iraod_artifacts/comparison/dior/contrast/seed_43/0f98a48/methods/F/ddp2/eval_full_contrast_student_ids_v1/class_ap.txt
DIOR,contrast,F,43,student,basketballcourt,0.307,printed class_ap.txt (typically 3 decimals),,,complete,/mnt/shared/zechuan/iraod_artifacts/comparison/dior/contrast/seed_43/0f98a48/methods/F/ddp2/eval_full_contrast_student_ids_v1/class_ap.txt
DIOR,contrast,F,43,student,bridge,0.091,printed class_ap.txt (typically 3 decimals),,,complete,/mnt/shared/zechuan/iraod_artifacts/comparison/dior/contrast/seed_43/0f98a48/methods/F/ddp2/eval_full_contrast_student_ids_v1/class_ap.txt
DIOR,contrast,F,43,student,chimney,0.248,printed class_ap.txt (typically 3 decimals),,,complete,/mnt/shared/zechuan/iraod_artifacts/comparison/dior/contrast/seed_43/0f98a48/methods/F/ddp2/eval_full_contrast_student_ids_v1/class_ap.txt
DIOR,contrast,F,43,student,expressway-service-area,0.23,printed class_ap.txt (typically 3 decimals),,,complete,/mnt/shared/zechuan/iraod_artifacts/comparison/dior/contrast/seed_43/0f98a48/methods/F/ddp2/eval_full_contrast_student_ids_v1/class_ap.txt
DIOR,contrast,F,43,student,expressway-toll-station,0.129,printed class_ap.txt (typically 3 decimals),,,complete,/mnt/shared/zechuan/iraod_artifacts/comparison/dior/contrast/seed_43/0f98a48/methods/F/ddp2/eval_full_contrast_student_ids_v1/class_ap.txt
DIOR,contrast,F,43,student,dam,0.091,printed class_ap.txt (typically 3 decimals),,,complete,/mnt/shared/zechuan/iraod_artifacts/comparison/dior/contrast/seed_43/0f98a48/methods/F/ddp2/eval_full_contrast_student_ids_v1/class_ap.txt
DIOR,contrast,F,43,student,golffield,0.091,printed class_ap.txt (typically 3 decimals),,,complete,/mnt/shared/zechuan/iraod_artifacts/comparison/dior/contrast/seed_43/0f98a48/methods/F/ddp2/eval_full_contrast_student_ids_v1/class_ap.txt
DIOR,contrast,F,43,student,groundtrackfield,0.214,printed class_ap.txt (typically 3 decimals),,,complete,/mnt/shared/zechuan/iraod_artifacts/comparison/dior/contrast/seed_43/0f98a48/methods/F/ddp2/eval_full_contrast_student_ids_v1/class_ap.txt
DIOR,contrast,F,43,student,harbor,0.018,printed class_ap.txt (typically 3 decimals),,,complete,/mnt/shared/zechuan/iraod_artifacts/comparison/dior/contrast/seed_43/0f98a48/methods/F/ddp2/eval_full_contrast_student_ids_v1/class_ap.txt
DIOR,contrast,F,43,student,overpass,0.091,printed class_ap.txt (typically 3 decimals),,,complete,/mnt/shared/zechuan/iraod_artifacts/comparison/dior/contrast/seed_43/0f98a48/methods/F/ddp2/eval_full_contrast_student_ids_v1/class_ap.txt
DIOR,contrast,F,43,student,ship,0.52,printed class_ap.txt (typically 3 decimals),,,complete,/mnt/shared/zechuan/iraod_artifacts/comparison/dior/contrast/seed_43/0f98a48/methods/F/ddp2/eval_full_contrast_student_ids_v1/class_ap.txt
DIOR,contrast,F,43,student,stadium,0.241,printed class_ap.txt (typically 3 decimals),,,complete,/mnt/shared/zechuan/iraod_artifacts/comparison/dior/contrast/seed_43/0f98a48/methods/F/ddp2/eval_full_contrast_student_ids_v1/class_ap.txt
DIOR,contrast,F,43,student,storagetank,0.239,printed class_ap.txt (typically 3 decimals),,,complete,/mnt/shared/zechuan/iraod_artifacts/comparison/dior/contrast/seed_43/0f98a48/methods/F/ddp2/eval_full_contrast_student_ids_v1/class_ap.txt
DIOR,contrast,F,43,student,tenniscourt,0.584,printed class_ap.txt (typically 3 decimals),,,complete,/mnt/shared/zechuan/iraod_artifacts/comparison/dior/contrast/seed_43/0f98a48/methods/F/ddp2/eval_full_contrast_student_ids_v1/class_ap.txt
DIOR,contrast,F,43,student,trainstation,0.091,printed class_ap.txt (typically 3 decimals),,,complete,/mnt/shared/zechuan/iraod_artifacts/comparison/dior/contrast/seed_43/0f98a48/methods/F/ddp2/eval_full_contrast_student_ids_v1/class_ap.txt
DIOR,contrast,F,43,student,vehicle,0.177,printed class_ap.txt (typically 3 decimals),,,complete,/mnt/shared/zechuan/iraod_artifacts/comparison/dior/contrast/seed_43/0f98a48/methods/F/ddp2/eval_full_contrast_student_ids_v1/class_ap.txt
DIOR,contrast,F,43,student,windmill,0.057,printed class_ap.txt (typically 3 decimals),,,complete,/mnt/shared/zechuan/iraod_artifacts/comparison/dior/contrast/seed_43/0f98a48/methods/F/ddp2/eval_full_contrast_student_ids_v1/class_ap.txt
DIOR,contrast,F,44,student,airplane,0.242,printed class_ap.txt (typically 3 decimals),,,complete,/mnt/shared/zechuan/iraod_artifacts/comparison/dior/contrast/seed_44/0f98a48/methods/F/ddp2/eval_full_contrast_student_ids_v1/class_ap.txt
DIOR,contrast,F,44,student,airport,0.015,printed class_ap.txt (typically 3 decimals),,,complete,/mnt/shared/zechuan/iraod_artifacts/comparison/dior/contrast/seed_44/0f98a48/methods/F/ddp2/eval_full_contrast_student_ids_v1/class_ap.txt
DIOR,contrast,F,44,student,baseballfield,0.502,printed class_ap.txt (typically 3 decimals),,,complete,/mnt/shared/zechuan/iraod_artifacts/comparison/dior/contrast/seed_44/0f98a48/methods/F/ddp2/eval_full_contrast_student_ids_v1/class_ap.txt
DIOR,contrast,F,44,student,basketballcourt,0.337,printed class_ap.txt (typically 3 decimals),,,complete,/mnt/shared/zechuan/iraod_artifacts/comparison/dior/contrast/seed_44/0f98a48/methods/F/ddp2/eval_full_contrast_student_ids_v1/class_ap.txt
DIOR,contrast,F,44,student,bridge,0.051,printed class_ap.txt (typically 3 decimals),,,complete,/mnt/shared/zechuan/iraod_artifacts/comparison/dior/contrast/seed_44/0f98a48/methods/F/ddp2/eval_full_contrast_student_ids_v1/class_ap.txt
DIOR,contrast,F,44,student,chimney,0.242,printed class_ap.txt (typically 3 decimals),,,complete,/mnt/shared/zechuan/iraod_artifacts/comparison/dior/contrast/seed_44/0f98a48/methods/F/ddp2/eval_full_contrast_student_ids_v1/class_ap.txt
DIOR,contrast,F,44,student,expressway-service-area,0.195,printed class_ap.txt (typically 3 decimals),,,complete,/mnt/shared/zechuan/iraod_artifacts/comparison/dior/contrast/seed_44/0f98a48/methods/F/ddp2/eval_full_contrast_student_ids_v1/class_ap.txt
DIOR,contrast,F,44,student,expressway-toll-station,0.091,printed class_ap.txt (typically 3 decimals),,,complete,/mnt/shared/zechuan/iraod_artifacts/comparison/dior/contrast/seed_44/0f98a48/methods/F/ddp2/eval_full_contrast_student_ids_v1/class_ap.txt
DIOR,contrast,F,44,student,dam,0.091,printed class_ap.txt (typically 3 decimals),,,complete,/mnt/shared/zechuan/iraod_artifacts/comparison/dior/contrast/seed_44/0f98a48/methods/F/ddp2/eval_full_contrast_student_ids_v1/class_ap.txt
DIOR,contrast,F,44,student,golffield,0.041,printed class_ap.txt (typically 3 decimals),,,complete,/mnt/shared/zechuan/iraod_artifacts/comparison/dior/contrast/seed_44/0f98a48/methods/F/ddp2/eval_full_contrast_student_ids_v1/class_ap.txt
DIOR,contrast,F,44,student,groundtrackfield,0.215,printed class_ap.txt (typically 3 decimals),,,complete,/mnt/shared/zechuan/iraod_artifacts/comparison/dior/contrast/seed_44/0f98a48/methods/F/ddp2/eval_full_contrast_student_ids_v1/class_ap.txt
DIOR,contrast,F,44,student,harbor,0.016,printed class_ap.txt (typically 3 decimals),,,complete,/mnt/shared/zechuan/iraod_artifacts/comparison/dior/contrast/seed_44/0f98a48/methods/F/ddp2/eval_full_contrast_student_ids_v1/class_ap.txt
DIOR,contrast,F,44,student,overpass,0.066,printed class_ap.txt (typically 3 decimals),,,complete,/mnt/shared/zechuan/iraod_artifacts/comparison/dior/contrast/seed_44/0f98a48/methods/F/ddp2/eval_full_contrast_student_ids_v1/class_ap.txt
DIOR,contrast,F,44,student,ship,0.426,printed class_ap.txt (typically 3 decimals),,,complete,/mnt/shared/zechuan/iraod_artifacts/comparison/dior/contrast/seed_44/0f98a48/methods/F/ddp2/eval_full_contrast_student_ids_v1/class_ap.txt
DIOR,contrast,F,44,student,stadium,0.249,printed class_ap.txt (typically 3 decimals),,,complete,/mnt/shared/zechuan/iraod_artifacts/comparison/dior/contrast/seed_44/0f98a48/methods/F/ddp2/eval_full_contrast_student_ids_v1/class_ap.txt
DIOR,contrast,F,44,student,storagetank,0.304,printed class_ap.txt (typically 3 decimals),,,complete,/mnt/shared/zechuan/iraod_artifacts/comparison/dior/contrast/seed_44/0f98a48/methods/F/ddp2/eval_full_contrast_student_ids_v1/class_ap.txt
DIOR,contrast,F,44,student,tenniscourt,0.588,printed class_ap.txt (typically 3 decimals),,,complete,/mnt/shared/zechuan/iraod_artifacts/comparison/dior/contrast/seed_44/0f98a48/methods/F/ddp2/eval_full_contrast_student_ids_v1/class_ap.txt
DIOR,contrast,F,44,student,trainstation,0.045,printed class_ap.txt (typically 3 decimals),,,complete,/mnt/shared/zechuan/iraod_artifacts/comparison/dior/contrast/seed_44/0f98a48/methods/F/ddp2/eval_full_contrast_student_ids_v1/class_ap.txt
DIOR,contrast,F,44,student,vehicle,0.091,printed class_ap.txt (typically 3 decimals),,,complete,/mnt/shared/zechuan/iraod_artifacts/comparison/dior/contrast/seed_44/0f98a48/methods/F/ddp2/eval_full_contrast_student_ids_v1/class_ap.txt
DIOR,contrast,F,44,student,windmill,0.074,printed class_ap.txt (typically 3 decimals),,,complete,/mnt/shared/zechuan/iraod_artifacts/comparison/dior/contrast/seed_44/0f98a48/methods/F/ddp2/eval_full_contrast_student_ids_v1/class_ap.txt
