dataset,domain,method,seed,role,eval_dir,eval_json,prediction_image_ids,config,status,mAP50,eval_mAP50,problems,n_predictions,n_post_nms_detections,checkpoint,source_id,gpu_provenance,eval_status,class_ap,predictions,pred_count,training_code_sha,evaluation_code_sha,recorded_training_code_sha,effective_training_code_sha,actual_source_producer_sha,producer_metadata_status,producer_metadata_correction,historical_mAP50,historical_file
RSAR,clean,A,42,source,/mnt/shared/zechuan/iraod_artifacts/comparison/rsar/clean/seed_42/0f98a48/methods/A/eval_full_clean_ids_v1,/mnt/shared/zechuan/iraod_artifacts/comparison/rsar/clean/seed_42/0f98a48/methods/A/eval_full_clean_ids_v1/eval_20260907_053721.json,/mnt/shared/zechuan/iraod_artifacts/comparison/rsar/clean/seed_42/0f98a48/methods/A/eval_full_clean_ids_v1/predictions.pkl.image_ids.json,/mnt/SSD2_8TB/zechuan/IRAOD-New-rc331d213/configs/baseline/oriented_rcnn_orthonet_rsar.py,complete,0.5313997864723206,0.5313997864723206,[],8538,59554,/mnt/shared/zechuan/iraod_artifacts/rsar_source/seed42-orthonet-ddp4-gpu4567-spg16-gbs64/train/epoch_100.pth,e489f015cc2b67926a415436c97532ff814f826c4861b659cbc712fb9413b98c,,/mnt/shared/zechuan/iraod_artifacts/comparison/rsar/clean/seed_42/0f98a48/methods/A/eval_full_clean_ids_v1/eval_status,/mnt/shared/zechuan/iraod_artifacts/comparison/rsar/clean/seed_42/0f98a48/methods/A/eval_full_clean_ids_v1/class_ap.txt,/mnt/shared/zechuan/iraod_artifacts/comparison/rsar/clean/seed_42/0f98a48/methods/A/eval_full_clean_ids_v1/predictions.pkl,/mnt/shared/zechuan/iraod_artifacts/comparison/rsar/clean/seed_42/0f98a48/methods/A/eval_full_clean_ids_v1/pred_count.txt,0f98a48b539f9260055fc305784ffbc924f50451,331d2131b84651f0a2930a3d53faeefad8701531,0f98a48b539f9260055fc305784ffbc924f50451,b474aaa5f7718746215ce13beceb071617bb823e,b474aaa5f7718746215ce13beceb071617bb823e,source_producer_corrected_in_report,"{""dataset"": ""RSAR"", ""domain"": ""clean"", ""method"": ""A"", ""seed"": 42, ""role"": ""source"", ""field"": ""training_code_sha"", ""recorded"": ""0f98a48b539f9260055fc305784ffbc924f50451"", ""actual"": ""b474aaa5f7718746215ce13beceb071617bb823e"", ""source_checkpoint"": ""/mnt/shared/zechuan/iraod_artifacts/rsar_source/seed42-orthonet-ddp4-gpu4567-spg16-gbs64/train/epoch_100.pth"", ""source_weights_sha256"": ""e489f015cc2b67926a415436c97532ff814f826c4861b659cbc712fb9413b98c"", ""source_record"": ""/mnt/shared/zechuan/iraod_artifacts/rsar_source/seed42-orthonet-ddp4-gpu4567-spg16-gbs64/reproducibility/git_commit.txt"", ""source_record_snapshot"": ""/mnt/shared/zechuan/iraod_artifacts/comparison/final_delivery_20260908_4a6bc50/input/source_records/RSAR_producer_git_commit.txt"", ""sidecar"": ""/mnt/shared/zechuan/iraod_artifacts/comparison/rsar/clean/seed_42/0f98a48/methods/A/eval_full_clean_ids_v1/predictions.pkl.image_ids.json"", ""sidecar_modified"": false, ""scope"": ""producer metadata only; weights, predictions, IDs and mAP unchanged""}",0.5313997864723206,/mnt/shared/zechuan/iraod_artifacts/comparison/xaf_student_quant_20260908/integration_code_84a1aeb/results/paper_comparison/historical/seed42/raw_results.csv
RSAR,clean,B,42,student,/mnt/shared/zechuan/iraod_artifacts/comparison/rsar/clean/seed_42/0f98a48/methods/B/eval_full_clean_student_ids_v1,/mnt/shared/zechuan/iraod_artifacts/comparison/rsar/clean/seed_42/0f98a48/methods/B/eval_full_clean_student_ids_v1/eval_20260908_113814.json,/mnt/shared/zechuan/iraod_artifacts/comparison/rsar/clean/seed_42/0f98a48/methods/B/eval_full_clean_student_ids_v1/predictions.pkl.image_ids.json,/mnt/SSD2_8TB/zechuan/IRAOD-New-rc331d213/configs/baseline/oriented_rcnn_orthonet_rsar.py,complete,0.27680811285972595,0.27680811285972595,[],8538,178442,/mnt/shared/zechuan/iraod_artifacts/comparison/rsar/clean/seed_42/0f98a48/methods/B/work/iter_266.pth,e489f015cc2b67926a415436c97532ff814f826c4861b659cbc712fb9413b98c,,/mnt/shared/zechuan/iraod_artifacts/comparison/rsar/clean/seed_42/0f98a48/methods/B/eval_full_clean_student_ids_v1/eval_status,/mnt/shared/zechuan/iraod_artifacts/comparison/rsar/clean/seed_42/0f98a48/methods/B/eval_full_clean_student_ids_v1/class_ap.txt,/mnt/shared/zechuan/iraod_artifacts/comparison/rsar/clean/seed_42/0f98a48/methods/B/eval_full_clean_student_ids_v1/predictions.pkl,/mnt/shared/zechuan/iraod_artifacts/comparison/rsar/clean/seed_42/0f98a48/methods/B/eval_full_clean_student_ids_v1/pred_count.txt,0f98a48b539f9260055fc305784ffbc924f50451,331d2131b84651f0a2930a3d53faeefad8701531,0f98a48b539f9260055fc305784ffbc924f50451,0f98a48b539f9260055fc305784ffbc924f50451,,recorded_adaptation_producer,,,
RSAR,clean,B,43,student,/mnt/shared/zechuan/iraod_artifacts/comparison/rsar/clean/seed_43/0f98a48/methods/B/eval_full_clean_student_ids_v1,/mnt/shared/zechuan/iraod_artifacts/comparison/rsar/clean/seed_43/0f98a48/methods/B/eval_full_clean_student_ids_v1/eval_20260908_114815.json,/mnt/shared/zechuan/iraod_artifacts/comparison/rsar/clean/seed_43/0f98a48/methods/B/eval_full_clean_student_ids_v1/predictions.pkl.image_ids.json,/mnt/SSD2_8TB/zechuan/IRAOD-New-rc331d213/configs/baseline/oriented_rcnn_orthonet_rsar.py,complete,0.3028903305530548,0.3028903305530548,[],8538,101586,/mnt/shared/zechuan/iraod_artifacts/comparison/rsar/clean/seed_43/0f98a48/methods/B/work/iter_266.pth,e489f015cc2b67926a415436c97532ff814f826c4861b659cbc712fb9413b98c,,/mnt/shared/zechuan/iraod_artifacts/comparison/rsar/clean/seed_43/0f98a48/methods/B/eval_full_clean_student_ids_v1/eval_status,/mnt/shared/zechuan/iraod_artifacts/comparison/rsar/clean/seed_43/0f98a48/methods/B/eval_full_clean_student_ids_v1/class_ap.txt,/mnt/shared/zechuan/iraod_artifacts/comparison/rsar/clean/seed_43/0f98a48/methods/B/eval_full_clean_student_ids_v1/predictions.pkl,/mnt/shared/zechuan/iraod_artifacts/comparison/rsar/clean/seed_43/0f98a48/methods/B/eval_full_clean_student_ids_v1/pred_count.txt,0f98a48b539f9260055fc305784ffbc924f50451,331d2131b84651f0a2930a3d53faeefad8701531,0f98a48b539f9260055fc305784ffbc924f50451,0f98a48b539f9260055fc305784ffbc924f50451,,recorded_adaptation_producer,,,
RSAR,clean,B,44,student,/mnt/shared/zechuan/iraod_artifacts/comparison/rsar/clean/seed_44/0f98a48/methods/B/eval_full_clean_student_ids_v1,/mnt/shared/zechuan/iraod_artifacts/comparison/rsar/clean/seed_44/0f98a48/methods/B/eval_full_clean_student_ids_v1/eval_20260908_120152.json,/mnt/shared/zechuan/iraod_artifacts/comparison/rsar/clean/seed_44/0f98a48/methods/B/eval_full_clean_student_ids_v1/predictions.pkl.image_ids.json,/mnt/SSD2_8TB/zechuan/IRAOD-New-rc331d213/configs/baseline/oriented_rcnn_orthonet_rsar.py,complete,0.2704327404499054,0.2704327404499054,[],8538,213270,/mnt/shared/zechuan/iraod_artifacts/comparison/rsar/clean/seed_44/0f98a48/methods/B/work/iter_266.pth,e489f015cc2b67926a415436c97532ff814f826c4861b659cbc712fb9413b98c,,/mnt/shared/zechuan/iraod_artifacts/comparison/rsar/clean/seed_44/0f98a48/methods/B/eval_full_clean_student_ids_v1/eval_status,/mnt/shared/zechuan/iraod_artifacts/comparison/rsar/clean/seed_44/0f98a48/methods/B/eval_full_clean_student_ids_v1/class_ap.txt,/mnt/shared/zechuan/iraod_artifacts/comparison/rsar/clean/seed_44/0f98a48/methods/B/eval_full_clean_student_ids_v1/predictions.pkl,/mnt/shared/zechuan/iraod_artifacts/comparison/rsar/clean/seed_44/0f98a48/methods/B/eval_full_clean_student_ids_v1/pred_count.txt,0f98a48b539f9260055fc305784ffbc924f50451,331d2131b84651f0a2930a3d53faeefad8701531,0f98a48b539f9260055fc305784ffbc924f50451,0f98a48b539f9260055fc305784ffbc924f50451,,recorded_adaptation_producer,,,
RSAR,clean,C,42,student,/mnt/shared/zechuan/iraod_artifacts/comparison/rsar/clean/seed_42/0f98a48/methods/C/eval_full_clean_student_ids_v1,/mnt/shared/zechuan/iraod_artifacts/comparison/rsar/clean/seed_42/0f98a48/methods/C/eval_full_clean_student_ids_v1/eval_20260908_113814.json,/mnt/shared/zechuan/iraod_artifacts/comparison/rsar/clean/seed_42/0f98a48/methods/C/eval_full_clean_student_ids_v1/predictions.pkl.image_ids.json,/mnt/SSD2_8TB/zechuan/IRAOD-New-rc331d213/configs/baseline/oriented_rcnn_orthonet_rsar.py,complete,0.33600449562072754,0.33600449562072754,[],8538,115238,/mnt/shared/zechuan/iraod_artifacts/comparison/rsar/clean/seed_42/0f98a48/methods/C/work/iter_266.pth,e489f015cc2b67926a415436c97532ff814f826c4861b659cbc712fb9413b98c,,/mnt/shared/zechuan/iraod_artifacts/comparison/rsar/clean/seed_42/0f98a48/methods/C/eval_full_clean_student_ids_v1/eval_status,/mnt/shared/zechuan/iraod_artifacts/comparison/rsar/clean/seed_42/0f98a48/methods/C/eval_full_clean_student_ids_v1/class_ap.txt,/mnt/shared/zechuan/iraod_artifacts/comparison/rsar/clean/seed_42/0f98a48/methods/C/eval_full_clean_student_ids_v1/predictions.pkl,/mnt/shared/zechuan/iraod_artifacts/comparison/rsar/clean/seed_42/0f98a48/methods/C/eval_full_clean_student_ids_v1/pred_count.txt,0f98a48b539f9260055fc305784ffbc924f50451,331d2131b84651f0a2930a3d53faeefad8701531,0f98a48b539f9260055fc305784ffbc924f50451,0f98a48b539f9260055fc305784ffbc924f50451,,recorded_adaptation_producer,,,
RSAR,clean,C,43,student,/mnt/shared/zechuan/iraod_artifacts/comparison/rsar/clean/seed_43/0f98a48/methods/C/eval_full_clean_student_ids_v1,/mnt/shared/zechuan/iraod_artifacts/comparison/rsar/clean/seed_43/0f98a48/methods/C/eval_full_clean_student_ids_v1/eval_20260908_115239.json,/mnt/shared/zechuan/iraod_artifacts/comparison/rsar/clean/seed_43/0f98a48/methods/C/eval_full_clean_student_ids_v1/predictions.pkl.image_ids.json,/mnt/SSD2_8TB/zechuan/IRAOD-New-rc331d213/configs/baseline/oriented_rcnn_orthonet_rsar.py,complete,0.3288850784301758,0.3288850784301758,[],8538,76757,/mnt/shared/zechuan/iraod_artifacts/comparison/rsar/clean/seed_43/0f98a48/methods/C/work/iter_266.pth,e489f015cc2b67926a415436c97532ff814f826c4861b659cbc712fb9413b98c,,/mnt/shared/zechuan/iraod_artifacts/comparison/rsar/clean/seed_43/0f98a48/methods/C/eval_full_clean_student_ids_v1/eval_status,/mnt/shared/zechuan/iraod_artifacts/comparison/rsar/clean/seed_43/0f98a48/methods/C/eval_full_clean_student_ids_v1/class_ap.txt,/mnt/shared/zechuan/iraod_artifacts/comparison/rsar/clean/seed_43/0f98a48/methods/C/eval_full_clean_student_ids_v1/predictions.pkl,/mnt/shared/zechuan/iraod_artifacts/comparison/rsar/clean/seed_43/0f98a48/methods/C/eval_full_clean_student_ids_v1/pred_count.txt,0f98a48b539f9260055fc305784ffbc924f50451,331d2131b84651f0a2930a3d53faeefad8701531,0f98a48b539f9260055fc305784ffbc924f50451,0f98a48b539f9260055fc305784ffbc924f50451,,recorded_adaptation_producer,,,
RSAR,clean,C,44,student,/mnt/shared/zechuan/iraod_artifacts/comparison/rsar/clean/seed_44/0f98a48/methods/C/eval_full_clean_student_ids_v1,/mnt/shared/zechuan/iraod_artifacts/comparison/rsar/clean/seed_44/0f98a48/methods/C/eval_full_clean_student_ids_v1/eval_20260908_120317.json,/mnt/shared/zechuan/iraod_artifacts/comparison/rsar/clean/seed_44/0f98a48/methods/C/eval_full_clean_student_ids_v1/predictions.pkl.image_ids.json,/mnt/SSD2_8TB/zechuan/IRAOD-New-rc331d213/configs/baseline/oriented_rcnn_orthonet_rsar.py,complete,0.3152559697628021,0.3152559697628021,[],8538,80759,/mnt/shared/zechuan/iraod_artifacts/comparison/rsar/clean/seed_44/0f98a48/methods/C/work/iter_266.pth,e489f015cc2b67926a415436c97532ff814f826c4861b659cbc712fb9413b98c,,/mnt/shared/zechuan/iraod_artifacts/comparison/rsar/clean/seed_44/0f98a48/methods/C/eval_full_clean_student_ids_v1/eval_status,/mnt/shared/zechuan/iraod_artifacts/comparison/rsar/clean/seed_44/0f98a48/methods/C/eval_full_clean_student_ids_v1/class_ap.txt,/mnt/shared/zechuan/iraod_artifacts/comparison/rsar/clean/seed_44/0f98a48/methods/C/eval_full_clean_student_ids_v1/predictions.pkl,/mnt/shared/zechuan/iraod_artifacts/comparison/rsar/clean/seed_44/0f98a48/methods/C/eval_full_clean_student_ids_v1/pred_count.txt,0f98a48b539f9260055fc305784ffbc924f50451,331d2131b84651f0a2930a3d53faeefad8701531,0f98a48b539f9260055fc305784ffbc924f50451,0f98a48b539f9260055fc305784ffbc924f50451,,recorded_adaptation_producer,,,
RSAR,clean,D,42,student,/mnt/shared/zechuan/iraod_artifacts/comparison/rsar/clean/seed_42/0f98a48/methods/D/eval_full_clean_student_ids_v1,/mnt/shared/zechuan/iraod_artifacts/comparison/rsar/clean/seed_42/0f98a48/methods/D/eval_full_clean_student_ids_v1/eval_20260908_114301.json,/mnt/shared/zechuan/iraod_artifacts/comparison/rsar/clean/seed_42/0f98a48/methods/D/eval_full_clean_student_ids_v1/predictions.pkl.image_ids.json,/mnt/SSD2_8TB/zechuan/IRAOD-New-rc331d213/configs/baseline/oriented_rcnn_orthonet_rsar.py,complete,0.3176185190677643,0.3176185190677643,[],8538,51565,/mnt/shared/zechuan/iraod_artifacts/comparison/rsar/clean/seed_42/0f98a48/methods/D/work/iter_266.pth,e489f015cc2b67926a415436c97532ff814f826c4861b659cbc712fb9413b98c,,/mnt/shared/zechuan/iraod_artifacts/comparison/rsar/clean/seed_42/0f98a48/methods/D/eval_full_clean_student_ids_v1/eval_status,/mnt/shared/zechuan/iraod_artifacts/comparison/rsar/clean/seed_42/0f98a48/methods/D/eval_full_clean_student_ids_v1/class_ap.txt,/mnt/shared/zechuan/iraod_artifacts/comparison/rsar/clean/seed_42/0f98a48/methods/D/eval_full_clean_student_ids_v1/predictions.pkl,/mnt/shared/zechuan/iraod_artifacts/comparison/rsar/clean/seed_42/0f98a48/methods/D/eval_full_clean_student_ids_v1/pred_count.txt,0f98a48b539f9260055fc305784ffbc924f50451,331d2131b84651f0a2930a3d53faeefad8701531,0f98a48b539f9260055fc305784ffbc924f50451,0f98a48b539f9260055fc305784ffbc924f50451,,recorded_adaptation_producer,,,
RSAR,clean,D,43,student,/mnt/shared/zechuan/iraod_artifacts/comparison/rsar/clean/seed_43/0f98a48/methods/D/eval_full_clean_student_ids_v1,/mnt/shared/zechuan/iraod_artifacts/comparison/rsar/clean/seed_43/0f98a48/methods/D/eval_full_clean_student_ids_v1/eval_20260908_115318.json,/mnt/shared/zechuan/iraod_artifacts/comparison/rsar/clean/seed_43/0f98a48/methods/D/eval_full_clean_student_ids_v1/predictions.pkl.image_ids.json,/mnt/SSD2_8TB/zechuan/IRAOD-New-rc331d213/configs/baseline/oriented_rcnn_orthonet_rsar.py,complete,0.3035220801830292,0.3035220801830292,[],8538,29224,/mnt/shared/zechuan/iraod_artifacts/comparison/rsar/clean/seed_43/0f98a48/methods/D/work/iter_266.pth,e489f015cc2b67926a415436c97532ff814f826c4861b659cbc712fb9413b98c,,/mnt/shared/zechuan/iraod_artifacts/comparison/rsar/clean/seed_43/0f98a48/methods/D/eval_full_clean_student_ids_v1/eval_status,/mnt/shared/zechuan/iraod_artifacts/comparison/rsar/clean/seed_43/0f98a48/methods/D/eval_full_clean_student_ids_v1/class_ap.txt,/mnt/shared/zechuan/iraod_artifacts/comparison/rsar/clean/seed_43/0f98a48/methods/D/eval_full_clean_student_ids_v1/predictions.pkl,/mnt/shared/zechuan/iraod_artifacts/comparison/rsar/clean/seed_43/0f98a48/methods/D/eval_full_clean_student_ids_v1/pred_count.txt,0f98a48b539f9260055fc305784ffbc924f50451,331d2131b84651f0a2930a3d53faeefad8701531,0f98a48b539f9260055fc305784ffbc924f50451,0f98a48b539f9260055fc305784ffbc924f50451,,recorded_adaptation_producer,,,
RSAR,clean,D,44,student,/mnt/shared/zechuan/iraod_artifacts/comparison/rsar/clean/seed_44/0f98a48/methods/D/eval_full_clean_student_ids_v1,/mnt/shared/zechuan/iraod_artifacts/comparison/rsar/clean/seed_44/0f98a48/methods/D/eval_full_clean_student_ids_v1/eval_20260908_120636.json,/mnt/shared/zechuan/iraod_artifacts/comparison/rsar/clean/seed_44/0f98a48/methods/D/eval_full_clean_student_ids_v1/predictions.pkl.image_ids.json,/mnt/SSD2_8TB/zechuan/IRAOD-New-rc331d213/configs/baseline/oriented_rcnn_orthonet_rsar.py,complete,0.38270339369773865,0.38270339369773865,[],8538,35155,/mnt/shared/zechuan/iraod_artifacts/comparison/rsar/clean/seed_44/0f98a48/methods/D/work/iter_266.pth,e489f015cc2b67926a415436c97532ff814f826c4861b659cbc712fb9413b98c,,/mnt/shared/zechuan/iraod_artifacts/comparison/rsar/clean/seed_44/0f98a48/methods/D/eval_full_clean_student_ids_v1/eval_status,/mnt/shared/zechuan/iraod_artifacts/comparison/rsar/clean/seed_44/0f98a48/methods/D/eval_full_clean_student_ids_v1/class_ap.txt,/mnt/shared/zechuan/iraod_artifacts/comparison/rsar/clean/seed_44/0f98a48/methods/D/eval_full_clean_student_ids_v1/predictions.pkl,/mnt/shared/zechuan/iraod_artifacts/comparison/rsar/clean/seed_44/0f98a48/methods/D/eval_full_clean_student_ids_v1/pred_count.txt,0f98a48b539f9260055fc305784ffbc924f50451,331d2131b84651f0a2930a3d53faeefad8701531,0f98a48b539f9260055fc305784ffbc924f50451,0f98a48b539f9260055fc305784ffbc924f50451,,recorded_adaptation_producer,,,
RSAR,clean,E,42,student,/mnt/shared/zechuan/iraod_artifacts/comparison/rsar/clean/seed_42/0f98a48/methods/E/ddp2/eval_full_clean_student_ids_v1,/mnt/shared/zechuan/iraod_artifacts/comparison/rsar/clean/seed_42/0f98a48/methods/E/ddp2/eval_full_clean_student_ids_v1/eval_20260908_114318.json,/mnt/shared/zechuan/iraod_artifacts/comparison/rsar/clean/seed_42/0f98a48/methods/E/ddp2/eval_full_clean_student_ids_v1/predictions.pkl.image_ids.json,/mnt/SSD2_8TB/zechuan/IRAOD-New-rc331d213/configs/baseline/oriented_rcnn_orthonet_rsar.py,complete,0.24504780769348145,0.24504780769348145,[],8538,277355,/mnt/shared/zechuan/iraod_artifacts/comparison/rsar/clean/seed_42/0f98a48/methods/E/ddp2/work/iter_266.pth,e489f015cc2b67926a415436c97532ff814f826c4861b659cbc712fb9413b98c,,/mnt/shared/zechuan/iraod_artifacts/comparison/rsar/clean/seed_42/0f98a48/methods/E/ddp2/eval_full_clean_student_ids_v1/eval_status,/mnt/shared/zechuan/iraod_artifacts/comparison/rsar/clean/seed_42/0f98a48/methods/E/ddp2/eval_full_clean_student_ids_v1/class_ap.txt,/mnt/shared/zechuan/iraod_artifacts/comparison/rsar/clean/seed_42/0f98a48/methods/E/ddp2/eval_full_clean_student_ids_v1/predictions.pkl,/mnt/shared/zechuan/iraod_artifacts/comparison/rsar/clean/seed_42/0f98a48/methods/E/ddp2/eval_full_clean_student_ids_v1/pred_count.txt,0f98a48b539f9260055fc305784ffbc924f50451,331d2131b84651f0a2930a3d53faeefad8701531,0f98a48b539f9260055fc305784ffbc924f50451,0f98a48b539f9260055fc305784ffbc924f50451,,recorded_adaptation_producer,,,
RSAR,clean,E,43,student,/mnt/shared/zechuan/iraod_artifacts/comparison/rsar/clean/seed_43/0f98a48/methods/E/ddp2/eval_full_clean_student_ids_v1,/mnt/shared/zechuan/iraod_artifacts/comparison/rsar/clean/seed_43/0f98a48/methods/E/ddp2/eval_full_clean_student_ids_v1/eval_20260908_115712.json,/mnt/shared/zechuan/iraod_artifacts/comparison/rsar/clean/seed_43/0f98a48/methods/E/ddp2/eval_full_clean_student_ids_v1/predictions.pkl.image_ids.json,/mnt/SSD2_8TB/zechuan/IRAOD-New-rc331d213/configs/baseline/oriented_rcnn_orthonet_rsar.py,complete,0.23629464209079742,0.23629464209079742,[],8538,168768,/mnt/shared/zechuan/iraod_artifacts/comparison/rsar/clean/seed_43/0f98a48/methods/E/ddp2/work/iter_266.pth,e489f015cc2b67926a415436c97532ff814f826c4861b659cbc712fb9413b98c,,/mnt/shared/zechuan/iraod_artifacts/comparison/rsar/clean/seed_43/0f98a48/methods/E/ddp2/eval_full_clean_student_ids_v1/eval_status,/mnt/shared/zechuan/iraod_artifacts/comparison/rsar/clean/seed_43/0f98a48/methods/E/ddp2/eval_full_clean_student_ids_v1/class_ap.txt,/mnt/shared/zechuan/iraod_artifacts/comparison/rsar/clean/seed_43/0f98a48/methods/E/ddp2/eval_full_clean_student_ids_v1/predictions.pkl,/mnt/shared/zechuan/iraod_artifacts/comparison/rsar/clean/seed_43/0f98a48/methods/E/ddp2/eval_full_clean_student_ids_v1/pred_count.txt,0f98a48b539f9260055fc305784ffbc924f50451,331d2131b84651f0a2930a3d53faeefad8701531,0f98a48b539f9260055fc305784ffbc924f50451,0f98a48b539f9260055fc305784ffbc924f50451,,recorded_adaptation_producer,,,
RSAR,clean,E,44,student,/mnt/shared/zechuan/iraod_artifacts/comparison/rsar/clean/seed_44/0f98a48/methods/E/ddp2/eval_full_clean_student_ids_v1,/mnt/shared/zechuan/iraod_artifacts/comparison/rsar/clean/seed_44/0f98a48/methods/E/ddp2/eval_full_clean_student_ids_v1/eval_20260908_120816.json,/mnt/shared/zechuan/iraod_artifacts/comparison/rsar/clean/seed_44/0f98a48/methods/E/ddp2/eval_full_clean_student_ids_v1/predictions.pkl.image_ids.json,/mnt/SSD2_8TB/zechuan/IRAOD-New-rc331d213/configs/baseline/oriented_rcnn_orthonet_rsar.py,complete,0.256606787443161,0.256606787443161,[],8538,193706,/mnt/shared/zechuan/iraod_artifacts/comparison/rsar/clean/seed_44/0f98a48/methods/E/ddp2/work/iter_266.pth,e489f015cc2b67926a415436c97532ff814f826c4861b659cbc712fb9413b98c,,/mnt/shared/zechuan/iraod_artifacts/comparison/rsar/clean/seed_44/0f98a48/methods/E/ddp2/eval_full_clean_student_ids_v1/eval_status,/mnt/shared/zechuan/iraod_artifacts/comparison/rsar/clean/seed_44/0f98a48/methods/E/ddp2/eval_full_clean_student_ids_v1/class_ap.txt,/mnt/shared/zechuan/iraod_artifacts/comparison/rsar/clean/seed_44/0f98a48/methods/E/ddp2/eval_full_clean_student_ids_v1/predictions.pkl,/mnt/shared/zechuan/iraod_artifacts/comparison/rsar/clean/seed_44/0f98a48/methods/E/ddp2/eval_full_clean_student_ids_v1/pred_count.txt,0f98a48b539f9260055fc305784ffbc924f50451,331d2131b84651f0a2930a3d53faeefad8701531,0f98a48b539f9260055fc305784ffbc924f50451,0f98a48b539f9260055fc305784ffbc924f50451,,recorded_adaptation_producer,,,
RSAR,clean,F,42,student,/mnt/shared/zechuan/iraod_artifacts/comparison/rsar/clean/seed_42/0f98a48/methods/F/ddp2/eval_full_clean_student_ids_v1,/mnt/shared/zechuan/iraod_artifacts/comparison/rsar/clean/seed_42/0f98a48/methods/F/ddp2/eval_full_clean_student_ids_v1/eval_20260908_114753.json,/mnt/shared/zechuan/iraod_artifacts/comparison/rsar/clean/seed_42/0f98a48/methods/F/ddp2/eval_full_clean_student_ids_v1/predictions.pkl.image_ids.json,/mnt/SSD2_8TB/zechuan/IRAOD-New-rc331d213/configs/baseline/oriented_rcnn_orthonet_rsar.py,complete,0.27415451407432556,0.27415451407432556,[],8538,62566,/mnt/shared/zechuan/iraod_artifacts/comparison/rsar/clean/seed_42/0f98a48/methods/F/ddp2/work/iter_266.pth,e489f015cc2b67926a415436c97532ff814f826c4861b659cbc712fb9413b98c,,/mnt/shared/zechuan/iraod_artifacts/comparison/rsar/clean/seed_42/0f98a48/methods/F/ddp2/eval_full_clean_student_ids_v1/eval_status,/mnt/shared/zechuan/iraod_artifacts/comparison/rsar/clean/seed_42/0f98a48/methods/F/ddp2/eval_full_clean_student_ids_v1/class_ap.txt,/mnt/shared/zechuan/iraod_artifacts/comparison/rsar/clean/seed_42/0f98a48/methods/F/ddp2/eval_full_clean_student_ids_v1/predictions.pkl,/mnt/shared/zechuan/iraod_artifacts/comparison/rsar/clean/seed_42/0f98a48/methods/F/ddp2/eval_full_clean_student_ids_v1/pred_count.txt,0f98a48b539f9260055fc305784ffbc924f50451,331d2131b84651f0a2930a3d53faeefad8701531,0f98a48b539f9260055fc305784ffbc924f50451,0f98a48b539f9260055fc305784ffbc924f50451,,recorded_adaptation_producer,,,
RSAR,clean,F,43,student,/mnt/shared/zechuan/iraod_artifacts/comparison/rsar/clean/seed_43/0f98a48/methods/F/ddp2/eval_full_clean_student_ids_v1,/mnt/shared/zechuan/iraod_artifacts/comparison/rsar/clean/seed_43/0f98a48/methods/F/ddp2/eval_full_clean_student_ids_v1/eval_20260908_115819.json,/mnt/shared/zechuan/iraod_artifacts/comparison/rsar/clean/seed_43/0f98a48/methods/F/ddp2/eval_full_clean_student_ids_v1/predictions.pkl.image_ids.json,/mnt/SSD2_8TB/zechuan/IRAOD-New-rc331d213/configs/baseline/oriented_rcnn_orthonet_rsar.py,complete,0.27287396788597107,0.27287396788597107,[],8538,45576,/mnt/shared/zechuan/iraod_artifacts/comparison/rsar/clean/seed_43/0f98a48/methods/F/ddp2/work/iter_266.pth,e489f015cc2b67926a415436c97532ff814f826c4861b659cbc712fb9413b98c,,/mnt/shared/zechuan/iraod_artifacts/comparison/rsar/clean/seed_43/0f98a48/methods/F/ddp2/eval_full_clean_student_ids_v1/eval_status,/mnt/shared/zechuan/iraod_artifacts/comparison/rsar/clean/seed_43/0f98a48/methods/F/ddp2/eval_full_clean_student_ids_v1/class_ap.txt,/mnt/shared/zechuan/iraod_artifacts/comparison/rsar/clean/seed_43/0f98a48/methods/F/ddp2/eval_full_clean_student_ids_v1/predictions.pkl,/mnt/shared/zechuan/iraod_artifacts/comparison/rsar/clean/seed_43/0f98a48/methods/F/ddp2/eval_full_clean_student_ids_v1/pred_count.txt,0f98a48b539f9260055fc305784ffbc924f50451,331d2131b84651f0a2930a3d53faeefad8701531,0f98a48b539f9260055fc305784ffbc924f50451,0f98a48b539f9260055fc305784ffbc924f50451,,recorded_adaptation_producer,,,
RSAR,clean,F,44,student,/mnt/shared/zechuan/iraod_artifacts/comparison/rsar/clean/seed_44/0f98a48/methods/F/ddp2/eval_full_clean_student_ids_v1,/mnt/shared/zechuan/iraod_artifacts/comparison/rsar/clean/seed_44/0f98a48/methods/F/ddp2/eval_full_clean_student_ids_v1/eval_20260908_121134.json,/mnt/shared/zechuan/iraod_artifacts/comparison/rsar/clean/seed_44/0f98a48/methods/F/ddp2/eval_full_clean_student_ids_v1/predictions.pkl.image_ids.json,/mnt/SSD2_8TB/zechuan/IRAOD-New-rc331d213/configs/baseline/oriented_rcnn_orthonet_rsar.py,complete,0.23035961389541626,0.23035961389541626,[],8538,34690,/mnt/shared/zechuan/iraod_artifacts/comparison/rsar/clean/seed_44/0f98a48/methods/F/ddp2/work/iter_266.pth,e489f015cc2b67926a415436c97532ff814f826c4861b659cbc712fb9413b98c,,/mnt/shared/zechuan/iraod_artifacts/comparison/rsar/clean/seed_44/0f98a48/methods/F/ddp2/eval_full_clean_student_ids_v1/eval_status,/mnt/shared/zechuan/iraod_artifacts/comparison/rsar/clean/seed_44/0f98a48/methods/F/ddp2/eval_full_clean_student_ids_v1/class_ap.txt,/mnt/shared/zechuan/iraod_artifacts/comparison/rsar/clean/seed_44/0f98a48/methods/F/ddp2/eval_full_clean_student_ids_v1/predictions.pkl,/mnt/shared/zechuan/iraod_artifacts/comparison/rsar/clean/seed_44/0f98a48/methods/F/ddp2/eval_full_clean_student_ids_v1/pred_count.txt,0f98a48b539f9260055fc305784ffbc924f50451,331d2131b84651f0a2930a3d53faeefad8701531,0f98a48b539f9260055fc305784ffbc924f50451,0f98a48b539f9260055fc305784ffbc924f50451,,recorded_adaptation_producer,,,
RSAR,chaff,A,42,source,/mnt/shared/zechuan/iraod_artifacts/comparison/rsar/chaff/seed_42/f2145b4/methods/A/eval_full_chaff_ids_v1,/mnt/shared/zechuan/iraod_artifacts/comparison/rsar/chaff/seed_42/f2145b4/methods/A/eval_full_chaff_ids_v1/eval_20260907_075924.json,/mnt/shared/zechuan/iraod_artifacts/comparison/rsar/chaff/seed_42/f2145b4/methods/A/eval_full_chaff_ids_v1/predictions.pkl.image_ids.json,/mnt/SSD2_8TB/zechuan/IRAOD-New-rc331d213/configs/baseline/oriented_rcnn_orthonet_rsar.py,complete,0.4719308912754059,0.4719308912754059,[],8538,67551,/mnt/shared/zechuan/iraod_artifacts/rsar_source/seed42-orthonet-ddp4-gpu4567-spg16-gbs64/train/epoch_100.pth,e489f015cc2b67926a415436c97532ff814f826c4861b659cbc712fb9413b98c,,/mnt/shared/zechuan/iraod_artifacts/comparison/rsar/chaff/seed_42/f2145b4/methods/A/eval_full_chaff_ids_v1/eval_status,/mnt/shared/zechuan/iraod_artifacts/comparison/rsar/chaff/seed_42/f2145b4/methods/A/eval_full_chaff_ids_v1/class_ap.txt,/mnt/shared/zechuan/iraod_artifacts/comparison/rsar/chaff/seed_42/f2145b4/methods/A/eval_full_chaff_ids_v1/predictions.pkl,/mnt/shared/zechuan/iraod_artifacts/comparison/rsar/chaff/seed_42/f2145b4/methods/A/eval_full_chaff_ids_v1/pred_count.txt,0f98a48b539f9260055fc305784ffbc924f50451,331d2131b84651f0a2930a3d53faeefad8701531,0f98a48b539f9260055fc305784ffbc924f50451,b474aaa5f7718746215ce13beceb071617bb823e,b474aaa5f7718746215ce13beceb071617bb823e,source_producer_corrected_in_report,"{""dataset"": ""RSAR"", ""domain"": ""chaff"", ""method"": ""A"", ""seed"": 42, ""role"": ""source"", ""field"": ""training_code_sha"", ""recorded"": ""0f98a48b539f9260055fc305784ffbc924f50451"", ""actual"": ""b474aaa5f7718746215ce13beceb071617bb823e"", ""source_checkpoint"": ""/mnt/shared/zechuan/iraod_artifacts/rsar_source/seed42-orthonet-ddp4-gpu4567-spg16-gbs64/train/epoch_100.pth"", ""source_weights_sha256"": ""e489f015cc2b67926a415436c97532ff814f826c4861b659cbc712fb9413b98c"", ""source_record"": ""/mnt/shared/zechuan/iraod_artifacts/rsar_source/seed42-orthonet-ddp4-gpu4567-spg16-gbs64/reproducibility/git_commit.txt"", ""source_record_snapshot"": ""/mnt/shared/zechuan/iraod_artifacts/comparison/final_delivery_20260908_4a6bc50/input/source_records/RSAR_producer_git_commit.txt"", ""sidecar"": ""/mnt/shared/zechuan/iraod_artifacts/comparison/rsar/chaff/seed_42/f2145b4/methods/A/eval_full_chaff_ids_v1/predictions.pkl.image_ids.json"", ""sidecar_modified"": false, ""scope"": ""producer metadata only; weights, predictions, IDs and mAP unchanged""}",0.4719308912754059,/mnt/shared/zechuan/iraod_artifacts/comparison/xaf_student_quant_20260908/integration_code_84a1aeb/results/paper_comparison/historical/seed42/raw_results.csv
RSAR,chaff,B,42,student,/mnt/shared/zechuan/iraod_artifacts/comparison/rsar/chaff/seed_42/f2145b4/methods/B/eval_full_chaff_student_ids_v1,/mnt/shared/zechuan/iraod_artifacts/comparison/rsar/chaff/seed_42/f2145b4/methods/B/eval_full_chaff_student_ids_v1/eval_20260908_121301.json,/mnt/shared/zechuan/iraod_artifacts/comparison/rsar/chaff/seed_42/f2145b4/methods/B/eval_full_chaff_student_ids_v1/predictions.pkl.image_ids.json,/mnt/SSD2_8TB/zechuan/IRAOD-New-rc331d213/configs/baseline/oriented_rcnn_orthonet_rsar.py,complete,0.24725322425365448,0.24725322425365448,[],8538,161323,/mnt/shared/zechuan/iraod_artifacts/comparison/rsar/chaff/seed_42/f2145b4/methods/B/work/iter_266.pth,e489f015cc2b67926a415436c97532ff814f826c4861b659cbc712fb9413b98c,,/mnt/shared/zechuan/iraod_artifacts/comparison/rsar/chaff/seed_42/f2145b4/methods/B/eval_full_chaff_student_ids_v1/eval_status,/mnt/shared/zechuan/iraod_artifacts/comparison/rsar/chaff/seed_42/f2145b4/methods/B/eval_full_chaff_student_ids_v1/class_ap.txt,/mnt/shared/zechuan/iraod_artifacts/comparison/rsar/chaff/seed_42/f2145b4/methods/B/eval_full_chaff_student_ids_v1/predictions.pkl,/mnt/shared/zechuan/iraod_artifacts/comparison/rsar/chaff/seed_42/f2145b4/methods/B/eval_full_chaff_student_ids_v1/pred_count.txt,0f98a48b539f9260055fc305784ffbc924f50451,331d2131b84651f0a2930a3d53faeefad8701531,0f98a48b539f9260055fc305784ffbc924f50451,0f98a48b539f9260055fc305784ffbc924f50451,,recorded_adaptation_producer,,,
RSAR,chaff,B,43,student,/mnt/shared/zechuan/iraod_artifacts/comparison/rsar/chaff/seed_43/0f98a48/methods/B/eval_full_chaff_student_ids_v1,/mnt/shared/zechuan/iraod_artifacts/comparison/rsar/chaff/seed_43/0f98a48/methods/B/eval_full_chaff_student_ids_v1/eval_20260908_122556.json,/mnt/shared/zechuan/iraod_artifacts/comparison/rsar/chaff/seed_43/0f98a48/methods/B/eval_full_chaff_student_ids_v1/predictions.pkl.image_ids.json,/mnt/SSD2_8TB/zechuan/IRAOD-New-rc331d213/configs/baseline/oriented_rcnn_orthonet_rsar.py,complete,0.25446364283561707,0.25446364283561707,[],8538,136511,/mnt/shared/zechuan/iraod_artifacts/comparison/rsar/chaff/seed_43/0f98a48/methods/B/work/iter_266.pth,e489f015cc2b67926a415436c97532ff814f826c4861b659cbc712fb9413b98c,,/mnt/shared/zechuan/iraod_artifacts/comparison/rsar/chaff/seed_43/0f98a48/methods/B/eval_full_chaff_student_ids_v1/eval_status,/mnt/shared/zechuan/iraod_artifacts/comparison/rsar/chaff/seed_43/0f98a48/methods/B/eval_full_chaff_student_ids_v1/class_ap.txt,/mnt/shared/zechuan/iraod_artifacts/comparison/rsar/chaff/seed_43/0f98a48/methods/B/eval_full_chaff_student_ids_v1/predictions.pkl,/mnt/shared/zechuan/iraod_artifacts/comparison/rsar/chaff/seed_43/0f98a48/methods/B/eval_full_chaff_student_ids_v1/pred_count.txt,0f98a48b539f9260055fc305784ffbc924f50451,331d2131b84651f0a2930a3d53faeefad8701531,0f98a48b539f9260055fc305784ffbc924f50451,0f98a48b539f9260055fc305784ffbc924f50451,,recorded_adaptation_producer,,,
RSAR,chaff,B,44,student,/mnt/shared/zechuan/iraod_artifacts/comparison/rsar/chaff/seed_44/0f98a48/methods/B/eval_full_chaff_student_ids_v1,/mnt/shared/zechuan/iraod_artifacts/comparison/rsar/chaff/seed_44/0f98a48/methods/B/eval_full_chaff_student_ids_v1/eval_20260908_123533.json,/mnt/shared/zechuan/iraod_artifacts/comparison/rsar/chaff/seed_44/0f98a48/methods/B/eval_full_chaff_student_ids_v1/predictions.pkl.image_ids.json,/mnt/SSD2_8TB/zechuan/IRAOD-New-rc331d213/configs/baseline/oriented_rcnn_orthonet_rsar.py,complete,0.22407646477222443,0.22407646477222443,[],8538,191763,/mnt/shared/zechuan/iraod_artifacts/comparison/rsar/chaff/seed_44/0f98a48/methods/B/work/iter_266.pth,e489f015cc2b67926a415436c97532ff814f826c4861b659cbc712fb9413b98c,,/mnt/shared/zechuan/iraod_artifacts/comparison/rsar/chaff/seed_44/0f98a48/methods/B/eval_full_chaff_student_ids_v1/eval_status,/mnt/shared/zechuan/iraod_artifacts/comparison/rsar/chaff/seed_44/0f98a48/methods/B/eval_full_chaff_student_ids_v1/class_ap.txt,/mnt/shared/zechuan/iraod_artifacts/comparison/rsar/chaff/seed_44/0f98a48/methods/B/eval_full_chaff_student_ids_v1/predictions.pkl,/mnt/shared/zechuan/iraod_artifacts/comparison/rsar/chaff/seed_44/0f98a48/methods/B/eval_full_chaff_student_ids_v1/pred_count.txt,0f98a48b539f9260055fc305784ffbc924f50451,331d2131b84651f0a2930a3d53faeefad8701531,0f98a48b539f9260055fc305784ffbc924f50451,0f98a48b539f9260055fc305784ffbc924f50451,,recorded_adaptation_producer,,,
RSAR,chaff,C,42,student,/mnt/shared/zechuan/iraod_artifacts/comparison/rsar/chaff/seed_42/f2145b4/methods/C/eval_full_chaff_student_ids_v1,/mnt/shared/zechuan/iraod_artifacts/comparison/rsar/chaff/seed_42/f2145b4/methods/C/eval_full_chaff_student_ids_v1/eval_20260908_121635.json,/mnt/shared/zechuan/iraod_artifacts/comparison/rsar/chaff/seed_42/f2145b4/methods/C/eval_full_chaff_student_ids_v1/predictions.pkl.image_ids.json,/mnt/SSD2_8TB/zechuan/IRAOD-New-rc331d213/configs/baseline/oriented_rcnn_orthonet_rsar.py,complete,0.2861730754375458,0.2861730754375458,[],8538,79870,/mnt/shared/zechuan/iraod_artifacts/comparison/rsar/chaff/seed_42/f2145b4/methods/C/work/iter_266.pth,e489f015cc2b67926a415436c97532ff814f826c4861b659cbc712fb9413b98c,,/mnt/shared/zechuan/iraod_artifacts/comparison/rsar/chaff/seed_42/f2145b4/methods/C/eval_full_chaff_student_ids_v1/eval_status,/mnt/shared/zechuan/iraod_artifacts/comparison/rsar/chaff/seed_42/f2145b4/methods/C/eval_full_chaff_student_ids_v1/class_ap.txt,/mnt/shared/zechuan/iraod_artifacts/comparison/rsar/chaff/seed_42/f2145b4/methods/C/eval_full_chaff_student_ids_v1/predictions.pkl,/mnt/shared/zechuan/iraod_artifacts/comparison/rsar/chaff/seed_42/f2145b4/methods/C/eval_full_chaff_student_ids_v1/pred_count.txt,0f98a48b539f9260055fc305784ffbc924f50451,331d2131b84651f0a2930a3d53faeefad8701531,0f98a48b539f9260055fc305784ffbc924f50451,0f98a48b539f9260055fc305784ffbc924f50451,,recorded_adaptation_producer,,,
RSAR,chaff,C,43,student,/mnt/shared/zechuan/iraod_artifacts/comparison/rsar/chaff/seed_43/0f98a48/methods/C/eval_full_chaff_student_ids_v1,/mnt/shared/zechuan/iraod_artifacts/comparison/rsar/chaff/seed_43/0f98a48/methods/C/eval_full_chaff_student_ids_v1/eval_20260908_122756.json,/mnt/shared/zechuan/iraod_artifacts/comparison/rsar/chaff/seed_43/0f98a48/methods/C/eval_full_chaff_student_ids_v1/predictions.pkl.image_ids.json,/mnt/SSD2_8TB/zechuan/IRAOD-New-rc331d213/configs/baseline/oriented_rcnn_orthonet_rsar.py,complete,0.30179861187934875,0.30179861187934875,[],8538,85496,/mnt/shared/zechuan/iraod_artifacts/comparison/rsar/chaff/seed_43/0f98a48/methods/C/work/iter_266.pth,e489f015cc2b67926a415436c97532ff814f826c4861b659cbc712fb9413b98c,,/mnt/shared/zechuan/iraod_artifacts/comparison/rsar/chaff/seed_43/0f98a48/methods/C/eval_full_chaff_student_ids_v1/eval_status,/mnt/shared/zechuan/iraod_artifacts/comparison/rsar/chaff/seed_43/0f98a48/methods/C/eval_full_chaff_student_ids_v1/class_ap.txt,/mnt/shared/zechuan/iraod_artifacts/comparison/rsar/chaff/seed_43/0f98a48/methods/C/eval_full_chaff_student_ids_v1/predictions.pkl,/mnt/shared/zechuan/iraod_artifacts/comparison/rsar/chaff/seed_43/0f98a48/methods/C/eval_full_chaff_student_ids_v1/pred_count.txt,0f98a48b539f9260055fc305784ffbc924f50451,331d2131b84651f0a2930a3d53faeefad8701531,0f98a48b539f9260055fc305784ffbc924f50451,0f98a48b539f9260055fc305784ffbc924f50451,,recorded_adaptation_producer,,,
RSAR,chaff,C,44,student,/mnt/shared/zechuan/iraod_artifacts/comparison/rsar/chaff/seed_44/0f98a48/methods/C/eval_full_chaff_student_ids_v1,/mnt/shared/zechuan/iraod_artifacts/comparison/rsar/chaff/seed_44/0f98a48/methods/C/eval_full_chaff_student_ids_v1/eval_20260908_123805.json,/mnt/shared/zechuan/iraod_artifacts/comparison/rsar/chaff/seed_44/0f98a48/methods/C/eval_full_chaff_student_ids_v1/predictions.pkl.image_ids.json,/mnt/SSD2_8TB/zechuan/IRAOD-New-rc331d213/configs/baseline/oriented_rcnn_orthonet_rsar.py,complete,0.29061803221702576,0.29061803221702576,[],8538,113658,/mnt/shared/zechuan/iraod_artifacts/comparison/rsar/chaff/seed_44/0f98a48/methods/C/work/iter_266.pth,e489f015cc2b67926a415436c97532ff814f826c4861b659cbc712fb9413b98c,,/mnt/shared/zechuan/iraod_artifacts/comparison/rsar/chaff/seed_44/0f98a48/methods/C/eval_full_chaff_student_ids_v1/eval_status,/mnt/shared/zechuan/iraod_artifacts/comparison/rsar/chaff/seed_44/0f98a48/methods/C/eval_full_chaff_student_ids_v1/class_ap.txt,/mnt/shared/zechuan/iraod_artifacts/comparison/rsar/chaff/seed_44/0f98a48/methods/C/eval_full_chaff_student_ids_v1/predictions.pkl,/mnt/shared/zechuan/iraod_artifacts/comparison/rsar/chaff/seed_44/0f98a48/methods/C/eval_full_chaff_student_ids_v1/pred_count.txt,0f98a48b539f9260055fc305784ffbc924f50451,331d2131b84651f0a2930a3d53faeefad8701531,0f98a48b539f9260055fc305784ffbc924f50451,0f98a48b539f9260055fc305784ffbc924f50451,,recorded_adaptation_producer,,,
RSAR,chaff,D,42,student,/mnt/shared/zechuan/iraod_artifacts/comparison/rsar/chaff/seed_42/f2145b4/methods/D/eval_full_chaff_student_ids_v1,/mnt/shared/zechuan/iraod_artifacts/comparison/rsar/chaff/seed_42/f2145b4/methods/D/eval_full_chaff_student_ids_v1/eval_20260908_121805.json,/mnt/shared/zechuan/iraod_artifacts/comparison/rsar/chaff/seed_42/f2145b4/methods/D/eval_full_chaff_student_ids_v1/predictions.pkl.image_ids.json,/mnt/SSD2_8TB/zechuan/IRAOD-New-rc331d213/configs/baseline/oriented_rcnn_orthonet_rsar.py,complete,0.2498757392168045,0.2498757392168045,[],8538,25620,/mnt/shared/zechuan/iraod_artifacts/comparison/rsar/chaff/seed_42/f2145b4/methods/D/work/iter_266.pth,e489f015cc2b67926a415436c97532ff814f826c4861b659cbc712fb9413b98c,,/mnt/shared/zechuan/iraod_artifacts/comparison/rsar/chaff/seed_42/f2145b4/methods/D/eval_full_chaff_student_ids_v1/eval_status,/mnt/shared/zechuan/iraod_artifacts/comparison/rsar/chaff/seed_42/f2145b4/methods/D/eval_full_chaff_student_ids_v1/class_ap.txt,/mnt/shared/zechuan/iraod_artifacts/comparison/rsar/chaff/seed_42/f2145b4/methods/D/eval_full_chaff_student_ids_v1/predictions.pkl,/mnt/shared/zechuan/iraod_artifacts/comparison/rsar/chaff/seed_42/f2145b4/methods/D/eval_full_chaff_student_ids_v1/pred_count.txt,0f98a48b539f9260055fc305784ffbc924f50451,331d2131b84651f0a2930a3d53faeefad8701531,0f98a48b539f9260055fc305784ffbc924f50451,0f98a48b539f9260055fc305784ffbc924f50451,,recorded_adaptation_producer,,,
RSAR,chaff,D,43,student,/mnt/shared/zechuan/iraod_artifacts/comparison/rsar/chaff/seed_43/0f98a48/methods/D/eval_full_chaff_student_ids_v1,/mnt/shared/zechuan/iraod_artifacts/comparison/rsar/chaff/seed_43/0f98a48/methods/D/eval_full_chaff_student_ids_v1/eval_20260908_122756.json,/mnt/shared/zechuan/iraod_artifacts/comparison/rsar/chaff/seed_43/0f98a48/methods/D/eval_full_chaff_student_ids_v1/predictions.pkl.image_ids.json,/mnt/SSD2_8TB/zechuan/IRAOD-New-rc331d213/configs/baseline/oriented_rcnn_orthonet_rsar.py,complete,0.2482573240995407,0.2482573240995407,[],8538,18645,/mnt/shared/zechuan/iraod_artifacts/comparison/rsar/chaff/seed_43/0f98a48/methods/D/work/iter_266.pth,e489f015cc2b67926a415436c97532ff814f826c4861b659cbc712fb9413b98c,,/mnt/shared/zechuan/iraod_artifacts/comparison/rsar/chaff/seed_43/0f98a48/methods/D/eval_full_chaff_student_ids_v1/eval_status,/mnt/shared/zechuan/iraod_artifacts/comparison/rsar/chaff/seed_43/0f98a48/methods/D/eval_full_chaff_student_ids_v1/class_ap.txt,/mnt/shared/zechuan/iraod_artifacts/comparison/rsar/chaff/seed_43/0f98a48/methods/D/eval_full_chaff_student_ids_v1/predictions.pkl,/mnt/shared/zechuan/iraod_artifacts/comparison/rsar/chaff/seed_43/0f98a48/methods/D/eval_full_chaff_student_ids_v1/pred_count.txt,0f98a48b539f9260055fc305784ffbc924f50451,331d2131b84651f0a2930a3d53faeefad8701531,0f98a48b539f9260055fc305784ffbc924f50451,0f98a48b539f9260055fc305784ffbc924f50451,,recorded_adaptation_producer,,,
RSAR,chaff,D,44,student,/mnt/shared/zechuan/iraod_artifacts/comparison/rsar/chaff/seed_44/0f98a48/methods/D/eval_full_chaff_student_ids_v1,/mnt/shared/zechuan/iraod_artifacts/comparison/rsar/chaff/seed_44/0f98a48/methods/D/eval_full_chaff_student_ids_v1/eval_20260908_124022.json,/mnt/shared/zechuan/iraod_artifacts/comparison/rsar/chaff/seed_44/0f98a48/methods/D/eval_full_chaff_student_ids_v1/predictions.pkl.image_ids.json,/mnt/SSD2_8TB/zechuan/IRAOD-New-rc331d213/configs/baseline/oriented_rcnn_orthonet_rsar.py,complete,0.3431331217288971,0.3431331217288971,[],8538,35381,/mnt/shared/zechuan/iraod_artifacts/comparison/rsar/chaff/seed_44/0f98a48/methods/D/work/iter_266.pth,e489f015cc2b67926a415436c97532ff814f826c4861b659cbc712fb9413b98c,,/mnt/shared/zechuan/iraod_artifacts/comparison/rsar/chaff/seed_44/0f98a48/methods/D/eval_full_chaff_student_ids_v1/eval_status,/mnt/shared/zechuan/iraod_artifacts/comparison/rsar/chaff/seed_44/0f98a48/methods/D/eval_full_chaff_student_ids_v1/class_ap.txt,/mnt/shared/zechuan/iraod_artifacts/comparison/rsar/chaff/seed_44/0f98a48/methods/D/eval_full_chaff_student_ids_v1/predictions.pkl,/mnt/shared/zechuan/iraod_artifacts/comparison/rsar/chaff/seed_44/0f98a48/methods/D/eval_full_chaff_student_ids_v1/pred_count.txt,0f98a48b539f9260055fc305784ffbc924f50451,331d2131b84651f0a2930a3d53faeefad8701531,0f98a48b539f9260055fc305784ffbc924f50451,0f98a48b539f9260055fc305784ffbc924f50451,,recorded_adaptation_producer,,,
RSAR,chaff,E,42,student,/mnt/shared/zechuan/iraod_artifacts/comparison/rsar/chaff/seed_42/f2145b4/methods/E/ddp2/eval_full_chaff_student_ids_v1,/mnt/shared/zechuan/iraod_artifacts/comparison/rsar/chaff/seed_42/f2145b4/methods/E/ddp2/eval_full_chaff_student_ids_v1/eval_20260908_122114.json,/mnt/shared/zechuan/iraod_artifacts/comparison/rsar/chaff/seed_42/f2145b4/methods/E/ddp2/eval_full_chaff_student_ids_v1/predictions.pkl.image_ids.json,/mnt/SSD2_8TB/zechuan/IRAOD-New-rc331d213/configs/baseline/oriented_rcnn_orthonet_rsar.py,complete,0.21991890668869019,0.21991890668869019,[],8538,249201,/mnt/shared/zechuan/iraod_artifacts/comparison/rsar/chaff/seed_42/f2145b4/methods/E/ddp2/work/iter_266.pth,e489f015cc2b67926a415436c97532ff814f826c4861b659cbc712fb9413b98c,,/mnt/shared/zechuan/iraod_artifacts/comparison/rsar/chaff/seed_42/f2145b4/methods/E/ddp2/eval_full_chaff_student_ids_v1/eval_status,/mnt/shared/zechuan/iraod_artifacts/comparison/rsar/chaff/seed_42/f2145b4/methods/E/ddp2/eval_full_chaff_student_ids_v1/class_ap.txt,/mnt/shared/zechuan/iraod_artifacts/comparison/rsar/chaff/seed_42/f2145b4/methods/E/ddp2/eval_full_chaff_student_ids_v1/predictions.pkl,/mnt/shared/zechuan/iraod_artifacts/comparison/rsar/chaff/seed_42/f2145b4/methods/E/ddp2/eval_full_chaff_student_ids_v1/pred_count.txt,0f98a48b539f9260055fc305784ffbc924f50451,331d2131b84651f0a2930a3d53faeefad8701531,0f98a48b539f9260055fc305784ffbc924f50451,0f98a48b539f9260055fc305784ffbc924f50451,,recorded_adaptation_producer,,,
RSAR,chaff,E,43,student,/mnt/shared/zechuan/iraod_artifacts/comparison/rsar/chaff/seed_43/0f98a48/methods/E/ddp2/eval_full_chaff_student_ids_v1,/mnt/shared/zechuan/iraod_artifacts/comparison/rsar/chaff/seed_43/0f98a48/methods/E/ddp2/eval_full_chaff_student_ids_v1/eval_20260908_123042.json,/mnt/shared/zechuan/iraod_artifacts/comparison/rsar/chaff/seed_43/0f98a48/methods/E/ddp2/eval_full_chaff_student_ids_v1/predictions.pkl.image_ids.json,/mnt/SSD2_8TB/zechuan/IRAOD-New-rc331d213/configs/baseline/oriented_rcnn_orthonet_rsar.py,complete,0.21828259527683258,0.21828259527683258,[],8538,177710,/mnt/shared/zechuan/iraod_artifacts/comparison/rsar/chaff/seed_43/0f98a48/methods/E/ddp2/work/iter_266.pth,e489f015cc2b67926a415436c97532ff814f826c4861b659cbc712fb9413b98c,,/mnt/shared/zechuan/iraod_artifacts/comparison/rsar/chaff/seed_43/0f98a48/methods/E/ddp2/eval_full_chaff_student_ids_v1/eval_status,/mnt/shared/zechuan/iraod_artifacts/comparison/rsar/chaff/seed_43/0f98a48/methods/E/ddp2/eval_full_chaff_student_ids_v1/class_ap.txt,/mnt/shared/zechuan/iraod_artifacts/comparison/rsar/chaff/seed_43/0f98a48/methods/E/ddp2/eval_full_chaff_student_ids_v1/predictions.pkl,/mnt/shared/zechuan/iraod_artifacts/comparison/rsar/chaff/seed_43/0f98a48/methods/E/ddp2/eval_full_chaff_student_ids_v1/pred_count.txt,0f98a48b539f9260055fc305784ffbc924f50451,331d2131b84651f0a2930a3d53faeefad8701531,0f98a48b539f9260055fc305784ffbc924f50451,0f98a48b539f9260055fc305784ffbc924f50451,,recorded_adaptation_producer,,,
RSAR,chaff,E,44,student,/mnt/shared/zechuan/iraod_artifacts/comparison/rsar/chaff/seed_44/0f98a48/methods/E/ddp2/eval_full_chaff_student_ids_v1,/mnt/shared/zechuan/iraod_artifacts/comparison/rsar/chaff/seed_44/0f98a48/methods/E/ddp2/eval_full_chaff_student_ids_v1/eval_20260908_124303.json,/mnt/shared/zechuan/iraod_artifacts/comparison/rsar/chaff/seed_44/0f98a48/methods/E/ddp2/eval_full_chaff_student_ids_v1/predictions.pkl.image_ids.json,/mnt/SSD2_8TB/zechuan/IRAOD-New-rc331d213/configs/baseline/oriented_rcnn_orthonet_rsar.py,complete,0.2337437868118286,0.2337437868118286,[],8538,145138,/mnt/shared/zechuan/iraod_artifacts/comparison/rsar/chaff/seed_44/0f98a48/methods/E/ddp2/work/iter_266.pth,e489f015cc2b67926a415436c97532ff814f826c4861b659cbc712fb9413b98c,,/mnt/shared/zechuan/iraod_artifacts/comparison/rsar/chaff/seed_44/0f98a48/methods/E/ddp2/eval_full_chaff_student_ids_v1/eval_status,/mnt/shared/zechuan/iraod_artifacts/comparison/rsar/chaff/seed_44/0f98a48/methods/E/ddp2/eval_full_chaff_student_ids_v1/class_ap.txt,/mnt/shared/zechuan/iraod_artifacts/comparison/rsar/chaff/seed_44/0f98a48/methods/E/ddp2/eval_full_chaff_student_ids_v1/predictions.pkl,/mnt/shared/zechuan/iraod_artifacts/comparison/rsar/chaff/seed_44/0f98a48/methods/E/ddp2/eval_full_chaff_student_ids_v1/pred_count.txt,0f98a48b539f9260055fc305784ffbc924f50451,331d2131b84651f0a2930a3d53faeefad8701531,0f98a48b539f9260055fc305784ffbc924f50451,0f98a48b539f9260055fc305784ffbc924f50451,,recorded_adaptation_producer,,,
RSAR,chaff,F,42,student,/mnt/shared/zechuan/iraod_artifacts/comparison/rsar/chaff/seed_42/f2145b4/methods/F/preflight_ddp2/eval_full_chaff_student_ids_v1,/mnt/shared/zechuan/iraod_artifacts/comparison/rsar/chaff/seed_42/f2145b4/methods/F/preflight_ddp2/eval_full_chaff_student_ids_v1/eval_20260908_122303.json,/mnt/shared/zechuan/iraod_artifacts/comparison/rsar/chaff/seed_42/f2145b4/methods/F/preflight_ddp2/eval_full_chaff_student_ids_v1/predictions.pkl.image_ids.json,/mnt/SSD2_8TB/zechuan/IRAOD-New-rc331d213/configs/baseline/oriented_rcnn_orthonet_rsar.py,complete,0.17414510250091553,0.17414510250091553,[],8538,58852,/mnt/shared/zechuan/iraod_artifacts/comparison/rsar/chaff/seed_42/f2145b4/methods/F/preflight_ddp2/work/iter_266.pth,e489f015cc2b67926a415436c97532ff814f826c4861b659cbc712fb9413b98c,,/mnt/shared/zechuan/iraod_artifacts/comparison/rsar/chaff/seed_42/f2145b4/methods/F/preflight_ddp2/eval_full_chaff_student_ids_v1/eval_status,/mnt/shared/zechuan/iraod_artifacts/comparison/rsar/chaff/seed_42/f2145b4/methods/F/preflight_ddp2/eval_full_chaff_student_ids_v1/class_ap.txt,/mnt/shared/zechuan/iraod_artifacts/comparison/rsar/chaff/seed_42/f2145b4/methods/F/preflight_ddp2/eval_full_chaff_student_ids_v1/predictions.pkl,/mnt/shared/zechuan/iraod_artifacts/comparison/rsar/chaff/seed_42/f2145b4/methods/F/preflight_ddp2/eval_full_chaff_student_ids_v1/pred_count.txt,0f98a48b539f9260055fc305784ffbc924f50451,331d2131b84651f0a2930a3d53faeefad8701531,0f98a48b539f9260055fc305784ffbc924f50451,0f98a48b539f9260055fc305784ffbc924f50451,,recorded_adaptation_producer,,,
RSAR,chaff,F,43,student,/mnt/shared/zechuan/iraod_artifacts/comparison/rsar/chaff/seed_43/0f98a48/methods/F/ddp2/eval_full_chaff_student_ids_v1,/mnt/shared/zechuan/iraod_artifacts/comparison/rsar/chaff/seed_43/0f98a48/methods/F/ddp2/eval_full_chaff_student_ids_v1/eval_20260908_123259.json,/mnt/shared/zechuan/iraod_artifacts/comparison/rsar/chaff/seed_43/0f98a48/methods/F/ddp2/eval_full_chaff_student_ids_v1/predictions.pkl.image_ids.json,/mnt/SSD2_8TB/zechuan/IRAOD-New-rc331d213/configs/baseline/oriented_rcnn_orthonet_rsar.py,complete,0.21748705208301544,0.21748705208301544,[],8538,28370,/mnt/shared/zechuan/iraod_artifacts/comparison/rsar/chaff/seed_43/0f98a48/methods/F/ddp2/work/iter_266.pth,e489f015cc2b67926a415436c97532ff814f826c4861b659cbc712fb9413b98c,,/mnt/shared/zechuan/iraod_artifacts/comparison/rsar/chaff/seed_43/0f98a48/methods/F/ddp2/eval_full_chaff_student_ids_v1/eval_status,/mnt/shared/zechuan/iraod_artifacts/comparison/rsar/chaff/seed_43/0f98a48/methods/F/ddp2/eval_full_chaff_student_ids_v1/class_ap.txt,/mnt/shared/zechuan/iraod_artifacts/comparison/rsar/chaff/seed_43/0f98a48/methods/F/ddp2/eval_full_chaff_student_ids_v1/predictions.pkl,/mnt/shared/zechuan/iraod_artifacts/comparison/rsar/chaff/seed_43/0f98a48/methods/F/ddp2/eval_full_chaff_student_ids_v1/pred_count.txt,0f98a48b539f9260055fc305784ffbc924f50451,331d2131b84651f0a2930a3d53faeefad8701531,0f98a48b539f9260055fc305784ffbc924f50451,0f98a48b539f9260055fc305784ffbc924f50451,,recorded_adaptation_producer,,,
RSAR,chaff,F,44,student,/mnt/shared/zechuan/iraod_artifacts/comparison/rsar/chaff/seed_44/0f98a48/methods/F/ddp2/eval_full_chaff_student_ids_v1,/mnt/shared/zechuan/iraod_artifacts/comparison/rsar/chaff/seed_44/0f98a48/methods/F/ddp2/eval_full_chaff_student_ids_v1/eval_20260908_124505.json,/mnt/shared/zechuan/iraod_artifacts/comparison/rsar/chaff/seed_44/0f98a48/methods/F/ddp2/eval_full_chaff_student_ids_v1/predictions.pkl.image_ids.json,/mnt/SSD2_8TB/zechuan/IRAOD-New-rc331d213/configs/baseline/oriented_rcnn_orthonet_rsar.py,complete,0.2733180522918701,0.2733180522918701,[],8538,49301,/mnt/shared/zechuan/iraod_artifacts/comparison/rsar/chaff/seed_44/0f98a48/methods/F/ddp2/work/iter_266.pth,e489f015cc2b67926a415436c97532ff814f826c4861b659cbc712fb9413b98c,,/mnt/shared/zechuan/iraod_artifacts/comparison/rsar/chaff/seed_44/0f98a48/methods/F/ddp2/eval_full_chaff_student_ids_v1/eval_status,/mnt/shared/zechuan/iraod_artifacts/comparison/rsar/chaff/seed_44/0f98a48/methods/F/ddp2/eval_full_chaff_student_ids_v1/class_ap.txt,/mnt/shared/zechuan/iraod_artifacts/comparison/rsar/chaff/seed_44/0f98a48/methods/F/ddp2/eval_full_chaff_student_ids_v1/predictions.pkl,/mnt/shared/zechuan/iraod_artifacts/comparison/rsar/chaff/seed_44/0f98a48/methods/F/ddp2/eval_full_chaff_student_ids_v1/pred_count.txt,0f98a48b539f9260055fc305784ffbc924f50451,331d2131b84651f0a2930a3d53faeefad8701531,0f98a48b539f9260055fc305784ffbc924f50451,0f98a48b539f9260055fc305784ffbc924f50451,,recorded_adaptation_producer,,,
RSAR,gaussian_white_noise,A,42,source,/mnt/shared/zechuan/iraod_artifacts/comparison/rsar/gaussian_white_noise/seed_42/0f98a48/methods/A/eval_full_gaussian_white_noise_ids_v1,/mnt/shared/zechuan/iraod_artifacts/comparison/rsar/gaussian_white_noise/seed_42/0f98a48/methods/A/eval_full_gaussian_white_noise_ids_v1/eval_20260907_095727.json,/mnt/shared/zechuan/iraod_artifacts/comparison/rsar/gaussian_white_noise/seed_42/0f98a48/methods/A/eval_full_gaussian_white_noise_ids_v1/predictions.pkl.image_ids.json,/mnt/SSD2_8TB/zechuan/IRAOD-New-rc331d213/configs/baseline/oriented_rcnn_orthonet_rsar.py,complete,0.5281371474266052,0.5281371474266052,[],8538,59649,/mnt/shared/zechuan/iraod_artifacts/rsar_source/seed42-orthonet-ddp4-gpu4567-spg16-gbs64/train/epoch_100.pth,e489f015cc2b67926a415436c97532ff814f826c4861b659cbc712fb9413b98c,,/mnt/shared/zechuan/iraod_artifacts/comparison/rsar/gaussian_white_noise/seed_42/0f98a48/methods/A/eval_full_gaussian_white_noise_ids_v1/eval_status,/mnt/shared/zechuan/iraod_artifacts/comparison/rsar/gaussian_white_noise/seed_42/0f98a48/methods/A/eval_full_gaussian_white_noise_ids_v1/class_ap.txt,/mnt/shared/zechuan/iraod_artifacts/comparison/rsar/gaussian_white_noise/seed_42/0f98a48/methods/A/eval_full_gaussian_white_noise_ids_v1/predictions.pkl,/mnt/shared/zechuan/iraod_artifacts/comparison/rsar/gaussian_white_noise/seed_42/0f98a48/methods/A/eval_full_gaussian_white_noise_ids_v1/pred_count.txt,0f98a48b539f9260055fc305784ffbc924f50451,331d2131b84651f0a2930a3d53faeefad8701531,0f98a48b539f9260055fc305784ffbc924f50451,b474aaa5f7718746215ce13beceb071617bb823e,b474aaa5f7718746215ce13beceb071617bb823e,source_producer_corrected_in_report,"{""dataset"": ""RSAR"", ""domain"": ""gaussian_white_noise"", ""method"": ""A"", ""seed"": 42, ""role"": ""source"", ""field"": ""training_code_sha"", ""recorded"": ""0f98a48b539f9260055fc305784ffbc924f50451"", ""actual"": ""b474aaa5f7718746215ce13beceb071617bb823e"", ""source_checkpoint"": ""/mnt/shared/zechuan/iraod_artifacts/rsar_source/seed42-orthonet-ddp4-gpu4567-spg16-gbs64/train/epoch_100.pth"", ""source_weights_sha256"": ""e489f015cc2b67926a415436c97532ff814f826c4861b659cbc712fb9413b98c"", ""source_record"": ""/mnt/shared/zechuan/iraod_artifacts/rsar_source/seed42-orthonet-ddp4-gpu4567-spg16-gbs64/reproducibility/git_commit.txt"", ""source_record_snapshot"": ""/mnt/shared/zechuan/iraod_artifacts/comparison/final_delivery_20260908_4a6bc50/input/source_records/RSAR_producer_git_commit.txt"", ""sidecar"": ""/mnt/shared/zechuan/iraod_artifacts/comparison/rsar/gaussian_white_noise/seed_42/0f98a48/methods/A/eval_full_gaussian_white_noise_ids_v1/predictions.pkl.image_ids.json"", ""sidecar_modified"": false, ""scope"": ""producer metadata only; weights, predictions, IDs and mAP unchanged""}",0.5281371474266052,/mnt/shared/zechuan/iraod_artifacts/comparison/xaf_student_quant_20260908/integration_code_84a1aeb/results/paper_comparison/historical/seed42/raw_results.csv
RSAR,gaussian_white_noise,B,42,student,/mnt/shared/zechuan/iraod_artifacts/comparison/rsar/gaussian_white_noise/seed_42/0f98a48/methods/B/eval_full_gaussian_white_noise_student_ids_v1,/mnt/shared/zechuan/iraod_artifacts/comparison/rsar/gaussian_white_noise/seed_42/0f98a48/methods/B/eval_full_gaussian_white_noise_student_ids_v1/eval_20260908_140822.json,/mnt/shared/zechuan/iraod_artifacts/comparison/rsar/gaussian_white_noise/seed_42/0f98a48/methods/B/eval_full_gaussian_white_noise_student_ids_v1/predictions.pkl.image_ids.json,/mnt/SSD2_8TB/zechuan/IRAOD-New-rc331d213/configs/baseline/oriented_rcnn_orthonet_rsar.py,complete,0.27575600147247314,0.27575600147247314,[],8538,154565,/mnt/shared/zechuan/iraod_artifacts/comparison/rsar/gaussian_white_noise/seed_42/0f98a48/methods/B/work/iter_266.pth,e489f015cc2b67926a415436c97532ff814f826c4861b659cbc712fb9413b98c,,/mnt/shared/zechuan/iraod_artifacts/comparison/rsar/gaussian_white_noise/seed_42/0f98a48/methods/B/eval_full_gaussian_white_noise_student_ids_v1/eval_status,/mnt/shared/zechuan/iraod_artifacts/comparison/rsar/gaussian_white_noise/seed_42/0f98a48/methods/B/eval_full_gaussian_white_noise_student_ids_v1/class_ap.txt,/mnt/shared/zechuan/iraod_artifacts/comparison/rsar/gaussian_white_noise/seed_42/0f98a48/methods/B/eval_full_gaussian_white_noise_student_ids_v1/predictions.pkl,/mnt/shared/zechuan/iraod_artifacts/comparison/rsar/gaussian_white_noise/seed_42/0f98a48/methods/B/eval_full_gaussian_white_noise_student_ids_v1/pred_count.txt,0f98a48b539f9260055fc305784ffbc924f50451,331d2131b84651f0a2930a3d53faeefad8701531,0f98a48b539f9260055fc305784ffbc924f50451,0f98a48b539f9260055fc305784ffbc924f50451,,recorded_adaptation_producer,,,
RSAR,gaussian_white_noise,B,43,student,/mnt/shared/zechuan/iraod_artifacts/comparison/rsar/gaussian_white_noise/seed_43/0f98a48/methods/B/eval_full_gaussian_white_noise_student_ids_v1,/mnt/shared/zechuan/iraod_artifacts/comparison/rsar/gaussian_white_noise/seed_43/0f98a48/methods/B/eval_full_gaussian_white_noise_student_ids_v1/eval_20260908_141758.json,/mnt/shared/zechuan/iraod_artifacts/comparison/rsar/gaussian_white_noise/seed_43/0f98a48/methods/B/eval_full_gaussian_white_noise_student_ids_v1/predictions.pkl.image_ids.json,/mnt/SSD2_8TB/zechuan/IRAOD-New-rc331d213/configs/baseline/oriented_rcnn_orthonet_rsar.py,complete,0.2959512174129486,0.2959512174129486,[],8538,118557,/mnt/shared/zechuan/iraod_artifacts/comparison/rsar/gaussian_white_noise/seed_43/0f98a48/methods/B/work/iter_266.pth,e489f015cc2b67926a415436c97532ff814f826c4861b659cbc712fb9413b98c,,/mnt/shared/zechuan/iraod_artifacts/comparison/rsar/gaussian_white_noise/seed_43/0f98a48/methods/B/eval_full_gaussian_white_noise_student_ids_v1/eval_status,/mnt/shared/zechuan/iraod_artifacts/comparison/rsar/gaussian_white_noise/seed_43/0f98a48/methods/B/eval_full_gaussian_white_noise_student_ids_v1/class_ap.txt,/mnt/shared/zechuan/iraod_artifacts/comparison/rsar/gaussian_white_noise/seed_43/0f98a48/methods/B/eval_full_gaussian_white_noise_student_ids_v1/predictions.pkl,/mnt/shared/zechuan/iraod_artifacts/comparison/rsar/gaussian_white_noise/seed_43/0f98a48/methods/B/eval_full_gaussian_white_noise_student_ids_v1/pred_count.txt,0f98a48b539f9260055fc305784ffbc924f50451,331d2131b84651f0a2930a3d53faeefad8701531,0f98a48b539f9260055fc305784ffbc924f50451,0f98a48b539f9260055fc305784ffbc924f50451,,recorded_adaptation_producer,,,
RSAR,gaussian_white_noise,B,44,student,/mnt/shared/zechuan/iraod_artifacts/comparison/rsar/gaussian_white_noise/seed_44/0f98a48/methods/B/eval_full_gaussian_white_noise_student_ids_v1,/mnt/shared/zechuan/iraod_artifacts/comparison/rsar/gaussian_white_noise/seed_44/0f98a48/methods/B/eval_full_gaussian_white_noise_student_ids_v1/eval_20260908_142300.json,/mnt/shared/zechuan/iraod_artifacts/comparison/rsar/gaussian_white_noise/seed_44/0f98a48/methods/B/eval_full_gaussian_white_noise_student_ids_v1/predictions.pkl.image_ids.json,/mnt/SSD2_8TB/zechuan/IRAOD-New-rc331d213/configs/baseline/oriented_rcnn_orthonet_rsar.py,complete,0.26275306940078735,0.26275306940078735,[],8538,181394,/mnt/shared/zechuan/iraod_artifacts/comparison/rsar/gaussian_white_noise/seed_44/0f98a48/methods/B/work/iter_266.pth,e489f015cc2b67926a415436c97532ff814f826c4861b659cbc712fb9413b98c,,/mnt/shared/zechuan/iraod_artifacts/comparison/rsar/gaussian_white_noise/seed_44/0f98a48/methods/B/eval_full_gaussian_white_noise_student_ids_v1/eval_status,/mnt/shared/zechuan/iraod_artifacts/comparison/rsar/gaussian_white_noise/seed_44/0f98a48/methods/B/eval_full_gaussian_white_noise_student_ids_v1/class_ap.txt,/mnt/shared/zechuan/iraod_artifacts/comparison/rsar/gaussian_white_noise/seed_44/0f98a48/methods/B/eval_full_gaussian_white_noise_student_ids_v1/predictions.pkl,/mnt/shared/zechuan/iraod_artifacts/comparison/rsar/gaussian_white_noise/seed_44/0f98a48/methods/B/eval_full_gaussian_white_noise_student_ids_v1/pred_count.txt,0f98a48b539f9260055fc305784ffbc924f50451,331d2131b84651f0a2930a3d53faeefad8701531,0f98a48b539f9260055fc305784ffbc924f50451,0f98a48b539f9260055fc305784ffbc924f50451,,recorded_adaptation_producer,,,
RSAR,gaussian_white_noise,C,42,student,/mnt/shared/zechuan/iraod_artifacts/comparison/rsar/gaussian_white_noise/seed_42/0f98a48/methods/C/eval_full_gaussian_white_noise_student_ids_v1,/mnt/shared/zechuan/iraod_artifacts/comparison/rsar/gaussian_white_noise/seed_42/0f98a48/methods/C/eval_full_gaussian_white_noise_student_ids_v1/eval_20260908_141257.json,/mnt/shared/zechuan/iraod_artifacts/comparison/rsar/gaussian_white_noise/seed_42/0f98a48/methods/C/eval_full_gaussian_white_noise_student_ids_v1/predictions.pkl.image_ids.json,/mnt/SSD2_8TB/zechuan/IRAOD-New-rc331d213/configs/baseline/oriented_rcnn_orthonet_rsar.py,complete,0.32005253434181213,0.32005253434181213,[],8538,166396,/mnt/shared/zechuan/iraod_artifacts/comparison/rsar/gaussian_white_noise/seed_42/0f98a48/methods/C/work/iter_266.pth,e489f015cc2b67926a415436c97532ff814f826c4861b659cbc712fb9413b98c,,/mnt/shared/zechuan/iraod_artifacts/comparison/rsar/gaussian_white_noise/seed_42/0f98a48/methods/C/eval_full_gaussian_white_noise_student_ids_v1/eval_status,/mnt/shared/zechuan/iraod_artifacts/comparison/rsar/gaussian_white_noise/seed_42/0f98a48/methods/C/eval_full_gaussian_white_noise_student_ids_v1/class_ap.txt,/mnt/shared/zechuan/iraod_artifacts/comparison/rsar/gaussian_white_noise/seed_42/0f98a48/methods/C/eval_full_gaussian_white_noise_student_ids_v1/predictions.pkl,/mnt/shared/zechuan/iraod_artifacts/comparison/rsar/gaussian_white_noise/seed_42/0f98a48/methods/C/eval_full_gaussian_white_noise_student_ids_v1/pred_count.txt,0f98a48b539f9260055fc305784ffbc924f50451,331d2131b84651f0a2930a3d53faeefad8701531,0f98a48b539f9260055fc305784ffbc924f50451,0f98a48b539f9260055fc305784ffbc924f50451,,recorded_adaptation_producer,,,
RSAR,gaussian_white_noise,C,43,student,/mnt/shared/zechuan/iraod_artifacts/comparison/rsar/gaussian_white_noise/seed_43/0f98a48/methods/C/eval_full_gaussian_white_noise_student_ids_v1,/mnt/shared/zechuan/iraod_artifacts/comparison/rsar/gaussian_white_noise/seed_43/0f98a48/methods/C/eval_full_gaussian_white_noise_student_ids_v1/eval_20260908_141804.json,/mnt/shared/zechuan/iraod_artifacts/comparison/rsar/gaussian_white_noise/seed_43/0f98a48/methods/C/eval_full_gaussian_white_noise_student_ids_v1/predictions.pkl.image_ids.json,/mnt/SSD2_8TB/zechuan/IRAOD-New-rc331d213/configs/baseline/oriented_rcnn_orthonet_rsar.py,complete,0.31683987379074097,0.31683987379074097,[],8538,74044,/mnt/shared/zechuan/iraod_artifacts/comparison/rsar/gaussian_white_noise/seed_43/0f98a48/methods/C/work/iter_266.pth,e489f015cc2b67926a415436c97532ff814f826c4861b659cbc712fb9413b98c,,/mnt/shared/zechuan/iraod_artifacts/comparison/rsar/gaussian_white_noise/seed_43/0f98a48/methods/C/eval_full_gaussian_white_noise_student_ids_v1/eval_status,/mnt/shared/zechuan/iraod_artifacts/comparison/rsar/gaussian_white_noise/seed_43/0f98a48/methods/C/eval_full_gaussian_white_noise_student_ids_v1/class_ap.txt,/mnt/shared/zechuan/iraod_artifacts/comparison/rsar/gaussian_white_noise/seed_43/0f98a48/methods/C/eval_full_gaussian_white_noise_student_ids_v1/predictions.pkl,/mnt/shared/zechuan/iraod_artifacts/comparison/rsar/gaussian_white_noise/seed_43/0f98a48/methods/C/eval_full_gaussian_white_noise_student_ids_v1/pred_count.txt,0f98a48b539f9260055fc305784ffbc924f50451,331d2131b84651f0a2930a3d53faeefad8701531,0f98a48b539f9260055fc305784ffbc924f50451,0f98a48b539f9260055fc305784ffbc924f50451,,recorded_adaptation_producer,,,
RSAR,gaussian_white_noise,C,44,student,/mnt/shared/zechuan/iraod_artifacts/comparison/rsar/gaussian_white_noise/seed_44/0f98a48/methods/C/eval_full_gaussian_white_noise_student_ids_v1,/mnt/shared/zechuan/iraod_artifacts/comparison/rsar/gaussian_white_noise/seed_44/0f98a48/methods/C/eval_full_gaussian_white_noise_student_ids_v1/eval_20260908_142316.json,/mnt/shared/zechuan/iraod_artifacts/comparison/rsar/gaussian_white_noise/seed_44/0f98a48/methods/C/eval_full_gaussian_white_noise_student_ids_v1/predictions.pkl.image_ids.json,/mnt/SSD2_8TB/zechuan/IRAOD-New-rc331d213/configs/baseline/oriented_rcnn_orthonet_rsar.py,complete,0.31420639157295227,0.31420639157295227,[],8538,118903,/mnt/shared/zechuan/iraod_artifacts/comparison/rsar/gaussian_white_noise/seed_44/0f98a48/methods/C/work/iter_266.pth,e489f015cc2b67926a415436c97532ff814f826c4861b659cbc712fb9413b98c,,/mnt/shared/zechuan/iraod_artifacts/comparison/rsar/gaussian_white_noise/seed_44/0f98a48/methods/C/eval_full_gaussian_white_noise_student_ids_v1/eval_status,/mnt/shared/zechuan/iraod_artifacts/comparison/rsar/gaussian_white_noise/seed_44/0f98a48/methods/C/eval_full_gaussian_white_noise_student_ids_v1/class_ap.txt,/mnt/shared/zechuan/iraod_artifacts/comparison/rsar/gaussian_white_noise/seed_44/0f98a48/methods/C/eval_full_gaussian_white_noise_student_ids_v1/predictions.pkl,/mnt/shared/zechuan/iraod_artifacts/comparison/rsar/gaussian_white_noise/seed_44/0f98a48/methods/C/eval_full_gaussian_white_noise_student_ids_v1/pred_count.txt,0f98a48b539f9260055fc305784ffbc924f50451,331d2131b84651f0a2930a3d53faeefad8701531,0f98a48b539f9260055fc305784ffbc924f50451,0f98a48b539f9260055fc305784ffbc924f50451,,recorded_adaptation_producer,,,
RSAR,gaussian_white_noise,D,42,student,/mnt/shared/zechuan/iraod_artifacts/comparison/rsar/gaussian_white_noise/seed_42/0f98a48/methods/D/eval_full_gaussian_white_noise_student_ids_v1,/mnt/shared/zechuan/iraod_artifacts/comparison/rsar/gaussian_white_noise/seed_42/0f98a48/methods/D/eval_full_gaussian_white_noise_student_ids_v1/eval_20260908_141301.json,/mnt/shared/zechuan/iraod_artifacts/comparison/rsar/gaussian_white_noise/seed_42/0f98a48/methods/D/eval_full_gaussian_white_noise_student_ids_v1/predictions.pkl.image_ids.json,/mnt/SSD2_8TB/zechuan/IRAOD-New-rc331d213/configs/baseline/oriented_rcnn_orthonet_rsar.py,complete,0.2628660798072815,0.2628660798072815,[],8538,28836,/mnt/shared/zechuan/iraod_artifacts/comparison/rsar/gaussian_white_noise/seed_42/0f98a48/methods/D/work/iter_266.pth,e489f015cc2b67926a415436c97532ff814f826c4861b659cbc712fb9413b98c,,/mnt/shared/zechuan/iraod_artifacts/comparison/rsar/gaussian_white_noise/seed_42/0f98a48/methods/D/eval_full_gaussian_white_noise_student_ids_v1/eval_status,/mnt/shared/zechuan/iraod_artifacts/comparison/rsar/gaussian_white_noise/seed_42/0f98a48/methods/D/eval_full_gaussian_white_noise_student_ids_v1/class_ap.txt,/mnt/shared/zechuan/iraod_artifacts/comparison/rsar/gaussian_white_noise/seed_42/0f98a48/methods/D/eval_full_gaussian_white_noise_student_ids_v1/predictions.pkl,/mnt/shared/zechuan/iraod_artifacts/comparison/rsar/gaussian_white_noise/seed_42/0f98a48/methods/D/eval_full_gaussian_white_noise_student_ids_v1/pred_count.txt,0f98a48b539f9260055fc305784ffbc924f50451,331d2131b84651f0a2930a3d53faeefad8701531,0f98a48b539f9260055fc305784ffbc924f50451,0f98a48b539f9260055fc305784ffbc924f50451,,recorded_adaptation_producer,,,
RSAR,gaussian_white_noise,D,43,student,/mnt/shared/zechuan/iraod_artifacts/comparison/rsar/gaussian_white_noise/seed_43/0f98a48/methods/D/eval_full_gaussian_white_noise_student_ids_v1,/mnt/shared/zechuan/iraod_artifacts/comparison/rsar/gaussian_white_noise/seed_43/0f98a48/methods/D/eval_full_gaussian_white_noise_student_ids_v1/eval_20260908_141814.json,/mnt/shared/zechuan/iraod_artifacts/comparison/rsar/gaussian_white_noise/seed_43/0f98a48/methods/D/eval_full_gaussian_white_noise_student_ids_v1/predictions.pkl.image_ids.json,/mnt/SSD2_8TB/zechuan/IRAOD-New-rc331d213/configs/baseline/oriented_rcnn_orthonet_rsar.py,complete,0.3220268785953522,0.3220268785953522,[],8538,44954,/mnt/shared/zechuan/iraod_artifacts/comparison/rsar/gaussian_white_noise/seed_43/0f98a48/methods/D/work/iter_266.pth,e489f015cc2b67926a415436c97532ff814f826c4861b659cbc712fb9413b98c,,/mnt/shared/zechuan/iraod_artifacts/comparison/rsar/gaussian_white_noise/seed_43/0f98a48/methods/D/eval_full_gaussian_white_noise_student_ids_v1/eval_status,/mnt/shared/zechuan/iraod_artifacts/comparison/rsar/gaussian_white_noise/seed_43/0f98a48/methods/D/eval_full_gaussian_white_noise_student_ids_v1/class_ap.txt,/mnt/shared/zechuan/iraod_artifacts/comparison/rsar/gaussian_white_noise/seed_43/0f98a48/methods/D/eval_full_gaussian_white_noise_student_ids_v1/predictions.pkl,/mnt/shared/zechuan/iraod_artifacts/comparison/rsar/gaussian_white_noise/seed_43/0f98a48/methods/D/eval_full_gaussian_white_noise_student_ids_v1/pred_count.txt,0f98a48b539f9260055fc305784ffbc924f50451,331d2131b84651f0a2930a3d53faeefad8701531,0f98a48b539f9260055fc305784ffbc924f50451,0f98a48b539f9260055fc305784ffbc924f50451,,recorded_adaptation_producer,,,
RSAR,gaussian_white_noise,D,44,student,/mnt/shared/zechuan/iraod_artifacts/comparison/rsar/gaussian_white_noise/seed_44/0f98a48/methods/D/eval_full_gaussian_white_noise_student_ids_v1,/mnt/shared/zechuan/iraod_artifacts/comparison/rsar/gaussian_white_noise/seed_44/0f98a48/methods/D/eval_full_gaussian_white_noise_student_ids_v1/eval_20260908_142324.json,/mnt/shared/zechuan/iraod_artifacts/comparison/rsar/gaussian_white_noise/seed_44/0f98a48/methods/D/eval_full_gaussian_white_noise_student_ids_v1/predictions.pkl.image_ids.json,/mnt/SSD2_8TB/zechuan/IRAOD-New-rc331d213/configs/baseline/oriented_rcnn_orthonet_rsar.py,complete,0.37908175587654114,0.37908175587654114,[],8538,33830,/mnt/shared/zechuan/iraod_artifacts/comparison/rsar/gaussian_white_noise/seed_44/0f98a48/methods/D/work/iter_266.pth,e489f015cc2b67926a415436c97532ff814f826c4861b659cbc712fb9413b98c,,/mnt/shared/zechuan/iraod_artifacts/comparison/rsar/gaussian_white_noise/seed_44/0f98a48/methods/D/eval_full_gaussian_white_noise_student_ids_v1/eval_status,/mnt/shared/zechuan/iraod_artifacts/comparison/rsar/gaussian_white_noise/seed_44/0f98a48/methods/D/eval_full_gaussian_white_noise_student_ids_v1/class_ap.txt,/mnt/shared/zechuan/iraod_artifacts/comparison/rsar/gaussian_white_noise/seed_44/0f98a48/methods/D/eval_full_gaussian_white_noise_student_ids_v1/predictions.pkl,/mnt/shared/zechuan/iraod_artifacts/comparison/rsar/gaussian_white_noise/seed_44/0f98a48/methods/D/eval_full_gaussian_white_noise_student_ids_v1/pred_count.txt,0f98a48b539f9260055fc305784ffbc924f50451,331d2131b84651f0a2930a3d53faeefad8701531,0f98a48b539f9260055fc305784ffbc924f50451,0f98a48b539f9260055fc305784ffbc924f50451,,recorded_adaptation_producer,,,
RSAR,gaussian_white_noise,E,42,student,/mnt/shared/zechuan/iraod_artifacts/comparison/rsar/gaussian_white_noise/seed_42/0f98a48/methods/E/ddp2/eval_full_gaussian_white_noise_student_ids_v1,/mnt/shared/zechuan/iraod_artifacts/comparison/rsar/gaussian_white_noise/seed_42/0f98a48/methods/E/ddp2/eval_full_gaussian_white_noise_student_ids_v1/eval_20260908_141313.json,/mnt/shared/zechuan/iraod_artifacts/comparison/rsar/gaussian_white_noise/seed_42/0f98a48/methods/E/ddp2/eval_full_gaussian_white_noise_student_ids_v1/predictions.pkl.image_ids.json,/mnt/SSD2_8TB/zechuan/IRAOD-New-rc331d213/configs/baseline/oriented_rcnn_orthonet_rsar.py,complete,0.26891079545021057,0.26891079545021057,[],8538,195624,/mnt/shared/zechuan/iraod_artifacts/comparison/rsar/gaussian_white_noise/seed_42/0f98a48/methods/E/ddp2/work/iter_266.pth,e489f015cc2b67926a415436c97532ff814f826c4861b659cbc712fb9413b98c,,/mnt/shared/zechuan/iraod_artifacts/comparison/rsar/gaussian_white_noise/seed_42/0f98a48/methods/E/ddp2/eval_full_gaussian_white_noise_student_ids_v1/eval_status,/mnt/shared/zechuan/iraod_artifacts/comparison/rsar/gaussian_white_noise/seed_42/0f98a48/methods/E/ddp2/eval_full_gaussian_white_noise_student_ids_v1/class_ap.txt,/mnt/shared/zechuan/iraod_artifacts/comparison/rsar/gaussian_white_noise/seed_42/0f98a48/methods/E/ddp2/eval_full_gaussian_white_noise_student_ids_v1/predictions.pkl,/mnt/shared/zechuan/iraod_artifacts/comparison/rsar/gaussian_white_noise/seed_42/0f98a48/methods/E/ddp2/eval_full_gaussian_white_noise_student_ids_v1/pred_count.txt,0f98a48b539f9260055fc305784ffbc924f50451,331d2131b84651f0a2930a3d53faeefad8701531,0f98a48b539f9260055fc305784ffbc924f50451,0f98a48b539f9260055fc305784ffbc924f50451,,recorded_adaptation_producer,,,
RSAR,gaussian_white_noise,E,43,student,/mnt/shared/zechuan/iraod_artifacts/comparison/rsar/gaussian_white_noise/seed_43/0f98a48/methods/E/ddp2/eval_full_gaussian_white_noise_student_ids_v1,/mnt/shared/zechuan/iraod_artifacts/comparison/rsar/gaussian_white_noise/seed_43/0f98a48/methods/E/ddp2/eval_full_gaussian_white_noise_student_ids_v1/eval_20260908_141820.json,/mnt/shared/zechuan/iraod_artifacts/comparison/rsar/gaussian_white_noise/seed_43/0f98a48/methods/E/ddp2/eval_full_gaussian_white_noise_student_ids_v1/predictions.pkl.image_ids.json,/mnt/SSD2_8TB/zechuan/IRAOD-New-rc331d213/configs/baseline/oriented_rcnn_orthonet_rsar.py,complete,0.22566302120685577,0.22566302120685577,[],8538,152124,/mnt/shared/zechuan/iraod_artifacts/comparison/rsar/gaussian_white_noise/seed_43/0f98a48/methods/E/ddp2/work/iter_266.pth,e489f015cc2b67926a415436c97532ff814f826c4861b659cbc712fb9413b98c,,/mnt/shared/zechuan/iraod_artifacts/comparison/rsar/gaussian_white_noise/seed_43/0f98a48/methods/E/ddp2/eval_full_gaussian_white_noise_student_ids_v1/eval_status,/mnt/shared/zechuan/iraod_artifacts/comparison/rsar/gaussian_white_noise/seed_43/0f98a48/methods/E/ddp2/eval_full_gaussian_white_noise_student_ids_v1/class_ap.txt,/mnt/shared/zechuan/iraod_artifacts/comparison/rsar/gaussian_white_noise/seed_43/0f98a48/methods/E/ddp2/eval_full_gaussian_white_noise_student_ids_v1/predictions.pkl,/mnt/shared/zechuan/iraod_artifacts/comparison/rsar/gaussian_white_noise/seed_43/0f98a48/methods/E/ddp2/eval_full_gaussian_white_noise_student_ids_v1/pred_count.txt,0f98a48b539f9260055fc305784ffbc924f50451,331d2131b84651f0a2930a3d53faeefad8701531,0f98a48b539f9260055fc305784ffbc924f50451,0f98a48b539f9260055fc305784ffbc924f50451,,recorded_adaptation_producer,,,
RSAR,gaussian_white_noise,E,44,student,/mnt/shared/zechuan/iraod_artifacts/comparison/rsar/gaussian_white_noise/seed_44/0f98a48/methods/E/ddp2/eval_full_gaussian_white_noise_student_ids_v1,/mnt/shared/zechuan/iraod_artifacts/comparison/rsar/gaussian_white_noise/seed_44/0f98a48/methods/E/ddp2/eval_full_gaussian_white_noise_student_ids_v1/eval_20260908_142803.json,/mnt/shared/zechuan/iraod_artifacts/comparison/rsar/gaussian_white_noise/seed_44/0f98a48/methods/E/ddp2/eval_full_gaussian_white_noise_student_ids_v1/predictions.pkl.image_ids.json,/mnt/SSD2_8TB/zechuan/IRAOD-New-rc331d213/configs/baseline/oriented_rcnn_orthonet_rsar.py,complete,0.24721461534500122,0.24721461534500122,[],8538,191735,/mnt/shared/zechuan/iraod_artifacts/comparison/rsar/gaussian_white_noise/seed_44/0f98a48/methods/E/ddp2/work/iter_266.pth,e489f015cc2b67926a415436c97532ff814f826c4861b659cbc712fb9413b98c,,/mnt/shared/zechuan/iraod_artifacts/comparison/rsar/gaussian_white_noise/seed_44/0f98a48/methods/E/ddp2/eval_full_gaussian_white_noise_student_ids_v1/eval_status,/mnt/shared/zechuan/iraod_artifacts/comparison/rsar/gaussian_white_noise/seed_44/0f98a48/methods/E/ddp2/eval_full_gaussian_white_noise_student_ids_v1/class_ap.txt,/mnt/shared/zechuan/iraod_artifacts/comparison/rsar/gaussian_white_noise/seed_44/0f98a48/methods/E/ddp2/eval_full_gaussian_white_noise_student_ids_v1/predictions.pkl,/mnt/shared/zechuan/iraod_artifacts/comparison/rsar/gaussian_white_noise/seed_44/0f98a48/methods/E/ddp2/eval_full_gaussian_white_noise_student_ids_v1/pred_count.txt,0f98a48b539f9260055fc305784ffbc924f50451,331d2131b84651f0a2930a3d53faeefad8701531,0f98a48b539f9260055fc305784ffbc924f50451,0f98a48b539f9260055fc305784ffbc924f50451,,recorded_adaptation_producer,,,
RSAR,gaussian_white_noise,F,42,student,/mnt/shared/zechuan/iraod_artifacts/comparison/rsar/gaussian_white_noise/seed_42/0f98a48/methods/F/ddp2/eval_full_gaussian_white_noise_student_ids_v1,/mnt/shared/zechuan/iraod_artifacts/comparison/rsar/gaussian_white_noise/seed_42/0f98a48/methods/F/ddp2/eval_full_gaussian_white_noise_student_ids_v1/eval_20260908_141325.json,/mnt/shared/zechuan/iraod_artifacts/comparison/rsar/gaussian_white_noise/seed_42/0f98a48/methods/F/ddp2/eval_full_gaussian_white_noise_student_ids_v1/predictions.pkl.image_ids.json,/mnt/SSD2_8TB/zechuan/IRAOD-New-rc331d213/configs/baseline/oriented_rcnn_orthonet_rsar.py,complete,0.24751268327236176,0.24751268327236176,[],8538,44952,/mnt/shared/zechuan/iraod_artifacts/comparison/rsar/gaussian_white_noise/seed_42/0f98a48/methods/F/ddp2/work/iter_266.pth,e489f015cc2b67926a415436c97532ff814f826c4861b659cbc712fb9413b98c,,/mnt/shared/zechuan/iraod_artifacts/comparison/rsar/gaussian_white_noise/seed_42/0f98a48/methods/F/ddp2/eval_full_gaussian_white_noise_student_ids_v1/eval_status,/mnt/shared/zechuan/iraod_artifacts/comparison/rsar/gaussian_white_noise/seed_42/0f98a48/methods/F/ddp2/eval_full_gaussian_white_noise_student_ids_v1/class_ap.txt,/mnt/shared/zechuan/iraod_artifacts/comparison/rsar/gaussian_white_noise/seed_42/0f98a48/methods/F/ddp2/eval_full_gaussian_white_noise_student_ids_v1/predictions.pkl,/mnt/shared/zechuan/iraod_artifacts/comparison/rsar/gaussian_white_noise/seed_42/0f98a48/methods/F/ddp2/eval_full_gaussian_white_noise_student_ids_v1/pred_count.txt,0f98a48b539f9260055fc305784ffbc924f50451,331d2131b84651f0a2930a3d53faeefad8701531,0f98a48b539f9260055fc305784ffbc924f50451,0f98a48b539f9260055fc305784ffbc924f50451,,recorded_adaptation_producer,,,
RSAR,gaussian_white_noise,F,43,student,/mnt/shared/zechuan/iraod_artifacts/comparison/rsar/gaussian_white_noise/seed_43/0f98a48/methods/F/ddp2/eval_full_gaussian_white_noise_student_ids_v1,/mnt/shared/zechuan/iraod_artifacts/comparison/rsar/gaussian_white_noise/seed_43/0f98a48/methods/F/ddp2/eval_full_gaussian_white_noise_student_ids_v1/eval_20260908_142300.json,/mnt/shared/zechuan/iraod_artifacts/comparison/rsar/gaussian_white_noise/seed_43/0f98a48/methods/F/ddp2/eval_full_gaussian_white_noise_student_ids_v1/predictions.pkl.image_ids.json,/mnt/SSD2_8TB/zechuan/IRAOD-New-rc331d213/configs/baseline/oriented_rcnn_orthonet_rsar.py,complete,0.28644895553588867,0.28644895553588867,[],8538,42954,/mnt/shared/zechuan/iraod_artifacts/comparison/rsar/gaussian_white_noise/seed_43/0f98a48/methods/F/ddp2/work/iter_266.pth,e489f015cc2b67926a415436c97532ff814f826c4861b659cbc712fb9413b98c,,/mnt/shared/zechuan/iraod_artifacts/comparison/rsar/gaussian_white_noise/seed_43/0f98a48/methods/F/ddp2/eval_full_gaussian_white_noise_student_ids_v1/eval_status,/mnt/shared/zechuan/iraod_artifacts/comparison/rsar/gaussian_white_noise/seed_43/0f98a48/methods/F/ddp2/eval_full_gaussian_white_noise_student_ids_v1/class_ap.txt,/mnt/shared/zechuan/iraod_artifacts/comparison/rsar/gaussian_white_noise/seed_43/0f98a48/methods/F/ddp2/eval_full_gaussian_white_noise_student_ids_v1/predictions.pkl,/mnt/shared/zechuan/iraod_artifacts/comparison/rsar/gaussian_white_noise/seed_43/0f98a48/methods/F/ddp2/eval_full_gaussian_white_noise_student_ids_v1/pred_count.txt,0f98a48b539f9260055fc305784ffbc924f50451,331d2131b84651f0a2930a3d53faeefad8701531,0f98a48b539f9260055fc305784ffbc924f50451,0f98a48b539f9260055fc305784ffbc924f50451,,recorded_adaptation_producer,,,
RSAR,gaussian_white_noise,F,44,student,/mnt/shared/zechuan/iraod_artifacts/comparison/rsar/gaussian_white_noise/seed_44/0f98a48/methods/F/ddp2/eval_full_gaussian_white_noise_student_ids_v1,/mnt/shared/zechuan/iraod_artifacts/comparison/rsar/gaussian_white_noise/seed_44/0f98a48/methods/F/ddp2/eval_full_gaussian_white_noise_student_ids_v1/eval_20260908_142804.json,/mnt/shared/zechuan/iraod_artifacts/comparison/rsar/gaussian_white_noise/seed_44/0f98a48/methods/F/ddp2/eval_full_gaussian_white_noise_student_ids_v1/predictions.pkl.image_ids.json,/mnt/SSD2_8TB/zechuan/IRAOD-New-rc331d213/configs/baseline/oriented_rcnn_orthonet_rsar.py,complete,0.26881149411201477,0.26881149411201477,[],8538,57881,/mnt/shared/zechuan/iraod_artifacts/comparison/rsar/gaussian_white_noise/seed_44/0f98a48/methods/F/ddp2/work/iter_266.pth,e489f015cc2b67926a415436c97532ff814f826c4861b659cbc712fb9413b98c,,/mnt/shared/zechuan/iraod_artifacts/comparison/rsar/gaussian_white_noise/seed_44/0f98a48/methods/F/ddp2/eval_full_gaussian_white_noise_student_ids_v1/eval_status,/mnt/shared/zechuan/iraod_artifacts/comparison/rsar/gaussian_white_noise/seed_44/0f98a48/methods/F/ddp2/eval_full_gaussian_white_noise_student_ids_v1/class_ap.txt,/mnt/shared/zechuan/iraod_artifacts/comparison/rsar/gaussian_white_noise/seed_44/0f98a48/methods/F/ddp2/eval_full_gaussian_white_noise_student_ids_v1/predictions.pkl,/mnt/shared/zechuan/iraod_artifacts/comparison/rsar/gaussian_white_noise/seed_44/0f98a48/methods/F/ddp2/eval_full_gaussian_white_noise_student_ids_v1/pred_count.txt,0f98a48b539f9260055fc305784ffbc924f50451,331d2131b84651f0a2930a3d53faeefad8701531,0f98a48b539f9260055fc305784ffbc924f50451,0f98a48b539f9260055fc305784ffbc924f50451,,recorded_adaptation_producer,,,
RSAR,point_target,A,42,source,/mnt/shared/zechuan/iraod_artifacts/comparison/rsar/point_target/seed_42/0f98a48/methods/A/eval_full_point_target_ids_v1,/mnt/shared/zechuan/iraod_artifacts/comparison/rsar/point_target/seed_42/0f98a48/methods/A/eval_full_point_target_ids_v1/eval_20260907_124656.json,/mnt/shared/zechuan/iraod_artifacts/comparison/rsar/point_target/seed_42/0f98a48/methods/A/eval_full_point_target_ids_v1/predictions.pkl.image_ids.json,/mnt/SSD2_8TB/zechuan/IRAOD-New-rc331d213/configs/baseline/oriented_rcnn_orthonet_rsar.py,complete,0.5158401131629944,0.5158401131629944,[],8538,106100,/mnt/shared/zechuan/iraod_artifacts/rsar_source/seed42-orthonet-ddp4-gpu4567-spg16-gbs64/train/epoch_100.pth,e489f015cc2b67926a415436c97532ff814f826c4861b659cbc712fb9413b98c,,/mnt/shared/zechuan/iraod_artifacts/comparison/rsar/point_target/seed_42/0f98a48/methods/A/eval_full_point_target_ids_v1/eval_status,/mnt/shared/zechuan/iraod_artifacts/comparison/rsar/point_target/seed_42/0f98a48/methods/A/eval_full_point_target_ids_v1/class_ap.txt,/mnt/shared/zechuan/iraod_artifacts/comparison/rsar/point_target/seed_42/0f98a48/methods/A/eval_full_point_target_ids_v1/predictions.pkl,/mnt/shared/zechuan/iraod_artifacts/comparison/rsar/point_target/seed_42/0f98a48/methods/A/eval_full_point_target_ids_v1/pred_count.txt,0f98a48b539f9260055fc305784ffbc924f50451,331d2131b84651f0a2930a3d53faeefad8701531,0f98a48b539f9260055fc305784ffbc924f50451,b474aaa5f7718746215ce13beceb071617bb823e,b474aaa5f7718746215ce13beceb071617bb823e,source_producer_corrected_in_report,"{""dataset"": ""RSAR"", ""domain"": ""point_target"", ""method"": ""A"", ""seed"": 42, ""role"": ""source"", ""field"": ""training_code_sha"", ""recorded"": ""0f98a48b539f9260055fc305784ffbc924f50451"", ""actual"": ""b474aaa5f7718746215ce13beceb071617bb823e"", ""source_checkpoint"": ""/mnt/shared/zechuan/iraod_artifacts/rsar_source/seed42-orthonet-ddp4-gpu4567-spg16-gbs64/train/epoch_100.pth"", ""source_weights_sha256"": ""e489f015cc2b67926a415436c97532ff814f826c4861b659cbc712fb9413b98c"", ""source_record"": ""/mnt/shared/zechuan/iraod_artifacts/rsar_source/seed42-orthonet-ddp4-gpu4567-spg16-gbs64/reproducibility/git_commit.txt"", ""source_record_snapshot"": ""/mnt/shared/zechuan/iraod_artifacts/comparison/final_delivery_20260908_4a6bc50/input/source_records/RSAR_producer_git_commit.txt"", ""sidecar"": ""/mnt/shared/zechuan/iraod_artifacts/comparison/rsar/point_target/seed_42/0f98a48/methods/A/eval_full_point_target_ids_v1/predictions.pkl.image_ids.json"", ""sidecar_modified"": false, ""scope"": ""producer metadata only; weights, predictions, IDs and mAP unchanged""}",0.5158401131629944,/mnt/shared/zechuan/iraod_artifacts/comparison/xaf_student_quant_20260908/integration_code_84a1aeb/results/paper_comparison/historical/seed42/raw_results.csv
RSAR,point_target,B,42,student,/mnt/shared/zechuan/iraod_artifacts/comparison/rsar/point_target/seed_42/0f98a48/methods/B/eval_full_point_target_student_ids_v1,/mnt/shared/zechuan/iraod_artifacts/comparison/rsar/point_target/seed_42/0f98a48/methods/B/eval_full_point_target_student_ids_v1/eval_20260908_124808.json,/mnt/shared/zechuan/iraod_artifacts/comparison/rsar/point_target/seed_42/0f98a48/methods/B/eval_full_point_target_student_ids_v1/predictions.pkl.image_ids.json,/mnt/SSD2_8TB/zechuan/IRAOD-New-rc331d213/configs/baseline/oriented_rcnn_orthonet_rsar.py,complete,0.2709980905056,0.2709980905056,[],8538,169029,/mnt/shared/zechuan/iraod_artifacts/comparison/rsar/point_target/seed_42/0f98a48/methods/B/work/iter_266.pth,e489f015cc2b67926a415436c97532ff814f826c4861b659cbc712fb9413b98c,,/mnt/shared/zechuan/iraod_artifacts/comparison/rsar/point_target/seed_42/0f98a48/methods/B/eval_full_point_target_student_ids_v1/eval_status,/mnt/shared/zechuan/iraod_artifacts/comparison/rsar/point_target/seed_42/0f98a48/methods/B/eval_full_point_target_student_ids_v1/class_ap.txt,/mnt/shared/zechuan/iraod_artifacts/comparison/rsar/point_target/seed_42/0f98a48/methods/B/eval_full_point_target_student_ids_v1/predictions.pkl,/mnt/shared/zechuan/iraod_artifacts/comparison/rsar/point_target/seed_42/0f98a48/methods/B/eval_full_point_target_student_ids_v1/pred_count.txt,0f98a48b539f9260055fc305784ffbc924f50451,331d2131b84651f0a2930a3d53faeefad8701531,0f98a48b539f9260055fc305784ffbc924f50451,0f98a48b539f9260055fc305784ffbc924f50451,,recorded_adaptation_producer,,,
RSAR,point_target,B,43,student,/mnt/shared/zechuan/iraod_artifacts/comparison/rsar/point_target/seed_43/0f98a48/methods/B/eval_full_point_target_student_ids_v1,/mnt/shared/zechuan/iraod_artifacts/comparison/rsar/point_target/seed_43/0f98a48/methods/B/eval_full_point_target_student_ids_v1/eval_20260908_125936.json,/mnt/shared/zechuan/iraod_artifacts/comparison/rsar/point_target/seed_43/0f98a48/methods/B/eval_full_point_target_student_ids_v1/predictions.pkl.image_ids.json,/mnt/SSD2_8TB/zechuan/IRAOD-New-rc331d213/configs/baseline/oriented_rcnn_orthonet_rsar.py,complete,0.27841219305992126,0.27841219305992126,[],8538,164810,/mnt/shared/zechuan/iraod_artifacts/comparison/rsar/point_target/seed_43/0f98a48/methods/B/work/iter_266.pth,e489f015cc2b67926a415436c97532ff814f826c4861b659cbc712fb9413b98c,,/mnt/shared/zechuan/iraod_artifacts/comparison/rsar/point_target/seed_43/0f98a48/methods/B/eval_full_point_target_student_ids_v1/eval_status,/mnt/shared/zechuan/iraod_artifacts/comparison/rsar/point_target/seed_43/0f98a48/methods/B/eval_full_point_target_student_ids_v1/class_ap.txt,/mnt/shared/zechuan/iraod_artifacts/comparison/rsar/point_target/seed_43/0f98a48/methods/B/eval_full_point_target_student_ids_v1/predictions.pkl,/mnt/shared/zechuan/iraod_artifacts/comparison/rsar/point_target/seed_43/0f98a48/methods/B/eval_full_point_target_student_ids_v1/pred_count.txt,0f98a48b539f9260055fc305784ffbc924f50451,331d2131b84651f0a2930a3d53faeefad8701531,0f98a48b539f9260055fc305784ffbc924f50451,0f98a48b539f9260055fc305784ffbc924f50451,,recorded_adaptation_producer,,,
RSAR,point_target,B,44,student,/mnt/shared/zechuan/iraod_artifacts/comparison/rsar/point_target/seed_44/0f98a48/methods/B/eval_full_point_target_student_ids_v1,/mnt/shared/zechuan/iraod_artifacts/comparison/rsar/point_target/seed_44/0f98a48/methods/B/eval_full_point_target_student_ids_v1/eval_20260908_131314.json,/mnt/shared/zechuan/iraod_artifacts/comparison/rsar/point_target/seed_44/0f98a48/methods/B/eval_full_point_target_student_ids_v1/predictions.pkl.image_ids.json,/mnt/SSD2_8TB/zechuan/IRAOD-New-rc331d213/configs/baseline/oriented_rcnn_orthonet_rsar.py,complete,0.27050450444221497,0.27050450444221497,[],8538,291799,/mnt/shared/zechuan/iraod_artifacts/comparison/rsar/point_target/seed_44/0f98a48/methods/B/work/iter_266.pth,e489f015cc2b67926a415436c97532ff814f826c4861b659cbc712fb9413b98c,,/mnt/shared/zechuan/iraod_artifacts/comparison/rsar/point_target/seed_44/0f98a48/methods/B/eval_full_point_target_student_ids_v1/eval_status,/mnt/shared/zechuan/iraod_artifacts/comparison/rsar/point_target/seed_44/0f98a48/methods/B/eval_full_point_target_student_ids_v1/class_ap.txt,/mnt/shared/zechuan/iraod_artifacts/comparison/rsar/point_target/seed_44/0f98a48/methods/B/eval_full_point_target_student_ids_v1/predictions.pkl,/mnt/shared/zechuan/iraod_artifacts/comparison/rsar/point_target/seed_44/0f98a48/methods/B/eval_full_point_target_student_ids_v1/pred_count.txt,0f98a48b539f9260055fc305784ffbc924f50451,331d2131b84651f0a2930a3d53faeefad8701531,0f98a48b539f9260055fc305784ffbc924f50451,0f98a48b539f9260055fc305784ffbc924f50451,,recorded_adaptation_producer,,,
RSAR,point_target,C,42,student,/mnt/shared/zechuan/iraod_artifacts/comparison/rsar/point_target/seed_42/0f98a48/methods/C/eval_full_point_target_student_ids_v1,/mnt/shared/zechuan/iraod_artifacts/comparison/rsar/point_target/seed_42/0f98a48/methods/C/eval_full_point_target_student_ids_v1/eval_20260908_124952.json,/mnt/shared/zechuan/iraod_artifacts/comparison/rsar/point_target/seed_42/0f98a48/methods/C/eval_full_point_target_student_ids_v1/predictions.pkl.image_ids.json,/mnt/SSD2_8TB/zechuan/IRAOD-New-rc331d213/configs/baseline/oriented_rcnn_orthonet_rsar.py,complete,0.3081357181072235,0.3081357181072235,[],8538,464319,/mnt/shared/zechuan/iraod_artifacts/comparison/rsar/point_target/seed_42/0f98a48/methods/C/work/iter_266.pth,e489f015cc2b67926a415436c97532ff814f826c4861b659cbc712fb9413b98c,,/mnt/shared/zechuan/iraod_artifacts/comparison/rsar/point_target/seed_42/0f98a48/methods/C/eval_full_point_target_student_ids_v1/eval_status,/mnt/shared/zechuan/iraod_artifacts/comparison/rsar/point_target/seed_42/0f98a48/methods/C/eval_full_point_target_student_ids_v1/class_ap.txt,/mnt/shared/zechuan/iraod_artifacts/comparison/rsar/point_target/seed_42/0f98a48/methods/C/eval_full_point_target_student_ids_v1/predictions.pkl,/mnt/shared/zechuan/iraod_artifacts/comparison/rsar/point_target/seed_42/0f98a48/methods/C/eval_full_point_target_student_ids_v1/pred_count.txt,0f98a48b539f9260055fc305784ffbc924f50451,331d2131b84651f0a2930a3d53faeefad8701531,0f98a48b539f9260055fc305784ffbc924f50451,0f98a48b539f9260055fc305784ffbc924f50451,,recorded_adaptation_producer,,,
RSAR,point_target,C,43,student,/mnt/shared/zechuan/iraod_artifacts/comparison/rsar/point_target/seed_43/0f98a48/methods/C/eval_full_point_target_student_ids_v1,/mnt/shared/zechuan/iraod_artifacts/comparison/rsar/point_target/seed_43/0f98a48/methods/C/eval_full_point_target_student_ids_v1/eval_20260908_130313.json,/mnt/shared/zechuan/iraod_artifacts/comparison/rsar/point_target/seed_43/0f98a48/methods/C/eval_full_point_target_student_ids_v1/predictions.pkl.image_ids.json,/mnt/SSD2_8TB/zechuan/IRAOD-New-rc331d213/configs/baseline/oriented_rcnn_orthonet_rsar.py,complete,0.31895217299461365,0.31895217299461365,[],8538,87660,/mnt/shared/zechuan/iraod_artifacts/comparison/rsar/point_target/seed_43/0f98a48/methods/C/work/iter_266.pth,e489f015cc2b67926a415436c97532ff814f826c4861b659cbc712fb9413b98c,,/mnt/shared/zechuan/iraod_artifacts/comparison/rsar/point_target/seed_43/0f98a48/methods/C/eval_full_point_target_student_ids_v1/eval_status,/mnt/shared/zechuan/iraod_artifacts/comparison/rsar/point_target/seed_43/0f98a48/methods/C/eval_full_point_target_student_ids_v1/class_ap.txt,/mnt/shared/zechuan/iraod_artifacts/comparison/rsar/point_target/seed_43/0f98a48/methods/C/eval_full_point_target_student_ids_v1/predictions.pkl,/mnt/shared/zechuan/iraod_artifacts/comparison/rsar/point_target/seed_43/0f98a48/methods/C/eval_full_point_target_student_ids_v1/pred_count.txt,0f98a48b539f9260055fc305784ffbc924f50451,331d2131b84651f0a2930a3d53faeefad8701531,0f98a48b539f9260055fc305784ffbc924f50451,0f98a48b539f9260055fc305784ffbc924f50451,,recorded_adaptation_producer,,,
RSAR,point_target,C,44,student,/mnt/shared/zechuan/iraod_artifacts/comparison/rsar/point_target/seed_44/0f98a48/methods/C/eval_full_point_target_student_ids_v1,/mnt/shared/zechuan/iraod_artifacts/comparison/rsar/point_target/seed_44/0f98a48/methods/C/eval_full_point_target_student_ids_v1/eval_20260908_131353.json,/mnt/shared/zechuan/iraod_artifacts/comparison/rsar/point_target/seed_44/0f98a48/methods/C/eval_full_point_target_student_ids_v1/predictions.pkl.image_ids.json,/mnt/SSD2_8TB/zechuan/IRAOD-New-rc331d213/configs/baseline/oriented_rcnn_orthonet_rsar.py,complete,0.33199551701545715,0.33199551701545715,[],8538,122089,/mnt/shared/zechuan/iraod_artifacts/comparison/rsar/point_target/seed_44/0f98a48/methods/C/work/iter_266.pth,e489f015cc2b67926a415436c97532ff814f826c4861b659cbc712fb9413b98c,,/mnt/shared/zechuan/iraod_artifacts/comparison/rsar/point_target/seed_44/0f98a48/methods/C/eval_full_point_target_student_ids_v1/eval_status,/mnt/shared/zechuan/iraod_artifacts/comparison/rsar/point_target/seed_44/0f98a48/methods/C/eval_full_point_target_student_ids_v1/class_ap.txt,/mnt/shared/zechuan/iraod_artifacts/comparison/rsar/point_target/seed_44/0f98a48/methods/C/eval_full_point_target_student_ids_v1/predictions.pkl,/mnt/shared/zechuan/iraod_artifacts/comparison/rsar/point_target/seed_44/0f98a48/methods/C/eval_full_point_target_student_ids_v1/pred_count.txt,0f98a48b539f9260055fc305784ffbc924f50451,331d2131b84651f0a2930a3d53faeefad8701531,0f98a48b539f9260055fc305784ffbc924f50451,0f98a48b539f9260055fc305784ffbc924f50451,,recorded_adaptation_producer,,,
RSAR,point_target,D,42,student,/mnt/shared/zechuan/iraod_artifacts/comparison/rsar/point_target/seed_42/0f98a48/methods/D/eval_full_point_target_student_ids_v1,/mnt/shared/zechuan/iraod_artifacts/comparison/rsar/point_target/seed_42/0f98a48/methods/D/eval_full_point_target_student_ids_v1/eval_20260908_125309.json,/mnt/shared/zechuan/iraod_artifacts/comparison/rsar/point_target/seed_42/0f98a48/methods/D/eval_full_point_target_student_ids_v1/predictions.pkl.image_ids.json,/mnt/SSD2_8TB/zechuan/IRAOD-New-rc331d213/configs/baseline/oriented_rcnn_orthonet_rsar.py,complete,0.2748311161994934,0.2748311161994934,[],8538,22318,/mnt/shared/zechuan/iraod_artifacts/comparison/rsar/point_target/seed_42/0f98a48/methods/D/work/iter_266.pth,e489f015cc2b67926a415436c97532ff814f826c4861b659cbc712fb9413b98c,,/mnt/shared/zechuan/iraod_artifacts/comparison/rsar/point_target/seed_42/0f98a48/methods/D/eval_full_point_target_student_ids_v1/eval_status,/mnt/shared/zechuan/iraod_artifacts/comparison/rsar/point_target/seed_42/0f98a48/methods/D/eval_full_point_target_student_ids_v1/class_ap.txt,/mnt/shared/zechuan/iraod_artifacts/comparison/rsar/point_target/seed_42/0f98a48/methods/D/eval_full_point_target_student_ids_v1/predictions.pkl,/mnt/shared/zechuan/iraod_artifacts/comparison/rsar/point_target/seed_42/0f98a48/methods/D/eval_full_point_target_student_ids_v1/pred_count.txt,0f98a48b539f9260055fc305784ffbc924f50451,331d2131b84651f0a2930a3d53faeefad8701531,0f98a48b539f9260055fc305784ffbc924f50451,0f98a48b539f9260055fc305784ffbc924f50451,,recorded_adaptation_producer,,,
RSAR,point_target,D,43,student,/mnt/shared/zechuan/iraod_artifacts/comparison/rsar/point_target/seed_43/0f98a48/methods/D/eval_full_point_target_student_ids_v1,/mnt/shared/zechuan/iraod_artifacts/comparison/rsar/point_target/seed_43/0f98a48/methods/D/eval_full_point_target_student_ids_v1/eval_20260908_130427.json,/mnt/shared/zechuan/iraod_artifacts/comparison/rsar/point_target/seed_43/0f98a48/methods/D/eval_full_point_target_student_ids_v1/predictions.pkl.image_ids.json,/mnt/SSD2_8TB/zechuan/IRAOD-New-rc331d213/configs/baseline/oriented_rcnn_orthonet_rsar.py,complete,0.30788615345954895,0.30788615345954895,[],8538,22644,/mnt/shared/zechuan/iraod_artifacts/comparison/rsar/point_target/seed_43/0f98a48/methods/D/work/iter_266.pth,e489f015cc2b67926a415436c97532ff814f826c4861b659cbc712fb9413b98c,,/mnt/shared/zechuan/iraod_artifacts/comparison/rsar/point_target/seed_43/0f98a48/methods/D/eval_full_point_target_student_ids_v1/eval_status,/mnt/shared/zechuan/iraod_artifacts/comparison/rsar/point_target/seed_43/0f98a48/methods/D/eval_full_point_target_student_ids_v1/class_ap.txt,/mnt/shared/zechuan/iraod_artifacts/comparison/rsar/point_target/seed_43/0f98a48/methods/D/eval_full_point_target_student_ids_v1/predictions.pkl,/mnt/shared/zechuan/iraod_artifacts/comparison/rsar/point_target/seed_43/0f98a48/methods/D/eval_full_point_target_student_ids_v1/pred_count.txt,0f98a48b539f9260055fc305784ffbc924f50451,331d2131b84651f0a2930a3d53faeefad8701531,0f98a48b539f9260055fc305784ffbc924f50451,0f98a48b539f9260055fc305784ffbc924f50451,,recorded_adaptation_producer,,,
RSAR,point_target,D,44,student,/mnt/shared/zechuan/iraod_artifacts/comparison/rsar/point_target/seed_44/0f98a48/methods/D/eval_full_point_target_student_ids_v1,/mnt/shared/zechuan/iraod_artifacts/comparison/rsar/point_target/seed_44/0f98a48/methods/D/eval_full_point_target_student_ids_v1/eval_20260908_131821.json,/mnt/shared/zechuan/iraod_artifacts/comparison/rsar/point_target/seed_44/0f98a48/methods/D/eval_full_point_target_student_ids_v1/predictions.pkl.image_ids.json,/mnt/SSD2_8TB/zechuan/IRAOD-New-rc331d213/configs/baseline/oriented_rcnn_orthonet_rsar.py,complete,0.3511497676372528,0.3511497676372528,[],8538,32038,/mnt/shared/zechuan/iraod_artifacts/comparison/rsar/point_target/seed_44/0f98a48/methods/D/work/iter_266.pth,e489f015cc2b67926a415436c97532ff814f826c4861b659cbc712fb9413b98c,,/mnt/shared/zechuan/iraod_artifacts/comparison/rsar/point_target/seed_44/0f98a48/methods/D/eval_full_point_target_student_ids_v1/eval_status,/mnt/shared/zechuan/iraod_artifacts/comparison/rsar/point_target/seed_44/0f98a48/methods/D/eval_full_point_target_student_ids_v1/class_ap.txt,/mnt/shared/zechuan/iraod_artifacts/comparison/rsar/point_target/seed_44/0f98a48/methods/D/eval_full_point_target_student_ids_v1/predictions.pkl,/mnt/shared/zechuan/iraod_artifacts/comparison/rsar/point_target/seed_44/0f98a48/methods/D/eval_full_point_target_student_ids_v1/pred_count.txt,0f98a48b539f9260055fc305784ffbc924f50451,331d2131b84651f0a2930a3d53faeefad8701531,0f98a48b539f9260055fc305784ffbc924f50451,0f98a48b539f9260055fc305784ffbc924f50451,,recorded_adaptation_producer,,,
RSAR,point_target,E,42,student,/mnt/shared/zechuan/iraod_artifacts/comparison/rsar/point_target/seed_42/0f98a48/methods/E/ddp2/eval_full_point_target_student_ids_v1,/mnt/shared/zechuan/iraod_artifacts/comparison/rsar/point_target/seed_42/0f98a48/methods/E/ddp2/eval_full_point_target_student_ids_v1/eval_20260908_125446.json,/mnt/shared/zechuan/iraod_artifacts/comparison/rsar/point_target/seed_42/0f98a48/methods/E/ddp2/eval_full_point_target_student_ids_v1/predictions.pkl.image_ids.json,/mnt/SSD2_8TB/zechuan/IRAOD-New-rc331d213/configs/baseline/oriented_rcnn_orthonet_rsar.py,complete,0.2591160833835602,0.2591160833835602,[],8538,261082,/mnt/shared/zechuan/iraod_artifacts/comparison/rsar/point_target/seed_42/0f98a48/methods/E/ddp2/work/iter_266.pth,e489f015cc2b67926a415436c97532ff814f826c4861b659cbc712fb9413b98c,,/mnt/shared/zechuan/iraod_artifacts/comparison/rsar/point_target/seed_42/0f98a48/methods/E/ddp2/eval_full_point_target_student_ids_v1/eval_status,/mnt/shared/zechuan/iraod_artifacts/comparison/rsar/point_target/seed_42/0f98a48/methods/E/ddp2/eval_full_point_target_student_ids_v1/class_ap.txt,/mnt/shared/zechuan/iraod_artifacts/comparison/rsar/point_target/seed_42/0f98a48/methods/E/ddp2/eval_full_point_target_student_ids_v1/predictions.pkl,/mnt/shared/zechuan/iraod_artifacts/comparison/rsar/point_target/seed_42/0f98a48/methods/E/ddp2/eval_full_point_target_student_ids_v1/pred_count.txt,0f98a48b539f9260055fc305784ffbc924f50451,331d2131b84651f0a2930a3d53faeefad8701531,0f98a48b539f9260055fc305784ffbc924f50451,0f98a48b539f9260055fc305784ffbc924f50451,,recorded_adaptation_producer,,,
RSAR,point_target,E,43,student,/mnt/shared/zechuan/iraod_artifacts/comparison/rsar/point_target/seed_43/0f98a48/methods/E/ddp2/eval_full_point_target_student_ids_v1,/mnt/shared/zechuan/iraod_artifacts/comparison/rsar/point_target/seed_43/0f98a48/methods/E/ddp2/eval_full_point_target_student_ids_v1/eval_20260908_130813.json,/mnt/shared/zechuan/iraod_artifacts/comparison/rsar/point_target/seed_43/0f98a48/methods/E/ddp2/eval_full_point_target_student_ids_v1/predictions.pkl.image_ids.json,/mnt/SSD2_8TB/zechuan/IRAOD-New-rc331d213/configs/baseline/oriented_rcnn_orthonet_rsar.py,complete,0.215757355093956,0.215757355093956,[],8538,179750,/mnt/shared/zechuan/iraod_artifacts/comparison/rsar/point_target/seed_43/0f98a48/methods/E/ddp2/work/iter_266.pth,e489f015cc2b67926a415436c97532ff814f826c4861b659cbc712fb9413b98c,,/mnt/shared/zechuan/iraod_artifacts/comparison/rsar/point_target/seed_43/0f98a48/methods/E/ddp2/eval_full_point_target_student_ids_v1/eval_status,/mnt/shared/zechuan/iraod_artifacts/comparison/rsar/point_target/seed_43/0f98a48/methods/E/ddp2/eval_full_point_target_student_ids_v1/class_ap.txt,/mnt/shared/zechuan/iraod_artifacts/comparison/rsar/point_target/seed_43/0f98a48/methods/E/ddp2/eval_full_point_target_student_ids_v1/predictions.pkl,/mnt/shared/zechuan/iraod_artifacts/comparison/rsar/point_target/seed_43/0f98a48/methods/E/ddp2/eval_full_point_target_student_ids_v1/pred_count.txt,0f98a48b539f9260055fc305784ffbc924f50451,331d2131b84651f0a2930a3d53faeefad8701531,0f98a48b539f9260055fc305784ffbc924f50451,0f98a48b539f9260055fc305784ffbc924f50451,,recorded_adaptation_producer,,,
RSAR,point_target,E,44,student,/mnt/shared/zechuan/iraod_artifacts/comparison/rsar/point_target/seed_44/0f98a48/methods/E/ddp2/eval_full_point_target_student_ids_v1,/mnt/shared/zechuan/iraod_artifacts/comparison/rsar/point_target/seed_44/0f98a48/methods/E/ddp2/eval_full_point_target_student_ids_v1/eval_20260908_131852.json,/mnt/shared/zechuan/iraod_artifacts/comparison/rsar/point_target/seed_44/0f98a48/methods/E/ddp2/eval_full_point_target_student_ids_v1/predictions.pkl.image_ids.json,/mnt/SSD2_8TB/zechuan/IRAOD-New-rc331d213/configs/baseline/oriented_rcnn_orthonet_rsar.py,complete,0.27226629853248596,0.27226629853248596,[],8538,198503,/mnt/shared/zechuan/iraod_artifacts/comparison/rsar/point_target/seed_44/0f98a48/methods/E/ddp2/work/iter_266.pth,e489f015cc2b67926a415436c97532ff814f826c4861b659cbc712fb9413b98c,,/mnt/shared/zechuan/iraod_artifacts/comparison/rsar/point_target/seed_44/0f98a48/methods/E/ddp2/eval_full_point_target_student_ids_v1/eval_status,/mnt/shared/zechuan/iraod_artifacts/comparison/rsar/point_target/seed_44/0f98a48/methods/E/ddp2/eval_full_point_target_student_ids_v1/class_ap.txt,/mnt/shared/zechuan/iraod_artifacts/comparison/rsar/point_target/seed_44/0f98a48/methods/E/ddp2/eval_full_point_target_student_ids_v1/predictions.pkl,/mnt/shared/zechuan/iraod_artifacts/comparison/rsar/point_target/seed_44/0f98a48/methods/E/ddp2/eval_full_point_target_student_ids_v1/pred_count.txt,0f98a48b539f9260055fc305784ffbc924f50451,331d2131b84651f0a2930a3d53faeefad8701531,0f98a48b539f9260055fc305784ffbc924f50451,0f98a48b539f9260055fc305784ffbc924f50451,,recorded_adaptation_producer,,,
RSAR,point_target,F,42,student,/mnt/shared/zechuan/iraod_artifacts/comparison/rsar/point_target/seed_42/0f98a48/methods/F/ddp2/eval_full_point_target_student_ids_v1,/mnt/shared/zechuan/iraod_artifacts/comparison/rsar/point_target/seed_42/0f98a48/methods/F/ddp2/eval_full_point_target_student_ids_v1/eval_20260908_125806.json,/mnt/shared/zechuan/iraod_artifacts/comparison/rsar/point_target/seed_42/0f98a48/methods/F/ddp2/eval_full_point_target_student_ids_v1/predictions.pkl.image_ids.json,/mnt/SSD2_8TB/zechuan/IRAOD-New-rc331d213/configs/baseline/oriented_rcnn_orthonet_rsar.py,complete,0.26311439275741577,0.26311439275741577,[],8538,56145,/mnt/shared/zechuan/iraod_artifacts/comparison/rsar/point_target/seed_42/0f98a48/methods/F/ddp2/work/iter_266.pth,e489f015cc2b67926a415436c97532ff814f826c4861b659cbc712fb9413b98c,,/mnt/shared/zechuan/iraod_artifacts/comparison/rsar/point_target/seed_42/0f98a48/methods/F/ddp2/eval_full_point_target_student_ids_v1/eval_status,/mnt/shared/zechuan/iraod_artifacts/comparison/rsar/point_target/seed_42/0f98a48/methods/F/ddp2/eval_full_point_target_student_ids_v1/class_ap.txt,/mnt/shared/zechuan/iraod_artifacts/comparison/rsar/point_target/seed_42/0f98a48/methods/F/ddp2/eval_full_point_target_student_ids_v1/predictions.pkl,/mnt/shared/zechuan/iraod_artifacts/comparison/rsar/point_target/seed_42/0f98a48/methods/F/ddp2/eval_full_point_target_student_ids_v1/pred_count.txt,0f98a48b539f9260055fc305784ffbc924f50451,331d2131b84651f0a2930a3d53faeefad8701531,0f98a48b539f9260055fc305784ffbc924f50451,0f98a48b539f9260055fc305784ffbc924f50451,,recorded_adaptation_producer,,,
RSAR,point_target,F,43,student,/mnt/shared/zechuan/iraod_artifacts/comparison/rsar/point_target/seed_43/0f98a48/methods/F/ddp2/eval_full_point_target_student_ids_v1,/mnt/shared/zechuan/iraod_artifacts/comparison/rsar/point_target/seed_43/0f98a48/methods/F/ddp2/eval_full_point_target_student_ids_v1/eval_20260908_130910.json,/mnt/shared/zechuan/iraod_artifacts/comparison/rsar/point_target/seed_43/0f98a48/methods/F/ddp2/eval_full_point_target_student_ids_v1/predictions.pkl.image_ids.json,/mnt/SSD2_8TB/zechuan/IRAOD-New-rc331d213/configs/baseline/oriented_rcnn_orthonet_rsar.py,complete,0.27486833930015564,0.27486833930015564,[],8538,29024,/mnt/shared/zechuan/iraod_artifacts/comparison/rsar/point_target/seed_43/0f98a48/methods/F/ddp2/work/iter_266.pth,e489f015cc2b67926a415436c97532ff814f826c4861b659cbc712fb9413b98c,,/mnt/shared/zechuan/iraod_artifacts/comparison/rsar/point_target/seed_43/0f98a48/methods/F/ddp2/eval_full_point_target_student_ids_v1/eval_status,/mnt/shared/zechuan/iraod_artifacts/comparison/rsar/point_target/seed_43/0f98a48/methods/F/ddp2/eval_full_point_target_student_ids_v1/class_ap.txt,/mnt/shared/zechuan/iraod_artifacts/comparison/rsar/point_target/seed_43/0f98a48/methods/F/ddp2/eval_full_point_target_student_ids_v1/predictions.pkl,/mnt/shared/zechuan/iraod_artifacts/comparison/rsar/point_target/seed_43/0f98a48/methods/F/ddp2/eval_full_point_target_student_ids_v1/pred_count.txt,0f98a48b539f9260055fc305784ffbc924f50451,331d2131b84651f0a2930a3d53faeefad8701531,0f98a48b539f9260055fc305784ffbc924f50451,0f98a48b539f9260055fc305784ffbc924f50451,,recorded_adaptation_producer,,,
RSAR,point_target,F,44,student,/mnt/shared/zechuan/iraod_artifacts/comparison/rsar/point_target/seed_44/0f98a48/methods/F/ddp2/eval_full_point_target_student_ids_v1,/mnt/shared/zechuan/iraod_artifacts/comparison/rsar/point_target/seed_44/0f98a48/methods/F/ddp2/eval_full_point_target_student_ids_v1/eval_20260908_132308.json,/mnt/shared/zechuan/iraod_artifacts/comparison/rsar/point_target/seed_44/0f98a48/methods/F/ddp2/eval_full_point_target_student_ids_v1/predictions.pkl.image_ids.json,/mnt/SSD2_8TB/zechuan/IRAOD-New-rc331d213/configs/baseline/oriented_rcnn_orthonet_rsar.py,complete,0.28217947483062744,0.28217947483062744,[],8538,64411,/mnt/shared/zechuan/iraod_artifacts/comparison/rsar/point_target/seed_44/0f98a48/methods/F/ddp2/work/iter_266.pth,e489f015cc2b67926a415436c97532ff814f826c4861b659cbc712fb9413b98c,,/mnt/shared/zechuan/iraod_artifacts/comparison/rsar/point_target/seed_44/0f98a48/methods/F/ddp2/eval_full_point_target_student_ids_v1/eval_status,/mnt/shared/zechuan/iraod_artifacts/comparison/rsar/point_target/seed_44/0f98a48/methods/F/ddp2/eval_full_point_target_student_ids_v1/class_ap.txt,/mnt/shared/zechuan/iraod_artifacts/comparison/rsar/point_target/seed_44/0f98a48/methods/F/ddp2/eval_full_point_target_student_ids_v1/predictions.pkl,/mnt/shared/zechuan/iraod_artifacts/comparison/rsar/point_target/seed_44/0f98a48/methods/F/ddp2/eval_full_point_target_student_ids_v1/pred_count.txt,0f98a48b539f9260055fc305784ffbc924f50451,331d2131b84651f0a2930a3d53faeefad8701531,0f98a48b539f9260055fc305784ffbc924f50451,0f98a48b539f9260055fc305784ffbc924f50451,,recorded_adaptation_producer,,,
RSAR,noise_suppression,A,42,source,/mnt/shared/zechuan/iraod_artifacts/comparison/rsar/noise_suppression/seed_42/0f98a48/methods/A/eval_full_noise_suppression_ids_v1,/mnt/shared/zechuan/iraod_artifacts/comparison/rsar/noise_suppression/seed_42/0f98a48/methods/A/eval_full_noise_suppression_ids_v1/eval_20260907_142227.json,/mnt/shared/zechuan/iraod_artifacts/comparison/rsar/noise_suppression/seed_42/0f98a48/methods/A/eval_full_noise_suppression_ids_v1/predictions.pkl.image_ids.json,/mnt/SSD2_8TB/zechuan/IRAOD-New-rc331d213/configs/baseline/oriented_rcnn_orthonet_rsar.py,complete,0.16340675950050354,0.16340675950050354,[],8538,54520,/mnt/shared/zechuan/iraod_artifacts/rsar_source/seed42-orthonet-ddp4-gpu4567-spg16-gbs64/train/epoch_100.pth,e489f015cc2b67926a415436c97532ff814f826c4861b659cbc712fb9413b98c,,/mnt/shared/zechuan/iraod_artifacts/comparison/rsar/noise_suppression/seed_42/0f98a48/methods/A/eval_full_noise_suppression_ids_v1/eval_status,/mnt/shared/zechuan/iraod_artifacts/comparison/rsar/noise_suppression/seed_42/0f98a48/methods/A/eval_full_noise_suppression_ids_v1/class_ap.txt,/mnt/shared/zechuan/iraod_artifacts/comparison/rsar/noise_suppression/seed_42/0f98a48/methods/A/eval_full_noise_suppression_ids_v1/predictions.pkl,/mnt/shared/zechuan/iraod_artifacts/comparison/rsar/noise_suppression/seed_42/0f98a48/methods/A/eval_full_noise_suppression_ids_v1/pred_count.txt,0f98a48b539f9260055fc305784ffbc924f50451,331d2131b84651f0a2930a3d53faeefad8701531,0f98a48b539f9260055fc305784ffbc924f50451,b474aaa5f7718746215ce13beceb071617bb823e,b474aaa5f7718746215ce13beceb071617bb823e,source_producer_corrected_in_report,"{""dataset"": ""RSAR"", ""domain"": ""noise_suppression"", ""method"": ""A"", ""seed"": 42, ""role"": ""source"", ""field"": ""training_code_sha"", ""recorded"": ""0f98a48b539f9260055fc305784ffbc924f50451"", ""actual"": ""b474aaa5f7718746215ce13beceb071617bb823e"", ""source_checkpoint"": ""/mnt/shared/zechuan/iraod_artifacts/rsar_source/seed42-orthonet-ddp4-gpu4567-spg16-gbs64/train/epoch_100.pth"", ""source_weights_sha256"": ""e489f015cc2b67926a415436c97532ff814f826c4861b659cbc712fb9413b98c"", ""source_record"": ""/mnt/shared/zechuan/iraod_artifacts/rsar_source/seed42-orthonet-ddp4-gpu4567-spg16-gbs64/reproducibility/git_commit.txt"", ""source_record_snapshot"": ""/mnt/shared/zechuan/iraod_artifacts/comparison/final_delivery_20260908_4a6bc50/input/source_records/RSAR_producer_git_commit.txt"", ""sidecar"": ""/mnt/shared/zechuan/iraod_artifacts/comparison/rsar/noise_suppression/seed_42/0f98a48/methods/A/eval_full_noise_suppression_ids_v1/predictions.pkl.image_ids.json"", ""sidecar_modified"": false, ""scope"": ""producer metadata only; weights, predictions, IDs and mAP unchanged""}",0.16340675950050354,/mnt/shared/zechuan/iraod_artifacts/comparison/xaf_student_quant_20260908/integration_code_84a1aeb/results/paper_comparison/historical/seed42/raw_results.csv
RSAR,noise_suppression,B,42,student,/mnt/shared/zechuan/iraod_artifacts/comparison/rsar/noise_suppression/seed_42/0f98a48/methods/B/eval_full_noise_suppression_student_ids_v1,/mnt/shared/zechuan/iraod_artifacts/comparison/rsar/noise_suppression/seed_42/0f98a48/methods/B/eval_full_noise_suppression_student_ids_v1/eval_20260908_132352.json,/mnt/shared/zechuan/iraod_artifacts/comparison/rsar/noise_suppression/seed_42/0f98a48/methods/B/eval_full_noise_suppression_student_ids_v1/predictions.pkl.image_ids.json,/mnt/SSD2_8TB/zechuan/IRAOD-New-rc331d213/configs/baseline/oriented_rcnn_orthonet_rsar.py,complete,0.14917711913585663,0.14917711913585663,[],8538,72042,/mnt/shared/zechuan/iraod_artifacts/comparison/rsar/noise_suppression/seed_42/0f98a48/methods/B/work/iter_266.pth,e489f015cc2b67926a415436c97532ff814f826c4861b659cbc712fb9413b98c,,/mnt/shared/zechuan/iraod_artifacts/comparison/rsar/noise_suppression/seed_42/0f98a48/methods/B/eval_full_noise_suppression_student_ids_v1/eval_status,/mnt/shared/zechuan/iraod_artifacts/comparison/rsar/noise_suppression/seed_42/0f98a48/methods/B/eval_full_noise_suppression_student_ids_v1/class_ap.txt,/mnt/shared/zechuan/iraod_artifacts/comparison/rsar/noise_suppression/seed_42/0f98a48/methods/B/eval_full_noise_suppression_student_ids_v1/predictions.pkl,/mnt/shared/zechuan/iraod_artifacts/comparison/rsar/noise_suppression/seed_42/0f98a48/methods/B/eval_full_noise_suppression_student_ids_v1/pred_count.txt,0f98a48b539f9260055fc305784ffbc924f50451,331d2131b84651f0a2930a3d53faeefad8701531,0f98a48b539f9260055fc305784ffbc924f50451,0f98a48b539f9260055fc305784ffbc924f50451,,recorded_adaptation_producer,,,
RSAR,noise_suppression,B,43,student,/mnt/shared/zechuan/iraod_artifacts/comparison/rsar/noise_suppression/seed_43/0f98a48/methods/B/eval_full_noise_suppression_student_ids_v1,/mnt/shared/zechuan/iraod_artifacts/comparison/rsar/noise_suppression/seed_43/0f98a48/methods/B/eval_full_noise_suppression_student_ids_v1/eval_20260908_133806.json,/mnt/shared/zechuan/iraod_artifacts/comparison/rsar/noise_suppression/seed_43/0f98a48/methods/B/eval_full_noise_suppression_student_ids_v1/predictions.pkl.image_ids.json,/mnt/SSD2_8TB/zechuan/IRAOD-New-rc331d213/configs/baseline/oriented_rcnn_orthonet_rsar.py,complete,0.14946721494197845,0.14946721494197845,[],8538,56867,/mnt/shared/zechuan/iraod_artifacts/comparison/rsar/noise_suppression/seed_43/0f98a48/methods/B/work/iter_266.pth,e489f015cc2b67926a415436c97532ff814f826c4861b659cbc712fb9413b98c,,/mnt/shared/zechuan/iraod_artifacts/comparison/rsar/noise_suppression/seed_43/0f98a48/methods/B/eval_full_noise_suppression_student_ids_v1/eval_status,/mnt/shared/zechuan/iraod_artifacts/comparison/rsar/noise_suppression/seed_43/0f98a48/methods/B/eval_full_noise_suppression_student_ids_v1/class_ap.txt,/mnt/shared/zechuan/iraod_artifacts/comparison/rsar/noise_suppression/seed_43/0f98a48/methods/B/eval_full_noise_suppression_student_ids_v1/predictions.pkl,/mnt/shared/zechuan/iraod_artifacts/comparison/rsar/noise_suppression/seed_43/0f98a48/methods/B/eval_full_noise_suppression_student_ids_v1/pred_count.txt,0f98a48b539f9260055fc305784ffbc924f50451,331d2131b84651f0a2930a3d53faeefad8701531,0f98a48b539f9260055fc305784ffbc924f50451,0f98a48b539f9260055fc305784ffbc924f50451,,recorded_adaptation_producer,,,
RSAR,noise_suppression,B,44,student,/mnt/shared/zechuan/iraod_artifacts/comparison/rsar/noise_suppression/seed_44/0f98a48/methods/B/eval_full_noise_suppression_student_ids_v1,/mnt/shared/zechuan/iraod_artifacts/comparison/rsar/noise_suppression/seed_44/0f98a48/methods/B/eval_full_noise_suppression_student_ids_v1/eval_20260908_134330.json,/mnt/shared/zechuan/iraod_artifacts/comparison/rsar/noise_suppression/seed_44/0f98a48/methods/B/eval_full_noise_suppression_student_ids_v1/predictions.pkl.image_ids.json,/mnt/SSD2_8TB/zechuan/IRAOD-New-rc331d213/configs/baseline/oriented_rcnn_orthonet_rsar.py,complete,0.11801633983850479,0.11801633983850479,[],8538,88296,/mnt/shared/zechuan/iraod_artifacts/comparison/rsar/noise_suppression/seed_44/0f98a48/methods/B/work/iter_266.pth,e489f015cc2b67926a415436c97532ff814f826c4861b659cbc712fb9413b98c,,/mnt/shared/zechuan/iraod_artifacts/comparison/rsar/noise_suppression/seed_44/0f98a48/methods/B/eval_full_noise_suppression_student_ids_v1/eval_status,/mnt/shared/zechuan/iraod_artifacts/comparison/rsar/noise_suppression/seed_44/0f98a48/methods/B/eval_full_noise_suppression_student_ids_v1/class_ap.txt,/mnt/shared/zechuan/iraod_artifacts/comparison/rsar/noise_suppression/seed_44/0f98a48/methods/B/eval_full_noise_suppression_student_ids_v1/predictions.pkl,/mnt/shared/zechuan/iraod_artifacts/comparison/rsar/noise_suppression/seed_44/0f98a48/methods/B/eval_full_noise_suppression_student_ids_v1/pred_count.txt,0f98a48b539f9260055fc305784ffbc924f50451,331d2131b84651f0a2930a3d53faeefad8701531,0f98a48b539f9260055fc305784ffbc924f50451,0f98a48b539f9260055fc305784ffbc924f50451,,recorded_adaptation_producer,,,
RSAR,noise_suppression,C,42,student,/mnt/shared/zechuan/iraod_artifacts/comparison/rsar/noise_suppression/seed_42/0f98a48/methods/C/eval_full_noise_suppression_student_ids_v1,/mnt/shared/zechuan/iraod_artifacts/comparison/rsar/noise_suppression/seed_42/0f98a48/methods/C/eval_full_noise_suppression_student_ids_v1/eval_20260908_132751.json,/mnt/shared/zechuan/iraod_artifacts/comparison/rsar/noise_suppression/seed_42/0f98a48/methods/C/eval_full_noise_suppression_student_ids_v1/predictions.pkl.image_ids.json,/mnt/SSD2_8TB/zechuan/IRAOD-New-rc331d213/configs/baseline/oriented_rcnn_orthonet_rsar.py,complete,0.18932785093784332,0.18932785093784332,[],8538,39384,/mnt/shared/zechuan/iraod_artifacts/comparison/rsar/noise_suppression/seed_42/0f98a48/methods/C/work/iter_266.pth,e489f015cc2b67926a415436c97532ff814f826c4861b659cbc712fb9413b98c,,/mnt/shared/zechuan/iraod_artifacts/comparison/rsar/noise_suppression/seed_42/0f98a48/methods/C/eval_full_noise_suppression_student_ids_v1/eval_status,/mnt/shared/zechuan/iraod_artifacts/comparison/rsar/noise_suppression/seed_42/0f98a48/methods/C/eval_full_noise_suppression_student_ids_v1/class_ap.txt,/mnt/shared/zechuan/iraod_artifacts/comparison/rsar/noise_suppression/seed_42/0f98a48/methods/C/eval_full_noise_suppression_student_ids_v1/predictions.pkl,/mnt/shared/zechuan/iraod_artifacts/comparison/rsar/noise_suppression/seed_42/0f98a48/methods/C/eval_full_noise_suppression_student_ids_v1/pred_count.txt,0f98a48b539f9260055fc305784ffbc924f50451,331d2131b84651f0a2930a3d53faeefad8701531,0f98a48b539f9260055fc305784ffbc924f50451,0f98a48b539f9260055fc305784ffbc924f50451,,recorded_adaptation_producer,,,
RSAR,noise_suppression,C,43,student,/mnt/shared/zechuan/iraod_artifacts/comparison/rsar/noise_suppression/seed_43/0f98a48/methods/C/eval_full_noise_suppression_student_ids_v1,/mnt/shared/zechuan/iraod_artifacts/comparison/rsar/noise_suppression/seed_43/0f98a48/methods/C/eval_full_noise_suppression_student_ids_v1/eval_20260908_133806.json,/mnt/shared/zechuan/iraod_artifacts/comparison/rsar/noise_suppression/seed_43/0f98a48/methods/C/eval_full_noise_suppression_student_ids_v1/predictions.pkl.image_ids.json,/mnt/SSD2_8TB/zechuan/IRAOD-New-rc331d213/configs/baseline/oriented_rcnn_orthonet_rsar.py,complete,0.17525513470172882,0.17525513470172882,[],8538,30716,/mnt/shared/zechuan/iraod_artifacts/comparison/rsar/noise_suppression/seed_43/0f98a48/methods/C/work/iter_266.pth,e489f015cc2b67926a415436c97532ff814f826c4861b659cbc712fb9413b98c,,/mnt/shared/zechuan/iraod_artifacts/comparison/rsar/noise_suppression/seed_43/0f98a48/methods/C/eval_full_noise_suppression_student_ids_v1/eval_status,/mnt/shared/zechuan/iraod_artifacts/comparison/rsar/noise_suppression/seed_43/0f98a48/methods/C/eval_full_noise_suppression_student_ids_v1/class_ap.txt,/mnt/shared/zechuan/iraod_artifacts/comparison/rsar/noise_suppression/seed_43/0f98a48/methods/C/eval_full_noise_suppression_student_ids_v1/predictions.pkl,/mnt/shared/zechuan/iraod_artifacts/comparison/rsar/noise_suppression/seed_43/0f98a48/methods/C/eval_full_noise_suppression_student_ids_v1/pred_count.txt,0f98a48b539f9260055fc305784ffbc924f50451,331d2131b84651f0a2930a3d53faeefad8701531,0f98a48b539f9260055fc305784ffbc924f50451,0f98a48b539f9260055fc305784ffbc924f50451,,recorded_adaptation_producer,,,
RSAR,noise_suppression,C,44,student,/mnt/shared/zechuan/iraod_artifacts/comparison/rsar/noise_suppression/seed_44/0f98a48/methods/C/eval_full_noise_suppression_student_ids_v1,/mnt/shared/zechuan/iraod_artifacts/comparison/rsar/noise_suppression/seed_44/0f98a48/methods/C/eval_full_noise_suppression_student_ids_v1/eval_20260908_134757.json,/mnt/shared/zechuan/iraod_artifacts/comparison/rsar/noise_suppression/seed_44/0f98a48/methods/C/eval_full_noise_suppression_student_ids_v1/predictions.pkl.image_ids.json,/mnt/SSD2_8TB/zechuan/IRAOD-New-rc331d213/configs/baseline/oriented_rcnn_orthonet_rsar.py,complete,0.1825147420167923,0.1825147420167923,[],8538,42576,/mnt/shared/zechuan/iraod_artifacts/comparison/rsar/noise_suppression/seed_44/0f98a48/methods/C/work/iter_266.pth,e489f015cc2b67926a415436c97532ff814f826c4861b659cbc712fb9413b98c,,/mnt/shared/zechuan/iraod_artifacts/comparison/rsar/noise_suppression/seed_44/0f98a48/methods/C/eval_full_noise_suppression_student_ids_v1/eval_status,/mnt/shared/zechuan/iraod_artifacts/comparison/rsar/noise_suppression/seed_44/0f98a48/methods/C/eval_full_noise_suppression_student_ids_v1/class_ap.txt,/mnt/shared/zechuan/iraod_artifacts/comparison/rsar/noise_suppression/seed_44/0f98a48/methods/C/eval_full_noise_suppression_student_ids_v1/predictions.pkl,/mnt/shared/zechuan/iraod_artifacts/comparison/rsar/noise_suppression/seed_44/0f98a48/methods/C/eval_full_noise_suppression_student_ids_v1/pred_count.txt,0f98a48b539f9260055fc305784ffbc924f50451,331d2131b84651f0a2930a3d53faeefad8701531,0f98a48b539f9260055fc305784ffbc924f50451,0f98a48b539f9260055fc305784ffbc924f50451,,recorded_adaptation_producer,,,
RSAR,noise_suppression,D,42,student,/mnt/shared/zechuan/iraod_artifacts/comparison/rsar/noise_suppression/seed_42/0f98a48/methods/D/eval_full_noise_suppression_student_ids_v1,/mnt/shared/zechuan/iraod_artifacts/comparison/rsar/noise_suppression/seed_42/0f98a48/methods/D/eval_full_noise_suppression_student_ids_v1/eval_20260908_132857.json,/mnt/shared/zechuan/iraod_artifacts/comparison/rsar/noise_suppression/seed_42/0f98a48/methods/D/eval_full_noise_suppression_student_ids_v1/predictions.pkl.image_ids.json,/mnt/SSD2_8TB/zechuan/IRAOD-New-rc331d213/configs/baseline/oriented_rcnn_orthonet_rsar.py,complete,0.09746023267507553,0.09746023267507553,[],8538,12957,/mnt/shared/zechuan/iraod_artifacts/comparison/rsar/noise_suppression/seed_42/0f98a48/methods/D/work/iter_266.pth,e489f015cc2b67926a415436c97532ff814f826c4861b659cbc712fb9413b98c,,/mnt/shared/zechuan/iraod_artifacts/comparison/rsar/noise_suppression/seed_42/0f98a48/methods/D/eval_full_noise_suppression_student_ids_v1/eval_status,/mnt/shared/zechuan/iraod_artifacts/comparison/rsar/noise_suppression/seed_42/0f98a48/methods/D/eval_full_noise_suppression_student_ids_v1/class_ap.txt,/mnt/shared/zechuan/iraod_artifacts/comparison/rsar/noise_suppression/seed_42/0f98a48/methods/D/eval_full_noise_suppression_student_ids_v1/predictions.pkl,/mnt/shared/zechuan/iraod_artifacts/comparison/rsar/noise_suppression/seed_42/0f98a48/methods/D/eval_full_noise_suppression_student_ids_v1/pred_count.txt,0f98a48b539f9260055fc305784ffbc924f50451,331d2131b84651f0a2930a3d53faeefad8701531,0f98a48b539f9260055fc305784ffbc924f50451,0f98a48b539f9260055fc305784ffbc924f50451,,recorded_adaptation_producer,,,
RSAR,noise_suppression,D,43,student,/mnt/shared/zechuan/iraod_artifacts/comparison/rsar/noise_suppression/seed_43/0f98a48/methods/D/eval_full_noise_suppression_student_ids_v1,/mnt/shared/zechuan/iraod_artifacts/comparison/rsar/noise_suppression/seed_43/0f98a48/methods/D/eval_full_noise_suppression_student_ids_v1/eval_20260908_133836.json,/mnt/shared/zechuan/iraod_artifacts/comparison/rsar/noise_suppression/seed_43/0f98a48/methods/D/eval_full_noise_suppression_student_ids_v1/predictions.pkl.image_ids.json,/mnt/SSD2_8TB/zechuan/IRAOD-New-rc331d213/configs/baseline/oriented_rcnn_orthonet_rsar.py,complete,0.08737795799970627,0.08737795799970627,[],8538,20238,/mnt/shared/zechuan/iraod_artifacts/comparison/rsar/noise_suppression/seed_43/0f98a48/methods/D/work/iter_266.pth,e489f015cc2b67926a415436c97532ff814f826c4861b659cbc712fb9413b98c,,/mnt/shared/zechuan/iraod_artifacts/comparison/rsar/noise_suppression/seed_43/0f98a48/methods/D/eval_full_noise_suppression_student_ids_v1/eval_status,/mnt/shared/zechuan/iraod_artifacts/comparison/rsar/noise_suppression/seed_43/0f98a48/methods/D/eval_full_noise_suppression_student_ids_v1/class_ap.txt,/mnt/shared/zechuan/iraod_artifacts/comparison/rsar/noise_suppression/seed_43/0f98a48/methods/D/eval_full_noise_suppression_student_ids_v1/predictions.pkl,/mnt/shared/zechuan/iraod_artifacts/comparison/rsar/noise_suppression/seed_43/0f98a48/methods/D/eval_full_noise_suppression_student_ids_v1/pred_count.txt,0f98a48b539f9260055fc305784ffbc924f50451,331d2131b84651f0a2930a3d53faeefad8701531,0f98a48b539f9260055fc305784ffbc924f50451,0f98a48b539f9260055fc305784ffbc924f50451,,recorded_adaptation_producer,,,
RSAR,noise_suppression,D,44,student,/mnt/shared/zechuan/iraod_artifacts/comparison/rsar/noise_suppression/seed_44/0f98a48/methods/D/eval_full_noise_suppression_student_ids_v1,/mnt/shared/zechuan/iraod_artifacts/comparison/rsar/noise_suppression/seed_44/0f98a48/methods/D/eval_full_noise_suppression_student_ids_v1/eval_20260908_134757.json,/mnt/shared/zechuan/iraod_artifacts/comparison/rsar/noise_suppression/seed_44/0f98a48/methods/D/eval_full_noise_suppression_student_ids_v1/predictions.pkl.image_ids.json,/mnt/SSD2_8TB/zechuan/IRAOD-New-rc331d213/configs/baseline/oriented_rcnn_orthonet_rsar.py,complete,0.11161597818136215,0.11161597818136215,[],8538,11696,/mnt/shared/zechuan/iraod_artifacts/comparison/rsar/noise_suppression/seed_44/0f98a48/methods/D/work/iter_266.pth,e489f015cc2b67926a415436c97532ff814f826c4861b659cbc712fb9413b98c,,/mnt/shared/zechuan/iraod_artifacts/comparison/rsar/noise_suppression/seed_44/0f98a48/methods/D/eval_full_noise_suppression_student_ids_v1/eval_status,/mnt/shared/zechuan/iraod_artifacts/comparison/rsar/noise_suppression/seed_44/0f98a48/methods/D/eval_full_noise_suppression_student_ids_v1/class_ap.txt,/mnt/shared/zechuan/iraod_artifacts/comparison/rsar/noise_suppression/seed_44/0f98a48/methods/D/eval_full_noise_suppression_student_ids_v1/predictions.pkl,/mnt/shared/zechuan/iraod_artifacts/comparison/rsar/noise_suppression/seed_44/0f98a48/methods/D/eval_full_noise_suppression_student_ids_v1/pred_count.txt,0f98a48b539f9260055fc305784ffbc924f50451,331d2131b84651f0a2930a3d53faeefad8701531,0f98a48b539f9260055fc305784ffbc924f50451,0f98a48b539f9260055fc305784ffbc924f50451,,recorded_adaptation_producer,,,
RSAR,noise_suppression,E,42,student,/mnt/shared/zechuan/iraod_artifacts/comparison/rsar/noise_suppression/seed_42/0f98a48/methods/E/ddp2/eval_full_noise_suppression_student_ids_v1,/mnt/shared/zechuan/iraod_artifacts/comparison/rsar/noise_suppression/seed_42/0f98a48/methods/E/ddp2/eval_full_noise_suppression_student_ids_v1/eval_20260908_133238.json,/mnt/shared/zechuan/iraod_artifacts/comparison/rsar/noise_suppression/seed_42/0f98a48/methods/E/ddp2/eval_full_noise_suppression_student_ids_v1/predictions.pkl.image_ids.json,/mnt/SSD2_8TB/zechuan/IRAOD-New-rc331d213/configs/baseline/oriented_rcnn_orthonet_rsar.py,complete,0.14467503130435944,0.14467503130435944,[],8538,84876,/mnt/shared/zechuan/iraod_artifacts/comparison/rsar/noise_suppression/seed_42/0f98a48/methods/E/ddp2/work/iter_266.pth,e489f015cc2b67926a415436c97532ff814f826c4861b659cbc712fb9413b98c,,/mnt/shared/zechuan/iraod_artifacts/comparison/rsar/noise_suppression/seed_42/0f98a48/methods/E/ddp2/eval_full_noise_suppression_student_ids_v1/eval_status,/mnt/shared/zechuan/iraod_artifacts/comparison/rsar/noise_suppression/seed_42/0f98a48/methods/E/ddp2/eval_full_noise_suppression_student_ids_v1/class_ap.txt,/mnt/shared/zechuan/iraod_artifacts/comparison/rsar/noise_suppression/seed_42/0f98a48/methods/E/ddp2/eval_full_noise_suppression_student_ids_v1/predictions.pkl,/mnt/shared/zechuan/iraod_artifacts/comparison/rsar/noise_suppression/seed_42/0f98a48/methods/E/ddp2/eval_full_noise_suppression_student_ids_v1/pred_count.txt,0f98a48b539f9260055fc305784ffbc924f50451,331d2131b84651f0a2930a3d53faeefad8701531,0f98a48b539f9260055fc305784ffbc924f50451,0f98a48b539f9260055fc305784ffbc924f50451,,recorded_adaptation_producer,,,
RSAR,noise_suppression,E,43,student,/mnt/shared/zechuan/iraod_artifacts/comparison/rsar/noise_suppression/seed_43/0f98a48/methods/E/ddp2/eval_full_noise_suppression_student_ids_v1,/mnt/shared/zechuan/iraod_artifacts/comparison/rsar/noise_suppression/seed_43/0f98a48/methods/E/ddp2/eval_full_noise_suppression_student_ids_v1/eval_20260908_134259.json,/mnt/shared/zechuan/iraod_artifacts/comparison/rsar/noise_suppression/seed_43/0f98a48/methods/E/ddp2/eval_full_noise_suppression_student_ids_v1/predictions.pkl.image_ids.json,/mnt/SSD2_8TB/zechuan/IRAOD-New-rc331d213/configs/baseline/oriented_rcnn_orthonet_rsar.py,complete,0.13960136473178864,0.13960136473178864,[],8538,92331,/mnt/shared/zechuan/iraod_artifacts/comparison/rsar/noise_suppression/seed_43/0f98a48/methods/E/ddp2/work/iter_266.pth,e489f015cc2b67926a415436c97532ff814f826c4861b659cbc712fb9413b98c,,/mnt/shared/zechuan/iraod_artifacts/comparison/rsar/noise_suppression/seed_43/0f98a48/methods/E/ddp2/eval_full_noise_suppression_student_ids_v1/eval_status,/mnt/shared/zechuan/iraod_artifacts/comparison/rsar/noise_suppression/seed_43/0f98a48/methods/E/ddp2/eval_full_noise_suppression_student_ids_v1/class_ap.txt,/mnt/shared/zechuan/iraod_artifacts/comparison/rsar/noise_suppression/seed_43/0f98a48/methods/E/ddp2/eval_full_noise_suppression_student_ids_v1/predictions.pkl,/mnt/shared/zechuan/iraod_artifacts/comparison/rsar/noise_suppression/seed_43/0f98a48/methods/E/ddp2/eval_full_noise_suppression_student_ids_v1/pred_count.txt,0f98a48b539f9260055fc305784ffbc924f50451,331d2131b84651f0a2930a3d53faeefad8701531,0f98a48b539f9260055fc305784ffbc924f50451,0f98a48b539f9260055fc305784ffbc924f50451,,recorded_adaptation_producer,,,
RSAR,noise_suppression,E,44,student,/mnt/shared/zechuan/iraod_artifacts/comparison/rsar/noise_suppression/seed_44/0f98a48/methods/E/ddp2/eval_full_noise_suppression_student_ids_v1,/mnt/shared/zechuan/iraod_artifacts/comparison/rsar/noise_suppression/seed_44/0f98a48/methods/E/ddp2/eval_full_noise_suppression_student_ids_v1/eval_20260908_134805.json,/mnt/shared/zechuan/iraod_artifacts/comparison/rsar/noise_suppression/seed_44/0f98a48/methods/E/ddp2/eval_full_noise_suppression_student_ids_v1/predictions.pkl.image_ids.json,/mnt/SSD2_8TB/zechuan/IRAOD-New-rc331d213/configs/baseline/oriented_rcnn_orthonet_rsar.py,complete,0.12142336368560791,0.12142336368560791,[],8538,104726,/mnt/shared/zechuan/iraod_artifacts/comparison/rsar/noise_suppression/seed_44/0f98a48/methods/E/ddp2/work/iter_266.pth,e489f015cc2b67926a415436c97532ff814f826c4861b659cbc712fb9413b98c,,/mnt/shared/zechuan/iraod_artifacts/comparison/rsar/noise_suppression/seed_44/0f98a48/methods/E/ddp2/eval_full_noise_suppression_student_ids_v1/eval_status,/mnt/shared/zechuan/iraod_artifacts/comparison/rsar/noise_suppression/seed_44/0f98a48/methods/E/ddp2/eval_full_noise_suppression_student_ids_v1/class_ap.txt,/mnt/shared/zechuan/iraod_artifacts/comparison/rsar/noise_suppression/seed_44/0f98a48/methods/E/ddp2/eval_full_noise_suppression_student_ids_v1/predictions.pkl,/mnt/shared/zechuan/iraod_artifacts/comparison/rsar/noise_suppression/seed_44/0f98a48/methods/E/ddp2/eval_full_noise_suppression_student_ids_v1/pred_count.txt,0f98a48b539f9260055fc305784ffbc924f50451,331d2131b84651f0a2930a3d53faeefad8701531,0f98a48b539f9260055fc305784ffbc924f50451,0f98a48b539f9260055fc305784ffbc924f50451,,recorded_adaptation_producer,,,
RSAR,noise_suppression,F,42,student,/mnt/shared/zechuan/iraod_artifacts/comparison/rsar/noise_suppression/seed_42/0f98a48/methods/F/ddp2/eval_full_noise_suppression_student_ids_v1,/mnt/shared/zechuan/iraod_artifacts/comparison/rsar/noise_suppression/seed_42/0f98a48/methods/F/ddp2/eval_full_noise_suppression_student_ids_v1/eval_20260908_133356.json,/mnt/shared/zechuan/iraod_artifacts/comparison/rsar/noise_suppression/seed_42/0f98a48/methods/F/ddp2/eval_full_noise_suppression_student_ids_v1/predictions.pkl.image_ids.json,/mnt/SSD2_8TB/zechuan/IRAOD-New-rc331d213/configs/baseline/oriented_rcnn_orthonet_rsar.py,complete,0.07927240431308746,0.07927240431308746,[],8538,17885,/mnt/shared/zechuan/iraod_artifacts/comparison/rsar/noise_suppression/seed_42/0f98a48/methods/F/ddp2/work/iter_266.pth,e489f015cc2b67926a415436c97532ff814f826c4861b659cbc712fb9413b98c,,/mnt/shared/zechuan/iraod_artifacts/comparison/rsar/noise_suppression/seed_42/0f98a48/methods/F/ddp2/eval_full_noise_suppression_student_ids_v1/eval_status,/mnt/shared/zechuan/iraod_artifacts/comparison/rsar/noise_suppression/seed_42/0f98a48/methods/F/ddp2/eval_full_noise_suppression_student_ids_v1/class_ap.txt,/mnt/shared/zechuan/iraod_artifacts/comparison/rsar/noise_suppression/seed_42/0f98a48/methods/F/ddp2/eval_full_noise_suppression_student_ids_v1/predictions.pkl,/mnt/shared/zechuan/iraod_artifacts/comparison/rsar/noise_suppression/seed_42/0f98a48/methods/F/ddp2/eval_full_noise_suppression_student_ids_v1/pred_count.txt,0f98a48b539f9260055fc305784ffbc924f50451,331d2131b84651f0a2930a3d53faeefad8701531,0f98a48b539f9260055fc305784ffbc924f50451,0f98a48b539f9260055fc305784ffbc924f50451,,recorded_adaptation_producer,,,
RSAR,noise_suppression,F,43,student,/mnt/shared/zechuan/iraod_artifacts/comparison/rsar/noise_suppression/seed_43/0f98a48/methods/F/ddp2/eval_full_noise_suppression_student_ids_v1,/mnt/shared/zechuan/iraod_artifacts/comparison/rsar/noise_suppression/seed_43/0f98a48/methods/F/ddp2/eval_full_noise_suppression_student_ids_v1/eval_20260908_134308.json,/mnt/shared/zechuan/iraod_artifacts/comparison/rsar/noise_suppression/seed_43/0f98a48/methods/F/ddp2/eval_full_noise_suppression_student_ids_v1/predictions.pkl.image_ids.json,/mnt/SSD2_8TB/zechuan/IRAOD-New-rc331d213/configs/baseline/oriented_rcnn_orthonet_rsar.py,complete,0.13644398748874664,0.13644398748874664,[],8538,22816,/mnt/shared/zechuan/iraod_artifacts/comparison/rsar/noise_suppression/seed_43/0f98a48/methods/F/ddp2/work/iter_266.pth,e489f015cc2b67926a415436c97532ff814f826c4861b659cbc712fb9413b98c,,/mnt/shared/zechuan/iraod_artifacts/comparison/rsar/noise_suppression/seed_43/0f98a48/methods/F/ddp2/eval_full_noise_suppression_student_ids_v1/eval_status,/mnt/shared/zechuan/iraod_artifacts/comparison/rsar/noise_suppression/seed_43/0f98a48/methods/F/ddp2/eval_full_noise_suppression_student_ids_v1/class_ap.txt,/mnt/shared/zechuan/iraod_artifacts/comparison/rsar/noise_suppression/seed_43/0f98a48/methods/F/ddp2/eval_full_noise_suppression_student_ids_v1/predictions.pkl,/mnt/shared/zechuan/iraod_artifacts/comparison/rsar/noise_suppression/seed_43/0f98a48/methods/F/ddp2/eval_full_noise_suppression_student_ids_v1/pred_count.txt,0f98a48b539f9260055fc305784ffbc924f50451,331d2131b84651f0a2930a3d53faeefad8701531,0f98a48b539f9260055fc305784ffbc924f50451,0f98a48b539f9260055fc305784ffbc924f50451,,recorded_adaptation_producer,,,
RSAR,noise_suppression,F,44,student,/mnt/shared/zechuan/iraod_artifacts/comparison/rsar/noise_suppression/seed_44/0f98a48/methods/F/ddp2/eval_full_noise_suppression_student_ids_v1,/mnt/shared/zechuan/iraod_artifacts/comparison/rsar/noise_suppression/seed_44/0f98a48/methods/F/ddp2/eval_full_noise_suppression_student_ids_v1/eval_20260908_134829.json,/mnt/shared/zechuan/iraod_artifacts/comparison/rsar/noise_suppression/seed_44/0f98a48/methods/F/ddp2/eval_full_noise_suppression_student_ids_v1/predictions.pkl.image_ids.json,/mnt/SSD2_8TB/zechuan/IRAOD-New-rc331d213/configs/baseline/oriented_rcnn_orthonet_rsar.py,complete,0.0992066040635109,0.0992066040635109,[],8538,13886,/mnt/shared/zechuan/iraod_artifacts/comparison/rsar/noise_suppression/seed_44/0f98a48/methods/F/ddp2/work/iter_266.pth,e489f015cc2b67926a415436c97532ff814f826c4861b659cbc712fb9413b98c,,/mnt/shared/zechuan/iraod_artifacts/comparison/rsar/noise_suppression/seed_44/0f98a48/methods/F/ddp2/eval_full_noise_suppression_student_ids_v1/eval_status,/mnt/shared/zechuan/iraod_artifacts/comparison/rsar/noise_suppression/seed_44/0f98a48/methods/F/ddp2/eval_full_noise_suppression_student_ids_v1/class_ap.txt,/mnt/shared/zechuan/iraod_artifacts/comparison/rsar/noise_suppression/seed_44/0f98a48/methods/F/ddp2/eval_full_noise_suppression_student_ids_v1/predictions.pkl,/mnt/shared/zechuan/iraod_artifacts/comparison/rsar/noise_suppression/seed_44/0f98a48/methods/F/ddp2/eval_full_noise_suppression_student_ids_v1/pred_count.txt,0f98a48b539f9260055fc305784ffbc924f50451,331d2131b84651f0a2930a3d53faeefad8701531,0f98a48b539f9260055fc305784ffbc924f50451,0f98a48b539f9260055fc305784ffbc924f50451,,recorded_adaptation_producer,,,
RSAR,am_noise_horizontal,A,42,source,/mnt/shared/zechuan/iraod_artifacts/comparison/rsar/am_noise_horizontal/seed_42/0f98a48/methods/A/eval_full_am_noise_horizontal_ids_v1,/mnt/shared/zechuan/iraod_artifacts/comparison/rsar/am_noise_horizontal/seed_42/0f98a48/methods/A/eval_full_am_noise_horizontal_ids_v1/eval_20260907_153151.json,/mnt/shared/zechuan/iraod_artifacts/comparison/rsar/am_noise_horizontal/seed_42/0f98a48/methods/A/eval_full_am_noise_horizontal_ids_v1/predictions.pkl.image_ids.json,/mnt/SSD2_8TB/zechuan/IRAOD-New-rc331d213/configs/baseline/oriented_rcnn_orthonet_rsar.py,complete,0.2062060832977295,0.2062060832977295,[],8538,242174,/mnt/shared/zechuan/iraod_artifacts/rsar_source/seed42-orthonet-ddp4-gpu4567-spg16-gbs64/train/epoch_100.pth,e489f015cc2b67926a415436c97532ff814f826c4861b659cbc712fb9413b98c,,/mnt/shared/zechuan/iraod_artifacts/comparison/rsar/am_noise_horizontal/seed_42/0f98a48/methods/A/eval_full_am_noise_horizontal_ids_v1/eval_status,/mnt/shared/zechuan/iraod_artifacts/comparison/rsar/am_noise_horizontal/seed_42/0f98a48/methods/A/eval_full_am_noise_horizontal_ids_v1/class_ap.txt,/mnt/shared/zechuan/iraod_artifacts/comparison/rsar/am_noise_horizontal/seed_42/0f98a48/methods/A/eval_full_am_noise_horizontal_ids_v1/predictions.pkl,/mnt/shared/zechuan/iraod_artifacts/comparison/rsar/am_noise_horizontal/seed_42/0f98a48/methods/A/eval_full_am_noise_horizontal_ids_v1/pred_count.txt,0f98a48b539f9260055fc305784ffbc924f50451,331d2131b84651f0a2930a3d53faeefad8701531,0f98a48b539f9260055fc305784ffbc924f50451,b474aaa5f7718746215ce13beceb071617bb823e,b474aaa5f7718746215ce13beceb071617bb823e,source_producer_corrected_in_report,"{""dataset"": ""RSAR"", ""domain"": ""am_noise_horizontal"", ""method"": ""A"", ""seed"": 42, ""role"": ""source"", ""field"": ""training_code_sha"", ""recorded"": ""0f98a48b539f9260055fc305784ffbc924f50451"", ""actual"": ""b474aaa5f7718746215ce13beceb071617bb823e"", ""source_checkpoint"": ""/mnt/shared/zechuan/iraod_artifacts/rsar_source/seed42-orthonet-ddp4-gpu4567-spg16-gbs64/train/epoch_100.pth"", ""source_weights_sha256"": ""e489f015cc2b67926a415436c97532ff814f826c4861b659cbc712fb9413b98c"", ""source_record"": ""/mnt/shared/zechuan/iraod_artifacts/rsar_source/seed42-orthonet-ddp4-gpu4567-spg16-gbs64/reproducibility/git_commit.txt"", ""source_record_snapshot"": ""/mnt/shared/zechuan/iraod_artifacts/comparison/final_delivery_20260908_4a6bc50/input/source_records/RSAR_producer_git_commit.txt"", ""sidecar"": ""/mnt/shared/zechuan/iraod_artifacts/comparison/rsar/am_noise_horizontal/seed_42/0f98a48/methods/A/eval_full_am_noise_horizontal_ids_v1/predictions.pkl.image_ids.json"", ""sidecar_modified"": false, ""scope"": ""producer metadata only; weights, predictions, IDs and mAP unchanged""}",0.2062060832977295,/mnt/shared/zechuan/iraod_artifacts/comparison/xaf_student_quant_20260908/integration_code_84a1aeb/results/paper_comparison/historical/seed42/raw_results.csv
RSAR,am_noise_horizontal,B,42,student,/mnt/shared/zechuan/iraod_artifacts/comparison/rsar/am_noise_horizontal/seed_42/0f98a48/methods/B/eval_full_am_noise_horizontal_student_ids_v1,/mnt/shared/zechuan/iraod_artifacts/comparison/rsar/am_noise_horizontal/seed_42/0f98a48/methods/B/eval_full_am_noise_horizontal_student_ids_v1/eval_20260908_142810.json,/mnt/shared/zechuan/iraod_artifacts/comparison/rsar/am_noise_horizontal/seed_42/0f98a48/methods/B/eval_full_am_noise_horizontal_student_ids_v1/predictions.pkl.image_ids.json,/mnt/SSD2_8TB/zechuan/IRAOD-New-rc331d213/configs/baseline/oriented_rcnn_orthonet_rsar.py,complete,0.12269964814186096,0.12269964814186096,[],8538,70370,/mnt/shared/zechuan/iraod_artifacts/comparison/rsar/am_noise_horizontal/seed_42/0f98a48/methods/B/work/iter_266.pth,e489f015cc2b67926a415436c97532ff814f826c4861b659cbc712fb9413b98c,,/mnt/shared/zechuan/iraod_artifacts/comparison/rsar/am_noise_horizontal/seed_42/0f98a48/methods/B/eval_full_am_noise_horizontal_student_ids_v1/eval_status,/mnt/shared/zechuan/iraod_artifacts/comparison/rsar/am_noise_horizontal/seed_42/0f98a48/methods/B/eval_full_am_noise_horizontal_student_ids_v1/class_ap.txt,/mnt/shared/zechuan/iraod_artifacts/comparison/rsar/am_noise_horizontal/seed_42/0f98a48/methods/B/eval_full_am_noise_horizontal_student_ids_v1/predictions.pkl,/mnt/shared/zechuan/iraod_artifacts/comparison/rsar/am_noise_horizontal/seed_42/0f98a48/methods/B/eval_full_am_noise_horizontal_student_ids_v1/pred_count.txt,0f98a48b539f9260055fc305784ffbc924f50451,331d2131b84651f0a2930a3d53faeefad8701531,0f98a48b539f9260055fc305784ffbc924f50451,0f98a48b539f9260055fc305784ffbc924f50451,,recorded_adaptation_producer,,,
RSAR,am_noise_horizontal,B,43,student,/mnt/shared/zechuan/iraod_artifacts/comparison/rsar/am_noise_horizontal/seed_43/0f98a48/methods/B/eval_full_am_noise_horizontal_student_ids_v1,/mnt/shared/zechuan/iraod_artifacts/comparison/rsar/am_noise_horizontal/seed_43/0f98a48/methods/B/eval_full_am_noise_horizontal_student_ids_v1/eval_20260908_143339.json,/mnt/shared/zechuan/iraod_artifacts/comparison/rsar/am_noise_horizontal/seed_43/0f98a48/methods/B/eval_full_am_noise_horizontal_student_ids_v1/predictions.pkl.image_ids.json,/mnt/SSD2_8TB/zechuan/IRAOD-New-rc331d213/configs/baseline/oriented_rcnn_orthonet_rsar.py,complete,0.10683858394622803,0.10683858394622803,[],8538,36715,/mnt/shared/zechuan/iraod_artifacts/comparison/rsar/am_noise_horizontal/seed_43/0f98a48/methods/B/work/iter_266.pth,e489f015cc2b67926a415436c97532ff814f826c4861b659cbc712fb9413b98c,,/mnt/shared/zechuan/iraod_artifacts/comparison/rsar/am_noise_horizontal/seed_43/0f98a48/methods/B/eval_full_am_noise_horizontal_student_ids_v1/eval_status,/mnt/shared/zechuan/iraod_artifacts/comparison/rsar/am_noise_horizontal/seed_43/0f98a48/methods/B/eval_full_am_noise_horizontal_student_ids_v1/class_ap.txt,/mnt/shared/zechuan/iraod_artifacts/comparison/rsar/am_noise_horizontal/seed_43/0f98a48/methods/B/eval_full_am_noise_horizontal_student_ids_v1/predictions.pkl,/mnt/shared/zechuan/iraod_artifacts/comparison/rsar/am_noise_horizontal/seed_43/0f98a48/methods/B/eval_full_am_noise_horizontal_student_ids_v1/pred_count.txt,0f98a48b539f9260055fc305784ffbc924f50451,331d2131b84651f0a2930a3d53faeefad8701531,0f98a48b539f9260055fc305784ffbc924f50451,0f98a48b539f9260055fc305784ffbc924f50451,,recorded_adaptation_producer,,,
RSAR,am_noise_horizontal,B,44,student,/mnt/shared/zechuan/iraod_artifacts/comparison/rsar/am_noise_horizontal/seed_44/0f98a48/methods/B/eval_full_am_noise_horizontal_student_ids_v1,/mnt/shared/zechuan/iraod_artifacts/comparison/rsar/am_noise_horizontal/seed_44/0f98a48/methods/B/eval_full_am_noise_horizontal_student_ids_v1/eval_20260908_144350.json,/mnt/shared/zechuan/iraod_artifacts/comparison/rsar/am_noise_horizontal/seed_44/0f98a48/methods/B/eval_full_am_noise_horizontal_student_ids_v1/predictions.pkl.image_ids.json,/mnt/SSD2_8TB/zechuan/IRAOD-New-rc331d213/configs/baseline/oriented_rcnn_orthonet_rsar.py,complete,0.10670911520719528,0.10670911520719528,[],8538,86056,/mnt/shared/zechuan/iraod_artifacts/comparison/rsar/am_noise_horizontal/seed_44/0f98a48/methods/B/work/iter_266.pth,e489f015cc2b67926a415436c97532ff814f826c4861b659cbc712fb9413b98c,,/mnt/shared/zechuan/iraod_artifacts/comparison/rsar/am_noise_horizontal/seed_44/0f98a48/methods/B/eval_full_am_noise_horizontal_student_ids_v1/eval_status,/mnt/shared/zechuan/iraod_artifacts/comparison/rsar/am_noise_horizontal/seed_44/0f98a48/methods/B/eval_full_am_noise_horizontal_student_ids_v1/class_ap.txt,/mnt/shared/zechuan/iraod_artifacts/comparison/rsar/am_noise_horizontal/seed_44/0f98a48/methods/B/eval_full_am_noise_horizontal_student_ids_v1/predictions.pkl,/mnt/shared/zechuan/iraod_artifacts/comparison/rsar/am_noise_horizontal/seed_44/0f98a48/methods/B/eval_full_am_noise_horizontal_student_ids_v1/pred_count.txt,0f98a48b539f9260055fc305784ffbc924f50451,331d2131b84651f0a2930a3d53faeefad8701531,0f98a48b539f9260055fc305784ffbc924f50451,0f98a48b539f9260055fc305784ffbc924f50451,,recorded_adaptation_producer,,,
RSAR,am_noise_horizontal,C,42,student,/mnt/shared/zechuan/iraod_artifacts/comparison/rsar/am_noise_horizontal/seed_42/0f98a48/methods/C/eval_full_am_noise_horizontal_student_ids_v1,/mnt/shared/zechuan/iraod_artifacts/comparison/rsar/am_noise_horizontal/seed_42/0f98a48/methods/C/eval_full_am_noise_horizontal_student_ids_v1/eval_20260908_142827.json,/mnt/shared/zechuan/iraod_artifacts/comparison/rsar/am_noise_horizontal/seed_42/0f98a48/methods/C/eval_full_am_noise_horizontal_student_ids_v1/predictions.pkl.image_ids.json,/mnt/SSD2_8TB/zechuan/IRAOD-New-rc331d213/configs/baseline/oriented_rcnn_orthonet_rsar.py,complete,0.14921920001506805,0.14921920001506805,[],8538,39796,/mnt/shared/zechuan/iraod_artifacts/comparison/rsar/am_noise_horizontal/seed_42/0f98a48/methods/C/work/iter_266.pth,e489f015cc2b67926a415436c97532ff814f826c4861b659cbc712fb9413b98c,,/mnt/shared/zechuan/iraod_artifacts/comparison/rsar/am_noise_horizontal/seed_42/0f98a48/methods/C/eval_full_am_noise_horizontal_student_ids_v1/eval_status,/mnt/shared/zechuan/iraod_artifacts/comparison/rsar/am_noise_horizontal/seed_42/0f98a48/methods/C/eval_full_am_noise_horizontal_student_ids_v1/class_ap.txt,/mnt/shared/zechuan/iraod_artifacts/comparison/rsar/am_noise_horizontal/seed_42/0f98a48/methods/C/eval_full_am_noise_horizontal_student_ids_v1/predictions.pkl,/mnt/shared/zechuan/iraod_artifacts/comparison/rsar/am_noise_horizontal/seed_42/0f98a48/methods/C/eval_full_am_noise_horizontal_student_ids_v1/pred_count.txt,0f98a48b539f9260055fc305784ffbc924f50451,331d2131b84651f0a2930a3d53faeefad8701531,0f98a48b539f9260055fc305784ffbc924f50451,0f98a48b539f9260055fc305784ffbc924f50451,,recorded_adaptation_producer,,,
RSAR,am_noise_horizontal,C,43,student,/mnt/shared/zechuan/iraod_artifacts/comparison/rsar/am_noise_horizontal/seed_43/0f98a48/methods/C/eval_full_am_noise_horizontal_student_ids_v1,/mnt/shared/zechuan/iraod_artifacts/comparison/rsar/am_noise_horizontal/seed_43/0f98a48/methods/C/eval_full_am_noise_horizontal_student_ids_v1/eval_20260908_143754.json,/mnt/shared/zechuan/iraod_artifacts/comparison/rsar/am_noise_horizontal/seed_43/0f98a48/methods/C/eval_full_am_noise_horizontal_student_ids_v1/predictions.pkl.image_ids.json,/mnt/SSD2_8TB/zechuan/IRAOD-New-rc331d213/configs/baseline/oriented_rcnn_orthonet_rsar.py,complete,0.10821127891540527,0.10821127891540527,[],8538,10889,/mnt/shared/zechuan/iraod_artifacts/comparison/rsar/am_noise_horizontal/seed_43/0f98a48/methods/C/work/iter_266.pth,e489f015cc2b67926a415436c97532ff814f826c4861b659cbc712fb9413b98c,,/mnt/shared/zechuan/iraod_artifacts/comparison/rsar/am_noise_horizontal/seed_43/0f98a48/methods/C/eval_full_am_noise_horizontal_student_ids_v1/eval_status,/mnt/shared/zechuan/iraod_artifacts/comparison/rsar/am_noise_horizontal/seed_43/0f98a48/methods/C/eval_full_am_noise_horizontal_student_ids_v1/class_ap.txt,/mnt/shared/zechuan/iraod_artifacts/comparison/rsar/am_noise_horizontal/seed_43/0f98a48/methods/C/eval_full_am_noise_horizontal_student_ids_v1/predictions.pkl,/mnt/shared/zechuan/iraod_artifacts/comparison/rsar/am_noise_horizontal/seed_43/0f98a48/methods/C/eval_full_am_noise_horizontal_student_ids_v1/pred_count.txt,0f98a48b539f9260055fc305784ffbc924f50451,331d2131b84651f0a2930a3d53faeefad8701531,0f98a48b539f9260055fc305784ffbc924f50451,0f98a48b539f9260055fc305784ffbc924f50451,,recorded_adaptation_producer,,,
RSAR,am_noise_horizontal,C,44,student,/mnt/shared/zechuan/iraod_artifacts/comparison/rsar/am_noise_horizontal/seed_44/0f98a48/methods/C/eval_full_am_noise_horizontal_student_ids_v1,/mnt/shared/zechuan/iraod_artifacts/comparison/rsar/am_noise_horizontal/seed_44/0f98a48/methods/C/eval_full_am_noise_horizontal_student_ids_v1/eval_20260908_144350.json,/mnt/shared/zechuan/iraod_artifacts/comparison/rsar/am_noise_horizontal/seed_44/0f98a48/methods/C/eval_full_am_noise_horizontal_student_ids_v1/predictions.pkl.image_ids.json,/mnt/SSD2_8TB/zechuan/IRAOD-New-rc331d213/configs/baseline/oriented_rcnn_orthonet_rsar.py,complete,0.11012003570795059,0.11012003570795059,[],8538,30227,/mnt/shared/zechuan/iraod_artifacts/comparison/rsar/am_noise_horizontal/seed_44/0f98a48/methods/C/work/iter_266.pth,e489f015cc2b67926a415436c97532ff814f826c4861b659cbc712fb9413b98c,,/mnt/shared/zechuan/iraod_artifacts/comparison/rsar/am_noise_horizontal/seed_44/0f98a48/methods/C/eval_full_am_noise_horizontal_student_ids_v1/eval_status,/mnt/shared/zechuan/iraod_artifacts/comparison/rsar/am_noise_horizontal/seed_44/0f98a48/methods/C/eval_full_am_noise_horizontal_student_ids_v1/class_ap.txt,/mnt/shared/zechuan/iraod_artifacts/comparison/rsar/am_noise_horizontal/seed_44/0f98a48/methods/C/eval_full_am_noise_horizontal_student_ids_v1/predictions.pkl,/mnt/shared/zechuan/iraod_artifacts/comparison/rsar/am_noise_horizontal/seed_44/0f98a48/methods/C/eval_full_am_noise_horizontal_student_ids_v1/pred_count.txt,0f98a48b539f9260055fc305784ffbc924f50451,331d2131b84651f0a2930a3d53faeefad8701531,0f98a48b539f9260055fc305784ffbc924f50451,0f98a48b539f9260055fc305784ffbc924f50451,,recorded_adaptation_producer,,,
RSAR,am_noise_horizontal,D,42,student,/mnt/shared/zechuan/iraod_artifacts/comparison/rsar/am_noise_horizontal/seed_42/0f98a48/methods/D/eval_full_am_noise_horizontal_student_ids_v1,/mnt/shared/zechuan/iraod_artifacts/comparison/rsar/am_noise_horizontal/seed_42/0f98a48/methods/D/eval_full_am_noise_horizontal_student_ids_v1/eval_20260908_143303.json,/mnt/shared/zechuan/iraod_artifacts/comparison/rsar/am_noise_horizontal/seed_42/0f98a48/methods/D/eval_full_am_noise_horizontal_student_ids_v1/predictions.pkl.image_ids.json,/mnt/SSD2_8TB/zechuan/IRAOD-New-rc331d213/configs/baseline/oriented_rcnn_orthonet_rsar.py,complete,0.04926237463951111,0.04926237463951111,[],8538,9997,/mnt/shared/zechuan/iraod_artifacts/comparison/rsar/am_noise_horizontal/seed_42/0f98a48/methods/D/work/iter_266.pth,e489f015cc2b67926a415436c97532ff814f826c4861b659cbc712fb9413b98c,,/mnt/shared/zechuan/iraod_artifacts/comparison/rsar/am_noise_horizontal/seed_42/0f98a48/methods/D/eval_full_am_noise_horizontal_student_ids_v1/eval_status,/mnt/shared/zechuan/iraod_artifacts/comparison/rsar/am_noise_horizontal/seed_42/0f98a48/methods/D/eval_full_am_noise_horizontal_student_ids_v1/class_ap.txt,/mnt/shared/zechuan/iraod_artifacts/comparison/rsar/am_noise_horizontal/seed_42/0f98a48/methods/D/eval_full_am_noise_horizontal_student_ids_v1/predictions.pkl,/mnt/shared/zechuan/iraod_artifacts/comparison/rsar/am_noise_horizontal/seed_42/0f98a48/methods/D/eval_full_am_noise_horizontal_student_ids_v1/pred_count.txt,0f98a48b539f9260055fc305784ffbc924f50451,331d2131b84651f0a2930a3d53faeefad8701531,0f98a48b539f9260055fc305784ffbc924f50451,0f98a48b539f9260055fc305784ffbc924f50451,,recorded_adaptation_producer,,,
RSAR,am_noise_horizontal,D,43,student,/mnt/shared/zechuan/iraod_artifacts/comparison/rsar/am_noise_horizontal/seed_43/0f98a48/methods/D/eval_full_am_noise_horizontal_student_ids_v1,/mnt/shared/zechuan/iraod_artifacts/comparison/rsar/am_noise_horizontal/seed_43/0f98a48/methods/D/eval_full_am_noise_horizontal_student_ids_v1/eval_20260908_143808.json,/mnt/shared/zechuan/iraod_artifacts/comparison/rsar/am_noise_horizontal/seed_43/0f98a48/methods/D/eval_full_am_noise_horizontal_student_ids_v1/predictions.pkl.image_ids.json,/mnt/SSD2_8TB/zechuan/IRAOD-New-rc331d213/configs/baseline/oriented_rcnn_orthonet_rsar.py,complete,0.04545454680919647,0.04545454680919647,[],8538,3591,/mnt/shared/zechuan/iraod_artifacts/comparison/rsar/am_noise_horizontal/seed_43/0f98a48/methods/D/work/iter_266.pth,e489f015cc2b67926a415436c97532ff814f826c4861b659cbc712fb9413b98c,,/mnt/shared/zechuan/iraod_artifacts/comparison/rsar/am_noise_horizontal/seed_43/0f98a48/methods/D/eval_full_am_noise_horizontal_student_ids_v1/eval_status,/mnt/shared/zechuan/iraod_artifacts/comparison/rsar/am_noise_horizontal/seed_43/0f98a48/methods/D/eval_full_am_noise_horizontal_student_ids_v1/class_ap.txt,/mnt/shared/zechuan/iraod_artifacts/comparison/rsar/am_noise_horizontal/seed_43/0f98a48/methods/D/eval_full_am_noise_horizontal_student_ids_v1/predictions.pkl,/mnt/shared/zechuan/iraod_artifacts/comparison/rsar/am_noise_horizontal/seed_43/0f98a48/methods/D/eval_full_am_noise_horizontal_student_ids_v1/pred_count.txt,0f98a48b539f9260055fc305784ffbc924f50451,331d2131b84651f0a2930a3d53faeefad8701531,0f98a48b539f9260055fc305784ffbc924f50451,0f98a48b539f9260055fc305784ffbc924f50451,,recorded_adaptation_producer,,,
RSAR,am_noise_horizontal,D,44,student,/mnt/shared/zechuan/iraod_artifacts/comparison/rsar/am_noise_horizontal/seed_44/0f98a48/methods/D/eval_full_am_noise_horizontal_student_ids_v1,/mnt/shared/zechuan/iraod_artifacts/comparison/rsar/am_noise_horizontal/seed_44/0f98a48/methods/D/eval_full_am_noise_horizontal_student_ids_v1/eval_20260908_144350.json,/mnt/shared/zechuan/iraod_artifacts/comparison/rsar/am_noise_horizontal/seed_44/0f98a48/methods/D/eval_full_am_noise_horizontal_student_ids_v1/predictions.pkl.image_ids.json,/mnt/SSD2_8TB/zechuan/IRAOD-New-rc331d213/configs/baseline/oriented_rcnn_orthonet_rsar.py,complete,0.09154219180345535,0.09154219180345535,[],8538,7490,/mnt/shared/zechuan/iraod_artifacts/comparison/rsar/am_noise_horizontal/seed_44/0f98a48/methods/D/work/iter_266.pth,e489f015cc2b67926a415436c97532ff814f826c4861b659cbc712fb9413b98c,,/mnt/shared/zechuan/iraod_artifacts/comparison/rsar/am_noise_horizontal/seed_44/0f98a48/methods/D/eval_full_am_noise_horizontal_student_ids_v1/eval_status,/mnt/shared/zechuan/iraod_artifacts/comparison/rsar/am_noise_horizontal/seed_44/0f98a48/methods/D/eval_full_am_noise_horizontal_student_ids_v1/class_ap.txt,/mnt/shared/zechuan/iraod_artifacts/comparison/rsar/am_noise_horizontal/seed_44/0f98a48/methods/D/eval_full_am_noise_horizontal_student_ids_v1/predictions.pkl,/mnt/shared/zechuan/iraod_artifacts/comparison/rsar/am_noise_horizontal/seed_44/0f98a48/methods/D/eval_full_am_noise_horizontal_student_ids_v1/pred_count.txt,0f98a48b539f9260055fc305784ffbc924f50451,331d2131b84651f0a2930a3d53faeefad8701531,0f98a48b539f9260055fc305784ffbc924f50451,0f98a48b539f9260055fc305784ffbc924f50451,,recorded_adaptation_producer,,,
RSAR,am_noise_horizontal,E,42,student,/mnt/shared/zechuan/iraod_artifacts/comparison/rsar/am_noise_horizontal/seed_42/0f98a48/methods/E/ddp2/eval_full_am_noise_horizontal_student_ids_v1,/mnt/shared/zechuan/iraod_artifacts/comparison/rsar/am_noise_horizontal/seed_42/0f98a48/methods/E/ddp2/eval_full_am_noise_horizontal_student_ids_v1/eval_20260908_143310.json,/mnt/shared/zechuan/iraod_artifacts/comparison/rsar/am_noise_horizontal/seed_42/0f98a48/methods/E/ddp2/eval_full_am_noise_horizontal_student_ids_v1/predictions.pkl.image_ids.json,/mnt/SSD2_8TB/zechuan/IRAOD-New-rc331d213/configs/baseline/oriented_rcnn_orthonet_rsar.py,complete,0.1082950010895729,0.1082950010895729,[],8538,87461,/mnt/shared/zechuan/iraod_artifacts/comparison/rsar/am_noise_horizontal/seed_42/0f98a48/methods/E/ddp2/work/iter_266.pth,e489f015cc2b67926a415436c97532ff814f826c4861b659cbc712fb9413b98c,,/mnt/shared/zechuan/iraod_artifacts/comparison/rsar/am_noise_horizontal/seed_42/0f98a48/methods/E/ddp2/eval_full_am_noise_horizontal_student_ids_v1/eval_status,/mnt/shared/zechuan/iraod_artifacts/comparison/rsar/am_noise_horizontal/seed_42/0f98a48/methods/E/ddp2/eval_full_am_noise_horizontal_student_ids_v1/class_ap.txt,/mnt/shared/zechuan/iraod_artifacts/comparison/rsar/am_noise_horizontal/seed_42/0f98a48/methods/E/ddp2/eval_full_am_noise_horizontal_student_ids_v1/predictions.pkl,/mnt/shared/zechuan/iraod_artifacts/comparison/rsar/am_noise_horizontal/seed_42/0f98a48/methods/E/ddp2/eval_full_am_noise_horizontal_student_ids_v1/pred_count.txt,0f98a48b539f9260055fc305784ffbc924f50451,331d2131b84651f0a2930a3d53faeefad8701531,0f98a48b539f9260055fc305784ffbc924f50451,0f98a48b539f9260055fc305784ffbc924f50451,,recorded_adaptation_producer,,,
RSAR,am_noise_horizontal,E,43,student,/mnt/shared/zechuan/iraod_artifacts/comparison/rsar/am_noise_horizontal/seed_43/0f98a48/methods/E/ddp2/eval_full_am_noise_horizontal_student_ids_v1,/mnt/shared/zechuan/iraod_artifacts/comparison/rsar/am_noise_horizontal/seed_43/0f98a48/methods/E/ddp2/eval_full_am_noise_horizontal_student_ids_v1/eval_20260908_143829.json,/mnt/shared/zechuan/iraod_artifacts/comparison/rsar/am_noise_horizontal/seed_43/0f98a48/methods/E/ddp2/eval_full_am_noise_horizontal_student_ids_v1/predictions.pkl.image_ids.json,/mnt/SSD2_8TB/zechuan/IRAOD-New-rc331d213/configs/baseline/oriented_rcnn_orthonet_rsar.py,complete,0.10858658701181412,0.10858658701181412,[],8538,105889,/mnt/shared/zechuan/iraod_artifacts/comparison/rsar/am_noise_horizontal/seed_43/0f98a48/methods/E/ddp2/work/iter_266.pth,e489f015cc2b67926a415436c97532ff814f826c4861b659cbc712fb9413b98c,,/mnt/shared/zechuan/iraod_artifacts/comparison/rsar/am_noise_horizontal/seed_43/0f98a48/methods/E/ddp2/eval_full_am_noise_horizontal_student_ids_v1/eval_status,/mnt/shared/zechuan/iraod_artifacts/comparison/rsar/am_noise_horizontal/seed_43/0f98a48/methods/E/ddp2/eval_full_am_noise_horizontal_student_ids_v1/class_ap.txt,/mnt/shared/zechuan/iraod_artifacts/comparison/rsar/am_noise_horizontal/seed_43/0f98a48/methods/E/ddp2/eval_full_am_noise_horizontal_student_ids_v1/predictions.pkl,/mnt/shared/zechuan/iraod_artifacts/comparison/rsar/am_noise_horizontal/seed_43/0f98a48/methods/E/ddp2/eval_full_am_noise_horizontal_student_ids_v1/pred_count.txt,0f98a48b539f9260055fc305784ffbc924f50451,331d2131b84651f0a2930a3d53faeefad8701531,0f98a48b539f9260055fc305784ffbc924f50451,0f98a48b539f9260055fc305784ffbc924f50451,,recorded_adaptation_producer,,,
RSAR,am_noise_horizontal,E,44,student,/mnt/shared/zechuan/iraod_artifacts/comparison/rsar/am_noise_horizontal/seed_44/0f98a48/methods/E/ddp2/eval_full_am_noise_horizontal_student_ids_v1,/mnt/shared/zechuan/iraod_artifacts/comparison/rsar/am_noise_horizontal/seed_44/0f98a48/methods/E/ddp2/eval_full_am_noise_horizontal_student_ids_v1/eval_20260908_144350.json,/mnt/shared/zechuan/iraod_artifacts/comparison/rsar/am_noise_horizontal/seed_44/0f98a48/methods/E/ddp2/eval_full_am_noise_horizontal_student_ids_v1/predictions.pkl.image_ids.json,/mnt/SSD2_8TB/zechuan/IRAOD-New-rc331d213/configs/baseline/oriented_rcnn_orthonet_rsar.py,complete,0.13552461564540863,0.13552461564540863,[],8538,115849,/mnt/shared/zechuan/iraod_artifacts/comparison/rsar/am_noise_horizontal/seed_44/0f98a48/methods/E/ddp2/work/iter_266.pth,e489f015cc2b67926a415436c97532ff814f826c4861b659cbc712fb9413b98c,,/mnt/shared/zechuan/iraod_artifacts/comparison/rsar/am_noise_horizontal/seed_44/0f98a48/methods/E/ddp2/eval_full_am_noise_horizontal_student_ids_v1/eval_status,/mnt/shared/zechuan/iraod_artifacts/comparison/rsar/am_noise_horizontal/seed_44/0f98a48/methods/E/ddp2/eval_full_am_noise_horizontal_student_ids_v1/class_ap.txt,/mnt/shared/zechuan/iraod_artifacts/comparison/rsar/am_noise_horizontal/seed_44/0f98a48/methods/E/ddp2/eval_full_am_noise_horizontal_student_ids_v1/predictions.pkl,/mnt/shared/zechuan/iraod_artifacts/comparison/rsar/am_noise_horizontal/seed_44/0f98a48/methods/E/ddp2/eval_full_am_noise_horizontal_student_ids_v1/pred_count.txt,0f98a48b539f9260055fc305784ffbc924f50451,331d2131b84651f0a2930a3d53faeefad8701531,0f98a48b539f9260055fc305784ffbc924f50451,0f98a48b539f9260055fc305784ffbc924f50451,,recorded_adaptation_producer,,,
RSAR,am_noise_horizontal,F,42,student,/mnt/shared/zechuan/iraod_artifacts/comparison/rsar/am_noise_horizontal/seed_42/0f98a48/methods/F/ddp2/eval_full_am_noise_horizontal_student_ids_v1,/mnt/shared/zechuan/iraod_artifacts/comparison/rsar/am_noise_horizontal/seed_42/0f98a48/methods/F/ddp2/eval_full_am_noise_horizontal_student_ids_v1/eval_20260908_143316.json,/mnt/shared/zechuan/iraod_artifacts/comparison/rsar/am_noise_horizontal/seed_42/0f98a48/methods/F/ddp2/eval_full_am_noise_horizontal_student_ids_v1/predictions.pkl.image_ids.json,/mnt/SSD2_8TB/zechuan/IRAOD-New-rc331d213/configs/baseline/oriented_rcnn_orthonet_rsar.py,complete,0.0479111485183239,0.0479111485183239,[],8538,10225,/mnt/shared/zechuan/iraod_artifacts/comparison/rsar/am_noise_horizontal/seed_42/0f98a48/methods/F/ddp2/work/iter_266.pth,e489f015cc2b67926a415436c97532ff814f826c4861b659cbc712fb9413b98c,,/mnt/shared/zechuan/iraod_artifacts/comparison/rsar/am_noise_horizontal/seed_42/0f98a48/methods/F/ddp2/eval_full_am_noise_horizontal_student_ids_v1/eval_status,/mnt/shared/zechuan/iraod_artifacts/comparison/rsar/am_noise_horizontal/seed_42/0f98a48/methods/F/ddp2/eval_full_am_noise_horizontal_student_ids_v1/class_ap.txt,/mnt/shared/zechuan/iraod_artifacts/comparison/rsar/am_noise_horizontal/seed_42/0f98a48/methods/F/ddp2/eval_full_am_noise_horizontal_student_ids_v1/predictions.pkl,/mnt/shared/zechuan/iraod_artifacts/comparison/rsar/am_noise_horizontal/seed_42/0f98a48/methods/F/ddp2/eval_full_am_noise_horizontal_student_ids_v1/pred_count.txt,0f98a48b539f9260055fc305784ffbc924f50451,331d2131b84651f0a2930a3d53faeefad8701531,0f98a48b539f9260055fc305784ffbc924f50451,0f98a48b539f9260055fc305784ffbc924f50451,,recorded_adaptation_producer,,,
RSAR,am_noise_horizontal,F,43,student,/mnt/shared/zechuan/iraod_artifacts/comparison/rsar/am_noise_horizontal/seed_43/0f98a48/methods/F/ddp2/eval_full_am_noise_horizontal_student_ids_v1,/mnt/shared/zechuan/iraod_artifacts/comparison/rsar/am_noise_horizontal/seed_43/0f98a48/methods/F/ddp2/eval_full_am_noise_horizontal_student_ids_v1/eval_20260908_143838.json,/mnt/shared/zechuan/iraod_artifacts/comparison/rsar/am_noise_horizontal/seed_43/0f98a48/methods/F/ddp2/eval_full_am_noise_horizontal_student_ids_v1/predictions.pkl.image_ids.json,/mnt/SSD2_8TB/zechuan/IRAOD-New-rc331d213/configs/baseline/oriented_rcnn_orthonet_rsar.py,complete,0.05669255554676056,0.05669255554676056,[],8538,15677,/mnt/shared/zechuan/iraod_artifacts/comparison/rsar/am_noise_horizontal/seed_43/0f98a48/methods/F/ddp2/work/iter_266.pth,e489f015cc2b67926a415436c97532ff814f826c4861b659cbc712fb9413b98c,,/mnt/shared/zechuan/iraod_artifacts/comparison/rsar/am_noise_horizontal/seed_43/0f98a48/methods/F/ddp2/eval_full_am_noise_horizontal_student_ids_v1/eval_status,/mnt/shared/zechuan/iraod_artifacts/comparison/rsar/am_noise_horizontal/seed_43/0f98a48/methods/F/ddp2/eval_full_am_noise_horizontal_student_ids_v1/class_ap.txt,/mnt/shared/zechuan/iraod_artifacts/comparison/rsar/am_noise_horizontal/seed_43/0f98a48/methods/F/ddp2/eval_full_am_noise_horizontal_student_ids_v1/predictions.pkl,/mnt/shared/zechuan/iraod_artifacts/comparison/rsar/am_noise_horizontal/seed_43/0f98a48/methods/F/ddp2/eval_full_am_noise_horizontal_student_ids_v1/pred_count.txt,0f98a48b539f9260055fc305784ffbc924f50451,331d2131b84651f0a2930a3d53faeefad8701531,0f98a48b539f9260055fc305784ffbc924f50451,0f98a48b539f9260055fc305784ffbc924f50451,,recorded_adaptation_producer,,,
RSAR,am_noise_horizontal,F,44,student,/mnt/shared/zechuan/iraod_artifacts/comparison/rsar/am_noise_horizontal/seed_44/0f98a48/methods/F/ddp2/eval_full_am_noise_horizontal_student_ids_v1,/mnt/shared/zechuan/iraod_artifacts/comparison/rsar/am_noise_horizontal/seed_44/0f98a48/methods/F/ddp2/eval_full_am_noise_horizontal_student_ids_v1/eval_20260908_144833.json,/mnt/shared/zechuan/iraod_artifacts/comparison/rsar/am_noise_horizontal/seed_44/0f98a48/methods/F/ddp2/eval_full_am_noise_horizontal_student_ids_v1/predictions.pkl.image_ids.json,/mnt/SSD2_8TB/zechuan/IRAOD-New-rc331d213/configs/baseline/oriented_rcnn_orthonet_rsar.py,complete,0.049948643893003464,0.049948643893003464,[],8538,13639,/mnt/shared/zechuan/iraod_artifacts/comparison/rsar/am_noise_horizontal/seed_44/0f98a48/methods/F/ddp2/work/iter_266.pth,e489f015cc2b67926a415436c97532ff814f826c4861b659cbc712fb9413b98c,,/mnt/shared/zechuan/iraod_artifacts/comparison/rsar/am_noise_horizontal/seed_44/0f98a48/methods/F/ddp2/eval_full_am_noise_horizontal_student_ids_v1/eval_status,/mnt/shared/zechuan/iraod_artifacts/comparison/rsar/am_noise_horizontal/seed_44/0f98a48/methods/F/ddp2/eval_full_am_noise_horizontal_student_ids_v1/class_ap.txt,/mnt/shared/zechuan/iraod_artifacts/comparison/rsar/am_noise_horizontal/seed_44/0f98a48/methods/F/ddp2/eval_full_am_noise_horizontal_student_ids_v1/predictions.pkl,/mnt/shared/zechuan/iraod_artifacts/comparison/rsar/am_noise_horizontal/seed_44/0f98a48/methods/F/ddp2/eval_full_am_noise_horizontal_student_ids_v1/pred_count.txt,0f98a48b539f9260055fc305784ffbc924f50451,331d2131b84651f0a2930a3d53faeefad8701531,0f98a48b539f9260055fc305784ffbc924f50451,0f98a48b539f9260055fc305784ffbc924f50451,,recorded_adaptation_producer,,,
RSAR,smart_suppression,A,42,source,/mnt/shared/zechuan/iraod_artifacts/comparison/rsar/smart_suppression/seed_42/0f98a48/methods/A/eval_full_smart_suppression_ids_v1,/mnt/shared/zechuan/iraod_artifacts/comparison/rsar/smart_suppression/seed_42/0f98a48/methods/A/eval_full_smart_suppression_ids_v1/eval_20260907_160138.json,/mnt/shared/zechuan/iraod_artifacts/comparison/rsar/smart_suppression/seed_42/0f98a48/methods/A/eval_full_smart_suppression_ids_v1/predictions.pkl.image_ids.json,/mnt/SSD2_8TB/zechuan/IRAOD-New-rc331d213/configs/baseline/oriented_rcnn_orthonet_rsar.py,complete,0.14372646808624268,0.14372646808624268,[],8538,76467,/mnt/shared/zechuan/iraod_artifacts/rsar_source/seed42-orthonet-ddp4-gpu4567-spg16-gbs64/train/epoch_100.pth,e489f015cc2b67926a415436c97532ff814f826c4861b659cbc712fb9413b98c,,/mnt/shared/zechuan/iraod_artifacts/comparison/rsar/smart_suppression/seed_42/0f98a48/methods/A/eval_full_smart_suppression_ids_v1/eval_status,/mnt/shared/zechuan/iraod_artifacts/comparison/rsar/smart_suppression/seed_42/0f98a48/methods/A/eval_full_smart_suppression_ids_v1/class_ap.txt,/mnt/shared/zechuan/iraod_artifacts/comparison/rsar/smart_suppression/seed_42/0f98a48/methods/A/eval_full_smart_suppression_ids_v1/predictions.pkl,/mnt/shared/zechuan/iraod_artifacts/comparison/rsar/smart_suppression/seed_42/0f98a48/methods/A/eval_full_smart_suppression_ids_v1/pred_count.txt,0f98a48b539f9260055fc305784ffbc924f50451,331d2131b84651f0a2930a3d53faeefad8701531,0f98a48b539f9260055fc305784ffbc924f50451,b474aaa5f7718746215ce13beceb071617bb823e,b474aaa5f7718746215ce13beceb071617bb823e,source_producer_corrected_in_report,"{""dataset"": ""RSAR"", ""domain"": ""smart_suppression"", ""method"": ""A"", ""seed"": 42, ""role"": ""source"", ""field"": ""training_code_sha"", ""recorded"": ""0f98a48b539f9260055fc305784ffbc924f50451"", ""actual"": ""b474aaa5f7718746215ce13beceb071617bb823e"", ""source_checkpoint"": ""/mnt/shared/zechuan/iraod_artifacts/rsar_source/seed42-orthonet-ddp4-gpu4567-spg16-gbs64/train/epoch_100.pth"", ""source_weights_sha256"": ""e489f015cc2b67926a415436c97532ff814f826c4861b659cbc712fb9413b98c"", ""source_record"": ""/mnt/shared/zechuan/iraod_artifacts/rsar_source/seed42-orthonet-ddp4-gpu4567-spg16-gbs64/reproducibility/git_commit.txt"", ""source_record_snapshot"": ""/mnt/shared/zechuan/iraod_artifacts/comparison/final_delivery_20260908_4a6bc50/input/source_records/RSAR_producer_git_commit.txt"", ""sidecar"": ""/mnt/shared/zechuan/iraod_artifacts/comparison/rsar/smart_suppression/seed_42/0f98a48/methods/A/eval_full_smart_suppression_ids_v1/predictions.pkl.image_ids.json"", ""sidecar_modified"": false, ""scope"": ""producer metadata only; weights, predictions, IDs and mAP unchanged""}",0.14372646808624268,/mnt/shared/zechuan/iraod_artifacts/comparison/xaf_student_quant_20260908/integration_code_84a1aeb/results/paper_comparison/historical/seed42/raw_results.csv
RSAR,smart_suppression,B,42,student,/mnt/shared/zechuan/iraod_artifacts/comparison/rsar/smart_suppression/seed_42/0f98a48/methods/B/eval_full_smart_suppression_student_ids_v1,/mnt/shared/zechuan/iraod_artifacts/comparison/rsar/smart_suppression/seed_42/0f98a48/methods/B/eval_full_smart_suppression_student_ids_v1/eval_20260908_135248.json,/mnt/shared/zechuan/iraod_artifacts/comparison/rsar/smart_suppression/seed_42/0f98a48/methods/B/eval_full_smart_suppression_student_ids_v1/predictions.pkl.image_ids.json,/mnt/SSD2_8TB/zechuan/IRAOD-New-rc331d213/configs/baseline/oriented_rcnn_orthonet_rsar.py,complete,0.145928755402565,0.145928755402565,[],8538,100524,/mnt/shared/zechuan/iraod_artifacts/comparison/rsar/smart_suppression/seed_42/0f98a48/methods/B/work/iter_266.pth,e489f015cc2b67926a415436c97532ff814f826c4861b659cbc712fb9413b98c,,/mnt/shared/zechuan/iraod_artifacts/comparison/rsar/smart_suppression/seed_42/0f98a48/methods/B/eval_full_smart_suppression_student_ids_v1/eval_status,/mnt/shared/zechuan/iraod_artifacts/comparison/rsar/smart_suppression/seed_42/0f98a48/methods/B/eval_full_smart_suppression_student_ids_v1/class_ap.txt,/mnt/shared/zechuan/iraod_artifacts/comparison/rsar/smart_suppression/seed_42/0f98a48/methods/B/eval_full_smart_suppression_student_ids_v1/predictions.pkl,/mnt/shared/zechuan/iraod_artifacts/comparison/rsar/smart_suppression/seed_42/0f98a48/methods/B/eval_full_smart_suppression_student_ids_v1/pred_count.txt,0f98a48b539f9260055fc305784ffbc924f50451,331d2131b84651f0a2930a3d53faeefad8701531,0f98a48b539f9260055fc305784ffbc924f50451,0f98a48b539f9260055fc305784ffbc924f50451,,recorded_adaptation_producer,,,
RSAR,smart_suppression,B,43,student,/mnt/shared/zechuan/iraod_artifacts/comparison/rsar/smart_suppression/seed_43/0f98a48/methods/B/eval_full_smart_suppression_student_ids_v1,/mnt/shared/zechuan/iraod_artifacts/comparison/rsar/smart_suppression/seed_43/0f98a48/methods/B/eval_full_smart_suppression_student_ids_v1/eval_20260908_135804.json,/mnt/shared/zechuan/iraod_artifacts/comparison/rsar/smart_suppression/seed_43/0f98a48/methods/B/eval_full_smart_suppression_student_ids_v1/predictions.pkl.image_ids.json,/mnt/SSD2_8TB/zechuan/IRAOD-New-rc331d213/configs/baseline/oriented_rcnn_orthonet_rsar.py,complete,0.13092350959777832,0.13092350959777832,[],8538,89094,/mnt/shared/zechuan/iraod_artifacts/comparison/rsar/smart_suppression/seed_43/0f98a48/methods/B/work/iter_266.pth,e489f015cc2b67926a415436c97532ff814f826c4861b659cbc712fb9413b98c,,/mnt/shared/zechuan/iraod_artifacts/comparison/rsar/smart_suppression/seed_43/0f98a48/methods/B/eval_full_smart_suppression_student_ids_v1/eval_status,/mnt/shared/zechuan/iraod_artifacts/comparison/rsar/smart_suppression/seed_43/0f98a48/methods/B/eval_full_smart_suppression_student_ids_v1/class_ap.txt,/mnt/shared/zechuan/iraod_artifacts/comparison/rsar/smart_suppression/seed_43/0f98a48/methods/B/eval_full_smart_suppression_student_ids_v1/predictions.pkl,/mnt/shared/zechuan/iraod_artifacts/comparison/rsar/smart_suppression/seed_43/0f98a48/methods/B/eval_full_smart_suppression_student_ids_v1/pred_count.txt,0f98a48b539f9260055fc305784ffbc924f50451,331d2131b84651f0a2930a3d53faeefad8701531,0f98a48b539f9260055fc305784ffbc924f50451,0f98a48b539f9260055fc305784ffbc924f50451,,recorded_adaptation_producer,,,
RSAR,smart_suppression,B,44,student,/mnt/shared/zechuan/iraod_artifacts/comparison/rsar/smart_suppression/seed_44/0f98a48/methods/B/eval_full_smart_suppression_student_ids_v1,/mnt/shared/zechuan/iraod_artifacts/comparison/rsar/smart_suppression/seed_44/0f98a48/methods/B/eval_full_smart_suppression_student_ids_v1/eval_20260908_140303.json,/mnt/shared/zechuan/iraod_artifacts/comparison/rsar/smart_suppression/seed_44/0f98a48/methods/B/eval_full_smart_suppression_student_ids_v1/predictions.pkl.image_ids.json,/mnt/SSD2_8TB/zechuan/IRAOD-New-rc331d213/configs/baseline/oriented_rcnn_orthonet_rsar.py,complete,0.10520751029253006,0.10520751029253006,[],8538,110154,/mnt/shared/zechuan/iraod_artifacts/comparison/rsar/smart_suppression/seed_44/0f98a48/methods/B/work/iter_266.pth,e489f015cc2b67926a415436c97532ff814f826c4861b659cbc712fb9413b98c,,/mnt/shared/zechuan/iraod_artifacts/comparison/rsar/smart_suppression/seed_44/0f98a48/methods/B/eval_full_smart_suppression_student_ids_v1/eval_status,/mnt/shared/zechuan/iraod_artifacts/comparison/rsar/smart_suppression/seed_44/0f98a48/methods/B/eval_full_smart_suppression_student_ids_v1/class_ap.txt,/mnt/shared/zechuan/iraod_artifacts/comparison/rsar/smart_suppression/seed_44/0f98a48/methods/B/eval_full_smart_suppression_student_ids_v1/predictions.pkl,/mnt/shared/zechuan/iraod_artifacts/comparison/rsar/smart_suppression/seed_44/0f98a48/methods/B/eval_full_smart_suppression_student_ids_v1/pred_count.txt,0f98a48b539f9260055fc305784ffbc924f50451,331d2131b84651f0a2930a3d53faeefad8701531,0f98a48b539f9260055fc305784ffbc924f50451,0f98a48b539f9260055fc305784ffbc924f50451,,recorded_adaptation_producer,,,
RSAR,smart_suppression,C,42,student,/mnt/shared/zechuan/iraod_artifacts/comparison/rsar/smart_suppression/seed_42/0f98a48/methods/C/eval_full_smart_suppression_student_ids_v1,/mnt/shared/zechuan/iraod_artifacts/comparison/rsar/smart_suppression/seed_42/0f98a48/methods/C/eval_full_smart_suppression_student_ids_v1/eval_20260908_135249.json,/mnt/shared/zechuan/iraod_artifacts/comparison/rsar/smart_suppression/seed_42/0f98a48/methods/C/eval_full_smart_suppression_student_ids_v1/predictions.pkl.image_ids.json,/mnt/SSD2_8TB/zechuan/IRAOD-New-rc331d213/configs/baseline/oriented_rcnn_orthonet_rsar.py,complete,0.18815936148166656,0.18815936148166656,[],8538,47041,/mnt/shared/zechuan/iraod_artifacts/comparison/rsar/smart_suppression/seed_42/0f98a48/methods/C/work/iter_266.pth,e489f015cc2b67926a415436c97532ff814f826c4861b659cbc712fb9413b98c,,/mnt/shared/zechuan/iraod_artifacts/comparison/rsar/smart_suppression/seed_42/0f98a48/methods/C/eval_full_smart_suppression_student_ids_v1/eval_status,/mnt/shared/zechuan/iraod_artifacts/comparison/rsar/smart_suppression/seed_42/0f98a48/methods/C/eval_full_smart_suppression_student_ids_v1/class_ap.txt,/mnt/shared/zechuan/iraod_artifacts/comparison/rsar/smart_suppression/seed_42/0f98a48/methods/C/eval_full_smart_suppression_student_ids_v1/predictions.pkl,/mnt/shared/zechuan/iraod_artifacts/comparison/rsar/smart_suppression/seed_42/0f98a48/methods/C/eval_full_smart_suppression_student_ids_v1/pred_count.txt,0f98a48b539f9260055fc305784ffbc924f50451,331d2131b84651f0a2930a3d53faeefad8701531,0f98a48b539f9260055fc305784ffbc924f50451,0f98a48b539f9260055fc305784ffbc924f50451,,recorded_adaptation_producer,,,
RSAR,smart_suppression,C,43,student,/mnt/shared/zechuan/iraod_artifacts/comparison/rsar/smart_suppression/seed_43/0f98a48/methods/C/eval_full_smart_suppression_student_ids_v1,/mnt/shared/zechuan/iraod_artifacts/comparison/rsar/smart_suppression/seed_43/0f98a48/methods/C/eval_full_smart_suppression_student_ids_v1/eval_20260908_135804.json,/mnt/shared/zechuan/iraod_artifacts/comparison/rsar/smart_suppression/seed_43/0f98a48/methods/C/eval_full_smart_suppression_student_ids_v1/predictions.pkl.image_ids.json,/mnt/SSD2_8TB/zechuan/IRAOD-New-rc331d213/configs/baseline/oriented_rcnn_orthonet_rsar.py,complete,0.16904596984386444,0.16904596984386444,[],8538,50329,/mnt/shared/zechuan/iraod_artifacts/comparison/rsar/smart_suppression/seed_43/0f98a48/methods/C/work/iter_266.pth,e489f015cc2b67926a415436c97532ff814f826c4861b659cbc712fb9413b98c,,/mnt/shared/zechuan/iraod_artifacts/comparison/rsar/smart_suppression/seed_43/0f98a48/methods/C/eval_full_smart_suppression_student_ids_v1/eval_status,/mnt/shared/zechuan/iraod_artifacts/comparison/rsar/smart_suppression/seed_43/0f98a48/methods/C/eval_full_smart_suppression_student_ids_v1/class_ap.txt,/mnt/shared/zechuan/iraod_artifacts/comparison/rsar/smart_suppression/seed_43/0f98a48/methods/C/eval_full_smart_suppression_student_ids_v1/predictions.pkl,/mnt/shared/zechuan/iraod_artifacts/comparison/rsar/smart_suppression/seed_43/0f98a48/methods/C/eval_full_smart_suppression_student_ids_v1/pred_count.txt,0f98a48b539f9260055fc305784ffbc924f50451,331d2131b84651f0a2930a3d53faeefad8701531,0f98a48b539f9260055fc305784ffbc924f50451,0f98a48b539f9260055fc305784ffbc924f50451,,recorded_adaptation_producer,,,
RSAR,smart_suppression,C,44,student,/mnt/shared/zechuan/iraod_artifacts/comparison/rsar/smart_suppression/seed_44/0f98a48/methods/C/eval_full_smart_suppression_student_ids_v1,/mnt/shared/zechuan/iraod_artifacts/comparison/rsar/smart_suppression/seed_44/0f98a48/methods/C/eval_full_smart_suppression_student_ids_v1/eval_20260908_140323.json,/mnt/shared/zechuan/iraod_artifacts/comparison/rsar/smart_suppression/seed_44/0f98a48/methods/C/eval_full_smart_suppression_student_ids_v1/predictions.pkl.image_ids.json,/mnt/SSD2_8TB/zechuan/IRAOD-New-rc331d213/configs/baseline/oriented_rcnn_orthonet_rsar.py,complete,0.18722128868103027,0.18722128868103027,[],8538,39776,/mnt/shared/zechuan/iraod_artifacts/comparison/rsar/smart_suppression/seed_44/0f98a48/methods/C/work/iter_266.pth,e489f015cc2b67926a415436c97532ff814f826c4861b659cbc712fb9413b98c,,/mnt/shared/zechuan/iraod_artifacts/comparison/rsar/smart_suppression/seed_44/0f98a48/methods/C/eval_full_smart_suppression_student_ids_v1/eval_status,/mnt/shared/zechuan/iraod_artifacts/comparison/rsar/smart_suppression/seed_44/0f98a48/methods/C/eval_full_smart_suppression_student_ids_v1/class_ap.txt,/mnt/shared/zechuan/iraod_artifacts/comparison/rsar/smart_suppression/seed_44/0f98a48/methods/C/eval_full_smart_suppression_student_ids_v1/predictions.pkl,/mnt/shared/zechuan/iraod_artifacts/comparison/rsar/smart_suppression/seed_44/0f98a48/methods/C/eval_full_smart_suppression_student_ids_v1/pred_count.txt,0f98a48b539f9260055fc305784ffbc924f50451,331d2131b84651f0a2930a3d53faeefad8701531,0f98a48b539f9260055fc305784ffbc924f50451,0f98a48b539f9260055fc305784ffbc924f50451,,recorded_adaptation_producer,,,
RSAR,smart_suppression,D,42,student,/mnt/shared/zechuan/iraod_artifacts/comparison/rsar/smart_suppression/seed_42/0f98a48/methods/D/eval_full_smart_suppression_student_ids_v1,/mnt/shared/zechuan/iraod_artifacts/comparison/rsar/smart_suppression/seed_42/0f98a48/methods/D/eval_full_smart_suppression_student_ids_v1/eval_20260908_135307.json,/mnt/shared/zechuan/iraod_artifacts/comparison/rsar/smart_suppression/seed_42/0f98a48/methods/D/eval_full_smart_suppression_student_ids_v1/predictions.pkl.image_ids.json,/mnt/SSD2_8TB/zechuan/IRAOD-New-rc331d213/configs/baseline/oriented_rcnn_orthonet_rsar.py,complete,0.10281389206647873,0.10281389206647873,[],8538,18427,/mnt/shared/zechuan/iraod_artifacts/comparison/rsar/smart_suppression/seed_42/0f98a48/methods/D/work/iter_266.pth,e489f015cc2b67926a415436c97532ff814f826c4861b659cbc712fb9413b98c,,/mnt/shared/zechuan/iraod_artifacts/comparison/rsar/smart_suppression/seed_42/0f98a48/methods/D/eval_full_smart_suppression_student_ids_v1/eval_status,/mnt/shared/zechuan/iraod_artifacts/comparison/rsar/smart_suppression/seed_42/0f98a48/methods/D/eval_full_smart_suppression_student_ids_v1/class_ap.txt,/mnt/shared/zechuan/iraod_artifacts/comparison/rsar/smart_suppression/seed_42/0f98a48/methods/D/eval_full_smart_suppression_student_ids_v1/predictions.pkl,/mnt/shared/zechuan/iraod_artifacts/comparison/rsar/smart_suppression/seed_42/0f98a48/methods/D/eval_full_smart_suppression_student_ids_v1/pred_count.txt,0f98a48b539f9260055fc305784ffbc924f50451,331d2131b84651f0a2930a3d53faeefad8701531,0f98a48b539f9260055fc305784ffbc924f50451,0f98a48b539f9260055fc305784ffbc924f50451,,recorded_adaptation_producer,,,
RSAR,smart_suppression,D,43,student,/mnt/shared/zechuan/iraod_artifacts/comparison/rsar/smart_suppression/seed_43/0f98a48/methods/D/eval_full_smart_suppression_student_ids_v1,/mnt/shared/zechuan/iraod_artifacts/comparison/rsar/smart_suppression/seed_43/0f98a48/methods/D/eval_full_smart_suppression_student_ids_v1/eval_20260908_135825.json,/mnt/shared/zechuan/iraod_artifacts/comparison/rsar/smart_suppression/seed_43/0f98a48/methods/D/eval_full_smart_suppression_student_ids_v1/predictions.pkl.image_ids.json,/mnt/SSD2_8TB/zechuan/IRAOD-New-rc331d213/configs/baseline/oriented_rcnn_orthonet_rsar.py,complete,0.08242549002170563,0.08242549002170563,[],8538,11299,/mnt/shared/zechuan/iraod_artifacts/comparison/rsar/smart_suppression/seed_43/0f98a48/methods/D/work/iter_266.pth,e489f015cc2b67926a415436c97532ff814f826c4861b659cbc712fb9413b98c,,/mnt/shared/zechuan/iraod_artifacts/comparison/rsar/smart_suppression/seed_43/0f98a48/methods/D/eval_full_smart_suppression_student_ids_v1/eval_status,/mnt/shared/zechuan/iraod_artifacts/comparison/rsar/smart_suppression/seed_43/0f98a48/methods/D/eval_full_smart_suppression_student_ids_v1/class_ap.txt,/mnt/shared/zechuan/iraod_artifacts/comparison/rsar/smart_suppression/seed_43/0f98a48/methods/D/eval_full_smart_suppression_student_ids_v1/predictions.pkl,/mnt/shared/zechuan/iraod_artifacts/comparison/rsar/smart_suppression/seed_43/0f98a48/methods/D/eval_full_smart_suppression_student_ids_v1/pred_count.txt,0f98a48b539f9260055fc305784ffbc924f50451,331d2131b84651f0a2930a3d53faeefad8701531,0f98a48b539f9260055fc305784ffbc924f50451,0f98a48b539f9260055fc305784ffbc924f50451,,recorded_adaptation_producer,,,
RSAR,smart_suppression,D,44,student,/mnt/shared/zechuan/iraod_artifacts/comparison/rsar/smart_suppression/seed_44/0f98a48/methods/D/eval_full_smart_suppression_student_ids_v1,/mnt/shared/zechuan/iraod_artifacts/comparison/rsar/smart_suppression/seed_44/0f98a48/methods/D/eval_full_smart_suppression_student_ids_v1/eval_20260908_140808.json,/mnt/shared/zechuan/iraod_artifacts/comparison/rsar/smart_suppression/seed_44/0f98a48/methods/D/eval_full_smart_suppression_student_ids_v1/predictions.pkl.image_ids.json,/mnt/SSD2_8TB/zechuan/IRAOD-New-rc331d213/configs/baseline/oriented_rcnn_orthonet_rsar.py,complete,0.11682769656181335,0.11682769656181335,[],8538,17872,/mnt/shared/zechuan/iraod_artifacts/comparison/rsar/smart_suppression/seed_44/0f98a48/methods/D/work/iter_266.pth,e489f015cc2b67926a415436c97532ff814f826c4861b659cbc712fb9413b98c,,/mnt/shared/zechuan/iraod_artifacts/comparison/rsar/smart_suppression/seed_44/0f98a48/methods/D/eval_full_smart_suppression_student_ids_v1/eval_status,/mnt/shared/zechuan/iraod_artifacts/comparison/rsar/smart_suppression/seed_44/0f98a48/methods/D/eval_full_smart_suppression_student_ids_v1/class_ap.txt,/mnt/shared/zechuan/iraod_artifacts/comparison/rsar/smart_suppression/seed_44/0f98a48/methods/D/eval_full_smart_suppression_student_ids_v1/predictions.pkl,/mnt/shared/zechuan/iraod_artifacts/comparison/rsar/smart_suppression/seed_44/0f98a48/methods/D/eval_full_smart_suppression_student_ids_v1/pred_count.txt,0f98a48b539f9260055fc305784ffbc924f50451,331d2131b84651f0a2930a3d53faeefad8701531,0f98a48b539f9260055fc305784ffbc924f50451,0f98a48b539f9260055fc305784ffbc924f50451,,recorded_adaptation_producer,,,
RSAR,smart_suppression,E,42,student,/mnt/shared/zechuan/iraod_artifacts/comparison/rsar/smart_suppression/seed_42/0f98a48/methods/E/ddp2/eval_full_smart_suppression_student_ids_v1,/mnt/shared/zechuan/iraod_artifacts/comparison/rsar/smart_suppression/seed_42/0f98a48/methods/E/ddp2/eval_full_smart_suppression_student_ids_v1/eval_20260908_135327.json,/mnt/shared/zechuan/iraod_artifacts/comparison/rsar/smart_suppression/seed_42/0f98a48/methods/E/ddp2/eval_full_smart_suppression_student_ids_v1/predictions.pkl.image_ids.json,/mnt/SSD2_8TB/zechuan/IRAOD-New-rc331d213/configs/baseline/oriented_rcnn_orthonet_rsar.py,complete,0.10028896480798721,0.10028896480798721,[],8538,98472,/mnt/shared/zechuan/iraod_artifacts/comparison/rsar/smart_suppression/seed_42/0f98a48/methods/E/ddp2/work/iter_266.pth,e489f015cc2b67926a415436c97532ff814f826c4861b659cbc712fb9413b98c,,/mnt/shared/zechuan/iraod_artifacts/comparison/rsar/smart_suppression/seed_42/0f98a48/methods/E/ddp2/eval_full_smart_suppression_student_ids_v1/eval_status,/mnt/shared/zechuan/iraod_artifacts/comparison/rsar/smart_suppression/seed_42/0f98a48/methods/E/ddp2/eval_full_smart_suppression_student_ids_v1/class_ap.txt,/mnt/shared/zechuan/iraod_artifacts/comparison/rsar/smart_suppression/seed_42/0f98a48/methods/E/ddp2/eval_full_smart_suppression_student_ids_v1/predictions.pkl,/mnt/shared/zechuan/iraod_artifacts/comparison/rsar/smart_suppression/seed_42/0f98a48/methods/E/ddp2/eval_full_smart_suppression_student_ids_v1/pred_count.txt,0f98a48b539f9260055fc305784ffbc924f50451,331d2131b84651f0a2930a3d53faeefad8701531,0f98a48b539f9260055fc305784ffbc924f50451,0f98a48b539f9260055fc305784ffbc924f50451,,recorded_adaptation_producer,,,
RSAR,smart_suppression,E,43,student,/mnt/shared/zechuan/iraod_artifacts/comparison/rsar/smart_suppression/seed_43/0f98a48/methods/E/ddp2/eval_full_smart_suppression_student_ids_v1,/mnt/shared/zechuan/iraod_artifacts/comparison/rsar/smart_suppression/seed_43/0f98a48/methods/E/ddp2/eval_full_smart_suppression_student_ids_v1/eval_20260908_140256.json,/mnt/shared/zechuan/iraod_artifacts/comparison/rsar/smart_suppression/seed_43/0f98a48/methods/E/ddp2/eval_full_smart_suppression_student_ids_v1/predictions.pkl.image_ids.json,/mnt/SSD2_8TB/zechuan/IRAOD-New-rc331d213/configs/baseline/oriented_rcnn_orthonet_rsar.py,complete,0.10347986221313477,0.10347986221313477,[],8538,109446,/mnt/shared/zechuan/iraod_artifacts/comparison/rsar/smart_suppression/seed_43/0f98a48/methods/E/ddp2/work/iter_266.pth,e489f015cc2b67926a415436c97532ff814f826c4861b659cbc712fb9413b98c,,/mnt/shared/zechuan/iraod_artifacts/comparison/rsar/smart_suppression/seed_43/0f98a48/methods/E/ddp2/eval_full_smart_suppression_student_ids_v1/eval_status,/mnt/shared/zechuan/iraod_artifacts/comparison/rsar/smart_suppression/seed_43/0f98a48/methods/E/ddp2/eval_full_smart_suppression_student_ids_v1/class_ap.txt,/mnt/shared/zechuan/iraod_artifacts/comparison/rsar/smart_suppression/seed_43/0f98a48/methods/E/ddp2/eval_full_smart_suppression_student_ids_v1/predictions.pkl,/mnt/shared/zechuan/iraod_artifacts/comparison/rsar/smart_suppression/seed_43/0f98a48/methods/E/ddp2/eval_full_smart_suppression_student_ids_v1/pred_count.txt,0f98a48b539f9260055fc305784ffbc924f50451,331d2131b84651f0a2930a3d53faeefad8701531,0f98a48b539f9260055fc305784ffbc924f50451,0f98a48b539f9260055fc305784ffbc924f50451,,recorded_adaptation_producer,,,
RSAR,smart_suppression,E,44,student,/mnt/shared/zechuan/iraod_artifacts/comparison/rsar/smart_suppression/seed_44/0f98a48/methods/E/ddp2/eval_full_smart_suppression_student_ids_v1,/mnt/shared/zechuan/iraod_artifacts/comparison/rsar/smart_suppression/seed_44/0f98a48/methods/E/ddp2/eval_full_smart_suppression_student_ids_v1/eval_20260908_140808.json,/mnt/shared/zechuan/iraod_artifacts/comparison/rsar/smart_suppression/seed_44/0f98a48/methods/E/ddp2/eval_full_smart_suppression_student_ids_v1/predictions.pkl.image_ids.json,/mnt/SSD2_8TB/zechuan/IRAOD-New-rc331d213/configs/baseline/oriented_rcnn_orthonet_rsar.py,complete,0.10859072953462601,0.10859072953462601,[],8538,135210,/mnt/shared/zechuan/iraod_artifacts/comparison/rsar/smart_suppression/seed_44/0f98a48/methods/E/ddp2/work/iter_266.pth,e489f015cc2b67926a415436c97532ff814f826c4861b659cbc712fb9413b98c,,/mnt/shared/zechuan/iraod_artifacts/comparison/rsar/smart_suppression/seed_44/0f98a48/methods/E/ddp2/eval_full_smart_suppression_student_ids_v1/eval_status,/mnt/shared/zechuan/iraod_artifacts/comparison/rsar/smart_suppression/seed_44/0f98a48/methods/E/ddp2/eval_full_smart_suppression_student_ids_v1/class_ap.txt,/mnt/shared/zechuan/iraod_artifacts/comparison/rsar/smart_suppression/seed_44/0f98a48/methods/E/ddp2/eval_full_smart_suppression_student_ids_v1/predictions.pkl,/mnt/shared/zechuan/iraod_artifacts/comparison/rsar/smart_suppression/seed_44/0f98a48/methods/E/ddp2/eval_full_smart_suppression_student_ids_v1/pred_count.txt,0f98a48b539f9260055fc305784ffbc924f50451,331d2131b84651f0a2930a3d53faeefad8701531,0f98a48b539f9260055fc305784ffbc924f50451,0f98a48b539f9260055fc305784ffbc924f50451,,recorded_adaptation_producer,,,
RSAR,smart_suppression,F,42,student,/mnt/shared/zechuan/iraod_artifacts/comparison/rsar/smart_suppression/seed_42/0f98a48/methods/F/ddp2/eval_full_smart_suppression_student_ids_v1,/mnt/shared/zechuan/iraod_artifacts/comparison/rsar/smart_suppression/seed_42/0f98a48/methods/F/ddp2/eval_full_smart_suppression_student_ids_v1/eval_20260908_135804.json,/mnt/shared/zechuan/iraod_artifacts/comparison/rsar/smart_suppression/seed_42/0f98a48/methods/F/ddp2/eval_full_smart_suppression_student_ids_v1/predictions.pkl.image_ids.json,/mnt/SSD2_8TB/zechuan/IRAOD-New-rc331d213/configs/baseline/oriented_rcnn_orthonet_rsar.py,complete,0.08131196349859238,0.08131196349859238,[],8538,24827,/mnt/shared/zechuan/iraod_artifacts/comparison/rsar/smart_suppression/seed_42/0f98a48/methods/F/ddp2/work/iter_266.pth,e489f015cc2b67926a415436c97532ff814f826c4861b659cbc712fb9413b98c,,/mnt/shared/zechuan/iraod_artifacts/comparison/rsar/smart_suppression/seed_42/0f98a48/methods/F/ddp2/eval_full_smart_suppression_student_ids_v1/eval_status,/mnt/shared/zechuan/iraod_artifacts/comparison/rsar/smart_suppression/seed_42/0f98a48/methods/F/ddp2/eval_full_smart_suppression_student_ids_v1/class_ap.txt,/mnt/shared/zechuan/iraod_artifacts/comparison/rsar/smart_suppression/seed_42/0f98a48/methods/F/ddp2/eval_full_smart_suppression_student_ids_v1/predictions.pkl,/mnt/shared/zechuan/iraod_artifacts/comparison/rsar/smart_suppression/seed_42/0f98a48/methods/F/ddp2/eval_full_smart_suppression_student_ids_v1/pred_count.txt,0f98a48b539f9260055fc305784ffbc924f50451,331d2131b84651f0a2930a3d53faeefad8701531,0f98a48b539f9260055fc305784ffbc924f50451,0f98a48b539f9260055fc305784ffbc924f50451,,recorded_adaptation_producer,,,
RSAR,smart_suppression,F,43,student,/mnt/shared/zechuan/iraod_artifacts/comparison/rsar/smart_suppression/seed_43/0f98a48/methods/F/ddp2/eval_full_smart_suppression_student_ids_v1,/mnt/shared/zechuan/iraod_artifacts/comparison/rsar/smart_suppression/seed_43/0f98a48/methods/F/ddp2/eval_full_smart_suppression_student_ids_v1/eval_20260908_140259.json,/mnt/shared/zechuan/iraod_artifacts/comparison/rsar/smart_suppression/seed_43/0f98a48/methods/F/ddp2/eval_full_smart_suppression_student_ids_v1/predictions.pkl.image_ids.json,/mnt/SSD2_8TB/zechuan/IRAOD-New-rc331d213/configs/baseline/oriented_rcnn_orthonet_rsar.py,complete,0.04204362630844116,0.04204362630844116,[],8538,43426,/mnt/shared/zechuan/iraod_artifacts/comparison/rsar/smart_suppression/seed_43/0f98a48/methods/F/ddp2/work/iter_266.pth,e489f015cc2b67926a415436c97532ff814f826c4861b659cbc712fb9413b98c,,/mnt/shared/zechuan/iraod_artifacts/comparison/rsar/smart_suppression/seed_43/0f98a48/methods/F/ddp2/eval_full_smart_suppression_student_ids_v1/eval_status,/mnt/shared/zechuan/iraod_artifacts/comparison/rsar/smart_suppression/seed_43/0f98a48/methods/F/ddp2/eval_full_smart_suppression_student_ids_v1/class_ap.txt,/mnt/shared/zechuan/iraod_artifacts/comparison/rsar/smart_suppression/seed_43/0f98a48/methods/F/ddp2/eval_full_smart_suppression_student_ids_v1/predictions.pkl,/mnt/shared/zechuan/iraod_artifacts/comparison/rsar/smart_suppression/seed_43/0f98a48/methods/F/ddp2/eval_full_smart_suppression_student_ids_v1/pred_count.txt,0f98a48b539f9260055fc305784ffbc924f50451,331d2131b84651f0a2930a3d53faeefad8701531,0f98a48b539f9260055fc305784ffbc924f50451,0f98a48b539f9260055fc305784ffbc924f50451,,recorded_adaptation_producer,,,
RSAR,smart_suppression,F,44,student,/mnt/shared/zechuan/iraod_artifacts/comparison/rsar/smart_suppression/seed_44/0f98a48/methods/F/ddp2/eval_full_smart_suppression_student_ids_v1,/mnt/shared/zechuan/iraod_artifacts/comparison/rsar/smart_suppression/seed_44/0f98a48/methods/F/ddp2/eval_full_smart_suppression_student_ids_v1/eval_20260908_140808.json,/mnt/shared/zechuan/iraod_artifacts/comparison/rsar/smart_suppression/seed_44/0f98a48/methods/F/ddp2/eval_full_smart_suppression_student_ids_v1/predictions.pkl.image_ids.json,/mnt/SSD2_8TB/zechuan/IRAOD-New-rc331d213/configs/baseline/oriented_rcnn_orthonet_rsar.py,complete,0.1138477548956871,0.1138477548956871,[],8538,38014,/mnt/shared/zechuan/iraod_artifacts/comparison/rsar/smart_suppression/seed_44/0f98a48/methods/F/ddp2/work/iter_266.pth,e489f015cc2b67926a415436c97532ff814f826c4861b659cbc712fb9413b98c,,/mnt/shared/zechuan/iraod_artifacts/comparison/rsar/smart_suppression/seed_44/0f98a48/methods/F/ddp2/eval_full_smart_suppression_student_ids_v1/eval_status,/mnt/shared/zechuan/iraod_artifacts/comparison/rsar/smart_suppression/seed_44/0f98a48/methods/F/ddp2/eval_full_smart_suppression_student_ids_v1/class_ap.txt,/mnt/shared/zechuan/iraod_artifacts/comparison/rsar/smart_suppression/seed_44/0f98a48/methods/F/ddp2/eval_full_smart_suppression_student_ids_v1/predictions.pkl,/mnt/shared/zechuan/iraod_artifacts/comparison/rsar/smart_suppression/seed_44/0f98a48/methods/F/ddp2/eval_full_smart_suppression_student_ids_v1/pred_count.txt,0f98a48b539f9260055fc305784ffbc924f50451,331d2131b84651f0a2930a3d53faeefad8701531,0f98a48b539f9260055fc305784ffbc924f50451,0f98a48b539f9260055fc305784ffbc924f50451,,recorded_adaptation_producer,,,
RSAR,am_noise_vertical,A,42,source,/mnt/shared/zechuan/iraod_artifacts/comparison/rsar/am_noise_vertical/seed_42/0f98a48/methods/A/eval_full_am_noise_vertical_ids_v1,/mnt/shared/zechuan/iraod_artifacts/comparison/rsar/am_noise_vertical/seed_42/0f98a48/methods/A/eval_full_am_noise_vertical_ids_v1/eval_20260907_163933.json,/mnt/shared/zechuan/iraod_artifacts/comparison/rsar/am_noise_vertical/seed_42/0f98a48/methods/A/eval_full_am_noise_vertical_ids_v1/predictions.pkl.image_ids.json,/mnt/SSD2_8TB/zechuan/IRAOD-New-rc331d213/configs/baseline/oriented_rcnn_orthonet_rsar.py,complete,0.19074364006519318,0.19074364006519318,[],8538,83766,/mnt/shared/zechuan/iraod_artifacts/rsar_source/seed42-orthonet-ddp4-gpu4567-spg16-gbs64/train/epoch_100.pth,e489f015cc2b67926a415436c97532ff814f826c4861b659cbc712fb9413b98c,,/mnt/shared/zechuan/iraod_artifacts/comparison/rsar/am_noise_vertical/seed_42/0f98a48/methods/A/eval_full_am_noise_vertical_ids_v1/eval_status,/mnt/shared/zechuan/iraod_artifacts/comparison/rsar/am_noise_vertical/seed_42/0f98a48/methods/A/eval_full_am_noise_vertical_ids_v1/class_ap.txt,/mnt/shared/zechuan/iraod_artifacts/comparison/rsar/am_noise_vertical/seed_42/0f98a48/methods/A/eval_full_am_noise_vertical_ids_v1/predictions.pkl,/mnt/shared/zechuan/iraod_artifacts/comparison/rsar/am_noise_vertical/seed_42/0f98a48/methods/A/eval_full_am_noise_vertical_ids_v1/pred_count.txt,0f98a48b539f9260055fc305784ffbc924f50451,331d2131b84651f0a2930a3d53faeefad8701531,0f98a48b539f9260055fc305784ffbc924f50451,b474aaa5f7718746215ce13beceb071617bb823e,b474aaa5f7718746215ce13beceb071617bb823e,source_producer_corrected_in_report,"{""dataset"": ""RSAR"", ""domain"": ""am_noise_vertical"", ""method"": ""A"", ""seed"": 42, ""role"": ""source"", ""field"": ""training_code_sha"", ""recorded"": ""0f98a48b539f9260055fc305784ffbc924f50451"", ""actual"": ""b474aaa5f7718746215ce13beceb071617bb823e"", ""source_checkpoint"": ""/mnt/shared/zechuan/iraod_artifacts/rsar_source/seed42-orthonet-ddp4-gpu4567-spg16-gbs64/train/epoch_100.pth"", ""source_weights_sha256"": ""e489f015cc2b67926a415436c97532ff814f826c4861b659cbc712fb9413b98c"", ""source_record"": ""/mnt/shared/zechuan/iraod_artifacts/rsar_source/seed42-orthonet-ddp4-gpu4567-spg16-gbs64/reproducibility/git_commit.txt"", ""source_record_snapshot"": ""/mnt/shared/zechuan/iraod_artifacts/comparison/final_delivery_20260908_4a6bc50/input/source_records/RSAR_producer_git_commit.txt"", ""sidecar"": ""/mnt/shared/zechuan/iraod_artifacts/comparison/rsar/am_noise_vertical/seed_42/0f98a48/methods/A/eval_full_am_noise_vertical_ids_v1/predictions.pkl.image_ids.json"", ""sidecar_modified"": false, ""scope"": ""producer metadata only; weights, predictions, IDs and mAP unchanged""}",0.19074364006519318,/mnt/shared/zechuan/iraod_artifacts/comparison/xaf_student_quant_20260908/integration_code_84a1aeb/results/paper_comparison/historical/seed42/raw_results.csv
RSAR,am_noise_vertical,B,42,student,/mnt/shared/zechuan/iraod_artifacts/comparison/rsar/am_noise_vertical/seed_42/0f98a48/methods/B/eval_full_am_noise_vertical_student_ids_v1,/mnt/shared/zechuan/iraod_artifacts/comparison/rsar/am_noise_vertical/seed_42/0f98a48/methods/B/eval_full_am_noise_vertical_student_ids_v1/eval_20260908_144849.json,/mnt/shared/zechuan/iraod_artifacts/comparison/rsar/am_noise_vertical/seed_42/0f98a48/methods/B/eval_full_am_noise_vertical_student_ids_v1/predictions.pkl.image_ids.json,/mnt/SSD2_8TB/zechuan/IRAOD-New-rc331d213/configs/baseline/oriented_rcnn_orthonet_rsar.py,complete,0.11726128309965134,0.11726128309965134,[],8538,38951,/mnt/shared/zechuan/iraod_artifacts/comparison/rsar/am_noise_vertical/seed_42/0f98a48/methods/B/work/iter_266.pth,e489f015cc2b67926a415436c97532ff814f826c4861b659cbc712fb9413b98c,,/mnt/shared/zechuan/iraod_artifacts/comparison/rsar/am_noise_vertical/seed_42/0f98a48/methods/B/eval_full_am_noise_vertical_student_ids_v1/eval_status,/mnt/shared/zechuan/iraod_artifacts/comparison/rsar/am_noise_vertical/seed_42/0f98a48/methods/B/eval_full_am_noise_vertical_student_ids_v1/class_ap.txt,/mnt/shared/zechuan/iraod_artifacts/comparison/rsar/am_noise_vertical/seed_42/0f98a48/methods/B/eval_full_am_noise_vertical_student_ids_v1/predictions.pkl,/mnt/shared/zechuan/iraod_artifacts/comparison/rsar/am_noise_vertical/seed_42/0f98a48/methods/B/eval_full_am_noise_vertical_student_ids_v1/pred_count.txt,0f98a48b539f9260055fc305784ffbc924f50451,331d2131b84651f0a2930a3d53faeefad8701531,0f98a48b539f9260055fc305784ffbc924f50451,0f98a48b539f9260055fc305784ffbc924f50451,,recorded_adaptation_producer,,,
RSAR,am_noise_vertical,B,43,student,/mnt/shared/zechuan/iraod_artifacts/comparison/rsar/am_noise_vertical/seed_43/0f98a48/methods/B/eval_full_am_noise_vertical_student_ids_v1,/mnt/shared/zechuan/iraod_artifacts/comparison/rsar/am_noise_vertical/seed_43/0f98a48/methods/B/eval_full_am_noise_vertical_student_ids_v1/eval_20260908_145351.json,/mnt/shared/zechuan/iraod_artifacts/comparison/rsar/am_noise_vertical/seed_43/0f98a48/methods/B/eval_full_am_noise_vertical_student_ids_v1/predictions.pkl.image_ids.json,/mnt/SSD2_8TB/zechuan/IRAOD-New-rc331d213/configs/baseline/oriented_rcnn_orthonet_rsar.py,complete,0.09321838617324829,0.09321838617324829,[],8538,17191,/mnt/shared/zechuan/iraod_artifacts/comparison/rsar/am_noise_vertical/seed_43/0f98a48/methods/B/work/iter_266.pth,e489f015cc2b67926a415436c97532ff814f826c4861b659cbc712fb9413b98c,,/mnt/shared/zechuan/iraod_artifacts/comparison/rsar/am_noise_vertical/seed_43/0f98a48/methods/B/eval_full_am_noise_vertical_student_ids_v1/eval_status,/mnt/shared/zechuan/iraod_artifacts/comparison/rsar/am_noise_vertical/seed_43/0f98a48/methods/B/eval_full_am_noise_vertical_student_ids_v1/class_ap.txt,/mnt/shared/zechuan/iraod_artifacts/comparison/rsar/am_noise_vertical/seed_43/0f98a48/methods/B/eval_full_am_noise_vertical_student_ids_v1/predictions.pkl,/mnt/shared/zechuan/iraod_artifacts/comparison/rsar/am_noise_vertical/seed_43/0f98a48/methods/B/eval_full_am_noise_vertical_student_ids_v1/pred_count.txt,0f98a48b539f9260055fc305784ffbc924f50451,331d2131b84651f0a2930a3d53faeefad8701531,0f98a48b539f9260055fc305784ffbc924f50451,0f98a48b539f9260055fc305784ffbc924f50451,,recorded_adaptation_producer,,,
RSAR,am_noise_vertical,B,44,student,/mnt/shared/zechuan/iraod_artifacts/comparison/rsar/am_noise_vertical/seed_44/0f98a48/methods/B/eval_full_am_noise_vertical_student_ids_v1,/mnt/shared/zechuan/iraod_artifacts/comparison/rsar/am_noise_vertical/seed_44/0f98a48/methods/B/eval_full_am_noise_vertical_student_ids_v1/eval_20260908_145852.json,/mnt/shared/zechuan/iraod_artifacts/comparison/rsar/am_noise_vertical/seed_44/0f98a48/methods/B/eval_full_am_noise_vertical_student_ids_v1/predictions.pkl.image_ids.json,/mnt/SSD2_8TB/zechuan/IRAOD-New-rc331d213/configs/baseline/oriented_rcnn_orthonet_rsar.py,complete,0.13541561365127563,0.13541561365127563,[],8538,94722,/mnt/shared/zechuan/iraod_artifacts/comparison/rsar/am_noise_vertical/seed_44/0f98a48/methods/B/work/iter_266.pth,e489f015cc2b67926a415436c97532ff814f826c4861b659cbc712fb9413b98c,,/mnt/shared/zechuan/iraod_artifacts/comparison/rsar/am_noise_vertical/seed_44/0f98a48/methods/B/eval_full_am_noise_vertical_student_ids_v1/eval_status,/mnt/shared/zechuan/iraod_artifacts/comparison/rsar/am_noise_vertical/seed_44/0f98a48/methods/B/eval_full_am_noise_vertical_student_ids_v1/class_ap.txt,/mnt/shared/zechuan/iraod_artifacts/comparison/rsar/am_noise_vertical/seed_44/0f98a48/methods/B/eval_full_am_noise_vertical_student_ids_v1/predictions.pkl,/mnt/shared/zechuan/iraod_artifacts/comparison/rsar/am_noise_vertical/seed_44/0f98a48/methods/B/eval_full_am_noise_vertical_student_ids_v1/pred_count.txt,0f98a48b539f9260055fc305784ffbc924f50451,331d2131b84651f0a2930a3d53faeefad8701531,0f98a48b539f9260055fc305784ffbc924f50451,0f98a48b539f9260055fc305784ffbc924f50451,,recorded_adaptation_producer,,,
RSAR,am_noise_vertical,C,42,student,/mnt/shared/zechuan/iraod_artifacts/comparison/rsar/am_noise_vertical/seed_42/0f98a48/methods/C/eval_full_am_noise_vertical_student_ids_v1,/mnt/shared/zechuan/iraod_artifacts/comparison/rsar/am_noise_vertical/seed_42/0f98a48/methods/C/eval_full_am_noise_vertical_student_ids_v1/eval_20260908_144850.json,/mnt/shared/zechuan/iraod_artifacts/comparison/rsar/am_noise_vertical/seed_42/0f98a48/methods/C/eval_full_am_noise_vertical_student_ids_v1/predictions.pkl.image_ids.json,/mnt/SSD2_8TB/zechuan/IRAOD-New-rc331d213/configs/baseline/oriented_rcnn_orthonet_rsar.py,complete,0.12092024832963943,0.12092024832963943,[],8538,25382,/mnt/shared/zechuan/iraod_artifacts/comparison/rsar/am_noise_vertical/seed_42/0f98a48/methods/C/work/iter_266.pth,e489f015cc2b67926a415436c97532ff814f826c4861b659cbc712fb9413b98c,,/mnt/shared/zechuan/iraod_artifacts/comparison/rsar/am_noise_vertical/seed_42/0f98a48/methods/C/eval_full_am_noise_vertical_student_ids_v1/eval_status,/mnt/shared/zechuan/iraod_artifacts/comparison/rsar/am_noise_vertical/seed_42/0f98a48/methods/C/eval_full_am_noise_vertical_student_ids_v1/class_ap.txt,/mnt/shared/zechuan/iraod_artifacts/comparison/rsar/am_noise_vertical/seed_42/0f98a48/methods/C/eval_full_am_noise_vertical_student_ids_v1/predictions.pkl,/mnt/shared/zechuan/iraod_artifacts/comparison/rsar/am_noise_vertical/seed_42/0f98a48/methods/C/eval_full_am_noise_vertical_student_ids_v1/pred_count.txt,0f98a48b539f9260055fc305784ffbc924f50451,331d2131b84651f0a2930a3d53faeefad8701531,0f98a48b539f9260055fc305784ffbc924f50451,0f98a48b539f9260055fc305784ffbc924f50451,,recorded_adaptation_producer,,,
RSAR,am_noise_vertical,C,43,student,/mnt/shared/zechuan/iraod_artifacts/comparison/rsar/am_noise_vertical/seed_43/0f98a48/methods/C/eval_full_am_noise_vertical_student_ids_v1,/mnt/shared/zechuan/iraod_artifacts/comparison/rsar/am_noise_vertical/seed_43/0f98a48/methods/C/eval_full_am_noise_vertical_student_ids_v1/eval_20260908_145353.json,/mnt/shared/zechuan/iraod_artifacts/comparison/rsar/am_noise_vertical/seed_43/0f98a48/methods/C/eval_full_am_noise_vertical_student_ids_v1/predictions.pkl.image_ids.json,/mnt/SSD2_8TB/zechuan/IRAOD-New-rc331d213/configs/baseline/oriented_rcnn_orthonet_rsar.py,complete,0.14104224741458893,0.14104224741458893,[],8538,18761,/mnt/shared/zechuan/iraod_artifacts/comparison/rsar/am_noise_vertical/seed_43/0f98a48/methods/C/work/iter_266.pth,e489f015cc2b67926a415436c97532ff814f826c4861b659cbc712fb9413b98c,,/mnt/shared/zechuan/iraod_artifacts/comparison/rsar/am_noise_vertical/seed_43/0f98a48/methods/C/eval_full_am_noise_vertical_student_ids_v1/eval_status,/mnt/shared/zechuan/iraod_artifacts/comparison/rsar/am_noise_vertical/seed_43/0f98a48/methods/C/eval_full_am_noise_vertical_student_ids_v1/class_ap.txt,/mnt/shared/zechuan/iraod_artifacts/comparison/rsar/am_noise_vertical/seed_43/0f98a48/methods/C/eval_full_am_noise_vertical_student_ids_v1/predictions.pkl,/mnt/shared/zechuan/iraod_artifacts/comparison/rsar/am_noise_vertical/seed_43/0f98a48/methods/C/eval_full_am_noise_vertical_student_ids_v1/pred_count.txt,0f98a48b539f9260055fc305784ffbc924f50451,331d2131b84651f0a2930a3d53faeefad8701531,0f98a48b539f9260055fc305784ffbc924f50451,0f98a48b539f9260055fc305784ffbc924f50451,,recorded_adaptation_producer,,,
RSAR,am_noise_vertical,C,44,student,/mnt/shared/zechuan/iraod_artifacts/comparison/rsar/am_noise_vertical/seed_44/0f98a48/methods/C/eval_full_am_noise_vertical_student_ids_v1,/mnt/shared/zechuan/iraod_artifacts/comparison/rsar/am_noise_vertical/seed_44/0f98a48/methods/C/eval_full_am_noise_vertical_student_ids_v1/eval_20260908_150246.json,/mnt/shared/zechuan/iraod_artifacts/comparison/rsar/am_noise_vertical/seed_44/0f98a48/methods/C/eval_full_am_noise_vertical_student_ids_v1/predictions.pkl.image_ids.json,/mnt/SSD2_8TB/zechuan/IRAOD-New-rc331d213/configs/baseline/oriented_rcnn_orthonet_rsar.py,complete,0.12363197654485703,0.12363197654485703,[],8538,15581,/mnt/shared/zechuan/iraod_artifacts/comparison/rsar/am_noise_vertical/seed_44/0f98a48/methods/C/work/iter_266.pth,e489f015cc2b67926a415436c97532ff814f826c4861b659cbc712fb9413b98c,,/mnt/shared/zechuan/iraod_artifacts/comparison/rsar/am_noise_vertical/seed_44/0f98a48/methods/C/eval_full_am_noise_vertical_student_ids_v1/eval_status,/mnt/shared/zechuan/iraod_artifacts/comparison/rsar/am_noise_vertical/seed_44/0f98a48/methods/C/eval_full_am_noise_vertical_student_ids_v1/class_ap.txt,/mnt/shared/zechuan/iraod_artifacts/comparison/rsar/am_noise_vertical/seed_44/0f98a48/methods/C/eval_full_am_noise_vertical_student_ids_v1/predictions.pkl,/mnt/shared/zechuan/iraod_artifacts/comparison/rsar/am_noise_vertical/seed_44/0f98a48/methods/C/eval_full_am_noise_vertical_student_ids_v1/pred_count.txt,0f98a48b539f9260055fc305784ffbc924f50451,331d2131b84651f0a2930a3d53faeefad8701531,0f98a48b539f9260055fc305784ffbc924f50451,0f98a48b539f9260055fc305784ffbc924f50451,,recorded_adaptation_producer,,,
RSAR,am_noise_vertical,D,42,student,/mnt/shared/zechuan/iraod_artifacts/comparison/rsar/am_noise_vertical/seed_42/0f98a48/methods/D/eval_full_am_noise_vertical_student_ids_v1,/mnt/shared/zechuan/iraod_artifacts/comparison/rsar/am_noise_vertical/seed_42/0f98a48/methods/D/eval_full_am_noise_vertical_student_ids_v1/eval_20260908_144853.json,/mnt/shared/zechuan/iraod_artifacts/comparison/rsar/am_noise_vertical/seed_42/0f98a48/methods/D/eval_full_am_noise_vertical_student_ids_v1/predictions.pkl.image_ids.json,/mnt/SSD2_8TB/zechuan/IRAOD-New-rc331d213/configs/baseline/oriented_rcnn_orthonet_rsar.py,complete,0.04259747639298439,0.04259747639298439,[],8538,4284,/mnt/shared/zechuan/iraod_artifacts/comparison/rsar/am_noise_vertical/seed_42/0f98a48/methods/D/work/iter_266.pth,e489f015cc2b67926a415436c97532ff814f826c4861b659cbc712fb9413b98c,,/mnt/shared/zechuan/iraod_artifacts/comparison/rsar/am_noise_vertical/seed_42/0f98a48/methods/D/eval_full_am_noise_vertical_student_ids_v1/eval_status,/mnt/shared/zechuan/iraod_artifacts/comparison/rsar/am_noise_vertical/seed_42/0f98a48/methods/D/eval_full_am_noise_vertical_student_ids_v1/class_ap.txt,/mnt/shared/zechuan/iraod_artifacts/comparison/rsar/am_noise_vertical/seed_42/0f98a48/methods/D/eval_full_am_noise_vertical_student_ids_v1/predictions.pkl,/mnt/shared/zechuan/iraod_artifacts/comparison/rsar/am_noise_vertical/seed_42/0f98a48/methods/D/eval_full_am_noise_vertical_student_ids_v1/pred_count.txt,0f98a48b539f9260055fc305784ffbc924f50451,331d2131b84651f0a2930a3d53faeefad8701531,0f98a48b539f9260055fc305784ffbc924f50451,0f98a48b539f9260055fc305784ffbc924f50451,,recorded_adaptation_producer,,,
RSAR,am_noise_vertical,D,43,student,/mnt/shared/zechuan/iraod_artifacts/comparison/rsar/am_noise_vertical/seed_43/0f98a48/methods/D/eval_full_am_noise_vertical_student_ids_v1,/mnt/shared/zechuan/iraod_artifacts/comparison/rsar/am_noise_vertical/seed_43/0f98a48/methods/D/eval_full_am_noise_vertical_student_ids_v1/eval_20260908_145759.json,/mnt/shared/zechuan/iraod_artifacts/comparison/rsar/am_noise_vertical/seed_43/0f98a48/methods/D/eval_full_am_noise_vertical_student_ids_v1/predictions.pkl.image_ids.json,/mnt/SSD2_8TB/zechuan/IRAOD-New-rc331d213/configs/baseline/oriented_rcnn_orthonet_rsar.py,complete,0.041500747203826904,0.041500747203826904,[],8538,504,/mnt/shared/zechuan/iraod_artifacts/comparison/rsar/am_noise_vertical/seed_43/0f98a48/methods/D/work/iter_266.pth,e489f015cc2b67926a415436c97532ff814f826c4861b659cbc712fb9413b98c,,/mnt/shared/zechuan/iraod_artifacts/comparison/rsar/am_noise_vertical/seed_43/0f98a48/methods/D/eval_full_am_noise_vertical_student_ids_v1/eval_status,/mnt/shared/zechuan/iraod_artifacts/comparison/rsar/am_noise_vertical/seed_43/0f98a48/methods/D/eval_full_am_noise_vertical_student_ids_v1/class_ap.txt,/mnt/shared/zechuan/iraod_artifacts/comparison/rsar/am_noise_vertical/seed_43/0f98a48/methods/D/eval_full_am_noise_vertical_student_ids_v1/predictions.pkl,/mnt/shared/zechuan/iraod_artifacts/comparison/rsar/am_noise_vertical/seed_43/0f98a48/methods/D/eval_full_am_noise_vertical_student_ids_v1/pred_count.txt,0f98a48b539f9260055fc305784ffbc924f50451,331d2131b84651f0a2930a3d53faeefad8701531,0f98a48b539f9260055fc305784ffbc924f50451,0f98a48b539f9260055fc305784ffbc924f50451,,recorded_adaptation_producer,,,
RSAR,am_noise_vertical,D,44,student,/mnt/shared/zechuan/iraod_artifacts/comparison/rsar/am_noise_vertical/seed_44/0f98a48/methods/D/eval_full_am_noise_vertical_student_ids_v1,/mnt/shared/zechuan/iraod_artifacts/comparison/rsar/am_noise_vertical/seed_44/0f98a48/methods/D/eval_full_am_noise_vertical_student_ids_v1/eval_20260908_150346.json,/mnt/shared/zechuan/iraod_artifacts/comparison/rsar/am_noise_vertical/seed_44/0f98a48/methods/D/eval_full_am_noise_vertical_student_ids_v1/predictions.pkl.image_ids.json,/mnt/SSD2_8TB/zechuan/IRAOD-New-rc331d213/configs/baseline/oriented_rcnn_orthonet_rsar.py,complete,0.0639532282948494,0.0639532282948494,[],8538,3436,/mnt/shared/zechuan/iraod_artifacts/comparison/rsar/am_noise_vertical/seed_44/0f98a48/methods/D/work/iter_266.pth,e489f015cc2b67926a415436c97532ff814f826c4861b659cbc712fb9413b98c,,/mnt/shared/zechuan/iraod_artifacts/comparison/rsar/am_noise_vertical/seed_44/0f98a48/methods/D/eval_full_am_noise_vertical_student_ids_v1/eval_status,/mnt/shared/zechuan/iraod_artifacts/comparison/rsar/am_noise_vertical/seed_44/0f98a48/methods/D/eval_full_am_noise_vertical_student_ids_v1/class_ap.txt,/mnt/shared/zechuan/iraod_artifacts/comparison/rsar/am_noise_vertical/seed_44/0f98a48/methods/D/eval_full_am_noise_vertical_student_ids_v1/predictions.pkl,/mnt/shared/zechuan/iraod_artifacts/comparison/rsar/am_noise_vertical/seed_44/0f98a48/methods/D/eval_full_am_noise_vertical_student_ids_v1/pred_count.txt,0f98a48b539f9260055fc305784ffbc924f50451,331d2131b84651f0a2930a3d53faeefad8701531,0f98a48b539f9260055fc305784ffbc924f50451,0f98a48b539f9260055fc305784ffbc924f50451,,recorded_adaptation_producer,,,
RSAR,am_noise_vertical,E,42,student,/mnt/shared/zechuan/iraod_artifacts/comparison/rsar/am_noise_vertical/seed_42/0f98a48/methods/E/ddp2/eval_full_am_noise_vertical_student_ids_v1,/mnt/shared/zechuan/iraod_artifacts/comparison/rsar/am_noise_vertical/seed_42/0f98a48/methods/E/ddp2/eval_full_am_noise_vertical_student_ids_v1/eval_20260908_145315.json,/mnt/shared/zechuan/iraod_artifacts/comparison/rsar/am_noise_vertical/seed_42/0f98a48/methods/E/ddp2/eval_full_am_noise_vertical_student_ids_v1/predictions.pkl.image_ids.json,/mnt/SSD2_8TB/zechuan/IRAOD-New-rc331d213/configs/baseline/oriented_rcnn_orthonet_rsar.py,complete,0.15664567053318024,0.15664567053318024,[],8538,80231,/mnt/shared/zechuan/iraod_artifacts/comparison/rsar/am_noise_vertical/seed_42/0f98a48/methods/E/ddp2/work/iter_266.pth,e489f015cc2b67926a415436c97532ff814f826c4861b659cbc712fb9413b98c,,/mnt/shared/zechuan/iraod_artifacts/comparison/rsar/am_noise_vertical/seed_42/0f98a48/methods/E/ddp2/eval_full_am_noise_vertical_student_ids_v1/eval_status,/mnt/shared/zechuan/iraod_artifacts/comparison/rsar/am_noise_vertical/seed_42/0f98a48/methods/E/ddp2/eval_full_am_noise_vertical_student_ids_v1/class_ap.txt,/mnt/shared/zechuan/iraod_artifacts/comparison/rsar/am_noise_vertical/seed_42/0f98a48/methods/E/ddp2/eval_full_am_noise_vertical_student_ids_v1/predictions.pkl,/mnt/shared/zechuan/iraod_artifacts/comparison/rsar/am_noise_vertical/seed_42/0f98a48/methods/E/ddp2/eval_full_am_noise_vertical_student_ids_v1/pred_count.txt,0f98a48b539f9260055fc305784ffbc924f50451,331d2131b84651f0a2930a3d53faeefad8701531,0f98a48b539f9260055fc305784ffbc924f50451,0f98a48b539f9260055fc305784ffbc924f50451,,recorded_adaptation_producer,,,
RSAR,am_noise_vertical,E,43,student,/mnt/shared/zechuan/iraod_artifacts/comparison/rsar/am_noise_vertical/seed_43/0f98a48/methods/E/ddp2/eval_full_am_noise_vertical_student_ids_v1,/mnt/shared/zechuan/iraod_artifacts/comparison/rsar/am_noise_vertical/seed_43/0f98a48/methods/E/ddp2/eval_full_am_noise_vertical_student_ids_v1/eval_20260908_145847.json,/mnt/shared/zechuan/iraod_artifacts/comparison/rsar/am_noise_vertical/seed_43/0f98a48/methods/E/ddp2/eval_full_am_noise_vertical_student_ids_v1/predictions.pkl.image_ids.json,/mnt/SSD2_8TB/zechuan/IRAOD-New-rc331d213/configs/baseline/oriented_rcnn_orthonet_rsar.py,complete,0.1368284672498703,0.1368284672498703,[],8538,72638,/mnt/shared/zechuan/iraod_artifacts/comparison/rsar/am_noise_vertical/seed_43/0f98a48/methods/E/ddp2/work/iter_266.pth,e489f015cc2b67926a415436c97532ff814f826c4861b659cbc712fb9413b98c,,/mnt/shared/zechuan/iraod_artifacts/comparison/rsar/am_noise_vertical/seed_43/0f98a48/methods/E/ddp2/eval_full_am_noise_vertical_student_ids_v1/eval_status,/mnt/shared/zechuan/iraod_artifacts/comparison/rsar/am_noise_vertical/seed_43/0f98a48/methods/E/ddp2/eval_full_am_noise_vertical_student_ids_v1/class_ap.txt,/mnt/shared/zechuan/iraod_artifacts/comparison/rsar/am_noise_vertical/seed_43/0f98a48/methods/E/ddp2/eval_full_am_noise_vertical_student_ids_v1/predictions.pkl,/mnt/shared/zechuan/iraod_artifacts/comparison/rsar/am_noise_vertical/seed_43/0f98a48/methods/E/ddp2/eval_full_am_noise_vertical_student_ids_v1/pred_count.txt,0f98a48b539f9260055fc305784ffbc924f50451,331d2131b84651f0a2930a3d53faeefad8701531,0f98a48b539f9260055fc305784ffbc924f50451,0f98a48b539f9260055fc305784ffbc924f50451,,recorded_adaptation_producer,,,
RSAR,am_noise_vertical,E,44,student,/mnt/shared/zechuan/iraod_artifacts/comparison/rsar/am_noise_vertical/seed_44/0f98a48/methods/E/ddp2/eval_full_am_noise_vertical_student_ids_v1,/mnt/shared/zechuan/iraod_artifacts/comparison/rsar/am_noise_vertical/seed_44/0f98a48/methods/E/ddp2/eval_full_am_noise_vertical_student_ids_v1/eval_20260908_150349.json,/mnt/shared/zechuan/iraod_artifacts/comparison/rsar/am_noise_vertical/seed_44/0f98a48/methods/E/ddp2/eval_full_am_noise_vertical_student_ids_v1/predictions.pkl.image_ids.json,/mnt/SSD2_8TB/zechuan/IRAOD-New-rc331d213/configs/baseline/oriented_rcnn_orthonet_rsar.py,complete,0.09728213399648666,0.09728213399648666,[],8538,55249,/mnt/shared/zechuan/iraod_artifacts/comparison/rsar/am_noise_vertical/seed_44/0f98a48/methods/E/ddp2/work/iter_266.pth,e489f015cc2b67926a415436c97532ff814f826c4861b659cbc712fb9413b98c,,/mnt/shared/zechuan/iraod_artifacts/comparison/rsar/am_noise_vertical/seed_44/0f98a48/methods/E/ddp2/eval_full_am_noise_vertical_student_ids_v1/eval_status,/mnt/shared/zechuan/iraod_artifacts/comparison/rsar/am_noise_vertical/seed_44/0f98a48/methods/E/ddp2/eval_full_am_noise_vertical_student_ids_v1/class_ap.txt,/mnt/shared/zechuan/iraod_artifacts/comparison/rsar/am_noise_vertical/seed_44/0f98a48/methods/E/ddp2/eval_full_am_noise_vertical_student_ids_v1/predictions.pkl,/mnt/shared/zechuan/iraod_artifacts/comparison/rsar/am_noise_vertical/seed_44/0f98a48/methods/E/ddp2/eval_full_am_noise_vertical_student_ids_v1/pred_count.txt,0f98a48b539f9260055fc305784ffbc924f50451,331d2131b84651f0a2930a3d53faeefad8701531,0f98a48b539f9260055fc305784ffbc924f50451,0f98a48b539f9260055fc305784ffbc924f50451,,recorded_adaptation_producer,,,
RSAR,am_noise_vertical,F,42,student,/mnt/shared/zechuan/iraod_artifacts/comparison/rsar/am_noise_vertical/seed_42/0f98a48/methods/F/ddp2/eval_full_am_noise_vertical_student_ids_v1,/mnt/shared/zechuan/iraod_artifacts/comparison/rsar/am_noise_vertical/seed_42/0f98a48/methods/F/ddp2/eval_full_am_noise_vertical_student_ids_v1/eval_20260908_145348.json,/mnt/shared/zechuan/iraod_artifacts/comparison/rsar/am_noise_vertical/seed_42/0f98a48/methods/F/ddp2/eval_full_am_noise_vertical_student_ids_v1/predictions.pkl.image_ids.json,/mnt/SSD2_8TB/zechuan/IRAOD-New-rc331d213/configs/baseline/oriented_rcnn_orthonet_rsar.py,complete,0.05519901588559151,0.05519901588559151,[],8538,13521,/mnt/shared/zechuan/iraod_artifacts/comparison/rsar/am_noise_vertical/seed_42/0f98a48/methods/F/ddp2/work/iter_266.pth,e489f015cc2b67926a415436c97532ff814f826c4861b659cbc712fb9413b98c,,/mnt/shared/zechuan/iraod_artifacts/comparison/rsar/am_noise_vertical/seed_42/0f98a48/methods/F/ddp2/eval_full_am_noise_vertical_student_ids_v1/eval_status,/mnt/shared/zechuan/iraod_artifacts/comparison/rsar/am_noise_vertical/seed_42/0f98a48/methods/F/ddp2/eval_full_am_noise_vertical_student_ids_v1/class_ap.txt,/mnt/shared/zechuan/iraod_artifacts/comparison/rsar/am_noise_vertical/seed_42/0f98a48/methods/F/ddp2/eval_full_am_noise_vertical_student_ids_v1/predictions.pkl,/mnt/shared/zechuan/iraod_artifacts/comparison/rsar/am_noise_vertical/seed_42/0f98a48/methods/F/ddp2/eval_full_am_noise_vertical_student_ids_v1/pred_count.txt,0f98a48b539f9260055fc305784ffbc924f50451,331d2131b84651f0a2930a3d53faeefad8701531,0f98a48b539f9260055fc305784ffbc924f50451,0f98a48b539f9260055fc305784ffbc924f50451,,recorded_adaptation_producer,,,
RSAR,am_noise_vertical,F,43,student,/mnt/shared/zechuan/iraod_artifacts/comparison/rsar/am_noise_vertical/seed_43/0f98a48/methods/F/ddp2/eval_full_am_noise_vertical_student_ids_v1,/mnt/shared/zechuan/iraod_artifacts/comparison/rsar/am_noise_vertical/seed_43/0f98a48/methods/F/ddp2/eval_full_am_noise_vertical_student_ids_v1/eval_20260908_145849.json,/mnt/shared/zechuan/iraod_artifacts/comparison/rsar/am_noise_vertical/seed_43/0f98a48/methods/F/ddp2/eval_full_am_noise_vertical_student_ids_v1/predictions.pkl.image_ids.json,/mnt/SSD2_8TB/zechuan/IRAOD-New-rc331d213/configs/baseline/oriented_rcnn_orthonet_rsar.py,complete,0.035550862550735474,0.035550862550735474,[],8538,8411,/mnt/shared/zechuan/iraod_artifacts/comparison/rsar/am_noise_vertical/seed_43/0f98a48/methods/F/ddp2/work/iter_266.pth,e489f015cc2b67926a415436c97532ff814f826c4861b659cbc712fb9413b98c,,/mnt/shared/zechuan/iraod_artifacts/comparison/rsar/am_noise_vertical/seed_43/0f98a48/methods/F/ddp2/eval_full_am_noise_vertical_student_ids_v1/eval_status,/mnt/shared/zechuan/iraod_artifacts/comparison/rsar/am_noise_vertical/seed_43/0f98a48/methods/F/ddp2/eval_full_am_noise_vertical_student_ids_v1/class_ap.txt,/mnt/shared/zechuan/iraod_artifacts/comparison/rsar/am_noise_vertical/seed_43/0f98a48/methods/F/ddp2/eval_full_am_noise_vertical_student_ids_v1/predictions.pkl,/mnt/shared/zechuan/iraod_artifacts/comparison/rsar/am_noise_vertical/seed_43/0f98a48/methods/F/ddp2/eval_full_am_noise_vertical_student_ids_v1/pred_count.txt,0f98a48b539f9260055fc305784ffbc924f50451,331d2131b84651f0a2930a3d53faeefad8701531,0f98a48b539f9260055fc305784ffbc924f50451,0f98a48b539f9260055fc305784ffbc924f50451,,recorded_adaptation_producer,,,
RSAR,am_noise_vertical,F,44,student,/mnt/shared/zechuan/iraod_artifacts/comparison/rsar/am_noise_vertical/seed_44/0f98a48/methods/F/ddp2/eval_full_am_noise_vertical_student_ids_v1,/mnt/shared/zechuan/iraod_artifacts/comparison/rsar/am_noise_vertical/seed_44/0f98a48/methods/F/ddp2/eval_full_am_noise_vertical_student_ids_v1/eval_20260908_150354.json,/mnt/shared/zechuan/iraod_artifacts/comparison/rsar/am_noise_vertical/seed_44/0f98a48/methods/F/ddp2/eval_full_am_noise_vertical_student_ids_v1/predictions.pkl.image_ids.json,/mnt/SSD2_8TB/zechuan/IRAOD-New-rc331d213/configs/baseline/oriented_rcnn_orthonet_rsar.py,complete,0.07121338695287704,0.07121338695287704,[],8538,22592,/mnt/shared/zechuan/iraod_artifacts/comparison/rsar/am_noise_vertical/seed_44/0f98a48/methods/F/ddp2/work/iter_266.pth,e489f015cc2b67926a415436c97532ff814f826c4861b659cbc712fb9413b98c,,/mnt/shared/zechuan/iraod_artifacts/comparison/rsar/am_noise_vertical/seed_44/0f98a48/methods/F/ddp2/eval_full_am_noise_vertical_student_ids_v1/eval_status,/mnt/shared/zechuan/iraod_artifacts/comparison/rsar/am_noise_vertical/seed_44/0f98a48/methods/F/ddp2/eval_full_am_noise_vertical_student_ids_v1/class_ap.txt,/mnt/shared/zechuan/iraod_artifacts/comparison/rsar/am_noise_vertical/seed_44/0f98a48/methods/F/ddp2/eval_full_am_noise_vertical_student_ids_v1/predictions.pkl,/mnt/shared/zechuan/iraod_artifacts/comparison/rsar/am_noise_vertical/seed_44/0f98a48/methods/F/ddp2/eval_full_am_noise_vertical_student_ids_v1/pred_count.txt,0f98a48b539f9260055fc305784ffbc924f50451,331d2131b84651f0a2930a3d53faeefad8701531,0f98a48b539f9260055fc305784ffbc924f50451,0f98a48b539f9260055fc305784ffbc924f50451,,recorded_adaptation_producer,,,
DIOR,clean,A,42,source,/mnt/shared/zechuan/iraod_artifacts/comparison/dior/clean/seed_42/0f98a48/methods/A/eval_full_clean_ids_v1,/mnt/shared/zechuan/iraod_artifacts/comparison/dior/clean/seed_42/0f98a48/methods/A/eval_full_clean_ids_v1/eval_20260907_191443.json,/mnt/shared/zechuan/iraod_artifacts/comparison/dior/clean/seed_42/0f98a48/methods/A/eval_full_clean_ids_v1/predictions.pkl.image_ids.json,/mnt/shared/zechuan/iraod_artifacts/dior_source/seed42-orthonet-ddp4-gpu4567-spg16-gbs64/reproducibility/resolved_config.py,complete,0.2948998510837555,0.2948998510837555,[],11738,317589,/mnt/shared/zechuan/iraod_artifacts/dior_source/seed42-orthonet-ddp4-gpu4567-spg16-gbs64/train/epoch_100.pth,74d7eafdc547976a86f8f35b2652dba384948e33ab5c15bb908fa3e54025782a,,/mnt/shared/zechuan/iraod_artifacts/comparison/dior/clean/seed_42/0f98a48/methods/A/eval_full_clean_ids_v1/eval_status,/mnt/shared/zechuan/iraod_artifacts/comparison/dior/clean/seed_42/0f98a48/methods/A/eval_full_clean_ids_v1/class_ap.txt,/mnt/shared/zechuan/iraod_artifacts/comparison/dior/clean/seed_42/0f98a48/methods/A/eval_full_clean_ids_v1/predictions.pkl,/mnt/shared/zechuan/iraod_artifacts/comparison/dior/clean/seed_42/0f98a48/methods/A/eval_full_clean_ids_v1/pred_count.txt,0f98a48b539f9260055fc305784ffbc924f50451,331d2131b84651f0a2930a3d53faeefad8701531,0f98a48b539f9260055fc305784ffbc924f50451,0f98a48b539f9260055fc305784ffbc924f50451,0f98a48b539f9260055fc305784ffbc924f50451,source_record_verified,,0.2948998510837555,/mnt/shared/zechuan/iraod_artifacts/comparison/xaf_student_quant_20260908/integration_code_84a1aeb/results/paper_comparison/historical/seed42/dior_raw_results.csv
DIOR,clean,B,42,student,/mnt/shared/zechuan/iraod_artifacts/comparison/dior/clean/seed_42/0f98a48/methods/B/eval_full_clean_student_ids_v1,/mnt/shared/zechuan/iraod_artifacts/comparison/dior/clean/seed_42/0f98a48/methods/B/eval_full_clean_student_ids_v1/eval_20260908_150742.json,/mnt/shared/zechuan/iraod_artifacts/comparison/dior/clean/seed_42/0f98a48/methods/B/eval_full_clean_student_ids_v1/predictions.pkl.image_ids.json,/mnt/shared/zechuan/iraod_artifacts/dior_source/seed42-orthonet-ddp4-gpu4567-spg16-gbs64/reproducibility/resolved_config.py,complete,0.2731790244579315,0.2731790244579315,[],11738,412229,/mnt/shared/zechuan/iraod_artifacts/comparison/dior/clean/seed_42/0f98a48/methods/B/work/iter_185.pth,74d7eafdc547976a86f8f35b2652dba384948e33ab5c15bb908fa3e54025782a,,/mnt/shared/zechuan/iraod_artifacts/comparison/dior/clean/seed_42/0f98a48/methods/B/eval_full_clean_student_ids_v1/eval_status,/mnt/shared/zechuan/iraod_artifacts/comparison/dior/clean/seed_42/0f98a48/methods/B/eval_full_clean_student_ids_v1/class_ap.txt,/mnt/shared/zechuan/iraod_artifacts/comparison/dior/clean/seed_42/0f98a48/methods/B/eval_full_clean_student_ids_v1/predictions.pkl,/mnt/shared/zechuan/iraod_artifacts/comparison/dior/clean/seed_42/0f98a48/methods/B/eval_full_clean_student_ids_v1/pred_count.txt,0f98a48b539f9260055fc305784ffbc924f50451,331d2131b84651f0a2930a3d53faeefad8701531,0f98a48b539f9260055fc305784ffbc924f50451,0f98a48b539f9260055fc305784ffbc924f50451,,recorded_adaptation_producer,,,
DIOR,clean,B,43,student,/mnt/shared/zechuan/iraod_artifacts/comparison/dior/clean/seed_43/0f98a48/methods/B/eval_full_clean_student_ids_v1,/mnt/shared/zechuan/iraod_artifacts/comparison/dior/clean/seed_43/0f98a48/methods/B/eval_full_clean_student_ids_v1/eval_20260908_151550.json,/mnt/shared/zechuan/iraod_artifacts/comparison/dior/clean/seed_43/0f98a48/methods/B/eval_full_clean_student_ids_v1/predictions.pkl.image_ids.json,/mnt/shared/zechuan/iraod_artifacts/dior_source/seed42-orthonet-ddp4-gpu4567-spg16-gbs64/reproducibility/resolved_config.py,complete,0.2808730900287628,0.2808730900287628,[],11738,425279,/mnt/shared/zechuan/iraod_artifacts/comparison/dior/clean/seed_43/0f98a48/methods/B/work/iter_185.pth,74d7eafdc547976a86f8f35b2652dba384948e33ab5c15bb908fa3e54025782a,,/mnt/shared/zechuan/iraod_artifacts/comparison/dior/clean/seed_43/0f98a48/methods/B/eval_full_clean_student_ids_v1/eval_status,/mnt/shared/zechuan/iraod_artifacts/comparison/dior/clean/seed_43/0f98a48/methods/B/eval_full_clean_student_ids_v1/class_ap.txt,/mnt/shared/zechuan/iraod_artifacts/comparison/dior/clean/seed_43/0f98a48/methods/B/eval_full_clean_student_ids_v1/predictions.pkl,/mnt/shared/zechuan/iraod_artifacts/comparison/dior/clean/seed_43/0f98a48/methods/B/eval_full_clean_student_ids_v1/pred_count.txt,0f98a48b539f9260055fc305784ffbc924f50451,331d2131b84651f0a2930a3d53faeefad8701531,0f98a48b539f9260055fc305784ffbc924f50451,0f98a48b539f9260055fc305784ffbc924f50451,,recorded_adaptation_producer,,,
DIOR,clean,B,44,student,/mnt/shared/zechuan/iraod_artifacts/comparison/dior/clean/seed_44/0f98a48/methods/B/eval_full_clean_student_ids_v1,/mnt/shared/zechuan/iraod_artifacts/comparison/dior/clean/seed_44/0f98a48/methods/B/eval_full_clean_student_ids_v1/eval_20260908_152253.json,/mnt/shared/zechuan/iraod_artifacts/comparison/dior/clean/seed_44/0f98a48/methods/B/eval_full_clean_student_ids_v1/predictions.pkl.image_ids.json,/mnt/shared/zechuan/iraod_artifacts/dior_source/seed42-orthonet-ddp4-gpu4567-spg16-gbs64/reproducibility/resolved_config.py,complete,0.27366235852241516,0.27366235852241516,[],11738,359025,/mnt/shared/zechuan/iraod_artifacts/comparison/dior/clean/seed_44/0f98a48/methods/B/work/iter_185.pth,74d7eafdc547976a86f8f35b2652dba384948e33ab5c15bb908fa3e54025782a,,/mnt/shared/zechuan/iraod_artifacts/comparison/dior/clean/seed_44/0f98a48/methods/B/eval_full_clean_student_ids_v1/eval_status,/mnt/shared/zechuan/iraod_artifacts/comparison/dior/clean/seed_44/0f98a48/methods/B/eval_full_clean_student_ids_v1/class_ap.txt,/mnt/shared/zechuan/iraod_artifacts/comparison/dior/clean/seed_44/0f98a48/methods/B/eval_full_clean_student_ids_v1/predictions.pkl,/mnt/shared/zechuan/iraod_artifacts/comparison/dior/clean/seed_44/0f98a48/methods/B/eval_full_clean_student_ids_v1/pred_count.txt,0f98a48b539f9260055fc305784ffbc924f50451,331d2131b84651f0a2930a3d53faeefad8701531,0f98a48b539f9260055fc305784ffbc924f50451,0f98a48b539f9260055fc305784ffbc924f50451,,recorded_adaptation_producer,,,
DIOR,clean,C,42,student,/mnt/shared/zechuan/iraod_artifacts/comparison/dior/clean/seed_42/0f98a48/methods/C/eval_full_clean_student_ids_v1,/mnt/shared/zechuan/iraod_artifacts/comparison/dior/clean/seed_42/0f98a48/methods/C/eval_full_clean_student_ids_v1/eval_20260908_150843.json,/mnt/shared/zechuan/iraod_artifacts/comparison/dior/clean/seed_42/0f98a48/methods/C/eval_full_clean_student_ids_v1/predictions.pkl.image_ids.json,/mnt/shared/zechuan/iraod_artifacts/dior_source/seed42-orthonet-ddp4-gpu4567-spg16-gbs64/reproducibility/resolved_config.py,complete,0.26676005125045776,0.26676005125045776,[],11738,245485,/mnt/shared/zechuan/iraod_artifacts/comparison/dior/clean/seed_42/0f98a48/methods/C/work/iter_185.pth,74d7eafdc547976a86f8f35b2652dba384948e33ab5c15bb908fa3e54025782a,,/mnt/shared/zechuan/iraod_artifacts/comparison/dior/clean/seed_42/0f98a48/methods/C/eval_full_clean_student_ids_v1/eval_status,/mnt/shared/zechuan/iraod_artifacts/comparison/dior/clean/seed_42/0f98a48/methods/C/eval_full_clean_student_ids_v1/class_ap.txt,/mnt/shared/zechuan/iraod_artifacts/comparison/dior/clean/seed_42/0f98a48/methods/C/eval_full_clean_student_ids_v1/predictions.pkl,/mnt/shared/zechuan/iraod_artifacts/comparison/dior/clean/seed_42/0f98a48/methods/C/eval_full_clean_student_ids_v1/pred_count.txt,0f98a48b539f9260055fc305784ffbc924f50451,331d2131b84651f0a2930a3d53faeefad8701531,0f98a48b539f9260055fc305784ffbc924f50451,0f98a48b539f9260055fc305784ffbc924f50451,,recorded_adaptation_producer,,,
DIOR,clean,C,43,student,/mnt/shared/zechuan/iraod_artifacts/comparison/dior/clean/seed_43/0f98a48/methods/C/eval_full_clean_student_ids_v1,/mnt/shared/zechuan/iraod_artifacts/comparison/dior/clean/seed_43/0f98a48/methods/C/eval_full_clean_student_ids_v1/eval_20260908_151554.json,/mnt/shared/zechuan/iraod_artifacts/comparison/dior/clean/seed_43/0f98a48/methods/C/eval_full_clean_student_ids_v1/predictions.pkl.image_ids.json,/mnt/shared/zechuan/iraod_artifacts/dior_source/seed42-orthonet-ddp4-gpu4567-spg16-gbs64/reproducibility/resolved_config.py,complete,0.2607356011867523,0.2607356011867523,[],11738,205220,/mnt/shared/zechuan/iraod_artifacts/comparison/dior/clean/seed_43/0f98a48/methods/C/work/iter_185.pth,74d7eafdc547976a86f8f35b2652dba384948e33ab5c15bb908fa3e54025782a,,/mnt/shared/zechuan/iraod_artifacts/comparison/dior/clean/seed_43/0f98a48/methods/C/eval_full_clean_student_ids_v1/eval_status,/mnt/shared/zechuan/iraod_artifacts/comparison/dior/clean/seed_43/0f98a48/methods/C/eval_full_clean_student_ids_v1/class_ap.txt,/mnt/shared/zechuan/iraod_artifacts/comparison/dior/clean/seed_43/0f98a48/methods/C/eval_full_clean_student_ids_v1/predictions.pkl,/mnt/shared/zechuan/iraod_artifacts/comparison/dior/clean/seed_43/0f98a48/methods/C/eval_full_clean_student_ids_v1/pred_count.txt,0f98a48b539f9260055fc305784ffbc924f50451,331d2131b84651f0a2930a3d53faeefad8701531,0f98a48b539f9260055fc305784ffbc924f50451,0f98a48b539f9260055fc305784ffbc924f50451,,recorded_adaptation_producer,,,
DIOR,clean,C,44,student,/mnt/shared/zechuan/iraod_artifacts/comparison/dior/clean/seed_44/0f98a48/methods/C/eval_full_clean_student_ids_v1,/mnt/shared/zechuan/iraod_artifacts/comparison/dior/clean/seed_44/0f98a48/methods/C/eval_full_clean_student_ids_v1/eval_20260908_152308.json,/mnt/shared/zechuan/iraod_artifacts/comparison/dior/clean/seed_44/0f98a48/methods/C/eval_full_clean_student_ids_v1/predictions.pkl.image_ids.json,/mnt/shared/zechuan/iraod_artifacts/dior_source/seed42-orthonet-ddp4-gpu4567-spg16-gbs64/reproducibility/resolved_config.py,complete,0.2734431028366089,0.2734431028366089,[],11738,281436,/mnt/shared/zechuan/iraod_artifacts/comparison/dior/clean/seed_44/0f98a48/methods/C/work/iter_185.pth,74d7eafdc547976a86f8f35b2652dba384948e33ab5c15bb908fa3e54025782a,,/mnt/shared/zechuan/iraod_artifacts/comparison/dior/clean/seed_44/0f98a48/methods/C/eval_full_clean_student_ids_v1/eval_status,/mnt/shared/zechuan/iraod_artifacts/comparison/dior/clean/seed_44/0f98a48/methods/C/eval_full_clean_student_ids_v1/class_ap.txt,/mnt/shared/zechuan/iraod_artifacts/comparison/dior/clean/seed_44/0f98a48/methods/C/eval_full_clean_student_ids_v1/predictions.pkl,/mnt/shared/zechuan/iraod_artifacts/comparison/dior/clean/seed_44/0f98a48/methods/C/eval_full_clean_student_ids_v1/pred_count.txt,0f98a48b539f9260055fc305784ffbc924f50451,331d2131b84651f0a2930a3d53faeefad8701531,0f98a48b539f9260055fc305784ffbc924f50451,0f98a48b539f9260055fc305784ffbc924f50451,,recorded_adaptation_producer,,,
DIOR,clean,D,42,student,/mnt/shared/zechuan/iraod_artifacts/comparison/dior/clean/seed_42/0f98a48/methods/D/eval_full_clean_student_ids_v1,/mnt/shared/zechuan/iraod_artifacts/comparison/dior/clean/seed_42/0f98a48/methods/D/eval_full_clean_student_ids_v1/eval_20260908_150848.json,/mnt/shared/zechuan/iraod_artifacts/comparison/dior/clean/seed_42/0f98a48/methods/D/eval_full_clean_student_ids_v1/predictions.pkl.image_ids.json,/mnt/shared/zechuan/iraod_artifacts/dior_source/seed42-orthonet-ddp4-gpu4567-spg16-gbs64/reproducibility/resolved_config.py,complete,0.21569952368736267,0.21569952368736267,[],11738,95059,/mnt/shared/zechuan/iraod_artifacts/comparison/dior/clean/seed_42/0f98a48/methods/D/work/iter_185.pth,74d7eafdc547976a86f8f35b2652dba384948e33ab5c15bb908fa3e54025782a,,/mnt/shared/zechuan/iraod_artifacts/comparison/dior/clean/seed_42/0f98a48/methods/D/eval_full_clean_student_ids_v1/eval_status,/mnt/shared/zechuan/iraod_artifacts/comparison/dior/clean/seed_42/0f98a48/methods/D/eval_full_clean_student_ids_v1/class_ap.txt,/mnt/shared/zechuan/iraod_artifacts/comparison/dior/clean/seed_42/0f98a48/methods/D/eval_full_clean_student_ids_v1/predictions.pkl,/mnt/shared/zechuan/iraod_artifacts/comparison/dior/clean/seed_42/0f98a48/methods/D/eval_full_clean_student_ids_v1/pred_count.txt,0f98a48b539f9260055fc305784ffbc924f50451,331d2131b84651f0a2930a3d53faeefad8701531,0f98a48b539f9260055fc305784ffbc924f50451,0f98a48b539f9260055fc305784ffbc924f50451,,recorded_adaptation_producer,,,
DIOR,clean,D,43,student,/mnt/shared/zechuan/iraod_artifacts/comparison/dior/clean/seed_43/0f98a48/methods/D/eval_full_clean_student_ids_v1,/mnt/shared/zechuan/iraod_artifacts/comparison/dior/clean/seed_43/0f98a48/methods/D/eval_full_clean_student_ids_v1/eval_20260908_151615.json,/mnt/shared/zechuan/iraod_artifacts/comparison/dior/clean/seed_43/0f98a48/methods/D/eval_full_clean_student_ids_v1/predictions.pkl.image_ids.json,/mnt/shared/zechuan/iraod_artifacts/dior_source/seed42-orthonet-ddp4-gpu4567-spg16-gbs64/reproducibility/resolved_config.py,complete,0.2074509859085083,0.2074509859085083,[],11738,51734,/mnt/shared/zechuan/iraod_artifacts/comparison/dior/clean/seed_43/0f98a48/methods/D/work/iter_185.pth,74d7eafdc547976a86f8f35b2652dba384948e33ab5c15bb908fa3e54025782a,,/mnt/shared/zechuan/iraod_artifacts/comparison/dior/clean/seed_43/0f98a48/methods/D/eval_full_clean_student_ids_v1/eval_status,/mnt/shared/zechuan/iraod_artifacts/comparison/dior/clean/seed_43/0f98a48/methods/D/eval_full_clean_student_ids_v1/class_ap.txt,/mnt/shared/zechuan/iraod_artifacts/comparison/dior/clean/seed_43/0f98a48/methods/D/eval_full_clean_student_ids_v1/predictions.pkl,/mnt/shared/zechuan/iraod_artifacts/comparison/dior/clean/seed_43/0f98a48/methods/D/eval_full_clean_student_ids_v1/pred_count.txt,0f98a48b539f9260055fc305784ffbc924f50451,331d2131b84651f0a2930a3d53faeefad8701531,0f98a48b539f9260055fc305784ffbc924f50451,0f98a48b539f9260055fc305784ffbc924f50451,,recorded_adaptation_producer,,,
DIOR,clean,D,44,student,/mnt/shared/zechuan/iraod_artifacts/comparison/dior/clean/seed_44/0f98a48/methods/D/eval_full_clean_student_ids_v1,/mnt/shared/zechuan/iraod_artifacts/comparison/dior/clean/seed_44/0f98a48/methods/D/eval_full_clean_student_ids_v1/eval_20260908_153537.json,/mnt/shared/zechuan/iraod_artifacts/comparison/dior/clean/seed_44/0f98a48/methods/D/eval_full_clean_student_ids_v1/predictions.pkl.image_ids.json,/mnt/shared/zechuan/iraod_artifacts/dior_source/seed42-orthonet-ddp4-gpu4567-spg16-gbs64/reproducibility/resolved_config.py,complete,0.1988198608160019,0.1988198608160019,[],11738,83752,/mnt/shared/zechuan/iraod_artifacts/comparison/dior/clean/seed_44/0f98a48/methods/D/work/iter_185.pth,74d7eafdc547976a86f8f35b2652dba384948e33ab5c15bb908fa3e54025782a,,/mnt/shared/zechuan/iraod_artifacts/comparison/dior/clean/seed_44/0f98a48/methods/D/eval_full_clean_student_ids_v1/eval_status,/mnt/shared/zechuan/iraod_artifacts/comparison/dior/clean/seed_44/0f98a48/methods/D/eval_full_clean_student_ids_v1/class_ap.txt,/mnt/shared/zechuan/iraod_artifacts/comparison/dior/clean/seed_44/0f98a48/methods/D/eval_full_clean_student_ids_v1/predictions.pkl,/mnt/shared/zechuan/iraod_artifacts/comparison/dior/clean/seed_44/0f98a48/methods/D/eval_full_clean_student_ids_v1/pred_count.txt,0f98a48b539f9260055fc305784ffbc924f50451,331d2131b84651f0a2930a3d53faeefad8701531,0f98a48b539f9260055fc305784ffbc924f50451,0f98a48b539f9260055fc305784ffbc924f50451,,recorded_adaptation_producer,,,
DIOR,clean,E,42,student,/mnt/shared/zechuan/iraod_artifacts/comparison/dior/clean/seed_42/0f98a48/methods/E/ddp2/eval_full_clean_student_ids_v1,/mnt/shared/zechuan/iraod_artifacts/comparison/dior/clean/seed_42/0f98a48/methods/E/ddp2/eval_full_clean_student_ids_v1/eval_20260908_150850.json,/mnt/shared/zechuan/iraod_artifacts/comparison/dior/clean/seed_42/0f98a48/methods/E/ddp2/eval_full_clean_student_ids_v1/predictions.pkl.image_ids.json,/mnt/shared/zechuan/iraod_artifacts/dior_source/seed42-orthonet-ddp4-gpu4567-spg16-gbs64/reproducibility/resolved_config.py,complete,0.27364423871040344,0.27364423871040344,[],11738,382218,/mnt/shared/zechuan/iraod_artifacts/comparison/dior/clean/seed_42/0f98a48/methods/E/ddp2/work/iter_185.pth,74d7eafdc547976a86f8f35b2652dba384948e33ab5c15bb908fa3e54025782a,,/mnt/shared/zechuan/iraod_artifacts/comparison/dior/clean/seed_42/0f98a48/methods/E/ddp2/eval_full_clean_student_ids_v1/eval_status,/mnt/shared/zechuan/iraod_artifacts/comparison/dior/clean/seed_42/0f98a48/methods/E/ddp2/eval_full_clean_student_ids_v1/class_ap.txt,/mnt/shared/zechuan/iraod_artifacts/comparison/dior/clean/seed_42/0f98a48/methods/E/ddp2/eval_full_clean_student_ids_v1/predictions.pkl,/mnt/shared/zechuan/iraod_artifacts/comparison/dior/clean/seed_42/0f98a48/methods/E/ddp2/eval_full_clean_student_ids_v1/pred_count.txt,0f98a48b539f9260055fc305784ffbc924f50451,331d2131b84651f0a2930a3d53faeefad8701531,0f98a48b539f9260055fc305784ffbc924f50451,0f98a48b539f9260055fc305784ffbc924f50451,,recorded_adaptation_producer,,,
DIOR,clean,E,43,student,/mnt/shared/zechuan/iraod_artifacts/comparison/dior/clean/seed_43/0f98a48/methods/E/ddp2/eval_full_clean_student_ids_v1,/mnt/shared/zechuan/iraod_artifacts/comparison/dior/clean/seed_43/0f98a48/methods/E/ddp2/eval_full_clean_student_ids_v1/eval_20260908_152129.json,/mnt/shared/zechuan/iraod_artifacts/comparison/dior/clean/seed_43/0f98a48/methods/E/ddp2/eval_full_clean_student_ids_v1/predictions.pkl.image_ids.json,/mnt/shared/zechuan/iraod_artifacts/dior_source/seed42-orthonet-ddp4-gpu4567-spg16-gbs64/reproducibility/resolved_config.py,complete,0.25450801849365234,0.25450801849365234,[],11738,371974,/mnt/shared/zechuan/iraod_artifacts/comparison/dior/clean/seed_43/0f98a48/methods/E/ddp2/work/iter_185.pth,74d7eafdc547976a86f8f35b2652dba384948e33ab5c15bb908fa3e54025782a,,/mnt/shared/zechuan/iraod_artifacts/comparison/dior/clean/seed_43/0f98a48/methods/E/ddp2/eval_full_clean_student_ids_v1/eval_status,/mnt/shared/zechuan/iraod_artifacts/comparison/dior/clean/seed_43/0f98a48/methods/E/ddp2/eval_full_clean_student_ids_v1/class_ap.txt,/mnt/shared/zechuan/iraod_artifacts/comparison/dior/clean/seed_43/0f98a48/methods/E/ddp2/eval_full_clean_student_ids_v1/predictions.pkl,/mnt/shared/zechuan/iraod_artifacts/comparison/dior/clean/seed_43/0f98a48/methods/E/ddp2/eval_full_clean_student_ids_v1/pred_count.txt,0f98a48b539f9260055fc305784ffbc924f50451,331d2131b84651f0a2930a3d53faeefad8701531,0f98a48b539f9260055fc305784ffbc924f50451,0f98a48b539f9260055fc305784ffbc924f50451,,recorded_adaptation_producer,,,
DIOR,clean,E,44,student,/mnt/shared/zechuan/iraod_artifacts/comparison/dior/clean/seed_44/0f98a48/methods/E/ddp2/eval_full_clean_student_ids_v1,/mnt/shared/zechuan/iraod_artifacts/comparison/dior/clean/seed_44/0f98a48/methods/E/ddp2/eval_full_clean_student_ids_v1/eval_20260908_153538.json,/mnt/shared/zechuan/iraod_artifacts/comparison/dior/clean/seed_44/0f98a48/methods/E/ddp2/eval_full_clean_student_ids_v1/predictions.pkl.image_ids.json,/mnt/shared/zechuan/iraod_artifacts/dior_source/seed42-orthonet-ddp4-gpu4567-spg16-gbs64/reproducibility/resolved_config.py,complete,0.26995939016342163,0.26995939016342163,[],11738,459832,/mnt/shared/zechuan/iraod_artifacts/comparison/dior/clean/seed_44/0f98a48/methods/E/ddp2/work/iter_185.pth,74d7eafdc547976a86f8f35b2652dba384948e33ab5c15bb908fa3e54025782a,,/mnt/shared/zechuan/iraod_artifacts/comparison/dior/clean/seed_44/0f98a48/methods/E/ddp2/eval_full_clean_student_ids_v1/eval_status,/mnt/shared/zechuan/iraod_artifacts/comparison/dior/clean/seed_44/0f98a48/methods/E/ddp2/eval_full_clean_student_ids_v1/class_ap.txt,/mnt/shared/zechuan/iraod_artifacts/comparison/dior/clean/seed_44/0f98a48/methods/E/ddp2/eval_full_clean_student_ids_v1/predictions.pkl,/mnt/shared/zechuan/iraod_artifacts/comparison/dior/clean/seed_44/0f98a48/methods/E/ddp2/eval_full_clean_student_ids_v1/pred_count.txt,0f98a48b539f9260055fc305784ffbc924f50451,331d2131b84651f0a2930a3d53faeefad8701531,0f98a48b539f9260055fc305784ffbc924f50451,0f98a48b539f9260055fc305784ffbc924f50451,,recorded_adaptation_producer,,,
DIOR,clean,F,42,student,/mnt/shared/zechuan/iraod_artifacts/comparison/dior/clean/seed_42/0f98a48/methods/F/ddp2/eval_full_clean_student_ids_v1,/mnt/shared/zechuan/iraod_artifacts/comparison/dior/clean/seed_42/0f98a48/methods/F/ddp2/eval_full_clean_student_ids_v1/eval_20260908_151440.json,/mnt/shared/zechuan/iraod_artifacts/comparison/dior/clean/seed_42/0f98a48/methods/F/ddp2/eval_full_clean_student_ids_v1/predictions.pkl.image_ids.json,/mnt/shared/zechuan/iraod_artifacts/dior_source/seed42-orthonet-ddp4-gpu4567-spg16-gbs64/reproducibility/resolved_config.py,complete,0.1933087706565857,0.1933087706565857,[],11738,56372,/mnt/shared/zechuan/iraod_artifacts/comparison/dior/clean/seed_42/0f98a48/methods/F/ddp2/work/iter_185.pth,74d7eafdc547976a86f8f35b2652dba384948e33ab5c15bb908fa3e54025782a,,/mnt/shared/zechuan/iraod_artifacts/comparison/dior/clean/seed_42/0f98a48/methods/F/ddp2/eval_full_clean_student_ids_v1/eval_status,/mnt/shared/zechuan/iraod_artifacts/comparison/dior/clean/seed_42/0f98a48/methods/F/ddp2/eval_full_clean_student_ids_v1/class_ap.txt,/mnt/shared/zechuan/iraod_artifacts/comparison/dior/clean/seed_42/0f98a48/methods/F/ddp2/eval_full_clean_student_ids_v1/predictions.pkl,/mnt/shared/zechuan/iraod_artifacts/comparison/dior/clean/seed_42/0f98a48/methods/F/ddp2/eval_full_clean_student_ids_v1/pred_count.txt,0f98a48b539f9260055fc305784ffbc924f50451,331d2131b84651f0a2930a3d53faeefad8701531,0f98a48b539f9260055fc305784ffbc924f50451,0f98a48b539f9260055fc305784ffbc924f50451,,recorded_adaptation_producer,,,
DIOR,clean,F,43,student,/mnt/shared/zechuan/iraod_artifacts/comparison/dior/clean/seed_43/0f98a48/methods/F/ddp2/eval_full_clean_student_ids_v1,/mnt/shared/zechuan/iraod_artifacts/comparison/dior/clean/seed_43/0f98a48/methods/F/ddp2/eval_full_clean_student_ids_v1/eval_20260908_152251.json,/mnt/shared/zechuan/iraod_artifacts/comparison/dior/clean/seed_43/0f98a48/methods/F/ddp2/eval_full_clean_student_ids_v1/predictions.pkl.image_ids.json,/mnt/shared/zechuan/iraod_artifacts/dior_source/seed42-orthonet-ddp4-gpu4567-spg16-gbs64/reproducibility/resolved_config.py,complete,0.20008286833763123,0.20008286833763123,[],11738,111707,/mnt/shared/zechuan/iraod_artifacts/comparison/dior/clean/seed_43/0f98a48/methods/F/ddp2/work/iter_185.pth,74d7eafdc547976a86f8f35b2652dba384948e33ab5c15bb908fa3e54025782a,,/mnt/shared/zechuan/iraod_artifacts/comparison/dior/clean/seed_43/0f98a48/methods/F/ddp2/eval_full_clean_student_ids_v1/eval_status,/mnt/shared/zechuan/iraod_artifacts/comparison/dior/clean/seed_43/0f98a48/methods/F/ddp2/eval_full_clean_student_ids_v1/class_ap.txt,/mnt/shared/zechuan/iraod_artifacts/comparison/dior/clean/seed_43/0f98a48/methods/F/ddp2/eval_full_clean_student_ids_v1/predictions.pkl,/mnt/shared/zechuan/iraod_artifacts/comparison/dior/clean/seed_43/0f98a48/methods/F/ddp2/eval_full_clean_student_ids_v1/pred_count.txt,0f98a48b539f9260055fc305784ffbc924f50451,331d2131b84651f0a2930a3d53faeefad8701531,0f98a48b539f9260055fc305784ffbc924f50451,0f98a48b539f9260055fc305784ffbc924f50451,,recorded_adaptation_producer,,,
DIOR,clean,F,44,student,/mnt/shared/zechuan/iraod_artifacts/comparison/dior/clean/seed_44/0f98a48/methods/F/ddp2/eval_full_clean_student_ids_v1,/mnt/shared/zechuan/iraod_artifacts/comparison/dior/clean/seed_44/0f98a48/methods/F/ddp2/eval_full_clean_student_ids_v1/eval_20260908_153538.json,/mnt/shared/zechuan/iraod_artifacts/comparison/dior/clean/seed_44/0f98a48/methods/F/ddp2/eval_full_clean_student_ids_v1/predictions.pkl.image_ids.json,/mnt/shared/zechuan/iraod_artifacts/dior_source/seed42-orthonet-ddp4-gpu4567-spg16-gbs64/reproducibility/resolved_config.py,complete,0.2040514051914215,0.2040514051914215,[],11738,67963,/mnt/shared/zechuan/iraod_artifacts/comparison/dior/clean/seed_44/0f98a48/methods/F/ddp2/work/iter_185.pth,74d7eafdc547976a86f8f35b2652dba384948e33ab5c15bb908fa3e54025782a,,/mnt/shared/zechuan/iraod_artifacts/comparison/dior/clean/seed_44/0f98a48/methods/F/ddp2/eval_full_clean_student_ids_v1/eval_status,/mnt/shared/zechuan/iraod_artifacts/comparison/dior/clean/seed_44/0f98a48/methods/F/ddp2/eval_full_clean_student_ids_v1/class_ap.txt,/mnt/shared/zechuan/iraod_artifacts/comparison/dior/clean/seed_44/0f98a48/methods/F/ddp2/eval_full_clean_student_ids_v1/predictions.pkl,/mnt/shared/zechuan/iraod_artifacts/comparison/dior/clean/seed_44/0f98a48/methods/F/ddp2/eval_full_clean_student_ids_v1/pred_count.txt,0f98a48b539f9260055fc305784ffbc924f50451,331d2131b84651f0a2930a3d53faeefad8701531,0f98a48b539f9260055fc305784ffbc924f50451,0f98a48b539f9260055fc305784ffbc924f50451,,recorded_adaptation_producer,,,
DIOR,brightness,A,42,source,/mnt/shared/zechuan/iraod_artifacts/comparison/dior/brightness/seed_42/0f98a48/methods/A/eval_full_brightness_ids_v1,/mnt/shared/zechuan/iraod_artifacts/comparison/dior/brightness/seed_42/0f98a48/methods/A/eval_full_brightness_ids_v1/eval_20260907_203847.json,/mnt/shared/zechuan/iraod_artifacts/comparison/dior/brightness/seed_42/0f98a48/methods/A/eval_full_brightness_ids_v1/predictions.pkl.image_ids.json,/mnt/shared/zechuan/iraod_artifacts/dior_source/seed42-orthonet-ddp4-gpu4567-spg16-gbs64/reproducibility/resolved_config.py,complete,0.2416841983795166,0.2416841983795166,[],11738,314788,/mnt/shared/zechuan/iraod_artifacts/dior_source/seed42-orthonet-ddp4-gpu4567-spg16-gbs64/train/epoch_100.pth,74d7eafdc547976a86f8f35b2652dba384948e33ab5c15bb908fa3e54025782a,,/mnt/shared/zechuan/iraod_artifacts/comparison/dior/brightness/seed_42/0f98a48/methods/A/eval_full_brightness_ids_v1/eval_status,/mnt/shared/zechuan/iraod_artifacts/comparison/dior/brightness/seed_42/0f98a48/methods/A/eval_full_brightness_ids_v1/class_ap.txt,/mnt/shared/zechuan/iraod_artifacts/comparison/dior/brightness/seed_42/0f98a48/methods/A/eval_full_brightness_ids_v1/predictions.pkl,/mnt/shared/zechuan/iraod_artifacts/comparison/dior/brightness/seed_42/0f98a48/methods/A/eval_full_brightness_ids_v1/pred_count.txt,0f98a48b539f9260055fc305784ffbc924f50451,331d2131b84651f0a2930a3d53faeefad8701531,0f98a48b539f9260055fc305784ffbc924f50451,0f98a48b539f9260055fc305784ffbc924f50451,0f98a48b539f9260055fc305784ffbc924f50451,source_record_verified,,0.2416841983795166,/mnt/shared/zechuan/iraod_artifacts/comparison/xaf_student_quant_20260908/integration_code_84a1aeb/results/paper_comparison/historical/seed42/dior_raw_results.csv
DIOR,brightness,B,42,student,/mnt/shared/zechuan/iraod_artifacts/comparison/dior/brightness/seed_42/0f98a48/methods/B/eval_full_brightness_student_ids_v1,/mnt/shared/zechuan/iraod_artifacts/comparison/dior/brightness/seed_42/0f98a48/methods/B/eval_full_brightness_student_ids_v1/eval_20260908_154220.json,/mnt/shared/zechuan/iraod_artifacts/comparison/dior/brightness/seed_42/0f98a48/methods/B/eval_full_brightness_student_ids_v1/predictions.pkl.image_ids.json,/mnt/shared/zechuan/iraod_artifacts/dior_source/seed42-orthonet-ddp4-gpu4567-spg16-gbs64/reproducibility/resolved_config.py,complete,0.23346173763275146,0.23346173763275146,[],11738,306228,/mnt/shared/zechuan/iraod_artifacts/comparison/dior/brightness/seed_42/0f98a48/methods/B/work/iter_185.pth,74d7eafdc547976a86f8f35b2652dba384948e33ab5c15bb908fa3e54025782a,,/mnt/shared/zechuan/iraod_artifacts/comparison/dior/brightness/seed_42/0f98a48/methods/B/eval_full_brightness_student_ids_v1/eval_status,/mnt/shared/zechuan/iraod_artifacts/comparison/dior/brightness/seed_42/0f98a48/methods/B/eval_full_brightness_student_ids_v1/class_ap.txt,/mnt/shared/zechuan/iraod_artifacts/comparison/dior/brightness/seed_42/0f98a48/methods/B/eval_full_brightness_student_ids_v1/predictions.pkl,/mnt/shared/zechuan/iraod_artifacts/comparison/dior/brightness/seed_42/0f98a48/methods/B/eval_full_brightness_student_ids_v1/pred_count.txt,0f98a48b539f9260055fc305784ffbc924f50451,331d2131b84651f0a2930a3d53faeefad8701531,0f98a48b539f9260055fc305784ffbc924f50451,0f98a48b539f9260055fc305784ffbc924f50451,,recorded_adaptation_producer,,,
DIOR,brightness,B,43,student,/mnt/shared/zechuan/iraod_artifacts/comparison/dior/brightness/seed_43/0f98a48/methods/B/eval_full_brightness_student_ids_v1,/mnt/shared/zechuan/iraod_artifacts/comparison/dior/brightness/seed_43/0f98a48/methods/B/eval_full_brightness_student_ids_v1/eval_20260908_154937.json,/mnt/shared/zechuan/iraod_artifacts/comparison/dior/brightness/seed_43/0f98a48/methods/B/eval_full_brightness_student_ids_v1/predictions.pkl.image_ids.json,/mnt/shared/zechuan/iraod_artifacts/dior_source/seed42-orthonet-ddp4-gpu4567-spg16-gbs64/reproducibility/resolved_config.py,complete,0.23253753781318665,0.23253753781318665,[],11738,352060,/mnt/shared/zechuan/iraod_artifacts/comparison/dior/brightness/seed_43/0f98a48/methods/B/work/iter_185.pth,74d7eafdc547976a86f8f35b2652dba384948e33ab5c15bb908fa3e54025782a,,/mnt/shared/zechuan/iraod_artifacts/comparison/dior/brightness/seed_43/0f98a48/methods/B/eval_full_brightness_student_ids_v1/eval_status,/mnt/shared/zechuan/iraod_artifacts/comparison/dior/brightness/seed_43/0f98a48/methods/B/eval_full_brightness_student_ids_v1/class_ap.txt,/mnt/shared/zechuan/iraod_artifacts/comparison/dior/brightness/seed_43/0f98a48/methods/B/eval_full_brightness_student_ids_v1/predictions.pkl,/mnt/shared/zechuan/iraod_artifacts/comparison/dior/brightness/seed_43/0f98a48/methods/B/eval_full_brightness_student_ids_v1/pred_count.txt,0f98a48b539f9260055fc305784ffbc924f50451,331d2131b84651f0a2930a3d53faeefad8701531,0f98a48b539f9260055fc305784ffbc924f50451,0f98a48b539f9260055fc305784ffbc924f50451,,recorded_adaptation_producer,,,
DIOR,brightness,B,44,student,/mnt/shared/zechuan/iraod_artifacts/comparison/dior/brightness/seed_44/0f98a48/methods/B/eval_full_brightness_student_ids_v1,/mnt/shared/zechuan/iraod_artifacts/comparison/dior/brightness/seed_44/0f98a48/methods/B/eval_full_brightness_student_ids_v1/eval_20260908_155651.json,/mnt/shared/zechuan/iraod_artifacts/comparison/dior/brightness/seed_44/0f98a48/methods/B/eval_full_brightness_student_ids_v1/predictions.pkl.image_ids.json,/mnt/shared/zechuan/iraod_artifacts/dior_source/seed42-orthonet-ddp4-gpu4567-spg16-gbs64/reproducibility/resolved_config.py,complete,0.23581230640411377,0.23581230640411377,[],11738,351589,/mnt/shared/zechuan/iraod_artifacts/comparison/dior/brightness/seed_44/0f98a48/methods/B/work/iter_185.pth,74d7eafdc547976a86f8f35b2652dba384948e33ab5c15bb908fa3e54025782a,,/mnt/shared/zechuan/iraod_artifacts/comparison/dior/brightness/seed_44/0f98a48/methods/B/eval_full_brightness_student_ids_v1/eval_status,/mnt/shared/zechuan/iraod_artifacts/comparison/dior/brightness/seed_44/0f98a48/methods/B/eval_full_brightness_student_ids_v1/class_ap.txt,/mnt/shared/zechuan/iraod_artifacts/comparison/dior/brightness/seed_44/0f98a48/methods/B/eval_full_brightness_student_ids_v1/predictions.pkl,/mnt/shared/zechuan/iraod_artifacts/comparison/dior/brightness/seed_44/0f98a48/methods/B/eval_full_brightness_student_ids_v1/pred_count.txt,0f98a48b539f9260055fc305784ffbc924f50451,331d2131b84651f0a2930a3d53faeefad8701531,0f98a48b539f9260055fc305784ffbc924f50451,0f98a48b539f9260055fc305784ffbc924f50451,,recorded_adaptation_producer,,,
DIOR,brightness,C,42,student,/mnt/shared/zechuan/iraod_artifacts/comparison/dior/brightness/seed_42/0f98a48/methods/C/eval_full_brightness_student_ids_v1,/mnt/shared/zechuan/iraod_artifacts/comparison/dior/brightness/seed_42/0f98a48/methods/C/eval_full_brightness_student_ids_v1/eval_20260908_154231.json,/mnt/shared/zechuan/iraod_artifacts/comparison/dior/brightness/seed_42/0f98a48/methods/C/eval_full_brightness_student_ids_v1/predictions.pkl.image_ids.json,/mnt/shared/zechuan/iraod_artifacts/dior_source/seed42-orthonet-ddp4-gpu4567-spg16-gbs64/reproducibility/resolved_config.py,complete,0.2370297610759735,0.2370297610759735,[],11738,234865,/mnt/shared/zechuan/iraod_artifacts/comparison/dior/brightness/seed_42/0f98a48/methods/C/work/iter_185.pth,74d7eafdc547976a86f8f35b2652dba384948e33ab5c15bb908fa3e54025782a,,/mnt/shared/zechuan/iraod_artifacts/comparison/dior/brightness/seed_42/0f98a48/methods/C/eval_full_brightness_student_ids_v1/eval_status,/mnt/shared/zechuan/iraod_artifacts/comparison/dior/brightness/seed_42/0f98a48/methods/C/eval_full_brightness_student_ids_v1/class_ap.txt,/mnt/shared/zechuan/iraod_artifacts/comparison/dior/brightness/seed_42/0f98a48/methods/C/eval_full_brightness_student_ids_v1/predictions.pkl,/mnt/shared/zechuan/iraod_artifacts/comparison/dior/brightness/seed_42/0f98a48/methods/C/eval_full_brightness_student_ids_v1/pred_count.txt,0f98a48b539f9260055fc305784ffbc924f50451,331d2131b84651f0a2930a3d53faeefad8701531,0f98a48b539f9260055fc305784ffbc924f50451,0f98a48b539f9260055fc305784ffbc924f50451,,recorded_adaptation_producer,,,
DIOR,brightness,C,43,student,/mnt/shared/zechuan/iraod_artifacts/comparison/dior/brightness/seed_43/0f98a48/methods/C/eval_full_brightness_student_ids_v1,/mnt/shared/zechuan/iraod_artifacts/comparison/dior/brightness/seed_43/0f98a48/methods/C/eval_full_brightness_student_ids_v1/eval_20260908_154946.json,/mnt/shared/zechuan/iraod_artifacts/comparison/dior/brightness/seed_43/0f98a48/methods/C/eval_full_brightness_student_ids_v1/predictions.pkl.image_ids.json,/mnt/shared/zechuan/iraod_artifacts/dior_source/seed42-orthonet-ddp4-gpu4567-spg16-gbs64/reproducibility/resolved_config.py,complete,0.22775611281394958,0.22775611281394958,[],11738,163917,/mnt/shared/zechuan/iraod_artifacts/comparison/dior/brightness/seed_43/0f98a48/methods/C/work/iter_185.pth,74d7eafdc547976a86f8f35b2652dba384948e33ab5c15bb908fa3e54025782a,,/mnt/shared/zechuan/iraod_artifacts/comparison/dior/brightness/seed_43/0f98a48/methods/C/eval_full_brightness_student_ids_v1/eval_status,/mnt/shared/zechuan/iraod_artifacts/comparison/dior/brightness/seed_43/0f98a48/methods/C/eval_full_brightness_student_ids_v1/class_ap.txt,/mnt/shared/zechuan/iraod_artifacts/comparison/dior/brightness/seed_43/0f98a48/methods/C/eval_full_brightness_student_ids_v1/predictions.pkl,/mnt/shared/zechuan/iraod_artifacts/comparison/dior/brightness/seed_43/0f98a48/methods/C/eval_full_brightness_student_ids_v1/pred_count.txt,0f98a48b539f9260055fc305784ffbc924f50451,331d2131b84651f0a2930a3d53faeefad8701531,0f98a48b539f9260055fc305784ffbc924f50451,0f98a48b539f9260055fc305784ffbc924f50451,,recorded_adaptation_producer,,,
DIOR,brightness,C,44,student,/mnt/shared/zechuan/iraod_artifacts/comparison/dior/brightness/seed_44/0f98a48/methods/C/eval_full_brightness_student_ids_v1,/mnt/shared/zechuan/iraod_artifacts/comparison/dior/brightness/seed_44/0f98a48/methods/C/eval_full_brightness_student_ids_v1/eval_20260908_160243.json,/mnt/shared/zechuan/iraod_artifacts/comparison/dior/brightness/seed_44/0f98a48/methods/C/eval_full_brightness_student_ids_v1/predictions.pkl.image_ids.json,/mnt/shared/zechuan/iraod_artifacts/dior_source/seed42-orthonet-ddp4-gpu4567-spg16-gbs64/reproducibility/resolved_config.py,complete,0.23128783702850342,0.23128783702850342,[],11738,205973,/mnt/shared/zechuan/iraod_artifacts/comparison/dior/brightness/seed_44/0f98a48/methods/C/work/iter_185.pth,74d7eafdc547976a86f8f35b2652dba384948e33ab5c15bb908fa3e54025782a,,/mnt/shared/zechuan/iraod_artifacts/comparison/dior/brightness/seed_44/0f98a48/methods/C/eval_full_brightness_student_ids_v1/eval_status,/mnt/shared/zechuan/iraod_artifacts/comparison/dior/brightness/seed_44/0f98a48/methods/C/eval_full_brightness_student_ids_v1/class_ap.txt,/mnt/shared/zechuan/iraod_artifacts/comparison/dior/brightness/seed_44/0f98a48/methods/C/eval_full_brightness_student_ids_v1/predictions.pkl,/mnt/shared/zechuan/iraod_artifacts/comparison/dior/brightness/seed_44/0f98a48/methods/C/eval_full_brightness_student_ids_v1/pred_count.txt,0f98a48b539f9260055fc305784ffbc924f50451,331d2131b84651f0a2930a3d53faeefad8701531,0f98a48b539f9260055fc305784ffbc924f50451,0f98a48b539f9260055fc305784ffbc924f50451,,recorded_adaptation_producer,,,
DIOR,brightness,D,42,student,/mnt/shared/zechuan/iraod_artifacts/comparison/dior/brightness/seed_42/0f98a48/methods/D/eval_full_brightness_student_ids_v1,/mnt/shared/zechuan/iraod_artifacts/comparison/dior/brightness/seed_42/0f98a48/methods/D/eval_full_brightness_student_ids_v1/eval_20260908_154253.json,/mnt/shared/zechuan/iraod_artifacts/comparison/dior/brightness/seed_42/0f98a48/methods/D/eval_full_brightness_student_ids_v1/predictions.pkl.image_ids.json,/mnt/shared/zechuan/iraod_artifacts/dior_source/seed42-orthonet-ddp4-gpu4567-spg16-gbs64/reproducibility/resolved_config.py,complete,0.17223718762397766,0.17223718762397766,[],11738,58520,/mnt/shared/zechuan/iraod_artifacts/comparison/dior/brightness/seed_42/0f98a48/methods/D/work/iter_185.pth,74d7eafdc547976a86f8f35b2652dba384948e33ab5c15bb908fa3e54025782a,,/mnt/shared/zechuan/iraod_artifacts/comparison/dior/brightness/seed_42/0f98a48/methods/D/eval_full_brightness_student_ids_v1/eval_status,/mnt/shared/zechuan/iraod_artifacts/comparison/dior/brightness/seed_42/0f98a48/methods/D/eval_full_brightness_student_ids_v1/class_ap.txt,/mnt/shared/zechuan/iraod_artifacts/comparison/dior/brightness/seed_42/0f98a48/methods/D/eval_full_brightness_student_ids_v1/predictions.pkl,/mnt/shared/zechuan/iraod_artifacts/comparison/dior/brightness/seed_42/0f98a48/methods/D/eval_full_brightness_student_ids_v1/pred_count.txt,0f98a48b539f9260055fc305784ffbc924f50451,331d2131b84651f0a2930a3d53faeefad8701531,0f98a48b539f9260055fc305784ffbc924f50451,0f98a48b539f9260055fc305784ffbc924f50451,,recorded_adaptation_producer,,,
DIOR,brightness,D,43,student,/mnt/shared/zechuan/iraod_artifacts/comparison/dior/brightness/seed_43/0f98a48/methods/D/eval_full_brightness_student_ids_v1,/mnt/shared/zechuan/iraod_artifacts/comparison/dior/brightness/seed_43/0f98a48/methods/D/eval_full_brightness_student_ids_v1/eval_20260908_155601.json,/mnt/shared/zechuan/iraod_artifacts/comparison/dior/brightness/seed_43/0f98a48/methods/D/eval_full_brightness_student_ids_v1/predictions.pkl.image_ids.json,/mnt/shared/zechuan/iraod_artifacts/dior_source/seed42-orthonet-ddp4-gpu4567-spg16-gbs64/reproducibility/resolved_config.py,complete,0.18711800873279572,0.18711800873279572,[],11738,59117,/mnt/shared/zechuan/iraod_artifacts/comparison/dior/brightness/seed_43/0f98a48/methods/D/work/iter_185.pth,74d7eafdc547976a86f8f35b2652dba384948e33ab5c15bb908fa3e54025782a,,/mnt/shared/zechuan/iraod_artifacts/comparison/dior/brightness/seed_43/0f98a48/methods/D/eval_full_brightness_student_ids_v1/eval_status,/mnt/shared/zechuan/iraod_artifacts/comparison/dior/brightness/seed_43/0f98a48/methods/D/eval_full_brightness_student_ids_v1/class_ap.txt,/mnt/shared/zechuan/iraod_artifacts/comparison/dior/brightness/seed_43/0f98a48/methods/D/eval_full_brightness_student_ids_v1/predictions.pkl,/mnt/shared/zechuan/iraod_artifacts/comparison/dior/brightness/seed_43/0f98a48/methods/D/eval_full_brightness_student_ids_v1/pred_count.txt,0f98a48b539f9260055fc305784ffbc924f50451,331d2131b84651f0a2930a3d53faeefad8701531,0f98a48b539f9260055fc305784ffbc924f50451,0f98a48b539f9260055fc305784ffbc924f50451,,recorded_adaptation_producer,,,
DIOR,brightness,D,44,student,/mnt/shared/zechuan/iraod_artifacts/comparison/dior/brightness/seed_44/0f98a48/methods/D/eval_full_brightness_student_ids_v1,/mnt/shared/zechuan/iraod_artifacts/comparison/dior/brightness/seed_44/0f98a48/methods/D/eval_full_brightness_student_ids_v1/eval_20260908_160319.json,/mnt/shared/zechuan/iraod_artifacts/comparison/dior/brightness/seed_44/0f98a48/methods/D/eval_full_brightness_student_ids_v1/predictions.pkl.image_ids.json,/mnt/shared/zechuan/iraod_artifacts/dior_source/seed42-orthonet-ddp4-gpu4567-spg16-gbs64/reproducibility/resolved_config.py,complete,0.18207256495952606,0.18207256495952606,[],11738,69645,/mnt/shared/zechuan/iraod_artifacts/comparison/dior/brightness/seed_44/0f98a48/methods/D/work/iter_185.pth,74d7eafdc547976a86f8f35b2652dba384948e33ab5c15bb908fa3e54025782a,,/mnt/shared/zechuan/iraod_artifacts/comparison/dior/brightness/seed_44/0f98a48/methods/D/eval_full_brightness_student_ids_v1/eval_status,/mnt/shared/zechuan/iraod_artifacts/comparison/dior/brightness/seed_44/0f98a48/methods/D/eval_full_brightness_student_ids_v1/class_ap.txt,/mnt/shared/zechuan/iraod_artifacts/comparison/dior/brightness/seed_44/0f98a48/methods/D/eval_full_brightness_student_ids_v1/predictions.pkl,/mnt/shared/zechuan/iraod_artifacts/comparison/dior/brightness/seed_44/0f98a48/methods/D/eval_full_brightness_student_ids_v1/pred_count.txt,0f98a48b539f9260055fc305784ffbc924f50451,331d2131b84651f0a2930a3d53faeefad8701531,0f98a48b539f9260055fc305784ffbc924f50451,0f98a48b539f9260055fc305784ffbc924f50451,,recorded_adaptation_producer,,,
DIOR,brightness,E,42,student,/mnt/shared/zechuan/iraod_artifacts/comparison/dior/brightness/seed_42/0f98a48/methods/E/ddp2/eval_full_brightness_student_ids_v1,/mnt/shared/zechuan/iraod_artifacts/comparison/dior/brightness/seed_42/0f98a48/methods/E/ddp2/eval_full_brightness_student_ids_v1/eval_20260908_154916.json,/mnt/shared/zechuan/iraod_artifacts/comparison/dior/brightness/seed_42/0f98a48/methods/E/ddp2/eval_full_brightness_student_ids_v1/predictions.pkl.image_ids.json,/mnt/shared/zechuan/iraod_artifacts/dior_source/seed42-orthonet-ddp4-gpu4567-spg16-gbs64/reproducibility/resolved_config.py,complete,0.23705847561359406,0.23705847561359406,[],11738,413227,/mnt/shared/zechuan/iraod_artifacts/comparison/dior/brightness/seed_42/0f98a48/methods/E/ddp2/work/iter_185.pth,74d7eafdc547976a86f8f35b2652dba384948e33ab5c15bb908fa3e54025782a,,/mnt/shared/zechuan/iraod_artifacts/comparison/dior/brightness/seed_42/0f98a48/methods/E/ddp2/eval_full_brightness_student_ids_v1/eval_status,/mnt/shared/zechuan/iraod_artifacts/comparison/dior/brightness/seed_42/0f98a48/methods/E/ddp2/eval_full_brightness_student_ids_v1/class_ap.txt,/mnt/shared/zechuan/iraod_artifacts/comparison/dior/brightness/seed_42/0f98a48/methods/E/ddp2/eval_full_brightness_student_ids_v1/predictions.pkl,/mnt/shared/zechuan/iraod_artifacts/comparison/dior/brightness/seed_42/0f98a48/methods/E/ddp2/eval_full_brightness_student_ids_v1/pred_count.txt,0f98a48b539f9260055fc305784ffbc924f50451,331d2131b84651f0a2930a3d53faeefad8701531,0f98a48b539f9260055fc305784ffbc924f50451,0f98a48b539f9260055fc305784ffbc924f50451,,recorded_adaptation_producer,,,
DIOR,brightness,E,43,student,/mnt/shared/zechuan/iraod_artifacts/comparison/dior/brightness/seed_43/0f98a48/methods/E/ddp2/eval_full_brightness_student_ids_v1,/mnt/shared/zechuan/iraod_artifacts/comparison/dior/brightness/seed_43/0f98a48/methods/E/ddp2/eval_full_brightness_student_ids_v1/eval_20260908_155614.json,/mnt/shared/zechuan/iraod_artifacts/comparison/dior/brightness/seed_43/0f98a48/methods/E/ddp2/eval_full_brightness_student_ids_v1/predictions.pkl.image_ids.json,/mnt/shared/zechuan/iraod_artifacts/dior_source/seed42-orthonet-ddp4-gpu4567-spg16-gbs64/reproducibility/resolved_config.py,complete,0.22513635456562042,0.22513635456562042,[],11738,366717,/mnt/shared/zechuan/iraod_artifacts/comparison/dior/brightness/seed_43/0f98a48/methods/E/ddp2/work/iter_185.pth,74d7eafdc547976a86f8f35b2652dba384948e33ab5c15bb908fa3e54025782a,,/mnt/shared/zechuan/iraod_artifacts/comparison/dior/brightness/seed_43/0f98a48/methods/E/ddp2/eval_full_brightness_student_ids_v1/eval_status,/mnt/shared/zechuan/iraod_artifacts/comparison/dior/brightness/seed_43/0f98a48/methods/E/ddp2/eval_full_brightness_student_ids_v1/class_ap.txt,/mnt/shared/zechuan/iraod_artifacts/comparison/dior/brightness/seed_43/0f98a48/methods/E/ddp2/eval_full_brightness_student_ids_v1/predictions.pkl,/mnt/shared/zechuan/iraod_artifacts/comparison/dior/brightness/seed_43/0f98a48/methods/E/ddp2/eval_full_brightness_student_ids_v1/pred_count.txt,0f98a48b539f9260055fc305784ffbc924f50451,331d2131b84651f0a2930a3d53faeefad8701531,0f98a48b539f9260055fc305784ffbc924f50451,0f98a48b539f9260055fc305784ffbc924f50451,,recorded_adaptation_producer,,,
DIOR,brightness,E,44,student,/mnt/shared/zechuan/iraod_artifacts/comparison/dior/brightness/seed_44/0f98a48/methods/E/ddp2/eval_full_brightness_student_ids_v1,/mnt/shared/zechuan/iraod_artifacts/comparison/dior/brightness/seed_44/0f98a48/methods/E/ddp2/eval_full_brightness_student_ids_v1/eval_20260908_160342.json,/mnt/shared/zechuan/iraod_artifacts/comparison/dior/brightness/seed_44/0f98a48/methods/E/ddp2/eval_full_brightness_student_ids_v1/predictions.pkl.image_ids.json,/mnt/shared/zechuan/iraod_artifacts/dior_source/seed42-orthonet-ddp4-gpu4567-spg16-gbs64/reproducibility/resolved_config.py,complete,0.233608677983284,0.233608677983284,[],11738,411997,/mnt/shared/zechuan/iraod_artifacts/comparison/dior/brightness/seed_44/0f98a48/methods/E/ddp2/work/iter_185.pth,74d7eafdc547976a86f8f35b2652dba384948e33ab5c15bb908fa3e54025782a,,/mnt/shared/zechuan/iraod_artifacts/comparison/dior/brightness/seed_44/0f98a48/methods/E/ddp2/eval_full_brightness_student_ids_v1/eval_status,/mnt/shared/zechuan/iraod_artifacts/comparison/dior/brightness/seed_44/0f98a48/methods/E/ddp2/eval_full_brightness_student_ids_v1/class_ap.txt,/mnt/shared/zechuan/iraod_artifacts/comparison/dior/brightness/seed_44/0f98a48/methods/E/ddp2/eval_full_brightness_student_ids_v1/predictions.pkl,/mnt/shared/zechuan/iraod_artifacts/comparison/dior/brightness/seed_44/0f98a48/methods/E/ddp2/eval_full_brightness_student_ids_v1/pred_count.txt,0f98a48b539f9260055fc305784ffbc924f50451,331d2131b84651f0a2930a3d53faeefad8701531,0f98a48b539f9260055fc305784ffbc924f50451,0f98a48b539f9260055fc305784ffbc924f50451,,recorded_adaptation_producer,,,
DIOR,brightness,F,42,student,/mnt/shared/zechuan/iraod_artifacts/comparison/dior/brightness/seed_42/0f98a48/methods/F/ddp2/eval_full_brightness_student_ids_v1,/mnt/shared/zechuan/iraod_artifacts/comparison/dior/brightness/seed_42/0f98a48/methods/F/ddp2/eval_full_brightness_student_ids_v1/eval_20260908_154917.json,/mnt/shared/zechuan/iraod_artifacts/comparison/dior/brightness/seed_42/0f98a48/methods/F/ddp2/eval_full_brightness_student_ids_v1/predictions.pkl.image_ids.json,/mnt/shared/zechuan/iraod_artifacts/dior_source/seed42-orthonet-ddp4-gpu4567-spg16-gbs64/reproducibility/resolved_config.py,complete,0.16392304003238678,0.16392304003238678,[],11738,44002,/mnt/shared/zechuan/iraod_artifacts/comparison/dior/brightness/seed_42/0f98a48/methods/F/ddp2/work/iter_185.pth,74d7eafdc547976a86f8f35b2652dba384948e33ab5c15bb908fa3e54025782a,,/mnt/shared/zechuan/iraod_artifacts/comparison/dior/brightness/seed_42/0f98a48/methods/F/ddp2/eval_full_brightness_student_ids_v1/eval_status,/mnt/shared/zechuan/iraod_artifacts/comparison/dior/brightness/seed_42/0f98a48/methods/F/ddp2/eval_full_brightness_student_ids_v1/class_ap.txt,/mnt/shared/zechuan/iraod_artifacts/comparison/dior/brightness/seed_42/0f98a48/methods/F/ddp2/eval_full_brightness_student_ids_v1/predictions.pkl,/mnt/shared/zechuan/iraod_artifacts/comparison/dior/brightness/seed_42/0f98a48/methods/F/ddp2/eval_full_brightness_student_ids_v1/pred_count.txt,0f98a48b539f9260055fc305784ffbc924f50451,331d2131b84651f0a2930a3d53faeefad8701531,0f98a48b539f9260055fc305784ffbc924f50451,0f98a48b539f9260055fc305784ffbc924f50451,,recorded_adaptation_producer,,,
DIOR,brightness,F,43,student,/mnt/shared/zechuan/iraod_artifacts/comparison/dior/brightness/seed_43/0f98a48/methods/F/ddp2/eval_full_brightness_student_ids_v1,/mnt/shared/zechuan/iraod_artifacts/comparison/dior/brightness/seed_43/0f98a48/methods/F/ddp2/eval_full_brightness_student_ids_v1/eval_20260908_155639.json,/mnt/shared/zechuan/iraod_artifacts/comparison/dior/brightness/seed_43/0f98a48/methods/F/ddp2/eval_full_brightness_student_ids_v1/predictions.pkl.image_ids.json,/mnt/shared/zechuan/iraod_artifacts/dior_source/seed42-orthonet-ddp4-gpu4567-spg16-gbs64/reproducibility/resolved_config.py,complete,0.14790530502796173,0.14790530502796173,[],11738,84399,/mnt/shared/zechuan/iraod_artifacts/comparison/dior/brightness/seed_43/0f98a48/methods/F/ddp2/work/iter_185.pth,74d7eafdc547976a86f8f35b2652dba384948e33ab5c15bb908fa3e54025782a,,/mnt/shared/zechuan/iraod_artifacts/comparison/dior/brightness/seed_43/0f98a48/methods/F/ddp2/eval_full_brightness_student_ids_v1/eval_status,/mnt/shared/zechuan/iraod_artifacts/comparison/dior/brightness/seed_43/0f98a48/methods/F/ddp2/eval_full_brightness_student_ids_v1/class_ap.txt,/mnt/shared/zechuan/iraod_artifacts/comparison/dior/brightness/seed_43/0f98a48/methods/F/ddp2/eval_full_brightness_student_ids_v1/predictions.pkl,/mnt/shared/zechuan/iraod_artifacts/comparison/dior/brightness/seed_43/0f98a48/methods/F/ddp2/eval_full_brightness_student_ids_v1/pred_count.txt,0f98a48b539f9260055fc305784ffbc924f50451,331d2131b84651f0a2930a3d53faeefad8701531,0f98a48b539f9260055fc305784ffbc924f50451,0f98a48b539f9260055fc305784ffbc924f50451,,recorded_adaptation_producer,,,
DIOR,brightness,F,44,student,/mnt/shared/zechuan/iraod_artifacts/comparison/dior/brightness/seed_44/0f98a48/methods/F/ddp2/eval_full_brightness_student_ids_v1,/mnt/shared/zechuan/iraod_artifacts/comparison/dior/brightness/seed_44/0f98a48/methods/F/ddp2/eval_full_brightness_student_ids_v1/eval_20260908_160347.json,/mnt/shared/zechuan/iraod_artifacts/comparison/dior/brightness/seed_44/0f98a48/methods/F/ddp2/eval_full_brightness_student_ids_v1/predictions.pkl.image_ids.json,/mnt/shared/zechuan/iraod_artifacts/dior_source/seed42-orthonet-ddp4-gpu4567-spg16-gbs64/reproducibility/resolved_config.py,complete,0.1548926830291748,0.1548926830291748,[],11738,61975,/mnt/shared/zechuan/iraod_artifacts/comparison/dior/brightness/seed_44/0f98a48/methods/F/ddp2/work/iter_185.pth,74d7eafdc547976a86f8f35b2652dba384948e33ab5c15bb908fa3e54025782a,,/mnt/shared/zechuan/iraod_artifacts/comparison/dior/brightness/seed_44/0f98a48/methods/F/ddp2/eval_full_brightness_student_ids_v1/eval_status,/mnt/shared/zechuan/iraod_artifacts/comparison/dior/brightness/seed_44/0f98a48/methods/F/ddp2/eval_full_brightness_student_ids_v1/class_ap.txt,/mnt/shared/zechuan/iraod_artifacts/comparison/dior/brightness/seed_44/0f98a48/methods/F/ddp2/eval_full_brightness_student_ids_v1/predictions.pkl,/mnt/shared/zechuan/iraod_artifacts/comparison/dior/brightness/seed_44/0f98a48/methods/F/ddp2/eval_full_brightness_student_ids_v1/pred_count.txt,0f98a48b539f9260055fc305784ffbc924f50451,331d2131b84651f0a2930a3d53faeefad8701531,0f98a48b539f9260055fc305784ffbc924f50451,0f98a48b539f9260055fc305784ffbc924f50451,,recorded_adaptation_producer,,,
DIOR,cloudy,A,42,source,/mnt/shared/zechuan/iraod_artifacts/comparison/dior/cloudy/seed_42/0f98a48/methods/A/eval_full_cloudy_ids_v1,/mnt/shared/zechuan/iraod_artifacts/comparison/dior/cloudy/seed_42/0f98a48/methods/A/eval_full_cloudy_ids_v1/eval_20260907_222641.json,/mnt/shared/zechuan/iraod_artifacts/comparison/dior/cloudy/seed_42/0f98a48/methods/A/eval_full_cloudy_ids_v1/predictions.pkl.image_ids.json,/mnt/shared/zechuan/iraod_artifacts/dior_source/seed42-orthonet-ddp4-gpu4567-spg16-gbs64/reproducibility/resolved_config.py,complete,0.29026827216148376,0.29026827216148376,[],11738,305164,/mnt/shared/zechuan/iraod_artifacts/dior_source/seed42-orthonet-ddp4-gpu4567-spg16-gbs64/train/epoch_100.pth,74d7eafdc547976a86f8f35b2652dba384948e33ab5c15bb908fa3e54025782a,,/mnt/shared/zechuan/iraod_artifacts/comparison/dior/cloudy/seed_42/0f98a48/methods/A/eval_full_cloudy_ids_v1/eval_status,/mnt/shared/zechuan/iraod_artifacts/comparison/dior/cloudy/seed_42/0f98a48/methods/A/eval_full_cloudy_ids_v1/class_ap.txt,/mnt/shared/zechuan/iraod_artifacts/comparison/dior/cloudy/seed_42/0f98a48/methods/A/eval_full_cloudy_ids_v1/predictions.pkl,/mnt/shared/zechuan/iraod_artifacts/comparison/dior/cloudy/seed_42/0f98a48/methods/A/eval_full_cloudy_ids_v1/pred_count.txt,0f98a48b539f9260055fc305784ffbc924f50451,331d2131b84651f0a2930a3d53faeefad8701531,0f98a48b539f9260055fc305784ffbc924f50451,0f98a48b539f9260055fc305784ffbc924f50451,0f98a48b539f9260055fc305784ffbc924f50451,source_record_verified,,0.29026827216148376,/mnt/shared/zechuan/iraod_artifacts/comparison/xaf_student_quant_20260908/integration_code_84a1aeb/results/paper_comparison/historical/seed42/dior_raw_results.csv
DIOR,cloudy,B,42,student,/mnt/shared/zechuan/iraod_artifacts/comparison/dior/cloudy/seed_42/0f98a48/methods/B/eval_full_cloudy_student_ids_v1,/mnt/shared/zechuan/iraod_artifacts/comparison/dior/cloudy/seed_42/0f98a48/methods/B/eval_full_cloudy_student_ids_v1/eval_20260908_160926.json,/mnt/shared/zechuan/iraod_artifacts/comparison/dior/cloudy/seed_42/0f98a48/methods/B/eval_full_cloudy_student_ids_v1/predictions.pkl.image_ids.json,/mnt/shared/zechuan/iraod_artifacts/dior_source/seed42-orthonet-ddp4-gpu4567-spg16-gbs64/reproducibility/resolved_config.py,complete,0.2664186656475067,0.2664186656475067,[],11738,359280,/mnt/shared/zechuan/iraod_artifacts/comparison/dior/cloudy/seed_42/0f98a48/methods/B/work/iter_185.pth,74d7eafdc547976a86f8f35b2652dba384948e33ab5c15bb908fa3e54025782a,,/mnt/shared/zechuan/iraod_artifacts/comparison/dior/cloudy/seed_42/0f98a48/methods/B/eval_full_cloudy_student_ids_v1/eval_status,/mnt/shared/zechuan/iraod_artifacts/comparison/dior/cloudy/seed_42/0f98a48/methods/B/eval_full_cloudy_student_ids_v1/class_ap.txt,/mnt/shared/zechuan/iraod_artifacts/comparison/dior/cloudy/seed_42/0f98a48/methods/B/eval_full_cloudy_student_ids_v1/predictions.pkl,/mnt/shared/zechuan/iraod_artifacts/comparison/dior/cloudy/seed_42/0f98a48/methods/B/eval_full_cloudy_student_ids_v1/pred_count.txt,0f98a48b539f9260055fc305784ffbc924f50451,331d2131b84651f0a2930a3d53faeefad8701531,0f98a48b539f9260055fc305784ffbc924f50451,0f98a48b539f9260055fc305784ffbc924f50451,,recorded_adaptation_producer,,,
DIOR,cloudy,B,43,student,/mnt/shared/zechuan/iraod_artifacts/comparison/dior/cloudy/seed_43/0f98a48/methods/B/eval_full_cloudy_student_ids_v1,/mnt/shared/zechuan/iraod_artifacts/comparison/dior/cloudy/seed_43/0f98a48/methods/B/eval_full_cloudy_student_ids_v1/eval_20260908_161714.json,/mnt/shared/zechuan/iraod_artifacts/comparison/dior/cloudy/seed_43/0f98a48/methods/B/eval_full_cloudy_student_ids_v1/predictions.pkl.image_ids.json,/mnt/shared/zechuan/iraod_artifacts/dior_source/seed42-orthonet-ddp4-gpu4567-spg16-gbs64/reproducibility/resolved_config.py,complete,0.2739596962928772,0.2739596962928772,[],11738,359769,/mnt/shared/zechuan/iraod_artifacts/comparison/dior/cloudy/seed_43/0f98a48/methods/B/work/iter_185.pth,74d7eafdc547976a86f8f35b2652dba384948e33ab5c15bb908fa3e54025782a,,/mnt/shared/zechuan/iraod_artifacts/comparison/dior/cloudy/seed_43/0f98a48/methods/B/eval_full_cloudy_student_ids_v1/eval_status,/mnt/shared/zechuan/iraod_artifacts/comparison/dior/cloudy/seed_43/0f98a48/methods/B/eval_full_cloudy_student_ids_v1/class_ap.txt,/mnt/shared/zechuan/iraod_artifacts/comparison/dior/cloudy/seed_43/0f98a48/methods/B/eval_full_cloudy_student_ids_v1/predictions.pkl,/mnt/shared/zechuan/iraod_artifacts/comparison/dior/cloudy/seed_43/0f98a48/methods/B/eval_full_cloudy_student_ids_v1/pred_count.txt,0f98a48b539f9260055fc305784ffbc924f50451,331d2131b84651f0a2930a3d53faeefad8701531,0f98a48b539f9260055fc305784ffbc924f50451,0f98a48b539f9260055fc305784ffbc924f50451,,recorded_adaptation_producer,,,
DIOR,cloudy,B,44,student,/mnt/shared/zechuan/iraod_artifacts/comparison/dior/cloudy/seed_44/0f98a48/methods/B/eval_full_cloudy_student_ids_v1,/mnt/shared/zechuan/iraod_artifacts/comparison/dior/cloudy/seed_44/0f98a48/methods/B/eval_full_cloudy_student_ids_v1/eval_20260908_162455.json,/mnt/shared/zechuan/iraod_artifacts/comparison/dior/cloudy/seed_44/0f98a48/methods/B/eval_full_cloudy_student_ids_v1/predictions.pkl.image_ids.json,/mnt/shared/zechuan/iraod_artifacts/dior_source/seed42-orthonet-ddp4-gpu4567-spg16-gbs64/reproducibility/resolved_config.py,complete,0.26158660650253296,0.26158660650253296,[],11738,353190,/mnt/shared/zechuan/iraod_artifacts/comparison/dior/cloudy/seed_44/0f98a48/methods/B/work/iter_185.pth,74d7eafdc547976a86f8f35b2652dba384948e33ab5c15bb908fa3e54025782a,,/mnt/shared/zechuan/iraod_artifacts/comparison/dior/cloudy/seed_44/0f98a48/methods/B/eval_full_cloudy_student_ids_v1/eval_status,/mnt/shared/zechuan/iraod_artifacts/comparison/dior/cloudy/seed_44/0f98a48/methods/B/eval_full_cloudy_student_ids_v1/class_ap.txt,/mnt/shared/zechuan/iraod_artifacts/comparison/dior/cloudy/seed_44/0f98a48/methods/B/eval_full_cloudy_student_ids_v1/predictions.pkl,/mnt/shared/zechuan/iraod_artifacts/comparison/dior/cloudy/seed_44/0f98a48/methods/B/eval_full_cloudy_student_ids_v1/pred_count.txt,0f98a48b539f9260055fc305784ffbc924f50451,331d2131b84651f0a2930a3d53faeefad8701531,0f98a48b539f9260055fc305784ffbc924f50451,0f98a48b539f9260055fc305784ffbc924f50451,,recorded_adaptation_producer,,,
DIOR,cloudy,C,42,student,/mnt/shared/zechuan/iraod_artifacts/comparison/dior/cloudy/seed_42/0f98a48/methods/C/eval_full_cloudy_student_ids_v1,/mnt/shared/zechuan/iraod_artifacts/comparison/dior/cloudy/seed_42/0f98a48/methods/C/eval_full_cloudy_student_ids_v1/eval_20260908_161011.json,/mnt/shared/zechuan/iraod_artifacts/comparison/dior/cloudy/seed_42/0f98a48/methods/C/eval_full_cloudy_student_ids_v1/predictions.pkl.image_ids.json,/mnt/shared/zechuan/iraod_artifacts/dior_source/seed42-orthonet-ddp4-gpu4567-spg16-gbs64/reproducibility/resolved_config.py,complete,0.2602561116218567,0.2602561116218567,[],11738,250307,/mnt/shared/zechuan/iraod_artifacts/comparison/dior/cloudy/seed_42/0f98a48/methods/C/work/iter_185.pth,74d7eafdc547976a86f8f35b2652dba384948e33ab5c15bb908fa3e54025782a,,/mnt/shared/zechuan/iraod_artifacts/comparison/dior/cloudy/seed_42/0f98a48/methods/C/eval_full_cloudy_student_ids_v1/eval_status,/mnt/shared/zechuan/iraod_artifacts/comparison/dior/cloudy/seed_42/0f98a48/methods/C/eval_full_cloudy_student_ids_v1/class_ap.txt,/mnt/shared/zechuan/iraod_artifacts/comparison/dior/cloudy/seed_42/0f98a48/methods/C/eval_full_cloudy_student_ids_v1/predictions.pkl,/mnt/shared/zechuan/iraod_artifacts/comparison/dior/cloudy/seed_42/0f98a48/methods/C/eval_full_cloudy_student_ids_v1/pred_count.txt,0f98a48b539f9260055fc305784ffbc924f50451,331d2131b84651f0a2930a3d53faeefad8701531,0f98a48b539f9260055fc305784ffbc924f50451,0f98a48b539f9260055fc305784ffbc924f50451,,recorded_adaptation_producer,,,
DIOR,cloudy,C,43,student,/mnt/shared/zechuan/iraod_artifacts/comparison/dior/cloudy/seed_43/0f98a48/methods/C/eval_full_cloudy_student_ids_v1,/mnt/shared/zechuan/iraod_artifacts/comparison/dior/cloudy/seed_43/0f98a48/methods/C/eval_full_cloudy_student_ids_v1/eval_20260908_161736.json,/mnt/shared/zechuan/iraod_artifacts/comparison/dior/cloudy/seed_43/0f98a48/methods/C/eval_full_cloudy_student_ids_v1/predictions.pkl.image_ids.json,/mnt/shared/zechuan/iraod_artifacts/dior_source/seed42-orthonet-ddp4-gpu4567-spg16-gbs64/reproducibility/resolved_config.py,complete,0.2628534436225891,0.2628534436225891,[],11738,197719,/mnt/shared/zechuan/iraod_artifacts/comparison/dior/cloudy/seed_43/0f98a48/methods/C/work/iter_185.pth,74d7eafdc547976a86f8f35b2652dba384948e33ab5c15bb908fa3e54025782a,,/mnt/shared/zechuan/iraod_artifacts/comparison/dior/cloudy/seed_43/0f98a48/methods/C/eval_full_cloudy_student_ids_v1/eval_status,/mnt/shared/zechuan/iraod_artifacts/comparison/dior/cloudy/seed_43/0f98a48/methods/C/eval_full_cloudy_student_ids_v1/class_ap.txt,/mnt/shared/zechuan/iraod_artifacts/comparison/dior/cloudy/seed_43/0f98a48/methods/C/eval_full_cloudy_student_ids_v1/predictions.pkl,/mnt/shared/zechuan/iraod_artifacts/comparison/dior/cloudy/seed_43/0f98a48/methods/C/eval_full_cloudy_student_ids_v1/pred_count.txt,0f98a48b539f9260055fc305784ffbc924f50451,331d2131b84651f0a2930a3d53faeefad8701531,0f98a48b539f9260055fc305784ffbc924f50451,0f98a48b539f9260055fc305784ffbc924f50451,,recorded_adaptation_producer,,,
DIOR,cloudy,C,44,student,/mnt/shared/zechuan/iraod_artifacts/comparison/dior/cloudy/seed_44/0f98a48/methods/C/eval_full_cloudy_student_ids_v1,/mnt/shared/zechuan/iraod_artifacts/comparison/dior/cloudy/seed_44/0f98a48/methods/C/eval_full_cloudy_student_ids_v1/eval_20260908_163147.json,/mnt/shared/zechuan/iraod_artifacts/comparison/dior/cloudy/seed_44/0f98a48/methods/C/eval_full_cloudy_student_ids_v1/predictions.pkl.image_ids.json,/mnt/shared/zechuan/iraod_artifacts/dior_source/seed42-orthonet-ddp4-gpu4567-spg16-gbs64/reproducibility/resolved_config.py,complete,0.2692675292491913,0.2692675292491913,[],11738,226275,/mnt/shared/zechuan/iraod_artifacts/comparison/dior/cloudy/seed_44/0f98a48/methods/C/work/iter_185.pth,74d7eafdc547976a86f8f35b2652dba384948e33ab5c15bb908fa3e54025782a,,/mnt/shared/zechuan/iraod_artifacts/comparison/dior/cloudy/seed_44/0f98a48/methods/C/eval_full_cloudy_student_ids_v1/eval_status,/mnt/shared/zechuan/iraod_artifacts/comparison/dior/cloudy/seed_44/0f98a48/methods/C/eval_full_cloudy_student_ids_v1/class_ap.txt,/mnt/shared/zechuan/iraod_artifacts/comparison/dior/cloudy/seed_44/0f98a48/methods/C/eval_full_cloudy_student_ids_v1/predictions.pkl,/mnt/shared/zechuan/iraod_artifacts/comparison/dior/cloudy/seed_44/0f98a48/methods/C/eval_full_cloudy_student_ids_v1/pred_count.txt,0f98a48b539f9260055fc305784ffbc924f50451,331d2131b84651f0a2930a3d53faeefad8701531,0f98a48b539f9260055fc305784ffbc924f50451,0f98a48b539f9260055fc305784ffbc924f50451,,recorded_adaptation_producer,,,
DIOR,cloudy,D,42,student,/mnt/shared/zechuan/iraod_artifacts/comparison/dior/cloudy/seed_42/0f98a48/methods/D/eval_full_cloudy_student_ids_v1,/mnt/shared/zechuan/iraod_artifacts/comparison/dior/cloudy/seed_42/0f98a48/methods/D/eval_full_cloudy_student_ids_v1/eval_20260908_161038.json,/mnt/shared/zechuan/iraod_artifacts/comparison/dior/cloudy/seed_42/0f98a48/methods/D/eval_full_cloudy_student_ids_v1/predictions.pkl.image_ids.json,/mnt/shared/zechuan/iraod_artifacts/dior_source/seed42-orthonet-ddp4-gpu4567-spg16-gbs64/reproducibility/resolved_config.py,complete,0.21718275547027588,0.21718275547027588,[],11738,96933,/mnt/shared/zechuan/iraod_artifacts/comparison/dior/cloudy/seed_42/0f98a48/methods/D/work/iter_185.pth,74d7eafdc547976a86f8f35b2652dba384948e33ab5c15bb908fa3e54025782a,,/mnt/shared/zechuan/iraod_artifacts/comparison/dior/cloudy/seed_42/0f98a48/methods/D/eval_full_cloudy_student_ids_v1/eval_status,/mnt/shared/zechuan/iraod_artifacts/comparison/dior/cloudy/seed_42/0f98a48/methods/D/eval_full_cloudy_student_ids_v1/class_ap.txt,/mnt/shared/zechuan/iraod_artifacts/comparison/dior/cloudy/seed_42/0f98a48/methods/D/eval_full_cloudy_student_ids_v1/predictions.pkl,/mnt/shared/zechuan/iraod_artifacts/comparison/dior/cloudy/seed_42/0f98a48/methods/D/eval_full_cloudy_student_ids_v1/pred_count.txt,0f98a48b539f9260055fc305784ffbc924f50451,331d2131b84651f0a2930a3d53faeefad8701531,0f98a48b539f9260055fc305784ffbc924f50451,0f98a48b539f9260055fc305784ffbc924f50451,,recorded_adaptation_producer,,,
DIOR,cloudy,D,43,student,/mnt/shared/zechuan/iraod_artifacts/comparison/dior/cloudy/seed_43/0f98a48/methods/D/eval_full_cloudy_student_ids_v1,/mnt/shared/zechuan/iraod_artifacts/comparison/dior/cloudy/seed_43/0f98a48/methods/D/eval_full_cloudy_student_ids_v1/eval_20260908_161753.json,/mnt/shared/zechuan/iraod_artifacts/comparison/dior/cloudy/seed_43/0f98a48/methods/D/eval_full_cloudy_student_ids_v1/predictions.pkl.image_ids.json,/mnt/shared/zechuan/iraod_artifacts/dior_source/seed42-orthonet-ddp4-gpu4567-spg16-gbs64/reproducibility/resolved_config.py,complete,0.18811127543449402,0.18811127543449402,[],11738,45658,/mnt/shared/zechuan/iraod_artifacts/comparison/dior/cloudy/seed_43/0f98a48/methods/D/work/iter_185.pth,74d7eafdc547976a86f8f35b2652dba384948e33ab5c15bb908fa3e54025782a,,/mnt/shared/zechuan/iraod_artifacts/comparison/dior/cloudy/seed_43/0f98a48/methods/D/eval_full_cloudy_student_ids_v1/eval_status,/mnt/shared/zechuan/iraod_artifacts/comparison/dior/cloudy/seed_43/0f98a48/methods/D/eval_full_cloudy_student_ids_v1/class_ap.txt,/mnt/shared/zechuan/iraod_artifacts/comparison/dior/cloudy/seed_43/0f98a48/methods/D/eval_full_cloudy_student_ids_v1/predictions.pkl,/mnt/shared/zechuan/iraod_artifacts/comparison/dior/cloudy/seed_43/0f98a48/methods/D/eval_full_cloudy_student_ids_v1/pred_count.txt,0f98a48b539f9260055fc305784ffbc924f50451,331d2131b84651f0a2930a3d53faeefad8701531,0f98a48b539f9260055fc305784ffbc924f50451,0f98a48b539f9260055fc305784ffbc924f50451,,recorded_adaptation_producer,,,
DIOR,cloudy,D,44,student,/mnt/shared/zechuan/iraod_artifacts/comparison/dior/cloudy/seed_44/0f98a48/methods/D/eval_full_cloudy_student_ids_v1,/mnt/shared/zechuan/iraod_artifacts/comparison/dior/cloudy/seed_44/0f98a48/methods/D/eval_full_cloudy_student_ids_v1/eval_20260908_163152.json,/mnt/shared/zechuan/iraod_artifacts/comparison/dior/cloudy/seed_44/0f98a48/methods/D/eval_full_cloudy_student_ids_v1/predictions.pkl.image_ids.json,/mnt/shared/zechuan/iraod_artifacts/dior_source/seed42-orthonet-ddp4-gpu4567-spg16-gbs64/reproducibility/resolved_config.py,complete,0.19717583060264587,0.19717583060264587,[],11738,65507,/mnt/shared/zechuan/iraod_artifacts/comparison/dior/cloudy/seed_44/0f98a48/methods/D/work/iter_185.pth,74d7eafdc547976a86f8f35b2652dba384948e33ab5c15bb908fa3e54025782a,,/mnt/shared/zechuan/iraod_artifacts/comparison/dior/cloudy/seed_44/0f98a48/methods/D/eval_full_cloudy_student_ids_v1/eval_status,/mnt/shared/zechuan/iraod_artifacts/comparison/dior/cloudy/seed_44/0f98a48/methods/D/eval_full_cloudy_student_ids_v1/class_ap.txt,/mnt/shared/zechuan/iraod_artifacts/comparison/dior/cloudy/seed_44/0f98a48/methods/D/eval_full_cloudy_student_ids_v1/predictions.pkl,/mnt/shared/zechuan/iraod_artifacts/comparison/dior/cloudy/seed_44/0f98a48/methods/D/eval_full_cloudy_student_ids_v1/pred_count.txt,0f98a48b539f9260055fc305784ffbc924f50451,331d2131b84651f0a2930a3d53faeefad8701531,0f98a48b539f9260055fc305784ffbc924f50451,0f98a48b539f9260055fc305784ffbc924f50451,,recorded_adaptation_producer,,,
DIOR,cloudy,E,42,student,/mnt/shared/zechuan/iraod_artifacts/comparison/dior/cloudy/seed_42/0f98a48/methods/E/ddp2/eval_full_cloudy_student_ids_v1,/mnt/shared/zechuan/iraod_artifacts/comparison/dior/cloudy/seed_42/0f98a48/methods/E/ddp2/eval_full_cloudy_student_ids_v1/eval_20260908_161055.json,/mnt/shared/zechuan/iraod_artifacts/comparison/dior/cloudy/seed_42/0f98a48/methods/E/ddp2/eval_full_cloudy_student_ids_v1/predictions.pkl.image_ids.json,/mnt/shared/zechuan/iraod_artifacts/dior_source/seed42-orthonet-ddp4-gpu4567-spg16-gbs64/reproducibility/resolved_config.py,complete,0.2755984663963318,0.2755984663963318,[],11738,353433,/mnt/shared/zechuan/iraod_artifacts/comparison/dior/cloudy/seed_42/0f98a48/methods/E/ddp2/work/iter_185.pth,74d7eafdc547976a86f8f35b2652dba384948e33ab5c15bb908fa3e54025782a,,/mnt/shared/zechuan/iraod_artifacts/comparison/dior/cloudy/seed_42/0f98a48/methods/E/ddp2/eval_full_cloudy_student_ids_v1/eval_status,/mnt/shared/zechuan/iraod_artifacts/comparison/dior/cloudy/seed_42/0f98a48/methods/E/ddp2/eval_full_cloudy_student_ids_v1/class_ap.txt,/mnt/shared/zechuan/iraod_artifacts/comparison/dior/cloudy/seed_42/0f98a48/methods/E/ddp2/eval_full_cloudy_student_ids_v1/predictions.pkl,/mnt/shared/zechuan/iraod_artifacts/comparison/dior/cloudy/seed_42/0f98a48/methods/E/ddp2/eval_full_cloudy_student_ids_v1/pred_count.txt,0f98a48b539f9260055fc305784ffbc924f50451,331d2131b84651f0a2930a3d53faeefad8701531,0f98a48b539f9260055fc305784ffbc924f50451,0f98a48b539f9260055fc305784ffbc924f50451,,recorded_adaptation_producer,,,
DIOR,cloudy,E,43,student,/mnt/shared/zechuan/iraod_artifacts/comparison/dior/cloudy/seed_43/0f98a48/methods/E/ddp2/eval_full_cloudy_student_ids_v1,/mnt/shared/zechuan/iraod_artifacts/comparison/dior/cloudy/seed_43/0f98a48/methods/E/ddp2/eval_full_cloudy_student_ids_v1/eval_20260908_162413.json,/mnt/shared/zechuan/iraod_artifacts/comparison/dior/cloudy/seed_43/0f98a48/methods/E/ddp2/eval_full_cloudy_student_ids_v1/predictions.pkl.image_ids.json,/mnt/shared/zechuan/iraod_artifacts/dior_source/seed42-orthonet-ddp4-gpu4567-spg16-gbs64/reproducibility/resolved_config.py,complete,0.25959140062332153,0.25959140062332153,[],11738,388431,/mnt/shared/zechuan/iraod_artifacts/comparison/dior/cloudy/seed_43/0f98a48/methods/E/ddp2/work/iter_185.pth,74d7eafdc547976a86f8f35b2652dba384948e33ab5c15bb908fa3e54025782a,,/mnt/shared/zechuan/iraod_artifacts/comparison/dior/cloudy/seed_43/0f98a48/methods/E/ddp2/eval_full_cloudy_student_ids_v1/eval_status,/mnt/shared/zechuan/iraod_artifacts/comparison/dior/cloudy/seed_43/0f98a48/methods/E/ddp2/eval_full_cloudy_student_ids_v1/class_ap.txt,/mnt/shared/zechuan/iraod_artifacts/comparison/dior/cloudy/seed_43/0f98a48/methods/E/ddp2/eval_full_cloudy_student_ids_v1/predictions.pkl,/mnt/shared/zechuan/iraod_artifacts/comparison/dior/cloudy/seed_43/0f98a48/methods/E/ddp2/eval_full_cloudy_student_ids_v1/pred_count.txt,0f98a48b539f9260055fc305784ffbc924f50451,331d2131b84651f0a2930a3d53faeefad8701531,0f98a48b539f9260055fc305784ffbc924f50451,0f98a48b539f9260055fc305784ffbc924f50451,,recorded_adaptation_producer,,,
DIOR,cloudy,E,44,student,/mnt/shared/zechuan/iraod_artifacts/comparison/dior/cloudy/seed_44/0f98a48/methods/E/ddp2/eval_full_cloudy_student_ids_v1,/mnt/shared/zechuan/iraod_artifacts/comparison/dior/cloudy/seed_44/0f98a48/methods/E/ddp2/eval_full_cloudy_student_ids_v1/eval_20260908_163206.json,/mnt/shared/zechuan/iraod_artifacts/comparison/dior/cloudy/seed_44/0f98a48/methods/E/ddp2/eval_full_cloudy_student_ids_v1/predictions.pkl.image_ids.json,/mnt/shared/zechuan/iraod_artifacts/dior_source/seed42-orthonet-ddp4-gpu4567-spg16-gbs64/reproducibility/resolved_config.py,complete,0.2683073878288269,0.2683073878288269,[],11738,435077,/mnt/shared/zechuan/iraod_artifacts/comparison/dior/cloudy/seed_44/0f98a48/methods/E/ddp2/work/iter_185.pth,74d7eafdc547976a86f8f35b2652dba384948e33ab5c15bb908fa3e54025782a,,/mnt/shared/zechuan/iraod_artifacts/comparison/dior/cloudy/seed_44/0f98a48/methods/E/ddp2/eval_full_cloudy_student_ids_v1/eval_status,/mnt/shared/zechuan/iraod_artifacts/comparison/dior/cloudy/seed_44/0f98a48/methods/E/ddp2/eval_full_cloudy_student_ids_v1/class_ap.txt,/mnt/shared/zechuan/iraod_artifacts/comparison/dior/cloudy/seed_44/0f98a48/methods/E/ddp2/eval_full_cloudy_student_ids_v1/predictions.pkl,/mnt/shared/zechuan/iraod_artifacts/comparison/dior/cloudy/seed_44/0f98a48/methods/E/ddp2/eval_full_cloudy_student_ids_v1/pred_count.txt,0f98a48b539f9260055fc305784ffbc924f50451,331d2131b84651f0a2930a3d53faeefad8701531,0f98a48b539f9260055fc305784ffbc924f50451,0f98a48b539f9260055fc305784ffbc924f50451,,recorded_adaptation_producer,,,
DIOR,cloudy,F,42,student,/mnt/shared/zechuan/iraod_artifacts/comparison/dior/cloudy/seed_42/0f98a48/methods/F/ddp2/eval_full_cloudy_student_ids_v1,/mnt/shared/zechuan/iraod_artifacts/comparison/dior/cloudy/seed_42/0f98a48/methods/F/ddp2/eval_full_cloudy_student_ids_v1/eval_20260908_162442.json,/mnt/shared/zechuan/iraod_artifacts/comparison/dior/cloudy/seed_42/0f98a48/methods/F/ddp2/eval_full_cloudy_student_ids_v1/predictions.pkl.image_ids.json,/mnt/shared/zechuan/iraod_artifacts/dior_source/seed42-orthonet-ddp4-gpu4567-spg16-gbs64/reproducibility/resolved_config.py,complete,0.19232536852359772,0.19232536852359772,[],11738,51721,/mnt/shared/zechuan/iraod_artifacts/comparison/dior/cloudy/seed_42/0f98a48/methods/F/ddp2/work/iter_185.pth,74d7eafdc547976a86f8f35b2652dba384948e33ab5c15bb908fa3e54025782a,,/mnt/shared/zechuan/iraod_artifacts/comparison/dior/cloudy/seed_42/0f98a48/methods/F/ddp2/eval_full_cloudy_student_ids_v1/eval_status,/mnt/shared/zechuan/iraod_artifacts/comparison/dior/cloudy/seed_42/0f98a48/methods/F/ddp2/eval_full_cloudy_student_ids_v1/class_ap.txt,/mnt/shared/zechuan/iraod_artifacts/comparison/dior/cloudy/seed_42/0f98a48/methods/F/ddp2/eval_full_cloudy_student_ids_v1/predictions.pkl,/mnt/shared/zechuan/iraod_artifacts/comparison/dior/cloudy/seed_42/0f98a48/methods/F/ddp2/eval_full_cloudy_student_ids_v1/pred_count.txt,0f98a48b539f9260055fc305784ffbc924f50451,331d2131b84651f0a2930a3d53faeefad8701531,0f98a48b539f9260055fc305784ffbc924f50451,0f98a48b539f9260055fc305784ffbc924f50451,,recorded_adaptation_producer,,,
DIOR,cloudy,F,43,student,/mnt/shared/zechuan/iraod_artifacts/comparison/dior/cloudy/seed_43/0f98a48/methods/F/ddp2/eval_full_cloudy_student_ids_v1,/mnt/shared/zechuan/iraod_artifacts/comparison/dior/cloudy/seed_43/0f98a48/methods/F/ddp2/eval_full_cloudy_student_ids_v1/eval_20260908_162430.json,/mnt/shared/zechuan/iraod_artifacts/comparison/dior/cloudy/seed_43/0f98a48/methods/F/ddp2/eval_full_cloudy_student_ids_v1/predictions.pkl.image_ids.json,/mnt/shared/zechuan/iraod_artifacts/dior_source/seed42-orthonet-ddp4-gpu4567-spg16-gbs64/reproducibility/resolved_config.py,complete,0.17535488307476044,0.17535488307476044,[],11738,87495,/mnt/shared/zechuan/iraod_artifacts/comparison/dior/cloudy/seed_43/0f98a48/methods/F/ddp2/work/iter_185.pth,74d7eafdc547976a86f8f35b2652dba384948e33ab5c15bb908fa3e54025782a,,/mnt/shared/zechuan/iraod_artifacts/comparison/dior/cloudy/seed_43/0f98a48/methods/F/ddp2/eval_full_cloudy_student_ids_v1/eval_status,/mnt/shared/zechuan/iraod_artifacts/comparison/dior/cloudy/seed_43/0f98a48/methods/F/ddp2/eval_full_cloudy_student_ids_v1/class_ap.txt,/mnt/shared/zechuan/iraod_artifacts/comparison/dior/cloudy/seed_43/0f98a48/methods/F/ddp2/eval_full_cloudy_student_ids_v1/predictions.pkl,/mnt/shared/zechuan/iraod_artifacts/comparison/dior/cloudy/seed_43/0f98a48/methods/F/ddp2/eval_full_cloudy_student_ids_v1/pred_count.txt,0f98a48b539f9260055fc305784ffbc924f50451,331d2131b84651f0a2930a3d53faeefad8701531,0f98a48b539f9260055fc305784ffbc924f50451,0f98a48b539f9260055fc305784ffbc924f50451,,recorded_adaptation_producer,,,
DIOR,cloudy,F,44,student,/mnt/shared/zechuan/iraod_artifacts/comparison/dior/cloudy/seed_44/0f98a48/methods/F/ddp2/eval_full_cloudy_student_ids_v1,/mnt/shared/zechuan/iraod_artifacts/comparison/dior/cloudy/seed_44/0f98a48/methods/F/ddp2/eval_full_cloudy_student_ids_v1/eval_20260908_163219.json,/mnt/shared/zechuan/iraod_artifacts/comparison/dior/cloudy/seed_44/0f98a48/methods/F/ddp2/eval_full_cloudy_student_ids_v1/predictions.pkl.image_ids.json,/mnt/shared/zechuan/iraod_artifacts/dior_source/seed42-orthonet-ddp4-gpu4567-spg16-gbs64/reproducibility/resolved_config.py,complete,0.1853121668100357,0.1853121668100357,[],11738,59227,/mnt/shared/zechuan/iraod_artifacts/comparison/dior/cloudy/seed_44/0f98a48/methods/F/ddp2/work/iter_185.pth,74d7eafdc547976a86f8f35b2652dba384948e33ab5c15bb908fa3e54025782a,,/mnt/shared/zechuan/iraod_artifacts/comparison/dior/cloudy/seed_44/0f98a48/methods/F/ddp2/eval_full_cloudy_student_ids_v1/eval_status,/mnt/shared/zechuan/iraod_artifacts/comparison/dior/cloudy/seed_44/0f98a48/methods/F/ddp2/eval_full_cloudy_student_ids_v1/class_ap.txt,/mnt/shared/zechuan/iraod_artifacts/comparison/dior/cloudy/seed_44/0f98a48/methods/F/ddp2/eval_full_cloudy_student_ids_v1/predictions.pkl,/mnt/shared/zechuan/iraod_artifacts/comparison/dior/cloudy/seed_44/0f98a48/methods/F/ddp2/eval_full_cloudy_student_ids_v1/pred_count.txt,0f98a48b539f9260055fc305784ffbc924f50451,331d2131b84651f0a2930a3d53faeefad8701531,0f98a48b539f9260055fc305784ffbc924f50451,0f98a48b539f9260055fc305784ffbc924f50451,,recorded_adaptation_producer,,,
DIOR,contrast,A,42,source,/mnt/shared/zechuan/iraod_artifacts/comparison/dior/contrast/seed_42/0f98a48/methods/A/eval_full_contrast_ids_v1,/mnt/shared/zechuan/iraod_artifacts/comparison/dior/contrast/seed_42/0f98a48/methods/A/eval_full_contrast_ids_v1/eval_20260908_001943.json,/mnt/shared/zechuan/iraod_artifacts/comparison/dior/contrast/seed_42/0f98a48/methods/A/eval_full_contrast_ids_v1/predictions.pkl.image_ids.json,/mnt/shared/zechuan/iraod_artifacts/dior_source/seed42-orthonet-ddp4-gpu4567-spg16-gbs64/reproducibility/resolved_config.py,complete,0.2816031277179718,0.2816031277179718,[],11738,373844,/mnt/shared/zechuan/iraod_artifacts/dior_source/seed42-orthonet-ddp4-gpu4567-spg16-gbs64/train/epoch_100.pth,74d7eafdc547976a86f8f35b2652dba384948e33ab5c15bb908fa3e54025782a,,/mnt/shared/zechuan/iraod_artifacts/comparison/dior/contrast/seed_42/0f98a48/methods/A/eval_full_contrast_ids_v1/eval_status,/mnt/shared/zechuan/iraod_artifacts/comparison/dior/contrast/seed_42/0f98a48/methods/A/eval_full_contrast_ids_v1/class_ap.txt,/mnt/shared/zechuan/iraod_artifacts/comparison/dior/contrast/seed_42/0f98a48/methods/A/eval_full_contrast_ids_v1/predictions.pkl,/mnt/shared/zechuan/iraod_artifacts/comparison/dior/contrast/seed_42/0f98a48/methods/A/eval_full_contrast_ids_v1/pred_count.txt,0f98a48b539f9260055fc305784ffbc924f50451,331d2131b84651f0a2930a3d53faeefad8701531,0f98a48b539f9260055fc305784ffbc924f50451,0f98a48b539f9260055fc305784ffbc924f50451,0f98a48b539f9260055fc305784ffbc924f50451,source_record_verified,,0.2816031277179718,/mnt/shared/zechuan/iraod_artifacts/comparison/xaf_student_quant_20260908/integration_code_84a1aeb/results/paper_comparison/historical/seed42/dior_raw_results.csv
DIOR,contrast,B,42,student,/mnt/shared/zechuan/iraod_artifacts/comparison/dior/contrast/seed_42/0f98a48/methods/B/eval_full_contrast_student_ids_v1,/mnt/shared/zechuan/iraod_artifacts/comparison/dior/contrast/seed_42/0f98a48/methods/B/eval_full_contrast_student_ids_v1/eval_20260908_163936.json,/mnt/shared/zechuan/iraod_artifacts/comparison/dior/contrast/seed_42/0f98a48/methods/B/eval_full_contrast_student_ids_v1/predictions.pkl.image_ids.json,/mnt/shared/zechuan/iraod_artifacts/dior_source/seed42-orthonet-ddp4-gpu4567-spg16-gbs64/reproducibility/resolved_config.py,complete,0.25950103998184204,0.25950103998184204,[],11738,485362,/mnt/shared/zechuan/iraod_artifacts/comparison/dior/contrast/seed_42/0f98a48/methods/B/work/iter_185.pth,74d7eafdc547976a86f8f35b2652dba384948e33ab5c15bb908fa3e54025782a,,/mnt/shared/zechuan/iraod_artifacts/comparison/dior/contrast/seed_42/0f98a48/methods/B/eval_full_contrast_student_ids_v1/eval_status,/mnt/shared/zechuan/iraod_artifacts/comparison/dior/contrast/seed_42/0f98a48/methods/B/eval_full_contrast_student_ids_v1/class_ap.txt,/mnt/shared/zechuan/iraod_artifacts/comparison/dior/contrast/seed_42/0f98a48/methods/B/eval_full_contrast_student_ids_v1/predictions.pkl,/mnt/shared/zechuan/iraod_artifacts/comparison/dior/contrast/seed_42/0f98a48/methods/B/eval_full_contrast_student_ids_v1/pred_count.txt,0f98a48b539f9260055fc305784ffbc924f50451,331d2131b84651f0a2930a3d53faeefad8701531,0f98a48b539f9260055fc305784ffbc924f50451,0f98a48b539f9260055fc305784ffbc924f50451,,recorded_adaptation_producer,,,
DIOR,contrast,B,43,student,/mnt/shared/zechuan/iraod_artifacts/comparison/dior/contrast/seed_43/0f98a48/methods/B/eval_full_contrast_student_ids_v1,/mnt/shared/zechuan/iraod_artifacts/comparison/dior/contrast/seed_43/0f98a48/methods/B/eval_full_contrast_student_ids_v1/eval_20260908_164646.json,/mnt/shared/zechuan/iraod_artifacts/comparison/dior/contrast/seed_43/0f98a48/methods/B/eval_full_contrast_student_ids_v1/predictions.pkl.image_ids.json,/mnt/shared/zechuan/iraod_artifacts/dior_source/seed42-orthonet-ddp4-gpu4567-spg16-gbs64/reproducibility/resolved_config.py,complete,0.2651135325431824,0.2651135325431824,[],11738,462296,/mnt/shared/zechuan/iraod_artifacts/comparison/dior/contrast/seed_43/0f98a48/methods/B/work/iter_185.pth,74d7eafdc547976a86f8f35b2652dba384948e33ab5c15bb908fa3e54025782a,,/mnt/shared/zechuan/iraod_artifacts/comparison/dior/contrast/seed_43/0f98a48/methods/B/eval_full_contrast_student_ids_v1/eval_status,/mnt/shared/zechuan/iraod_artifacts/comparison/dior/contrast/seed_43/0f98a48/methods/B/eval_full_contrast_student_ids_v1/class_ap.txt,/mnt/shared/zechuan/iraod_artifacts/comparison/dior/contrast/seed_43/0f98a48/methods/B/eval_full_contrast_student_ids_v1/predictions.pkl,/mnt/shared/zechuan/iraod_artifacts/comparison/dior/contrast/seed_43/0f98a48/methods/B/eval_full_contrast_student_ids_v1/pred_count.txt,0f98a48b539f9260055fc305784ffbc924f50451,331d2131b84651f0a2930a3d53faeefad8701531,0f98a48b539f9260055fc305784ffbc924f50451,0f98a48b539f9260055fc305784ffbc924f50451,,recorded_adaptation_producer,,,
DIOR,contrast,B,44,student,/mnt/shared/zechuan/iraod_artifacts/comparison/dior/contrast/seed_44/0f98a48/methods/B/eval_full_contrast_student_ids_v1,/mnt/shared/zechuan/iraod_artifacts/comparison/dior/contrast/seed_44/0f98a48/methods/B/eval_full_contrast_student_ids_v1/eval_20260908_165345.json,/mnt/shared/zechuan/iraod_artifacts/comparison/dior/contrast/seed_44/0f98a48/methods/B/eval_full_contrast_student_ids_v1/predictions.pkl.image_ids.json,/mnt/shared/zechuan/iraod_artifacts/dior_source/seed42-orthonet-ddp4-gpu4567-spg16-gbs64/reproducibility/resolved_config.py,complete,0.2641462981700897,0.2641462981700897,[],11738,477664,/mnt/shared/zechuan/iraod_artifacts/comparison/dior/contrast/seed_44/0f98a48/methods/B/work/iter_185.pth,74d7eafdc547976a86f8f35b2652dba384948e33ab5c15bb908fa3e54025782a,,/mnt/shared/zechuan/iraod_artifacts/comparison/dior/contrast/seed_44/0f98a48/methods/B/eval_full_contrast_student_ids_v1/eval_status,/mnt/shared/zechuan/iraod_artifacts/comparison/dior/contrast/seed_44/0f98a48/methods/B/eval_full_contrast_student_ids_v1/class_ap.txt,/mnt/shared/zechuan/iraod_artifacts/comparison/dior/contrast/seed_44/0f98a48/methods/B/eval_full_contrast_student_ids_v1/predictions.pkl,/mnt/shared/zechuan/iraod_artifacts/comparison/dior/contrast/seed_44/0f98a48/methods/B/eval_full_contrast_student_ids_v1/pred_count.txt,0f98a48b539f9260055fc305784ffbc924f50451,331d2131b84651f0a2930a3d53faeefad8701531,0f98a48b539f9260055fc305784ffbc924f50451,0f98a48b539f9260055fc305784ffbc924f50451,,recorded_adaptation_producer,,,
DIOR,contrast,C,42,student,/mnt/shared/zechuan/iraod_artifacts/comparison/dior/contrast/seed_42/0f98a48/methods/C/eval_full_contrast_student_ids_v1,/mnt/shared/zechuan/iraod_artifacts/comparison/dior/contrast/seed_42/0f98a48/methods/C/eval_full_contrast_student_ids_v1/eval_20260908_163949.json,/mnt/shared/zechuan/iraod_artifacts/comparison/dior/contrast/seed_42/0f98a48/methods/C/eval_full_contrast_student_ids_v1/predictions.pkl.image_ids.json,/mnt/shared/zechuan/iraod_artifacts/dior_source/seed42-orthonet-ddp4-gpu4567-spg16-gbs64/reproducibility/resolved_config.py,complete,0.25543007254600525,0.25543007254600525,[],11738,258613,/mnt/shared/zechuan/iraod_artifacts/comparison/dior/contrast/seed_42/0f98a48/methods/C/work/iter_185.pth,74d7eafdc547976a86f8f35b2652dba384948e33ab5c15bb908fa3e54025782a,,/mnt/shared/zechuan/iraod_artifacts/comparison/dior/contrast/seed_42/0f98a48/methods/C/eval_full_contrast_student_ids_v1/eval_status,/mnt/shared/zechuan/iraod_artifacts/comparison/dior/contrast/seed_42/0f98a48/methods/C/eval_full_contrast_student_ids_v1/class_ap.txt,/mnt/shared/zechuan/iraod_artifacts/comparison/dior/contrast/seed_42/0f98a48/methods/C/eval_full_contrast_student_ids_v1/predictions.pkl,/mnt/shared/zechuan/iraod_artifacts/comparison/dior/contrast/seed_42/0f98a48/methods/C/eval_full_contrast_student_ids_v1/pred_count.txt,0f98a48b539f9260055fc305784ffbc924f50451,331d2131b84651f0a2930a3d53faeefad8701531,0f98a48b539f9260055fc305784ffbc924f50451,0f98a48b539f9260055fc305784ffbc924f50451,,recorded_adaptation_producer,,,
DIOR,contrast,C,43,student,/mnt/shared/zechuan/iraod_artifacts/comparison/dior/contrast/seed_43/0f98a48/methods/C/eval_full_contrast_student_ids_v1,/mnt/shared/zechuan/iraod_artifacts/comparison/dior/contrast/seed_43/0f98a48/methods/C/eval_full_contrast_student_ids_v1/eval_20260908_164648.json,/mnt/shared/zechuan/iraod_artifacts/comparison/dior/contrast/seed_43/0f98a48/methods/C/eval_full_contrast_student_ids_v1/predictions.pkl.image_ids.json,/mnt/shared/zechuan/iraod_artifacts/dior_source/seed42-orthonet-ddp4-gpu4567-spg16-gbs64/reproducibility/resolved_config.py,complete,0.25878649950027466,0.25878649950027466,[],11738,217929,/mnt/shared/zechuan/iraod_artifacts/comparison/dior/contrast/seed_43/0f98a48/methods/C/work/iter_185.pth,74d7eafdc547976a86f8f35b2652dba384948e33ab5c15bb908fa3e54025782a,,/mnt/shared/zechuan/iraod_artifacts/comparison/dior/contrast/seed_43/0f98a48/methods/C/eval_full_contrast_student_ids_v1/eval_status,/mnt/shared/zechuan/iraod_artifacts/comparison/dior/contrast/seed_43/0f98a48/methods/C/eval_full_contrast_student_ids_v1/class_ap.txt,/mnt/shared/zechuan/iraod_artifacts/comparison/dior/contrast/seed_43/0f98a48/methods/C/eval_full_contrast_student_ids_v1/predictions.pkl,/mnt/shared/zechuan/iraod_artifacts/comparison/dior/contrast/seed_43/0f98a48/methods/C/eval_full_contrast_student_ids_v1/pred_count.txt,0f98a48b539f9260055fc305784ffbc924f50451,331d2131b84651f0a2930a3d53faeefad8701531,0f98a48b539f9260055fc305784ffbc924f50451,0f98a48b539f9260055fc305784ffbc924f50451,,recorded_adaptation_producer,,,
DIOR,contrast,C,44,student,/mnt/shared/zechuan/iraod_artifacts/comparison/dior/contrast/seed_44/0f98a48/methods/C/eval_full_contrast_student_ids_v1,/mnt/shared/zechuan/iraod_artifacts/comparison/dior/contrast/seed_44/0f98a48/methods/C/eval_full_contrast_student_ids_v1/eval_20260908_165354.json,/mnt/shared/zechuan/iraod_artifacts/comparison/dior/contrast/seed_44/0f98a48/methods/C/eval_full_contrast_student_ids_v1/predictions.pkl.image_ids.json,/mnt/shared/zechuan/iraod_artifacts/dior_source/seed42-orthonet-ddp4-gpu4567-spg16-gbs64/reproducibility/resolved_config.py,complete,0.25585824251174927,0.25585824251174927,[],11738,249889,/mnt/shared/zechuan/iraod_artifacts/comparison/dior/contrast/seed_44/0f98a48/methods/C/work/iter_185.pth,74d7eafdc547976a86f8f35b2652dba384948e33ab5c15bb908fa3e54025782a,,/mnt/shared/zechuan/iraod_artifacts/comparison/dior/contrast/seed_44/0f98a48/methods/C/eval_full_contrast_student_ids_v1/eval_status,/mnt/shared/zechuan/iraod_artifacts/comparison/dior/contrast/seed_44/0f98a48/methods/C/eval_full_contrast_student_ids_v1/class_ap.txt,/mnt/shared/zechuan/iraod_artifacts/comparison/dior/contrast/seed_44/0f98a48/methods/C/eval_full_contrast_student_ids_v1/predictions.pkl,/mnt/shared/zechuan/iraod_artifacts/comparison/dior/contrast/seed_44/0f98a48/methods/C/eval_full_contrast_student_ids_v1/pred_count.txt,0f98a48b539f9260055fc305784ffbc924f50451,331d2131b84651f0a2930a3d53faeefad8701531,0f98a48b539f9260055fc305784ffbc924f50451,0f98a48b539f9260055fc305784ffbc924f50451,,recorded_adaptation_producer,,,
DIOR,contrast,D,42,student,/mnt/shared/zechuan/iraod_artifacts/comparison/dior/contrast/seed_42/0f98a48/methods/D/eval_full_contrast_student_ids_v1,/mnt/shared/zechuan/iraod_artifacts/comparison/dior/contrast/seed_42/0f98a48/methods/D/eval_full_contrast_student_ids_v1/eval_20260908_163953.json,/mnt/shared/zechuan/iraod_artifacts/comparison/dior/contrast/seed_42/0f98a48/methods/D/eval_full_contrast_student_ids_v1/predictions.pkl.image_ids.json,/mnt/shared/zechuan/iraod_artifacts/dior_source/seed42-orthonet-ddp4-gpu4567-spg16-gbs64/reproducibility/resolved_config.py,complete,0.2109719216823578,0.2109719216823578,[],11738,85819,/mnt/shared/zechuan/iraod_artifacts/comparison/dior/contrast/seed_42/0f98a48/methods/D/work/iter_185.pth,74d7eafdc547976a86f8f35b2652dba384948e33ab5c15bb908fa3e54025782a,,/mnt/shared/zechuan/iraod_artifacts/comparison/dior/contrast/seed_42/0f98a48/methods/D/eval_full_contrast_student_ids_v1/eval_status,/mnt/shared/zechuan/iraod_artifacts/comparison/dior/contrast/seed_42/0f98a48/methods/D/eval_full_contrast_student_ids_v1/class_ap.txt,/mnt/shared/zechuan/iraod_artifacts/comparison/dior/contrast/seed_42/0f98a48/methods/D/eval_full_contrast_student_ids_v1/predictions.pkl,/mnt/shared/zechuan/iraod_artifacts/comparison/dior/contrast/seed_42/0f98a48/methods/D/eval_full_contrast_student_ids_v1/pred_count.txt,0f98a48b539f9260055fc305784ffbc924f50451,331d2131b84651f0a2930a3d53faeefad8701531,0f98a48b539f9260055fc305784ffbc924f50451,0f98a48b539f9260055fc305784ffbc924f50451,,recorded_adaptation_producer,,,
DIOR,contrast,D,43,student,/mnt/shared/zechuan/iraod_artifacts/comparison/dior/contrast/seed_43/0f98a48/methods/D/eval_full_contrast_student_ids_v1,/mnt/shared/zechuan/iraod_artifacts/comparison/dior/contrast/seed_43/0f98a48/methods/D/eval_full_contrast_student_ids_v1/eval_20260908_164657.json,/mnt/shared/zechuan/iraod_artifacts/comparison/dior/contrast/seed_43/0f98a48/methods/D/eval_full_contrast_student_ids_v1/predictions.pkl.image_ids.json,/mnt/shared/zechuan/iraod_artifacts/dior_source/seed42-orthonet-ddp4-gpu4567-spg16-gbs64/reproducibility/resolved_config.py,complete,0.19926097989082336,0.19926097989082336,[],11738,58054,/mnt/shared/zechuan/iraod_artifacts/comparison/dior/contrast/seed_43/0f98a48/methods/D/work/iter_185.pth,74d7eafdc547976a86f8f35b2652dba384948e33ab5c15bb908fa3e54025782a,,/mnt/shared/zechuan/iraod_artifacts/comparison/dior/contrast/seed_43/0f98a48/methods/D/eval_full_contrast_student_ids_v1/eval_status,/mnt/shared/zechuan/iraod_artifacts/comparison/dior/contrast/seed_43/0f98a48/methods/D/eval_full_contrast_student_ids_v1/class_ap.txt,/mnt/shared/zechuan/iraod_artifacts/comparison/dior/contrast/seed_43/0f98a48/methods/D/eval_full_contrast_student_ids_v1/predictions.pkl,/mnt/shared/zechuan/iraod_artifacts/comparison/dior/contrast/seed_43/0f98a48/methods/D/eval_full_contrast_student_ids_v1/pred_count.txt,0f98a48b539f9260055fc305784ffbc924f50451,331d2131b84651f0a2930a3d53faeefad8701531,0f98a48b539f9260055fc305784ffbc924f50451,0f98a48b539f9260055fc305784ffbc924f50451,,recorded_adaptation_producer,,,
DIOR,contrast,D,44,student,/mnt/shared/zechuan/iraod_artifacts/comparison/dior/contrast/seed_44/0f98a48/methods/D/eval_full_contrast_student_ids_v1,/mnt/shared/zechuan/iraod_artifacts/comparison/dior/contrast/seed_44/0f98a48/methods/D/eval_full_contrast_student_ids_v1/eval_20260908_170015.json,/mnt/shared/zechuan/iraod_artifacts/comparison/dior/contrast/seed_44/0f98a48/methods/D/eval_full_contrast_student_ids_v1/predictions.pkl.image_ids.json,/mnt/shared/zechuan/iraod_artifacts/dior_source/seed42-orthonet-ddp4-gpu4567-spg16-gbs64/reproducibility/resolved_config.py,complete,0.1882641762495041,0.1882641762495041,[],11738,73246,/mnt/shared/zechuan/iraod_artifacts/comparison/dior/contrast/seed_44/0f98a48/methods/D/work/iter_185.pth,74d7eafdc547976a86f8f35b2652dba384948e33ab5c15bb908fa3e54025782a,,/mnt/shared/zechuan/iraod_artifacts/comparison/dior/contrast/seed_44/0f98a48/methods/D/eval_full_contrast_student_ids_v1/eval_status,/mnt/shared/zechuan/iraod_artifacts/comparison/dior/contrast/seed_44/0f98a48/methods/D/eval_full_contrast_student_ids_v1/class_ap.txt,/mnt/shared/zechuan/iraod_artifacts/comparison/dior/contrast/seed_44/0f98a48/methods/D/eval_full_contrast_student_ids_v1/predictions.pkl,/mnt/shared/zechuan/iraod_artifacts/comparison/dior/contrast/seed_44/0f98a48/methods/D/eval_full_contrast_student_ids_v1/pred_count.txt,0f98a48b539f9260055fc305784ffbc924f50451,331d2131b84651f0a2930a3d53faeefad8701531,0f98a48b539f9260055fc305784ffbc924f50451,0f98a48b539f9260055fc305784ffbc924f50451,,recorded_adaptation_producer,,,
DIOR,contrast,E,42,student,/mnt/shared/zechuan/iraod_artifacts/comparison/dior/contrast/seed_42/0f98a48/methods/E/ddp2/eval_full_contrast_student_ids_v1,/mnt/shared/zechuan/iraod_artifacts/comparison/dior/contrast/seed_42/0f98a48/methods/E/ddp2/eval_full_contrast_student_ids_v1/eval_20260908_164007.json,/mnt/shared/zechuan/iraod_artifacts/comparison/dior/contrast/seed_42/0f98a48/methods/E/ddp2/eval_full_contrast_student_ids_v1/predictions.pkl.image_ids.json,/mnt/shared/zechuan/iraod_artifacts/dior_source/seed42-orthonet-ddp4-gpu4567-spg16-gbs64/reproducibility/resolved_config.py,complete,0.2667839825153351,0.2667839825153351,[],11738,460779,/mnt/shared/zechuan/iraod_artifacts/comparison/dior/contrast/seed_42/0f98a48/methods/E/ddp2/work/iter_185.pth,74d7eafdc547976a86f8f35b2652dba384948e33ab5c15bb908fa3e54025782a,,/mnt/shared/zechuan/iraod_artifacts/comparison/dior/contrast/seed_42/0f98a48/methods/E/ddp2/eval_full_contrast_student_ids_v1/eval_status,/mnt/shared/zechuan/iraod_artifacts/comparison/dior/contrast/seed_42/0f98a48/methods/E/ddp2/eval_full_contrast_student_ids_v1/class_ap.txt,/mnt/shared/zechuan/iraod_artifacts/comparison/dior/contrast/seed_42/0f98a48/methods/E/ddp2/eval_full_contrast_student_ids_v1/predictions.pkl,/mnt/shared/zechuan/iraod_artifacts/comparison/dior/contrast/seed_42/0f98a48/methods/E/ddp2/eval_full_contrast_student_ids_v1/pred_count.txt,0f98a48b539f9260055fc305784ffbc924f50451,331d2131b84651f0a2930a3d53faeefad8701531,0f98a48b539f9260055fc305784ffbc924f50451,0f98a48b539f9260055fc305784ffbc924f50451,,recorded_adaptation_producer,,,
DIOR,contrast,E,43,student,/mnt/shared/zechuan/iraod_artifacts/comparison/dior/contrast/seed_43/0f98a48/methods/E/ddp2/eval_full_contrast_student_ids_v1,/mnt/shared/zechuan/iraod_artifacts/comparison/dior/contrast/seed_43/0f98a48/methods/E/ddp2/eval_full_contrast_student_ids_v1/eval_20260908_165320.json,/mnt/shared/zechuan/iraod_artifacts/comparison/dior/contrast/seed_43/0f98a48/methods/E/ddp2/eval_full_contrast_student_ids_v1/predictions.pkl.image_ids.json,/mnt/shared/zechuan/iraod_artifacts/dior_source/seed42-orthonet-ddp4-gpu4567-spg16-gbs64/reproducibility/resolved_config.py,complete,0.2526468336582184,0.2526468336582184,[],11738,444269,/mnt/shared/zechuan/iraod_artifacts/comparison/dior/contrast/seed_43/0f98a48/methods/E/ddp2/work/iter_185.pth,74d7eafdc547976a86f8f35b2652dba384948e33ab5c15bb908fa3e54025782a,,/mnt/shared/zechuan/iraod_artifacts/comparison/dior/contrast/seed_43/0f98a48/methods/E/ddp2/eval_full_contrast_student_ids_v1/eval_status,/mnt/shared/zechuan/iraod_artifacts/comparison/dior/contrast/seed_43/0f98a48/methods/E/ddp2/eval_full_contrast_student_ids_v1/class_ap.txt,/mnt/shared/zechuan/iraod_artifacts/comparison/dior/contrast/seed_43/0f98a48/methods/E/ddp2/eval_full_contrast_student_ids_v1/predictions.pkl,/mnt/shared/zechuan/iraod_artifacts/comparison/dior/contrast/seed_43/0f98a48/methods/E/ddp2/eval_full_contrast_student_ids_v1/pred_count.txt,0f98a48b539f9260055fc305784ffbc924f50451,331d2131b84651f0a2930a3d53faeefad8701531,0f98a48b539f9260055fc305784ffbc924f50451,0f98a48b539f9260055fc305784ffbc924f50451,,recorded_adaptation_producer,,,
DIOR,contrast,E,44,student,/mnt/shared/zechuan/iraod_artifacts/comparison/dior/contrast/seed_44/0f98a48/methods/E/ddp2/eval_full_contrast_student_ids_v1,/mnt/shared/zechuan/iraod_artifacts/comparison/dior/contrast/seed_44/0f98a48/methods/E/ddp2/eval_full_contrast_student_ids_v1/eval_20260908_170033.json,/mnt/shared/zechuan/iraod_artifacts/comparison/dior/contrast/seed_44/0f98a48/methods/E/ddp2/eval_full_contrast_student_ids_v1/predictions.pkl.image_ids.json,/mnt/shared/zechuan/iraod_artifacts/dior_source/seed42-orthonet-ddp4-gpu4567-spg16-gbs64/reproducibility/resolved_config.py,complete,0.2553625702857971,0.2553625702857971,[],11738,473409,/mnt/shared/zechuan/iraod_artifacts/comparison/dior/contrast/seed_44/0f98a48/methods/E/ddp2/work/iter_185.pth,74d7eafdc547976a86f8f35b2652dba384948e33ab5c15bb908fa3e54025782a,,/mnt/shared/zechuan/iraod_artifacts/comparison/dior/contrast/seed_44/0f98a48/methods/E/ddp2/eval_full_contrast_student_ids_v1/eval_status,/mnt/shared/zechuan/iraod_artifacts/comparison/dior/contrast/seed_44/0f98a48/methods/E/ddp2/eval_full_contrast_student_ids_v1/class_ap.txt,/mnt/shared/zechuan/iraod_artifacts/comparison/dior/contrast/seed_44/0f98a48/methods/E/ddp2/eval_full_contrast_student_ids_v1/predictions.pkl,/mnt/shared/zechuan/iraod_artifacts/comparison/dior/contrast/seed_44/0f98a48/methods/E/ddp2/eval_full_contrast_student_ids_v1/pred_count.txt,0f98a48b539f9260055fc305784ffbc924f50451,331d2131b84651f0a2930a3d53faeefad8701531,0f98a48b539f9260055fc305784ffbc924f50451,0f98a48b539f9260055fc305784ffbc924f50451,,recorded_adaptation_producer,,,
DIOR,contrast,F,42,student,/mnt/shared/zechuan/iraod_artifacts/comparison/dior/contrast/seed_42/0f98a48/methods/F/ddp2/eval_full_contrast_student_ids_v1,/mnt/shared/zechuan/iraod_artifacts/comparison/dior/contrast/seed_42/0f98a48/methods/F/ddp2/eval_full_contrast_student_ids_v1/eval_20260908_164635.json,/mnt/shared/zechuan/iraod_artifacts/comparison/dior/contrast/seed_42/0f98a48/methods/F/ddp2/eval_full_contrast_student_ids_v1/predictions.pkl.image_ids.json,/mnt/shared/zechuan/iraod_artifacts/dior_source/seed42-orthonet-ddp4-gpu4567-spg16-gbs64/reproducibility/resolved_config.py,complete,0.19608893990516663,0.19608893990516663,[],11738,53627,/mnt/shared/zechuan/iraod_artifacts/comparison/dior/contrast/seed_42/0f98a48/methods/F/ddp2/work/iter_185.pth,74d7eafdc547976a86f8f35b2652dba384948e33ab5c15bb908fa3e54025782a,,/mnt/shared/zechuan/iraod_artifacts/comparison/dior/contrast/seed_42/0f98a48/methods/F/ddp2/eval_full_contrast_student_ids_v1/eval_status,/mnt/shared/zechuan/iraod_artifacts/comparison/dior/contrast/seed_42/0f98a48/methods/F/ddp2/eval_full_contrast_student_ids_v1/class_ap.txt,/mnt/shared/zechuan/iraod_artifacts/comparison/dior/contrast/seed_42/0f98a48/methods/F/ddp2/eval_full_contrast_student_ids_v1/predictions.pkl,/mnt/shared/zechuan/iraod_artifacts/comparison/dior/contrast/seed_42/0f98a48/methods/F/ddp2/eval_full_contrast_student_ids_v1/pred_count.txt,0f98a48b539f9260055fc305784ffbc924f50451,331d2131b84651f0a2930a3d53faeefad8701531,0f98a48b539f9260055fc305784ffbc924f50451,0f98a48b539f9260055fc305784ffbc924f50451,,recorded_adaptation_producer,,,
DIOR,contrast,F,43,student,/mnt/shared/zechuan/iraod_artifacts/comparison/dior/contrast/seed_43/0f98a48/methods/F/ddp2/eval_full_contrast_student_ids_v1,/mnt/shared/zechuan/iraod_artifacts/comparison/dior/contrast/seed_43/0f98a48/methods/F/ddp2/eval_full_contrast_student_ids_v1/eval_20260908_165346.json,/mnt/shared/zechuan/iraod_artifacts/comparison/dior/contrast/seed_43/0f98a48/methods/F/ddp2/eval_full_contrast_student_ids_v1/predictions.pkl.image_ids.json,/mnt/shared/zechuan/iraod_artifacts/dior_source/seed42-orthonet-ddp4-gpu4567-spg16-gbs64/reproducibility/resolved_config.py,complete,0.20389065146446228,0.20389065146446228,[],11738,95534,/mnt/shared/zechuan/iraod_artifacts/comparison/dior/contrast/seed_43/0f98a48/methods/F/ddp2/work/iter_185.pth,74d7eafdc547976a86f8f35b2652dba384948e33ab5c15bb908fa3e54025782a,,/mnt/shared/zechuan/iraod_artifacts/comparison/dior/contrast/seed_43/0f98a48/methods/F/ddp2/eval_full_contrast_student_ids_v1/eval_status,/mnt/shared/zechuan/iraod_artifacts/comparison/dior/contrast/seed_43/0f98a48/methods/F/ddp2/eval_full_contrast_student_ids_v1/class_ap.txt,/mnt/shared/zechuan/iraod_artifacts/comparison/dior/contrast/seed_43/0f98a48/methods/F/ddp2/eval_full_contrast_student_ids_v1/predictions.pkl,/mnt/shared/zechuan/iraod_artifacts/comparison/dior/contrast/seed_43/0f98a48/methods/F/ddp2/eval_full_contrast_student_ids_v1/pred_count.txt,0f98a48b539f9260055fc305784ffbc924f50451,331d2131b84651f0a2930a3d53faeefad8701531,0f98a48b539f9260055fc305784ffbc924f50451,0f98a48b539f9260055fc305784ffbc924f50451,,recorded_adaptation_producer,,,
DIOR,contrast,F,44,student,/mnt/shared/zechuan/iraod_artifacts/comparison/dior/contrast/seed_44/0f98a48/methods/F/ddp2/eval_full_contrast_student_ids_v1,/mnt/shared/zechuan/iraod_artifacts/comparison/dior/contrast/seed_44/0f98a48/methods/F/ddp2/eval_full_contrast_student_ids_v1/eval_20260908_170038.json,/mnt/shared/zechuan/iraod_artifacts/comparison/dior/contrast/seed_44/0f98a48/methods/F/ddp2/eval_full_contrast_student_ids_v1/predictions.pkl.image_ids.json,/mnt/shared/zechuan/iraod_artifacts/dior_source/seed42-orthonet-ddp4-gpu4567-spg16-gbs64/reproducibility/resolved_config.py,complete,0.19408294558525085,0.19408294558525085,[],11738,69601,/mnt/shared/zechuan/iraod_artifacts/comparison/dior/contrast/seed_44/0f98a48/methods/F/ddp2/work/iter_185.pth,74d7eafdc547976a86f8f35b2652dba384948e33ab5c15bb908fa3e54025782a,,/mnt/shared/zechuan/iraod_artifacts/comparison/dior/contrast/seed_44/0f98a48/methods/F/ddp2/eval_full_contrast_student_ids_v1/eval_status,/mnt/shared/zechuan/iraod_artifacts/comparison/dior/contrast/seed_44/0f98a48/methods/F/ddp2/eval_full_contrast_student_ids_v1/class_ap.txt,/mnt/shared/zechuan/iraod_artifacts/comparison/dior/contrast/seed_44/0f98a48/methods/F/ddp2/eval_full_contrast_student_ids_v1/predictions.pkl,/mnt/shared/zechuan/iraod_artifacts/comparison/dior/contrast/seed_44/0f98a48/methods/F/ddp2/eval_full_contrast_student_ids_v1/pred_count.txt,0f98a48b539f9260055fc305784ffbc924f50451,331d2131b84651f0a2930a3d53faeefad8701531,0f98a48b539f9260055fc305784ffbc924f50451,0f98a48b539f9260055fc305784ffbc924f50451,,recorded_adaptation_producer,,,
