dataset,corruption,image,method,config,checkpoint,show_dir,image_path,size_bytes,score_threshold,status
DIOR,brightness,11726.jpg,A,/mnt/shared/zechuan/iraod_artifacts/dior_source/seed42-orthonet-ddp4-gpu4567-spg16-gbs64/reproducibility/resolved_config.py,/mnt/shared/zechuan/iraod_artifacts/dior_source/seed42-orthonet-ddp4-gpu4567-spg16-gbs64/train/epoch_100.pth,/mnt/shared/zechuan/iraod_artifacts/comparison/deliverables/results/paper_comparison/visualizations/DIOR/brightness/A,/mnt/shared/zechuan/iraod_artifacts/comparison/deliverables/results/paper_comparison/visualizations/DIOR/brightness/A/11726.jpg,251911,0.3,done
DIOR,brightness,11727.jpg,A,/mnt/shared/zechuan/iraod_artifacts/dior_source/seed42-orthonet-ddp4-gpu4567-spg16-gbs64/reproducibility/resolved_config.py,/mnt/shared/zechuan/iraod_artifacts/dior_source/seed42-orthonet-ddp4-gpu4567-spg16-gbs64/train/epoch_100.pth,/mnt/shared/zechuan/iraod_artifacts/comparison/deliverables/results/paper_comparison/visualizations/DIOR/brightness/A,/mnt/shared/zechuan/iraod_artifacts/comparison/deliverables/results/paper_comparison/visualizations/DIOR/brightness/A/11727.jpg,274281,0.3,done
DIOR,brightness,11728.jpg,A,/mnt/shared/zechuan/iraod_artifacts/dior_source/seed42-orthonet-ddp4-gpu4567-spg16-gbs64/reproducibility/resolved_config.py,/mnt/shared/zechuan/iraod_artifacts/dior_source/seed42-orthonet-ddp4-gpu4567-spg16-gbs64/train/epoch_100.pth,/mnt/shared/zechuan/iraod_artifacts/comparison/deliverables/results/paper_comparison/visualizations/DIOR/brightness/A,/mnt/shared/zechuan/iraod_artifacts/comparison/deliverables/results/paper_comparison/visualizations/DIOR/brightness/A/11728.jpg,312680,0.3,done
DIOR,brightness,11729.jpg,A,/mnt/shared/zechuan/iraod_artifacts/dior_source/seed42-orthonet-ddp4-gpu4567-spg16-gbs64/reproducibility/resolved_config.py,/mnt/shared/zechuan/iraod_artifacts/dior_source/seed42-orthonet-ddp4-gpu4567-spg16-gbs64/train/epoch_100.pth,/mnt/shared/zechuan/iraod_artifacts/comparison/deliverables/results/paper_comparison/visualizations/DIOR/brightness/A,/mnt/shared/zechuan/iraod_artifacts/comparison/deliverables/results/paper_comparison/visualizations/DIOR/brightness/A/11729.jpg,405044,0.3,done
DIOR,brightness,11730.jpg,A,/mnt/shared/zechuan/iraod_artifacts/dior_source/seed42-orthonet-ddp4-gpu4567-spg16-gbs64/reproducibility/resolved_config.py,/mnt/shared/zechuan/iraod_artifacts/dior_source/seed42-orthonet-ddp4-gpu4567-spg16-gbs64/train/epoch_100.pth,/mnt/shared/zechuan/iraod_artifacts/comparison/deliverables/results/paper_comparison/visualizations/DIOR/brightness/A,/mnt/shared/zechuan/iraod_artifacts/comparison/deliverables/results/paper_comparison/visualizations/DIOR/brightness/A/11730.jpg,316366,0.3,done
DIOR,brightness,11731.jpg,A,/mnt/shared/zechuan/iraod_artifacts/dior_source/seed42-orthonet-ddp4-gpu4567-spg16-gbs64/reproducibility/resolved_config.py,/mnt/shared/zechuan/iraod_artifacts/dior_source/seed42-orthonet-ddp4-gpu4567-spg16-gbs64/train/epoch_100.pth,/mnt/shared/zechuan/iraod_artifacts/comparison/deliverables/results/paper_comparison/visualizations/DIOR/brightness/A,/mnt/shared/zechuan/iraod_artifacts/comparison/deliverables/results/paper_comparison/visualizations/DIOR/brightness/A/11731.jpg,321877,0.3,done
DIOR,brightness,11732.jpg,A,/mnt/shared/zechuan/iraod_artifacts/dior_source/seed42-orthonet-ddp4-gpu4567-spg16-gbs64/reproducibility/resolved_config.py,/mnt/shared/zechuan/iraod_artifacts/dior_source/seed42-orthonet-ddp4-gpu4567-spg16-gbs64/train/epoch_100.pth,/mnt/shared/zechuan/iraod_artifacts/comparison/deliverables/results/paper_comparison/visualizations/DIOR/brightness/A,/mnt/shared/zechuan/iraod_artifacts/comparison/deliverables/results/paper_comparison/visualizations/DIOR/brightness/A/11732.jpg,346196,0.3,done
DIOR,brightness,11733.jpg,A,/mnt/shared/zechuan/iraod_artifacts/dior_source/seed42-orthonet-ddp4-gpu4567-spg16-gbs64/reproducibility/resolved_config.py,/mnt/shared/zechuan/iraod_artifacts/dior_source/seed42-orthonet-ddp4-gpu4567-spg16-gbs64/train/epoch_100.pth,/mnt/shared/zechuan/iraod_artifacts/comparison/deliverables/results/paper_comparison/visualizations/DIOR/brightness/A,/mnt/shared/zechuan/iraod_artifacts/comparison/deliverables/results/paper_comparison/visualizations/DIOR/brightness/A/11733.jpg,274146,0.3,done
DIOR,brightness,11734.jpg,A,/mnt/shared/zechuan/iraod_artifacts/dior_source/seed42-orthonet-ddp4-gpu4567-spg16-gbs64/reproducibility/resolved_config.py,/mnt/shared/zechuan/iraod_artifacts/dior_source/seed42-orthonet-ddp4-gpu4567-spg16-gbs64/train/epoch_100.pth,/mnt/shared/zechuan/iraod_artifacts/comparison/deliverables/results/paper_comparison/visualizations/DIOR/brightness/A,/mnt/shared/zechuan/iraod_artifacts/comparison/deliverables/results/paper_comparison/visualizations/DIOR/brightness/A/11734.jpg,227250,0.3,done
DIOR,brightness,11735.jpg,A,/mnt/shared/zechuan/iraod_artifacts/dior_source/seed42-orthonet-ddp4-gpu4567-spg16-gbs64/reproducibility/resolved_config.py,/mnt/shared/zechuan/iraod_artifacts/dior_source/seed42-orthonet-ddp4-gpu4567-spg16-gbs64/train/epoch_100.pth,/mnt/shared/zechuan/iraod_artifacts/comparison/deliverables/results/paper_comparison/visualizations/DIOR/brightness/A,/mnt/shared/zechuan/iraod_artifacts/comparison/deliverables/results/paper_comparison/visualizations/DIOR/brightness/A/11735.jpg,198956,0.3,done
DIOR,brightness,11736.jpg,A,/mnt/shared/zechuan/iraod_artifacts/dior_source/seed42-orthonet-ddp4-gpu4567-spg16-gbs64/reproducibility/resolved_config.py,/mnt/shared/zechuan/iraod_artifacts/dior_source/seed42-orthonet-ddp4-gpu4567-spg16-gbs64/train/epoch_100.pth,/mnt/shared/zechuan/iraod_artifacts/comparison/deliverables/results/paper_comparison/visualizations/DIOR/brightness/A,/mnt/shared/zechuan/iraod_artifacts/comparison/deliverables/results/paper_comparison/visualizations/DIOR/brightness/A/11736.jpg,225463,0.3,done
DIOR,brightness,11737.jpg,A,/mnt/shared/zechuan/iraod_artifacts/dior_source/seed42-orthonet-ddp4-gpu4567-spg16-gbs64/reproducibility/resolved_config.py,/mnt/shared/zechuan/iraod_artifacts/dior_source/seed42-orthonet-ddp4-gpu4567-spg16-gbs64/train/epoch_100.pth,/mnt/shared/zechuan/iraod_artifacts/comparison/deliverables/results/paper_comparison/visualizations/DIOR/brightness/A,/mnt/shared/zechuan/iraod_artifacts/comparison/deliverables/results/paper_comparison/visualizations/DIOR/brightness/A/11737.jpg,237878,0.3,done
DIOR,brightness,11738.jpg,A,/mnt/shared/zechuan/iraod_artifacts/dior_source/seed42-orthonet-ddp4-gpu4567-spg16-gbs64/reproducibility/resolved_config.py,/mnt/shared/zechuan/iraod_artifacts/dior_source/seed42-orthonet-ddp4-gpu4567-spg16-gbs64/train/epoch_100.pth,/mnt/shared/zechuan/iraod_artifacts/comparison/deliverables/results/paper_comparison/visualizations/DIOR/brightness/A,/mnt/shared/zechuan/iraod_artifacts/comparison/deliverables/results/paper_comparison/visualizations/DIOR/brightness/A/11738.jpg,230944,0.3,done
DIOR,brightness,11739.jpg,A,/mnt/shared/zechuan/iraod_artifacts/dior_source/seed42-orthonet-ddp4-gpu4567-spg16-gbs64/reproducibility/resolved_config.py,/mnt/shared/zechuan/iraod_artifacts/dior_source/seed42-orthonet-ddp4-gpu4567-spg16-gbs64/train/epoch_100.pth,/mnt/shared/zechuan/iraod_artifacts/comparison/deliverables/results/paper_comparison/visualizations/DIOR/brightness/A,/mnt/shared/zechuan/iraod_artifacts/comparison/deliverables/results/paper_comparison/visualizations/DIOR/brightness/A/11739.jpg,319225,0.3,done
DIOR,brightness,11740.jpg,A,/mnt/shared/zechuan/iraod_artifacts/dior_source/seed42-orthonet-ddp4-gpu4567-spg16-gbs64/reproducibility/resolved_config.py,/mnt/shared/zechuan/iraod_artifacts/dior_source/seed42-orthonet-ddp4-gpu4567-spg16-gbs64/train/epoch_100.pth,/mnt/shared/zechuan/iraod_artifacts/comparison/deliverables/results/paper_comparison/visualizations/DIOR/brightness/A,/mnt/shared/zechuan/iraod_artifacts/comparison/deliverables/results/paper_comparison/visualizations/DIOR/brightness/A/11740.jpg,245720,0.3,done
DIOR,brightness,11741.jpg,A,/mnt/shared/zechuan/iraod_artifacts/dior_source/seed42-orthonet-ddp4-gpu4567-spg16-gbs64/reproducibility/resolved_config.py,/mnt/shared/zechuan/iraod_artifacts/dior_source/seed42-orthonet-ddp4-gpu4567-spg16-gbs64/train/epoch_100.pth,/mnt/shared/zechuan/iraod_artifacts/comparison/deliverables/results/paper_comparison/visualizations/DIOR/brightness/A,/mnt/shared/zechuan/iraod_artifacts/comparison/deliverables/results/paper_comparison/visualizations/DIOR/brightness/A/11741.jpg,235013,0.3,done
DIOR,brightness,11726.jpg,B,/mnt/shared/zechuan/iraod_artifacts/dior_source/seed42-orthonet-ddp4-gpu4567-spg16-gbs64/reproducibility/resolved_config.py,/mnt/shared/zechuan/iraod_artifacts/comparison/dior/brightness/seed_42/0f98a48/methods/B/work/iter_185_ema.pth,/mnt/shared/zechuan/iraod_artifacts/comparison/deliverables/results/paper_comparison/visualizations/DIOR/brightness/B,/mnt/shared/zechuan/iraod_artifacts/comparison/deliverables/results/paper_comparison/visualizations/DIOR/brightness/B/11726.jpg,255496,0.3,done
DIOR,brightness,11727.jpg,B,/mnt/shared/zechuan/iraod_artifacts/dior_source/seed42-orthonet-ddp4-gpu4567-spg16-gbs64/reproducibility/resolved_config.py,/mnt/shared/zechuan/iraod_artifacts/comparison/dior/brightness/seed_42/0f98a48/methods/B/work/iter_185_ema.pth,/mnt/shared/zechuan/iraod_artifacts/comparison/deliverables/results/paper_comparison/visualizations/DIOR/brightness/B,/mnt/shared/zechuan/iraod_artifacts/comparison/deliverables/results/paper_comparison/visualizations/DIOR/brightness/B/11727.jpg,274910,0.3,done
DIOR,brightness,11728.jpg,B,/mnt/shared/zechuan/iraod_artifacts/dior_source/seed42-orthonet-ddp4-gpu4567-spg16-gbs64/reproducibility/resolved_config.py,/mnt/shared/zechuan/iraod_artifacts/comparison/dior/brightness/seed_42/0f98a48/methods/B/work/iter_185_ema.pth,/mnt/shared/zechuan/iraod_artifacts/comparison/deliverables/results/paper_comparison/visualizations/DIOR/brightness/B,/mnt/shared/zechuan/iraod_artifacts/comparison/deliverables/results/paper_comparison/visualizations/DIOR/brightness/B/11728.jpg,310862,0.3,done
DIOR,brightness,11729.jpg,B,/mnt/shared/zechuan/iraod_artifacts/dior_source/seed42-orthonet-ddp4-gpu4567-spg16-gbs64/reproducibility/resolved_config.py,/mnt/shared/zechuan/iraod_artifacts/comparison/dior/brightness/seed_42/0f98a48/methods/B/work/iter_185_ema.pth,/mnt/shared/zechuan/iraod_artifacts/comparison/deliverables/results/paper_comparison/visualizations/DIOR/brightness/B,/mnt/shared/zechuan/iraod_artifacts/comparison/deliverables/results/paper_comparison/visualizations/DIOR/brightness/B/11729.jpg,405814,0.3,done
DIOR,brightness,11730.jpg,B,/mnt/shared/zechuan/iraod_artifacts/dior_source/seed42-orthonet-ddp4-gpu4567-spg16-gbs64/reproducibility/resolved_config.py,/mnt/shared/zechuan/iraod_artifacts/comparison/dior/brightness/seed_42/0f98a48/methods/B/work/iter_185_ema.pth,/mnt/shared/zechuan/iraod_artifacts/comparison/deliverables/results/paper_comparison/visualizations/DIOR/brightness/B,/mnt/shared/zechuan/iraod_artifacts/comparison/deliverables/results/paper_comparison/visualizations/DIOR/brightness/B/11730.jpg,314989,0.3,done
DIOR,brightness,11731.jpg,B,/mnt/shared/zechuan/iraod_artifacts/dior_source/seed42-orthonet-ddp4-gpu4567-spg16-gbs64/reproducibility/resolved_config.py,/mnt/shared/zechuan/iraod_artifacts/comparison/dior/brightness/seed_42/0f98a48/methods/B/work/iter_185_ema.pth,/mnt/shared/zechuan/iraod_artifacts/comparison/deliverables/results/paper_comparison/visualizations/DIOR/brightness/B,/mnt/shared/zechuan/iraod_artifacts/comparison/deliverables/results/paper_comparison/visualizations/DIOR/brightness/B/11731.jpg,325492,0.3,done
DIOR,brightness,11732.jpg,B,/mnt/shared/zechuan/iraod_artifacts/dior_source/seed42-orthonet-ddp4-gpu4567-spg16-gbs64/reproducibility/resolved_config.py,/mnt/shared/zechuan/iraod_artifacts/comparison/dior/brightness/seed_42/0f98a48/methods/B/work/iter_185_ema.pth,/mnt/shared/zechuan/iraod_artifacts/comparison/deliverables/results/paper_comparison/visualizations/DIOR/brightness/B,/mnt/shared/zechuan/iraod_artifacts/comparison/deliverables/results/paper_comparison/visualizations/DIOR/brightness/B/11732.jpg,347614,0.3,done
DIOR,brightness,11733.jpg,B,/mnt/shared/zechuan/iraod_artifacts/dior_source/seed42-orthonet-ddp4-gpu4567-spg16-gbs64/reproducibility/resolved_config.py,/mnt/shared/zechuan/iraod_artifacts/comparison/dior/brightness/seed_42/0f98a48/methods/B/work/iter_185_ema.pth,/mnt/shared/zechuan/iraod_artifacts/comparison/deliverables/results/paper_comparison/visualizations/DIOR/brightness/B,/mnt/shared/zechuan/iraod_artifacts/comparison/deliverables/results/paper_comparison/visualizations/DIOR/brightness/B/11733.jpg,274143,0.3,done
DIOR,brightness,11734.jpg,B,/mnt/shared/zechuan/iraod_artifacts/dior_source/seed42-orthonet-ddp4-gpu4567-spg16-gbs64/reproducibility/resolved_config.py,/mnt/shared/zechuan/iraod_artifacts/comparison/dior/brightness/seed_42/0f98a48/methods/B/work/iter_185_ema.pth,/mnt/shared/zechuan/iraod_artifacts/comparison/deliverables/results/paper_comparison/visualizations/DIOR/brightness/B,/mnt/shared/zechuan/iraod_artifacts/comparison/deliverables/results/paper_comparison/visualizations/DIOR/brightness/B/11734.jpg,227271,0.3,done
DIOR,brightness,11735.jpg,B,/mnt/shared/zechuan/iraod_artifacts/dior_source/seed42-orthonet-ddp4-gpu4567-spg16-gbs64/reproducibility/resolved_config.py,/mnt/shared/zechuan/iraod_artifacts/comparison/dior/brightness/seed_42/0f98a48/methods/B/work/iter_185_ema.pth,/mnt/shared/zechuan/iraod_artifacts/comparison/deliverables/results/paper_comparison/visualizations/DIOR/brightness/B,/mnt/shared/zechuan/iraod_artifacts/comparison/deliverables/results/paper_comparison/visualizations/DIOR/brightness/B/11735.jpg,191989,0.3,done
DIOR,brightness,11736.jpg,B,/mnt/shared/zechuan/iraod_artifacts/dior_source/seed42-orthonet-ddp4-gpu4567-spg16-gbs64/reproducibility/resolved_config.py,/mnt/shared/zechuan/iraod_artifacts/comparison/dior/brightness/seed_42/0f98a48/methods/B/work/iter_185_ema.pth,/mnt/shared/zechuan/iraod_artifacts/comparison/deliverables/results/paper_comparison/visualizations/DIOR/brightness/B,/mnt/shared/zechuan/iraod_artifacts/comparison/deliverables/results/paper_comparison/visualizations/DIOR/brightness/B/11736.jpg,233912,0.3,done
DIOR,brightness,11737.jpg,B,/mnt/shared/zechuan/iraod_artifacts/dior_source/seed42-orthonet-ddp4-gpu4567-spg16-gbs64/reproducibility/resolved_config.py,/mnt/shared/zechuan/iraod_artifacts/comparison/dior/brightness/seed_42/0f98a48/methods/B/work/iter_185_ema.pth,/mnt/shared/zechuan/iraod_artifacts/comparison/deliverables/results/paper_comparison/visualizations/DIOR/brightness/B,/mnt/shared/zechuan/iraod_artifacts/comparison/deliverables/results/paper_comparison/visualizations/DIOR/brightness/B/11737.jpg,240954,0.3,done
DIOR,brightness,11738.jpg,B,/mnt/shared/zechuan/iraod_artifacts/dior_source/seed42-orthonet-ddp4-gpu4567-spg16-gbs64/reproducibility/resolved_config.py,/mnt/shared/zechuan/iraod_artifacts/comparison/dior/brightness/seed_42/0f98a48/methods/B/work/iter_185_ema.pth,/mnt/shared/zechuan/iraod_artifacts/comparison/deliverables/results/paper_comparison/visualizations/DIOR/brightness/B,/mnt/shared/zechuan/iraod_artifacts/comparison/deliverables/results/paper_comparison/visualizations/DIOR/brightness/B/11738.jpg,231362,0.3,done
DIOR,brightness,11739.jpg,B,/mnt/shared/zechuan/iraod_artifacts/dior_source/seed42-orthonet-ddp4-gpu4567-spg16-gbs64/reproducibility/resolved_config.py,/mnt/shared/zechuan/iraod_artifacts/comparison/dior/brightness/seed_42/0f98a48/methods/B/work/iter_185_ema.pth,/mnt/shared/zechuan/iraod_artifacts/comparison/deliverables/results/paper_comparison/visualizations/DIOR/brightness/B,/mnt/shared/zechuan/iraod_artifacts/comparison/deliverables/results/paper_comparison/visualizations/DIOR/brightness/B/11739.jpg,320600,0.3,done
DIOR,brightness,11740.jpg,B,/mnt/shared/zechuan/iraod_artifacts/dior_source/seed42-orthonet-ddp4-gpu4567-spg16-gbs64/reproducibility/resolved_config.py,/mnt/shared/zechuan/iraod_artifacts/comparison/dior/brightness/seed_42/0f98a48/methods/B/work/iter_185_ema.pth,/mnt/shared/zechuan/iraod_artifacts/comparison/deliverables/results/paper_comparison/visualizations/DIOR/brightness/B,/mnt/shared/zechuan/iraod_artifacts/comparison/deliverables/results/paper_comparison/visualizations/DIOR/brightness/B/11740.jpg,246036,0.3,done
DIOR,brightness,11741.jpg,B,/mnt/shared/zechuan/iraod_artifacts/dior_source/seed42-orthonet-ddp4-gpu4567-spg16-gbs64/reproducibility/resolved_config.py,/mnt/shared/zechuan/iraod_artifacts/comparison/dior/brightness/seed_42/0f98a48/methods/B/work/iter_185_ema.pth,/mnt/shared/zechuan/iraod_artifacts/comparison/deliverables/results/paper_comparison/visualizations/DIOR/brightness/B,/mnt/shared/zechuan/iraod_artifacts/comparison/deliverables/results/paper_comparison/visualizations/DIOR/brightness/B/11741.jpg,237680,0.3,done
DIOR,brightness,11726.jpg,C,/mnt/shared/zechuan/iraod_artifacts/dior_source/seed42-orthonet-ddp4-gpu4567-spg16-gbs64/reproducibility/resolved_config.py,/mnt/shared/zechuan/iraod_artifacts/comparison/dior/brightness/seed_42/0f98a48/methods/C/work/iter_185_ema.pth,/mnt/shared/zechuan/iraod_artifacts/comparison/deliverables/results/paper_comparison/visualizations/DIOR/brightness/C,/mnt/shared/zechuan/iraod_artifacts/comparison/deliverables/results/paper_comparison/visualizations/DIOR/brightness/C/11726.jpg,253501,0.3,done
DIOR,brightness,11727.jpg,C,/mnt/shared/zechuan/iraod_artifacts/dior_source/seed42-orthonet-ddp4-gpu4567-spg16-gbs64/reproducibility/resolved_config.py,/mnt/shared/zechuan/iraod_artifacts/comparison/dior/brightness/seed_42/0f98a48/methods/C/work/iter_185_ema.pth,/mnt/shared/zechuan/iraod_artifacts/comparison/deliverables/results/paper_comparison/visualizations/DIOR/brightness/C,/mnt/shared/zechuan/iraod_artifacts/comparison/deliverables/results/paper_comparison/visualizations/DIOR/brightness/C/11727.jpg,270644,0.3,done
DIOR,brightness,11728.jpg,C,/mnt/shared/zechuan/iraod_artifacts/dior_source/seed42-orthonet-ddp4-gpu4567-spg16-gbs64/reproducibility/resolved_config.py,/mnt/shared/zechuan/iraod_artifacts/comparison/dior/brightness/seed_42/0f98a48/methods/C/work/iter_185_ema.pth,/mnt/shared/zechuan/iraod_artifacts/comparison/deliverables/results/paper_comparison/visualizations/DIOR/brightness/C,/mnt/shared/zechuan/iraod_artifacts/comparison/deliverables/results/paper_comparison/visualizations/DIOR/brightness/C/11728.jpg,303190,0.3,done
DIOR,brightness,11729.jpg,C,/mnt/shared/zechuan/iraod_artifacts/dior_source/seed42-orthonet-ddp4-gpu4567-spg16-gbs64/reproducibility/resolved_config.py,/mnt/shared/zechuan/iraod_artifacts/comparison/dior/brightness/seed_42/0f98a48/methods/C/work/iter_185_ema.pth,/mnt/shared/zechuan/iraod_artifacts/comparison/deliverables/results/paper_comparison/visualizations/DIOR/brightness/C,/mnt/shared/zechuan/iraod_artifacts/comparison/deliverables/results/paper_comparison/visualizations/DIOR/brightness/C/11729.jpg,404732,0.3,done
DIOR,brightness,11730.jpg,C,/mnt/shared/zechuan/iraod_artifacts/dior_source/seed42-orthonet-ddp4-gpu4567-spg16-gbs64/reproducibility/resolved_config.py,/mnt/shared/zechuan/iraod_artifacts/comparison/dior/brightness/seed_42/0f98a48/methods/C/work/iter_185_ema.pth,/mnt/shared/zechuan/iraod_artifacts/comparison/deliverables/results/paper_comparison/visualizations/DIOR/brightness/C,/mnt/shared/zechuan/iraod_artifacts/comparison/deliverables/results/paper_comparison/visualizations/DIOR/brightness/C/11730.jpg,309521,0.3,done
DIOR,brightness,11731.jpg,C,/mnt/shared/zechuan/iraod_artifacts/dior_source/seed42-orthonet-ddp4-gpu4567-spg16-gbs64/reproducibility/resolved_config.py,/mnt/shared/zechuan/iraod_artifacts/comparison/dior/brightness/seed_42/0f98a48/methods/C/work/iter_185_ema.pth,/mnt/shared/zechuan/iraod_artifacts/comparison/deliverables/results/paper_comparison/visualizations/DIOR/brightness/C,/mnt/shared/zechuan/iraod_artifacts/comparison/deliverables/results/paper_comparison/visualizations/DIOR/brightness/C/11731.jpg,325148,0.3,done
DIOR,brightness,11732.jpg,C,/mnt/shared/zechuan/iraod_artifacts/dior_source/seed42-orthonet-ddp4-gpu4567-spg16-gbs64/reproducibility/resolved_config.py,/mnt/shared/zechuan/iraod_artifacts/comparison/dior/brightness/seed_42/0f98a48/methods/C/work/iter_185_ema.pth,/mnt/shared/zechuan/iraod_artifacts/comparison/deliverables/results/paper_comparison/visualizations/DIOR/brightness/C,/mnt/shared/zechuan/iraod_artifacts/comparison/deliverables/results/paper_comparison/visualizations/DIOR/brightness/C/11732.jpg,347741,0.3,done
DIOR,brightness,11733.jpg,C,/mnt/shared/zechuan/iraod_artifacts/dior_source/seed42-orthonet-ddp4-gpu4567-spg16-gbs64/reproducibility/resolved_config.py,/mnt/shared/zechuan/iraod_artifacts/comparison/dior/brightness/seed_42/0f98a48/methods/C/work/iter_185_ema.pth,/mnt/shared/zechuan/iraod_artifacts/comparison/deliverables/results/paper_comparison/visualizations/DIOR/brightness/C,/mnt/shared/zechuan/iraod_artifacts/comparison/deliverables/results/paper_comparison/visualizations/DIOR/brightness/C/11733.jpg,274335,0.3,done
DIOR,brightness,11734.jpg,C,/mnt/shared/zechuan/iraod_artifacts/dior_source/seed42-orthonet-ddp4-gpu4567-spg16-gbs64/reproducibility/resolved_config.py,/mnt/shared/zechuan/iraod_artifacts/comparison/dior/brightness/seed_42/0f98a48/methods/C/work/iter_185_ema.pth,/mnt/shared/zechuan/iraod_artifacts/comparison/deliverables/results/paper_comparison/visualizations/DIOR/brightness/C,/mnt/shared/zechuan/iraod_artifacts/comparison/deliverables/results/paper_comparison/visualizations/DIOR/brightness/C/11734.jpg,227292,0.3,done
DIOR,brightness,11735.jpg,C,/mnt/shared/zechuan/iraod_artifacts/dior_source/seed42-orthonet-ddp4-gpu4567-spg16-gbs64/reproducibility/resolved_config.py,/mnt/shared/zechuan/iraod_artifacts/comparison/dior/brightness/seed_42/0f98a48/methods/C/work/iter_185_ema.pth,/mnt/shared/zechuan/iraod_artifacts/comparison/deliverables/results/paper_comparison/visualizations/DIOR/brightness/C,/mnt/shared/zechuan/iraod_artifacts/comparison/deliverables/results/paper_comparison/visualizations/DIOR/brightness/C/11735.jpg,191579,0.3,done
DIOR,brightness,11736.jpg,C,/mnt/shared/zechuan/iraod_artifacts/dior_source/seed42-orthonet-ddp4-gpu4567-spg16-gbs64/reproducibility/resolved_config.py,/mnt/shared/zechuan/iraod_artifacts/comparison/dior/brightness/seed_42/0f98a48/methods/C/work/iter_185_ema.pth,/mnt/shared/zechuan/iraod_artifacts/comparison/deliverables/results/paper_comparison/visualizations/DIOR/brightness/C,/mnt/shared/zechuan/iraod_artifacts/comparison/deliverables/results/paper_comparison/visualizations/DIOR/brightness/C/11736.jpg,228488,0.3,done
DIOR,brightness,11737.jpg,C,/mnt/shared/zechuan/iraod_artifacts/dior_source/seed42-orthonet-ddp4-gpu4567-spg16-gbs64/reproducibility/resolved_config.py,/mnt/shared/zechuan/iraod_artifacts/comparison/dior/brightness/seed_42/0f98a48/methods/C/work/iter_185_ema.pth,/mnt/shared/zechuan/iraod_artifacts/comparison/deliverables/results/paper_comparison/visualizations/DIOR/brightness/C,/mnt/shared/zechuan/iraod_artifacts/comparison/deliverables/results/paper_comparison/visualizations/DIOR/brightness/C/11737.jpg,237826,0.3,done
DIOR,brightness,11738.jpg,C,/mnt/shared/zechuan/iraod_artifacts/dior_source/seed42-orthonet-ddp4-gpu4567-spg16-gbs64/reproducibility/resolved_config.py,/mnt/shared/zechuan/iraod_artifacts/comparison/dior/brightness/seed_42/0f98a48/methods/C/work/iter_185_ema.pth,/mnt/shared/zechuan/iraod_artifacts/comparison/deliverables/results/paper_comparison/visualizations/DIOR/brightness/C,/mnt/shared/zechuan/iraod_artifacts/comparison/deliverables/results/paper_comparison/visualizations/DIOR/brightness/C/11738.jpg,225235,0.3,done
DIOR,brightness,11739.jpg,C,/mnt/shared/zechuan/iraod_artifacts/dior_source/seed42-orthonet-ddp4-gpu4567-spg16-gbs64/reproducibility/resolved_config.py,/mnt/shared/zechuan/iraod_artifacts/comparison/dior/brightness/seed_42/0f98a48/methods/C/work/iter_185_ema.pth,/mnt/shared/zechuan/iraod_artifacts/comparison/deliverables/results/paper_comparison/visualizations/DIOR/brightness/C,/mnt/shared/zechuan/iraod_artifacts/comparison/deliverables/results/paper_comparison/visualizations/DIOR/brightness/C/11739.jpg,317528,0.3,done
DIOR,brightness,11740.jpg,C,/mnt/shared/zechuan/iraod_artifacts/dior_source/seed42-orthonet-ddp4-gpu4567-spg16-gbs64/reproducibility/resolved_config.py,/mnt/shared/zechuan/iraod_artifacts/comparison/dior/brightness/seed_42/0f98a48/methods/C/work/iter_185_ema.pth,/mnt/shared/zechuan/iraod_artifacts/comparison/deliverables/results/paper_comparison/visualizations/DIOR/brightness/C,/mnt/shared/zechuan/iraod_artifacts/comparison/deliverables/results/paper_comparison/visualizations/DIOR/brightness/C/11740.jpg,243934,0.3,done
DIOR,brightness,11741.jpg,C,/mnt/shared/zechuan/iraod_artifacts/dior_source/seed42-orthonet-ddp4-gpu4567-spg16-gbs64/reproducibility/resolved_config.py,/mnt/shared/zechuan/iraod_artifacts/comparison/dior/brightness/seed_42/0f98a48/methods/C/work/iter_185_ema.pth,/mnt/shared/zechuan/iraod_artifacts/comparison/deliverables/results/paper_comparison/visualizations/DIOR/brightness/C,/mnt/shared/zechuan/iraod_artifacts/comparison/deliverables/results/paper_comparison/visualizations/DIOR/brightness/C/11741.jpg,229857,0.3,done
DIOR,brightness,11726.jpg,D,/mnt/shared/zechuan/iraod_artifacts/dior_source/seed42-orthonet-ddp4-gpu4567-spg16-gbs64/reproducibility/resolved_config.py,/mnt/shared/zechuan/iraod_artifacts/comparison/dior/brightness/seed_42/0f98a48/methods/D/work/iter_185_ema.pth,/mnt/shared/zechuan/iraod_artifacts/comparison/deliverables/results/paper_comparison/visualizations/DIOR/brightness/D,/mnt/shared/zechuan/iraod_artifacts/comparison/deliverables/results/paper_comparison/visualizations/DIOR/brightness/D/11726.jpg,245965,0.3,done
DIOR,brightness,11727.jpg,D,/mnt/shared/zechuan/iraod_artifacts/dior_source/seed42-orthonet-ddp4-gpu4567-spg16-gbs64/reproducibility/resolved_config.py,/mnt/shared/zechuan/iraod_artifacts/comparison/dior/brightness/seed_42/0f98a48/methods/D/work/iter_185_ema.pth,/mnt/shared/zechuan/iraod_artifacts/comparison/deliverables/results/paper_comparison/visualizations/DIOR/brightness/D,/mnt/shared/zechuan/iraod_artifacts/comparison/deliverables/results/paper_comparison/visualizations/DIOR/brightness/D/11727.jpg,269033,0.3,done
DIOR,brightness,11728.jpg,D,/mnt/shared/zechuan/iraod_artifacts/dior_source/seed42-orthonet-ddp4-gpu4567-spg16-gbs64/reproducibility/resolved_config.py,/mnt/shared/zechuan/iraod_artifacts/comparison/dior/brightness/seed_42/0f98a48/methods/D/work/iter_185_ema.pth,/mnt/shared/zechuan/iraod_artifacts/comparison/deliverables/results/paper_comparison/visualizations/DIOR/brightness/D,/mnt/shared/zechuan/iraod_artifacts/comparison/deliverables/results/paper_comparison/visualizations/DIOR/brightness/D/11728.jpg,295673,0.3,done
DIOR,brightness,11729.jpg,D,/mnt/shared/zechuan/iraod_artifacts/dior_source/seed42-orthonet-ddp4-gpu4567-spg16-gbs64/reproducibility/resolved_config.py,/mnt/shared/zechuan/iraod_artifacts/comparison/dior/brightness/seed_42/0f98a48/methods/D/work/iter_185_ema.pth,/mnt/shared/zechuan/iraod_artifacts/comparison/deliverables/results/paper_comparison/visualizations/DIOR/brightness/D,/mnt/shared/zechuan/iraod_artifacts/comparison/deliverables/results/paper_comparison/visualizations/DIOR/brightness/D/11729.jpg,403408,0.3,done
DIOR,brightness,11730.jpg,D,/mnt/shared/zechuan/iraod_artifacts/dior_source/seed42-orthonet-ddp4-gpu4567-spg16-gbs64/reproducibility/resolved_config.py,/mnt/shared/zechuan/iraod_artifacts/comparison/dior/brightness/seed_42/0f98a48/methods/D/work/iter_185_ema.pth,/mnt/shared/zechuan/iraod_artifacts/comparison/deliverables/results/paper_comparison/visualizations/DIOR/brightness/D,/mnt/shared/zechuan/iraod_artifacts/comparison/deliverables/results/paper_comparison/visualizations/DIOR/brightness/D/11730.jpg,302422,0.3,done
DIOR,brightness,11731.jpg,D,/mnt/shared/zechuan/iraod_artifacts/dior_source/seed42-orthonet-ddp4-gpu4567-spg16-gbs64/reproducibility/resolved_config.py,/mnt/shared/zechuan/iraod_artifacts/comparison/dior/brightness/seed_42/0f98a48/methods/D/work/iter_185_ema.pth,/mnt/shared/zechuan/iraod_artifacts/comparison/deliverables/results/paper_comparison/visualizations/DIOR/brightness/D,/mnt/shared/zechuan/iraod_artifacts/comparison/deliverables/results/paper_comparison/visualizations/DIOR/brightness/D/11731.jpg,322363,0.3,done
DIOR,brightness,11732.jpg,D,/mnt/shared/zechuan/iraod_artifacts/dior_source/seed42-orthonet-ddp4-gpu4567-spg16-gbs64/reproducibility/resolved_config.py,/mnt/shared/zechuan/iraod_artifacts/comparison/dior/brightness/seed_42/0f98a48/methods/D/work/iter_185_ema.pth,/mnt/shared/zechuan/iraod_artifacts/comparison/deliverables/results/paper_comparison/visualizations/DIOR/brightness/D,/mnt/shared/zechuan/iraod_artifacts/comparison/deliverables/results/paper_comparison/visualizations/DIOR/brightness/D/11732.jpg,345828,0.3,done
DIOR,brightness,11733.jpg,D,/mnt/shared/zechuan/iraod_artifacts/dior_source/seed42-orthonet-ddp4-gpu4567-spg16-gbs64/reproducibility/resolved_config.py,/mnt/shared/zechuan/iraod_artifacts/comparison/dior/brightness/seed_42/0f98a48/methods/D/work/iter_185_ema.pth,/mnt/shared/zechuan/iraod_artifacts/comparison/deliverables/results/paper_comparison/visualizations/DIOR/brightness/D,/mnt/shared/zechuan/iraod_artifacts/comparison/deliverables/results/paper_comparison/visualizations/DIOR/brightness/D/11733.jpg,274174,0.3,done
DIOR,brightness,11734.jpg,D,/mnt/shared/zechuan/iraod_artifacts/dior_source/seed42-orthonet-ddp4-gpu4567-spg16-gbs64/reproducibility/resolved_config.py,/mnt/shared/zechuan/iraod_artifacts/comparison/dior/brightness/seed_42/0f98a48/methods/D/work/iter_185_ema.pth,/mnt/shared/zechuan/iraod_artifacts/comparison/deliverables/results/paper_comparison/visualizations/DIOR/brightness/D,/mnt/shared/zechuan/iraod_artifacts/comparison/deliverables/results/paper_comparison/visualizations/DIOR/brightness/D/11734.jpg,225423,0.3,done
DIOR,brightness,11735.jpg,D,/mnt/shared/zechuan/iraod_artifacts/dior_source/seed42-orthonet-ddp4-gpu4567-spg16-gbs64/reproducibility/resolved_config.py,/mnt/shared/zechuan/iraod_artifacts/comparison/dior/brightness/seed_42/0f98a48/methods/D/work/iter_185_ema.pth,/mnt/shared/zechuan/iraod_artifacts/comparison/deliverables/results/paper_comparison/visualizations/DIOR/brightness/D,/mnt/shared/zechuan/iraod_artifacts/comparison/deliverables/results/paper_comparison/visualizations/DIOR/brightness/D/11735.jpg,186368,0.3,done
DIOR,brightness,11736.jpg,D,/mnt/shared/zechuan/iraod_artifacts/dior_source/seed42-orthonet-ddp4-gpu4567-spg16-gbs64/reproducibility/resolved_config.py,/mnt/shared/zechuan/iraod_artifacts/comparison/dior/brightness/seed_42/0f98a48/methods/D/work/iter_185_ema.pth,/mnt/shared/zechuan/iraod_artifacts/comparison/deliverables/results/paper_comparison/visualizations/DIOR/brightness/D,/mnt/shared/zechuan/iraod_artifacts/comparison/deliverables/results/paper_comparison/visualizations/DIOR/brightness/D/11736.jpg,212760,0.3,done
DIOR,brightness,11737.jpg,D,/mnt/shared/zechuan/iraod_artifacts/dior_source/seed42-orthonet-ddp4-gpu4567-spg16-gbs64/reproducibility/resolved_config.py,/mnt/shared/zechuan/iraod_artifacts/comparison/dior/brightness/seed_42/0f98a48/methods/D/work/iter_185_ema.pth,/mnt/shared/zechuan/iraod_artifacts/comparison/deliverables/results/paper_comparison/visualizations/DIOR/brightness/D,/mnt/shared/zechuan/iraod_artifacts/comparison/deliverables/results/paper_comparison/visualizations/DIOR/brightness/D/11737.jpg,235735,0.3,done
DIOR,brightness,11738.jpg,D,/mnt/shared/zechuan/iraod_artifacts/dior_source/seed42-orthonet-ddp4-gpu4567-spg16-gbs64/reproducibility/resolved_config.py,/mnt/shared/zechuan/iraod_artifacts/comparison/dior/brightness/seed_42/0f98a48/methods/D/work/iter_185_ema.pth,/mnt/shared/zechuan/iraod_artifacts/comparison/deliverables/results/paper_comparison/visualizations/DIOR/brightness/D,/mnt/shared/zechuan/iraod_artifacts/comparison/deliverables/results/paper_comparison/visualizations/DIOR/brightness/D/11738.jpg,230947,0.3,done
DIOR,brightness,11739.jpg,D,/mnt/shared/zechuan/iraod_artifacts/dior_source/seed42-orthonet-ddp4-gpu4567-spg16-gbs64/reproducibility/resolved_config.py,/mnt/shared/zechuan/iraod_artifacts/comparison/dior/brightness/seed_42/0f98a48/methods/D/work/iter_185_ema.pth,/mnt/shared/zechuan/iraod_artifacts/comparison/deliverables/results/paper_comparison/visualizations/DIOR/brightness/D,/mnt/shared/zechuan/iraod_artifacts/comparison/deliverables/results/paper_comparison/visualizations/DIOR/brightness/D/11739.jpg,311889,0.3,done
DIOR,brightness,11740.jpg,D,/mnt/shared/zechuan/iraod_artifacts/dior_source/seed42-orthonet-ddp4-gpu4567-spg16-gbs64/reproducibility/resolved_config.py,/mnt/shared/zechuan/iraod_artifacts/comparison/dior/brightness/seed_42/0f98a48/methods/D/work/iter_185_ema.pth,/mnt/shared/zechuan/iraod_artifacts/comparison/deliverables/results/paper_comparison/visualizations/DIOR/brightness/D,/mnt/shared/zechuan/iraod_artifacts/comparison/deliverables/results/paper_comparison/visualizations/DIOR/brightness/D/11740.jpg,235139,0.3,done
DIOR,brightness,11741.jpg,D,/mnt/shared/zechuan/iraod_artifacts/dior_source/seed42-orthonet-ddp4-gpu4567-spg16-gbs64/reproducibility/resolved_config.py,/mnt/shared/zechuan/iraod_artifacts/comparison/dior/brightness/seed_42/0f98a48/methods/D/work/iter_185_ema.pth,/mnt/shared/zechuan/iraod_artifacts/comparison/deliverables/results/paper_comparison/visualizations/DIOR/brightness/D,/mnt/shared/zechuan/iraod_artifacts/comparison/deliverables/results/paper_comparison/visualizations/DIOR/brightness/D/11741.jpg,225017,0.3,done
DIOR,brightness,11726.jpg,E,/mnt/shared/zechuan/iraod_artifacts/dior_source/seed42-orthonet-ddp4-gpu4567-spg16-gbs64/reproducibility/resolved_config.py,/mnt/shared/zechuan/iraod_artifacts/comparison/dior/brightness/seed_42/0f98a48/methods/E/ddp2/work/iter_185_ema.pth,/mnt/shared/zechuan/iraod_artifacts/comparison/deliverables/results/paper_comparison/visualizations/DIOR/brightness/E,/mnt/shared/zechuan/iraod_artifacts/comparison/deliverables/results/paper_comparison/visualizations/DIOR/brightness/E/11726.jpg,255584,0.3,done
DIOR,brightness,11727.jpg,E,/mnt/shared/zechuan/iraod_artifacts/dior_source/seed42-orthonet-ddp4-gpu4567-spg16-gbs64/reproducibility/resolved_config.py,/mnt/shared/zechuan/iraod_artifacts/comparison/dior/brightness/seed_42/0f98a48/methods/E/ddp2/work/iter_185_ema.pth,/mnt/shared/zechuan/iraod_artifacts/comparison/deliverables/results/paper_comparison/visualizations/DIOR/brightness/E,/mnt/shared/zechuan/iraod_artifacts/comparison/deliverables/results/paper_comparison/visualizations/DIOR/brightness/E/11727.jpg,274482,0.3,done
DIOR,brightness,11728.jpg,E,/mnt/shared/zechuan/iraod_artifacts/dior_source/seed42-orthonet-ddp4-gpu4567-spg16-gbs64/reproducibility/resolved_config.py,/mnt/shared/zechuan/iraod_artifacts/comparison/dior/brightness/seed_42/0f98a48/methods/E/ddp2/work/iter_185_ema.pth,/mnt/shared/zechuan/iraod_artifacts/comparison/deliverables/results/paper_comparison/visualizations/DIOR/brightness/E,/mnt/shared/zechuan/iraod_artifacts/comparison/deliverables/results/paper_comparison/visualizations/DIOR/brightness/E/11728.jpg,313555,0.3,done
DIOR,brightness,11729.jpg,E,/mnt/shared/zechuan/iraod_artifacts/dior_source/seed42-orthonet-ddp4-gpu4567-spg16-gbs64/reproducibility/resolved_config.py,/mnt/shared/zechuan/iraod_artifacts/comparison/dior/brightness/seed_42/0f98a48/methods/E/ddp2/work/iter_185_ema.pth,/mnt/shared/zechuan/iraod_artifacts/comparison/deliverables/results/paper_comparison/visualizations/DIOR/brightness/E,/mnt/shared/zechuan/iraod_artifacts/comparison/deliverables/results/paper_comparison/visualizations/DIOR/brightness/E/11729.jpg,405557,0.3,done
DIOR,brightness,11730.jpg,E,/mnt/shared/zechuan/iraod_artifacts/dior_source/seed42-orthonet-ddp4-gpu4567-spg16-gbs64/reproducibility/resolved_config.py,/mnt/shared/zechuan/iraod_artifacts/comparison/dior/brightness/seed_42/0f98a48/methods/E/ddp2/work/iter_185_ema.pth,/mnt/shared/zechuan/iraod_artifacts/comparison/deliverables/results/paper_comparison/visualizations/DIOR/brightness/E,/mnt/shared/zechuan/iraod_artifacts/comparison/deliverables/results/paper_comparison/visualizations/DIOR/brightness/E/11730.jpg,315230,0.3,done
DIOR,brightness,11731.jpg,E,/mnt/shared/zechuan/iraod_artifacts/dior_source/seed42-orthonet-ddp4-gpu4567-spg16-gbs64/reproducibility/resolved_config.py,/mnt/shared/zechuan/iraod_artifacts/comparison/dior/brightness/seed_42/0f98a48/methods/E/ddp2/work/iter_185_ema.pth,/mnt/shared/zechuan/iraod_artifacts/comparison/deliverables/results/paper_comparison/visualizations/DIOR/brightness/E,/mnt/shared/zechuan/iraod_artifacts/comparison/deliverables/results/paper_comparison/visualizations/DIOR/brightness/E/11731.jpg,324590,0.3,done
DIOR,brightness,11732.jpg,E,/mnt/shared/zechuan/iraod_artifacts/dior_source/seed42-orthonet-ddp4-gpu4567-spg16-gbs64/reproducibility/resolved_config.py,/mnt/shared/zechuan/iraod_artifacts/comparison/dior/brightness/seed_42/0f98a48/methods/E/ddp2/work/iter_185_ema.pth,/mnt/shared/zechuan/iraod_artifacts/comparison/deliverables/results/paper_comparison/visualizations/DIOR/brightness/E,/mnt/shared/zechuan/iraod_artifacts/comparison/deliverables/results/paper_comparison/visualizations/DIOR/brightness/E/11732.jpg,348482,0.3,done
DIOR,brightness,11733.jpg,E,/mnt/shared/zechuan/iraod_artifacts/dior_source/seed42-orthonet-ddp4-gpu4567-spg16-gbs64/reproducibility/resolved_config.py,/mnt/shared/zechuan/iraod_artifacts/comparison/dior/brightness/seed_42/0f98a48/methods/E/ddp2/work/iter_185_ema.pth,/mnt/shared/zechuan/iraod_artifacts/comparison/deliverables/results/paper_comparison/visualizations/DIOR/brightness/E,/mnt/shared/zechuan/iraod_artifacts/comparison/deliverables/results/paper_comparison/visualizations/DIOR/brightness/E/11733.jpg,274244,0.3,done
DIOR,brightness,11734.jpg,E,/mnt/shared/zechuan/iraod_artifacts/dior_source/seed42-orthonet-ddp4-gpu4567-spg16-gbs64/reproducibility/resolved_config.py,/mnt/shared/zechuan/iraod_artifacts/comparison/dior/brightness/seed_42/0f98a48/methods/E/ddp2/work/iter_185_ema.pth,/mnt/shared/zechuan/iraod_artifacts/comparison/deliverables/results/paper_comparison/visualizations/DIOR/brightness/E,/mnt/shared/zechuan/iraod_artifacts/comparison/deliverables/results/paper_comparison/visualizations/DIOR/brightness/E/11734.jpg,227247,0.3,done
DIOR,brightness,11735.jpg,E,/mnt/shared/zechuan/iraod_artifacts/dior_source/seed42-orthonet-ddp4-gpu4567-spg16-gbs64/reproducibility/resolved_config.py,/mnt/shared/zechuan/iraod_artifacts/comparison/dior/brightness/seed_42/0f98a48/methods/E/ddp2/work/iter_185_ema.pth,/mnt/shared/zechuan/iraod_artifacts/comparison/deliverables/results/paper_comparison/visualizations/DIOR/brightness/E,/mnt/shared/zechuan/iraod_artifacts/comparison/deliverables/results/paper_comparison/visualizations/DIOR/brightness/E/11735.jpg,197362,0.3,done
DIOR,brightness,11736.jpg,E,/mnt/shared/zechuan/iraod_artifacts/dior_source/seed42-orthonet-ddp4-gpu4567-spg16-gbs64/reproducibility/resolved_config.py,/mnt/shared/zechuan/iraod_artifacts/comparison/dior/brightness/seed_42/0f98a48/methods/E/ddp2/work/iter_185_ema.pth,/mnt/shared/zechuan/iraod_artifacts/comparison/deliverables/results/paper_comparison/visualizations/DIOR/brightness/E,/mnt/shared/zechuan/iraod_artifacts/comparison/deliverables/results/paper_comparison/visualizations/DIOR/brightness/E/11736.jpg,234651,0.3,done
DIOR,brightness,11737.jpg,E,/mnt/shared/zechuan/iraod_artifacts/dior_source/seed42-orthonet-ddp4-gpu4567-spg16-gbs64/reproducibility/resolved_config.py,/mnt/shared/zechuan/iraod_artifacts/comparison/dior/brightness/seed_42/0f98a48/methods/E/ddp2/work/iter_185_ema.pth,/mnt/shared/zechuan/iraod_artifacts/comparison/deliverables/results/paper_comparison/visualizations/DIOR/brightness/E,/mnt/shared/zechuan/iraod_artifacts/comparison/deliverables/results/paper_comparison/visualizations/DIOR/brightness/E/11737.jpg,238444,0.3,done
DIOR,brightness,11738.jpg,E,/mnt/shared/zechuan/iraod_artifacts/dior_source/seed42-orthonet-ddp4-gpu4567-spg16-gbs64/reproducibility/resolved_config.py,/mnt/shared/zechuan/iraod_artifacts/comparison/dior/brightness/seed_42/0f98a48/methods/E/ddp2/work/iter_185_ema.pth,/mnt/shared/zechuan/iraod_artifacts/comparison/deliverables/results/paper_comparison/visualizations/DIOR/brightness/E,/mnt/shared/zechuan/iraod_artifacts/comparison/deliverables/results/paper_comparison/visualizations/DIOR/brightness/E/11738.jpg,231139,0.3,done
DIOR,brightness,11739.jpg,E,/mnt/shared/zechuan/iraod_artifacts/dior_source/seed42-orthonet-ddp4-gpu4567-spg16-gbs64/reproducibility/resolved_config.py,/mnt/shared/zechuan/iraod_artifacts/comparison/dior/brightness/seed_42/0f98a48/methods/E/ddp2/work/iter_185_ema.pth,/mnt/shared/zechuan/iraod_artifacts/comparison/deliverables/results/paper_comparison/visualizations/DIOR/brightness/E,/mnt/shared/zechuan/iraod_artifacts/comparison/deliverables/results/paper_comparison/visualizations/DIOR/brightness/E/11739.jpg,321457,0.3,done
DIOR,brightness,11740.jpg,E,/mnt/shared/zechuan/iraod_artifacts/dior_source/seed42-orthonet-ddp4-gpu4567-spg16-gbs64/reproducibility/resolved_config.py,/mnt/shared/zechuan/iraod_artifacts/comparison/dior/brightness/seed_42/0f98a48/methods/E/ddp2/work/iter_185_ema.pth,/mnt/shared/zechuan/iraod_artifacts/comparison/deliverables/results/paper_comparison/visualizations/DIOR/brightness/E,/mnt/shared/zechuan/iraod_artifacts/comparison/deliverables/results/paper_comparison/visualizations/DIOR/brightness/E/11740.jpg,245978,0.3,done
DIOR,brightness,11741.jpg,E,/mnt/shared/zechuan/iraod_artifacts/dior_source/seed42-orthonet-ddp4-gpu4567-spg16-gbs64/reproducibility/resolved_config.py,/mnt/shared/zechuan/iraod_artifacts/comparison/dior/brightness/seed_42/0f98a48/methods/E/ddp2/work/iter_185_ema.pth,/mnt/shared/zechuan/iraod_artifacts/comparison/deliverables/results/paper_comparison/visualizations/DIOR/brightness/E,/mnt/shared/zechuan/iraod_artifacts/comparison/deliverables/results/paper_comparison/visualizations/DIOR/brightness/E/11741.jpg,238033,0.3,done
DIOR,brightness,11726.jpg,F,/mnt/shared/zechuan/iraod_artifacts/dior_source/seed42-orthonet-ddp4-gpu4567-spg16-gbs64/reproducibility/resolved_config.py,/mnt/shared/zechuan/iraod_artifacts/comparison/dior/brightness/seed_42/0f98a48/methods/F/ddp2/work/iter_185_ema.pth,/mnt/shared/zechuan/iraod_artifacts/comparison/deliverables/results/paper_comparison/visualizations/DIOR/brightness/F,/mnt/shared/zechuan/iraod_artifacts/comparison/deliverables/results/paper_comparison/visualizations/DIOR/brightness/F/11726.jpg,244946,0.3,done
DIOR,brightness,11727.jpg,F,/mnt/shared/zechuan/iraod_artifacts/dior_source/seed42-orthonet-ddp4-gpu4567-spg16-gbs64/reproducibility/resolved_config.py,/mnt/shared/zechuan/iraod_artifacts/comparison/dior/brightness/seed_42/0f98a48/methods/F/ddp2/work/iter_185_ema.pth,/mnt/shared/zechuan/iraod_artifacts/comparison/deliverables/results/paper_comparison/visualizations/DIOR/brightness/F,/mnt/shared/zechuan/iraod_artifacts/comparison/deliverables/results/paper_comparison/visualizations/DIOR/brightness/F/11727.jpg,273113,0.3,done
DIOR,brightness,11728.jpg,F,/mnt/shared/zechuan/iraod_artifacts/dior_source/seed42-orthonet-ddp4-gpu4567-spg16-gbs64/reproducibility/resolved_config.py,/mnt/shared/zechuan/iraod_artifacts/comparison/dior/brightness/seed_42/0f98a48/methods/F/ddp2/work/iter_185_ema.pth,/mnt/shared/zechuan/iraod_artifacts/comparison/deliverables/results/paper_comparison/visualizations/DIOR/brightness/F,/mnt/shared/zechuan/iraod_artifacts/comparison/deliverables/results/paper_comparison/visualizations/DIOR/brightness/F/11728.jpg,296624,0.3,done
DIOR,brightness,11729.jpg,F,/mnt/shared/zechuan/iraod_artifacts/dior_source/seed42-orthonet-ddp4-gpu4567-spg16-gbs64/reproducibility/resolved_config.py,/mnt/shared/zechuan/iraod_artifacts/comparison/dior/brightness/seed_42/0f98a48/methods/F/ddp2/work/iter_185_ema.pth,/mnt/shared/zechuan/iraod_artifacts/comparison/deliverables/results/paper_comparison/visualizations/DIOR/brightness/F,/mnt/shared/zechuan/iraod_artifacts/comparison/deliverables/results/paper_comparison/visualizations/DIOR/brightness/F/11729.jpg,401812,0.3,done
DIOR,brightness,11730.jpg,F,/mnt/shared/zechuan/iraod_artifacts/dior_source/seed42-orthonet-ddp4-gpu4567-spg16-gbs64/reproducibility/resolved_config.py,/mnt/shared/zechuan/iraod_artifacts/comparison/dior/brightness/seed_42/0f98a48/methods/F/ddp2/work/iter_185_ema.pth,/mnt/shared/zechuan/iraod_artifacts/comparison/deliverables/results/paper_comparison/visualizations/DIOR/brightness/F,/mnt/shared/zechuan/iraod_artifacts/comparison/deliverables/results/paper_comparison/visualizations/DIOR/brightness/F/11730.jpg,303029,0.3,done
DIOR,brightness,11731.jpg,F,/mnt/shared/zechuan/iraod_artifacts/dior_source/seed42-orthonet-ddp4-gpu4567-spg16-gbs64/reproducibility/resolved_config.py,/mnt/shared/zechuan/iraod_artifacts/comparison/dior/brightness/seed_42/0f98a48/methods/F/ddp2/work/iter_185_ema.pth,/mnt/shared/zechuan/iraod_artifacts/comparison/deliverables/results/paper_comparison/visualizations/DIOR/brightness/F,/mnt/shared/zechuan/iraod_artifacts/comparison/deliverables/results/paper_comparison/visualizations/DIOR/brightness/F/11731.jpg,318877,0.3,done
DIOR,brightness,11732.jpg,F,/mnt/shared/zechuan/iraod_artifacts/dior_source/seed42-orthonet-ddp4-gpu4567-spg16-gbs64/reproducibility/resolved_config.py,/mnt/shared/zechuan/iraod_artifacts/comparison/dior/brightness/seed_42/0f98a48/methods/F/ddp2/work/iter_185_ema.pth,/mnt/shared/zechuan/iraod_artifacts/comparison/deliverables/results/paper_comparison/visualizations/DIOR/brightness/F,/mnt/shared/zechuan/iraod_artifacts/comparison/deliverables/results/paper_comparison/visualizations/DIOR/brightness/F/11732.jpg,345667,0.3,done
DIOR,brightness,11733.jpg,F,/mnt/shared/zechuan/iraod_artifacts/dior_source/seed42-orthonet-ddp4-gpu4567-spg16-gbs64/reproducibility/resolved_config.py,/mnt/shared/zechuan/iraod_artifacts/comparison/dior/brightness/seed_42/0f98a48/methods/F/ddp2/work/iter_185_ema.pth,/mnt/shared/zechuan/iraod_artifacts/comparison/deliverables/results/paper_comparison/visualizations/DIOR/brightness/F,/mnt/shared/zechuan/iraod_artifacts/comparison/deliverables/results/paper_comparison/visualizations/DIOR/brightness/F/11733.jpg,274264,0.3,done
DIOR,brightness,11734.jpg,F,/mnt/shared/zechuan/iraod_artifacts/dior_source/seed42-orthonet-ddp4-gpu4567-spg16-gbs64/reproducibility/resolved_config.py,/mnt/shared/zechuan/iraod_artifacts/comparison/dior/brightness/seed_42/0f98a48/methods/F/ddp2/work/iter_185_ema.pth,/mnt/shared/zechuan/iraod_artifacts/comparison/deliverables/results/paper_comparison/visualizations/DIOR/brightness/F,/mnt/shared/zechuan/iraod_artifacts/comparison/deliverables/results/paper_comparison/visualizations/DIOR/brightness/F/11734.jpg,225498,0.3,done
DIOR,brightness,11735.jpg,F,/mnt/shared/zechuan/iraod_artifacts/dior_source/seed42-orthonet-ddp4-gpu4567-spg16-gbs64/reproducibility/resolved_config.py,/mnt/shared/zechuan/iraod_artifacts/comparison/dior/brightness/seed_42/0f98a48/methods/F/ddp2/work/iter_185_ema.pth,/mnt/shared/zechuan/iraod_artifacts/comparison/deliverables/results/paper_comparison/visualizations/DIOR/brightness/F,/mnt/shared/zechuan/iraod_artifacts/comparison/deliverables/results/paper_comparison/visualizations/DIOR/brightness/F/11735.jpg,186354,0.3,done
DIOR,brightness,11736.jpg,F,/mnt/shared/zechuan/iraod_artifacts/dior_source/seed42-orthonet-ddp4-gpu4567-spg16-gbs64/reproducibility/resolved_config.py,/mnt/shared/zechuan/iraod_artifacts/comparison/dior/brightness/seed_42/0f98a48/methods/F/ddp2/work/iter_185_ema.pth,/mnt/shared/zechuan/iraod_artifacts/comparison/deliverables/results/paper_comparison/visualizations/DIOR/brightness/F,/mnt/shared/zechuan/iraod_artifacts/comparison/deliverables/results/paper_comparison/visualizations/DIOR/brightness/F/11736.jpg,217168,0.3,done
DIOR,brightness,11737.jpg,F,/mnt/shared/zechuan/iraod_artifacts/dior_source/seed42-orthonet-ddp4-gpu4567-spg16-gbs64/reproducibility/resolved_config.py,/mnt/shared/zechuan/iraod_artifacts/comparison/dior/brightness/seed_42/0f98a48/methods/F/ddp2/work/iter_185_ema.pth,/mnt/shared/zechuan/iraod_artifacts/comparison/deliverables/results/paper_comparison/visualizations/DIOR/brightness/F,/mnt/shared/zechuan/iraod_artifacts/comparison/deliverables/results/paper_comparison/visualizations/DIOR/brightness/F/11737.jpg,235735,0.3,done
DIOR,brightness,11738.jpg,F,/mnt/shared/zechuan/iraod_artifacts/dior_source/seed42-orthonet-ddp4-gpu4567-spg16-gbs64/reproducibility/resolved_config.py,/mnt/shared/zechuan/iraod_artifacts/comparison/dior/brightness/seed_42/0f98a48/methods/F/ddp2/work/iter_185_ema.pth,/mnt/shared/zechuan/iraod_artifacts/comparison/deliverables/results/paper_comparison/visualizations/DIOR/brightness/F,/mnt/shared/zechuan/iraod_artifacts/comparison/deliverables/results/paper_comparison/visualizations/DIOR/brightness/F/11738.jpg,231944,0.3,done
DIOR,brightness,11739.jpg,F,/mnt/shared/zechuan/iraod_artifacts/dior_source/seed42-orthonet-ddp4-gpu4567-spg16-gbs64/reproducibility/resolved_config.py,/mnt/shared/zechuan/iraod_artifacts/comparison/dior/brightness/seed_42/0f98a48/methods/F/ddp2/work/iter_185_ema.pth,/mnt/shared/zechuan/iraod_artifacts/comparison/deliverables/results/paper_comparison/visualizations/DIOR/brightness/F,/mnt/shared/zechuan/iraod_artifacts/comparison/deliverables/results/paper_comparison/visualizations/DIOR/brightness/F/11739.jpg,311871,0.3,done
DIOR,brightness,11740.jpg,F,/mnt/shared/zechuan/iraod_artifacts/dior_source/seed42-orthonet-ddp4-gpu4567-spg16-gbs64/reproducibility/resolved_config.py,/mnt/shared/zechuan/iraod_artifacts/comparison/dior/brightness/seed_42/0f98a48/methods/F/ddp2/work/iter_185_ema.pth,/mnt/shared/zechuan/iraod_artifacts/comparison/deliverables/results/paper_comparison/visualizations/DIOR/brightness/F,/mnt/shared/zechuan/iraod_artifacts/comparison/deliverables/results/paper_comparison/visualizations/DIOR/brightness/F/11740.jpg,239139,0.3,done
DIOR,brightness,11741.jpg,F,/mnt/shared/zechuan/iraod_artifacts/dior_source/seed42-orthonet-ddp4-gpu4567-spg16-gbs64/reproducibility/resolved_config.py,/mnt/shared/zechuan/iraod_artifacts/comparison/dior/brightness/seed_42/0f98a48/methods/F/ddp2/work/iter_185_ema.pth,/mnt/shared/zechuan/iraod_artifacts/comparison/deliverables/results/paper_comparison/visualizations/DIOR/brightness/F,/mnt/shared/zechuan/iraod_artifacts/comparison/deliverables/results/paper_comparison/visualizations/DIOR/brightness/F/11741.jpg,228395,0.3,done
DIOR,cloudy,11726.jpg,A,/mnt/shared/zechuan/iraod_artifacts/dior_source/seed42-orthonet-ddp4-gpu4567-spg16-gbs64/reproducibility/resolved_config.py,/mnt/shared/zechuan/iraod_artifacts/dior_source/seed42-orthonet-ddp4-gpu4567-spg16-gbs64/train/epoch_100.pth,/mnt/shared/zechuan/iraod_artifacts/comparison/deliverables/results/paper_comparison/visualizations/DIOR/cloudy/A,/mnt/shared/zechuan/iraod_artifacts/comparison/deliverables/results/paper_comparison/visualizations/DIOR/cloudy/A/11726.jpg,232441,0.3,done
DIOR,cloudy,11727.jpg,A,/mnt/shared/zechuan/iraod_artifacts/dior_source/seed42-orthonet-ddp4-gpu4567-spg16-gbs64/reproducibility/resolved_config.py,/mnt/shared/zechuan/iraod_artifacts/dior_source/seed42-orthonet-ddp4-gpu4567-spg16-gbs64/train/epoch_100.pth,/mnt/shared/zechuan/iraod_artifacts/comparison/deliverables/results/paper_comparison/visualizations/DIOR/cloudy/A,/mnt/shared/zechuan/iraod_artifacts/comparison/deliverables/results/paper_comparison/visualizations/DIOR/cloudy/A/11727.jpg,237515,0.3,done
DIOR,cloudy,11728.jpg,A,/mnt/shared/zechuan/iraod_artifacts/dior_source/seed42-orthonet-ddp4-gpu4567-spg16-gbs64/reproducibility/resolved_config.py,/mnt/shared/zechuan/iraod_artifacts/dior_source/seed42-orthonet-ddp4-gpu4567-spg16-gbs64/train/epoch_100.pth,/mnt/shared/zechuan/iraod_artifacts/comparison/deliverables/results/paper_comparison/visualizations/DIOR/cloudy/A,/mnt/shared/zechuan/iraod_artifacts/comparison/deliverables/results/paper_comparison/visualizations/DIOR/cloudy/A/11728.jpg,266671,0.3,done
DIOR,cloudy,11729.jpg,A,/mnt/shared/zechuan/iraod_artifacts/dior_source/seed42-orthonet-ddp4-gpu4567-spg16-gbs64/reproducibility/resolved_config.py,/mnt/shared/zechuan/iraod_artifacts/dior_source/seed42-orthonet-ddp4-gpu4567-spg16-gbs64/train/epoch_100.pth,/mnt/shared/zechuan/iraod_artifacts/comparison/deliverables/results/paper_comparison/visualizations/DIOR/cloudy/A,/mnt/shared/zechuan/iraod_artifacts/comparison/deliverables/results/paper_comparison/visualizations/DIOR/cloudy/A/11729.jpg,346184,0.3,done
DIOR,cloudy,11730.jpg,A,/mnt/shared/zechuan/iraod_artifacts/dior_source/seed42-orthonet-ddp4-gpu4567-spg16-gbs64/reproducibility/resolved_config.py,/mnt/shared/zechuan/iraod_artifacts/dior_source/seed42-orthonet-ddp4-gpu4567-spg16-gbs64/train/epoch_100.pth,/mnt/shared/zechuan/iraod_artifacts/comparison/deliverables/results/paper_comparison/visualizations/DIOR/cloudy/A,/mnt/shared/zechuan/iraod_artifacts/comparison/deliverables/results/paper_comparison/visualizations/DIOR/cloudy/A/11730.jpg,252695,0.3,done
DIOR,cloudy,11731.jpg,A,/mnt/shared/zechuan/iraod_artifacts/dior_source/seed42-orthonet-ddp4-gpu4567-spg16-gbs64/reproducibility/resolved_config.py,/mnt/shared/zechuan/iraod_artifacts/dior_source/seed42-orthonet-ddp4-gpu4567-spg16-gbs64/train/epoch_100.pth,/mnt/shared/zechuan/iraod_artifacts/comparison/deliverables/results/paper_comparison/visualizations/DIOR/cloudy/A,/mnt/shared/zechuan/iraod_artifacts/comparison/deliverables/results/paper_comparison/visualizations/DIOR/cloudy/A/11731.jpg,286265,0.3,done
DIOR,cloudy,11732.jpg,A,/mnt/shared/zechuan/iraod_artifacts/dior_source/seed42-orthonet-ddp4-gpu4567-spg16-gbs64/reproducibility/resolved_config.py,/mnt/shared/zechuan/iraod_artifacts/dior_source/seed42-orthonet-ddp4-gpu4567-spg16-gbs64/train/epoch_100.pth,/mnt/shared/zechuan/iraod_artifacts/comparison/deliverables/results/paper_comparison/visualizations/DIOR/cloudy/A,/mnt/shared/zechuan/iraod_artifacts/comparison/deliverables/results/paper_comparison/visualizations/DIOR/cloudy/A/11732.jpg,312206,0.3,done
DIOR,cloudy,11733.jpg,A,/mnt/shared/zechuan/iraod_artifacts/dior_source/seed42-orthonet-ddp4-gpu4567-spg16-gbs64/reproducibility/resolved_config.py,/mnt/shared/zechuan/iraod_artifacts/dior_source/seed42-orthonet-ddp4-gpu4567-spg16-gbs64/train/epoch_100.pth,/mnt/shared/zechuan/iraod_artifacts/comparison/deliverables/results/paper_comparison/visualizations/DIOR/cloudy/A,/mnt/shared/zechuan/iraod_artifacts/comparison/deliverables/results/paper_comparison/visualizations/DIOR/cloudy/A/11733.jpg,229965,0.3,done
DIOR,cloudy,11734.jpg,A,/mnt/shared/zechuan/iraod_artifacts/dior_source/seed42-orthonet-ddp4-gpu4567-spg16-gbs64/reproducibility/resolved_config.py,/mnt/shared/zechuan/iraod_artifacts/dior_source/seed42-orthonet-ddp4-gpu4567-spg16-gbs64/train/epoch_100.pth,/mnt/shared/zechuan/iraod_artifacts/comparison/deliverables/results/paper_comparison/visualizations/DIOR/cloudy/A,/mnt/shared/zechuan/iraod_artifacts/comparison/deliverables/results/paper_comparison/visualizations/DIOR/cloudy/A/11734.jpg,182517,0.3,done
DIOR,cloudy,11735.jpg,A,/mnt/shared/zechuan/iraod_artifacts/dior_source/seed42-orthonet-ddp4-gpu4567-spg16-gbs64/reproducibility/resolved_config.py,/mnt/shared/zechuan/iraod_artifacts/dior_source/seed42-orthonet-ddp4-gpu4567-spg16-gbs64/train/epoch_100.pth,/mnt/shared/zechuan/iraod_artifacts/comparison/deliverables/results/paper_comparison/visualizations/DIOR/cloudy/A,/mnt/shared/zechuan/iraod_artifacts/comparison/deliverables/results/paper_comparison/visualizations/DIOR/cloudy/A/11735.jpg,162271,0.3,done
DIOR,cloudy,11736.jpg,A,/mnt/shared/zechuan/iraod_artifacts/dior_source/seed42-orthonet-ddp4-gpu4567-spg16-gbs64/reproducibility/resolved_config.py,/mnt/shared/zechuan/iraod_artifacts/dior_source/seed42-orthonet-ddp4-gpu4567-spg16-gbs64/train/epoch_100.pth,/mnt/shared/zechuan/iraod_artifacts/comparison/deliverables/results/paper_comparison/visualizations/DIOR/cloudy/A,/mnt/shared/zechuan/iraod_artifacts/comparison/deliverables/results/paper_comparison/visualizations/DIOR/cloudy/A/11736.jpg,190401,0.3,done
DIOR,cloudy,11737.jpg,A,/mnt/shared/zechuan/iraod_artifacts/dior_source/seed42-orthonet-ddp4-gpu4567-spg16-gbs64/reproducibility/resolved_config.py,/mnt/shared/zechuan/iraod_artifacts/dior_source/seed42-orthonet-ddp4-gpu4567-spg16-gbs64/train/epoch_100.pth,/mnt/shared/zechuan/iraod_artifacts/comparison/deliverables/results/paper_comparison/visualizations/DIOR/cloudy/A,/mnt/shared/zechuan/iraod_artifacts/comparison/deliverables/results/paper_comparison/visualizations/DIOR/cloudy/A/11737.jpg,212110,0.3,done
DIOR,cloudy,11738.jpg,A,/mnt/shared/zechuan/iraod_artifacts/dior_source/seed42-orthonet-ddp4-gpu4567-spg16-gbs64/reproducibility/resolved_config.py,/mnt/shared/zechuan/iraod_artifacts/dior_source/seed42-orthonet-ddp4-gpu4567-spg16-gbs64/train/epoch_100.pth,/mnt/shared/zechuan/iraod_artifacts/comparison/deliverables/results/paper_comparison/visualizations/DIOR/cloudy/A,/mnt/shared/zechuan/iraod_artifacts/comparison/deliverables/results/paper_comparison/visualizations/DIOR/cloudy/A/11738.jpg,203271,0.3,done
DIOR,cloudy,11739.jpg,A,/mnt/shared/zechuan/iraod_artifacts/dior_source/seed42-orthonet-ddp4-gpu4567-spg16-gbs64/reproducibility/resolved_config.py,/mnt/shared/zechuan/iraod_artifacts/dior_source/seed42-orthonet-ddp4-gpu4567-spg16-gbs64/train/epoch_100.pth,/mnt/shared/zechuan/iraod_artifacts/comparison/deliverables/results/paper_comparison/visualizations/DIOR/cloudy/A,/mnt/shared/zechuan/iraod_artifacts/comparison/deliverables/results/paper_comparison/visualizations/DIOR/cloudy/A/11739.jpg,265412,0.3,done
DIOR,cloudy,11740.jpg,A,/mnt/shared/zechuan/iraod_artifacts/dior_source/seed42-orthonet-ddp4-gpu4567-spg16-gbs64/reproducibility/resolved_config.py,/mnt/shared/zechuan/iraod_artifacts/dior_source/seed42-orthonet-ddp4-gpu4567-spg16-gbs64/train/epoch_100.pth,/mnt/shared/zechuan/iraod_artifacts/comparison/deliverables/results/paper_comparison/visualizations/DIOR/cloudy/A,/mnt/shared/zechuan/iraod_artifacts/comparison/deliverables/results/paper_comparison/visualizations/DIOR/cloudy/A/11740.jpg,202058,0.3,done
DIOR,cloudy,11741.jpg,A,/mnt/shared/zechuan/iraod_artifacts/dior_source/seed42-orthonet-ddp4-gpu4567-spg16-gbs64/reproducibility/resolved_config.py,/mnt/shared/zechuan/iraod_artifacts/dior_source/seed42-orthonet-ddp4-gpu4567-spg16-gbs64/train/epoch_100.pth,/mnt/shared/zechuan/iraod_artifacts/comparison/deliverables/results/paper_comparison/visualizations/DIOR/cloudy/A,/mnt/shared/zechuan/iraod_artifacts/comparison/deliverables/results/paper_comparison/visualizations/DIOR/cloudy/A/11741.jpg,200133,0.3,done
DIOR,cloudy,11726.jpg,B,/mnt/shared/zechuan/iraod_artifacts/dior_source/seed42-orthonet-ddp4-gpu4567-spg16-gbs64/reproducibility/resolved_config.py,/mnt/shared/zechuan/iraod_artifacts/comparison/dior/cloudy/seed_42/0f98a48/methods/B/work/iter_185_ema.pth,/mnt/shared/zechuan/iraod_artifacts/comparison/deliverables/results/paper_comparison/visualizations/DIOR/cloudy/B,/mnt/shared/zechuan/iraod_artifacts/comparison/deliverables/results/paper_comparison/visualizations/DIOR/cloudy/B/11726.jpg,233290,0.3,done
DIOR,cloudy,11727.jpg,B,/mnt/shared/zechuan/iraod_artifacts/dior_source/seed42-orthonet-ddp4-gpu4567-spg16-gbs64/reproducibility/resolved_config.py,/mnt/shared/zechuan/iraod_artifacts/comparison/dior/cloudy/seed_42/0f98a48/methods/B/work/iter_185_ema.pth,/mnt/shared/zechuan/iraod_artifacts/comparison/deliverables/results/paper_comparison/visualizations/DIOR/cloudy/B,/mnt/shared/zechuan/iraod_artifacts/comparison/deliverables/results/paper_comparison/visualizations/DIOR/cloudy/B/11727.jpg,237077,0.3,done
DIOR,cloudy,11728.jpg,B,/mnt/shared/zechuan/iraod_artifacts/dior_source/seed42-orthonet-ddp4-gpu4567-spg16-gbs64/reproducibility/resolved_config.py,/mnt/shared/zechuan/iraod_artifacts/comparison/dior/cloudy/seed_42/0f98a48/methods/B/work/iter_185_ema.pth,/mnt/shared/zechuan/iraod_artifacts/comparison/deliverables/results/paper_comparison/visualizations/DIOR/cloudy/B,/mnt/shared/zechuan/iraod_artifacts/comparison/deliverables/results/paper_comparison/visualizations/DIOR/cloudy/B/11728.jpg,268422,0.3,done
DIOR,cloudy,11729.jpg,B,/mnt/shared/zechuan/iraod_artifacts/dior_source/seed42-orthonet-ddp4-gpu4567-spg16-gbs64/reproducibility/resolved_config.py,/mnt/shared/zechuan/iraod_artifacts/comparison/dior/cloudy/seed_42/0f98a48/methods/B/work/iter_185_ema.pth,/mnt/shared/zechuan/iraod_artifacts/comparison/deliverables/results/paper_comparison/visualizations/DIOR/cloudy/B,/mnt/shared/zechuan/iraod_artifacts/comparison/deliverables/results/paper_comparison/visualizations/DIOR/cloudy/B/11729.jpg,344050,0.3,done
DIOR,cloudy,11730.jpg,B,/mnt/shared/zechuan/iraod_artifacts/dior_source/seed42-orthonet-ddp4-gpu4567-spg16-gbs64/reproducibility/resolved_config.py,/mnt/shared/zechuan/iraod_artifacts/comparison/dior/cloudy/seed_42/0f98a48/methods/B/work/iter_185_ema.pth,/mnt/shared/zechuan/iraod_artifacts/comparison/deliverables/results/paper_comparison/visualizations/DIOR/cloudy/B,/mnt/shared/zechuan/iraod_artifacts/comparison/deliverables/results/paper_comparison/visualizations/DIOR/cloudy/B/11730.jpg,253207,0.3,done
DIOR,cloudy,11731.jpg,B,/mnt/shared/zechuan/iraod_artifacts/dior_source/seed42-orthonet-ddp4-gpu4567-spg16-gbs64/reproducibility/resolved_config.py,/mnt/shared/zechuan/iraod_artifacts/comparison/dior/cloudy/seed_42/0f98a48/methods/B/work/iter_185_ema.pth,/mnt/shared/zechuan/iraod_artifacts/comparison/deliverables/results/paper_comparison/visualizations/DIOR/cloudy/B,/mnt/shared/zechuan/iraod_artifacts/comparison/deliverables/results/paper_comparison/visualizations/DIOR/cloudy/B/11731.jpg,286299,0.3,done
DIOR,cloudy,11732.jpg,B,/mnt/shared/zechuan/iraod_artifacts/dior_source/seed42-orthonet-ddp4-gpu4567-spg16-gbs64/reproducibility/resolved_config.py,/mnt/shared/zechuan/iraod_artifacts/comparison/dior/cloudy/seed_42/0f98a48/methods/B/work/iter_185_ema.pth,/mnt/shared/zechuan/iraod_artifacts/comparison/deliverables/results/paper_comparison/visualizations/DIOR/cloudy/B,/mnt/shared/zechuan/iraod_artifacts/comparison/deliverables/results/paper_comparison/visualizations/DIOR/cloudy/B/11732.jpg,310690,0.3,done
DIOR,cloudy,11733.jpg,B,/mnt/shared/zechuan/iraod_artifacts/dior_source/seed42-orthonet-ddp4-gpu4567-spg16-gbs64/reproducibility/resolved_config.py,/mnt/shared/zechuan/iraod_artifacts/comparison/dior/cloudy/seed_42/0f98a48/methods/B/work/iter_185_ema.pth,/mnt/shared/zechuan/iraod_artifacts/comparison/deliverables/results/paper_comparison/visualizations/DIOR/cloudy/B,/mnt/shared/zechuan/iraod_artifacts/comparison/deliverables/results/paper_comparison/visualizations/DIOR/cloudy/B/11733.jpg,229927,0.3,done
DIOR,cloudy,11734.jpg,B,/mnt/shared/zechuan/iraod_artifacts/dior_source/seed42-orthonet-ddp4-gpu4567-spg16-gbs64/reproducibility/resolved_config.py,/mnt/shared/zechuan/iraod_artifacts/comparison/dior/cloudy/seed_42/0f98a48/methods/B/work/iter_185_ema.pth,/mnt/shared/zechuan/iraod_artifacts/comparison/deliverables/results/paper_comparison/visualizations/DIOR/cloudy/B,/mnt/shared/zechuan/iraod_artifacts/comparison/deliverables/results/paper_comparison/visualizations/DIOR/cloudy/B/11734.jpg,183564,0.3,done
DIOR,cloudy,11735.jpg,B,/mnt/shared/zechuan/iraod_artifacts/dior_source/seed42-orthonet-ddp4-gpu4567-spg16-gbs64/reproducibility/resolved_config.py,/mnt/shared/zechuan/iraod_artifacts/comparison/dior/cloudy/seed_42/0f98a48/methods/B/work/iter_185_ema.pth,/mnt/shared/zechuan/iraod_artifacts/comparison/deliverables/results/paper_comparison/visualizations/DIOR/cloudy/B,/mnt/shared/zechuan/iraod_artifacts/comparison/deliverables/results/paper_comparison/visualizations/DIOR/cloudy/B/11735.jpg,161859,0.3,done
DIOR,cloudy,11736.jpg,B,/mnt/shared/zechuan/iraod_artifacts/dior_source/seed42-orthonet-ddp4-gpu4567-spg16-gbs64/reproducibility/resolved_config.py,/mnt/shared/zechuan/iraod_artifacts/comparison/dior/cloudy/seed_42/0f98a48/methods/B/work/iter_185_ema.pth,/mnt/shared/zechuan/iraod_artifacts/comparison/deliverables/results/paper_comparison/visualizations/DIOR/cloudy/B,/mnt/shared/zechuan/iraod_artifacts/comparison/deliverables/results/paper_comparison/visualizations/DIOR/cloudy/B/11736.jpg,191641,0.3,done
DIOR,cloudy,11737.jpg,B,/mnt/shared/zechuan/iraod_artifacts/dior_source/seed42-orthonet-ddp4-gpu4567-spg16-gbs64/reproducibility/resolved_config.py,/mnt/shared/zechuan/iraod_artifacts/comparison/dior/cloudy/seed_42/0f98a48/methods/B/work/iter_185_ema.pth,/mnt/shared/zechuan/iraod_artifacts/comparison/deliverables/results/paper_comparison/visualizations/DIOR/cloudy/B,/mnt/shared/zechuan/iraod_artifacts/comparison/deliverables/results/paper_comparison/visualizations/DIOR/cloudy/B/11737.jpg,212102,0.3,done
DIOR,cloudy,11738.jpg,B,/mnt/shared/zechuan/iraod_artifacts/dior_source/seed42-orthonet-ddp4-gpu4567-spg16-gbs64/reproducibility/resolved_config.py,/mnt/shared/zechuan/iraod_artifacts/comparison/dior/cloudy/seed_42/0f98a48/methods/B/work/iter_185_ema.pth,/mnt/shared/zechuan/iraod_artifacts/comparison/deliverables/results/paper_comparison/visualizations/DIOR/cloudy/B,/mnt/shared/zechuan/iraod_artifacts/comparison/deliverables/results/paper_comparison/visualizations/DIOR/cloudy/B/11738.jpg,203217,0.3,done
DIOR,cloudy,11739.jpg,B,/mnt/shared/zechuan/iraod_artifacts/dior_source/seed42-orthonet-ddp4-gpu4567-spg16-gbs64/reproducibility/resolved_config.py,/mnt/shared/zechuan/iraod_artifacts/comparison/dior/cloudy/seed_42/0f98a48/methods/B/work/iter_185_ema.pth,/mnt/shared/zechuan/iraod_artifacts/comparison/deliverables/results/paper_comparison/visualizations/DIOR/cloudy/B,/mnt/shared/zechuan/iraod_artifacts/comparison/deliverables/results/paper_comparison/visualizations/DIOR/cloudy/B/11739.jpg,266725,0.3,done
DIOR,cloudy,11740.jpg,B,/mnt/shared/zechuan/iraod_artifacts/dior_source/seed42-orthonet-ddp4-gpu4567-spg16-gbs64/reproducibility/resolved_config.py,/mnt/shared/zechuan/iraod_artifacts/comparison/dior/cloudy/seed_42/0f98a48/methods/B/work/iter_185_ema.pth,/mnt/shared/zechuan/iraod_artifacts/comparison/deliverables/results/paper_comparison/visualizations/DIOR/cloudy/B,/mnt/shared/zechuan/iraod_artifacts/comparison/deliverables/results/paper_comparison/visualizations/DIOR/cloudy/B/11740.jpg,203762,0.3,done
DIOR,cloudy,11741.jpg,B,/mnt/shared/zechuan/iraod_artifacts/dior_source/seed42-orthonet-ddp4-gpu4567-spg16-gbs64/reproducibility/resolved_config.py,/mnt/shared/zechuan/iraod_artifacts/comparison/dior/cloudy/seed_42/0f98a48/methods/B/work/iter_185_ema.pth,/mnt/shared/zechuan/iraod_artifacts/comparison/deliverables/results/paper_comparison/visualizations/DIOR/cloudy/B,/mnt/shared/zechuan/iraod_artifacts/comparison/deliverables/results/paper_comparison/visualizations/DIOR/cloudy/B/11741.jpg,198786,0.3,done
DIOR,cloudy,11726.jpg,C,/mnt/shared/zechuan/iraod_artifacts/dior_source/seed42-orthonet-ddp4-gpu4567-spg16-gbs64/reproducibility/resolved_config.py,/mnt/shared/zechuan/iraod_artifacts/comparison/dior/cloudy/seed_42/0f98a48/methods/C/work/iter_185_ema.pth,/mnt/shared/zechuan/iraod_artifacts/comparison/deliverables/results/paper_comparison/visualizations/DIOR/cloudy/C,/mnt/shared/zechuan/iraod_artifacts/comparison/deliverables/results/paper_comparison/visualizations/DIOR/cloudy/C/11726.jpg,233255,0.3,done
DIOR,cloudy,11727.jpg,C,/mnt/shared/zechuan/iraod_artifacts/dior_source/seed42-orthonet-ddp4-gpu4567-spg16-gbs64/reproducibility/resolved_config.py,/mnt/shared/zechuan/iraod_artifacts/comparison/dior/cloudy/seed_42/0f98a48/methods/C/work/iter_185_ema.pth,/mnt/shared/zechuan/iraod_artifacts/comparison/deliverables/results/paper_comparison/visualizations/DIOR/cloudy/C,/mnt/shared/zechuan/iraod_artifacts/comparison/deliverables/results/paper_comparison/visualizations/DIOR/cloudy/C/11727.jpg,222501,0.3,done
DIOR,cloudy,11728.jpg,C,/mnt/shared/zechuan/iraod_artifacts/dior_source/seed42-orthonet-ddp4-gpu4567-spg16-gbs64/reproducibility/resolved_config.py,/mnt/shared/zechuan/iraod_artifacts/comparison/dior/cloudy/seed_42/0f98a48/methods/C/work/iter_185_ema.pth,/mnt/shared/zechuan/iraod_artifacts/comparison/deliverables/results/paper_comparison/visualizations/DIOR/cloudy/C,/mnt/shared/zechuan/iraod_artifacts/comparison/deliverables/results/paper_comparison/visualizations/DIOR/cloudy/C/11728.jpg,266310,0.3,done
DIOR,cloudy,11729.jpg,C,/mnt/shared/zechuan/iraod_artifacts/dior_source/seed42-orthonet-ddp4-gpu4567-spg16-gbs64/reproducibility/resolved_config.py,/mnt/shared/zechuan/iraod_artifacts/comparison/dior/cloudy/seed_42/0f98a48/methods/C/work/iter_185_ema.pth,/mnt/shared/zechuan/iraod_artifacts/comparison/deliverables/results/paper_comparison/visualizations/DIOR/cloudy/C,/mnt/shared/zechuan/iraod_artifacts/comparison/deliverables/results/paper_comparison/visualizations/DIOR/cloudy/C/11729.jpg,344248,0.3,done
DIOR,cloudy,11730.jpg,C,/mnt/shared/zechuan/iraod_artifacts/dior_source/seed42-orthonet-ddp4-gpu4567-spg16-gbs64/reproducibility/resolved_config.py,/mnt/shared/zechuan/iraod_artifacts/comparison/dior/cloudy/seed_42/0f98a48/methods/C/work/iter_185_ema.pth,/mnt/shared/zechuan/iraod_artifacts/comparison/deliverables/results/paper_comparison/visualizations/DIOR/cloudy/C,/mnt/shared/zechuan/iraod_artifacts/comparison/deliverables/results/paper_comparison/visualizations/DIOR/cloudy/C/11730.jpg,252695,0.3,done
DIOR,cloudy,11731.jpg,C,/mnt/shared/zechuan/iraod_artifacts/dior_source/seed42-orthonet-ddp4-gpu4567-spg16-gbs64/reproducibility/resolved_config.py,/mnt/shared/zechuan/iraod_artifacts/comparison/dior/cloudy/seed_42/0f98a48/methods/C/work/iter_185_ema.pth,/mnt/shared/zechuan/iraod_artifacts/comparison/deliverables/results/paper_comparison/visualizations/DIOR/cloudy/C,/mnt/shared/zechuan/iraod_artifacts/comparison/deliverables/results/paper_comparison/visualizations/DIOR/cloudy/C/11731.jpg,285352,0.3,done
DIOR,cloudy,11732.jpg,C,/mnt/shared/zechuan/iraod_artifacts/dior_source/seed42-orthonet-ddp4-gpu4567-spg16-gbs64/reproducibility/resolved_config.py,/mnt/shared/zechuan/iraod_artifacts/comparison/dior/cloudy/seed_42/0f98a48/methods/C/work/iter_185_ema.pth,/mnt/shared/zechuan/iraod_artifacts/comparison/deliverables/results/paper_comparison/visualizations/DIOR/cloudy/C,/mnt/shared/zechuan/iraod_artifacts/comparison/deliverables/results/paper_comparison/visualizations/DIOR/cloudy/C/11732.jpg,309727,0.3,done
DIOR,cloudy,11733.jpg,C,/mnt/shared/zechuan/iraod_artifacts/dior_source/seed42-orthonet-ddp4-gpu4567-spg16-gbs64/reproducibility/resolved_config.py,/mnt/shared/zechuan/iraod_artifacts/comparison/dior/cloudy/seed_42/0f98a48/methods/C/work/iter_185_ema.pth,/mnt/shared/zechuan/iraod_artifacts/comparison/deliverables/results/paper_comparison/visualizations/DIOR/cloudy/C,/mnt/shared/zechuan/iraod_artifacts/comparison/deliverables/results/paper_comparison/visualizations/DIOR/cloudy/C/11733.jpg,229968,0.3,done
DIOR,cloudy,11734.jpg,C,/mnt/shared/zechuan/iraod_artifacts/dior_source/seed42-orthonet-ddp4-gpu4567-spg16-gbs64/reproducibility/resolved_config.py,/mnt/shared/zechuan/iraod_artifacts/comparison/dior/cloudy/seed_42/0f98a48/methods/C/work/iter_185_ema.pth,/mnt/shared/zechuan/iraod_artifacts/comparison/deliverables/results/paper_comparison/visualizations/DIOR/cloudy/C,/mnt/shared/zechuan/iraod_artifacts/comparison/deliverables/results/paper_comparison/visualizations/DIOR/cloudy/C/11734.jpg,183781,0.3,done
DIOR,cloudy,11735.jpg,C,/mnt/shared/zechuan/iraod_artifacts/dior_source/seed42-orthonet-ddp4-gpu4567-spg16-gbs64/reproducibility/resolved_config.py,/mnt/shared/zechuan/iraod_artifacts/comparison/dior/cloudy/seed_42/0f98a48/methods/C/work/iter_185_ema.pth,/mnt/shared/zechuan/iraod_artifacts/comparison/deliverables/results/paper_comparison/visualizations/DIOR/cloudy/C,/mnt/shared/zechuan/iraod_artifacts/comparison/deliverables/results/paper_comparison/visualizations/DIOR/cloudy/C/11735.jpg,161115,0.3,done
DIOR,cloudy,11736.jpg,C,/mnt/shared/zechuan/iraod_artifacts/dior_source/seed42-orthonet-ddp4-gpu4567-spg16-gbs64/reproducibility/resolved_config.py,/mnt/shared/zechuan/iraod_artifacts/comparison/dior/cloudy/seed_42/0f98a48/methods/C/work/iter_185_ema.pth,/mnt/shared/zechuan/iraod_artifacts/comparison/deliverables/results/paper_comparison/visualizations/DIOR/cloudy/C,/mnt/shared/zechuan/iraod_artifacts/comparison/deliverables/results/paper_comparison/visualizations/DIOR/cloudy/C/11736.jpg,190328,0.3,done
DIOR,cloudy,11737.jpg,C,/mnt/shared/zechuan/iraod_artifacts/dior_source/seed42-orthonet-ddp4-gpu4567-spg16-gbs64/reproducibility/resolved_config.py,/mnt/shared/zechuan/iraod_artifacts/comparison/dior/cloudy/seed_42/0f98a48/methods/C/work/iter_185_ema.pth,/mnt/shared/zechuan/iraod_artifacts/comparison/deliverables/results/paper_comparison/visualizations/DIOR/cloudy/C,/mnt/shared/zechuan/iraod_artifacts/comparison/deliverables/results/paper_comparison/visualizations/DIOR/cloudy/C/11737.jpg,210685,0.3,done
DIOR,cloudy,11738.jpg,C,/mnt/shared/zechuan/iraod_artifacts/dior_source/seed42-orthonet-ddp4-gpu4567-spg16-gbs64/reproducibility/resolved_config.py,/mnt/shared/zechuan/iraod_artifacts/comparison/dior/cloudy/seed_42/0f98a48/methods/C/work/iter_185_ema.pth,/mnt/shared/zechuan/iraod_artifacts/comparison/deliverables/results/paper_comparison/visualizations/DIOR/cloudy/C,/mnt/shared/zechuan/iraod_artifacts/comparison/deliverables/results/paper_comparison/visualizations/DIOR/cloudy/C/11738.jpg,202650,0.3,done
DIOR,cloudy,11739.jpg,C,/mnt/shared/zechuan/iraod_artifacts/dior_source/seed42-orthonet-ddp4-gpu4567-spg16-gbs64/reproducibility/resolved_config.py,/mnt/shared/zechuan/iraod_artifacts/comparison/dior/cloudy/seed_42/0f98a48/methods/C/work/iter_185_ema.pth,/mnt/shared/zechuan/iraod_artifacts/comparison/deliverables/results/paper_comparison/visualizations/DIOR/cloudy/C,/mnt/shared/zechuan/iraod_artifacts/comparison/deliverables/results/paper_comparison/visualizations/DIOR/cloudy/C/11739.jpg,265603,0.3,done
DIOR,cloudy,11740.jpg,C,/mnt/shared/zechuan/iraod_artifacts/dior_source/seed42-orthonet-ddp4-gpu4567-spg16-gbs64/reproducibility/resolved_config.py,/mnt/shared/zechuan/iraod_artifacts/comparison/dior/cloudy/seed_42/0f98a48/methods/C/work/iter_185_ema.pth,/mnt/shared/zechuan/iraod_artifacts/comparison/deliverables/results/paper_comparison/visualizations/DIOR/cloudy/C,/mnt/shared/zechuan/iraod_artifacts/comparison/deliverables/results/paper_comparison/visualizations/DIOR/cloudy/C/11740.jpg,204857,0.3,done
DIOR,cloudy,11741.jpg,C,/mnt/shared/zechuan/iraod_artifacts/dior_source/seed42-orthonet-ddp4-gpu4567-spg16-gbs64/reproducibility/resolved_config.py,/mnt/shared/zechuan/iraod_artifacts/comparison/dior/cloudy/seed_42/0f98a48/methods/C/work/iter_185_ema.pth,/mnt/shared/zechuan/iraod_artifacts/comparison/deliverables/results/paper_comparison/visualizations/DIOR/cloudy/C,/mnt/shared/zechuan/iraod_artifacts/comparison/deliverables/results/paper_comparison/visualizations/DIOR/cloudy/C/11741.jpg,199309,0.3,done
DIOR,cloudy,11726.jpg,D,/mnt/shared/zechuan/iraod_artifacts/dior_source/seed42-orthonet-ddp4-gpu4567-spg16-gbs64/reproducibility/resolved_config.py,/mnt/shared/zechuan/iraod_artifacts/comparison/dior/cloudy/seed_42/0f98a48/methods/D/work/iter_185_ema.pth,/mnt/shared/zechuan/iraod_artifacts/comparison/deliverables/results/paper_comparison/visualizations/DIOR/cloudy/D,/mnt/shared/zechuan/iraod_artifacts/comparison/deliverables/results/paper_comparison/visualizations/DIOR/cloudy/D/11726.jpg,232132,0.3,done
DIOR,cloudy,11727.jpg,D,/mnt/shared/zechuan/iraod_artifacts/dior_source/seed42-orthonet-ddp4-gpu4567-spg16-gbs64/reproducibility/resolved_config.py,/mnt/shared/zechuan/iraod_artifacts/comparison/dior/cloudy/seed_42/0f98a48/methods/D/work/iter_185_ema.pth,/mnt/shared/zechuan/iraod_artifacts/comparison/deliverables/results/paper_comparison/visualizations/DIOR/cloudy/D,/mnt/shared/zechuan/iraod_artifacts/comparison/deliverables/results/paper_comparison/visualizations/DIOR/cloudy/D/11727.jpg,221636,0.3,done
DIOR,cloudy,11728.jpg,D,/mnt/shared/zechuan/iraod_artifacts/dior_source/seed42-orthonet-ddp4-gpu4567-spg16-gbs64/reproducibility/resolved_config.py,/mnt/shared/zechuan/iraod_artifacts/comparison/dior/cloudy/seed_42/0f98a48/methods/D/work/iter_185_ema.pth,/mnt/shared/zechuan/iraod_artifacts/comparison/deliverables/results/paper_comparison/visualizations/DIOR/cloudy/D,/mnt/shared/zechuan/iraod_artifacts/comparison/deliverables/results/paper_comparison/visualizations/DIOR/cloudy/D/11728.jpg,261712,0.3,done
DIOR,cloudy,11729.jpg,D,/mnt/shared/zechuan/iraod_artifacts/dior_source/seed42-orthonet-ddp4-gpu4567-spg16-gbs64/reproducibility/resolved_config.py,/mnt/shared/zechuan/iraod_artifacts/comparison/dior/cloudy/seed_42/0f98a48/methods/D/work/iter_185_ema.pth,/mnt/shared/zechuan/iraod_artifacts/comparison/deliverables/results/paper_comparison/visualizations/DIOR/cloudy/D,/mnt/shared/zechuan/iraod_artifacts/comparison/deliverables/results/paper_comparison/visualizations/DIOR/cloudy/D/11729.jpg,340664,0.3,done
DIOR,cloudy,11730.jpg,D,/mnt/shared/zechuan/iraod_artifacts/dior_source/seed42-orthonet-ddp4-gpu4567-spg16-gbs64/reproducibility/resolved_config.py,/mnt/shared/zechuan/iraod_artifacts/comparison/dior/cloudy/seed_42/0f98a48/methods/D/work/iter_185_ema.pth,/mnt/shared/zechuan/iraod_artifacts/comparison/deliverables/results/paper_comparison/visualizations/DIOR/cloudy/D,/mnt/shared/zechuan/iraod_artifacts/comparison/deliverables/results/paper_comparison/visualizations/DIOR/cloudy/D/11730.jpg,252695,0.3,done
DIOR,cloudy,11731.jpg,D,/mnt/shared/zechuan/iraod_artifacts/dior_source/seed42-orthonet-ddp4-gpu4567-spg16-gbs64/reproducibility/resolved_config.py,/mnt/shared/zechuan/iraod_artifacts/comparison/dior/cloudy/seed_42/0f98a48/methods/D/work/iter_185_ema.pth,/mnt/shared/zechuan/iraod_artifacts/comparison/deliverables/results/paper_comparison/visualizations/DIOR/cloudy/D,/mnt/shared/zechuan/iraod_artifacts/comparison/deliverables/results/paper_comparison/visualizations/DIOR/cloudy/D/11731.jpg,278877,0.3,done
DIOR,cloudy,11732.jpg,D,/mnt/shared/zechuan/iraod_artifacts/dior_source/seed42-orthonet-ddp4-gpu4567-spg16-gbs64/reproducibility/resolved_config.py,/mnt/shared/zechuan/iraod_artifacts/comparison/dior/cloudy/seed_42/0f98a48/methods/D/work/iter_185_ema.pth,/mnt/shared/zechuan/iraod_artifacts/comparison/deliverables/results/paper_comparison/visualizations/DIOR/cloudy/D,/mnt/shared/zechuan/iraod_artifacts/comparison/deliverables/results/paper_comparison/visualizations/DIOR/cloudy/D/11732.jpg,307174,0.3,done
DIOR,cloudy,11733.jpg,D,/mnt/shared/zechuan/iraod_artifacts/dior_source/seed42-orthonet-ddp4-gpu4567-spg16-gbs64/reproducibility/resolved_config.py,/mnt/shared/zechuan/iraod_artifacts/comparison/dior/cloudy/seed_42/0f98a48/methods/D/work/iter_185_ema.pth,/mnt/shared/zechuan/iraod_artifacts/comparison/deliverables/results/paper_comparison/visualizations/DIOR/cloudy/D,/mnt/shared/zechuan/iraod_artifacts/comparison/deliverables/results/paper_comparison/visualizations/DIOR/cloudy/D/11733.jpg,230003,0.3,done
DIOR,cloudy,11734.jpg,D,/mnt/shared/zechuan/iraod_artifacts/dior_source/seed42-orthonet-ddp4-gpu4567-spg16-gbs64/reproducibility/resolved_config.py,/mnt/shared/zechuan/iraod_artifacts/comparison/dior/cloudy/seed_42/0f98a48/methods/D/work/iter_185_ema.pth,/mnt/shared/zechuan/iraod_artifacts/comparison/deliverables/results/paper_comparison/visualizations/DIOR/cloudy/D,/mnt/shared/zechuan/iraod_artifacts/comparison/deliverables/results/paper_comparison/visualizations/DIOR/cloudy/D/11734.jpg,179213,0.3,done
DIOR,cloudy,11735.jpg,D,/mnt/shared/zechuan/iraod_artifacts/dior_source/seed42-orthonet-ddp4-gpu4567-spg16-gbs64/reproducibility/resolved_config.py,/mnt/shared/zechuan/iraod_artifacts/comparison/dior/cloudy/seed_42/0f98a48/methods/D/work/iter_185_ema.pth,/mnt/shared/zechuan/iraod_artifacts/comparison/deliverables/results/paper_comparison/visualizations/DIOR/cloudy/D,/mnt/shared/zechuan/iraod_artifacts/comparison/deliverables/results/paper_comparison/visualizations/DIOR/cloudy/D/11735.jpg,156640,0.3,done
DIOR,cloudy,11736.jpg,D,/mnt/shared/zechuan/iraod_artifacts/dior_source/seed42-orthonet-ddp4-gpu4567-spg16-gbs64/reproducibility/resolved_config.py,/mnt/shared/zechuan/iraod_artifacts/comparison/dior/cloudy/seed_42/0f98a48/methods/D/work/iter_185_ema.pth,/mnt/shared/zechuan/iraod_artifacts/comparison/deliverables/results/paper_comparison/visualizations/DIOR/cloudy/D,/mnt/shared/zechuan/iraod_artifacts/comparison/deliverables/results/paper_comparison/visualizations/DIOR/cloudy/D/11736.jpg,184655,0.3,done
DIOR,cloudy,11737.jpg,D,/mnt/shared/zechuan/iraod_artifacts/dior_source/seed42-orthonet-ddp4-gpu4567-spg16-gbs64/reproducibility/resolved_config.py,/mnt/shared/zechuan/iraod_artifacts/comparison/dior/cloudy/seed_42/0f98a48/methods/D/work/iter_185_ema.pth,/mnt/shared/zechuan/iraod_artifacts/comparison/deliverables/results/paper_comparison/visualizations/DIOR/cloudy/D,/mnt/shared/zechuan/iraod_artifacts/comparison/deliverables/results/paper_comparison/visualizations/DIOR/cloudy/D/11737.jpg,208746,0.3,done
DIOR,cloudy,11738.jpg,D,/mnt/shared/zechuan/iraod_artifacts/dior_source/seed42-orthonet-ddp4-gpu4567-spg16-gbs64/reproducibility/resolved_config.py,/mnt/shared/zechuan/iraod_artifacts/comparison/dior/cloudy/seed_42/0f98a48/methods/D/work/iter_185_ema.pth,/mnt/shared/zechuan/iraod_artifacts/comparison/deliverables/results/paper_comparison/visualizations/DIOR/cloudy/D,/mnt/shared/zechuan/iraod_artifacts/comparison/deliverables/results/paper_comparison/visualizations/DIOR/cloudy/D/11738.jpg,201048,0.3,done
DIOR,cloudy,11739.jpg,D,/mnt/shared/zechuan/iraod_artifacts/dior_source/seed42-orthonet-ddp4-gpu4567-spg16-gbs64/reproducibility/resolved_config.py,/mnt/shared/zechuan/iraod_artifacts/comparison/dior/cloudy/seed_42/0f98a48/methods/D/work/iter_185_ema.pth,/mnt/shared/zechuan/iraod_artifacts/comparison/deliverables/results/paper_comparison/visualizations/DIOR/cloudy/D,/mnt/shared/zechuan/iraod_artifacts/comparison/deliverables/results/paper_comparison/visualizations/DIOR/cloudy/D/11739.jpg,263476,0.3,done
DIOR,cloudy,11740.jpg,D,/mnt/shared/zechuan/iraod_artifacts/dior_source/seed42-orthonet-ddp4-gpu4567-spg16-gbs64/reproducibility/resolved_config.py,/mnt/shared/zechuan/iraod_artifacts/comparison/dior/cloudy/seed_42/0f98a48/methods/D/work/iter_185_ema.pth,/mnt/shared/zechuan/iraod_artifacts/comparison/deliverables/results/paper_comparison/visualizations/DIOR/cloudy/D,/mnt/shared/zechuan/iraod_artifacts/comparison/deliverables/results/paper_comparison/visualizations/DIOR/cloudy/D/11740.jpg,197402,0.3,done
DIOR,cloudy,11741.jpg,D,/mnt/shared/zechuan/iraod_artifacts/dior_source/seed42-orthonet-ddp4-gpu4567-spg16-gbs64/reproducibility/resolved_config.py,/mnt/shared/zechuan/iraod_artifacts/comparison/dior/cloudy/seed_42/0f98a48/methods/D/work/iter_185_ema.pth,/mnt/shared/zechuan/iraod_artifacts/comparison/deliverables/results/paper_comparison/visualizations/DIOR/cloudy/D,/mnt/shared/zechuan/iraod_artifacts/comparison/deliverables/results/paper_comparison/visualizations/DIOR/cloudy/D/11741.jpg,197664,0.3,done
DIOR,cloudy,11726.jpg,E,/mnt/shared/zechuan/iraod_artifacts/dior_source/seed42-orthonet-ddp4-gpu4567-spg16-gbs64/reproducibility/resolved_config.py,/mnt/shared/zechuan/iraod_artifacts/comparison/dior/cloudy/seed_42/0f98a48/methods/E/ddp2/work/iter_185_ema.pth,/mnt/shared/zechuan/iraod_artifacts/comparison/deliverables/results/paper_comparison/visualizations/DIOR/cloudy/E,/mnt/shared/zechuan/iraod_artifacts/comparison/deliverables/results/paper_comparison/visualizations/DIOR/cloudy/E/11726.jpg,233860,0.3,done
DIOR,cloudy,11727.jpg,E,/mnt/shared/zechuan/iraod_artifacts/dior_source/seed42-orthonet-ddp4-gpu4567-spg16-gbs64/reproducibility/resolved_config.py,/mnt/shared/zechuan/iraod_artifacts/comparison/dior/cloudy/seed_42/0f98a48/methods/E/ddp2/work/iter_185_ema.pth,/mnt/shared/zechuan/iraod_artifacts/comparison/deliverables/results/paper_comparison/visualizations/DIOR/cloudy/E,/mnt/shared/zechuan/iraod_artifacts/comparison/deliverables/results/paper_comparison/visualizations/DIOR/cloudy/E/11727.jpg,241743,0.3,done
DIOR,cloudy,11728.jpg,E,/mnt/shared/zechuan/iraod_artifacts/dior_source/seed42-orthonet-ddp4-gpu4567-spg16-gbs64/reproducibility/resolved_config.py,/mnt/shared/zechuan/iraod_artifacts/comparison/dior/cloudy/seed_42/0f98a48/methods/E/ddp2/work/iter_185_ema.pth,/mnt/shared/zechuan/iraod_artifacts/comparison/deliverables/results/paper_comparison/visualizations/DIOR/cloudy/E,/mnt/shared/zechuan/iraod_artifacts/comparison/deliverables/results/paper_comparison/visualizations/DIOR/cloudy/E/11728.jpg,268150,0.3,done
DIOR,cloudy,11729.jpg,E,/mnt/shared/zechuan/iraod_artifacts/dior_source/seed42-orthonet-ddp4-gpu4567-spg16-gbs64/reproducibility/resolved_config.py,/mnt/shared/zechuan/iraod_artifacts/comparison/dior/cloudy/seed_42/0f98a48/methods/E/ddp2/work/iter_185_ema.pth,/mnt/shared/zechuan/iraod_artifacts/comparison/deliverables/results/paper_comparison/visualizations/DIOR/cloudy/E,/mnt/shared/zechuan/iraod_artifacts/comparison/deliverables/results/paper_comparison/visualizations/DIOR/cloudy/E/11729.jpg,343629,0.3,done
DIOR,cloudy,11730.jpg,E,/mnt/shared/zechuan/iraod_artifacts/dior_source/seed42-orthonet-ddp4-gpu4567-spg16-gbs64/reproducibility/resolved_config.py,/mnt/shared/zechuan/iraod_artifacts/comparison/dior/cloudy/seed_42/0f98a48/methods/E/ddp2/work/iter_185_ema.pth,/mnt/shared/zechuan/iraod_artifacts/comparison/deliverables/results/paper_comparison/visualizations/DIOR/cloudy/E,/mnt/shared/zechuan/iraod_artifacts/comparison/deliverables/results/paper_comparison/visualizations/DIOR/cloudy/E/11730.jpg,256029,0.3,done
DIOR,cloudy,11731.jpg,E,/mnt/shared/zechuan/iraod_artifacts/dior_source/seed42-orthonet-ddp4-gpu4567-spg16-gbs64/reproducibility/resolved_config.py,/mnt/shared/zechuan/iraod_artifacts/comparison/dior/cloudy/seed_42/0f98a48/methods/E/ddp2/work/iter_185_ema.pth,/mnt/shared/zechuan/iraod_artifacts/comparison/deliverables/results/paper_comparison/visualizations/DIOR/cloudy/E,/mnt/shared/zechuan/iraod_artifacts/comparison/deliverables/results/paper_comparison/visualizations/DIOR/cloudy/E/11731.jpg,286975,0.3,done
DIOR,cloudy,11732.jpg,E,/mnt/shared/zechuan/iraod_artifacts/dior_source/seed42-orthonet-ddp4-gpu4567-spg16-gbs64/reproducibility/resolved_config.py,/mnt/shared/zechuan/iraod_artifacts/comparison/dior/cloudy/seed_42/0f98a48/methods/E/ddp2/work/iter_185_ema.pth,/mnt/shared/zechuan/iraod_artifacts/comparison/deliverables/results/paper_comparison/visualizations/DIOR/cloudy/E,/mnt/shared/zechuan/iraod_artifacts/comparison/deliverables/results/paper_comparison/visualizations/DIOR/cloudy/E/11732.jpg,310481,0.3,done
DIOR,cloudy,11733.jpg,E,/mnt/shared/zechuan/iraod_artifacts/dior_source/seed42-orthonet-ddp4-gpu4567-spg16-gbs64/reproducibility/resolved_config.py,/mnt/shared/zechuan/iraod_artifacts/comparison/dior/cloudy/seed_42/0f98a48/methods/E/ddp2/work/iter_185_ema.pth,/mnt/shared/zechuan/iraod_artifacts/comparison/deliverables/results/paper_comparison/visualizations/DIOR/cloudy/E,/mnt/shared/zechuan/iraod_artifacts/comparison/deliverables/results/paper_comparison/visualizations/DIOR/cloudy/E/11733.jpg,229934,0.3,done
DIOR,cloudy,11734.jpg,E,/mnt/shared/zechuan/iraod_artifacts/dior_source/seed42-orthonet-ddp4-gpu4567-spg16-gbs64/reproducibility/resolved_config.py,/mnt/shared/zechuan/iraod_artifacts/comparison/dior/cloudy/seed_42/0f98a48/methods/E/ddp2/work/iter_185_ema.pth,/mnt/shared/zechuan/iraod_artifacts/comparison/deliverables/results/paper_comparison/visualizations/DIOR/cloudy/E,/mnt/shared/zechuan/iraod_artifacts/comparison/deliverables/results/paper_comparison/visualizations/DIOR/cloudy/E/11734.jpg,183621,0.3,done
DIOR,cloudy,11735.jpg,E,/mnt/shared/zechuan/iraod_artifacts/dior_source/seed42-orthonet-ddp4-gpu4567-spg16-gbs64/reproducibility/resolved_config.py,/mnt/shared/zechuan/iraod_artifacts/comparison/dior/cloudy/seed_42/0f98a48/methods/E/ddp2/work/iter_185_ema.pth,/mnt/shared/zechuan/iraod_artifacts/comparison/deliverables/results/paper_comparison/visualizations/DIOR/cloudy/E,/mnt/shared/zechuan/iraod_artifacts/comparison/deliverables/results/paper_comparison/visualizations/DIOR/cloudy/E/11735.jpg,162473,0.3,done
DIOR,cloudy,11736.jpg,E,/mnt/shared/zechuan/iraod_artifacts/dior_source/seed42-orthonet-ddp4-gpu4567-spg16-gbs64/reproducibility/resolved_config.py,/mnt/shared/zechuan/iraod_artifacts/comparison/dior/cloudy/seed_42/0f98a48/methods/E/ddp2/work/iter_185_ema.pth,/mnt/shared/zechuan/iraod_artifacts/comparison/deliverables/results/paper_comparison/visualizations/DIOR/cloudy/E,/mnt/shared/zechuan/iraod_artifacts/comparison/deliverables/results/paper_comparison/visualizations/DIOR/cloudy/E/11736.jpg,191645,0.3,done
DIOR,cloudy,11737.jpg,E,/mnt/shared/zechuan/iraod_artifacts/dior_source/seed42-orthonet-ddp4-gpu4567-spg16-gbs64/reproducibility/resolved_config.py,/mnt/shared/zechuan/iraod_artifacts/comparison/dior/cloudy/seed_42/0f98a48/methods/E/ddp2/work/iter_185_ema.pth,/mnt/shared/zechuan/iraod_artifacts/comparison/deliverables/results/paper_comparison/visualizations/DIOR/cloudy/E,/mnt/shared/zechuan/iraod_artifacts/comparison/deliverables/results/paper_comparison/visualizations/DIOR/cloudy/E/11737.jpg,212170,0.3,done
DIOR,cloudy,11738.jpg,E,/mnt/shared/zechuan/iraod_artifacts/dior_source/seed42-orthonet-ddp4-gpu4567-spg16-gbs64/reproducibility/resolved_config.py,/mnt/shared/zechuan/iraod_artifacts/comparison/dior/cloudy/seed_42/0f98a48/methods/E/ddp2/work/iter_185_ema.pth,/mnt/shared/zechuan/iraod_artifacts/comparison/deliverables/results/paper_comparison/visualizations/DIOR/cloudy/E,/mnt/shared/zechuan/iraod_artifacts/comparison/deliverables/results/paper_comparison/visualizations/DIOR/cloudy/E/11738.jpg,203152,0.3,done
DIOR,cloudy,11739.jpg,E,/mnt/shared/zechuan/iraod_artifacts/dior_source/seed42-orthonet-ddp4-gpu4567-spg16-gbs64/reproducibility/resolved_config.py,/mnt/shared/zechuan/iraod_artifacts/comparison/dior/cloudy/seed_42/0f98a48/methods/E/ddp2/work/iter_185_ema.pth,/mnt/shared/zechuan/iraod_artifacts/comparison/deliverables/results/paper_comparison/visualizations/DIOR/cloudy/E,/mnt/shared/zechuan/iraod_artifacts/comparison/deliverables/results/paper_comparison/visualizations/DIOR/cloudy/E/11739.jpg,265554,0.3,done
DIOR,cloudy,11740.jpg,E,/mnt/shared/zechuan/iraod_artifacts/dior_source/seed42-orthonet-ddp4-gpu4567-spg16-gbs64/reproducibility/resolved_config.py,/mnt/shared/zechuan/iraod_artifacts/comparison/dior/cloudy/seed_42/0f98a48/methods/E/ddp2/work/iter_185_ema.pth,/mnt/shared/zechuan/iraod_artifacts/comparison/deliverables/results/paper_comparison/visualizations/DIOR/cloudy/E,/mnt/shared/zechuan/iraod_artifacts/comparison/deliverables/results/paper_comparison/visualizations/DIOR/cloudy/E/11740.jpg,203980,0.3,done
DIOR,cloudy,11741.jpg,E,/mnt/shared/zechuan/iraod_artifacts/dior_source/seed42-orthonet-ddp4-gpu4567-spg16-gbs64/reproducibility/resolved_config.py,/mnt/shared/zechuan/iraod_artifacts/comparison/dior/cloudy/seed_42/0f98a48/methods/E/ddp2/work/iter_185_ema.pth,/mnt/shared/zechuan/iraod_artifacts/comparison/deliverables/results/paper_comparison/visualizations/DIOR/cloudy/E,/mnt/shared/zechuan/iraod_artifacts/comparison/deliverables/results/paper_comparison/visualizations/DIOR/cloudy/E/11741.jpg,199342,0.3,done
DIOR,cloudy,11726.jpg,F,/mnt/shared/zechuan/iraod_artifacts/dior_source/seed42-orthonet-ddp4-gpu4567-spg16-gbs64/reproducibility/resolved_config.py,/mnt/shared/zechuan/iraod_artifacts/comparison/dior/cloudy/seed_42/0f98a48/methods/F/ddp2/work/iter_185_ema.pth,/mnt/shared/zechuan/iraod_artifacts/comparison/deliverables/results/paper_comparison/visualizations/DIOR/cloudy/F,/mnt/shared/zechuan/iraod_artifacts/comparison/deliverables/results/paper_comparison/visualizations/DIOR/cloudy/F/11726.jpg,232122,0.3,done
DIOR,cloudy,11727.jpg,F,/mnt/shared/zechuan/iraod_artifacts/dior_source/seed42-orthonet-ddp4-gpu4567-spg16-gbs64/reproducibility/resolved_config.py,/mnt/shared/zechuan/iraod_artifacts/comparison/dior/cloudy/seed_42/0f98a48/methods/F/ddp2/work/iter_185_ema.pth,/mnt/shared/zechuan/iraod_artifacts/comparison/deliverables/results/paper_comparison/visualizations/DIOR/cloudy/F,/mnt/shared/zechuan/iraod_artifacts/comparison/deliverables/results/paper_comparison/visualizations/DIOR/cloudy/F/11727.jpg,221713,0.3,done
DIOR,cloudy,11728.jpg,F,/mnt/shared/zechuan/iraod_artifacts/dior_source/seed42-orthonet-ddp4-gpu4567-spg16-gbs64/reproducibility/resolved_config.py,/mnt/shared/zechuan/iraod_artifacts/comparison/dior/cloudy/seed_42/0f98a48/methods/F/ddp2/work/iter_185_ema.pth,/mnt/shared/zechuan/iraod_artifacts/comparison/deliverables/results/paper_comparison/visualizations/DIOR/cloudy/F,/mnt/shared/zechuan/iraod_artifacts/comparison/deliverables/results/paper_comparison/visualizations/DIOR/cloudy/F/11728.jpg,264399,0.3,done
DIOR,cloudy,11729.jpg,F,/mnt/shared/zechuan/iraod_artifacts/dior_source/seed42-orthonet-ddp4-gpu4567-spg16-gbs64/reproducibility/resolved_config.py,/mnt/shared/zechuan/iraod_artifacts/comparison/dior/cloudy/seed_42/0f98a48/methods/F/ddp2/work/iter_185_ema.pth,/mnt/shared/zechuan/iraod_artifacts/comparison/deliverables/results/paper_comparison/visualizations/DIOR/cloudy/F,/mnt/shared/zechuan/iraod_artifacts/comparison/deliverables/results/paper_comparison/visualizations/DIOR/cloudy/F/11729.jpg,340664,0.3,done
DIOR,cloudy,11730.jpg,F,/mnt/shared/zechuan/iraod_artifacts/dior_source/seed42-orthonet-ddp4-gpu4567-spg16-gbs64/reproducibility/resolved_config.py,/mnt/shared/zechuan/iraod_artifacts/comparison/dior/cloudy/seed_42/0f98a48/methods/F/ddp2/work/iter_185_ema.pth,/mnt/shared/zechuan/iraod_artifacts/comparison/deliverables/results/paper_comparison/visualizations/DIOR/cloudy/F,/mnt/shared/zechuan/iraod_artifacts/comparison/deliverables/results/paper_comparison/visualizations/DIOR/cloudy/F/11730.jpg,252695,0.3,done
DIOR,cloudy,11731.jpg,F,/mnt/shared/zechuan/iraod_artifacts/dior_source/seed42-orthonet-ddp4-gpu4567-spg16-gbs64/reproducibility/resolved_config.py,/mnt/shared/zechuan/iraod_artifacts/comparison/dior/cloudy/seed_42/0f98a48/methods/F/ddp2/work/iter_185_ema.pth,/mnt/shared/zechuan/iraod_artifacts/comparison/deliverables/results/paper_comparison/visualizations/DIOR/cloudy/F,/mnt/shared/zechuan/iraod_artifacts/comparison/deliverables/results/paper_comparison/visualizations/DIOR/cloudy/F/11731.jpg,276886,0.3,done
DIOR,cloudy,11732.jpg,F,/mnt/shared/zechuan/iraod_artifacts/dior_source/seed42-orthonet-ddp4-gpu4567-spg16-gbs64/reproducibility/resolved_config.py,/mnt/shared/zechuan/iraod_artifacts/comparison/dior/cloudy/seed_42/0f98a48/methods/F/ddp2/work/iter_185_ema.pth,/mnt/shared/zechuan/iraod_artifacts/comparison/deliverables/results/paper_comparison/visualizations/DIOR/cloudy/F,/mnt/shared/zechuan/iraod_artifacts/comparison/deliverables/results/paper_comparison/visualizations/DIOR/cloudy/F/11732.jpg,304609,0.3,done
DIOR,cloudy,11733.jpg,F,/mnt/shared/zechuan/iraod_artifacts/dior_source/seed42-orthonet-ddp4-gpu4567-spg16-gbs64/reproducibility/resolved_config.py,/mnt/shared/zechuan/iraod_artifacts/comparison/dior/cloudy/seed_42/0f98a48/methods/F/ddp2/work/iter_185_ema.pth,/mnt/shared/zechuan/iraod_artifacts/comparison/deliverables/results/paper_comparison/visualizations/DIOR/cloudy/F,/mnt/shared/zechuan/iraod_artifacts/comparison/deliverables/results/paper_comparison/visualizations/DIOR/cloudy/F/11733.jpg,233095,0.3,done
DIOR,cloudy,11734.jpg,F,/mnt/shared/zechuan/iraod_artifacts/dior_source/seed42-orthonet-ddp4-gpu4567-spg16-gbs64/reproducibility/resolved_config.py,/mnt/shared/zechuan/iraod_artifacts/comparison/dior/cloudy/seed_42/0f98a48/methods/F/ddp2/work/iter_185_ema.pth,/mnt/shared/zechuan/iraod_artifacts/comparison/deliverables/results/paper_comparison/visualizations/DIOR/cloudy/F,/mnt/shared/zechuan/iraod_artifacts/comparison/deliverables/results/paper_comparison/visualizations/DIOR/cloudy/F/11734.jpg,180532,0.3,done
DIOR,cloudy,11735.jpg,F,/mnt/shared/zechuan/iraod_artifacts/dior_source/seed42-orthonet-ddp4-gpu4567-spg16-gbs64/reproducibility/resolved_config.py,/mnt/shared/zechuan/iraod_artifacts/comparison/dior/cloudy/seed_42/0f98a48/methods/F/ddp2/work/iter_185_ema.pth,/mnt/shared/zechuan/iraod_artifacts/comparison/deliverables/results/paper_comparison/visualizations/DIOR/cloudy/F,/mnt/shared/zechuan/iraod_artifacts/comparison/deliverables/results/paper_comparison/visualizations/DIOR/cloudy/F/11735.jpg,156640,0.3,done
DIOR,cloudy,11736.jpg,F,/mnt/shared/zechuan/iraod_artifacts/dior_source/seed42-orthonet-ddp4-gpu4567-spg16-gbs64/reproducibility/resolved_config.py,/mnt/shared/zechuan/iraod_artifacts/comparison/dior/cloudy/seed_42/0f98a48/methods/F/ddp2/work/iter_185_ema.pth,/mnt/shared/zechuan/iraod_artifacts/comparison/deliverables/results/paper_comparison/visualizations/DIOR/cloudy/F,/mnt/shared/zechuan/iraod_artifacts/comparison/deliverables/results/paper_comparison/visualizations/DIOR/cloudy/F/11736.jpg,183806,0.3,done
DIOR,cloudy,11737.jpg,F,/mnt/shared/zechuan/iraod_artifacts/dior_source/seed42-orthonet-ddp4-gpu4567-spg16-gbs64/reproducibility/resolved_config.py,/mnt/shared/zechuan/iraod_artifacts/comparison/dior/cloudy/seed_42/0f98a48/methods/F/ddp2/work/iter_185_ema.pth,/mnt/shared/zechuan/iraod_artifacts/comparison/deliverables/results/paper_comparison/visualizations/DIOR/cloudy/F,/mnt/shared/zechuan/iraod_artifacts/comparison/deliverables/results/paper_comparison/visualizations/DIOR/cloudy/F/11737.jpg,208575,0.3,done
DIOR,cloudy,11738.jpg,F,/mnt/shared/zechuan/iraod_artifacts/dior_source/seed42-orthonet-ddp4-gpu4567-spg16-gbs64/reproducibility/resolved_config.py,/mnt/shared/zechuan/iraod_artifacts/comparison/dior/cloudy/seed_42/0f98a48/methods/F/ddp2/work/iter_185_ema.pth,/mnt/shared/zechuan/iraod_artifacts/comparison/deliverables/results/paper_comparison/visualizations/DIOR/cloudy/F,/mnt/shared/zechuan/iraod_artifacts/comparison/deliverables/results/paper_comparison/visualizations/DIOR/cloudy/F/11738.jpg,201032,0.3,done
DIOR,cloudy,11739.jpg,F,/mnt/shared/zechuan/iraod_artifacts/dior_source/seed42-orthonet-ddp4-gpu4567-spg16-gbs64/reproducibility/resolved_config.py,/mnt/shared/zechuan/iraod_artifacts/comparison/dior/cloudy/seed_42/0f98a48/methods/F/ddp2/work/iter_185_ema.pth,/mnt/shared/zechuan/iraod_artifacts/comparison/deliverables/results/paper_comparison/visualizations/DIOR/cloudy/F,/mnt/shared/zechuan/iraod_artifacts/comparison/deliverables/results/paper_comparison/visualizations/DIOR/cloudy/F/11739.jpg,264602,0.3,done
DIOR,cloudy,11740.jpg,F,/mnt/shared/zechuan/iraod_artifacts/dior_source/seed42-orthonet-ddp4-gpu4567-spg16-gbs64/reproducibility/resolved_config.py,/mnt/shared/zechuan/iraod_artifacts/comparison/dior/cloudy/seed_42/0f98a48/methods/F/ddp2/work/iter_185_ema.pth,/mnt/shared/zechuan/iraod_artifacts/comparison/deliverables/results/paper_comparison/visualizations/DIOR/cloudy/F,/mnt/shared/zechuan/iraod_artifacts/comparison/deliverables/results/paper_comparison/visualizations/DIOR/cloudy/F/11740.jpg,197386,0.3,done
DIOR,cloudy,11741.jpg,F,/mnt/shared/zechuan/iraod_artifacts/dior_source/seed42-orthonet-ddp4-gpu4567-spg16-gbs64/reproducibility/resolved_config.py,/mnt/shared/zechuan/iraod_artifacts/comparison/dior/cloudy/seed_42/0f98a48/methods/F/ddp2/work/iter_185_ema.pth,/mnt/shared/zechuan/iraod_artifacts/comparison/deliverables/results/paper_comparison/visualizations/DIOR/cloudy/F,/mnt/shared/zechuan/iraod_artifacts/comparison/deliverables/results/paper_comparison/visualizations/DIOR/cloudy/F/11741.jpg,200446,0.3,done
DIOR,contrast,11726.jpg,A,/mnt/shared/zechuan/iraod_artifacts/dior_source/seed42-orthonet-ddp4-gpu4567-spg16-gbs64/reproducibility/resolved_config.py,/mnt/shared/zechuan/iraod_artifacts/dior_source/seed42-orthonet-ddp4-gpu4567-spg16-gbs64/train/epoch_100.pth,/mnt/shared/zechuan/iraod_artifacts/comparison/deliverables/results/paper_comparison/visualizations/DIOR/contrast/A,/mnt/shared/zechuan/iraod_artifacts/comparison/deliverables/results/paper_comparison/visualizations/DIOR/contrast/A/11726.jpg,263419,0.3,done
DIOR,contrast,11727.jpg,A,/mnt/shared/zechuan/iraod_artifacts/dior_source/seed42-orthonet-ddp4-gpu4567-spg16-gbs64/reproducibility/resolved_config.py,/mnt/shared/zechuan/iraod_artifacts/dior_source/seed42-orthonet-ddp4-gpu4567-spg16-gbs64/train/epoch_100.pth,/mnt/shared/zechuan/iraod_artifacts/comparison/deliverables/results/paper_comparison/visualizations/DIOR/contrast/A,/mnt/shared/zechuan/iraod_artifacts/comparison/deliverables/results/paper_comparison/visualizations/DIOR/contrast/A/11727.jpg,269839,0.3,done
DIOR,contrast,11728.jpg,A,/mnt/shared/zechuan/iraod_artifacts/dior_source/seed42-orthonet-ddp4-gpu4567-spg16-gbs64/reproducibility/resolved_config.py,/mnt/shared/zechuan/iraod_artifacts/dior_source/seed42-orthonet-ddp4-gpu4567-spg16-gbs64/train/epoch_100.pth,/mnt/shared/zechuan/iraod_artifacts/comparison/deliverables/results/paper_comparison/visualizations/DIOR/contrast/A,/mnt/shared/zechuan/iraod_artifacts/comparison/deliverables/results/paper_comparison/visualizations/DIOR/contrast/A/11728.jpg,298226,0.3,done
DIOR,contrast,11729.jpg,A,/mnt/shared/zechuan/iraod_artifacts/dior_source/seed42-orthonet-ddp4-gpu4567-spg16-gbs64/reproducibility/resolved_config.py,/mnt/shared/zechuan/iraod_artifacts/dior_source/seed42-orthonet-ddp4-gpu4567-spg16-gbs64/train/epoch_100.pth,/mnt/shared/zechuan/iraod_artifacts/comparison/deliverables/results/paper_comparison/visualizations/DIOR/contrast/A,/mnt/shared/zechuan/iraod_artifacts/comparison/deliverables/results/paper_comparison/visualizations/DIOR/contrast/A/11729.jpg,407809,0.3,done
DIOR,contrast,11730.jpg,A,/mnt/shared/zechuan/iraod_artifacts/dior_source/seed42-orthonet-ddp4-gpu4567-spg16-gbs64/reproducibility/resolved_config.py,/mnt/shared/zechuan/iraod_artifacts/dior_source/seed42-orthonet-ddp4-gpu4567-spg16-gbs64/train/epoch_100.pth,/mnt/shared/zechuan/iraod_artifacts/comparison/deliverables/results/paper_comparison/visualizations/DIOR/contrast/A,/mnt/shared/zechuan/iraod_artifacts/comparison/deliverables/results/paper_comparison/visualizations/DIOR/contrast/A/11730.jpg,317285,0.3,done
DIOR,contrast,11731.jpg,A,/mnt/shared/zechuan/iraod_artifacts/dior_source/seed42-orthonet-ddp4-gpu4567-spg16-gbs64/reproducibility/resolved_config.py,/mnt/shared/zechuan/iraod_artifacts/dior_source/seed42-orthonet-ddp4-gpu4567-spg16-gbs64/train/epoch_100.pth,/mnt/shared/zechuan/iraod_artifacts/comparison/deliverables/results/paper_comparison/visualizations/DIOR/contrast/A,/mnt/shared/zechuan/iraod_artifacts/comparison/deliverables/results/paper_comparison/visualizations/DIOR/contrast/A/11731.jpg,307724,0.3,done
DIOR,contrast,11732.jpg,A,/mnt/shared/zechuan/iraod_artifacts/dior_source/seed42-orthonet-ddp4-gpu4567-spg16-gbs64/reproducibility/resolved_config.py,/mnt/shared/zechuan/iraod_artifacts/dior_source/seed42-orthonet-ddp4-gpu4567-spg16-gbs64/train/epoch_100.pth,/mnt/shared/zechuan/iraod_artifacts/comparison/deliverables/results/paper_comparison/visualizations/DIOR/contrast/A,/mnt/shared/zechuan/iraod_artifacts/comparison/deliverables/results/paper_comparison/visualizations/DIOR/contrast/A/11732.jpg,357770,0.3,done
DIOR,contrast,11733.jpg,A,/mnt/shared/zechuan/iraod_artifacts/dior_source/seed42-orthonet-ddp4-gpu4567-spg16-gbs64/reproducibility/resolved_config.py,/mnt/shared/zechuan/iraod_artifacts/dior_source/seed42-orthonet-ddp4-gpu4567-spg16-gbs64/train/epoch_100.pth,/mnt/shared/zechuan/iraod_artifacts/comparison/deliverables/results/paper_comparison/visualizations/DIOR/contrast/A,/mnt/shared/zechuan/iraod_artifacts/comparison/deliverables/results/paper_comparison/visualizations/DIOR/contrast/A/11733.jpg,275339,0.3,done
DIOR,contrast,11734.jpg,A,/mnt/shared/zechuan/iraod_artifacts/dior_source/seed42-orthonet-ddp4-gpu4567-spg16-gbs64/reproducibility/resolved_config.py,/mnt/shared/zechuan/iraod_artifacts/dior_source/seed42-orthonet-ddp4-gpu4567-spg16-gbs64/train/epoch_100.pth,/mnt/shared/zechuan/iraod_artifacts/comparison/deliverables/results/paper_comparison/visualizations/DIOR/contrast/A,/mnt/shared/zechuan/iraod_artifacts/comparison/deliverables/results/paper_comparison/visualizations/DIOR/contrast/A/11734.jpg,224112,0.3,done
DIOR,contrast,11735.jpg,A,/mnt/shared/zechuan/iraod_artifacts/dior_source/seed42-orthonet-ddp4-gpu4567-spg16-gbs64/reproducibility/resolved_config.py,/mnt/shared/zechuan/iraod_artifacts/dior_source/seed42-orthonet-ddp4-gpu4567-spg16-gbs64/train/epoch_100.pth,/mnt/shared/zechuan/iraod_artifacts/comparison/deliverables/results/paper_comparison/visualizations/DIOR/contrast/A,/mnt/shared/zechuan/iraod_artifacts/comparison/deliverables/results/paper_comparison/visualizations/DIOR/contrast/A/11735.jpg,185891,0.3,done
DIOR,contrast,11736.jpg,A,/mnt/shared/zechuan/iraod_artifacts/dior_source/seed42-orthonet-ddp4-gpu4567-spg16-gbs64/reproducibility/resolved_config.py,/mnt/shared/zechuan/iraod_artifacts/dior_source/seed42-orthonet-ddp4-gpu4567-spg16-gbs64/train/epoch_100.pth,/mnt/shared/zechuan/iraod_artifacts/comparison/deliverables/results/paper_comparison/visualizations/DIOR/contrast/A,/mnt/shared/zechuan/iraod_artifacts/comparison/deliverables/results/paper_comparison/visualizations/DIOR/contrast/A/11736.jpg,216836,0.3,done
DIOR,contrast,11737.jpg,A,/mnt/shared/zechuan/iraod_artifacts/dior_source/seed42-orthonet-ddp4-gpu4567-spg16-gbs64/reproducibility/resolved_config.py,/mnt/shared/zechuan/iraod_artifacts/dior_source/seed42-orthonet-ddp4-gpu4567-spg16-gbs64/train/epoch_100.pth,/mnt/shared/zechuan/iraod_artifacts/comparison/deliverables/results/paper_comparison/visualizations/DIOR/contrast/A,/mnt/shared/zechuan/iraod_artifacts/comparison/deliverables/results/paper_comparison/visualizations/DIOR/contrast/A/11737.jpg,249542,0.3,done
DIOR,contrast,11738.jpg,A,/mnt/shared/zechuan/iraod_artifacts/dior_source/seed42-orthonet-ddp4-gpu4567-spg16-gbs64/reproducibility/resolved_config.py,/mnt/shared/zechuan/iraod_artifacts/dior_source/seed42-orthonet-ddp4-gpu4567-spg16-gbs64/train/epoch_100.pth,/mnt/shared/zechuan/iraod_artifacts/comparison/deliverables/results/paper_comparison/visualizations/DIOR/contrast/A,/mnt/shared/zechuan/iraod_artifacts/comparison/deliverables/results/paper_comparison/visualizations/DIOR/contrast/A/11738.jpg,234382,0.3,done
DIOR,contrast,11739.jpg,A,/mnt/shared/zechuan/iraod_artifacts/dior_source/seed42-orthonet-ddp4-gpu4567-spg16-gbs64/reproducibility/resolved_config.py,/mnt/shared/zechuan/iraod_artifacts/dior_source/seed42-orthonet-ddp4-gpu4567-spg16-gbs64/train/epoch_100.pth,/mnt/shared/zechuan/iraod_artifacts/comparison/deliverables/results/paper_comparison/visualizations/DIOR/contrast/A,/mnt/shared/zechuan/iraod_artifacts/comparison/deliverables/results/paper_comparison/visualizations/DIOR/contrast/A/11739.jpg,321776,0.3,done
DIOR,contrast,11740.jpg,A,/mnt/shared/zechuan/iraod_artifacts/dior_source/seed42-orthonet-ddp4-gpu4567-spg16-gbs64/reproducibility/resolved_config.py,/mnt/shared/zechuan/iraod_artifacts/dior_source/seed42-orthonet-ddp4-gpu4567-spg16-gbs64/train/epoch_100.pth,/mnt/shared/zechuan/iraod_artifacts/comparison/deliverables/results/paper_comparison/visualizations/DIOR/contrast/A,/mnt/shared/zechuan/iraod_artifacts/comparison/deliverables/results/paper_comparison/visualizations/DIOR/contrast/A/11740.jpg,230861,0.3,done
DIOR,contrast,11741.jpg,A,/mnt/shared/zechuan/iraod_artifacts/dior_source/seed42-orthonet-ddp4-gpu4567-spg16-gbs64/reproducibility/resolved_config.py,/mnt/shared/zechuan/iraod_artifacts/dior_source/seed42-orthonet-ddp4-gpu4567-spg16-gbs64/train/epoch_100.pth,/mnt/shared/zechuan/iraod_artifacts/comparison/deliverables/results/paper_comparison/visualizations/DIOR/contrast/A,/mnt/shared/zechuan/iraod_artifacts/comparison/deliverables/results/paper_comparison/visualizations/DIOR/contrast/A/11741.jpg,230505,0.3,done
DIOR,contrast,11726.jpg,B,/mnt/shared/zechuan/iraod_artifacts/dior_source/seed42-orthonet-ddp4-gpu4567-spg16-gbs64/reproducibility/resolved_config.py,/mnt/shared/zechuan/iraod_artifacts/comparison/dior/contrast/seed_42/0f98a48/methods/B/work/iter_185_ema.pth,/mnt/shared/zechuan/iraod_artifacts/comparison/deliverables/results/paper_comparison/visualizations/DIOR/contrast/B,/mnt/shared/zechuan/iraod_artifacts/comparison/deliverables/results/paper_comparison/visualizations/DIOR/contrast/B/11726.jpg,262948,0.3,done
DIOR,contrast,11727.jpg,B,/mnt/shared/zechuan/iraod_artifacts/dior_source/seed42-orthonet-ddp4-gpu4567-spg16-gbs64/reproducibility/resolved_config.py,/mnt/shared/zechuan/iraod_artifacts/comparison/dior/contrast/seed_42/0f98a48/methods/B/work/iter_185_ema.pth,/mnt/shared/zechuan/iraod_artifacts/comparison/deliverables/results/paper_comparison/visualizations/DIOR/contrast/B,/mnt/shared/zechuan/iraod_artifacts/comparison/deliverables/results/paper_comparison/visualizations/DIOR/contrast/B/11727.jpg,263712,0.3,done
DIOR,contrast,11728.jpg,B,/mnt/shared/zechuan/iraod_artifacts/dior_source/seed42-orthonet-ddp4-gpu4567-spg16-gbs64/reproducibility/resolved_config.py,/mnt/shared/zechuan/iraod_artifacts/comparison/dior/contrast/seed_42/0f98a48/methods/B/work/iter_185_ema.pth,/mnt/shared/zechuan/iraod_artifacts/comparison/deliverables/results/paper_comparison/visualizations/DIOR/contrast/B,/mnt/shared/zechuan/iraod_artifacts/comparison/deliverables/results/paper_comparison/visualizations/DIOR/contrast/B/11728.jpg,297932,0.3,done
DIOR,contrast,11729.jpg,B,/mnt/shared/zechuan/iraod_artifacts/dior_source/seed42-orthonet-ddp4-gpu4567-spg16-gbs64/reproducibility/resolved_config.py,/mnt/shared/zechuan/iraod_artifacts/comparison/dior/contrast/seed_42/0f98a48/methods/B/work/iter_185_ema.pth,/mnt/shared/zechuan/iraod_artifacts/comparison/deliverables/results/paper_comparison/visualizations/DIOR/contrast/B,/mnt/shared/zechuan/iraod_artifacts/comparison/deliverables/results/paper_comparison/visualizations/DIOR/contrast/B/11729.jpg,407639,0.3,done
DIOR,contrast,11730.jpg,B,/mnt/shared/zechuan/iraod_artifacts/dior_source/seed42-orthonet-ddp4-gpu4567-spg16-gbs64/reproducibility/resolved_config.py,/mnt/shared/zechuan/iraod_artifacts/comparison/dior/contrast/seed_42/0f98a48/methods/B/work/iter_185_ema.pth,/mnt/shared/zechuan/iraod_artifacts/comparison/deliverables/results/paper_comparison/visualizations/DIOR/contrast/B,/mnt/shared/zechuan/iraod_artifacts/comparison/deliverables/results/paper_comparison/visualizations/DIOR/contrast/B/11730.jpg,310976,0.3,done
DIOR,contrast,11731.jpg,B,/mnt/shared/zechuan/iraod_artifacts/dior_source/seed42-orthonet-ddp4-gpu4567-spg16-gbs64/reproducibility/resolved_config.py,/mnt/shared/zechuan/iraod_artifacts/comparison/dior/contrast/seed_42/0f98a48/methods/B/work/iter_185_ema.pth,/mnt/shared/zechuan/iraod_artifacts/comparison/deliverables/results/paper_comparison/visualizations/DIOR/contrast/B,/mnt/shared/zechuan/iraod_artifacts/comparison/deliverables/results/paper_comparison/visualizations/DIOR/contrast/B/11731.jpg,314044,0.3,done
DIOR,contrast,11732.jpg,B,/mnt/shared/zechuan/iraod_artifacts/dior_source/seed42-orthonet-ddp4-gpu4567-spg16-gbs64/reproducibility/resolved_config.py,/mnt/shared/zechuan/iraod_artifacts/comparison/dior/contrast/seed_42/0f98a48/methods/B/work/iter_185_ema.pth,/mnt/shared/zechuan/iraod_artifacts/comparison/deliverables/results/paper_comparison/visualizations/DIOR/contrast/B,/mnt/shared/zechuan/iraod_artifacts/comparison/deliverables/results/paper_comparison/visualizations/DIOR/contrast/B/11732.jpg,357075,0.3,done
DIOR,contrast,11733.jpg,B,/mnt/shared/zechuan/iraod_artifacts/dior_source/seed42-orthonet-ddp4-gpu4567-spg16-gbs64/reproducibility/resolved_config.py,/mnt/shared/zechuan/iraod_artifacts/comparison/dior/contrast/seed_42/0f98a48/methods/B/work/iter_185_ema.pth,/mnt/shared/zechuan/iraod_artifacts/comparison/deliverables/results/paper_comparison/visualizations/DIOR/contrast/B,/mnt/shared/zechuan/iraod_artifacts/comparison/deliverables/results/paper_comparison/visualizations/DIOR/contrast/B/11733.jpg,276950,0.3,done
DIOR,contrast,11734.jpg,B,/mnt/shared/zechuan/iraod_artifacts/dior_source/seed42-orthonet-ddp4-gpu4567-spg16-gbs64/reproducibility/resolved_config.py,/mnt/shared/zechuan/iraod_artifacts/comparison/dior/contrast/seed_42/0f98a48/methods/B/work/iter_185_ema.pth,/mnt/shared/zechuan/iraod_artifacts/comparison/deliverables/results/paper_comparison/visualizations/DIOR/contrast/B,/mnt/shared/zechuan/iraod_artifacts/comparison/deliverables/results/paper_comparison/visualizations/DIOR/contrast/B/11734.jpg,225218,0.3,done
DIOR,contrast,11735.jpg,B,/mnt/shared/zechuan/iraod_artifacts/dior_source/seed42-orthonet-ddp4-gpu4567-spg16-gbs64/reproducibility/resolved_config.py,/mnt/shared/zechuan/iraod_artifacts/comparison/dior/contrast/seed_42/0f98a48/methods/B/work/iter_185_ema.pth,/mnt/shared/zechuan/iraod_artifacts/comparison/deliverables/results/paper_comparison/visualizations/DIOR/contrast/B,/mnt/shared/zechuan/iraod_artifacts/comparison/deliverables/results/paper_comparison/visualizations/DIOR/contrast/B/11735.jpg,185860,0.3,done
DIOR,contrast,11736.jpg,B,/mnt/shared/zechuan/iraod_artifacts/dior_source/seed42-orthonet-ddp4-gpu4567-spg16-gbs64/reproducibility/resolved_config.py,/mnt/shared/zechuan/iraod_artifacts/comparison/dior/contrast/seed_42/0f98a48/methods/B/work/iter_185_ema.pth,/mnt/shared/zechuan/iraod_artifacts/comparison/deliverables/results/paper_comparison/visualizations/DIOR/contrast/B,/mnt/shared/zechuan/iraod_artifacts/comparison/deliverables/results/paper_comparison/visualizations/DIOR/contrast/B/11736.jpg,221353,0.3,done
DIOR,contrast,11737.jpg,B,/mnt/shared/zechuan/iraod_artifacts/dior_source/seed42-orthonet-ddp4-gpu4567-spg16-gbs64/reproducibility/resolved_config.py,/mnt/shared/zechuan/iraod_artifacts/comparison/dior/contrast/seed_42/0f98a48/methods/B/work/iter_185_ema.pth,/mnt/shared/zechuan/iraod_artifacts/comparison/deliverables/results/paper_comparison/visualizations/DIOR/contrast/B,/mnt/shared/zechuan/iraod_artifacts/comparison/deliverables/results/paper_comparison/visualizations/DIOR/contrast/B/11737.jpg,250362,0.3,done
DIOR,contrast,11738.jpg,B,/mnt/shared/zechuan/iraod_artifacts/dior_source/seed42-orthonet-ddp4-gpu4567-spg16-gbs64/reproducibility/resolved_config.py,/mnt/shared/zechuan/iraod_artifacts/comparison/dior/contrast/seed_42/0f98a48/methods/B/work/iter_185_ema.pth,/mnt/shared/zechuan/iraod_artifacts/comparison/deliverables/results/paper_comparison/visualizations/DIOR/contrast/B,/mnt/shared/zechuan/iraod_artifacts/comparison/deliverables/results/paper_comparison/visualizations/DIOR/contrast/B/11738.jpg,234087,0.3,done
DIOR,contrast,11739.jpg,B,/mnt/shared/zechuan/iraod_artifacts/dior_source/seed42-orthonet-ddp4-gpu4567-spg16-gbs64/reproducibility/resolved_config.py,/mnt/shared/zechuan/iraod_artifacts/comparison/dior/contrast/seed_42/0f98a48/methods/B/work/iter_185_ema.pth,/mnt/shared/zechuan/iraod_artifacts/comparison/deliverables/results/paper_comparison/visualizations/DIOR/contrast/B,/mnt/shared/zechuan/iraod_artifacts/comparison/deliverables/results/paper_comparison/visualizations/DIOR/contrast/B/11739.jpg,319925,0.3,done
DIOR,contrast,11740.jpg,B,/mnt/shared/zechuan/iraod_artifacts/dior_source/seed42-orthonet-ddp4-gpu4567-spg16-gbs64/reproducibility/resolved_config.py,/mnt/shared/zechuan/iraod_artifacts/comparison/dior/contrast/seed_42/0f98a48/methods/B/work/iter_185_ema.pth,/mnt/shared/zechuan/iraod_artifacts/comparison/deliverables/results/paper_comparison/visualizations/DIOR/contrast/B,/mnt/shared/zechuan/iraod_artifacts/comparison/deliverables/results/paper_comparison/visualizations/DIOR/contrast/B/11740.jpg,236071,0.3,done
DIOR,contrast,11741.jpg,B,/mnt/shared/zechuan/iraod_artifacts/dior_source/seed42-orthonet-ddp4-gpu4567-spg16-gbs64/reproducibility/resolved_config.py,/mnt/shared/zechuan/iraod_artifacts/comparison/dior/contrast/seed_42/0f98a48/methods/B/work/iter_185_ema.pth,/mnt/shared/zechuan/iraod_artifacts/comparison/deliverables/results/paper_comparison/visualizations/DIOR/contrast/B,/mnt/shared/zechuan/iraod_artifacts/comparison/deliverables/results/paper_comparison/visualizations/DIOR/contrast/B/11741.jpg,233504,0.3,done
DIOR,contrast,11726.jpg,C,/mnt/shared/zechuan/iraod_artifacts/dior_source/seed42-orthonet-ddp4-gpu4567-spg16-gbs64/reproducibility/resolved_config.py,/mnt/shared/zechuan/iraod_artifacts/comparison/dior/contrast/seed_42/0f98a48/methods/C/work/iter_185_ema.pth,/mnt/shared/zechuan/iraod_artifacts/comparison/deliverables/results/paper_comparison/visualizations/DIOR/contrast/C,/mnt/shared/zechuan/iraod_artifacts/comparison/deliverables/results/paper_comparison/visualizations/DIOR/contrast/C/11726.jpg,262136,0.3,done
DIOR,contrast,11727.jpg,C,/mnt/shared/zechuan/iraod_artifacts/dior_source/seed42-orthonet-ddp4-gpu4567-spg16-gbs64/reproducibility/resolved_config.py,/mnt/shared/zechuan/iraod_artifacts/comparison/dior/contrast/seed_42/0f98a48/methods/C/work/iter_185_ema.pth,/mnt/shared/zechuan/iraod_artifacts/comparison/deliverables/results/paper_comparison/visualizations/DIOR/contrast/C,/mnt/shared/zechuan/iraod_artifacts/comparison/deliverables/results/paper_comparison/visualizations/DIOR/contrast/C/11727.jpg,262935,0.3,done
DIOR,contrast,11728.jpg,C,/mnt/shared/zechuan/iraod_artifacts/dior_source/seed42-orthonet-ddp4-gpu4567-spg16-gbs64/reproducibility/resolved_config.py,/mnt/shared/zechuan/iraod_artifacts/comparison/dior/contrast/seed_42/0f98a48/methods/C/work/iter_185_ema.pth,/mnt/shared/zechuan/iraod_artifacts/comparison/deliverables/results/paper_comparison/visualizations/DIOR/contrast/C,/mnt/shared/zechuan/iraod_artifacts/comparison/deliverables/results/paper_comparison/visualizations/DIOR/contrast/C/11728.jpg,295207,0.3,done
DIOR,contrast,11729.jpg,C,/mnt/shared/zechuan/iraod_artifacts/dior_source/seed42-orthonet-ddp4-gpu4567-spg16-gbs64/reproducibility/resolved_config.py,/mnt/shared/zechuan/iraod_artifacts/comparison/dior/contrast/seed_42/0f98a48/methods/C/work/iter_185_ema.pth,/mnt/shared/zechuan/iraod_artifacts/comparison/deliverables/results/paper_comparison/visualizations/DIOR/contrast/C,/mnt/shared/zechuan/iraod_artifacts/comparison/deliverables/results/paper_comparison/visualizations/DIOR/contrast/C/11729.jpg,405300,0.3,done
DIOR,contrast,11730.jpg,C,/mnt/shared/zechuan/iraod_artifacts/dior_source/seed42-orthonet-ddp4-gpu4567-spg16-gbs64/reproducibility/resolved_config.py,/mnt/shared/zechuan/iraod_artifacts/comparison/dior/contrast/seed_42/0f98a48/methods/C/work/iter_185_ema.pth,/mnt/shared/zechuan/iraod_artifacts/comparison/deliverables/results/paper_comparison/visualizations/DIOR/contrast/C,/mnt/shared/zechuan/iraod_artifacts/comparison/deliverables/results/paper_comparison/visualizations/DIOR/contrast/C/11730.jpg,310181,0.3,done
DIOR,contrast,11731.jpg,C,/mnt/shared/zechuan/iraod_artifacts/dior_source/seed42-orthonet-ddp4-gpu4567-spg16-gbs64/reproducibility/resolved_config.py,/mnt/shared/zechuan/iraod_artifacts/comparison/dior/contrast/seed_42/0f98a48/methods/C/work/iter_185_ema.pth,/mnt/shared/zechuan/iraod_artifacts/comparison/deliverables/results/paper_comparison/visualizations/DIOR/contrast/C,/mnt/shared/zechuan/iraod_artifacts/comparison/deliverables/results/paper_comparison/visualizations/DIOR/contrast/C/11731.jpg,308962,0.3,done
DIOR,contrast,11732.jpg,C,/mnt/shared/zechuan/iraod_artifacts/dior_source/seed42-orthonet-ddp4-gpu4567-spg16-gbs64/reproducibility/resolved_config.py,/mnt/shared/zechuan/iraod_artifacts/comparison/dior/contrast/seed_42/0f98a48/methods/C/work/iter_185_ema.pth,/mnt/shared/zechuan/iraod_artifacts/comparison/deliverables/results/paper_comparison/visualizations/DIOR/contrast/C,/mnt/shared/zechuan/iraod_artifacts/comparison/deliverables/results/paper_comparison/visualizations/DIOR/contrast/C/11732.jpg,355564,0.3,done
DIOR,contrast,11733.jpg,C,/mnt/shared/zechuan/iraod_artifacts/dior_source/seed42-orthonet-ddp4-gpu4567-spg16-gbs64/reproducibility/resolved_config.py,/mnt/shared/zechuan/iraod_artifacts/comparison/dior/contrast/seed_42/0f98a48/methods/C/work/iter_185_ema.pth,/mnt/shared/zechuan/iraod_artifacts/comparison/deliverables/results/paper_comparison/visualizations/DIOR/contrast/C,/mnt/shared/zechuan/iraod_artifacts/comparison/deliverables/results/paper_comparison/visualizations/DIOR/contrast/C/11733.jpg,273091,0.3,done
DIOR,contrast,11734.jpg,C,/mnt/shared/zechuan/iraod_artifacts/dior_source/seed42-orthonet-ddp4-gpu4567-spg16-gbs64/reproducibility/resolved_config.py,/mnt/shared/zechuan/iraod_artifacts/comparison/dior/contrast/seed_42/0f98a48/methods/C/work/iter_185_ema.pth,/mnt/shared/zechuan/iraod_artifacts/comparison/deliverables/results/paper_comparison/visualizations/DIOR/contrast/C,/mnt/shared/zechuan/iraod_artifacts/comparison/deliverables/results/paper_comparison/visualizations/DIOR/contrast/C/11734.jpg,225194,0.3,done
DIOR,contrast,11735.jpg,C,/mnt/shared/zechuan/iraod_artifacts/dior_source/seed42-orthonet-ddp4-gpu4567-spg16-gbs64/reproducibility/resolved_config.py,/mnt/shared/zechuan/iraod_artifacts/comparison/dior/contrast/seed_42/0f98a48/methods/C/work/iter_185_ema.pth,/mnt/shared/zechuan/iraod_artifacts/comparison/deliverables/results/paper_comparison/visualizations/DIOR/contrast/C,/mnt/shared/zechuan/iraod_artifacts/comparison/deliverables/results/paper_comparison/visualizations/DIOR/contrast/C/11735.jpg,185849,0.3,done
DIOR,contrast,11736.jpg,C,/mnt/shared/zechuan/iraod_artifacts/dior_source/seed42-orthonet-ddp4-gpu4567-spg16-gbs64/reproducibility/resolved_config.py,/mnt/shared/zechuan/iraod_artifacts/comparison/dior/contrast/seed_42/0f98a48/methods/C/work/iter_185_ema.pth,/mnt/shared/zechuan/iraod_artifacts/comparison/deliverables/results/paper_comparison/visualizations/DIOR/contrast/C,/mnt/shared/zechuan/iraod_artifacts/comparison/deliverables/results/paper_comparison/visualizations/DIOR/contrast/C/11736.jpg,214540,0.3,done
DIOR,contrast,11737.jpg,C,/mnt/shared/zechuan/iraod_artifacts/dior_source/seed42-orthonet-ddp4-gpu4567-spg16-gbs64/reproducibility/resolved_config.py,/mnt/shared/zechuan/iraod_artifacts/comparison/dior/contrast/seed_42/0f98a48/methods/C/work/iter_185_ema.pth,/mnt/shared/zechuan/iraod_artifacts/comparison/deliverables/results/paper_comparison/visualizations/DIOR/contrast/C,/mnt/shared/zechuan/iraod_artifacts/comparison/deliverables/results/paper_comparison/visualizations/DIOR/contrast/C/11737.jpg,252432,0.3,done
DIOR,contrast,11738.jpg,C,/mnt/shared/zechuan/iraod_artifacts/dior_source/seed42-orthonet-ddp4-gpu4567-spg16-gbs64/reproducibility/resolved_config.py,/mnt/shared/zechuan/iraod_artifacts/comparison/dior/contrast/seed_42/0f98a48/methods/C/work/iter_185_ema.pth,/mnt/shared/zechuan/iraod_artifacts/comparison/deliverables/results/paper_comparison/visualizations/DIOR/contrast/C,/mnt/shared/zechuan/iraod_artifacts/comparison/deliverables/results/paper_comparison/visualizations/DIOR/contrast/C/11738.jpg,232804,0.3,done
DIOR,contrast,11739.jpg,C,/mnt/shared/zechuan/iraod_artifacts/dior_source/seed42-orthonet-ddp4-gpu4567-spg16-gbs64/reproducibility/resolved_config.py,/mnt/shared/zechuan/iraod_artifacts/comparison/dior/contrast/seed_42/0f98a48/methods/C/work/iter_185_ema.pth,/mnt/shared/zechuan/iraod_artifacts/comparison/deliverables/results/paper_comparison/visualizations/DIOR/contrast/C,/mnt/shared/zechuan/iraod_artifacts/comparison/deliverables/results/paper_comparison/visualizations/DIOR/contrast/C/11739.jpg,316896,0.3,done
DIOR,contrast,11740.jpg,C,/mnt/shared/zechuan/iraod_artifacts/dior_source/seed42-orthonet-ddp4-gpu4567-spg16-gbs64/reproducibility/resolved_config.py,/mnt/shared/zechuan/iraod_artifacts/comparison/dior/contrast/seed_42/0f98a48/methods/C/work/iter_185_ema.pth,/mnt/shared/zechuan/iraod_artifacts/comparison/deliverables/results/paper_comparison/visualizations/DIOR/contrast/C,/mnt/shared/zechuan/iraod_artifacts/comparison/deliverables/results/paper_comparison/visualizations/DIOR/contrast/C/11740.jpg,223882,0.3,done
DIOR,contrast,11741.jpg,C,/mnt/shared/zechuan/iraod_artifacts/dior_source/seed42-orthonet-ddp4-gpu4567-spg16-gbs64/reproducibility/resolved_config.py,/mnt/shared/zechuan/iraod_artifacts/comparison/dior/contrast/seed_42/0f98a48/methods/C/work/iter_185_ema.pth,/mnt/shared/zechuan/iraod_artifacts/comparison/deliverables/results/paper_comparison/visualizations/DIOR/contrast/C,/mnt/shared/zechuan/iraod_artifacts/comparison/deliverables/results/paper_comparison/visualizations/DIOR/contrast/C/11741.jpg,228042,0.3,done
DIOR,contrast,11726.jpg,D,/mnt/shared/zechuan/iraod_artifacts/dior_source/seed42-orthonet-ddp4-gpu4567-spg16-gbs64/reproducibility/resolved_config.py,/mnt/shared/zechuan/iraod_artifacts/comparison/dior/contrast/seed_42/0f98a48/methods/D/work/iter_185_ema.pth,/mnt/shared/zechuan/iraod_artifacts/comparison/deliverables/results/paper_comparison/visualizations/DIOR/contrast/D,/mnt/shared/zechuan/iraod_artifacts/comparison/deliverables/results/paper_comparison/visualizations/DIOR/contrast/D/11726.jpg,259998,0.3,done
DIOR,contrast,11727.jpg,D,/mnt/shared/zechuan/iraod_artifacts/dior_source/seed42-orthonet-ddp4-gpu4567-spg16-gbs64/reproducibility/resolved_config.py,/mnt/shared/zechuan/iraod_artifacts/comparison/dior/contrast/seed_42/0f98a48/methods/D/work/iter_185_ema.pth,/mnt/shared/zechuan/iraod_artifacts/comparison/deliverables/results/paper_comparison/visualizations/DIOR/contrast/D,/mnt/shared/zechuan/iraod_artifacts/comparison/deliverables/results/paper_comparison/visualizations/DIOR/contrast/D/11727.jpg,262980,0.3,done
DIOR,contrast,11728.jpg,D,/mnt/shared/zechuan/iraod_artifacts/dior_source/seed42-orthonet-ddp4-gpu4567-spg16-gbs64/reproducibility/resolved_config.py,/mnt/shared/zechuan/iraod_artifacts/comparison/dior/contrast/seed_42/0f98a48/methods/D/work/iter_185_ema.pth,/mnt/shared/zechuan/iraod_artifacts/comparison/deliverables/results/paper_comparison/visualizations/DIOR/contrast/D,/mnt/shared/zechuan/iraod_artifacts/comparison/deliverables/results/paper_comparison/visualizations/DIOR/contrast/D/11728.jpg,289392,0.3,done
DIOR,contrast,11729.jpg,D,/mnt/shared/zechuan/iraod_artifacts/dior_source/seed42-orthonet-ddp4-gpu4567-spg16-gbs64/reproducibility/resolved_config.py,/mnt/shared/zechuan/iraod_artifacts/comparison/dior/contrast/seed_42/0f98a48/methods/D/work/iter_185_ema.pth,/mnt/shared/zechuan/iraod_artifacts/comparison/deliverables/results/paper_comparison/visualizations/DIOR/contrast/D,/mnt/shared/zechuan/iraod_artifacts/comparison/deliverables/results/paper_comparison/visualizations/DIOR/contrast/D/11729.jpg,401773,0.3,done
DIOR,contrast,11730.jpg,D,/mnt/shared/zechuan/iraod_artifacts/dior_source/seed42-orthonet-ddp4-gpu4567-spg16-gbs64/reproducibility/resolved_config.py,/mnt/shared/zechuan/iraod_artifacts/comparison/dior/contrast/seed_42/0f98a48/methods/D/work/iter_185_ema.pth,/mnt/shared/zechuan/iraod_artifacts/comparison/deliverables/results/paper_comparison/visualizations/DIOR/contrast/D,/mnt/shared/zechuan/iraod_artifacts/comparison/deliverables/results/paper_comparison/visualizations/DIOR/contrast/D/11730.jpg,302660,0.3,done
DIOR,contrast,11731.jpg,D,/mnt/shared/zechuan/iraod_artifacts/dior_source/seed42-orthonet-ddp4-gpu4567-spg16-gbs64/reproducibility/resolved_config.py,/mnt/shared/zechuan/iraod_artifacts/comparison/dior/contrast/seed_42/0f98a48/methods/D/work/iter_185_ema.pth,/mnt/shared/zechuan/iraod_artifacts/comparison/deliverables/results/paper_comparison/visualizations/DIOR/contrast/D,/mnt/shared/zechuan/iraod_artifacts/comparison/deliverables/results/paper_comparison/visualizations/DIOR/contrast/D/11731.jpg,308152,0.3,done
DIOR,contrast,11732.jpg,D,/mnt/shared/zechuan/iraod_artifacts/dior_source/seed42-orthonet-ddp4-gpu4567-spg16-gbs64/reproducibility/resolved_config.py,/mnt/shared/zechuan/iraod_artifacts/comparison/dior/contrast/seed_42/0f98a48/methods/D/work/iter_185_ema.pth,/mnt/shared/zechuan/iraod_artifacts/comparison/deliverables/results/paper_comparison/visualizations/DIOR/contrast/D,/mnt/shared/zechuan/iraod_artifacts/comparison/deliverables/results/paper_comparison/visualizations/DIOR/contrast/D/11732.jpg,352721,0.3,done
DIOR,contrast,11733.jpg,D,/mnt/shared/zechuan/iraod_artifacts/dior_source/seed42-orthonet-ddp4-gpu4567-spg16-gbs64/reproducibility/resolved_config.py,/mnt/shared/zechuan/iraod_artifacts/comparison/dior/contrast/seed_42/0f98a48/methods/D/work/iter_185_ema.pth,/mnt/shared/zechuan/iraod_artifacts/comparison/deliverables/results/paper_comparison/visualizations/DIOR/contrast/D,/mnt/shared/zechuan/iraod_artifacts/comparison/deliverables/results/paper_comparison/visualizations/DIOR/contrast/D/11733.jpg,273105,0.3,done
DIOR,contrast,11734.jpg,D,/mnt/shared/zechuan/iraod_artifacts/dior_source/seed42-orthonet-ddp4-gpu4567-spg16-gbs64/reproducibility/resolved_config.py,/mnt/shared/zechuan/iraod_artifacts/comparison/dior/contrast/seed_42/0f98a48/methods/D/work/iter_185_ema.pth,/mnt/shared/zechuan/iraod_artifacts/comparison/deliverables/results/paper_comparison/visualizations/DIOR/contrast/D,/mnt/shared/zechuan/iraod_artifacts/comparison/deliverables/results/paper_comparison/visualizations/DIOR/contrast/D/11734.jpg,224744,0.3,done
DIOR,contrast,11735.jpg,D,/mnt/shared/zechuan/iraod_artifacts/dior_source/seed42-orthonet-ddp4-gpu4567-spg16-gbs64/reproducibility/resolved_config.py,/mnt/shared/zechuan/iraod_artifacts/comparison/dior/contrast/seed_42/0f98a48/methods/D/work/iter_185_ema.pth,/mnt/shared/zechuan/iraod_artifacts/comparison/deliverables/results/paper_comparison/visualizations/DIOR/contrast/D,/mnt/shared/zechuan/iraod_artifacts/comparison/deliverables/results/paper_comparison/visualizations/DIOR/contrast/D/11735.jpg,185265,0.3,done
DIOR,contrast,11736.jpg,D,/mnt/shared/zechuan/iraod_artifacts/dior_source/seed42-orthonet-ddp4-gpu4567-spg16-gbs64/reproducibility/resolved_config.py,/mnt/shared/zechuan/iraod_artifacts/comparison/dior/contrast/seed_42/0f98a48/methods/D/work/iter_185_ema.pth,/mnt/shared/zechuan/iraod_artifacts/comparison/deliverables/results/paper_comparison/visualizations/DIOR/contrast/D,/mnt/shared/zechuan/iraod_artifacts/comparison/deliverables/results/paper_comparison/visualizations/DIOR/contrast/D/11736.jpg,208321,0.3,done
DIOR,contrast,11737.jpg,D,/mnt/shared/zechuan/iraod_artifacts/dior_source/seed42-orthonet-ddp4-gpu4567-spg16-gbs64/reproducibility/resolved_config.py,/mnt/shared/zechuan/iraod_artifacts/comparison/dior/contrast/seed_42/0f98a48/methods/D/work/iter_185_ema.pth,/mnt/shared/zechuan/iraod_artifacts/comparison/deliverables/results/paper_comparison/visualizations/DIOR/contrast/D,/mnt/shared/zechuan/iraod_artifacts/comparison/deliverables/results/paper_comparison/visualizations/DIOR/contrast/D/11737.jpg,247619,0.3,done
DIOR,contrast,11738.jpg,D,/mnt/shared/zechuan/iraod_artifacts/dior_source/seed42-orthonet-ddp4-gpu4567-spg16-gbs64/reproducibility/resolved_config.py,/mnt/shared/zechuan/iraod_artifacts/comparison/dior/contrast/seed_42/0f98a48/methods/D/work/iter_185_ema.pth,/mnt/shared/zechuan/iraod_artifacts/comparison/deliverables/results/paper_comparison/visualizations/DIOR/contrast/D,/mnt/shared/zechuan/iraod_artifacts/comparison/deliverables/results/paper_comparison/visualizations/DIOR/contrast/D/11738.jpg,231613,0.3,done
DIOR,contrast,11739.jpg,D,/mnt/shared/zechuan/iraod_artifacts/dior_source/seed42-orthonet-ddp4-gpu4567-spg16-gbs64/reproducibility/resolved_config.py,/mnt/shared/zechuan/iraod_artifacts/comparison/dior/contrast/seed_42/0f98a48/methods/D/work/iter_185_ema.pth,/mnt/shared/zechuan/iraod_artifacts/comparison/deliverables/results/paper_comparison/visualizations/DIOR/contrast/D,/mnt/shared/zechuan/iraod_artifacts/comparison/deliverables/results/paper_comparison/visualizations/DIOR/contrast/D/11739.jpg,316290,0.3,done
DIOR,contrast,11740.jpg,D,/mnt/shared/zechuan/iraod_artifacts/dior_source/seed42-orthonet-ddp4-gpu4567-spg16-gbs64/reproducibility/resolved_config.py,/mnt/shared/zechuan/iraod_artifacts/comparison/dior/contrast/seed_42/0f98a48/methods/D/work/iter_185_ema.pth,/mnt/shared/zechuan/iraod_artifacts/comparison/deliverables/results/paper_comparison/visualizations/DIOR/contrast/D,/mnt/shared/zechuan/iraod_artifacts/comparison/deliverables/results/paper_comparison/visualizations/DIOR/contrast/D/11740.jpg,214705,0.3,done
DIOR,contrast,11741.jpg,D,/mnt/shared/zechuan/iraod_artifacts/dior_source/seed42-orthonet-ddp4-gpu4567-spg16-gbs64/reproducibility/resolved_config.py,/mnt/shared/zechuan/iraod_artifacts/comparison/dior/contrast/seed_42/0f98a48/methods/D/work/iter_185_ema.pth,/mnt/shared/zechuan/iraod_artifacts/comparison/deliverables/results/paper_comparison/visualizations/DIOR/contrast/D,/mnt/shared/zechuan/iraod_artifacts/comparison/deliverables/results/paper_comparison/visualizations/DIOR/contrast/D/11741.jpg,227830,0.3,done
DIOR,contrast,11726.jpg,E,/mnt/shared/zechuan/iraod_artifacts/dior_source/seed42-orthonet-ddp4-gpu4567-spg16-gbs64/reproducibility/resolved_config.py,/mnt/shared/zechuan/iraod_artifacts/comparison/dior/contrast/seed_42/0f98a48/methods/E/ddp2/work/iter_185_ema.pth,/mnt/shared/zechuan/iraod_artifacts/comparison/deliverables/results/paper_comparison/visualizations/DIOR/contrast/E,/mnt/shared/zechuan/iraod_artifacts/comparison/deliverables/results/paper_comparison/visualizations/DIOR/contrast/E/11726.jpg,263097,0.3,done
DIOR,contrast,11727.jpg,E,/mnt/shared/zechuan/iraod_artifacts/dior_source/seed42-orthonet-ddp4-gpu4567-spg16-gbs64/reproducibility/resolved_config.py,/mnt/shared/zechuan/iraod_artifacts/comparison/dior/contrast/seed_42/0f98a48/methods/E/ddp2/work/iter_185_ema.pth,/mnt/shared/zechuan/iraod_artifacts/comparison/deliverables/results/paper_comparison/visualizations/DIOR/contrast/E,/mnt/shared/zechuan/iraod_artifacts/comparison/deliverables/results/paper_comparison/visualizations/DIOR/contrast/E/11727.jpg,266203,0.3,done
DIOR,contrast,11728.jpg,E,/mnt/shared/zechuan/iraod_artifacts/dior_source/seed42-orthonet-ddp4-gpu4567-spg16-gbs64/reproducibility/resolved_config.py,/mnt/shared/zechuan/iraod_artifacts/comparison/dior/contrast/seed_42/0f98a48/methods/E/ddp2/work/iter_185_ema.pth,/mnt/shared/zechuan/iraod_artifacts/comparison/deliverables/results/paper_comparison/visualizations/DIOR/contrast/E,/mnt/shared/zechuan/iraod_artifacts/comparison/deliverables/results/paper_comparison/visualizations/DIOR/contrast/E/11728.jpg,297767,0.3,done
DIOR,contrast,11729.jpg,E,/mnt/shared/zechuan/iraod_artifacts/dior_source/seed42-orthonet-ddp4-gpu4567-spg16-gbs64/reproducibility/resolved_config.py,/mnt/shared/zechuan/iraod_artifacts/comparison/dior/contrast/seed_42/0f98a48/methods/E/ddp2/work/iter_185_ema.pth,/mnt/shared/zechuan/iraod_artifacts/comparison/deliverables/results/paper_comparison/visualizations/DIOR/contrast/E,/mnt/shared/zechuan/iraod_artifacts/comparison/deliverables/results/paper_comparison/visualizations/DIOR/contrast/E/11729.jpg,408530,0.3,done
DIOR,contrast,11730.jpg,E,/mnt/shared/zechuan/iraod_artifacts/dior_source/seed42-orthonet-ddp4-gpu4567-spg16-gbs64/reproducibility/resolved_config.py,/mnt/shared/zechuan/iraod_artifacts/comparison/dior/contrast/seed_42/0f98a48/methods/E/ddp2/work/iter_185_ema.pth,/mnt/shared/zechuan/iraod_artifacts/comparison/deliverables/results/paper_comparison/visualizations/DIOR/contrast/E,/mnt/shared/zechuan/iraod_artifacts/comparison/deliverables/results/paper_comparison/visualizations/DIOR/contrast/E/11730.jpg,309482,0.3,done
DIOR,contrast,11731.jpg,E,/mnt/shared/zechuan/iraod_artifacts/dior_source/seed42-orthonet-ddp4-gpu4567-spg16-gbs64/reproducibility/resolved_config.py,/mnt/shared/zechuan/iraod_artifacts/comparison/dior/contrast/seed_42/0f98a48/methods/E/ddp2/work/iter_185_ema.pth,/mnt/shared/zechuan/iraod_artifacts/comparison/deliverables/results/paper_comparison/visualizations/DIOR/contrast/E,/mnt/shared/zechuan/iraod_artifacts/comparison/deliverables/results/paper_comparison/visualizations/DIOR/contrast/E/11731.jpg,311498,0.3,done
DIOR,contrast,11732.jpg,E,/mnt/shared/zechuan/iraod_artifacts/dior_source/seed42-orthonet-ddp4-gpu4567-spg16-gbs64/reproducibility/resolved_config.py,/mnt/shared/zechuan/iraod_artifacts/comparison/dior/contrast/seed_42/0f98a48/methods/E/ddp2/work/iter_185_ema.pth,/mnt/shared/zechuan/iraod_artifacts/comparison/deliverables/results/paper_comparison/visualizations/DIOR/contrast/E,/mnt/shared/zechuan/iraod_artifacts/comparison/deliverables/results/paper_comparison/visualizations/DIOR/contrast/E/11732.jpg,358102,0.3,done
DIOR,contrast,11733.jpg,E,/mnt/shared/zechuan/iraod_artifacts/dior_source/seed42-orthonet-ddp4-gpu4567-spg16-gbs64/reproducibility/resolved_config.py,/mnt/shared/zechuan/iraod_artifacts/comparison/dior/contrast/seed_42/0f98a48/methods/E/ddp2/work/iter_185_ema.pth,/mnt/shared/zechuan/iraod_artifacts/comparison/deliverables/results/paper_comparison/visualizations/DIOR/contrast/E,/mnt/shared/zechuan/iraod_artifacts/comparison/deliverables/results/paper_comparison/visualizations/DIOR/contrast/E/11733.jpg,276661,0.3,done
DIOR,contrast,11734.jpg,E,/mnt/shared/zechuan/iraod_artifacts/dior_source/seed42-orthonet-ddp4-gpu4567-spg16-gbs64/reproducibility/resolved_config.py,/mnt/shared/zechuan/iraod_artifacts/comparison/dior/contrast/seed_42/0f98a48/methods/E/ddp2/work/iter_185_ema.pth,/mnt/shared/zechuan/iraod_artifacts/comparison/deliverables/results/paper_comparison/visualizations/DIOR/contrast/E,/mnt/shared/zechuan/iraod_artifacts/comparison/deliverables/results/paper_comparison/visualizations/DIOR/contrast/E/11734.jpg,225275,0.3,done
DIOR,contrast,11735.jpg,E,/mnt/shared/zechuan/iraod_artifacts/dior_source/seed42-orthonet-ddp4-gpu4567-spg16-gbs64/reproducibility/resolved_config.py,/mnt/shared/zechuan/iraod_artifacts/comparison/dior/contrast/seed_42/0f98a48/methods/E/ddp2/work/iter_185_ema.pth,/mnt/shared/zechuan/iraod_artifacts/comparison/deliverables/results/paper_comparison/visualizations/DIOR/contrast/E,/mnt/shared/zechuan/iraod_artifacts/comparison/deliverables/results/paper_comparison/visualizations/DIOR/contrast/E/11735.jpg,185930,0.3,done
DIOR,contrast,11736.jpg,E,/mnt/shared/zechuan/iraod_artifacts/dior_source/seed42-orthonet-ddp4-gpu4567-spg16-gbs64/reproducibility/resolved_config.py,/mnt/shared/zechuan/iraod_artifacts/comparison/dior/contrast/seed_42/0f98a48/methods/E/ddp2/work/iter_185_ema.pth,/mnt/shared/zechuan/iraod_artifacts/comparison/deliverables/results/paper_comparison/visualizations/DIOR/contrast/E,/mnt/shared/zechuan/iraod_artifacts/comparison/deliverables/results/paper_comparison/visualizations/DIOR/contrast/E/11736.jpg,224880,0.3,done
DIOR,contrast,11737.jpg,E,/mnt/shared/zechuan/iraod_artifacts/dior_source/seed42-orthonet-ddp4-gpu4567-spg16-gbs64/reproducibility/resolved_config.py,/mnt/shared/zechuan/iraod_artifacts/comparison/dior/contrast/seed_42/0f98a48/methods/E/ddp2/work/iter_185_ema.pth,/mnt/shared/zechuan/iraod_artifacts/comparison/deliverables/results/paper_comparison/visualizations/DIOR/contrast/E,/mnt/shared/zechuan/iraod_artifacts/comparison/deliverables/results/paper_comparison/visualizations/DIOR/contrast/E/11737.jpg,250142,0.3,done
DIOR,contrast,11738.jpg,E,/mnt/shared/zechuan/iraod_artifacts/dior_source/seed42-orthonet-ddp4-gpu4567-spg16-gbs64/reproducibility/resolved_config.py,/mnt/shared/zechuan/iraod_artifacts/comparison/dior/contrast/seed_42/0f98a48/methods/E/ddp2/work/iter_185_ema.pth,/mnt/shared/zechuan/iraod_artifacts/comparison/deliverables/results/paper_comparison/visualizations/DIOR/contrast/E,/mnt/shared/zechuan/iraod_artifacts/comparison/deliverables/results/paper_comparison/visualizations/DIOR/contrast/E/11738.jpg,233736,0.3,done
DIOR,contrast,11739.jpg,E,/mnt/shared/zechuan/iraod_artifacts/dior_source/seed42-orthonet-ddp4-gpu4567-spg16-gbs64/reproducibility/resolved_config.py,/mnt/shared/zechuan/iraod_artifacts/comparison/dior/contrast/seed_42/0f98a48/methods/E/ddp2/work/iter_185_ema.pth,/mnt/shared/zechuan/iraod_artifacts/comparison/deliverables/results/paper_comparison/visualizations/DIOR/contrast/E,/mnt/shared/zechuan/iraod_artifacts/comparison/deliverables/results/paper_comparison/visualizations/DIOR/contrast/E/11739.jpg,317076,0.3,done
DIOR,contrast,11740.jpg,E,/mnt/shared/zechuan/iraod_artifacts/dior_source/seed42-orthonet-ddp4-gpu4567-spg16-gbs64/reproducibility/resolved_config.py,/mnt/shared/zechuan/iraod_artifacts/comparison/dior/contrast/seed_42/0f98a48/methods/E/ddp2/work/iter_185_ema.pth,/mnt/shared/zechuan/iraod_artifacts/comparison/deliverables/results/paper_comparison/visualizations/DIOR/contrast/E,/mnt/shared/zechuan/iraod_artifacts/comparison/deliverables/results/paper_comparison/visualizations/DIOR/contrast/E/11740.jpg,234333,0.3,done
DIOR,contrast,11741.jpg,E,/mnt/shared/zechuan/iraod_artifacts/dior_source/seed42-orthonet-ddp4-gpu4567-spg16-gbs64/reproducibility/resolved_config.py,/mnt/shared/zechuan/iraod_artifacts/comparison/dior/contrast/seed_42/0f98a48/methods/E/ddp2/work/iter_185_ema.pth,/mnt/shared/zechuan/iraod_artifacts/comparison/deliverables/results/paper_comparison/visualizations/DIOR/contrast/E,/mnt/shared/zechuan/iraod_artifacts/comparison/deliverables/results/paper_comparison/visualizations/DIOR/contrast/E/11741.jpg,236098,0.3,done
DIOR,contrast,11726.jpg,F,/mnt/shared/zechuan/iraod_artifacts/dior_source/seed42-orthonet-ddp4-gpu4567-spg16-gbs64/reproducibility/resolved_config.py,/mnt/shared/zechuan/iraod_artifacts/comparison/dior/contrast/seed_42/0f98a48/methods/F/ddp2/work/iter_185_ema.pth,/mnt/shared/zechuan/iraod_artifacts/comparison/deliverables/results/paper_comparison/visualizations/DIOR/contrast/F,/mnt/shared/zechuan/iraod_artifacts/comparison/deliverables/results/paper_comparison/visualizations/DIOR/contrast/F/11726.jpg,260412,0.3,done
DIOR,contrast,11727.jpg,F,/mnt/shared/zechuan/iraod_artifacts/dior_source/seed42-orthonet-ddp4-gpu4567-spg16-gbs64/reproducibility/resolved_config.py,/mnt/shared/zechuan/iraod_artifacts/comparison/dior/contrast/seed_42/0f98a48/methods/F/ddp2/work/iter_185_ema.pth,/mnt/shared/zechuan/iraod_artifacts/comparison/deliverables/results/paper_comparison/visualizations/DIOR/contrast/F,/mnt/shared/zechuan/iraod_artifacts/comparison/deliverables/results/paper_comparison/visualizations/DIOR/contrast/F/11727.jpg,263757,0.3,done
DIOR,contrast,11728.jpg,F,/mnt/shared/zechuan/iraod_artifacts/dior_source/seed42-orthonet-ddp4-gpu4567-spg16-gbs64/reproducibility/resolved_config.py,/mnt/shared/zechuan/iraod_artifacts/comparison/dior/contrast/seed_42/0f98a48/methods/F/ddp2/work/iter_185_ema.pth,/mnt/shared/zechuan/iraod_artifacts/comparison/deliverables/results/paper_comparison/visualizations/DIOR/contrast/F,/mnt/shared/zechuan/iraod_artifacts/comparison/deliverables/results/paper_comparison/visualizations/DIOR/contrast/F/11728.jpg,289513,0.3,done
DIOR,contrast,11729.jpg,F,/mnt/shared/zechuan/iraod_artifacts/dior_source/seed42-orthonet-ddp4-gpu4567-spg16-gbs64/reproducibility/resolved_config.py,/mnt/shared/zechuan/iraod_artifacts/comparison/dior/contrast/seed_42/0f98a48/methods/F/ddp2/work/iter_185_ema.pth,/mnt/shared/zechuan/iraod_artifacts/comparison/deliverables/results/paper_comparison/visualizations/DIOR/contrast/F,/mnt/shared/zechuan/iraod_artifacts/comparison/deliverables/results/paper_comparison/visualizations/DIOR/contrast/F/11729.jpg,399556,0.3,done
DIOR,contrast,11730.jpg,F,/mnt/shared/zechuan/iraod_artifacts/dior_source/seed42-orthonet-ddp4-gpu4567-spg16-gbs64/reproducibility/resolved_config.py,/mnt/shared/zechuan/iraod_artifacts/comparison/dior/contrast/seed_42/0f98a48/methods/F/ddp2/work/iter_185_ema.pth,/mnt/shared/zechuan/iraod_artifacts/comparison/deliverables/results/paper_comparison/visualizations/DIOR/contrast/F,/mnt/shared/zechuan/iraod_artifacts/comparison/deliverables/results/paper_comparison/visualizations/DIOR/contrast/F/11730.jpg,304945,0.3,done
DIOR,contrast,11731.jpg,F,/mnt/shared/zechuan/iraod_artifacts/dior_source/seed42-orthonet-ddp4-gpu4567-spg16-gbs64/reproducibility/resolved_config.py,/mnt/shared/zechuan/iraod_artifacts/comparison/dior/contrast/seed_42/0f98a48/methods/F/ddp2/work/iter_185_ema.pth,/mnt/shared/zechuan/iraod_artifacts/comparison/deliverables/results/paper_comparison/visualizations/DIOR/contrast/F,/mnt/shared/zechuan/iraod_artifacts/comparison/deliverables/results/paper_comparison/visualizations/DIOR/contrast/F/11731.jpg,305757,0.3,done
DIOR,contrast,11732.jpg,F,/mnt/shared/zechuan/iraod_artifacts/dior_source/seed42-orthonet-ddp4-gpu4567-spg16-gbs64/reproducibility/resolved_config.py,/mnt/shared/zechuan/iraod_artifacts/comparison/dior/contrast/seed_42/0f98a48/methods/F/ddp2/work/iter_185_ema.pth,/mnt/shared/zechuan/iraod_artifacts/comparison/deliverables/results/paper_comparison/visualizations/DIOR/contrast/F,/mnt/shared/zechuan/iraod_artifacts/comparison/deliverables/results/paper_comparison/visualizations/DIOR/contrast/F/11732.jpg,352307,0.3,done
DIOR,contrast,11733.jpg,F,/mnt/shared/zechuan/iraod_artifacts/dior_source/seed42-orthonet-ddp4-gpu4567-spg16-gbs64/reproducibility/resolved_config.py,/mnt/shared/zechuan/iraod_artifacts/comparison/dior/contrast/seed_42/0f98a48/methods/F/ddp2/work/iter_185_ema.pth,/mnt/shared/zechuan/iraod_artifacts/comparison/deliverables/results/paper_comparison/visualizations/DIOR/contrast/F,/mnt/shared/zechuan/iraod_artifacts/comparison/deliverables/results/paper_comparison/visualizations/DIOR/contrast/F/11733.jpg,273127,0.3,done
DIOR,contrast,11734.jpg,F,/mnt/shared/zechuan/iraod_artifacts/dior_source/seed42-orthonet-ddp4-gpu4567-spg16-gbs64/reproducibility/resolved_config.py,/mnt/shared/zechuan/iraod_artifacts/comparison/dior/contrast/seed_42/0f98a48/methods/F/ddp2/work/iter_185_ema.pth,/mnt/shared/zechuan/iraod_artifacts/comparison/deliverables/results/paper_comparison/visualizations/DIOR/contrast/F,/mnt/shared/zechuan/iraod_artifacts/comparison/deliverables/results/paper_comparison/visualizations/DIOR/contrast/F/11734.jpg,224781,0.3,done
DIOR,contrast,11735.jpg,F,/mnt/shared/zechuan/iraod_artifacts/dior_source/seed42-orthonet-ddp4-gpu4567-spg16-gbs64/reproducibility/resolved_config.py,/mnt/shared/zechuan/iraod_artifacts/comparison/dior/contrast/seed_42/0f98a48/methods/F/ddp2/work/iter_185_ema.pth,/mnt/shared/zechuan/iraod_artifacts/comparison/deliverables/results/paper_comparison/visualizations/DIOR/contrast/F,/mnt/shared/zechuan/iraod_artifacts/comparison/deliverables/results/paper_comparison/visualizations/DIOR/contrast/F/11735.jpg,185265,0.3,done
DIOR,contrast,11736.jpg,F,/mnt/shared/zechuan/iraod_artifacts/dior_source/seed42-orthonet-ddp4-gpu4567-spg16-gbs64/reproducibility/resolved_config.py,/mnt/shared/zechuan/iraod_artifacts/comparison/dior/contrast/seed_42/0f98a48/methods/F/ddp2/work/iter_185_ema.pth,/mnt/shared/zechuan/iraod_artifacts/comparison/deliverables/results/paper_comparison/visualizations/DIOR/contrast/F,/mnt/shared/zechuan/iraod_artifacts/comparison/deliverables/results/paper_comparison/visualizations/DIOR/contrast/F/11736.jpg,209767,0.3,done
DIOR,contrast,11737.jpg,F,/mnt/shared/zechuan/iraod_artifacts/dior_source/seed42-orthonet-ddp4-gpu4567-spg16-gbs64/reproducibility/resolved_config.py,/mnt/shared/zechuan/iraod_artifacts/comparison/dior/contrast/seed_42/0f98a48/methods/F/ddp2/work/iter_185_ema.pth,/mnt/shared/zechuan/iraod_artifacts/comparison/deliverables/results/paper_comparison/visualizations/DIOR/contrast/F,/mnt/shared/zechuan/iraod_artifacts/comparison/deliverables/results/paper_comparison/visualizations/DIOR/contrast/F/11737.jpg,247574,0.3,done
DIOR,contrast,11738.jpg,F,/mnt/shared/zechuan/iraod_artifacts/dior_source/seed42-orthonet-ddp4-gpu4567-spg16-gbs64/reproducibility/resolved_config.py,/mnt/shared/zechuan/iraod_artifacts/comparison/dior/contrast/seed_42/0f98a48/methods/F/ddp2/work/iter_185_ema.pth,/mnt/shared/zechuan/iraod_artifacts/comparison/deliverables/results/paper_comparison/visualizations/DIOR/contrast/F,/mnt/shared/zechuan/iraod_artifacts/comparison/deliverables/results/paper_comparison/visualizations/DIOR/contrast/F/11738.jpg,230877,0.3,done
DIOR,contrast,11739.jpg,F,/mnt/shared/zechuan/iraod_artifacts/dior_source/seed42-orthonet-ddp4-gpu4567-spg16-gbs64/reproducibility/resolved_config.py,/mnt/shared/zechuan/iraod_artifacts/comparison/dior/contrast/seed_42/0f98a48/methods/F/ddp2/work/iter_185_ema.pth,/mnt/shared/zechuan/iraod_artifacts/comparison/deliverables/results/paper_comparison/visualizations/DIOR/contrast/F,/mnt/shared/zechuan/iraod_artifacts/comparison/deliverables/results/paper_comparison/visualizations/DIOR/contrast/F/11739.jpg,310491,0.3,done
DIOR,contrast,11740.jpg,F,/mnt/shared/zechuan/iraod_artifacts/dior_source/seed42-orthonet-ddp4-gpu4567-spg16-gbs64/reproducibility/resolved_config.py,/mnt/shared/zechuan/iraod_artifacts/comparison/dior/contrast/seed_42/0f98a48/methods/F/ddp2/work/iter_185_ema.pth,/mnt/shared/zechuan/iraod_artifacts/comparison/deliverables/results/paper_comparison/visualizations/DIOR/contrast/F,/mnt/shared/zechuan/iraod_artifacts/comparison/deliverables/results/paper_comparison/visualizations/DIOR/contrast/F/11740.jpg,216208,0.3,done
DIOR,contrast,11741.jpg,F,/mnt/shared/zechuan/iraod_artifacts/dior_source/seed42-orthonet-ddp4-gpu4567-spg16-gbs64/reproducibility/resolved_config.py,/mnt/shared/zechuan/iraod_artifacts/comparison/dior/contrast/seed_42/0f98a48/methods/F/ddp2/work/iter_185_ema.pth,/mnt/shared/zechuan/iraod_artifacts/comparison/deliverables/results/paper_comparison/visualizations/DIOR/contrast/F,/mnt/shared/zechuan/iraod_artifacts/comparison/deliverables/results/paper_comparison/visualizations/DIOR/contrast/F/11741.jpg,224562,0.3,done
