dataset,domain,method,seed,role,status,mAP50,eval_dir,eval_json,checkpoint_verified,missing,searched,native_sidecar_present
RSAR,clean,A,42,source,metadata_collected,0.5313997864723206,/mnt/shared/zechuan/iraod_artifacts/comparison/rsar/clean/seed_42/0f98a48/methods/A/eval_full_clean_ids_v1,/mnt/shared/zechuan/iraod_artifacts/comparison/rsar/clean/seed_42/0f98a48/methods/A/eval_full_clean_ids_v1/eval_20260907_053721.json,True,[],"[{""directory"": ""/mnt/shared/zechuan/iraod_artifacts/comparison/rsar/clean/seed_42/0f98a48/methods/A/eval_full_clean_ids_v1"", ""eval_jsons"": [""/mnt/shared/zechuan/iraod_artifacts/comparison/rsar/clean/seed_42/0f98a48/methods/A/eval_full_clean_ids_v1/eval_20260907_053721.json""]}]",True
RSAR,clean,B,42,ema,metadata_collected,0.5197048783302307,/mnt/shared/zechuan/iraod_artifacts/comparison/rsar/clean/seed_42/0f98a48/methods/B/eval_full_clean_ids_v1,/mnt/shared/zechuan/iraod_artifacts/comparison/rsar/clean/seed_42/0f98a48/methods/B/eval_full_clean_ids_v1/eval_20260907_060433.json,True,[],"[{""directory"": ""/mnt/shared/zechuan/iraod_artifacts/comparison/rsar/clean/seed_42/0f98a48/methods/B/eval_full_clean_ids_v1"", ""eval_jsons"": [""/mnt/shared/zechuan/iraod_artifacts/comparison/rsar/clean/seed_42/0f98a48/methods/B/eval_full_clean_ids_v1/eval_20260907_060433.json""]}]",True
RSAR,clean,B,43,ema,metadata_collected,0.5253969430923462,/mnt/shared/zechuan/iraod_artifacts/comparison/rsar/clean/seed_43/0f98a48/methods/B/eval_full_clean_ids_v1,/mnt/shared/zechuan/iraod_artifacts/comparison/rsar/clean/seed_43/0f98a48/methods/B/eval_full_clean_ids_v1/eval_20260907_043547.json,True,[],"[{""directory"": ""/mnt/shared/zechuan/iraod_artifacts/comparison/rsar/clean/seed_43/0f98a48/methods/B/eval_full_clean_ids_v1"", ""eval_jsons"": [""/mnt/shared/zechuan/iraod_artifacts/comparison/rsar/clean/seed_43/0f98a48/methods/B/eval_full_clean_ids_v1/eval_20260907_043547.json""]}]",True
RSAR,clean,B,44,ema,metadata_collected,0.5282383561134338,/mnt/shared/zechuan/iraod_artifacts/comparison/rsar/clean/seed_44/0f98a48/methods/B/eval_full_clean_ids_v1,/mnt/shared/zechuan/iraod_artifacts/comparison/rsar/clean/seed_44/0f98a48/methods/B/eval_full_clean_ids_v1/eval_20260907_133211.json,True,[],"[{""directory"": ""/mnt/shared/zechuan/iraod_artifacts/comparison/rsar/clean/seed_44/0f98a48/methods/B/eval_full_clean_ids_v1"", ""eval_jsons"": [""/mnt/shared/zechuan/iraod_artifacts/comparison/rsar/clean/seed_44/0f98a48/methods/B/eval_full_clean_ids_v1/eval_20260907_133211.json""]}]",True
RSAR,clean,C,42,ema,metadata_collected,0.5268602967262268,/mnt/shared/zechuan/iraod_artifacts/comparison/rsar/clean/seed_42/0f98a48/methods/C/eval_full_clean_ids_v1,/mnt/shared/zechuan/iraod_artifacts/comparison/rsar/clean/seed_42/0f98a48/methods/C/eval_full_clean_ids_v1/eval_20260907_062325.json,True,[],"[{""directory"": ""/mnt/shared/zechuan/iraod_artifacts/comparison/rsar/clean/seed_42/0f98a48/methods/C/eval_full_clean_ids_v1"", ""eval_jsons"": [""/mnt/shared/zechuan/iraod_artifacts/comparison/rsar/clean/seed_42/0f98a48/methods/C/eval_full_clean_ids_v1/eval_20260907_062325.json""]}]",True
RSAR,clean,C,43,ema,metadata_collected,0.510209321975708,/mnt/shared/zechuan/iraod_artifacts/comparison/rsar/clean/seed_43/0f98a48/methods/C/eval_full_clean_ids_v1,/mnt/shared/zechuan/iraod_artifacts/comparison/rsar/clean/seed_43/0f98a48/methods/C/eval_full_clean_ids_v1/eval_20260907_043547.json,True,[],"[{""directory"": ""/mnt/shared/zechuan/iraod_artifacts/comparison/rsar/clean/seed_43/0f98a48/methods/C/eval_full_clean_ids_v1"", ""eval_jsons"": [""/mnt/shared/zechuan/iraod_artifacts/comparison/rsar/clean/seed_43/0f98a48/methods/C/eval_full_clean_ids_v1/eval_20260907_043547.json""]}]",True
RSAR,clean,C,44,ema,metadata_collected,0.5266595482826233,/mnt/shared/zechuan/iraod_artifacts/comparison/rsar/clean/seed_44/0f98a48/methods/C/eval_full_clean_ids_v1,/mnt/shared/zechuan/iraod_artifacts/comparison/rsar/clean/seed_44/0f98a48/methods/C/eval_full_clean_ids_v1/eval_20260907_132630.json,True,[],"[{""directory"": ""/mnt/shared/zechuan/iraod_artifacts/comparison/rsar/clean/seed_44/0f98a48/methods/C/eval_full_clean_ids_v1"", ""eval_jsons"": [""/mnt/shared/zechuan/iraod_artifacts/comparison/rsar/clean/seed_44/0f98a48/methods/C/eval_full_clean_ids_v1/eval_20260907_132630.json""]}]",True
RSAR,clean,D,42,ema,metadata_collected,0.5099200010299683,/mnt/shared/zechuan/iraod_artifacts/comparison/rsar/clean/seed_42/0f98a48/methods/D/eval_full_clean_ids_v1,/mnt/shared/zechuan/iraod_artifacts/comparison/rsar/clean/seed_42/0f98a48/methods/D/eval_full_clean_ids_v1/eval_20260907_063934.json,True,[],"[{""directory"": ""/mnt/shared/zechuan/iraod_artifacts/comparison/rsar/clean/seed_42/0f98a48/methods/D/eval_full_clean_ids_v1"", ""eval_jsons"": [""/mnt/shared/zechuan/iraod_artifacts/comparison/rsar/clean/seed_42/0f98a48/methods/D/eval_full_clean_ids_v1/eval_20260907_063934.json""]}]",True
RSAR,clean,D,43,ema,metadata_collected,0.5099552273750305,/mnt/shared/zechuan/iraod_artifacts/comparison/rsar/clean/seed_43/0f98a48/methods/D/eval_full_clean_ids_v1,/mnt/shared/zechuan/iraod_artifacts/comparison/rsar/clean/seed_43/0f98a48/methods/D/eval_full_clean_ids_v1/eval_20260907_043548.json,True,[],"[{""directory"": ""/mnt/shared/zechuan/iraod_artifacts/comparison/rsar/clean/seed_43/0f98a48/methods/D/eval_full_clean_ids_v1"", ""eval_jsons"": [""/mnt/shared/zechuan/iraod_artifacts/comparison/rsar/clean/seed_43/0f98a48/methods/D/eval_full_clean_ids_v1/eval_20260907_043548.json""]}]",True
RSAR,clean,D,44,ema,metadata_collected,0.5112261176109314,/mnt/shared/zechuan/iraod_artifacts/comparison/rsar/clean/seed_44/0f98a48/methods/D/eval_full_clean_ids_v1,/mnt/shared/zechuan/iraod_artifacts/comparison/rsar/clean/seed_44/0f98a48/methods/D/eval_full_clean_ids_v1/eval_20260907_134138.json,True,[],"[{""directory"": ""/mnt/shared/zechuan/iraod_artifacts/comparison/rsar/clean/seed_44/0f98a48/methods/D/eval_full_clean_ids_v1"", ""eval_jsons"": [""/mnt/shared/zechuan/iraod_artifacts/comparison/rsar/clean/seed_44/0f98a48/methods/D/eval_full_clean_ids_v1/eval_20260907_134138.json""]}]",True
RSAR,clean,E,42,ema,metadata_collected,0.5288423895835876,/mnt/shared/zechuan/iraod_artifacts/comparison/rsar/clean/seed_42/0f98a48/methods/E/ddp2/eval_full_clean_ids_v1,/mnt/shared/zechuan/iraod_artifacts/comparison/rsar/clean/seed_42/0f98a48/methods/E/ddp2/eval_full_clean_ids_v1/eval_20260907_071216.json,True,[],"[{""directory"": ""/mnt/shared/zechuan/iraod_artifacts/comparison/rsar/clean/seed_42/0f98a48/methods/E/ddp2/eval_full_clean_ids_v1"", ""eval_jsons"": [""/mnt/shared/zechuan/iraod_artifacts/comparison/rsar/clean/seed_42/0f98a48/methods/E/ddp2/eval_full_clean_ids_v1/eval_20260907_071216.json""]}]",True
RSAR,clean,E,43,ema,metadata_collected,0.5258550047874451,/mnt/shared/zechuan/iraod_artifacts/comparison/rsar/clean/seed_43/0f98a48/methods/E/ddp2/eval_full_clean_ids_v1,/mnt/shared/zechuan/iraod_artifacts/comparison/rsar/clean/seed_43/0f98a48/methods/E/ddp2/eval_full_clean_ids_v1/eval_20260908_030210.json,True,[],"[{""directory"": ""/mnt/shared/zechuan/iraod_artifacts/comparison/rsar/clean/seed_43/0f98a48/methods/E/ddp2/eval_full_clean_ids_v1"", ""eval_jsons"": [""/mnt/shared/zechuan/iraod_artifacts/comparison/rsar/clean/seed_43/0f98a48/methods/E/ddp2/eval_full_clean_ids_v1/eval_20260908_030210.json""]}]",True
RSAR,clean,E,44,ema,metadata_collected,0.5264860987663269,/mnt/shared/zechuan/iraod_artifacts/comparison/rsar/clean/seed_44/0f98a48/methods/E/ddp2/eval_full_clean_ids_v1,/mnt/shared/zechuan/iraod_artifacts/comparison/rsar/clean/seed_44/0f98a48/methods/E/ddp2/eval_full_clean_ids_v1/eval_20260908_073241.json,True,[],"[{""directory"": ""/mnt/shared/zechuan/iraod_artifacts/comparison/rsar/clean/seed_44/0f98a48/methods/E/ddp2/eval_full_clean_ids_v1"", ""eval_jsons"": [""/mnt/shared/zechuan/iraod_artifacts/comparison/rsar/clean/seed_44/0f98a48/methods/E/ddp2/eval_full_clean_ids_v1/eval_20260908_073241.json""]}]",True
RSAR,clean,F,42,ema,metadata_collected,0.516840398311615,/mnt/shared/zechuan/iraod_artifacts/comparison/rsar/clean/seed_42/0f98a48/methods/F/ddp2/eval_full_clean_ids_v1,/mnt/shared/zechuan/iraod_artifacts/comparison/rsar/clean/seed_42/0f98a48/methods/F/ddp2/eval_full_clean_ids_v1/eval_20260907_073054.json,True,[],"[{""directory"": ""/mnt/shared/zechuan/iraod_artifacts/comparison/rsar/clean/seed_42/0f98a48/methods/F/ddp2/eval_full_clean_ids_v1"", ""eval_jsons"": [""/mnt/shared/zechuan/iraod_artifacts/comparison/rsar/clean/seed_42/0f98a48/methods/F/ddp2/eval_full_clean_ids_v1/eval_20260907_073054.json""]}]",True
RSAR,clean,F,43,ema,metadata_collected,0.5104420781135559,/mnt/shared/zechuan/iraod_artifacts/comparison/rsar/clean/seed_43/0f98a48/methods/F/ddp2/eval_full_clean_ids_v1,/mnt/shared/zechuan/iraod_artifacts/comparison/rsar/clean/seed_43/0f98a48/methods/F/ddp2/eval_full_clean_ids_v1/eval_20260908_030700.json,True,[],"[{""directory"": ""/mnt/shared/zechuan/iraod_artifacts/comparison/rsar/clean/seed_43/0f98a48/methods/F/ddp2/eval_full_clean_ids_v1"", ""eval_jsons"": [""/mnt/shared/zechuan/iraod_artifacts/comparison/rsar/clean/seed_43/0f98a48/methods/F/ddp2/eval_full_clean_ids_v1/eval_20260908_030700.json""]}]",True
RSAR,clean,F,44,ema,metadata_collected,0.5167173147201538,/mnt/shared/zechuan/iraod_artifacts/comparison/rsar/clean/seed_44/0f98a48/methods/F/ddp2/eval_full_clean_ids_v1,/mnt/shared/zechuan/iraod_artifacts/comparison/rsar/clean/seed_44/0f98a48/methods/F/ddp2/eval_full_clean_ids_v1/eval_20260908_074154.json,True,[],"[{""directory"": ""/mnt/shared/zechuan/iraod_artifacts/comparison/rsar/clean/seed_44/0f98a48/methods/F/ddp2/eval_full_clean_ids_v1"", ""eval_jsons"": [""/mnt/shared/zechuan/iraod_artifacts/comparison/rsar/clean/seed_44/0f98a48/methods/F/ddp2/eval_full_clean_ids_v1/eval_20260908_074154.json""]}]",True
RSAR,chaff,A,42,source,metadata_collected,0.4719308912754059,/mnt/shared/zechuan/iraod_artifacts/comparison/rsar/chaff/seed_42/f2145b4/methods/A/eval_full_chaff_ids_v1,/mnt/shared/zechuan/iraod_artifacts/comparison/rsar/chaff/seed_42/f2145b4/methods/A/eval_full_chaff_ids_v1/eval_20260907_075924.json,True,[],"[{""directory"": ""/mnt/shared/zechuan/iraod_artifacts/comparison/rsar/chaff/seed_42/f2145b4/methods/A/eval_full_chaff_ids_v1"", ""eval_jsons"": [""/mnt/shared/zechuan/iraod_artifacts/comparison/rsar/chaff/seed_42/f2145b4/methods/A/eval_full_chaff_ids_v1/eval_20260907_075924.json""]}]",True
RSAR,chaff,B,42,ema,metadata_collected,0.46308407187461853,/mnt/shared/zechuan/iraod_artifacts/comparison/rsar/chaff/seed_42/f2145b4/methods/B/eval_full_chaff_ids_v1,/mnt/shared/zechuan/iraod_artifacts/comparison/rsar/chaff/seed_42/f2145b4/methods/B/eval_full_chaff_ids_v1/eval_20260907_040937.json,True,[],"[{""directory"": ""/mnt/shared/zechuan/iraod_artifacts/comparison/rsar/chaff/seed_42/f2145b4/methods/B/eval_full_chaff_ids_v1"", ""eval_jsons"": [""/mnt/shared/zechuan/iraod_artifacts/comparison/rsar/chaff/seed_42/f2145b4/methods/B/eval_full_chaff_ids_v1/eval_20260907_040937.json""]}]",True
RSAR,chaff,B,43,ema,metadata_collected,0.4631883203983307,/mnt/shared/zechuan/iraod_artifacts/comparison/rsar/chaff/seed_43/0f98a48/methods/B/eval_full_chaff_ids_v1,/mnt/shared/zechuan/iraod_artifacts/comparison/rsar/chaff/seed_43/0f98a48/methods/B/eval_full_chaff_ids_v1/eval_20260907_043548.json,True,[],"[{""directory"": ""/mnt/shared/zechuan/iraod_artifacts/comparison/rsar/chaff/seed_43/0f98a48/methods/B/eval_full_chaff_ids_v1"", ""eval_jsons"": [""/mnt/shared/zechuan/iraod_artifacts/comparison/rsar/chaff/seed_43/0f98a48/methods/B/eval_full_chaff_ids_v1/eval_20260907_043548.json""]}]",True
RSAR,chaff,B,44,ema,metadata_collected,0.46853336691856384,/mnt/shared/zechuan/iraod_artifacts/comparison/rsar/chaff/seed_44/0f98a48/methods/B/eval_full_chaff_ids_v1,/mnt/shared/zechuan/iraod_artifacts/comparison/rsar/chaff/seed_44/0f98a48/methods/B/eval_full_chaff_ids_v1/eval_20260907_133300.json,True,[],"[{""directory"": ""/mnt/shared/zechuan/iraod_artifacts/comparison/rsar/chaff/seed_44/0f98a48/methods/B/eval_full_chaff_ids_v1"", ""eval_jsons"": [""/mnt/shared/zechuan/iraod_artifacts/comparison/rsar/chaff/seed_44/0f98a48/methods/B/eval_full_chaff_ids_v1/eval_20260907_133300.json""]}]",True
RSAR,chaff,C,42,ema,metadata_collected,0.4662811756134033,/mnt/shared/zechuan/iraod_artifacts/comparison/rsar/chaff/seed_42/f2145b4/methods/C/eval_full_chaff_ids_v1,/mnt/shared/zechuan/iraod_artifacts/comparison/rsar/chaff/seed_42/f2145b4/methods/C/eval_full_chaff_ids_v1/eval_20260907_082334.json,True,[],"[{""directory"": ""/mnt/shared/zechuan/iraod_artifacts/comparison/rsar/chaff/seed_42/f2145b4/methods/C/eval_full_chaff_ids_v1"", ""eval_jsons"": [""/mnt/shared/zechuan/iraod_artifacts/comparison/rsar/chaff/seed_42/f2145b4/methods/C/eval_full_chaff_ids_v1/eval_20260907_082334.json""]}]",True
RSAR,chaff,C,43,ema,metadata_collected,0.46599945425987244,/mnt/shared/zechuan/iraod_artifacts/comparison/rsar/chaff/seed_43/0f98a48/methods/C/eval_full_chaff_ids_v1,/mnt/shared/zechuan/iraod_artifacts/comparison/rsar/chaff/seed_43/0f98a48/methods/C/eval_full_chaff_ids_v1/eval_20260907_052224.json,True,[],"[{""directory"": ""/mnt/shared/zechuan/iraod_artifacts/comparison/rsar/chaff/seed_43/0f98a48/methods/C/eval_full_chaff_ids_v1"", ""eval_jsons"": [""/mnt/shared/zechuan/iraod_artifacts/comparison/rsar/chaff/seed_43/0f98a48/methods/C/eval_full_chaff_ids_v1/eval_20260907_052224.json""]}]",True
RSAR,chaff,C,44,ema,metadata_collected,0.47079601883888245,/mnt/shared/zechuan/iraod_artifacts/comparison/rsar/chaff/seed_44/0f98a48/methods/C/eval_full_chaff_ids_v1,/mnt/shared/zechuan/iraod_artifacts/comparison/rsar/chaff/seed_44/0f98a48/methods/C/eval_full_chaff_ids_v1/eval_20260907_144153.json,True,[],"[{""directory"": ""/mnt/shared/zechuan/iraod_artifacts/comparison/rsar/chaff/seed_44/0f98a48/methods/C/eval_full_chaff_ids_v1"", ""eval_jsons"": [""/mnt/shared/zechuan/iraod_artifacts/comparison/rsar/chaff/seed_44/0f98a48/methods/C/eval_full_chaff_ids_v1/eval_20260907_144153.json""]}]",True
RSAR,chaff,D,42,ema,metadata_collected,0.4592876732349396,/mnt/shared/zechuan/iraod_artifacts/comparison/rsar/chaff/seed_42/f2145b4/methods/D/eval_full_chaff_ids_v1,/mnt/shared/zechuan/iraod_artifacts/comparison/rsar/chaff/seed_42/f2145b4/methods/D/eval_full_chaff_ids_v1/eval_20260907_083954.json,True,[],"[{""directory"": ""/mnt/shared/zechuan/iraod_artifacts/comparison/rsar/chaff/seed_42/f2145b4/methods/D/eval_full_chaff_ids_v1"", ""eval_jsons"": [""/mnt/shared/zechuan/iraod_artifacts/comparison/rsar/chaff/seed_42/f2145b4/methods/D/eval_full_chaff_ids_v1/eval_20260907_083954.json""]}]",True
RSAR,chaff,D,43,ema,metadata_collected,0.4567207992076874,/mnt/shared/zechuan/iraod_artifacts/comparison/rsar/chaff/seed_43/0f98a48/methods/D/eval_full_chaff_ids_v1,/mnt/shared/zechuan/iraod_artifacts/comparison/rsar/chaff/seed_43/0f98a48/methods/D/eval_full_chaff_ids_v1/eval_20260907_052223.json,True,[],"[{""directory"": ""/mnt/shared/zechuan/iraod_artifacts/comparison/rsar/chaff/seed_43/0f98a48/methods/D/eval_full_chaff_ids_v1"", ""eval_jsons"": [""/mnt/shared/zechuan/iraod_artifacts/comparison/rsar/chaff/seed_43/0f98a48/methods/D/eval_full_chaff_ids_v1/eval_20260907_052223.json""]}]",True
RSAR,chaff,D,44,ema,metadata_collected,0.46504101157188416,/mnt/shared/zechuan/iraod_artifacts/comparison/rsar/chaff/seed_44/0f98a48/methods/D/eval_full_chaff_ids_v1,/mnt/shared/zechuan/iraod_artifacts/comparison/rsar/chaff/seed_44/0f98a48/methods/D/eval_full_chaff_ids_v1/eval_20260907_144235.json,True,[],"[{""directory"": ""/mnt/shared/zechuan/iraod_artifacts/comparison/rsar/chaff/seed_44/0f98a48/methods/D/eval_full_chaff_ids_v1"", ""eval_jsons"": [""/mnt/shared/zechuan/iraod_artifacts/comparison/rsar/chaff/seed_44/0f98a48/methods/D/eval_full_chaff_ids_v1/eval_20260907_144235.json""]}]",True
RSAR,chaff,E,42,ema,metadata_collected,0.4642108380794525,/mnt/shared/zechuan/iraod_artifacts/comparison/rsar/chaff/seed_42/f2145b4/methods/E/ddp2/eval_full_chaff_ids_v1,/mnt/shared/zechuan/iraod_artifacts/comparison/rsar/chaff/seed_42/f2145b4/methods/E/ddp2/eval_full_chaff_ids_v1/eval_20260907_085900.json,True,[],"[{""directory"": ""/mnt/shared/zechuan/iraod_artifacts/comparison/rsar/chaff/seed_42/f2145b4/methods/E/ddp2/eval_full_chaff_ids_v1"", ""eval_jsons"": [""/mnt/shared/zechuan/iraod_artifacts/comparison/rsar/chaff/seed_42/f2145b4/methods/E/ddp2/eval_full_chaff_ids_v1/eval_20260907_085900.json""]}]",True
RSAR,chaff,E,43,ema,metadata_collected,0.4640710651874542,/mnt/shared/zechuan/iraod_artifacts/comparison/rsar/chaff/seed_43/0f98a48/methods/E/ddp2/eval_full_chaff_ids_v1,/mnt/shared/zechuan/iraod_artifacts/comparison/rsar/chaff/seed_43/0f98a48/methods/E/ddp2/eval_full_chaff_ids_v1/eval_20260908_031153.json,True,[],"[{""directory"": ""/mnt/shared/zechuan/iraod_artifacts/comparison/rsar/chaff/seed_43/0f98a48/methods/E/ddp2/eval_full_chaff_ids_v1"", ""eval_jsons"": [""/mnt/shared/zechuan/iraod_artifacts/comparison/rsar/chaff/seed_43/0f98a48/methods/E/ddp2/eval_full_chaff_ids_v1/eval_20260908_031153.json""]}]",True
RSAR,chaff,E,44,ema,metadata_collected,0.46786531805992126,/mnt/shared/zechuan/iraod_artifacts/comparison/rsar/chaff/seed_44/0f98a48/methods/E/ddp2/eval_full_chaff_ids_v1,/mnt/shared/zechuan/iraod_artifacts/comparison/rsar/chaff/seed_44/0f98a48/methods/E/ddp2/eval_full_chaff_ids_v1/eval_20260908_071516.json,True,[],"[{""directory"": ""/mnt/shared/zechuan/iraod_artifacts/comparison/rsar/chaff/seed_44/0f98a48/methods/E/ddp2/eval_full_chaff_ids_v1"", ""eval_jsons"": [""/mnt/shared/zechuan/iraod_artifacts/comparison/rsar/chaff/seed_44/0f98a48/methods/E/ddp2/eval_full_chaff_ids_v1/eval_20260908_071516.json""]}]",True
RSAR,chaff,F,42,ema,metadata_collected,0.4494883120059967,/mnt/shared/zechuan/iraod_artifacts/comparison/rsar/chaff/seed_42/f2145b4/methods/F/preflight_ddp2/eval_full_chaff_ids_v1,/mnt/shared/zechuan/iraod_artifacts/comparison/rsar/chaff/seed_42/f2145b4/methods/F/preflight_ddp2/eval_full_chaff_ids_v1/eval_20260907_092239.json,True,[],"[{""directory"": ""/mnt/shared/zechuan/iraod_artifacts/comparison/rsar/chaff/seed_42/f2145b4/methods/F/preflight_ddp2/eval_full_chaff_ids_v1"", ""eval_jsons"": [""/mnt/shared/zechuan/iraod_artifacts/comparison/rsar/chaff/seed_42/f2145b4/methods/F/preflight_ddp2/eval_full_chaff_ids_v1/eval_20260907_092239.json""]}]",True
RSAR,chaff,F,43,ema,metadata_collected,0.44611844420433044,/mnt/shared/zechuan/iraod_artifacts/comparison/rsar/chaff/seed_43/0f98a48/methods/F/ddp2/eval_full_chaff_ids_v1,/mnt/shared/zechuan/iraod_artifacts/comparison/rsar/chaff/seed_43/0f98a48/methods/F/ddp2/eval_full_chaff_ids_v1/eval_20260908_031653.json,True,[],"[{""directory"": ""/mnt/shared/zechuan/iraod_artifacts/comparison/rsar/chaff/seed_43/0f98a48/methods/F/ddp2/eval_full_chaff_ids_v1"", ""eval_jsons"": [""/mnt/shared/zechuan/iraod_artifacts/comparison/rsar/chaff/seed_43/0f98a48/methods/F/ddp2/eval_full_chaff_ids_v1/eval_20260908_031653.json""]}]",True
RSAR,chaff,F,44,ema,metadata_collected,0.44954192638397217,/mnt/shared/zechuan/iraod_artifacts/comparison/rsar/chaff/seed_44/0f98a48/methods/F/ddp2/eval_full_chaff_ids_v1,/mnt/shared/zechuan/iraod_artifacts/comparison/rsar/chaff/seed_44/0f98a48/methods/F/ddp2/eval_full_chaff_ids_v1/eval_20260908_072424.json,True,[],"[{""directory"": ""/mnt/shared/zechuan/iraod_artifacts/comparison/rsar/chaff/seed_44/0f98a48/methods/F/ddp2/eval_full_chaff_ids_v1"", ""eval_jsons"": [""/mnt/shared/zechuan/iraod_artifacts/comparison/rsar/chaff/seed_44/0f98a48/methods/F/ddp2/eval_full_chaff_ids_v1/eval_20260908_072424.json""]}]",True
RSAR,gaussian_white_noise,A,42,source,metadata_collected,0.5281371474266052,/mnt/shared/zechuan/iraod_artifacts/comparison/rsar/gaussian_white_noise/seed_42/0f98a48/methods/A/eval_full_gaussian_white_noise_ids_v1,/mnt/shared/zechuan/iraod_artifacts/comparison/rsar/gaussian_white_noise/seed_42/0f98a48/methods/A/eval_full_gaussian_white_noise_ids_v1/eval_20260907_095727.json,True,[],"[{""directory"": ""/mnt/shared/zechuan/iraod_artifacts/comparison/rsar/gaussian_white_noise/seed_42/0f98a48/methods/A/eval_full_gaussian_white_noise_ids_v1"", ""eval_jsons"": [""/mnt/shared/zechuan/iraod_artifacts/comparison/rsar/gaussian_white_noise/seed_42/0f98a48/methods/A/eval_full_gaussian_white_noise_ids_v1/eval_20260907_095727.json""]}]",True
RSAR,gaussian_white_noise,B,42,ema,metadata_collected,0.5201999545097351,/mnt/shared/zechuan/iraod_artifacts/comparison/rsar/gaussian_white_noise/seed_42/0f98a48/methods/B/eval_full_gaussian_white_noise_ids_v1,/mnt/shared/zechuan/iraod_artifacts/comparison/rsar/gaussian_white_noise/seed_42/0f98a48/methods/B/eval_full_gaussian_white_noise_ids_v1/eval_20260907_103723.json,True,[],"[{""directory"": ""/mnt/shared/zechuan/iraod_artifacts/comparison/rsar/gaussian_white_noise/seed_42/0f98a48/methods/B/eval_full_gaussian_white_noise_ids_v1"", ""eval_jsons"": [""/mnt/shared/zechuan/iraod_artifacts/comparison/rsar/gaussian_white_noise/seed_42/0f98a48/methods/B/eval_full_gaussian_white_noise_ids_v1/eval_20260907_103723.json""]}]",True
RSAR,gaussian_white_noise,B,43,ema,metadata_collected,0.5126695036888123,/mnt/shared/zechuan/iraod_artifacts/comparison/rsar/gaussian_white_noise/seed_43/0f98a48/methods/B/eval_full_gaussian_white_noise_ids_v1,/mnt/shared/zechuan/iraod_artifacts/comparison/rsar/gaussian_white_noise/seed_43/0f98a48/methods/B/eval_full_gaussian_white_noise_ids_v1/eval_20260907_062814.json,True,[],"[{""directory"": ""/mnt/shared/zechuan/iraod_artifacts/comparison/rsar/gaussian_white_noise/seed_43/0f98a48/methods/B/eval_full_gaussian_white_noise_ids_v1"", ""eval_jsons"": [""/mnt/shared/zechuan/iraod_artifacts/comparison/rsar/gaussian_white_noise/seed_43/0f98a48/methods/B/eval_full_gaussian_white_noise_ids_v1/eval_20260907_062814.json""]}]",True
RSAR,gaussian_white_noise,B,44,ema,metadata_collected,0.5286841988563538,/mnt/shared/zechuan/iraod_artifacts/comparison/rsar/gaussian_white_noise/seed_44/0f98a48/methods/B/eval_full_gaussian_white_noise_ids_v1,/mnt/shared/zechuan/iraod_artifacts/comparison/rsar/gaussian_white_noise/seed_44/0f98a48/methods/B/eval_full_gaussian_white_noise_ids_v1/eval_20260907_164503.json,True,[],"[{""directory"": ""/mnt/shared/zechuan/iraod_artifacts/comparison/rsar/gaussian_white_noise/seed_44/0f98a48/methods/B/eval_full_gaussian_white_noise_ids_v1"", ""eval_jsons"": [""/mnt/shared/zechuan/iraod_artifacts/comparison/rsar/gaussian_white_noise/seed_44/0f98a48/methods/B/eval_full_gaussian_white_noise_ids_v1/eval_20260907_164503.json""]}]",True
RSAR,gaussian_white_noise,C,42,ema,metadata_collected,0.5209313631057739,/mnt/shared/zechuan/iraod_artifacts/comparison/rsar/gaussian_white_noise/seed_42/0f98a48/methods/C/eval_full_gaussian_white_noise_ids_v1,/mnt/shared/zechuan/iraod_artifacts/comparison/rsar/gaussian_white_noise/seed_42/0f98a48/methods/C/eval_full_gaussian_white_noise_ids_v1/eval_20260907_105752.json,True,[],"[{""directory"": ""/mnt/shared/zechuan/iraod_artifacts/comparison/rsar/gaussian_white_noise/seed_42/0f98a48/methods/C/eval_full_gaussian_white_noise_ids_v1"", ""eval_jsons"": [""/mnt/shared/zechuan/iraod_artifacts/comparison/rsar/gaussian_white_noise/seed_42/0f98a48/methods/C/eval_full_gaussian_white_noise_ids_v1/eval_20260907_105752.json""]}]",True
RSAR,gaussian_white_noise,C,43,ema,metadata_collected,0.516963005065918,/mnt/shared/zechuan/iraod_artifacts/comparison/rsar/gaussian_white_noise/seed_43/0f98a48/methods/C/eval_full_gaussian_white_noise_ids_v1,/mnt/shared/zechuan/iraod_artifacts/comparison/rsar/gaussian_white_noise/seed_43/0f98a48/methods/C/eval_full_gaussian_white_noise_ids_v1/eval_20260907_074802.json,True,[],"[{""directory"": ""/mnt/shared/zechuan/iraod_artifacts/comparison/rsar/gaussian_white_noise/seed_43/0f98a48/methods/C/eval_full_gaussian_white_noise_ids_v1"", ""eval_jsons"": [""/mnt/shared/zechuan/iraod_artifacts/comparison/rsar/gaussian_white_noise/seed_43/0f98a48/methods/C/eval_full_gaussian_white_noise_ids_v1/eval_20260907_074802.json""]}]",True
RSAR,gaussian_white_noise,C,44,ema,metadata_collected,0.5229178071022034,/mnt/shared/zechuan/iraod_artifacts/comparison/rsar/gaussian_white_noise/seed_44/0f98a48/methods/C/eval_full_gaussian_white_noise_ids_v1,/mnt/shared/zechuan/iraod_artifacts/comparison/rsar/gaussian_white_noise/seed_44/0f98a48/methods/C/eval_full_gaussian_white_noise_ids_v1/eval_20260907_175102.json,True,[],"[{""directory"": ""/mnt/shared/zechuan/iraod_artifacts/comparison/rsar/gaussian_white_noise/seed_44/0f98a48/methods/C/eval_full_gaussian_white_noise_ids_v1"", ""eval_jsons"": [""/mnt/shared/zechuan/iraod_artifacts/comparison/rsar/gaussian_white_noise/seed_44/0f98a48/methods/C/eval_full_gaussian_white_noise_ids_v1/eval_20260907_175102.json""]}]",True
RSAR,gaussian_white_noise,D,42,ema,metadata_collected,0.5107777118682861,/mnt/shared/zechuan/iraod_artifacts/comparison/rsar/gaussian_white_noise/seed_42/0f98a48/methods/D/eval_full_gaussian_white_noise_ids_v1,/mnt/shared/zechuan/iraod_artifacts/comparison/rsar/gaussian_white_noise/seed_42/0f98a48/methods/D/eval_full_gaussian_white_noise_ids_v1/eval_20260907_122510.json,True,[],"[{""directory"": ""/mnt/shared/zechuan/iraod_artifacts/comparison/rsar/gaussian_white_noise/seed_42/0f98a48/methods/D/eval_full_gaussian_white_noise_ids_v1"", ""eval_jsons"": [""/mnt/shared/zechuan/iraod_artifacts/comparison/rsar/gaussian_white_noise/seed_42/0f98a48/methods/D/eval_full_gaussian_white_noise_ids_v1/eval_20260907_122510.json""]}]",True
RSAR,gaussian_white_noise,D,43,ema,metadata_collected,0.510338544845581,/mnt/shared/zechuan/iraod_artifacts/comparison/rsar/gaussian_white_noise/seed_43/0f98a48/methods/D/eval_full_gaussian_white_noise_ids_v1,/mnt/shared/zechuan/iraod_artifacts/comparison/rsar/gaussian_white_noise/seed_43/0f98a48/methods/D/eval_full_gaussian_white_noise_ids_v1/eval_20260907_073715.json,True,[],"[{""directory"": ""/mnt/shared/zechuan/iraod_artifacts/comparison/rsar/gaussian_white_noise/seed_43/0f98a48/methods/D/eval_full_gaussian_white_noise_ids_v1"", ""eval_jsons"": [""/mnt/shared/zechuan/iraod_artifacts/comparison/rsar/gaussian_white_noise/seed_43/0f98a48/methods/D/eval_full_gaussian_white_noise_ids_v1/eval_20260907_073715.json""]}]",True
RSAR,gaussian_white_noise,D,44,ema,metadata_collected,0.517970860004425,/mnt/shared/zechuan/iraod_artifacts/comparison/rsar/gaussian_white_noise/seed_44/0f98a48/methods/D/eval_full_gaussian_white_noise_ids_v1,/mnt/shared/zechuan/iraod_artifacts/comparison/rsar/gaussian_white_noise/seed_44/0f98a48/methods/D/eval_full_gaussian_white_noise_ids_v1/eval_20260907_173834.json,True,[],"[{""directory"": ""/mnt/shared/zechuan/iraod_artifacts/comparison/rsar/gaussian_white_noise/seed_44/0f98a48/methods/D/eval_full_gaussian_white_noise_ids_v1"", ""eval_jsons"": [""/mnt/shared/zechuan/iraod_artifacts/comparison/rsar/gaussian_white_noise/seed_44/0f98a48/methods/D/eval_full_gaussian_white_noise_ids_v1/eval_20260907_173834.json""]}]",True
RSAR,gaussian_white_noise,E,42,ema,metadata_collected,0.522959291934967,/mnt/shared/zechuan/iraod_artifacts/comparison/rsar/gaussian_white_noise/seed_42/0f98a48/methods/E/ddp2/eval_full_gaussian_white_noise_ids_v1,/mnt/shared/zechuan/iraod_artifacts/comparison/rsar/gaussian_white_noise/seed_42/0f98a48/methods/E/ddp2/eval_full_gaussian_white_noise_ids_v1/eval_20260907_123010.json,True,[],"[{""directory"": ""/mnt/shared/zechuan/iraod_artifacts/comparison/rsar/gaussian_white_noise/seed_42/0f98a48/methods/E/ddp2/eval_full_gaussian_white_noise_ids_v1"", ""eval_jsons"": [""/mnt/shared/zechuan/iraod_artifacts/comparison/rsar/gaussian_white_noise/seed_42/0f98a48/methods/E/ddp2/eval_full_gaussian_white_noise_ids_v1/eval_20260907_123010.json""]}]",True
RSAR,gaussian_white_noise,E,43,ema,metadata_collected,0.5152575373649597,/mnt/shared/zechuan/iraod_artifacts/comparison/rsar/gaussian_white_noise/seed_43/0f98a48/methods/E/ddp2/eval_full_gaussian_white_noise_ids_v1,/mnt/shared/zechuan/iraod_artifacts/comparison/rsar/gaussian_white_noise/seed_43/0f98a48/methods/E/ddp2/eval_full_gaussian_white_noise_ids_v1/eval_20260908_035103.json,True,[],"[{""directory"": ""/mnt/shared/zechuan/iraod_artifacts/comparison/rsar/gaussian_white_noise/seed_43/0f98a48/methods/E/ddp2/eval_full_gaussian_white_noise_ids_v1"", ""eval_jsons"": [""/mnt/shared/zechuan/iraod_artifacts/comparison/rsar/gaussian_white_noise/seed_43/0f98a48/methods/E/ddp2/eval_full_gaussian_white_noise_ids_v1/eval_20260908_035103.json""]}]",True
RSAR,gaussian_white_noise,E,44,ema,metadata_collected,0.5202986598014832,/mnt/shared/zechuan/iraod_artifacts/comparison/rsar/gaussian_white_noise/seed_44/0f98a48/methods/E/ddp2/eval_full_gaussian_white_noise_ids_v1,/mnt/shared/zechuan/iraod_artifacts/comparison/rsar/gaussian_white_noise/seed_44/0f98a48/methods/E/ddp2/eval_full_gaussian_white_noise_ids_v1/eval_20260908_075910.json,True,[],"[{""directory"": ""/mnt/shared/zechuan/iraod_artifacts/comparison/rsar/gaussian_white_noise/seed_44/0f98a48/methods/E/ddp2/eval_full_gaussian_white_noise_ids_v1"", ""eval_jsons"": [""/mnt/shared/zechuan/iraod_artifacts/comparison/rsar/gaussian_white_noise/seed_44/0f98a48/methods/E/ddp2/eval_full_gaussian_white_noise_ids_v1/eval_20260908_075910.json""]}]",True
RSAR,gaussian_white_noise,F,42,ema,metadata_collected,0.5211026072502136,/mnt/shared/zechuan/iraod_artifacts/comparison/rsar/gaussian_white_noise/seed_42/0f98a48/methods/F/ddp2/eval_full_gaussian_white_noise_ids_v1,/mnt/shared/zechuan/iraod_artifacts/comparison/rsar/gaussian_white_noise/seed_42/0f98a48/methods/F/ddp2/eval_full_gaussian_white_noise_ids_v1/eval_20260907_124150.json,True,[],"[{""directory"": ""/mnt/shared/zechuan/iraod_artifacts/comparison/rsar/gaussian_white_noise/seed_42/0f98a48/methods/F/ddp2/eval_full_gaussian_white_noise_ids_v1"", ""eval_jsons"": [""/mnt/shared/zechuan/iraod_artifacts/comparison/rsar/gaussian_white_noise/seed_42/0f98a48/methods/F/ddp2/eval_full_gaussian_white_noise_ids_v1/eval_20260907_124150.json""]}]",True
RSAR,gaussian_white_noise,F,43,ema,metadata_collected,0.5144047141075134,/mnt/shared/zechuan/iraod_artifacts/comparison/rsar/gaussian_white_noise/seed_43/0f98a48/methods/F/ddp2/eval_full_gaussian_white_noise_ids_v1,/mnt/shared/zechuan/iraod_artifacts/comparison/rsar/gaussian_white_noise/seed_43/0f98a48/methods/F/ddp2/eval_full_gaussian_white_noise_ids_v1/eval_20260908_075047.json,True,[],"[{""directory"": ""/mnt/shared/zechuan/iraod_artifacts/comparison/rsar/gaussian_white_noise/seed_43/0f98a48/methods/F/ddp2/eval_full_gaussian_white_noise_ids_v1"", ""eval_jsons"": [""/mnt/shared/zechuan/iraod_artifacts/comparison/rsar/gaussian_white_noise/seed_43/0f98a48/methods/F/ddp2/eval_full_gaussian_white_noise_ids_v1/eval_20260908_075047.json""]}]",True
RSAR,gaussian_white_noise,F,44,ema,metadata_collected,0.5164458155632019,/mnt/shared/zechuan/iraod_artifacts/comparison/rsar/gaussian_white_noise/seed_44/0f98a48/methods/F/ddp2/eval_full_gaussian_white_noise_ids_v1,/mnt/shared/zechuan/iraod_artifacts/comparison/rsar/gaussian_white_noise/seed_44/0f98a48/methods/F/ddp2/eval_full_gaussian_white_noise_ids_v1/eval_20260908_080824.json,True,[],"[{""directory"": ""/mnt/shared/zechuan/iraod_artifacts/comparison/rsar/gaussian_white_noise/seed_44/0f98a48/methods/F/ddp2/eval_full_gaussian_white_noise_ids_v1"", ""eval_jsons"": [""/mnt/shared/zechuan/iraod_artifacts/comparison/rsar/gaussian_white_noise/seed_44/0f98a48/methods/F/ddp2/eval_full_gaussian_white_noise_ids_v1/eval_20260908_080824.json""]}]",True
RSAR,point_target,A,42,source,metadata_collected,0.5158401131629944,/mnt/shared/zechuan/iraod_artifacts/comparison/rsar/point_target/seed_42/0f98a48/methods/A/eval_full_point_target_ids_v1,/mnt/shared/zechuan/iraod_artifacts/comparison/rsar/point_target/seed_42/0f98a48/methods/A/eval_full_point_target_ids_v1/eval_20260907_124656.json,True,[],"[{""directory"": ""/mnt/shared/zechuan/iraod_artifacts/comparison/rsar/point_target/seed_42/0f98a48/methods/A/eval_full_point_target_ids_v1"", ""eval_jsons"": [""/mnt/shared/zechuan/iraod_artifacts/comparison/rsar/point_target/seed_42/0f98a48/methods/A/eval_full_point_target_ids_v1/eval_20260907_124656.json""]}]",True
RSAR,point_target,B,42,ema,metadata_collected,0.4961048364639282,/mnt/shared/zechuan/iraod_artifacts/comparison/rsar/point_target/seed_42/0f98a48/methods/B/eval_full_point_target_ids_v1,/mnt/shared/zechuan/iraod_artifacts/comparison/rsar/point_target/seed_42/0f98a48/methods/B/eval_full_point_target_ids_v1/eval_20260907_125155.json,True,[],"[{""directory"": ""/mnt/shared/zechuan/iraod_artifacts/comparison/rsar/point_target/seed_42/0f98a48/methods/B/eval_full_point_target_ids_v1"", ""eval_jsons"": [""/mnt/shared/zechuan/iraod_artifacts/comparison/rsar/point_target/seed_42/0f98a48/methods/B/eval_full_point_target_ids_v1/eval_20260907_125155.json""]}]",True
RSAR,point_target,B,43,ema,metadata_collected,0.49595117568969727,/mnt/shared/zechuan/iraod_artifacts/comparison/rsar/point_target/seed_43/0f98a48/methods/B/eval_full_point_target_ids_v1,/mnt/shared/zechuan/iraod_artifacts/comparison/rsar/point_target/seed_43/0f98a48/methods/B/eval_full_point_target_ids_v1/eval_20260907_052223.json,True,[],"[{""directory"": ""/mnt/shared/zechuan/iraod_artifacts/comparison/rsar/point_target/seed_43/0f98a48/methods/B/eval_full_point_target_ids_v1"", ""eval_jsons"": [""/mnt/shared/zechuan/iraod_artifacts/comparison/rsar/point_target/seed_43/0f98a48/methods/B/eval_full_point_target_ids_v1/eval_20260907_052223.json""]}]",True
RSAR,point_target,B,44,ema,metadata_collected,0.5051128268241882,/mnt/shared/zechuan/iraod_artifacts/comparison/rsar/point_target/seed_44/0f98a48/methods/B/eval_full_point_target_ids_v1,/mnt/shared/zechuan/iraod_artifacts/comparison/rsar/point_target/seed_44/0f98a48/methods/B/eval_full_point_target_ids_v1/eval_20260907_143522.json,True,[],"[{""directory"": ""/mnt/shared/zechuan/iraod_artifacts/comparison/rsar/point_target/seed_44/0f98a48/methods/B/eval_full_point_target_ids_v1"", ""eval_jsons"": [""/mnt/shared/zechuan/iraod_artifacts/comparison/rsar/point_target/seed_44/0f98a48/methods/B/eval_full_point_target_ids_v1/eval_20260907_143522.json""]}]",True
RSAR,point_target,C,42,ema,metadata_collected,0.5113670825958252,/mnt/shared/zechuan/iraod_artifacts/comparison/rsar/point_target/seed_42/0f98a48/methods/C/eval_full_point_target_ids_v1,/mnt/shared/zechuan/iraod_artifacts/comparison/rsar/point_target/seed_42/0f98a48/methods/C/eval_full_point_target_ids_v1/eval_20260907_130506.json,True,[],"[{""directory"": ""/mnt/shared/zechuan/iraod_artifacts/comparison/rsar/point_target/seed_42/0f98a48/methods/C/eval_full_point_target_ids_v1"", ""eval_jsons"": [""/mnt/shared/zechuan/iraod_artifacts/comparison/rsar/point_target/seed_42/0f98a48/methods/C/eval_full_point_target_ids_v1/eval_20260907_130506.json""]}]",True
RSAR,point_target,C,43,ema,metadata_collected,0.49306178092956543,/mnt/shared/zechuan/iraod_artifacts/comparison/rsar/point_target/seed_43/0f98a48/methods/C/eval_full_point_target_ids_v1,/mnt/shared/zechuan/iraod_artifacts/comparison/rsar/point_target/seed_43/0f98a48/methods/C/eval_full_point_target_ids_v1/eval_20260907_052224.json,True,[],"[{""directory"": ""/mnt/shared/zechuan/iraod_artifacts/comparison/rsar/point_target/seed_43/0f98a48/methods/C/eval_full_point_target_ids_v1"", ""eval_jsons"": [""/mnt/shared/zechuan/iraod_artifacts/comparison/rsar/point_target/seed_43/0f98a48/methods/C/eval_full_point_target_ids_v1/eval_20260907_052224.json""]}]",True
RSAR,point_target,C,44,ema,metadata_collected,0.5180754065513611,/mnt/shared/zechuan/iraod_artifacts/comparison/rsar/point_target/seed_44/0f98a48/methods/C/eval_full_point_target_ids_v1,/mnt/shared/zechuan/iraod_artifacts/comparison/rsar/point_target/seed_44/0f98a48/methods/C/eval_full_point_target_ids_v1/eval_20260907_143014.json,True,[],"[{""directory"": ""/mnt/shared/zechuan/iraod_artifacts/comparison/rsar/point_target/seed_44/0f98a48/methods/C/eval_full_point_target_ids_v1"", ""eval_jsons"": [""/mnt/shared/zechuan/iraod_artifacts/comparison/rsar/point_target/seed_44/0f98a48/methods/C/eval_full_point_target_ids_v1/eval_20260907_143014.json""]}]",True
RSAR,point_target,D,42,ema,metadata_collected,0.49968791007995605,/mnt/shared/zechuan/iraod_artifacts/comparison/rsar/point_target/seed_42/0f98a48/methods/D/eval_full_point_target_ids_v1,/mnt/shared/zechuan/iraod_artifacts/comparison/rsar/point_target/seed_42/0f98a48/methods/D/eval_full_point_target_ids_v1/eval_20260907_132713.json,True,[],"[{""directory"": ""/mnt/shared/zechuan/iraod_artifacts/comparison/rsar/point_target/seed_42/0f98a48/methods/D/eval_full_point_target_ids_v1"", ""eval_jsons"": [""/mnt/shared/zechuan/iraod_artifacts/comparison/rsar/point_target/seed_42/0f98a48/methods/D/eval_full_point_target_ids_v1/eval_20260907_132713.json""]}]",True
RSAR,point_target,D,43,ema,metadata_collected,0.49796390533447266,/mnt/shared/zechuan/iraod_artifacts/comparison/rsar/point_target/seed_43/0f98a48/methods/D/eval_full_point_target_ids_v1,/mnt/shared/zechuan/iraod_artifacts/comparison/rsar/point_target/seed_43/0f98a48/methods/D/eval_full_point_target_ids_v1/eval_20260907_055942.json,True,[],"[{""directory"": ""/mnt/shared/zechuan/iraod_artifacts/comparison/rsar/point_target/seed_43/0f98a48/methods/D/eval_full_point_target_ids_v1"", ""eval_jsons"": [""/mnt/shared/zechuan/iraod_artifacts/comparison/rsar/point_target/seed_43/0f98a48/methods/D/eval_full_point_target_ids_v1/eval_20260907_055942.json""]}]",True
RSAR,point_target,D,44,ema,metadata_collected,0.5036528706550598,/mnt/shared/zechuan/iraod_artifacts/comparison/rsar/point_target/seed_44/0f98a48/methods/D/eval_full_point_target_ids_v1,/mnt/shared/zechuan/iraod_artifacts/comparison/rsar/point_target/seed_44/0f98a48/methods/D/eval_full_point_target_ids_v1/eval_20260907_152659.json,True,[],"[{""directory"": ""/mnt/shared/zechuan/iraod_artifacts/comparison/rsar/point_target/seed_44/0f98a48/methods/D/eval_full_point_target_ids_v1"", ""eval_jsons"": [""/mnt/shared/zechuan/iraod_artifacts/comparison/rsar/point_target/seed_44/0f98a48/methods/D/eval_full_point_target_ids_v1/eval_20260907_152659.json""]}]",True
RSAR,point_target,E,42,ema,metadata_collected,0.5110751390457153,/mnt/shared/zechuan/iraod_artifacts/comparison/rsar/point_target/seed_42/0f98a48/methods/E/ddp2/eval_full_point_target_ids_v1,/mnt/shared/zechuan/iraod_artifacts/comparison/rsar/point_target/seed_42/0f98a48/methods/E/ddp2/eval_full_point_target_ids_v1/eval_20260907_133705.json,True,[],"[{""directory"": ""/mnt/shared/zechuan/iraod_artifacts/comparison/rsar/point_target/seed_42/0f98a48/methods/E/ddp2/eval_full_point_target_ids_v1"", ""eval_jsons"": [""/mnt/shared/zechuan/iraod_artifacts/comparison/rsar/point_target/seed_42/0f98a48/methods/E/ddp2/eval_full_point_target_ids_v1/eval_20260907_133705.json""]}]",True
RSAR,point_target,E,43,ema,metadata_collected,0.5047728419303894,/mnt/shared/zechuan/iraod_artifacts/comparison/rsar/point_target/seed_43/0f98a48/methods/E/ddp2/eval_full_point_target_ids_v1,/mnt/shared/zechuan/iraod_artifacts/comparison/rsar/point_target/seed_43/0f98a48/methods/E/ddp2/eval_full_point_target_ids_v1/eval_20260908_032148.json,True,[],"[{""directory"": ""/mnt/shared/zechuan/iraod_artifacts/comparison/rsar/point_target/seed_43/0f98a48/methods/E/ddp2/eval_full_point_target_ids_v1"", ""eval_jsons"": [""/mnt/shared/zechuan/iraod_artifacts/comparison/rsar/point_target/seed_43/0f98a48/methods/E/ddp2/eval_full_point_target_ids_v1/eval_20260908_032148.json""]}]",True
RSAR,point_target,E,44,ema,metadata_collected,0.5037733912467957,/mnt/shared/zechuan/iraod_artifacts/comparison/rsar/point_target/seed_44/0f98a48/methods/E/ddp2/eval_full_point_target_ids_v1,/mnt/shared/zechuan/iraod_artifacts/comparison/rsar/point_target/seed_44/0f98a48/methods/E/ddp2/eval_full_point_target_ids_v1/eval_20260908_083407.json,True,[],"[{""directory"": ""/mnt/shared/zechuan/iraod_artifacts/comparison/rsar/point_target/seed_44/0f98a48/methods/E/ddp2/eval_full_point_target_ids_v1"", ""eval_jsons"": [""/mnt/shared/zechuan/iraod_artifacts/comparison/rsar/point_target/seed_44/0f98a48/methods/E/ddp2/eval_full_point_target_ids_v1/eval_20260908_083407.json""]}]",True
RSAR,point_target,F,42,ema,metadata_collected,0.507943332195282,/mnt/shared/zechuan/iraod_artifacts/comparison/rsar/point_target/seed_42/0f98a48/methods/F/ddp2/eval_full_point_target_ids_v1,/mnt/shared/zechuan/iraod_artifacts/comparison/rsar/point_target/seed_42/0f98a48/methods/F/ddp2/eval_full_point_target_ids_v1/eval_20260907_134206.json,True,[],"[{""directory"": ""/mnt/shared/zechuan/iraod_artifacts/comparison/rsar/point_target/seed_42/0f98a48/methods/F/ddp2/eval_full_point_target_ids_v1"", ""eval_jsons"": [""/mnt/shared/zechuan/iraod_artifacts/comparison/rsar/point_target/seed_42/0f98a48/methods/F/ddp2/eval_full_point_target_ids_v1/eval_20260907_134206.json""]}]",True
RSAR,point_target,F,43,ema,metadata_collected,0.5008768439292908,/mnt/shared/zechuan/iraod_artifacts/comparison/rsar/point_target/seed_43/0f98a48/methods/F/ddp2/eval_full_point_target_ids_v1,/mnt/shared/zechuan/iraod_artifacts/comparison/rsar/point_target/seed_43/0f98a48/methods/F/ddp2/eval_full_point_target_ids_v1/eval_20260908_032639.json,True,[],"[{""directory"": ""/mnt/shared/zechuan/iraod_artifacts/comparison/rsar/point_target/seed_43/0f98a48/methods/F/ddp2/eval_full_point_target_ids_v1"", ""eval_jsons"": [""/mnt/shared/zechuan/iraod_artifacts/comparison/rsar/point_target/seed_43/0f98a48/methods/F/ddp2/eval_full_point_target_ids_v1/eval_20260908_032639.json""]}]",True
RSAR,point_target,F,44,ema,metadata_collected,0.5054128766059875,/mnt/shared/zechuan/iraod_artifacts/comparison/rsar/point_target/seed_44/0f98a48/methods/F/ddp2/eval_full_point_target_ids_v1,/mnt/shared/zechuan/iraod_artifacts/comparison/rsar/point_target/seed_44/0f98a48/methods/F/ddp2/eval_full_point_target_ids_v1/eval_20260908_084425.json,True,[],"[{""directory"": ""/mnt/shared/zechuan/iraod_artifacts/comparison/rsar/point_target/seed_44/0f98a48/methods/F/ddp2/eval_full_point_target_ids_v1"", ""eval_jsons"": [""/mnt/shared/zechuan/iraod_artifacts/comparison/rsar/point_target/seed_44/0f98a48/methods/F/ddp2/eval_full_point_target_ids_v1/eval_20260908_084425.json""]}]",True
RSAR,noise_suppression,A,42,source,metadata_collected,0.16340675950050354,/mnt/shared/zechuan/iraod_artifacts/comparison/rsar/noise_suppression/seed_42/0f98a48/methods/A/eval_full_noise_suppression_ids_v1,/mnt/shared/zechuan/iraod_artifacts/comparison/rsar/noise_suppression/seed_42/0f98a48/methods/A/eval_full_noise_suppression_ids_v1/eval_20260907_142227.json,True,[],"[{""directory"": ""/mnt/shared/zechuan/iraod_artifacts/comparison/rsar/noise_suppression/seed_42/0f98a48/methods/A/eval_full_noise_suppression_ids_v1"", ""eval_jsons"": [""/mnt/shared/zechuan/iraod_artifacts/comparison/rsar/noise_suppression/seed_42/0f98a48/methods/A/eval_full_noise_suppression_ids_v1/eval_20260907_142227.json""]}]",True
RSAR,noise_suppression,B,42,ema,metadata_collected,0.18080399930477142,/mnt/shared/zechuan/iraod_artifacts/comparison/rsar/noise_suppression/seed_42/0f98a48/methods/B/eval_full_noise_suppression_ids_v1,/mnt/shared/zechuan/iraod_artifacts/comparison/rsar/noise_suppression/seed_42/0f98a48/methods/B/eval_full_noise_suppression_ids_v1/eval_20260907_142733.json,True,[],"[{""directory"": ""/mnt/shared/zechuan/iraod_artifacts/comparison/rsar/noise_suppression/seed_42/0f98a48/methods/B/eval_full_noise_suppression_ids_v1"", ""eval_jsons"": [""/mnt/shared/zechuan/iraod_artifacts/comparison/rsar/noise_suppression/seed_42/0f98a48/methods/B/eval_full_noise_suppression_ids_v1/eval_20260907_142733.json""]}]",True
RSAR,noise_suppression,B,43,ema,metadata_collected,0.17794696986675262,/mnt/shared/zechuan/iraod_artifacts/comparison/rsar/noise_suppression/seed_43/0f98a48/methods/B/eval_full_noise_suppression_ids_v1,/mnt/shared/zechuan/iraod_artifacts/comparison/rsar/noise_suppression/seed_43/0f98a48/methods/B/eval_full_noise_suppression_ids_v1/eval_20260907_060150.json,True,[],"[{""directory"": ""/mnt/shared/zechuan/iraod_artifacts/comparison/rsar/noise_suppression/seed_43/0f98a48/methods/B/eval_full_noise_suppression_ids_v1"", ""eval_jsons"": [""/mnt/shared/zechuan/iraod_artifacts/comparison/rsar/noise_suppression/seed_43/0f98a48/methods/B/eval_full_noise_suppression_ids_v1/eval_20260907_060150.json""]}]",True
RSAR,noise_suppression,B,44,ema,metadata_collected,0.1695689707994461,/mnt/shared/zechuan/iraod_artifacts/comparison/rsar/noise_suppression/seed_44/0f98a48/methods/B/eval_full_noise_suppression_ids_v1,/mnt/shared/zechuan/iraod_artifacts/comparison/rsar/noise_suppression/seed_44/0f98a48/methods/B/eval_full_noise_suppression_ids_v1/eval_20260907_155549.json,True,[],"[{""directory"": ""/mnt/shared/zechuan/iraod_artifacts/comparison/rsar/noise_suppression/seed_44/0f98a48/methods/B/eval_full_noise_suppression_ids_v1"", ""eval_jsons"": [""/mnt/shared/zechuan/iraod_artifacts/comparison/rsar/noise_suppression/seed_44/0f98a48/methods/B/eval_full_noise_suppression_ids_v1/eval_20260907_155549.json""]}]",True
RSAR,noise_suppression,C,42,ema,metadata_collected,0.18609456717967987,/mnt/shared/zechuan/iraod_artifacts/comparison/rsar/noise_suppression/seed_42/0f98a48/methods/C/eval_full_noise_suppression_ids_v1,/mnt/shared/zechuan/iraod_artifacts/comparison/rsar/noise_suppression/seed_42/0f98a48/methods/C/eval_full_noise_suppression_ids_v1/eval_20260907_144642.json,True,[],"[{""directory"": ""/mnt/shared/zechuan/iraod_artifacts/comparison/rsar/noise_suppression/seed_42/0f98a48/methods/C/eval_full_noise_suppression_ids_v1"", ""eval_jsons"": [""/mnt/shared/zechuan/iraod_artifacts/comparison/rsar/noise_suppression/seed_42/0f98a48/methods/C/eval_full_noise_suppression_ids_v1/eval_20260907_144642.json""]}]",True
RSAR,noise_suppression,C,43,ema,metadata_collected,0.1822221726179123,/mnt/shared/zechuan/iraod_artifacts/comparison/rsar/noise_suppression/seed_43/0f98a48/methods/C/eval_full_noise_suppression_ids_v1,/mnt/shared/zechuan/iraod_artifacts/comparison/rsar/noise_suppression/seed_43/0f98a48/methods/C/eval_full_noise_suppression_ids_v1/eval_20260907_055941.json,True,[],"[{""directory"": ""/mnt/shared/zechuan/iraod_artifacts/comparison/rsar/noise_suppression/seed_43/0f98a48/methods/C/eval_full_noise_suppression_ids_v1"", ""eval_jsons"": [""/mnt/shared/zechuan/iraod_artifacts/comparison/rsar/noise_suppression/seed_43/0f98a48/methods/C/eval_full_noise_suppression_ids_v1/eval_20260907_055941.json""]}]",True
RSAR,noise_suppression,C,44,ema,metadata_collected,0.18134844303131104,/mnt/shared/zechuan/iraod_artifacts/comparison/rsar/noise_suppression/seed_44/0f98a48/methods/C/eval_full_noise_suppression_ids_v1,/mnt/shared/zechuan/iraod_artifacts/comparison/rsar/noise_suppression/seed_44/0f98a48/methods/C/eval_full_noise_suppression_ids_v1/eval_20260907_152232.json,True,[],"[{""directory"": ""/mnt/shared/zechuan/iraod_artifacts/comparison/rsar/noise_suppression/seed_44/0f98a48/methods/C/eval_full_noise_suppression_ids_v1"", ""eval_jsons"": [""/mnt/shared/zechuan/iraod_artifacts/comparison/rsar/noise_suppression/seed_44/0f98a48/methods/C/eval_full_noise_suppression_ids_v1/eval_20260907_152232.json""]}]",True
RSAR,noise_suppression,D,42,ema,metadata_collected,0.16512688994407654,/mnt/shared/zechuan/iraod_artifacts/comparison/rsar/noise_suppression/seed_42/0f98a48/methods/D/eval_full_noise_suppression_ids_v1,/mnt/shared/zechuan/iraod_artifacts/comparison/rsar/noise_suppression/seed_42/0f98a48/methods/D/eval_full_noise_suppression_ids_v1/eval_20260907_151146.json,True,[],"[{""directory"": ""/mnt/shared/zechuan/iraod_artifacts/comparison/rsar/noise_suppression/seed_42/0f98a48/methods/D/eval_full_noise_suppression_ids_v1"", ""eval_jsons"": [""/mnt/shared/zechuan/iraod_artifacts/comparison/rsar/noise_suppression/seed_42/0f98a48/methods/D/eval_full_noise_suppression_ids_v1/eval_20260907_151146.json""]}]",True
RSAR,noise_suppression,D,43,ema,metadata_collected,0.17278523743152618,/mnt/shared/zechuan/iraod_artifacts/comparison/rsar/noise_suppression/seed_43/0f98a48/methods/D/eval_full_noise_suppression_ids_v1,/mnt/shared/zechuan/iraod_artifacts/comparison/rsar/noise_suppression/seed_43/0f98a48/methods/D/eval_full_noise_suppression_ids_v1/eval_20260907_060126.json,True,[],"[{""directory"": ""/mnt/shared/zechuan/iraod_artifacts/comparison/rsar/noise_suppression/seed_43/0f98a48/methods/D/eval_full_noise_suppression_ids_v1"", ""eval_jsons"": [""/mnt/shared/zechuan/iraod_artifacts/comparison/rsar/noise_suppression/seed_43/0f98a48/methods/D/eval_full_noise_suppression_ids_v1/eval_20260907_060126.json""]}]",True
RSAR,noise_suppression,D,44,ema,metadata_collected,0.17922423779964447,/mnt/shared/zechuan/iraod_artifacts/comparison/rsar/noise_suppression/seed_44/0f98a48/methods/D/eval_full_noise_suppression_ids_v1,/mnt/shared/zechuan/iraod_artifacts/comparison/rsar/noise_suppression/seed_44/0f98a48/methods/D/eval_full_noise_suppression_ids_v1/eval_20260907_153809.json,True,[],"[{""directory"": ""/mnt/shared/zechuan/iraod_artifacts/comparison/rsar/noise_suppression/seed_44/0f98a48/methods/D/eval_full_noise_suppression_ids_v1"", ""eval_jsons"": [""/mnt/shared/zechuan/iraod_artifacts/comparison/rsar/noise_suppression/seed_44/0f98a48/methods/D/eval_full_noise_suppression_ids_v1/eval_20260907_153809.json""]}]",True
RSAR,noise_suppression,E,42,ema,metadata_collected,0.18186284601688385,/mnt/shared/zechuan/iraod_artifacts/comparison/rsar/noise_suppression/seed_42/0f98a48/methods/E/ddp2/eval_full_noise_suppression_ids_v1,/mnt/shared/zechuan/iraod_artifacts/comparison/rsar/noise_suppression/seed_42/0f98a48/methods/E/ddp2/eval_full_noise_suppression_ids_v1/eval_20260907_151655.json,True,[],"[{""directory"": ""/mnt/shared/zechuan/iraod_artifacts/comparison/rsar/noise_suppression/seed_42/0f98a48/methods/E/ddp2/eval_full_noise_suppression_ids_v1"", ""eval_jsons"": [""/mnt/shared/zechuan/iraod_artifacts/comparison/rsar/noise_suppression/seed_42/0f98a48/methods/E/ddp2/eval_full_noise_suppression_ids_v1/eval_20260907_151655.json""]}]",True
RSAR,noise_suppression,E,43,ema,metadata_collected,0.18094217777252197,/mnt/shared/zechuan/iraod_artifacts/comparison/rsar/noise_suppression/seed_43/0f98a48/methods/E/ddp2/eval_full_noise_suppression_ids_v1,/mnt/shared/zechuan/iraod_artifacts/comparison/rsar/noise_suppression/seed_43/0f98a48/methods/E/ddp2/eval_full_noise_suppression_ids_v1/eval_20260908_033132.json,True,[],"[{""directory"": ""/mnt/shared/zechuan/iraod_artifacts/comparison/rsar/noise_suppression/seed_43/0f98a48/methods/E/ddp2/eval_full_noise_suppression_ids_v1"", ""eval_jsons"": [""/mnt/shared/zechuan/iraod_artifacts/comparison/rsar/noise_suppression/seed_43/0f98a48/methods/E/ddp2/eval_full_noise_suppression_ids_v1/eval_20260908_033132.json""]}]",True
RSAR,noise_suppression,E,44,ema,metadata_collected,0.16871023178100586,/mnt/shared/zechuan/iraod_artifacts/comparison/rsar/noise_suppression/seed_44/0f98a48/methods/E/ddp2/eval_full_noise_suppression_ids_v1,/mnt/shared/zechuan/iraod_artifacts/comparison/rsar/noise_suppression/seed_44/0f98a48/methods/E/ddp2/eval_full_noise_suppression_ids_v1/eval_20260908_081622.json,True,[],"[{""directory"": ""/mnt/shared/zechuan/iraod_artifacts/comparison/rsar/noise_suppression/seed_44/0f98a48/methods/E/ddp2/eval_full_noise_suppression_ids_v1"", ""eval_jsons"": [""/mnt/shared/zechuan/iraod_artifacts/comparison/rsar/noise_suppression/seed_44/0f98a48/methods/E/ddp2/eval_full_noise_suppression_ids_v1/eval_20260908_081622.json""]}]",True
RSAR,noise_suppression,F,42,ema,metadata_collected,0.14126035571098328,/mnt/shared/zechuan/iraod_artifacts/comparison/rsar/noise_suppression/seed_42/0f98a48/methods/F/ddp2/eval_full_noise_suppression_ids_v1,/mnt/shared/zechuan/iraod_artifacts/comparison/rsar/noise_suppression/seed_42/0f98a48/methods/F/ddp2/eval_full_noise_suppression_ids_v1/eval_20260907_152203.json,True,[],"[{""directory"": ""/mnt/shared/zechuan/iraod_artifacts/comparison/rsar/noise_suppression/seed_42/0f98a48/methods/F/ddp2/eval_full_noise_suppression_ids_v1"", ""eval_jsons"": [""/mnt/shared/zechuan/iraod_artifacts/comparison/rsar/noise_suppression/seed_42/0f98a48/methods/F/ddp2/eval_full_noise_suppression_ids_v1/eval_20260907_152203.json""]}]",True
RSAR,noise_suppression,F,43,ema,metadata_collected,0.16246965527534485,/mnt/shared/zechuan/iraod_artifacts/comparison/rsar/noise_suppression/seed_43/0f98a48/methods/F/ddp2/eval_full_noise_suppression_ids_v1,/mnt/shared/zechuan/iraod_artifacts/comparison/rsar/noise_suppression/seed_43/0f98a48/methods/F/ddp2/eval_full_noise_suppression_ids_v1/eval_20260908_033627.json,True,[],"[{""directory"": ""/mnt/shared/zechuan/iraod_artifacts/comparison/rsar/noise_suppression/seed_43/0f98a48/methods/F/ddp2/eval_full_noise_suppression_ids_v1"", ""eval_jsons"": [""/mnt/shared/zechuan/iraod_artifacts/comparison/rsar/noise_suppression/seed_43/0f98a48/methods/F/ddp2/eval_full_noise_suppression_ids_v1/eval_20260908_033627.json""]}]",True
RSAR,noise_suppression,F,44,ema,metadata_collected,0.15590102970600128,/mnt/shared/zechuan/iraod_artifacts/comparison/rsar/noise_suppression/seed_44/0f98a48/methods/F/ddp2/eval_full_noise_suppression_ids_v1,/mnt/shared/zechuan/iraod_artifacts/comparison/rsar/noise_suppression/seed_44/0f98a48/methods/F/ddp2/eval_full_noise_suppression_ids_v1/eval_20260908_082514.json,True,[],"[{""directory"": ""/mnt/shared/zechuan/iraod_artifacts/comparison/rsar/noise_suppression/seed_44/0f98a48/methods/F/ddp2/eval_full_noise_suppression_ids_v1"", ""eval_jsons"": [""/mnt/shared/zechuan/iraod_artifacts/comparison/rsar/noise_suppression/seed_44/0f98a48/methods/F/ddp2/eval_full_noise_suppression_ids_v1/eval_20260908_082514.json""]}]",True
RSAR,am_noise_horizontal,A,42,source,metadata_collected,0.2062060832977295,/mnt/shared/zechuan/iraod_artifacts/comparison/rsar/am_noise_horizontal/seed_42/0f98a48/methods/A/eval_full_am_noise_horizontal_ids_v1,/mnt/shared/zechuan/iraod_artifacts/comparison/rsar/am_noise_horizontal/seed_42/0f98a48/methods/A/eval_full_am_noise_horizontal_ids_v1/eval_20260907_153151.json,True,[],"[{""directory"": ""/mnt/shared/zechuan/iraod_artifacts/comparison/rsar/am_noise_horizontal/seed_42/0f98a48/methods/A/eval_full_am_noise_horizontal_ids_v1"", ""eval_jsons"": [""/mnt/shared/zechuan/iraod_artifacts/comparison/rsar/am_noise_horizontal/seed_42/0f98a48/methods/A/eval_full_am_noise_horizontal_ids_v1/eval_20260907_153151.json""]}]",True
RSAR,am_noise_horizontal,B,42,ema,metadata_collected,0.22746574878692627,/mnt/shared/zechuan/iraod_artifacts/comparison/rsar/am_noise_horizontal/seed_42/0f98a48/methods/B/eval_full_am_noise_horizontal_ids_v1,/mnt/shared/zechuan/iraod_artifacts/comparison/rsar/am_noise_horizontal/seed_42/0f98a48/methods/B/eval_full_am_noise_horizontal_ids_v1/eval_20260907_153655.json,True,[],"[{""directory"": ""/mnt/shared/zechuan/iraod_artifacts/comparison/rsar/am_noise_horizontal/seed_42/0f98a48/methods/B/eval_full_am_noise_horizontal_ids_v1"", ""eval_jsons"": [""/mnt/shared/zechuan/iraod_artifacts/comparison/rsar/am_noise_horizontal/seed_42/0f98a48/methods/B/eval_full_am_noise_horizontal_ids_v1/eval_20260907_153655.json""]}]",True
RSAR,am_noise_horizontal,B,43,ema,metadata_collected,0.22271044552326202,/mnt/shared/zechuan/iraod_artifacts/comparison/rsar/am_noise_horizontal/seed_43/0f98a48/methods/B/eval_full_am_noise_horizontal_ids_v1,/mnt/shared/zechuan/iraod_artifacts/comparison/rsar/am_noise_horizontal/seed_43/0f98a48/methods/B/eval_full_am_noise_horizontal_ids_v1/eval_20260907_073448.json,True,[],"[{""directory"": ""/mnt/shared/zechuan/iraod_artifacts/comparison/rsar/am_noise_horizontal/seed_43/0f98a48/methods/B/eval_full_am_noise_horizontal_ids_v1"", ""eval_jsons"": [""/mnt/shared/zechuan/iraod_artifacts/comparison/rsar/am_noise_horizontal/seed_43/0f98a48/methods/B/eval_full_am_noise_horizontal_ids_v1/eval_20260907_073448.json""]}]",True
RSAR,am_noise_horizontal,B,44,ema,metadata_collected,0.22433392703533173,/mnt/shared/zechuan/iraod_artifacts/comparison/rsar/am_noise_horizontal/seed_44/0f98a48/methods/B/eval_full_am_noise_horizontal_ids_v1,/mnt/shared/zechuan/iraod_artifacts/comparison/rsar/am_noise_horizontal/seed_44/0f98a48/methods/B/eval_full_am_noise_horizontal_ids_v1/eval_20260907_175606.json,True,[],"[{""directory"": ""/mnt/shared/zechuan/iraod_artifacts/comparison/rsar/am_noise_horizontal/seed_44/0f98a48/methods/B/eval_full_am_noise_horizontal_ids_v1"", ""eval_jsons"": [""/mnt/shared/zechuan/iraod_artifacts/comparison/rsar/am_noise_horizontal/seed_44/0f98a48/methods/B/eval_full_am_noise_horizontal_ids_v1/eval_20260907_175606.json""]}]",True
RSAR,am_noise_horizontal,C,42,ema,metadata_collected,0.22914911806583405,/mnt/shared/zechuan/iraod_artifacts/comparison/rsar/am_noise_horizontal/seed_42/0f98a48/methods/C/eval_full_am_noise_horizontal_ids_v1,/mnt/shared/zechuan/iraod_artifacts/comparison/rsar/am_noise_horizontal/seed_42/0f98a48/methods/C/eval_full_am_noise_horizontal_ids_v1/eval_20260907_154147.json,True,[],"[{""directory"": ""/mnt/shared/zechuan/iraod_artifacts/comparison/rsar/am_noise_horizontal/seed_42/0f98a48/methods/C/eval_full_am_noise_horizontal_ids_v1"", ""eval_jsons"": [""/mnt/shared/zechuan/iraod_artifacts/comparison/rsar/am_noise_horizontal/seed_42/0f98a48/methods/C/eval_full_am_noise_horizontal_ids_v1/eval_20260907_154147.json""]}]",True
RSAR,am_noise_horizontal,C,43,ema,metadata_collected,0.2082323282957077,/mnt/shared/zechuan/iraod_artifacts/comparison/rsar/am_noise_horizontal/seed_43/0f98a48/methods/C/eval_full_am_noise_horizontal_ids_v1,/mnt/shared/zechuan/iraod_artifacts/comparison/rsar/am_noise_horizontal/seed_43/0f98a48/methods/C/eval_full_am_noise_horizontal_ids_v1/eval_20260907_073244.json,True,[],"[{""directory"": ""/mnt/shared/zechuan/iraod_artifacts/comparison/rsar/am_noise_horizontal/seed_43/0f98a48/methods/C/eval_full_am_noise_horizontal_ids_v1"", ""eval_jsons"": [""/mnt/shared/zechuan/iraod_artifacts/comparison/rsar/am_noise_horizontal/seed_43/0f98a48/methods/C/eval_full_am_noise_horizontal_ids_v1/eval_20260907_073244.json""]}]",True
RSAR,am_noise_horizontal,C,44,ema,metadata_collected,0.21099038422107697,/mnt/shared/zechuan/iraod_artifacts/comparison/rsar/am_noise_horizontal/seed_44/0f98a48/methods/C/eval_full_am_noise_horizontal_ids_v1,/mnt/shared/zechuan/iraod_artifacts/comparison/rsar/am_noise_horizontal/seed_44/0f98a48/methods/C/eval_full_am_noise_horizontal_ids_v1/eval_20260907_184949.json,True,[],"[{""directory"": ""/mnt/shared/zechuan/iraod_artifacts/comparison/rsar/am_noise_horizontal/seed_44/0f98a48/methods/C/eval_full_am_noise_horizontal_ids_v1"", ""eval_jsons"": [""/mnt/shared/zechuan/iraod_artifacts/comparison/rsar/am_noise_horizontal/seed_44/0f98a48/methods/C/eval_full_am_noise_horizontal_ids_v1/eval_20260907_184949.json""]}]",True
RSAR,am_noise_horizontal,D,42,ema,metadata_collected,0.18934942781925201,/mnt/shared/zechuan/iraod_artifacts/comparison/rsar/am_noise_horizontal/seed_42/0f98a48/methods/D/eval_full_am_noise_horizontal_ids_v1,/mnt/shared/zechuan/iraod_artifacts/comparison/rsar/am_noise_horizontal/seed_42/0f98a48/methods/D/eval_full_am_noise_horizontal_ids_v1/eval_20260907_154643.json,True,[],"[{""directory"": ""/mnt/shared/zechuan/iraod_artifacts/comparison/rsar/am_noise_horizontal/seed_42/0f98a48/methods/D/eval_full_am_noise_horizontal_ids_v1"", ""eval_jsons"": [""/mnt/shared/zechuan/iraod_artifacts/comparison/rsar/am_noise_horizontal/seed_42/0f98a48/methods/D/eval_full_am_noise_horizontal_ids_v1/eval_20260907_154643.json""]}]",True
RSAR,am_noise_horizontal,D,43,ema,metadata_collected,0.15449553728103638,/mnt/shared/zechuan/iraod_artifacts/comparison/rsar/am_noise_horizontal/seed_43/0f98a48/methods/D/eval_full_am_noise_horizontal_ids_v1,/mnt/shared/zechuan/iraod_artifacts/comparison/rsar/am_noise_horizontal/seed_43/0f98a48/methods/D/eval_full_am_noise_horizontal_ids_v1/eval_20260907_082825.json,True,[],"[{""directory"": ""/mnt/shared/zechuan/iraod_artifacts/comparison/rsar/am_noise_horizontal/seed_43/0f98a48/methods/D/eval_full_am_noise_horizontal_ids_v1"", ""eval_jsons"": [""/mnt/shared/zechuan/iraod_artifacts/comparison/rsar/am_noise_horizontal/seed_43/0f98a48/methods/D/eval_full_am_noise_horizontal_ids_v1/eval_20260907_082825.json""]}]",True
RSAR,am_noise_horizontal,D,44,ema,metadata_collected,0.17192037403583527,/mnt/shared/zechuan/iraod_artifacts/comparison/rsar/am_noise_horizontal/seed_44/0f98a48/methods/D/eval_full_am_noise_horizontal_ids_v1,/mnt/shared/zechuan/iraod_artifacts/comparison/rsar/am_noise_horizontal/seed_44/0f98a48/methods/D/eval_full_am_noise_horizontal_ids_v1/eval_20260907_192102.json,True,[],"[{""directory"": ""/mnt/shared/zechuan/iraod_artifacts/comparison/rsar/am_noise_horizontal/seed_44/0f98a48/methods/D/eval_full_am_noise_horizontal_ids_v1"", ""eval_jsons"": [""/mnt/shared/zechuan/iraod_artifacts/comparison/rsar/am_noise_horizontal/seed_44/0f98a48/methods/D/eval_full_am_noise_horizontal_ids_v1/eval_20260907_192102.json""]}]",True
RSAR,am_noise_horizontal,E,42,ema,metadata_collected,0.2348482459783554,/mnt/shared/zechuan/iraod_artifacts/comparison/rsar/am_noise_horizontal/seed_42/0f98a48/methods/E/ddp2/eval_full_am_noise_horizontal_ids_v1,/mnt/shared/zechuan/iraod_artifacts/comparison/rsar/am_noise_horizontal/seed_42/0f98a48/methods/E/ddp2/eval_full_am_noise_horizontal_ids_v1/eval_20260907_155150.json,True,[],"[{""directory"": ""/mnt/shared/zechuan/iraod_artifacts/comparison/rsar/am_noise_horizontal/seed_42/0f98a48/methods/E/ddp2/eval_full_am_noise_horizontal_ids_v1"", ""eval_jsons"": [""/mnt/shared/zechuan/iraod_artifacts/comparison/rsar/am_noise_horizontal/seed_42/0f98a48/methods/E/ddp2/eval_full_am_noise_horizontal_ids_v1/eval_20260907_155150.json""]}]",True
RSAR,am_noise_horizontal,E,43,ema,metadata_collected,0.23029977083206177,/mnt/shared/zechuan/iraod_artifacts/comparison/rsar/am_noise_horizontal/seed_43/0f98a48/methods/E/ddp2/eval_full_am_noise_horizontal_ids_v1,/mnt/shared/zechuan/iraod_artifacts/comparison/rsar/am_noise_horizontal/seed_43/0f98a48/methods/E/ddp2/eval_full_am_noise_horizontal_ids_v1/eval_20260908_054927.json,True,[],"[{""directory"": ""/mnt/shared/zechuan/iraod_artifacts/comparison/rsar/am_noise_horizontal/seed_43/0f98a48/methods/E/ddp2/eval_full_am_noise_horizontal_ids_v1"", ""eval_jsons"": [""/mnt/shared/zechuan/iraod_artifacts/comparison/rsar/am_noise_horizontal/seed_43/0f98a48/methods/E/ddp2/eval_full_am_noise_horizontal_ids_v1/eval_20260908_054927.json""]}]",True
RSAR,am_noise_horizontal,E,44,ema,metadata_collected,0.23346181213855743,/mnt/shared/zechuan/iraod_artifacts/comparison/rsar/am_noise_horizontal/seed_44/0f98a48/methods/E/ddp2/eval_full_am_noise_horizontal_ids_v1,/mnt/shared/zechuan/iraod_artifacts/comparison/rsar/am_noise_horizontal/seed_44/0f98a48/methods/E/ddp2/eval_full_am_noise_horizontal_ids_v1/eval_20260908_061739.json,True,[],"[{""directory"": ""/mnt/shared/zechuan/iraod_artifacts/comparison/rsar/am_noise_horizontal/seed_44/0f98a48/methods/E/ddp2/eval_full_am_noise_horizontal_ids_v1"", ""eval_jsons"": [""/mnt/shared/zechuan/iraod_artifacts/comparison/rsar/am_noise_horizontal/seed_44/0f98a48/methods/E/ddp2/eval_full_am_noise_horizontal_ids_v1/eval_20260908_061739.json""]}]",True
RSAR,am_noise_horizontal,F,42,ema,metadata_collected,0.15874627232551575,/mnt/shared/zechuan/iraod_artifacts/comparison/rsar/am_noise_horizontal/seed_42/0f98a48/methods/F/ddp2/eval_full_am_noise_horizontal_ids_v1,/mnt/shared/zechuan/iraod_artifacts/comparison/rsar/am_noise_horizontal/seed_42/0f98a48/methods/F/ddp2/eval_full_am_noise_horizontal_ids_v1/eval_20260907_155653.json,True,[],"[{""directory"": ""/mnt/shared/zechuan/iraod_artifacts/comparison/rsar/am_noise_horizontal/seed_42/0f98a48/methods/F/ddp2/eval_full_am_noise_horizontal_ids_v1"", ""eval_jsons"": [""/mnt/shared/zechuan/iraod_artifacts/comparison/rsar/am_noise_horizontal/seed_42/0f98a48/methods/F/ddp2/eval_full_am_noise_horizontal_ids_v1/eval_20260907_155653.json""]}]",True
RSAR,am_noise_horizontal,F,43,ema,metadata_collected,0.15721827745437622,/mnt/shared/zechuan/iraod_artifacts/comparison/rsar/am_noise_horizontal/seed_43/0f98a48/methods/F/ddp2/eval_full_am_noise_horizontal_ids_v1,/mnt/shared/zechuan/iraod_artifacts/comparison/rsar/am_noise_horizontal/seed_43/0f98a48/methods/F/ddp2/eval_full_am_noise_horizontal_ids_v1/eval_20260908_060520.json,True,[],"[{""directory"": ""/mnt/shared/zechuan/iraod_artifacts/comparison/rsar/am_noise_horizontal/seed_43/0f98a48/methods/F/ddp2/eval_full_am_noise_horizontal_ids_v1"", ""eval_jsons"": [""/mnt/shared/zechuan/iraod_artifacts/comparison/rsar/am_noise_horizontal/seed_43/0f98a48/methods/F/ddp2/eval_full_am_noise_horizontal_ids_v1/eval_20260908_060520.json""]}]",True
RSAR,am_noise_horizontal,F,44,ema,metadata_collected,0.13537369668483734,/mnt/shared/zechuan/iraod_artifacts/comparison/rsar/am_noise_horizontal/seed_44/0f98a48/methods/F/ddp2/eval_full_am_noise_horizontal_ids_v1,/mnt/shared/zechuan/iraod_artifacts/comparison/rsar/am_noise_horizontal/seed_44/0f98a48/methods/F/ddp2/eval_full_am_noise_horizontal_ids_v1/eval_20260908_063232.json,True,[],"[{""directory"": ""/mnt/shared/zechuan/iraod_artifacts/comparison/rsar/am_noise_horizontal/seed_44/0f98a48/methods/F/ddp2/eval_full_am_noise_horizontal_ids_v1"", ""eval_jsons"": [""/mnt/shared/zechuan/iraod_artifacts/comparison/rsar/am_noise_horizontal/seed_44/0f98a48/methods/F/ddp2/eval_full_am_noise_horizontal_ids_v1/eval_20260908_063232.json""]}]",True
RSAR,smart_suppression,A,42,source,metadata_collected,0.14372646808624268,/mnt/shared/zechuan/iraod_artifacts/comparison/rsar/smart_suppression/seed_42/0f98a48/methods/A/eval_full_smart_suppression_ids_v1,/mnt/shared/zechuan/iraod_artifacts/comparison/rsar/smart_suppression/seed_42/0f98a48/methods/A/eval_full_smart_suppression_ids_v1/eval_20260907_160138.json,True,[],"[{""directory"": ""/mnt/shared/zechuan/iraod_artifacts/comparison/rsar/smart_suppression/seed_42/0f98a48/methods/A/eval_full_smart_suppression_ids_v1"", ""eval_jsons"": [""/mnt/shared/zechuan/iraod_artifacts/comparison/rsar/smart_suppression/seed_42/0f98a48/methods/A/eval_full_smart_suppression_ids_v1/eval_20260907_160138.json""]}]",True
RSAR,smart_suppression,B,42,ema,metadata_collected,0.14338570833206177,/mnt/shared/zechuan/iraod_artifacts/comparison/rsar/smart_suppression/seed_42/0f98a48/methods/B/eval_full_smart_suppression_ids_v1,/mnt/shared/zechuan/iraod_artifacts/comparison/rsar/smart_suppression/seed_42/0f98a48/methods/B/eval_full_smart_suppression_ids_v1/eval_20260907_160637.json,True,[],"[{""directory"": ""/mnt/shared/zechuan/iraod_artifacts/comparison/rsar/smart_suppression/seed_42/0f98a48/methods/B/eval_full_smart_suppression_ids_v1"", ""eval_jsons"": [""/mnt/shared/zechuan/iraod_artifacts/comparison/rsar/smart_suppression/seed_42/0f98a48/methods/B/eval_full_smart_suppression_ids_v1/eval_20260907_160637.json""]}]",True
RSAR,smart_suppression,B,43,ema,metadata_collected,0.15160906314849854,/mnt/shared/zechuan/iraod_artifacts/comparison/rsar/smart_suppression/seed_43/0f98a48/methods/B/eval_full_smart_suppression_ids_v1,/mnt/shared/zechuan/iraod_artifacts/comparison/rsar/smart_suppression/seed_43/0f98a48/methods/B/eval_full_smart_suppression_ids_v1/eval_20260907_063429.json,True,[],"[{""directory"": ""/mnt/shared/zechuan/iraod_artifacts/comparison/rsar/smart_suppression/seed_43/0f98a48/methods/B/eval_full_smart_suppression_ids_v1"", ""eval_jsons"": [""/mnt/shared/zechuan/iraod_artifacts/comparison/rsar/smart_suppression/seed_43/0f98a48/methods/B/eval_full_smart_suppression_ids_v1/eval_20260907_063429.json""]}]",True
RSAR,smart_suppression,B,44,ema,metadata_collected,0.1485658884048462,/mnt/shared/zechuan/iraod_artifacts/comparison/rsar/smart_suppression/seed_44/0f98a48/methods/B/eval_full_smart_suppression_ids_v1,/mnt/shared/zechuan/iraod_artifacts/comparison/rsar/smart_suppression/seed_44/0f98a48/methods/B/eval_full_smart_suppression_ids_v1/eval_20260908_030700.json,True,[],"[{""directory"": ""/mnt/shared/zechuan/iraod_artifacts/comparison/rsar/smart_suppression/seed_44/0f98a48/methods/B/eval_full_smart_suppression_ids_v1"", ""eval_jsons"": [""/mnt/shared/zechuan/iraod_artifacts/comparison/rsar/smart_suppression/seed_44/0f98a48/methods/B/eval_full_smart_suppression_ids_v1/eval_20260908_030700.json""]}]",True
RSAR,smart_suppression,C,42,ema,metadata_collected,0.18142859637737274,/mnt/shared/zechuan/iraod_artifacts/comparison/rsar/smart_suppression/seed_42/0f98a48/methods/C/eval_full_smart_suppression_ids_v1,/mnt/shared/zechuan/iraod_artifacts/comparison/rsar/smart_suppression/seed_42/0f98a48/methods/C/eval_full_smart_suppression_ids_v1/eval_20260907_161919.json,True,[],"[{""directory"": ""/mnt/shared/zechuan/iraod_artifacts/comparison/rsar/smart_suppression/seed_42/0f98a48/methods/C/eval_full_smart_suppression_ids_v1"", ""eval_jsons"": [""/mnt/shared/zechuan/iraod_artifacts/comparison/rsar/smart_suppression/seed_42/0f98a48/methods/C/eval_full_smart_suppression_ids_v1/eval_20260907_161919.json""]}]",True
RSAR,smart_suppression,C,43,ema,metadata_collected,0.19183902442455292,/mnt/shared/zechuan/iraod_artifacts/comparison/rsar/smart_suppression/seed_43/0f98a48/methods/C/eval_full_smart_suppression_ids_v1,/mnt/shared/zechuan/iraod_artifacts/comparison/rsar/smart_suppression/seed_43/0f98a48/methods/C/eval_full_smart_suppression_ids_v1/eval_20260907_063241.json,True,[],"[{""directory"": ""/mnt/shared/zechuan/iraod_artifacts/comparison/rsar/smart_suppression/seed_43/0f98a48/methods/C/eval_full_smart_suppression_ids_v1"", ""eval_jsons"": [""/mnt/shared/zechuan/iraod_artifacts/comparison/rsar/smart_suppression/seed_43/0f98a48/methods/C/eval_full_smart_suppression_ids_v1/eval_20260907_063241.json""]}]",True
RSAR,smart_suppression,C,44,ema,metadata_collected,0.19704699516296387,/mnt/shared/zechuan/iraod_artifacts/comparison/rsar/smart_suppression/seed_44/0f98a48/methods/C/eval_full_smart_suppression_ids_v1,/mnt/shared/zechuan/iraod_artifacts/comparison/rsar/smart_suppression/seed_44/0f98a48/methods/C/eval_full_smart_suppression_ids_v1/eval_20260907_193155.json,True,[],"[{""directory"": ""/mnt/shared/zechuan/iraod_artifacts/comparison/rsar/smart_suppression/seed_44/0f98a48/methods/C/eval_full_smart_suppression_ids_v1"", ""eval_jsons"": [""/mnt/shared/zechuan/iraod_artifacts/comparison/rsar/smart_suppression/seed_44/0f98a48/methods/C/eval_full_smart_suppression_ids_v1/eval_20260907_193155.json""]}]",True
RSAR,smart_suppression,D,42,ema,metadata_collected,0.1463812291622162,/mnt/shared/zechuan/iraod_artifacts/comparison/rsar/smart_suppression/seed_42/0f98a48/methods/D/eval_full_smart_suppression_ids_v1,/mnt/shared/zechuan/iraod_artifacts/comparison/rsar/smart_suppression/seed_42/0f98a48/methods/D/eval_full_smart_suppression_ids_v1/eval_20260907_162433.json,True,[],"[{""directory"": ""/mnt/shared/zechuan/iraod_artifacts/comparison/rsar/smart_suppression/seed_42/0f98a48/methods/D/eval_full_smart_suppression_ids_v1"", ""eval_jsons"": [""/mnt/shared/zechuan/iraod_artifacts/comparison/rsar/smart_suppression/seed_42/0f98a48/methods/D/eval_full_smart_suppression_ids_v1/eval_20260907_162433.json""]}]",True
RSAR,smart_suppression,D,43,ema,metadata_collected,0.14087285101413727,/mnt/shared/zechuan/iraod_artifacts/comparison/rsar/smart_suppression/seed_43/0f98a48/methods/D/eval_full_smart_suppression_ids_v1,/mnt/shared/zechuan/iraod_artifacts/comparison/rsar/smart_suppression/seed_43/0f98a48/methods/D/eval_full_smart_suppression_ids_v1/eval_20260907_063437.json,True,[],"[{""directory"": ""/mnt/shared/zechuan/iraod_artifacts/comparison/rsar/smart_suppression/seed_43/0f98a48/methods/D/eval_full_smart_suppression_ids_v1"", ""eval_jsons"": [""/mnt/shared/zechuan/iraod_artifacts/comparison/rsar/smart_suppression/seed_43/0f98a48/methods/D/eval_full_smart_suppression_ids_v1/eval_20260907_063437.json""]}]",True
RSAR,smart_suppression,D,44,ema,metadata_collected,0.15672500431537628,/mnt/shared/zechuan/iraod_artifacts/comparison/rsar/smart_suppression/seed_44/0f98a48/methods/D/eval_full_smart_suppression_ids_v1,/mnt/shared/zechuan/iraod_artifacts/comparison/rsar/smart_suppression/seed_44/0f98a48/methods/D/eval_full_smart_suppression_ids_v1/eval_20260908_031157.json,True,[],"[{""directory"": ""/mnt/shared/zechuan/iraod_artifacts/comparison/rsar/smart_suppression/seed_44/0f98a48/methods/D/eval_full_smart_suppression_ids_v1"", ""eval_jsons"": [""/mnt/shared/zechuan/iraod_artifacts/comparison/rsar/smart_suppression/seed_44/0f98a48/methods/D/eval_full_smart_suppression_ids_v1/eval_20260908_031157.json""]}]",True
RSAR,smart_suppression,E,42,ema,metadata_collected,0.15498436987400055,/mnt/shared/zechuan/iraod_artifacts/comparison/rsar/smart_suppression/seed_42/0f98a48/methods/E/ddp2/eval_full_smart_suppression_ids_v1,/mnt/shared/zechuan/iraod_artifacts/comparison/rsar/smart_suppression/seed_42/0f98a48/methods/E/ddp2/eval_full_smart_suppression_ids_v1/eval_20260907_162935.json,True,[],"[{""directory"": ""/mnt/shared/zechuan/iraod_artifacts/comparison/rsar/smart_suppression/seed_42/0f98a48/methods/E/ddp2/eval_full_smart_suppression_ids_v1"", ""eval_jsons"": [""/mnt/shared/zechuan/iraod_artifacts/comparison/rsar/smart_suppression/seed_42/0f98a48/methods/E/ddp2/eval_full_smart_suppression_ids_v1/eval_20260907_162935.json""]}]",True
RSAR,smart_suppression,E,43,ema,metadata_collected,0.15816622972488403,/mnt/shared/zechuan/iraod_artifacts/comparison/rsar/smart_suppression/seed_43/0f98a48/methods/E/ddp2/eval_full_smart_suppression_ids_v1,/mnt/shared/zechuan/iraod_artifacts/comparison/rsar/smart_suppression/seed_43/0f98a48/methods/E/ddp2/eval_full_smart_suppression_ids_v1/eval_20260908_034119.json,True,[],"[{""directory"": ""/mnt/shared/zechuan/iraod_artifacts/comparison/rsar/smart_suppression/seed_43/0f98a48/methods/E/ddp2/eval_full_smart_suppression_ids_v1"", ""eval_jsons"": [""/mnt/shared/zechuan/iraod_artifacts/comparison/rsar/smart_suppression/seed_43/0f98a48/methods/E/ddp2/eval_full_smart_suppression_ids_v1/eval_20260908_034119.json""]}]",True
RSAR,smart_suppression,E,44,ema,metadata_collected,0.16221320629119873,/mnt/shared/zechuan/iraod_artifacts/comparison/rsar/smart_suppression/seed_44/0f98a48/methods/E/ddp2/eval_full_smart_suppression_ids_v1,/mnt/shared/zechuan/iraod_artifacts/comparison/rsar/smart_suppression/seed_44/0f98a48/methods/E/ddp2/eval_full_smart_suppression_ids_v1/eval_20260908_085238.json,True,[],"[{""directory"": ""/mnt/shared/zechuan/iraod_artifacts/comparison/rsar/smart_suppression/seed_44/0f98a48/methods/E/ddp2/eval_full_smart_suppression_ids_v1"", ""eval_jsons"": [""/mnt/shared/zechuan/iraod_artifacts/comparison/rsar/smart_suppression/seed_44/0f98a48/methods/E/ddp2/eval_full_smart_suppression_ids_v1/eval_20260908_085238.json""]}]",True
RSAR,smart_suppression,F,42,ema,metadata_collected,0.13210909068584442,/mnt/shared/zechuan/iraod_artifacts/comparison/rsar/smart_suppression/seed_42/0f98a48/methods/F/ddp2/eval_full_smart_suppression_ids_v1,/mnt/shared/zechuan/iraod_artifacts/comparison/rsar/smart_suppression/seed_42/0f98a48/methods/F/ddp2/eval_full_smart_suppression_ids_v1/eval_20260907_163430.json,True,[],"[{""directory"": ""/mnt/shared/zechuan/iraod_artifacts/comparison/rsar/smart_suppression/seed_42/0f98a48/methods/F/ddp2/eval_full_smart_suppression_ids_v1"", ""eval_jsons"": [""/mnt/shared/zechuan/iraod_artifacts/comparison/rsar/smart_suppression/seed_42/0f98a48/methods/F/ddp2/eval_full_smart_suppression_ids_v1/eval_20260907_163430.json""]}]",True
RSAR,smart_suppression,F,43,ema,metadata_collected,0.11718787997961044,/mnt/shared/zechuan/iraod_artifacts/comparison/rsar/smart_suppression/seed_43/0f98a48/methods/F/ddp2/eval_full_smart_suppression_ids_v1,/mnt/shared/zechuan/iraod_artifacts/comparison/rsar/smart_suppression/seed_43/0f98a48/methods/F/ddp2/eval_full_smart_suppression_ids_v1/eval_20260908_034613.json,True,[],"[{""directory"": ""/mnt/shared/zechuan/iraod_artifacts/comparison/rsar/smart_suppression/seed_43/0f98a48/methods/F/ddp2/eval_full_smart_suppression_ids_v1"", ""eval_jsons"": [""/mnt/shared/zechuan/iraod_artifacts/comparison/rsar/smart_suppression/seed_43/0f98a48/methods/F/ddp2/eval_full_smart_suppression_ids_v1/eval_20260908_034613.json""]}]",True
RSAR,smart_suppression,F,44,ema,metadata_collected,0.14982987940311432,/mnt/shared/zechuan/iraod_artifacts/comparison/rsar/smart_suppression/seed_44/0f98a48/methods/F/ddp2/eval_full_smart_suppression_ids_v1,/mnt/shared/zechuan/iraod_artifacts/comparison/rsar/smart_suppression/seed_44/0f98a48/methods/F/ddp2/eval_full_smart_suppression_ids_v1/eval_20260908_090156.json,True,[],"[{""directory"": ""/mnt/shared/zechuan/iraod_artifacts/comparison/rsar/smart_suppression/seed_44/0f98a48/methods/F/ddp2/eval_full_smart_suppression_ids_v1"", ""eval_jsons"": [""/mnt/shared/zechuan/iraod_artifacts/comparison/rsar/smart_suppression/seed_44/0f98a48/methods/F/ddp2/eval_full_smart_suppression_ids_v1/eval_20260908_090156.json""]}]",True
RSAR,am_noise_vertical,A,42,source,metadata_collected,0.19074364006519318,/mnt/shared/zechuan/iraod_artifacts/comparison/rsar/am_noise_vertical/seed_42/0f98a48/methods/A/eval_full_am_noise_vertical_ids_v1,/mnt/shared/zechuan/iraod_artifacts/comparison/rsar/am_noise_vertical/seed_42/0f98a48/methods/A/eval_full_am_noise_vertical_ids_v1/eval_20260907_163933.json,True,[],"[{""directory"": ""/mnt/shared/zechuan/iraod_artifacts/comparison/rsar/am_noise_vertical/seed_42/0f98a48/methods/A/eval_full_am_noise_vertical_ids_v1"", ""eval_jsons"": [""/mnt/shared/zechuan/iraod_artifacts/comparison/rsar/am_noise_vertical/seed_42/0f98a48/methods/A/eval_full_am_noise_vertical_ids_v1/eval_20260907_163933.json""]}]",True
RSAR,am_noise_vertical,B,42,ema,metadata_collected,0.23654824495315552,/mnt/shared/zechuan/iraod_artifacts/comparison/rsar/am_noise_vertical/seed_42/0f98a48/methods/B/eval_full_am_noise_vertical_ids_v1,/mnt/shared/zechuan/iraod_artifacts/comparison/rsar/am_noise_vertical/seed_42/0f98a48/methods/B/eval_full_am_noise_vertical_ids_v1/eval_20260907_164426.json,True,[],"[{""directory"": ""/mnt/shared/zechuan/iraod_artifacts/comparison/rsar/am_noise_vertical/seed_42/0f98a48/methods/B/eval_full_am_noise_vertical_ids_v1"", ""eval_jsons"": [""/mnt/shared/zechuan/iraod_artifacts/comparison/rsar/am_noise_vertical/seed_42/0f98a48/methods/B/eval_full_am_noise_vertical_ids_v1/eval_20260907_164426.json""]}]",True
RSAR,am_noise_vertical,B,43,ema,metadata_collected,0.23463231325149536,/mnt/shared/zechuan/iraod_artifacts/comparison/rsar/am_noise_vertical/seed_43/0f98a48/methods/B/eval_full_am_noise_vertical_ids_v1,/mnt/shared/zechuan/iraod_artifacts/comparison/rsar/am_noise_vertical/seed_43/0f98a48/methods/B/eval_full_am_noise_vertical_ids_v1/eval_20260907_082626.json,True,[],"[{""directory"": ""/mnt/shared/zechuan/iraod_artifacts/comparison/rsar/am_noise_vertical/seed_43/0f98a48/methods/B/eval_full_am_noise_vertical_ids_v1"", ""eval_jsons"": [""/mnt/shared/zechuan/iraod_artifacts/comparison/rsar/am_noise_vertical/seed_43/0f98a48/methods/B/eval_full_am_noise_vertical_ids_v1/eval_20260907_082626.json""]}]",True
RSAR,am_noise_vertical,B,44,ema,metadata_collected,0.23234359920024872,/mnt/shared/zechuan/iraod_artifacts/comparison/rsar/am_noise_vertical/seed_44/0f98a48/methods/B/eval_full_am_noise_vertical_ids_v1,/mnt/shared/zechuan/iraod_artifacts/comparison/rsar/am_noise_vertical/seed_44/0f98a48/methods/B/eval_full_am_noise_vertical_ids_v1/eval_20260907_195725.json,True,[],"[{""directory"": ""/mnt/shared/zechuan/iraod_artifacts/comparison/rsar/am_noise_vertical/seed_44/0f98a48/methods/B/eval_full_am_noise_vertical_ids_v1"", ""eval_jsons"": [""/mnt/shared/zechuan/iraod_artifacts/comparison/rsar/am_noise_vertical/seed_44/0f98a48/methods/B/eval_full_am_noise_vertical_ids_v1/eval_20260907_195725.json""]}]",True
RSAR,am_noise_vertical,C,42,ema,metadata_collected,0.2399219125509262,/mnt/shared/zechuan/iraod_artifacts/comparison/rsar/am_noise_vertical/seed_42/0f98a48/methods/C/eval_full_am_noise_vertical_ids_v1,/mnt/shared/zechuan/iraod_artifacts/comparison/rsar/am_noise_vertical/seed_42/0f98a48/methods/C/eval_full_am_noise_vertical_ids_v1/eval_20260907_175705.json,True,[],"[{""directory"": ""/mnt/shared/zechuan/iraod_artifacts/comparison/rsar/am_noise_vertical/seed_42/0f98a48/methods/C/eval_full_am_noise_vertical_ids_v1"", ""eval_jsons"": [""/mnt/shared/zechuan/iraod_artifacts/comparison/rsar/am_noise_vertical/seed_42/0f98a48/methods/C/eval_full_am_noise_vertical_ids_v1/eval_20260907_175705.json""]}]",True
RSAR,am_noise_vertical,C,43,ema,metadata_collected,0.22641974687576294,/mnt/shared/zechuan/iraod_artifacts/comparison/rsar/am_noise_vertical/seed_43/0f98a48/methods/C/eval_full_am_noise_vertical_ids_v1,/mnt/shared/zechuan/iraod_artifacts/comparison/rsar/am_noise_vertical/seed_43/0f98a48/methods/C/eval_full_am_noise_vertical_ids_v1/eval_20260907_082334.json,True,[],"[{""directory"": ""/mnt/shared/zechuan/iraod_artifacts/comparison/rsar/am_noise_vertical/seed_43/0f98a48/methods/C/eval_full_am_noise_vertical_ids_v1"", ""eval_jsons"": [""/mnt/shared/zechuan/iraod_artifacts/comparison/rsar/am_noise_vertical/seed_43/0f98a48/methods/C/eval_full_am_noise_vertical_ids_v1/eval_20260907_082334.json""]}]",True
RSAR,am_noise_vertical,C,44,ema,metadata_collected,0.22646327316761017,/mnt/shared/zechuan/iraod_artifacts/comparison/rsar/am_noise_vertical/seed_44/0f98a48/methods/C/eval_full_am_noise_vertical_ids_v1,/mnt/shared/zechuan/iraod_artifacts/comparison/rsar/am_noise_vertical/seed_44/0f98a48/methods/C/eval_full_am_noise_vertical_ids_v1/eval_20260907_203341.json,True,[],"[{""directory"": ""/mnt/shared/zechuan/iraod_artifacts/comparison/rsar/am_noise_vertical/seed_44/0f98a48/methods/C/eval_full_am_noise_vertical_ids_v1"", ""eval_jsons"": [""/mnt/shared/zechuan/iraod_artifacts/comparison/rsar/am_noise_vertical/seed_44/0f98a48/methods/C/eval_full_am_noise_vertical_ids_v1/eval_20260907_203341.json""]}]",True
RSAR,am_noise_vertical,D,42,ema,metadata_collected,0.17605535686016083,/mnt/shared/zechuan/iraod_artifacts/comparison/rsar/am_noise_vertical/seed_42/0f98a48/methods/D/eval_full_am_noise_vertical_ids_v1,/mnt/shared/zechuan/iraod_artifacts/comparison/rsar/am_noise_vertical/seed_42/0f98a48/methods/D/eval_full_am_noise_vertical_ids_v1/eval_20260907_180159.json,True,[],"[{""directory"": ""/mnt/shared/zechuan/iraod_artifacts/comparison/rsar/am_noise_vertical/seed_42/0f98a48/methods/D/eval_full_am_noise_vertical_ids_v1"", ""eval_jsons"": [""/mnt/shared/zechuan/iraod_artifacts/comparison/rsar/am_noise_vertical/seed_42/0f98a48/methods/D/eval_full_am_noise_vertical_ids_v1/eval_20260907_180159.json""]}]",True
RSAR,am_noise_vertical,D,43,ema,metadata_collected,0.17416292428970337,/mnt/shared/zechuan/iraod_artifacts/comparison/rsar/am_noise_vertical/seed_43/0f98a48/methods/D/eval_full_am_noise_vertical_ids_v1,/mnt/shared/zechuan/iraod_artifacts/comparison/rsar/am_noise_vertical/seed_43/0f98a48/methods/D/eval_full_am_noise_vertical_ids_v1/eval_20260907_082334.json,True,[],"[{""directory"": ""/mnt/shared/zechuan/iraod_artifacts/comparison/rsar/am_noise_vertical/seed_43/0f98a48/methods/D/eval_full_am_noise_vertical_ids_v1"", ""eval_jsons"": [""/mnt/shared/zechuan/iraod_artifacts/comparison/rsar/am_noise_vertical/seed_43/0f98a48/methods/D/eval_full_am_noise_vertical_ids_v1/eval_20260907_082334.json""]}]",True
RSAR,am_noise_vertical,D,44,ema,metadata_collected,0.16725248098373413,/mnt/shared/zechuan/iraod_artifacts/comparison/rsar/am_noise_vertical/seed_44/0f98a48/methods/D/eval_full_am_noise_vertical_ids_v1,/mnt/shared/zechuan/iraod_artifacts/comparison/rsar/am_noise_vertical/seed_44/0f98a48/methods/D/eval_full_am_noise_vertical_ids_v1/eval_20260907_210234.json,True,[],"[{""directory"": ""/mnt/shared/zechuan/iraod_artifacts/comparison/rsar/am_noise_vertical/seed_44/0f98a48/methods/D/eval_full_am_noise_vertical_ids_v1"", ""eval_jsons"": [""/mnt/shared/zechuan/iraod_artifacts/comparison/rsar/am_noise_vertical/seed_44/0f98a48/methods/D/eval_full_am_noise_vertical_ids_v1/eval_20260907_210234.json""]}]",True
RSAR,am_noise_vertical,E,42,ema,metadata_collected,0.24959821999073029,/mnt/shared/zechuan/iraod_artifacts/comparison/rsar/am_noise_vertical/seed_42/0f98a48/methods/E/ddp2/eval_full_am_noise_vertical_ids_v1,/mnt/shared/zechuan/iraod_artifacts/comparison/rsar/am_noise_vertical/seed_42/0f98a48/methods/E/ddp2/eval_full_am_noise_vertical_ids_v1/eval_20260907_180705.json,True,[],"[{""directory"": ""/mnt/shared/zechuan/iraod_artifacts/comparison/rsar/am_noise_vertical/seed_42/0f98a48/methods/E/ddp2/eval_full_am_noise_vertical_ids_v1"", ""eval_jsons"": [""/mnt/shared/zechuan/iraod_artifacts/comparison/rsar/am_noise_vertical/seed_42/0f98a48/methods/E/ddp2/eval_full_am_noise_vertical_ids_v1/eval_20260907_180705.json""]}]",True
RSAR,am_noise_vertical,E,43,ema,metadata_collected,0.25161001086235046,/mnt/shared/zechuan/iraod_artifacts/comparison/rsar/am_noise_vertical/seed_43/0f98a48/methods/E/ddp2/eval_full_am_noise_vertical_ids_v1,/mnt/shared/zechuan/iraod_artifacts/comparison/rsar/am_noise_vertical/seed_43/0f98a48/methods/E/ddp2/eval_full_am_noise_vertical_ids_v1/eval_20260908_064049.json,True,[],"[{""directory"": ""/mnt/shared/zechuan/iraod_artifacts/comparison/rsar/am_noise_vertical/seed_43/0f98a48/methods/E/ddp2/eval_full_am_noise_vertical_ids_v1"", ""eval_jsons"": [""/mnt/shared/zechuan/iraod_artifacts/comparison/rsar/am_noise_vertical/seed_43/0f98a48/methods/E/ddp2/eval_full_am_noise_vertical_ids_v1/eval_20260908_064049.json""]}]",True
RSAR,am_noise_vertical,E,44,ema,metadata_collected,0.2429477721452713,/mnt/shared/zechuan/iraod_artifacts/comparison/rsar/am_noise_vertical/seed_44/0f98a48/methods/E/ddp2/eval_full_am_noise_vertical_ids_v1,/mnt/shared/zechuan/iraod_artifacts/comparison/rsar/am_noise_vertical/seed_44/0f98a48/methods/E/ddp2/eval_full_am_noise_vertical_ids_v1/eval_20260908_065805.json,True,[],"[{""directory"": ""/mnt/shared/zechuan/iraod_artifacts/comparison/rsar/am_noise_vertical/seed_44/0f98a48/methods/E/ddp2/eval_full_am_noise_vertical_ids_v1"", ""eval_jsons"": [""/mnt/shared/zechuan/iraod_artifacts/comparison/rsar/am_noise_vertical/seed_44/0f98a48/methods/E/ddp2/eval_full_am_noise_vertical_ids_v1/eval_20260908_065805.json""]}]",True
RSAR,am_noise_vertical,F,42,ema,metadata_collected,0.17133738100528717,/mnt/shared/zechuan/iraod_artifacts/comparison/rsar/am_noise_vertical/seed_42/0f98a48/methods/F/ddp2/eval_full_am_noise_vertical_ids_v1,/mnt/shared/zechuan/iraod_artifacts/comparison/rsar/am_noise_vertical/seed_42/0f98a48/methods/F/ddp2/eval_full_am_noise_vertical_ids_v1/eval_20260907_185422.json,True,[],"[{""directory"": ""/mnt/shared/zechuan/iraod_artifacts/comparison/rsar/am_noise_vertical/seed_42/0f98a48/methods/F/ddp2/eval_full_am_noise_vertical_ids_v1"", ""eval_jsons"": [""/mnt/shared/zechuan/iraod_artifacts/comparison/rsar/am_noise_vertical/seed_42/0f98a48/methods/F/ddp2/eval_full_am_noise_vertical_ids_v1/eval_20260907_185422.json""]}]",True
RSAR,am_noise_vertical,F,43,ema,metadata_collected,0.13997724652290344,/mnt/shared/zechuan/iraod_artifacts/comparison/rsar/am_noise_vertical/seed_43/0f98a48/methods/F/ddp2/eval_full_am_noise_vertical_ids_v1,/mnt/shared/zechuan/iraod_artifacts/comparison/rsar/am_noise_vertical/seed_43/0f98a48/methods/F/ddp2/eval_full_am_noise_vertical_ids_v1/eval_20260908_064957.json,True,[],"[{""directory"": ""/mnt/shared/zechuan/iraod_artifacts/comparison/rsar/am_noise_vertical/seed_43/0f98a48/methods/F/ddp2/eval_full_am_noise_vertical_ids_v1"", ""eval_jsons"": [""/mnt/shared/zechuan/iraod_artifacts/comparison/rsar/am_noise_vertical/seed_43/0f98a48/methods/F/ddp2/eval_full_am_noise_vertical_ids_v1/eval_20260908_064957.json""]}]",True
RSAR,am_noise_vertical,F,44,ema,metadata_collected,0.17349596321582794,/mnt/shared/zechuan/iraod_artifacts/comparison/rsar/am_noise_vertical/seed_44/0f98a48/methods/F/ddp2/eval_full_am_noise_vertical_ids_v1,/mnt/shared/zechuan/iraod_artifacts/comparison/rsar/am_noise_vertical/seed_44/0f98a48/methods/F/ddp2/eval_full_am_noise_vertical_ids_v1/eval_20260908_070658.json,True,[],"[{""directory"": ""/mnt/shared/zechuan/iraod_artifacts/comparison/rsar/am_noise_vertical/seed_44/0f98a48/methods/F/ddp2/eval_full_am_noise_vertical_ids_v1"", ""eval_jsons"": [""/mnt/shared/zechuan/iraod_artifacts/comparison/rsar/am_noise_vertical/seed_44/0f98a48/methods/F/ddp2/eval_full_am_noise_vertical_ids_v1/eval_20260908_070658.json""]}]",True
DIOR,clean,A,42,source,metadata_collected,0.2948998510837555,/mnt/shared/zechuan/iraod_artifacts/comparison/dior/clean/seed_42/0f98a48/methods/A/eval_full_clean_ids_v1,/mnt/shared/zechuan/iraod_artifacts/comparison/dior/clean/seed_42/0f98a48/methods/A/eval_full_clean_ids_v1/eval_20260907_191443.json,True,[],"[{""directory"": ""/mnt/shared/zechuan/iraod_artifacts/comparison/dior/clean/seed_42/0f98a48/methods/A/eval_full_clean_ids_v1"", ""eval_jsons"": [""/mnt/shared/zechuan/iraod_artifacts/comparison/dior/clean/seed_42/0f98a48/methods/A/eval_full_clean_ids_v1/eval_20260907_191443.json""]}]",True
DIOR,clean,B,42,ema,metadata_collected,0.2970001995563507,/mnt/shared/zechuan/iraod_artifacts/comparison/dior/clean/seed_42/0f98a48/methods/B/eval_full_clean_ids_v1,/mnt/shared/zechuan/iraod_artifacts/comparison/dior/clean/seed_42/0f98a48/methods/B/eval_full_clean_ids_v1/eval_20260907_192533.json,True,[],"[{""directory"": ""/mnt/shared/zechuan/iraod_artifacts/comparison/dior/clean/seed_42/0f98a48/methods/B/eval_full_clean_ids_v1"", ""eval_jsons"": [""/mnt/shared/zechuan/iraod_artifacts/comparison/dior/clean/seed_42/0f98a48/methods/B/eval_full_clean_ids_v1/eval_20260907_192533.json""]}]",True
DIOR,clean,B,43,ema,metadata_collected,0.29884225130081177,/mnt/shared/zechuan/iraod_artifacts/comparison/dior/clean/seed_43/0f98a48/methods/B/eval_full_clean_ids_v1,/mnt/shared/zechuan/iraod_artifacts/comparison/dior/clean/seed_43/0f98a48/methods/B/eval_full_clean_ids_v1/eval_20260907_092744.json,True,[],"[{""directory"": ""/mnt/shared/zechuan/iraod_artifacts/comparison/dior/clean/seed_43/0f98a48/methods/B/eval_full_clean_ids_v1"", ""eval_jsons"": [""/mnt/shared/zechuan/iraod_artifacts/comparison/dior/clean/seed_43/0f98a48/methods/B/eval_full_clean_ids_v1/eval_20260907_092744.json""]}]",True
DIOR,clean,B,44,ema,metadata_collected,0.29848355054855347,/mnt/shared/zechuan/iraod_artifacts/comparison/dior/clean/seed_44/0f98a48/methods/B/eval_full_clean_ids_v1,/mnt/shared/zechuan/iraod_artifacts/comparison/dior/clean/seed_44/0f98a48/methods/B/eval_full_clean_ids_v1/eval_20260907_212627.json,True,[],"[{""directory"": ""/mnt/shared/zechuan/iraod_artifacts/comparison/dior/clean/seed_44/0f98a48/methods/B/eval_full_clean_ids_v1"", ""eval_jsons"": [""/mnt/shared/zechuan/iraod_artifacts/comparison/dior/clean/seed_44/0f98a48/methods/B/eval_full_clean_ids_v1/eval_20260907_212627.json""]}]",True
DIOR,clean,C,42,ema,metadata_collected,0.29559457302093506,/mnt/shared/zechuan/iraod_artifacts/comparison/dior/clean/seed_42/0f98a48/methods/C/eval_full_clean_ids_v1,/mnt/shared/zechuan/iraod_artifacts/comparison/dior/clean/seed_42/0f98a48/methods/C/eval_full_clean_ids_v1/eval_20260907_193632.json,True,[],"[{""directory"": ""/mnt/shared/zechuan/iraod_artifacts/comparison/dior/clean/seed_42/0f98a48/methods/C/eval_full_clean_ids_v1"", ""eval_jsons"": [""/mnt/shared/zechuan/iraod_artifacts/comparison/dior/clean/seed_42/0f98a48/methods/C/eval_full_clean_ids_v1/eval_20260907_193632.json""]}]",True
DIOR,clean,C,43,ema,metadata_collected,0.2968039810657501,/mnt/shared/zechuan/iraod_artifacts/comparison/dior/clean/seed_43/0f98a48/methods/C/eval_full_clean_ids_v1,/mnt/shared/zechuan/iraod_artifacts/comparison/dior/clean/seed_43/0f98a48/methods/C/eval_full_clean_ids_v1/eval_20260907_091212.json,True,[],"[{""directory"": ""/mnt/shared/zechuan/iraod_artifacts/comparison/dior/clean/seed_43/0f98a48/methods/C/eval_full_clean_ids_v1"", ""eval_jsons"": [""/mnt/shared/zechuan/iraod_artifacts/comparison/dior/clean/seed_43/0f98a48/methods/C/eval_full_clean_ids_v1/eval_20260907_091212.json""]}]",True
DIOR,clean,C,44,ema,metadata_collected,0.2977563440799713,/mnt/shared/zechuan/iraod_artifacts/comparison/dior/clean/seed_44/0f98a48/methods/C/eval_full_clean_ids_v1,/mnt/shared/zechuan/iraod_artifacts/comparison/dior/clean/seed_44/0f98a48/methods/C/eval_full_clean_ids_v1/eval_20260907_221942.json,True,[],"[{""directory"": ""/mnt/shared/zechuan/iraod_artifacts/comparison/dior/clean/seed_44/0f98a48/methods/C/eval_full_clean_ids_v1"", ""eval_jsons"": [""/mnt/shared/zechuan/iraod_artifacts/comparison/dior/clean/seed_44/0f98a48/methods/C/eval_full_clean_ids_v1/eval_20260907_221942.json""]}]",True
DIOR,clean,D,42,ema,metadata_collected,0.30014365911483765,/mnt/shared/zechuan/iraod_artifacts/comparison/dior/clean/seed_42/0f98a48/methods/D/eval_full_clean_ids_v1,/mnt/shared/zechuan/iraod_artifacts/comparison/dior/clean/seed_42/0f98a48/methods/D/eval_full_clean_ids_v1/eval_20260907_195027.json,True,[],"[{""directory"": ""/mnt/shared/zechuan/iraod_artifacts/comparison/dior/clean/seed_42/0f98a48/methods/D/eval_full_clean_ids_v1"", ""eval_jsons"": [""/mnt/shared/zechuan/iraod_artifacts/comparison/dior/clean/seed_42/0f98a48/methods/D/eval_full_clean_ids_v1/eval_20260907_195027.json""]}]",True
DIOR,clean,D,43,ema,metadata_collected,0.2994125485420227,/mnt/shared/zechuan/iraod_artifacts/comparison/dior/clean/seed_43/0f98a48/methods/D/eval_full_clean_ids_v1,/mnt/shared/zechuan/iraod_artifacts/comparison/dior/clean/seed_43/0f98a48/methods/D/eval_full_clean_ids_v1/eval_20260907_091658.json,True,[],"[{""directory"": ""/mnt/shared/zechuan/iraod_artifacts/comparison/dior/clean/seed_43/0f98a48/methods/D/eval_full_clean_ids_v1"", ""eval_jsons"": [""/mnt/shared/zechuan/iraod_artifacts/comparison/dior/clean/seed_43/0f98a48/methods/D/eval_full_clean_ids_v1/eval_20260907_091658.json""]}]",True
DIOR,clean,D,44,ema,metadata_collected,0.2985842823982239,/mnt/shared/zechuan/iraod_artifacts/comparison/dior/clean/seed_44/0f98a48/methods/D/eval_full_clean_ids_v1,/mnt/shared/zechuan/iraod_artifacts/comparison/dior/clean/seed_44/0f98a48/methods/D/eval_full_clean_ids_v1/eval_20260907_225311.json,True,[],"[{""directory"": ""/mnt/shared/zechuan/iraod_artifacts/comparison/dior/clean/seed_44/0f98a48/methods/D/eval_full_clean_ids_v1"", ""eval_jsons"": [""/mnt/shared/zechuan/iraod_artifacts/comparison/dior/clean/seed_44/0f98a48/methods/D/eval_full_clean_ids_v1/eval_20260907_225311.json""]}]",True
DIOR,clean,E,42,ema,metadata_collected,0.2986454367637634,/mnt/shared/zechuan/iraod_artifacts/comparison/dior/clean/seed_42/0f98a48/methods/E/ddp2/eval_full_clean_ids_v1,/mnt/shared/zechuan/iraod_artifacts/comparison/dior/clean/seed_42/0f98a48/methods/E/ddp2/eval_full_clean_ids_v1/eval_20260907_200155.json,True,[],"[{""directory"": ""/mnt/shared/zechuan/iraod_artifacts/comparison/dior/clean/seed_42/0f98a48/methods/E/ddp2/eval_full_clean_ids_v1"", ""eval_jsons"": [""/mnt/shared/zechuan/iraod_artifacts/comparison/dior/clean/seed_42/0f98a48/methods/E/ddp2/eval_full_clean_ids_v1/eval_20260907_200155.json""]}]",True
DIOR,clean,E,43,ema,metadata_collected,0.29808932542800903,/mnt/shared/zechuan/iraod_artifacts/comparison/dior/clean/seed_43/0f98a48/methods/E/ddp2/eval_full_clean_ids_v1,/mnt/shared/zechuan/iraod_artifacts/comparison/dior/clean/seed_43/0f98a48/methods/E/ddp2/eval_full_clean_ids_v1/eval_20260908_035600.json,True,[],"[{""directory"": ""/mnt/shared/zechuan/iraod_artifacts/comparison/dior/clean/seed_43/0f98a48/methods/E/ddp2/eval_full_clean_ids_v1"", ""eval_jsons"": [""/mnt/shared/zechuan/iraod_artifacts/comparison/dior/clean/seed_43/0f98a48/methods/E/ddp2/eval_full_clean_ids_v1/eval_20260908_035600.json""]}]",True
DIOR,clean,E,44,ema,metadata_collected,0.3018105626106262,/mnt/shared/zechuan/iraod_artifacts/comparison/dior/clean/seed_44/0f98a48/methods/E/ddp2/eval_full_clean_ids_v1,/mnt/shared/zechuan/iraod_artifacts/comparison/dior/clean/seed_44/0f98a48/methods/E/ddp2/eval_full_clean_ids_v1/eval_20260908_040937.json,True,[],"[{""directory"": ""/mnt/shared/zechuan/iraod_artifacts/comparison/dior/clean/seed_44/0f98a48/methods/E/ddp2/eval_full_clean_ids_v1"", ""eval_jsons"": [""/mnt/shared/zechuan/iraod_artifacts/comparison/dior/clean/seed_44/0f98a48/methods/E/ddp2/eval_full_clean_ids_v1/eval_20260908_040937.json""]}]",True
DIOR,clean,F,42,ema,metadata_collected,0.29900985956192017,/mnt/shared/zechuan/iraod_artifacts/comparison/dior/clean/seed_42/0f98a48/methods/F/ddp2/eval_full_clean_ids_v1,/mnt/shared/zechuan/iraod_artifacts/comparison/dior/clean/seed_42/0f98a48/methods/F/ddp2/eval_full_clean_ids_v1/eval_20260907_202712.json,True,[],"[{""directory"": ""/mnt/shared/zechuan/iraod_artifacts/comparison/dior/clean/seed_42/0f98a48/methods/F/ddp2/eval_full_clean_ids_v1"", ""eval_jsons"": [""/mnt/shared/zechuan/iraod_artifacts/comparison/dior/clean/seed_42/0f98a48/methods/F/ddp2/eval_full_clean_ids_v1/eval_20260907_202712.json""]}]",True
DIOR,clean,F,43,ema,metadata_collected,0.29463687539100647,/mnt/shared/zechuan/iraod_artifacts/comparison/dior/clean/seed_43/0f98a48/methods/F/ddp2/eval_full_clean_ids_v1,/mnt/shared/zechuan/iraod_artifacts/comparison/dior/clean/seed_43/0f98a48/methods/F/ddp2/eval_full_clean_ids_v1/eval_20260908_040254.json,True,[],"[{""directory"": ""/mnt/shared/zechuan/iraod_artifacts/comparison/dior/clean/seed_43/0f98a48/methods/F/ddp2/eval_full_clean_ids_v1"", ""eval_jsons"": [""/mnt/shared/zechuan/iraod_artifacts/comparison/dior/clean/seed_43/0f98a48/methods/F/ddp2/eval_full_clean_ids_v1/eval_20260908_040254.json""]}]",True
DIOR,clean,F,44,ema,metadata_collected,0.2995159924030304,/mnt/shared/zechuan/iraod_artifacts/comparison/dior/clean/seed_44/0f98a48/methods/F/ddp2/eval_full_clean_ids_v1,/mnt/shared/zechuan/iraod_artifacts/comparison/dior/clean/seed_44/0f98a48/methods/F/ddp2/eval_full_clean_ids_v1/eval_20260908_041624.json,True,[],"[{""directory"": ""/mnt/shared/zechuan/iraod_artifacts/comparison/dior/clean/seed_44/0f98a48/methods/F/ddp2/eval_full_clean_ids_v1"", ""eval_jsons"": [""/mnt/shared/zechuan/iraod_artifacts/comparison/dior/clean/seed_44/0f98a48/methods/F/ddp2/eval_full_clean_ids_v1/eval_20260908_041624.json""]}]",True
DIOR,brightness,A,42,source,metadata_collected,0.2416841983795166,/mnt/shared/zechuan/iraod_artifacts/comparison/dior/brightness/seed_42/0f98a48/methods/A/eval_full_brightness_ids_v1,/mnt/shared/zechuan/iraod_artifacts/comparison/dior/brightness/seed_42/0f98a48/methods/A/eval_full_brightness_ids_v1/eval_20260907_203847.json,True,[],"[{""directory"": ""/mnt/shared/zechuan/iraod_artifacts/comparison/dior/brightness/seed_42/0f98a48/methods/A/eval_full_brightness_ids_v1"", ""eval_jsons"": [""/mnt/shared/zechuan/iraod_artifacts/comparison/dior/brightness/seed_42/0f98a48/methods/A/eval_full_brightness_ids_v1/eval_20260907_203847.json""]}]",True
DIOR,brightness,B,42,ema,metadata_collected,0.2446555644273758,/mnt/shared/zechuan/iraod_artifacts/comparison/dior/brightness/seed_42/0f98a48/methods/B/eval_full_brightness_ids_v1,/mnt/shared/zechuan/iraod_artifacts/comparison/dior/brightness/seed_42/0f98a48/methods/B/eval_full_brightness_ids_v1/eval_20260907_205533.json,True,[],"[{""directory"": ""/mnt/shared/zechuan/iraod_artifacts/comparison/dior/brightness/seed_42/0f98a48/methods/B/eval_full_brightness_ids_v1"", ""eval_jsons"": [""/mnt/shared/zechuan/iraod_artifacts/comparison/dior/brightness/seed_42/0f98a48/methods/B/eval_full_brightness_ids_v1/eval_20260907_205533.json""]}]",True
DIOR,brightness,B,43,ema,metadata_collected,0.2454410046339035,/mnt/shared/zechuan/iraod_artifacts/comparison/dior/brightness/seed_43/0f98a48/methods/B/eval_full_brightness_ids_v1,/mnt/shared/zechuan/iraod_artifacts/comparison/dior/brightness/seed_43/0f98a48/methods/B/eval_full_brightness_ids_v1/eval_20260907_091434.json,True,[],"[{""directory"": ""/mnt/shared/zechuan/iraod_artifacts/comparison/dior/brightness/seed_43/0f98a48/methods/B/eval_full_brightness_ids_v1"", ""eval_jsons"": [""/mnt/shared/zechuan/iraod_artifacts/comparison/dior/brightness/seed_43/0f98a48/methods/B/eval_full_brightness_ids_v1/eval_20260907_091434.json""]}]",True
DIOR,brightness,B,44,ema,metadata_collected,0.24648535251617432,/mnt/shared/zechuan/iraod_artifacts/comparison/dior/brightness/seed_44/0f98a48/methods/B/eval_full_brightness_ids_v1,/mnt/shared/zechuan/iraod_artifacts/comparison/dior/brightness/seed_44/0f98a48/methods/B/eval_full_brightness_ids_v1/eval_20260907_231803.json,True,[],"[{""directory"": ""/mnt/shared/zechuan/iraod_artifacts/comparison/dior/brightness/seed_44/0f98a48/methods/B/eval_full_brightness_ids_v1"", ""eval_jsons"": [""/mnt/shared/zechuan/iraod_artifacts/comparison/dior/brightness/seed_44/0f98a48/methods/B/eval_full_brightness_ids_v1/eval_20260907_231803.json""]}]",True
DIOR,brightness,C,42,ema,metadata_collected,0.24738624691963196,/mnt/shared/zechuan/iraod_artifacts/comparison/dior/brightness/seed_42/0f98a48/methods/C/eval_full_brightness_ids_v1,/mnt/shared/zechuan/iraod_artifacts/comparison/dior/brightness/seed_42/0f98a48/methods/C/eval_full_brightness_ids_v1/eval_20260907_210734.json,True,[],"[{""directory"": ""/mnt/shared/zechuan/iraod_artifacts/comparison/dior/brightness/seed_42/0f98a48/methods/C/eval_full_brightness_ids_v1"", ""eval_jsons"": [""/mnt/shared/zechuan/iraod_artifacts/comparison/dior/brightness/seed_42/0f98a48/methods/C/eval_full_brightness_ids_v1/eval_20260907_210734.json""]}]",True
DIOR,brightness,C,43,ema,metadata_collected,0.24734535813331604,/mnt/shared/zechuan/iraod_artifacts/comparison/dior/brightness/seed_43/0f98a48/methods/C/eval_full_brightness_ids_v1,/mnt/shared/zechuan/iraod_artifacts/comparison/dior/brightness/seed_43/0f98a48/methods/C/eval_full_brightness_ids_v1/eval_20260907_104223.json,True,[],"[{""directory"": ""/mnt/shared/zechuan/iraod_artifacts/comparison/dior/brightness/seed_43/0f98a48/methods/C/eval_full_brightness_ids_v1"", ""eval_jsons"": [""/mnt/shared/zechuan/iraod_artifacts/comparison/dior/brightness/seed_43/0f98a48/methods/C/eval_full_brightness_ids_v1/eval_20260907_104223.json""]}]",True
DIOR,brightness,C,44,ema,metadata_collected,0.2475169599056244,/mnt/shared/zechuan/iraod_artifacts/comparison/dior/brightness/seed_44/0f98a48/methods/C/eval_full_brightness_ids_v1,/mnt/shared/zechuan/iraod_artifacts/comparison/dior/brightness/seed_44/0f98a48/methods/C/eval_full_brightness_ids_v1/eval_20260908_001229.json,True,[],"[{""directory"": ""/mnt/shared/zechuan/iraod_artifacts/comparison/dior/brightness/seed_44/0f98a48/methods/C/eval_full_brightness_ids_v1"", ""eval_jsons"": [""/mnt/shared/zechuan/iraod_artifacts/comparison/dior/brightness/seed_44/0f98a48/methods/C/eval_full_brightness_ids_v1/eval_20260908_001229.json""]}]",True
DIOR,brightness,D,42,ema,metadata_collected,0.23989610373973846,/mnt/shared/zechuan/iraod_artifacts/comparison/dior/brightness/seed_42/0f98a48/methods/D/eval_full_brightness_ids_v1,/mnt/shared/zechuan/iraod_artifacts/comparison/dior/brightness/seed_42/0f98a48/methods/D/eval_full_brightness_ids_v1/eval_20260907_212004.json,True,[],"[{""directory"": ""/mnt/shared/zechuan/iraod_artifacts/comparison/dior/brightness/seed_42/0f98a48/methods/D/eval_full_brightness_ids_v1"", ""eval_jsons"": [""/mnt/shared/zechuan/iraod_artifacts/comparison/dior/brightness/seed_42/0f98a48/methods/D/eval_full_brightness_ids_v1/eval_20260907_212004.json""]}]",True
DIOR,brightness,D,43,ema,metadata_collected,0.2401602566242218,/mnt/shared/zechuan/iraod_artifacts/comparison/dior/brightness/seed_43/0f98a48/methods/D/eval_full_brightness_ids_v1,/mnt/shared/zechuan/iraod_artifacts/comparison/dior/brightness/seed_43/0f98a48/methods/D/eval_full_brightness_ids_v1/eval_20260907_104202.json,True,[],"[{""directory"": ""/mnt/shared/zechuan/iraod_artifacts/comparison/dior/brightness/seed_43/0f98a48/methods/D/eval_full_brightness_ids_v1"", ""eval_jsons"": [""/mnt/shared/zechuan/iraod_artifacts/comparison/dior/brightness/seed_43/0f98a48/methods/D/eval_full_brightness_ids_v1/eval_20260907_104202.json""]}]",True
DIOR,brightness,D,44,ema,metadata_collected,0.2395966351032257,/mnt/shared/zechuan/iraod_artifacts/comparison/dior/brightness/seed_44/0f98a48/methods/D/eval_full_brightness_ids_v1,/mnt/shared/zechuan/iraod_artifacts/comparison/dior/brightness/seed_44/0f98a48/methods/D/eval_full_brightness_ids_v1/eval_20260908_004526.json,True,[],"[{""directory"": ""/mnt/shared/zechuan/iraod_artifacts/comparison/dior/brightness/seed_44/0f98a48/methods/D/eval_full_brightness_ids_v1"", ""eval_jsons"": [""/mnt/shared/zechuan/iraod_artifacts/comparison/dior/brightness/seed_44/0f98a48/methods/D/eval_full_brightness_ids_v1/eval_20260908_004526.json""]}]",True
DIOR,brightness,E,42,ema,metadata_collected,0.24478599429130554,/mnt/shared/zechuan/iraod_artifacts/comparison/dior/brightness/seed_42/0f98a48/methods/E/ddp2/eval_full_brightness_ids_v1,/mnt/shared/zechuan/iraod_artifacts/comparison/dior/brightness/seed_42/0f98a48/methods/E/ddp2/eval_full_brightness_ids_v1/eval_20260907_213250.json,True,[],"[{""directory"": ""/mnt/shared/zechuan/iraod_artifacts/comparison/dior/brightness/seed_42/0f98a48/methods/E/ddp2/eval_full_brightness_ids_v1"", ""eval_jsons"": [""/mnt/shared/zechuan/iraod_artifacts/comparison/dior/brightness/seed_42/0f98a48/methods/E/ddp2/eval_full_brightness_ids_v1/eval_20260907_213250.json""]}]",True
DIOR,brightness,E,43,ema,metadata_collected,0.24658599495887756,/mnt/shared/zechuan/iraod_artifacts/comparison/dior/brightness/seed_43/0f98a48/methods/E/ddp2/eval_full_brightness_ids_v1,/mnt/shared/zechuan/iraod_artifacts/comparison/dior/brightness/seed_43/0f98a48/methods/E/ddp2/eval_full_brightness_ids_v1/eval_20260908_042312.json,True,[],"[{""directory"": ""/mnt/shared/zechuan/iraod_artifacts/comparison/dior/brightness/seed_43/0f98a48/methods/E/ddp2/eval_full_brightness_ids_v1"", ""eval_jsons"": [""/mnt/shared/zechuan/iraod_artifacts/comparison/dior/brightness/seed_43/0f98a48/methods/E/ddp2/eval_full_brightness_ids_v1/eval_20260908_042312.json""]}]",True
DIOR,brightness,E,44,ema,metadata_collected,0.24522244930267334,/mnt/shared/zechuan/iraod_artifacts/comparison/dior/brightness/seed_44/0f98a48/methods/E/ddp2/eval_full_brightness_ids_v1,/mnt/shared/zechuan/iraod_artifacts/comparison/dior/brightness/seed_44/0f98a48/methods/E/ddp2/eval_full_brightness_ids_v1/eval_20260908_043657.json,True,[],"[{""directory"": ""/mnt/shared/zechuan/iraod_artifacts/comparison/dior/brightness/seed_44/0f98a48/methods/E/ddp2/eval_full_brightness_ids_v1"", ""eval_jsons"": [""/mnt/shared/zechuan/iraod_artifacts/comparison/dior/brightness/seed_44/0f98a48/methods/E/ddp2/eval_full_brightness_ids_v1/eval_20260908_043657.json""]}]",True
DIOR,brightness,F,42,ema,metadata_collected,0.2418944090604782,/mnt/shared/zechuan/iraod_artifacts/comparison/dior/brightness/seed_42/0f98a48/methods/F/ddp2/eval_full_brightness_ids_v1,/mnt/shared/zechuan/iraod_artifacts/comparison/dior/brightness/seed_42/0f98a48/methods/F/ddp2/eval_full_brightness_ids_v1/eval_20260907_221251.json,True,[],"[{""directory"": ""/mnt/shared/zechuan/iraod_artifacts/comparison/dior/brightness/seed_42/0f98a48/methods/F/ddp2/eval_full_brightness_ids_v1"", ""eval_jsons"": [""/mnt/shared/zechuan/iraod_artifacts/comparison/dior/brightness/seed_42/0f98a48/methods/F/ddp2/eval_full_brightness_ids_v1/eval_20260907_221251.json""]}]",True
DIOR,brightness,F,43,ema,metadata_collected,0.23891043663024902,/mnt/shared/zechuan/iraod_artifacts/comparison/dior/brightness/seed_43/0f98a48/methods/F/ddp2/eval_full_brightness_ids_v1,/mnt/shared/zechuan/iraod_artifacts/comparison/dior/brightness/seed_43/0f98a48/methods/F/ddp2/eval_full_brightness_ids_v1/eval_20260908_043002.json,True,[],"[{""directory"": ""/mnt/shared/zechuan/iraod_artifacts/comparison/dior/brightness/seed_43/0f98a48/methods/F/ddp2/eval_full_brightness_ids_v1"", ""eval_jsons"": [""/mnt/shared/zechuan/iraod_artifacts/comparison/dior/brightness/seed_43/0f98a48/methods/F/ddp2/eval_full_brightness_ids_v1/eval_20260908_043002.json""]}]",True
DIOR,brightness,F,44,ema,metadata_collected,0.23942621052265167,/mnt/shared/zechuan/iraod_artifacts/comparison/dior/brightness/seed_44/0f98a48/methods/F/ddp2/eval_full_brightness_ids_v1,/mnt/shared/zechuan/iraod_artifacts/comparison/dior/brightness/seed_44/0f98a48/methods/F/ddp2/eval_full_brightness_ids_v1/eval_20260908_044355.json,True,[],"[{""directory"": ""/mnt/shared/zechuan/iraod_artifacts/comparison/dior/brightness/seed_44/0f98a48/methods/F/ddp2/eval_full_brightness_ids_v1"", ""eval_jsons"": [""/mnt/shared/zechuan/iraod_artifacts/comparison/dior/brightness/seed_44/0f98a48/methods/F/ddp2/eval_full_brightness_ids_v1/eval_20260908_044355.json""]}]",True
DIOR,cloudy,A,42,source,metadata_collected,0.29026827216148376,/mnt/shared/zechuan/iraod_artifacts/comparison/dior/cloudy/seed_42/0f98a48/methods/A/eval_full_cloudy_ids_v1,/mnt/shared/zechuan/iraod_artifacts/comparison/dior/cloudy/seed_42/0f98a48/methods/A/eval_full_cloudy_ids_v1/eval_20260907_222641.json,True,[],"[{""directory"": ""/mnt/shared/zechuan/iraod_artifacts/comparison/dior/cloudy/seed_42/0f98a48/methods/A/eval_full_cloudy_ids_v1"", ""eval_jsons"": [""/mnt/shared/zechuan/iraod_artifacts/comparison/dior/cloudy/seed_42/0f98a48/methods/A/eval_full_cloudy_ids_v1/eval_20260907_222641.json""]}]",True
DIOR,cloudy,B,42,ema,metadata_collected,0.29717421531677246,/mnt/shared/zechuan/iraod_artifacts/comparison/dior/cloudy/seed_42/0f98a48/methods/B/eval_full_cloudy_ids_v1,/mnt/shared/zechuan/iraod_artifacts/comparison/dior/cloudy/seed_42/0f98a48/methods/B/eval_full_cloudy_ids_v1/eval_20260907_224617.json,True,[],"[{""directory"": ""/mnt/shared/zechuan/iraod_artifacts/comparison/dior/cloudy/seed_42/0f98a48/methods/B/eval_full_cloudy_ids_v1"", ""eval_jsons"": [""/mnt/shared/zechuan/iraod_artifacts/comparison/dior/cloudy/seed_42/0f98a48/methods/B/eval_full_cloudy_ids_v1/eval_20260907_224617.json""]}]",True
DIOR,cloudy,B,43,ema,metadata_collected,0.29528483748435974,/mnt/shared/zechuan/iraod_artifacts/comparison/dior/cloudy/seed_43/0f98a48/methods/B/eval_full_cloudy_ids_v1,/mnt/shared/zechuan/iraod_artifacts/comparison/dior/cloudy/seed_43/0f98a48/methods/B/eval_full_cloudy_ids_v1/eval_20260907_104207.json,True,[],"[{""directory"": ""/mnt/shared/zechuan/iraod_artifacts/comparison/dior/cloudy/seed_43/0f98a48/methods/B/eval_full_cloudy_ids_v1"", ""eval_jsons"": [""/mnt/shared/zechuan/iraod_artifacts/comparison/dior/cloudy/seed_43/0f98a48/methods/B/eval_full_cloudy_ids_v1/eval_20260907_104207.json""]}]",True
DIOR,cloudy,B,44,ema,metadata_collected,0.2970402240753174,/mnt/shared/zechuan/iraod_artifacts/comparison/dior/cloudy/seed_44/0f98a48/methods/B/eval_full_cloudy_ids_v1,/mnt/shared/zechuan/iraod_artifacts/comparison/dior/cloudy/seed_44/0f98a48/methods/B/eval_full_cloudy_ids_v1/eval_20260908_011135.json,True,[],"[{""directory"": ""/mnt/shared/zechuan/iraod_artifacts/comparison/dior/cloudy/seed_44/0f98a48/methods/B/eval_full_cloudy_ids_v1"", ""eval_jsons"": [""/mnt/shared/zechuan/iraod_artifacts/comparison/dior/cloudy/seed_44/0f98a48/methods/B/eval_full_cloudy_ids_v1/eval_20260908_011135.json""]}]",True
DIOR,cloudy,C,42,ema,metadata_collected,0.29425033926963806,/mnt/shared/zechuan/iraod_artifacts/comparison/dior/cloudy/seed_42/0f98a48/methods/C/eval_full_cloudy_ids_v1,/mnt/shared/zechuan/iraod_artifacts/comparison/dior/cloudy/seed_42/0f98a48/methods/C/eval_full_cloudy_ids_v1/eval_20260907_225935.json,True,[],"[{""directory"": ""/mnt/shared/zechuan/iraod_artifacts/comparison/dior/cloudy/seed_42/0f98a48/methods/C/eval_full_cloudy_ids_v1"", ""eval_jsons"": [""/mnt/shared/zechuan/iraod_artifacts/comparison/dior/cloudy/seed_42/0f98a48/methods/C/eval_full_cloudy_ids_v1/eval_20260907_225935.json""]}]",True
DIOR,cloudy,C,43,ema,metadata_collected,0.29432907700538635,/mnt/shared/zechuan/iraod_artifacts/comparison/dior/cloudy/seed_43/0f98a48/methods/C/eval_full_cloudy_ids_v1,/mnt/shared/zechuan/iraod_artifacts/comparison/dior/cloudy/seed_43/0f98a48/methods/C/eval_full_cloudy_ids_v1/eval_20260907_103723.json,True,[],"[{""directory"": ""/mnt/shared/zechuan/iraod_artifacts/comparison/dior/cloudy/seed_43/0f98a48/methods/C/eval_full_cloudy_ids_v1"", ""eval_jsons"": [""/mnt/shared/zechuan/iraod_artifacts/comparison/dior/cloudy/seed_43/0f98a48/methods/C/eval_full_cloudy_ids_v1/eval_20260907_103723.json""]}]",True
DIOR,cloudy,C,44,ema,metadata_collected,0.2942235767841339,/mnt/shared/zechuan/iraod_artifacts/comparison/dior/cloudy/seed_44/0f98a48/methods/C/eval_full_cloudy_ids_v1,/mnt/shared/zechuan/iraod_artifacts/comparison/dior/cloudy/seed_44/0f98a48/methods/C/eval_full_cloudy_ids_v1/eval_20260908_020248.json,True,[],"[{""directory"": ""/mnt/shared/zechuan/iraod_artifacts/comparison/dior/cloudy/seed_44/0f98a48/methods/C/eval_full_cloudy_ids_v1"", ""eval_jsons"": [""/mnt/shared/zechuan/iraod_artifacts/comparison/dior/cloudy/seed_44/0f98a48/methods/C/eval_full_cloudy_ids_v1/eval_20260908_020248.json""]}]",True
DIOR,cloudy,D,42,ema,metadata_collected,0.28670230507850647,/mnt/shared/zechuan/iraod_artifacts/comparison/dior/cloudy/seed_42/0f98a48/methods/D/eval_full_cloudy_ids_v1,/mnt/shared/zechuan/iraod_artifacts/comparison/dior/cloudy/seed_42/0f98a48/methods/D/eval_full_cloudy_ids_v1/eval_20260907_231138.json,True,[],"[{""directory"": ""/mnt/shared/zechuan/iraod_artifacts/comparison/dior/cloudy/seed_42/0f98a48/methods/D/eval_full_cloudy_ids_v1"", ""eval_jsons"": [""/mnt/shared/zechuan/iraod_artifacts/comparison/dior/cloudy/seed_42/0f98a48/methods/D/eval_full_cloudy_ids_v1/eval_20260907_231138.json""]}]",True
DIOR,cloudy,D,43,ema,metadata_collected,0.2857818007469177,/mnt/shared/zechuan/iraod_artifacts/comparison/dior/cloudy/seed_43/0f98a48/methods/D/eval_full_cloudy_ids_v1,/mnt/shared/zechuan/iraod_artifacts/comparison/dior/cloudy/seed_43/0f98a48/methods/D/eval_full_cloudy_ids_v1/eval_20260907_123504.json,True,[],"[{""directory"": ""/mnt/shared/zechuan/iraod_artifacts/comparison/dior/cloudy/seed_43/0f98a48/methods/D/eval_full_cloudy_ids_v1"", ""eval_jsons"": [""/mnt/shared/zechuan/iraod_artifacts/comparison/dior/cloudy/seed_43/0f98a48/methods/D/eval_full_cloudy_ids_v1/eval_20260907_123504.json""]}]",True
DIOR,cloudy,D,44,ema,metadata_collected,0.2864016592502594,/mnt/shared/zechuan/iraod_artifacts/comparison/dior/cloudy/seed_44/0f98a48/methods/D/eval_full_cloudy_ids_v1,/mnt/shared/zechuan/iraod_artifacts/comparison/dior/cloudy/seed_44/0f98a48/methods/D/eval_full_cloudy_ids_v1/eval_20260908_022208.json,True,[],"[{""directory"": ""/mnt/shared/zechuan/iraod_artifacts/comparison/dior/cloudy/seed_44/0f98a48/methods/D/eval_full_cloudy_ids_v1"", ""eval_jsons"": [""/mnt/shared/zechuan/iraod_artifacts/comparison/dior/cloudy/seed_44/0f98a48/methods/D/eval_full_cloudy_ids_v1/eval_20260908_022208.json""]}]",True
DIOR,cloudy,E,42,ema,metadata_collected,0.2975709140300751,/mnt/shared/zechuan/iraod_artifacts/comparison/dior/cloudy/seed_42/0f98a48/methods/E/ddp2/eval_full_cloudy_ids_v1,/mnt/shared/zechuan/iraod_artifacts/comparison/dior/cloudy/seed_42/0f98a48/methods/E/ddp2/eval_full_cloudy_ids_v1/eval_20260907_232508.json,True,[],"[{""directory"": ""/mnt/shared/zechuan/iraod_artifacts/comparison/dior/cloudy/seed_42/0f98a48/methods/E/ddp2/eval_full_cloudy_ids_v1"", ""eval_jsons"": [""/mnt/shared/zechuan/iraod_artifacts/comparison/dior/cloudy/seed_42/0f98a48/methods/E/ddp2/eval_full_cloudy_ids_v1/eval_20260907_232508.json""]}]",True
DIOR,cloudy,E,43,ema,metadata_collected,0.29711097478866577,/mnt/shared/zechuan/iraod_artifacts/comparison/dior/cloudy/seed_43/0f98a48/methods/E/ddp2/eval_full_cloudy_ids_v1,/mnt/shared/zechuan/iraod_artifacts/comparison/dior/cloudy/seed_43/0f98a48/methods/E/ddp2/eval_full_cloudy_ids_v1/eval_20260908_045039.json,True,[],"[{""directory"": ""/mnt/shared/zechuan/iraod_artifacts/comparison/dior/cloudy/seed_43/0f98a48/methods/E/ddp2/eval_full_cloudy_ids_v1"", ""eval_jsons"": [""/mnt/shared/zechuan/iraod_artifacts/comparison/dior/cloudy/seed_43/0f98a48/methods/E/ddp2/eval_full_cloudy_ids_v1/eval_20260908_045039.json""]}]",True
DIOR,cloudy,E,44,ema,metadata_collected,0.29569584131240845,/mnt/shared/zechuan/iraod_artifacts/comparison/dior/cloudy/seed_44/0f98a48/methods/E/ddp2/eval_full_cloudy_ids_v1,/mnt/shared/zechuan/iraod_artifacts/comparison/dior/cloudy/seed_44/0f98a48/methods/E/ddp2/eval_full_cloudy_ids_v1/eval_20260908_050422.json,True,[],"[{""directory"": ""/mnt/shared/zechuan/iraod_artifacts/comparison/dior/cloudy/seed_44/0f98a48/methods/E/ddp2/eval_full_cloudy_ids_v1"", ""eval_jsons"": [""/mnt/shared/zechuan/iraod_artifacts/comparison/dior/cloudy/seed_44/0f98a48/methods/E/ddp2/eval_full_cloudy_ids_v1/eval_20260908_050422.json""]}]",True
DIOR,cloudy,F,42,ema,metadata_collected,0.2878604531288147,/mnt/shared/zechuan/iraod_artifacts/comparison/dior/cloudy/seed_42/0f98a48/methods/F/ddp2/eval_full_cloudy_ids_v1,/mnt/shared/zechuan/iraod_artifacts/comparison/dior/cloudy/seed_42/0f98a48/methods/F/ddp2/eval_full_cloudy_ids_v1/eval_20260908_000538.json,True,[],"[{""directory"": ""/mnt/shared/zechuan/iraod_artifacts/comparison/dior/cloudy/seed_42/0f98a48/methods/F/ddp2/eval_full_cloudy_ids_v1"", ""eval_jsons"": [""/mnt/shared/zechuan/iraod_artifacts/comparison/dior/cloudy/seed_42/0f98a48/methods/F/ddp2/eval_full_cloudy_ids_v1/eval_20260908_000538.json""]}]",True
DIOR,cloudy,F,43,ema,metadata_collected,0.28389349579811096,/mnt/shared/zechuan/iraod_artifacts/comparison/dior/cloudy/seed_43/0f98a48/methods/F/ddp2/eval_full_cloudy_ids_v1,/mnt/shared/zechuan/iraod_artifacts/comparison/dior/cloudy/seed_43/0f98a48/methods/F/ddp2/eval_full_cloudy_ids_v1/eval_20260908_045731.json,True,[],"[{""directory"": ""/mnt/shared/zechuan/iraod_artifacts/comparison/dior/cloudy/seed_43/0f98a48/methods/F/ddp2/eval_full_cloudy_ids_v1"", ""eval_jsons"": [""/mnt/shared/zechuan/iraod_artifacts/comparison/dior/cloudy/seed_43/0f98a48/methods/F/ddp2/eval_full_cloudy_ids_v1/eval_20260908_045731.json""]}]",True
DIOR,cloudy,F,44,ema,metadata_collected,0.2843107581138611,/mnt/shared/zechuan/iraod_artifacts/comparison/dior/cloudy/seed_44/0f98a48/methods/F/ddp2/eval_full_cloudy_ids_v1,/mnt/shared/zechuan/iraod_artifacts/comparison/dior/cloudy/seed_44/0f98a48/methods/F/ddp2/eval_full_cloudy_ids_v1/eval_20260908_051119.json,True,[],"[{""directory"": ""/mnt/shared/zechuan/iraod_artifacts/comparison/dior/cloudy/seed_44/0f98a48/methods/F/ddp2/eval_full_cloudy_ids_v1"", ""eval_jsons"": [""/mnt/shared/zechuan/iraod_artifacts/comparison/dior/cloudy/seed_44/0f98a48/methods/F/ddp2/eval_full_cloudy_ids_v1/eval_20260908_051119.json""]}]",True
DIOR,contrast,A,42,source,metadata_collected,0.2816031277179718,/mnt/shared/zechuan/iraod_artifacts/comparison/dior/contrast/seed_42/0f98a48/methods/A/eval_full_contrast_ids_v1,/mnt/shared/zechuan/iraod_artifacts/comparison/dior/contrast/seed_42/0f98a48/methods/A/eval_full_contrast_ids_v1/eval_20260908_001943.json,True,[],"[{""directory"": ""/mnt/shared/zechuan/iraod_artifacts/comparison/dior/contrast/seed_42/0f98a48/methods/A/eval_full_contrast_ids_v1"", ""eval_jsons"": [""/mnt/shared/zechuan/iraod_artifacts/comparison/dior/contrast/seed_42/0f98a48/methods/A/eval_full_contrast_ids_v1/eval_20260908_001943.json""]}]",True
DIOR,contrast,B,42,ema,metadata_collected,0.28456738591194153,/mnt/shared/zechuan/iraod_artifacts/comparison/dior/contrast/seed_42/0f98a48/methods/B/eval_full_contrast_ids_v1,/mnt/shared/zechuan/iraod_artifacts/comparison/dior/contrast/seed_42/0f98a48/methods/B/eval_full_contrast_ids_v1/eval_20260908_003817.json,True,[],"[{""directory"": ""/mnt/shared/zechuan/iraod_artifacts/comparison/dior/contrast/seed_42/0f98a48/methods/B/eval_full_contrast_ids_v1"", ""eval_jsons"": [""/mnt/shared/zechuan/iraod_artifacts/comparison/dior/contrast/seed_42/0f98a48/methods/B/eval_full_contrast_ids_v1/eval_20260908_003817.json""]}]",True
DIOR,contrast,B,43,ema,metadata_collected,0.2832428216934204,/mnt/shared/zechuan/iraod_artifacts/comparison/dior/contrast/seed_43/0f98a48/methods/B/eval_full_contrast_ids_v1,/mnt/shared/zechuan/iraod_artifacts/comparison/dior/contrast/seed_43/0f98a48/methods/B/eval_full_contrast_ids_v1/eval_20260907_125142.json,True,[],"[{""directory"": ""/mnt/shared/zechuan/iraod_artifacts/comparison/dior/contrast/seed_43/0f98a48/methods/B/eval_full_contrast_ids_v1"", ""eval_jsons"": [""/mnt/shared/zechuan/iraod_artifacts/comparison/dior/contrast/seed_43/0f98a48/methods/B/eval_full_contrast_ids_v1/eval_20260907_125142.json""]}]",True
DIOR,contrast,B,44,ema,metadata_collected,0.28549471497535706,/mnt/shared/zechuan/iraod_artifacts/comparison/dior/contrast/seed_44/0f98a48/methods/B/eval_full_contrast_ids_v1,/mnt/shared/zechuan/iraod_artifacts/comparison/dior/contrast/seed_44/0f98a48/methods/B/eval_full_contrast_ids_v1/eval_20260908_023445.json,True,[],"[{""directory"": ""/mnt/shared/zechuan/iraod_artifacts/comparison/dior/contrast/seed_44/0f98a48/methods/B/eval_full_contrast_ids_v1"", ""eval_jsons"": [""/mnt/shared/zechuan/iraod_artifacts/comparison/dior/contrast/seed_44/0f98a48/methods/B/eval_full_contrast_ids_v1/eval_20260908_023445.json""]}]",True
DIOR,contrast,C,42,ema,metadata_collected,0.28470754623413086,/mnt/shared/zechuan/iraod_artifacts/comparison/dior/contrast/seed_42/0f98a48/methods/C/eval_full_contrast_ids_v1,/mnt/shared/zechuan/iraod_artifacts/comparison/dior/contrast/seed_42/0f98a48/methods/C/eval_full_contrast_ids_v1/eval_20260908_005217.json,True,[],"[{""directory"": ""/mnt/shared/zechuan/iraod_artifacts/comparison/dior/contrast/seed_42/0f98a48/methods/C/eval_full_contrast_ids_v1"", ""eval_jsons"": [""/mnt/shared/zechuan/iraod_artifacts/comparison/dior/contrast/seed_42/0f98a48/methods/C/eval_full_contrast_ids_v1/eval_20260908_005217.json""]}]",True
DIOR,contrast,C,43,ema,metadata_collected,0.28478139638900757,/mnt/shared/zechuan/iraod_artifacts/comparison/dior/contrast/seed_43/0f98a48/methods/C/eval_full_contrast_ids_v1,/mnt/shared/zechuan/iraod_artifacts/comparison/dior/contrast/seed_43/0f98a48/methods/C/eval_full_contrast_ids_v1/eval_20260907_123224.json,True,[],"[{""directory"": ""/mnt/shared/zechuan/iraod_artifacts/comparison/dior/contrast/seed_43/0f98a48/methods/C/eval_full_contrast_ids_v1"", ""eval_jsons"": [""/mnt/shared/zechuan/iraod_artifacts/comparison/dior/contrast/seed_43/0f98a48/methods/C/eval_full_contrast_ids_v1/eval_20260907_123224.json""]}]",True
DIOR,contrast,C,44,ema,metadata_collected,0.28428155183792114,/mnt/shared/zechuan/iraod_artifacts/comparison/dior/contrast/seed_44/0f98a48/methods/C/eval_full_contrast_ids_v1,/mnt/shared/zechuan/iraod_artifacts/comparison/dior/contrast/seed_44/0f98a48/methods/C/eval_full_contrast_ids_v1/eval_20260908_024149.json,True,[],"[{""directory"": ""/mnt/shared/zechuan/iraod_artifacts/comparison/dior/contrast/seed_44/0f98a48/methods/C/eval_full_contrast_ids_v1"", ""eval_jsons"": [""/mnt/shared/zechuan/iraod_artifacts/comparison/dior/contrast/seed_44/0f98a48/methods/C/eval_full_contrast_ids_v1/eval_20260908_024149.json""]}]",True
DIOR,contrast,D,42,ema,metadata_collected,0.27767622470855713,/mnt/shared/zechuan/iraod_artifacts/comparison/dior/contrast/seed_42/0f98a48/methods/D/eval_full_contrast_ids_v1,/mnt/shared/zechuan/iraod_artifacts/comparison/dior/contrast/seed_42/0f98a48/methods/D/eval_full_contrast_ids_v1/eval_20260908_010448.json,True,[],"[{""directory"": ""/mnt/shared/zechuan/iraod_artifacts/comparison/dior/contrast/seed_42/0f98a48/methods/D/eval_full_contrast_ids_v1"", ""eval_jsons"": [""/mnt/shared/zechuan/iraod_artifacts/comparison/dior/contrast/seed_42/0f98a48/methods/D/eval_full_contrast_ids_v1/eval_20260908_010448.json""]}]",True
DIOR,contrast,D,43,ema,metadata_collected,0.2815837860107422,/mnt/shared/zechuan/iraod_artifacts/comparison/dior/contrast/seed_43/0f98a48/methods/D/eval_full_contrast_ids_v1,/mnt/shared/zechuan/iraod_artifacts/comparison/dior/contrast/seed_43/0f98a48/methods/D/eval_full_contrast_ids_v1/eval_20260907_123356.json,True,[],"[{""directory"": ""/mnt/shared/zechuan/iraod_artifacts/comparison/dior/contrast/seed_43/0f98a48/methods/D/eval_full_contrast_ids_v1"", ""eval_jsons"": [""/mnt/shared/zechuan/iraod_artifacts/comparison/dior/contrast/seed_43/0f98a48/methods/D/eval_full_contrast_ids_v1/eval_20260907_123356.json""]}]",True
DIOR,contrast,D,44,ema,metadata_collected,0.2788339853286743,/mnt/shared/zechuan/iraod_artifacts/comparison/dior/contrast/seed_44/0f98a48/methods/D/eval_full_contrast_ids_v1,/mnt/shared/zechuan/iraod_artifacts/comparison/dior/contrast/seed_44/0f98a48/methods/D/eval_full_contrast_ids_v1/eval_20260908_031704.json,True,[],"[{""directory"": ""/mnt/shared/zechuan/iraod_artifacts/comparison/dior/contrast/seed_44/0f98a48/methods/D/eval_full_contrast_ids_v1"", ""eval_jsons"": [""/mnt/shared/zechuan/iraod_artifacts/comparison/dior/contrast/seed_44/0f98a48/methods/D/eval_full_contrast_ids_v1/eval_20260908_031704.json""]}]",True
DIOR,contrast,E,42,ema,metadata_collected,0.28468215465545654,/mnt/shared/zechuan/iraod_artifacts/comparison/dior/contrast/seed_42/0f98a48/methods/E/ddp2/eval_full_contrast_ids_v1,/mnt/shared/zechuan/iraod_artifacts/comparison/dior/contrast/seed_42/0f98a48/methods/E/ddp2/eval_full_contrast_ids_v1/eval_20260908_011832.json,True,[],"[{""directory"": ""/mnt/shared/zechuan/iraod_artifacts/comparison/dior/contrast/seed_42/0f98a48/methods/E/ddp2/eval_full_contrast_ids_v1"", ""eval_jsons"": [""/mnt/shared/zechuan/iraod_artifacts/comparison/dior/contrast/seed_42/0f98a48/methods/E/ddp2/eval_full_contrast_ids_v1/eval_20260908_011832.json""]}]",True
DIOR,contrast,E,43,ema,metadata_collected,0.28526976704597473,/mnt/shared/zechuan/iraod_artifacts/comparison/dior/contrast/seed_43/0f98a48/methods/E/ddp2/eval_full_contrast_ids_v1,/mnt/shared/zechuan/iraod_artifacts/comparison/dior/contrast/seed_43/0f98a48/methods/E/ddp2/eval_full_contrast_ids_v1/eval_20260908_051805.json,True,[],"[{""directory"": ""/mnt/shared/zechuan/iraod_artifacts/comparison/dior/contrast/seed_43/0f98a48/methods/E/ddp2/eval_full_contrast_ids_v1"", ""eval_jsons"": [""/mnt/shared/zechuan/iraod_artifacts/comparison/dior/contrast/seed_43/0f98a48/methods/E/ddp2/eval_full_contrast_ids_v1/eval_20260908_051805.json""]}]",True
DIOR,contrast,E,44,ema,metadata_collected,0.2848696708679199,/mnt/shared/zechuan/iraod_artifacts/comparison/dior/contrast/seed_44/0f98a48/methods/E/ddp2/eval_full_contrast_ids_v1,/mnt/shared/zechuan/iraod_artifacts/comparison/dior/contrast/seed_44/0f98a48/methods/E/ddp2/eval_full_contrast_ids_v1/eval_20260908_053158.json,True,[],"[{""directory"": ""/mnt/shared/zechuan/iraod_artifacts/comparison/dior/contrast/seed_44/0f98a48/methods/E/ddp2/eval_full_contrast_ids_v1"", ""eval_jsons"": [""/mnt/shared/zechuan/iraod_artifacts/comparison/dior/contrast/seed_44/0f98a48/methods/E/ddp2/eval_full_contrast_ids_v1/eval_20260908_053158.json""]}]",True
DIOR,contrast,F,42,ema,metadata_collected,0.2824195623397827,/mnt/shared/zechuan/iraod_artifacts/comparison/dior/contrast/seed_42/0f98a48/methods/F/ddp2/eval_full_contrast_ids_v1,/mnt/shared/zechuan/iraod_artifacts/comparison/dior/contrast/seed_42/0f98a48/methods/F/ddp2/eval_full_contrast_ids_v1/eval_20260908_012543.json,True,[],"[{""directory"": ""/mnt/shared/zechuan/iraod_artifacts/comparison/dior/contrast/seed_42/0f98a48/methods/F/ddp2/eval_full_contrast_ids_v1"", ""eval_jsons"": [""/mnt/shared/zechuan/iraod_artifacts/comparison/dior/contrast/seed_42/0f98a48/methods/F/ddp2/eval_full_contrast_ids_v1/eval_20260908_012543.json""]}]",True
DIOR,contrast,F,43,ema,metadata_collected,0.27880555391311646,/mnt/shared/zechuan/iraod_artifacts/comparison/dior/contrast/seed_43/0f98a48/methods/F/ddp2/eval_full_contrast_ids_v1,/mnt/shared/zechuan/iraod_artifacts/comparison/dior/contrast/seed_43/0f98a48/methods/F/ddp2/eval_full_contrast_ids_v1/eval_20260908_052457.json,True,[],"[{""directory"": ""/mnt/shared/zechuan/iraod_artifacts/comparison/dior/contrast/seed_43/0f98a48/methods/F/ddp2/eval_full_contrast_ids_v1"", ""eval_jsons"": [""/mnt/shared/zechuan/iraod_artifacts/comparison/dior/contrast/seed_43/0f98a48/methods/F/ddp2/eval_full_contrast_ids_v1/eval_20260908_052457.json""]}]",True
DIOR,contrast,F,44,ema,metadata_collected,0.2801007628440857,/mnt/shared/zechuan/iraod_artifacts/comparison/dior/contrast/seed_44/0f98a48/methods/F/ddp2/eval_full_contrast_ids_v1,/mnt/shared/zechuan/iraod_artifacts/comparison/dior/contrast/seed_44/0f98a48/methods/F/ddp2/eval_full_contrast_ids_v1/eval_20260908_053900.json,True,[],"[{""directory"": ""/mnt/shared/zechuan/iraod_artifacts/comparison/dior/contrast/seed_44/0f98a48/methods/F/ddp2/eval_full_contrast_ids_v1"", ""eval_jsons"": [""/mnt/shared/zechuan/iraod_artifacts/comparison/dior/contrast/seed_44/0f98a48/methods/F/ddp2/eval_full_contrast_ids_v1/eval_20260908_053900.json""]}]",True
