dataset,domain,method,seed,role,class_name,AP50,precision,historical_AP50,eval_AP50,status,evidence
RSAR,clean,A,42,source,ship,0.776,printed class_ap.txt (typically 3 decimals),0.776,0.776,complete,/mnt/shared/zechuan/iraod_artifacts/comparison/rsar/clean/seed_42/0f98a48/methods/A/eval_full_clean_ids_v1/class_ap.txt
RSAR,clean,A,42,source,aircraft,0.622,printed class_ap.txt (typically 3 decimals),0.622,0.622,complete,/mnt/shared/zechuan/iraod_artifacts/comparison/rsar/clean/seed_42/0f98a48/methods/A/eval_full_clean_ids_v1/class_ap.txt
RSAR,clean,A,42,source,car,0.784,printed class_ap.txt (typically 3 decimals),0.784,0.784,complete,/mnt/shared/zechuan/iraod_artifacts/comparison/rsar/clean/seed_42/0f98a48/methods/A/eval_full_clean_ids_v1/class_ap.txt
RSAR,clean,A,42,source,tank,0.173,printed class_ap.txt (typically 3 decimals),0.173,0.173,complete,/mnt/shared/zechuan/iraod_artifacts/comparison/rsar/clean/seed_42/0f98a48/methods/A/eval_full_clean_ids_v1/class_ap.txt
RSAR,clean,A,42,source,bridge,0.395,printed class_ap.txt (typically 3 decimals),0.395,0.395,complete,/mnt/shared/zechuan/iraod_artifacts/comparison/rsar/clean/seed_42/0f98a48/methods/A/eval_full_clean_ids_v1/class_ap.txt
RSAR,clean,A,42,source,harbor,0.438,printed class_ap.txt (typically 3 decimals),0.438,0.438,complete,/mnt/shared/zechuan/iraod_artifacts/comparison/rsar/clean/seed_42/0f98a48/methods/A/eval_full_clean_ids_v1/class_ap.txt
RSAR,clean,B,42,ema,ship,0.761,printed class_ap.txt (typically 3 decimals),,,complete,/mnt/shared/zechuan/iraod_artifacts/comparison/rsar/clean/seed_42/0f98a48/methods/B/eval_full_clean_ids_v1/class_ap.txt
RSAR,clean,B,42,ema,aircraft,0.691,printed class_ap.txt (typically 3 decimals),,,complete,/mnt/shared/zechuan/iraod_artifacts/comparison/rsar/clean/seed_42/0f98a48/methods/B/eval_full_clean_ids_v1/class_ap.txt
RSAR,clean,B,42,ema,car,0.768,printed class_ap.txt (typically 3 decimals),,,complete,/mnt/shared/zechuan/iraod_artifacts/comparison/rsar/clean/seed_42/0f98a48/methods/B/eval_full_clean_ids_v1/class_ap.txt
RSAR,clean,B,42,ema,tank,0.13,printed class_ap.txt (typically 3 decimals),,,complete,/mnt/shared/zechuan/iraod_artifacts/comparison/rsar/clean/seed_42/0f98a48/methods/B/eval_full_clean_ids_v1/class_ap.txt
RSAR,clean,B,42,ema,bridge,0.371,printed class_ap.txt (typically 3 decimals),,,complete,/mnt/shared/zechuan/iraod_artifacts/comparison/rsar/clean/seed_42/0f98a48/methods/B/eval_full_clean_ids_v1/class_ap.txt
RSAR,clean,B,42,ema,harbor,0.398,printed class_ap.txt (typically 3 decimals),,,complete,/mnt/shared/zechuan/iraod_artifacts/comparison/rsar/clean/seed_42/0f98a48/methods/B/eval_full_clean_ids_v1/class_ap.txt
RSAR,clean,B,43,ema,ship,0.758,printed class_ap.txt (typically 3 decimals),,,complete,/mnt/shared/zechuan/iraod_artifacts/comparison/rsar/clean/seed_43/0f98a48/methods/B/eval_full_clean_ids_v1/class_ap.txt
RSAR,clean,B,43,ema,aircraft,0.714,printed class_ap.txt (typically 3 decimals),,,complete,/mnt/shared/zechuan/iraod_artifacts/comparison/rsar/clean/seed_43/0f98a48/methods/B/eval_full_clean_ids_v1/class_ap.txt
RSAR,clean,B,43,ema,car,0.766,printed class_ap.txt (typically 3 decimals),,,complete,/mnt/shared/zechuan/iraod_artifacts/comparison/rsar/clean/seed_43/0f98a48/methods/B/eval_full_clean_ids_v1/class_ap.txt
RSAR,clean,B,43,ema,tank,0.143,printed class_ap.txt (typically 3 decimals),,,complete,/mnt/shared/zechuan/iraod_artifacts/comparison/rsar/clean/seed_43/0f98a48/methods/B/eval_full_clean_ids_v1/class_ap.txt
RSAR,clean,B,43,ema,bridge,0.381,printed class_ap.txt (typically 3 decimals),,,complete,/mnt/shared/zechuan/iraod_artifacts/comparison/rsar/clean/seed_43/0f98a48/methods/B/eval_full_clean_ids_v1/class_ap.txt
RSAR,clean,B,43,ema,harbor,0.39,printed class_ap.txt (typically 3 decimals),,,complete,/mnt/shared/zechuan/iraod_artifacts/comparison/rsar/clean/seed_43/0f98a48/methods/B/eval_full_clean_ids_v1/class_ap.txt
RSAR,clean,B,44,ema,ship,0.76,printed class_ap.txt (typically 3 decimals),,,complete,/mnt/shared/zechuan/iraod_artifacts/comparison/rsar/clean/seed_44/0f98a48/methods/B/eval_full_clean_ids_v1/class_ap.txt
RSAR,clean,B,44,ema,aircraft,0.695,printed class_ap.txt (typically 3 decimals),,,complete,/mnt/shared/zechuan/iraod_artifacts/comparison/rsar/clean/seed_44/0f98a48/methods/B/eval_full_clean_ids_v1/class_ap.txt
RSAR,clean,B,44,ema,car,0.769,printed class_ap.txt (typically 3 decimals),,,complete,/mnt/shared/zechuan/iraod_artifacts/comparison/rsar/clean/seed_44/0f98a48/methods/B/eval_full_clean_ids_v1/class_ap.txt
RSAR,clean,B,44,ema,tank,0.142,printed class_ap.txt (typically 3 decimals),,,complete,/mnt/shared/zechuan/iraod_artifacts/comparison/rsar/clean/seed_44/0f98a48/methods/B/eval_full_clean_ids_v1/class_ap.txt
RSAR,clean,B,44,ema,bridge,0.383,printed class_ap.txt (typically 3 decimals),,,complete,/mnt/shared/zechuan/iraod_artifacts/comparison/rsar/clean/seed_44/0f98a48/methods/B/eval_full_clean_ids_v1/class_ap.txt
RSAR,clean,B,44,ema,harbor,0.42,printed class_ap.txt (typically 3 decimals),,,complete,/mnt/shared/zechuan/iraod_artifacts/comparison/rsar/clean/seed_44/0f98a48/methods/B/eval_full_clean_ids_v1/class_ap.txt
RSAR,clean,C,42,ema,ship,0.762,printed class_ap.txt (typically 3 decimals),,,complete,/mnt/shared/zechuan/iraod_artifacts/comparison/rsar/clean/seed_42/0f98a48/methods/C/eval_full_clean_ids_v1/class_ap.txt
RSAR,clean,C,42,ema,aircraft,0.676,printed class_ap.txt (typically 3 decimals),,,complete,/mnt/shared/zechuan/iraod_artifacts/comparison/rsar/clean/seed_42/0f98a48/methods/C/eval_full_clean_ids_v1/class_ap.txt
RSAR,clean,C,42,ema,car,0.77,printed class_ap.txt (typically 3 decimals),,,complete,/mnt/shared/zechuan/iraod_artifacts/comparison/rsar/clean/seed_42/0f98a48/methods/C/eval_full_clean_ids_v1/class_ap.txt
RSAR,clean,C,42,ema,tank,0.157,printed class_ap.txt (typically 3 decimals),,,complete,/mnt/shared/zechuan/iraod_artifacts/comparison/rsar/clean/seed_42/0f98a48/methods/C/eval_full_clean_ids_v1/class_ap.txt
RSAR,clean,C,42,ema,bridge,0.376,printed class_ap.txt (typically 3 decimals),,,complete,/mnt/shared/zechuan/iraod_artifacts/comparison/rsar/clean/seed_42/0f98a48/methods/C/eval_full_clean_ids_v1/class_ap.txt
RSAR,clean,C,42,ema,harbor,0.42,printed class_ap.txt (typically 3 decimals),,,complete,/mnt/shared/zechuan/iraod_artifacts/comparison/rsar/clean/seed_42/0f98a48/methods/C/eval_full_clean_ids_v1/class_ap.txt
RSAR,clean,C,43,ema,ship,0.761,printed class_ap.txt (typically 3 decimals),,,complete,/mnt/shared/zechuan/iraod_artifacts/comparison/rsar/clean/seed_43/0f98a48/methods/C/eval_full_clean_ids_v1/class_ap.txt
RSAR,clean,C,43,ema,aircraft,0.64,printed class_ap.txt (typically 3 decimals),,,complete,/mnt/shared/zechuan/iraod_artifacts/comparison/rsar/clean/seed_43/0f98a48/methods/C/eval_full_clean_ids_v1/class_ap.txt
RSAR,clean,C,43,ema,car,0.763,printed class_ap.txt (typically 3 decimals),,,complete,/mnt/shared/zechuan/iraod_artifacts/comparison/rsar/clean/seed_43/0f98a48/methods/C/eval_full_clean_ids_v1/class_ap.txt
RSAR,clean,C,43,ema,tank,0.133,printed class_ap.txt (typically 3 decimals),,,complete,/mnt/shared/zechuan/iraod_artifacts/comparison/rsar/clean/seed_43/0f98a48/methods/C/eval_full_clean_ids_v1/class_ap.txt
RSAR,clean,C,43,ema,bridge,0.364,printed class_ap.txt (typically 3 decimals),,,complete,/mnt/shared/zechuan/iraod_artifacts/comparison/rsar/clean/seed_43/0f98a48/methods/C/eval_full_clean_ids_v1/class_ap.txt
RSAR,clean,C,43,ema,harbor,0.4,printed class_ap.txt (typically 3 decimals),,,complete,/mnt/shared/zechuan/iraod_artifacts/comparison/rsar/clean/seed_43/0f98a48/methods/C/eval_full_clean_ids_v1/class_ap.txt
RSAR,clean,C,44,ema,ship,0.761,printed class_ap.txt (typically 3 decimals),,,complete,/mnt/shared/zechuan/iraod_artifacts/comparison/rsar/clean/seed_44/0f98a48/methods/C/eval_full_clean_ids_v1/class_ap.txt
RSAR,clean,C,44,ema,aircraft,0.676,printed class_ap.txt (typically 3 decimals),,,complete,/mnt/shared/zechuan/iraod_artifacts/comparison/rsar/clean/seed_44/0f98a48/methods/C/eval_full_clean_ids_v1/class_ap.txt
RSAR,clean,C,44,ema,car,0.77,printed class_ap.txt (typically 3 decimals),,,complete,/mnt/shared/zechuan/iraod_artifacts/comparison/rsar/clean/seed_44/0f98a48/methods/C/eval_full_clean_ids_v1/class_ap.txt
RSAR,clean,C,44,ema,tank,0.152,printed class_ap.txt (typically 3 decimals),,,complete,/mnt/shared/zechuan/iraod_artifacts/comparison/rsar/clean/seed_44/0f98a48/methods/C/eval_full_clean_ids_v1/class_ap.txt
RSAR,clean,C,44,ema,bridge,0.397,printed class_ap.txt (typically 3 decimals),,,complete,/mnt/shared/zechuan/iraod_artifacts/comparison/rsar/clean/seed_44/0f98a48/methods/C/eval_full_clean_ids_v1/class_ap.txt
RSAR,clean,C,44,ema,harbor,0.404,printed class_ap.txt (typically 3 decimals),,,complete,/mnt/shared/zechuan/iraod_artifacts/comparison/rsar/clean/seed_44/0f98a48/methods/C/eval_full_clean_ids_v1/class_ap.txt
RSAR,clean,D,42,ema,ship,0.768,printed class_ap.txt (typically 3 decimals),,,complete,/mnt/shared/zechuan/iraod_artifacts/comparison/rsar/clean/seed_42/0f98a48/methods/D/eval_full_clean_ids_v1/class_ap.txt
RSAR,clean,D,42,ema,aircraft,0.634,printed class_ap.txt (typically 3 decimals),,,complete,/mnt/shared/zechuan/iraod_artifacts/comparison/rsar/clean/seed_42/0f98a48/methods/D/eval_full_clean_ids_v1/class_ap.txt
RSAR,clean,D,42,ema,car,0.76,printed class_ap.txt (typically 3 decimals),,,complete,/mnt/shared/zechuan/iraod_artifacts/comparison/rsar/clean/seed_42/0f98a48/methods/D/eval_full_clean_ids_v1/class_ap.txt
RSAR,clean,D,42,ema,tank,0.137,printed class_ap.txt (typically 3 decimals),,,complete,/mnt/shared/zechuan/iraod_artifacts/comparison/rsar/clean/seed_42/0f98a48/methods/D/eval_full_clean_ids_v1/class_ap.txt
RSAR,clean,D,42,ema,bridge,0.363,printed class_ap.txt (typically 3 decimals),,,complete,/mnt/shared/zechuan/iraod_artifacts/comparison/rsar/clean/seed_42/0f98a48/methods/D/eval_full_clean_ids_v1/class_ap.txt
RSAR,clean,D,42,ema,harbor,0.397,printed class_ap.txt (typically 3 decimals),,,complete,/mnt/shared/zechuan/iraod_artifacts/comparison/rsar/clean/seed_42/0f98a48/methods/D/eval_full_clean_ids_v1/class_ap.txt
RSAR,clean,D,43,ema,ship,0.765,printed class_ap.txt (typically 3 decimals),,,complete,/mnt/shared/zechuan/iraod_artifacts/comparison/rsar/clean/seed_43/0f98a48/methods/D/eval_full_clean_ids_v1/class_ap.txt
RSAR,clean,D,43,ema,aircraft,0.693,printed class_ap.txt (typically 3 decimals),,,complete,/mnt/shared/zechuan/iraod_artifacts/comparison/rsar/clean/seed_43/0f98a48/methods/D/eval_full_clean_ids_v1/class_ap.txt
RSAR,clean,D,43,ema,car,0.759,printed class_ap.txt (typically 3 decimals),,,complete,/mnt/shared/zechuan/iraod_artifacts/comparison/rsar/clean/seed_43/0f98a48/methods/D/eval_full_clean_ids_v1/class_ap.txt
RSAR,clean,D,43,ema,tank,0.115,printed class_ap.txt (typically 3 decimals),,,complete,/mnt/shared/zechuan/iraod_artifacts/comparison/rsar/clean/seed_43/0f98a48/methods/D/eval_full_clean_ids_v1/class_ap.txt
RSAR,clean,D,43,ema,bridge,0.353,printed class_ap.txt (typically 3 decimals),,,complete,/mnt/shared/zechuan/iraod_artifacts/comparison/rsar/clean/seed_43/0f98a48/methods/D/eval_full_clean_ids_v1/class_ap.txt
RSAR,clean,D,43,ema,harbor,0.374,printed class_ap.txt (typically 3 decimals),,,complete,/mnt/shared/zechuan/iraod_artifacts/comparison/rsar/clean/seed_43/0f98a48/methods/D/eval_full_clean_ids_v1/class_ap.txt
RSAR,clean,D,44,ema,ship,0.769,printed class_ap.txt (typically 3 decimals),,,complete,/mnt/shared/zechuan/iraod_artifacts/comparison/rsar/clean/seed_44/0f98a48/methods/D/eval_full_clean_ids_v1/class_ap.txt
RSAR,clean,D,44,ema,aircraft,0.646,printed class_ap.txt (typically 3 decimals),,,complete,/mnt/shared/zechuan/iraod_artifacts/comparison/rsar/clean/seed_44/0f98a48/methods/D/eval_full_clean_ids_v1/class_ap.txt
RSAR,clean,D,44,ema,car,0.768,printed class_ap.txt (typically 3 decimals),,,complete,/mnt/shared/zechuan/iraod_artifacts/comparison/rsar/clean/seed_44/0f98a48/methods/D/eval_full_clean_ids_v1/class_ap.txt
RSAR,clean,D,44,ema,tank,0.129,printed class_ap.txt (typically 3 decimals),,,complete,/mnt/shared/zechuan/iraod_artifacts/comparison/rsar/clean/seed_44/0f98a48/methods/D/eval_full_clean_ids_v1/class_ap.txt
RSAR,clean,D,44,ema,bridge,0.362,printed class_ap.txt (typically 3 decimals),,,complete,/mnt/shared/zechuan/iraod_artifacts/comparison/rsar/clean/seed_44/0f98a48/methods/D/eval_full_clean_ids_v1/class_ap.txt
RSAR,clean,D,44,ema,harbor,0.394,printed class_ap.txt (typically 3 decimals),,,complete,/mnt/shared/zechuan/iraod_artifacts/comparison/rsar/clean/seed_44/0f98a48/methods/D/eval_full_clean_ids_v1/class_ap.txt
RSAR,clean,E,42,ema,ship,0.758,printed class_ap.txt (typically 3 decimals),,,complete,/mnt/shared/zechuan/iraod_artifacts/comparison/rsar/clean/seed_42/0f98a48/methods/E/ddp2/eval_full_clean_ids_v1/class_ap.txt
RSAR,clean,E,42,ema,aircraft,0.728,printed class_ap.txt (typically 3 decimals),,,complete,/mnt/shared/zechuan/iraod_artifacts/comparison/rsar/clean/seed_42/0f98a48/methods/E/ddp2/eval_full_clean_ids_v1/class_ap.txt
RSAR,clean,E,42,ema,car,0.768,printed class_ap.txt (typically 3 decimals),,,complete,/mnt/shared/zechuan/iraod_artifacts/comparison/rsar/clean/seed_42/0f98a48/methods/E/ddp2/eval_full_clean_ids_v1/class_ap.txt
RSAR,clean,E,42,ema,tank,0.142,printed class_ap.txt (typically 3 decimals),,,complete,/mnt/shared/zechuan/iraod_artifacts/comparison/rsar/clean/seed_42/0f98a48/methods/E/ddp2/eval_full_clean_ids_v1/class_ap.txt
RSAR,clean,E,42,ema,bridge,0.368,printed class_ap.txt (typically 3 decimals),,,complete,/mnt/shared/zechuan/iraod_artifacts/comparison/rsar/clean/seed_42/0f98a48/methods/E/ddp2/eval_full_clean_ids_v1/class_ap.txt
RSAR,clean,E,42,ema,harbor,0.409,printed class_ap.txt (typically 3 decimals),,,complete,/mnt/shared/zechuan/iraod_artifacts/comparison/rsar/clean/seed_42/0f98a48/methods/E/ddp2/eval_full_clean_ids_v1/class_ap.txt
RSAR,clean,E,43,ema,ship,0.757,printed class_ap.txt (typically 3 decimals),,,complete,/mnt/shared/zechuan/iraod_artifacts/comparison/rsar/clean/seed_43/0f98a48/methods/E/ddp2/eval_full_clean_ids_v1/class_ap.txt
RSAR,clean,E,43,ema,aircraft,0.722,printed class_ap.txt (typically 3 decimals),,,complete,/mnt/shared/zechuan/iraod_artifacts/comparison/rsar/clean/seed_43/0f98a48/methods/E/ddp2/eval_full_clean_ids_v1/class_ap.txt
RSAR,clean,E,43,ema,car,0.764,printed class_ap.txt (typically 3 decimals),,,complete,/mnt/shared/zechuan/iraod_artifacts/comparison/rsar/clean/seed_43/0f98a48/methods/E/ddp2/eval_full_clean_ids_v1/class_ap.txt
RSAR,clean,E,43,ema,tank,0.139,printed class_ap.txt (typically 3 decimals),,,complete,/mnt/shared/zechuan/iraod_artifacts/comparison/rsar/clean/seed_43/0f98a48/methods/E/ddp2/eval_full_clean_ids_v1/class_ap.txt
RSAR,clean,E,43,ema,bridge,0.368,printed class_ap.txt (typically 3 decimals),,,complete,/mnt/shared/zechuan/iraod_artifacts/comparison/rsar/clean/seed_43/0f98a48/methods/E/ddp2/eval_full_clean_ids_v1/class_ap.txt
RSAR,clean,E,43,ema,harbor,0.405,printed class_ap.txt (typically 3 decimals),,,complete,/mnt/shared/zechuan/iraod_artifacts/comparison/rsar/clean/seed_43/0f98a48/methods/E/ddp2/eval_full_clean_ids_v1/class_ap.txt
RSAR,clean,E,44,ema,ship,0.758,printed class_ap.txt (typically 3 decimals),,,complete,/mnt/shared/zechuan/iraod_artifacts/comparison/rsar/clean/seed_44/0f98a48/methods/E/ddp2/eval_full_clean_ids_v1/class_ap.txt
RSAR,clean,E,44,ema,aircraft,0.7,printed class_ap.txt (typically 3 decimals),,,complete,/mnt/shared/zechuan/iraod_artifacts/comparison/rsar/clean/seed_44/0f98a48/methods/E/ddp2/eval_full_clean_ids_v1/class_ap.txt
RSAR,clean,E,44,ema,car,0.771,printed class_ap.txt (typically 3 decimals),,,complete,/mnt/shared/zechuan/iraod_artifacts/comparison/rsar/clean/seed_44/0f98a48/methods/E/ddp2/eval_full_clean_ids_v1/class_ap.txt
RSAR,clean,E,44,ema,tank,0.137,printed class_ap.txt (typically 3 decimals),,,complete,/mnt/shared/zechuan/iraod_artifacts/comparison/rsar/clean/seed_44/0f98a48/methods/E/ddp2/eval_full_clean_ids_v1/class_ap.txt
RSAR,clean,E,44,ema,bridge,0.379,printed class_ap.txt (typically 3 decimals),,,complete,/mnt/shared/zechuan/iraod_artifacts/comparison/rsar/clean/seed_44/0f98a48/methods/E/ddp2/eval_full_clean_ids_v1/class_ap.txt
RSAR,clean,E,44,ema,harbor,0.414,printed class_ap.txt (typically 3 decimals),,,complete,/mnt/shared/zechuan/iraod_artifacts/comparison/rsar/clean/seed_44/0f98a48/methods/E/ddp2/eval_full_clean_ids_v1/class_ap.txt
RSAR,clean,F,42,ema,ship,0.762,printed class_ap.txt (typically 3 decimals),,,complete,/mnt/shared/zechuan/iraod_artifacts/comparison/rsar/clean/seed_42/0f98a48/methods/F/ddp2/eval_full_clean_ids_v1/class_ap.txt
RSAR,clean,F,42,ema,aircraft,0.642,printed class_ap.txt (typically 3 decimals),,,complete,/mnt/shared/zechuan/iraod_artifacts/comparison/rsar/clean/seed_42/0f98a48/methods/F/ddp2/eval_full_clean_ids_v1/class_ap.txt
RSAR,clean,F,42,ema,car,0.749,printed class_ap.txt (typically 3 decimals),,,complete,/mnt/shared/zechuan/iraod_artifacts/comparison/rsar/clean/seed_42/0f98a48/methods/F/ddp2/eval_full_clean_ids_v1/class_ap.txt
RSAR,clean,F,42,ema,tank,0.162,printed class_ap.txt (typically 3 decimals),,,complete,/mnt/shared/zechuan/iraod_artifacts/comparison/rsar/clean/seed_42/0f98a48/methods/F/ddp2/eval_full_clean_ids_v1/class_ap.txt
RSAR,clean,F,42,ema,bridge,0.388,printed class_ap.txt (typically 3 decimals),,,complete,/mnt/shared/zechuan/iraod_artifacts/comparison/rsar/clean/seed_42/0f98a48/methods/F/ddp2/eval_full_clean_ids_v1/class_ap.txt
RSAR,clean,F,42,ema,harbor,0.399,printed class_ap.txt (typically 3 decimals),,,complete,/mnt/shared/zechuan/iraod_artifacts/comparison/rsar/clean/seed_42/0f98a48/methods/F/ddp2/eval_full_clean_ids_v1/class_ap.txt
RSAR,clean,F,43,ema,ship,0.767,printed class_ap.txt (typically 3 decimals),,,complete,/mnt/shared/zechuan/iraod_artifacts/comparison/rsar/clean/seed_43/0f98a48/methods/F/ddp2/eval_full_clean_ids_v1/class_ap.txt
RSAR,clean,F,43,ema,aircraft,0.613,printed class_ap.txt (typically 3 decimals),,,complete,/mnt/shared/zechuan/iraod_artifacts/comparison/rsar/clean/seed_43/0f98a48/methods/F/ddp2/eval_full_clean_ids_v1/class_ap.txt
RSAR,clean,F,43,ema,car,0.76,printed class_ap.txt (typically 3 decimals),,,complete,/mnt/shared/zechuan/iraod_artifacts/comparison/rsar/clean/seed_43/0f98a48/methods/F/ddp2/eval_full_clean_ids_v1/class_ap.txt
RSAR,clean,F,43,ema,tank,0.159,printed class_ap.txt (typically 3 decimals),,,complete,/mnt/shared/zechuan/iraod_artifacts/comparison/rsar/clean/seed_43/0f98a48/methods/F/ddp2/eval_full_clean_ids_v1/class_ap.txt
RSAR,clean,F,43,ema,bridge,0.383,printed class_ap.txt (typically 3 decimals),,,complete,/mnt/shared/zechuan/iraod_artifacts/comparison/rsar/clean/seed_43/0f98a48/methods/F/ddp2/eval_full_clean_ids_v1/class_ap.txt
RSAR,clean,F,43,ema,harbor,0.381,printed class_ap.txt (typically 3 decimals),,,complete,/mnt/shared/zechuan/iraod_artifacts/comparison/rsar/clean/seed_43/0f98a48/methods/F/ddp2/eval_full_clean_ids_v1/class_ap.txt
RSAR,clean,F,44,ema,ship,0.766,printed class_ap.txt (typically 3 decimals),,,complete,/mnt/shared/zechuan/iraod_artifacts/comparison/rsar/clean/seed_44/0f98a48/methods/F/ddp2/eval_full_clean_ids_v1/class_ap.txt
RSAR,clean,F,44,ema,aircraft,0.643,printed class_ap.txt (typically 3 decimals),,,complete,/mnt/shared/zechuan/iraod_artifacts/comparison/rsar/clean/seed_44/0f98a48/methods/F/ddp2/eval_full_clean_ids_v1/class_ap.txt
RSAR,clean,F,44,ema,car,0.761,printed class_ap.txt (typically 3 decimals),,,complete,/mnt/shared/zechuan/iraod_artifacts/comparison/rsar/clean/seed_44/0f98a48/methods/F/ddp2/eval_full_clean_ids_v1/class_ap.txt
RSAR,clean,F,44,ema,tank,0.153,printed class_ap.txt (typically 3 decimals),,,complete,/mnt/shared/zechuan/iraod_artifacts/comparison/rsar/clean/seed_44/0f98a48/methods/F/ddp2/eval_full_clean_ids_v1/class_ap.txt
RSAR,clean,F,44,ema,bridge,0.384,printed class_ap.txt (typically 3 decimals),,,complete,/mnt/shared/zechuan/iraod_artifacts/comparison/rsar/clean/seed_44/0f98a48/methods/F/ddp2/eval_full_clean_ids_v1/class_ap.txt
RSAR,clean,F,44,ema,harbor,0.394,printed class_ap.txt (typically 3 decimals),,,complete,/mnt/shared/zechuan/iraod_artifacts/comparison/rsar/clean/seed_44/0f98a48/methods/F/ddp2/eval_full_clean_ids_v1/class_ap.txt
RSAR,chaff,A,42,source,ship,0.679,printed class_ap.txt (typically 3 decimals),0.679,0.679,complete,/mnt/shared/zechuan/iraod_artifacts/comparison/rsar/chaff/seed_42/f2145b4/methods/A/eval_full_chaff_ids_v1/class_ap.txt
RSAR,chaff,A,42,source,aircraft,0.601,printed class_ap.txt (typically 3 decimals),0.601,0.601,complete,/mnt/shared/zechuan/iraod_artifacts/comparison/rsar/chaff/seed_42/f2145b4/methods/A/eval_full_chaff_ids_v1/class_ap.txt
RSAR,chaff,A,42,source,car,0.693,printed class_ap.txt (typically 3 decimals),0.693,0.693,complete,/mnt/shared/zechuan/iraod_artifacts/comparison/rsar/chaff/seed_42/f2145b4/methods/A/eval_full_chaff_ids_v1/class_ap.txt
RSAR,chaff,A,42,source,tank,0.168,printed class_ap.txt (typically 3 decimals),0.168,0.168,complete,/mnt/shared/zechuan/iraod_artifacts/comparison/rsar/chaff/seed_42/f2145b4/methods/A/eval_full_chaff_ids_v1/class_ap.txt
RSAR,chaff,A,42,source,bridge,0.368,printed class_ap.txt (typically 3 decimals),0.368,0.368,complete,/mnt/shared/zechuan/iraod_artifacts/comparison/rsar/chaff/seed_42/f2145b4/methods/A/eval_full_chaff_ids_v1/class_ap.txt
RSAR,chaff,A,42,source,harbor,0.323,printed class_ap.txt (typically 3 decimals),0.323,0.323,complete,/mnt/shared/zechuan/iraod_artifacts/comparison/rsar/chaff/seed_42/f2145b4/methods/A/eval_full_chaff_ids_v1/class_ap.txt
RSAR,chaff,B,42,ema,ship,0.673,printed class_ap.txt (typically 3 decimals),0.673,0.673,complete,/mnt/shared/zechuan/iraod_artifacts/comparison/rsar/chaff/seed_42/f2145b4/methods/B/eval_full_chaff_ids_v1/class_ap.txt
RSAR,chaff,B,42,ema,aircraft,0.638,printed class_ap.txt (typically 3 decimals),0.638,0.638,complete,/mnt/shared/zechuan/iraod_artifacts/comparison/rsar/chaff/seed_42/f2145b4/methods/B/eval_full_chaff_ids_v1/class_ap.txt
RSAR,chaff,B,42,ema,car,0.692,printed class_ap.txt (typically 3 decimals),0.692,0.692,complete,/mnt/shared/zechuan/iraod_artifacts/comparison/rsar/chaff/seed_42/f2145b4/methods/B/eval_full_chaff_ids_v1/class_ap.txt
RSAR,chaff,B,42,ema,tank,0.116,printed class_ap.txt (typically 3 decimals),0.116,0.116,complete,/mnt/shared/zechuan/iraod_artifacts/comparison/rsar/chaff/seed_42/f2145b4/methods/B/eval_full_chaff_ids_v1/class_ap.txt
RSAR,chaff,B,42,ema,bridge,0.331,printed class_ap.txt (typically 3 decimals),0.331,0.331,complete,/mnt/shared/zechuan/iraod_artifacts/comparison/rsar/chaff/seed_42/f2145b4/methods/B/eval_full_chaff_ids_v1/class_ap.txt
RSAR,chaff,B,42,ema,harbor,0.329,printed class_ap.txt (typically 3 decimals),0.329,0.329,complete,/mnt/shared/zechuan/iraod_artifacts/comparison/rsar/chaff/seed_42/f2145b4/methods/B/eval_full_chaff_ids_v1/class_ap.txt
RSAR,chaff,B,43,ema,ship,0.674,printed class_ap.txt (typically 3 decimals),,,complete,/mnt/shared/zechuan/iraod_artifacts/comparison/rsar/chaff/seed_43/0f98a48/methods/B/eval_full_chaff_ids_v1/class_ap.txt
RSAR,chaff,B,43,ema,aircraft,0.629,printed class_ap.txt (typically 3 decimals),,,complete,/mnt/shared/zechuan/iraod_artifacts/comparison/rsar/chaff/seed_43/0f98a48/methods/B/eval_full_chaff_ids_v1/class_ap.txt
RSAR,chaff,B,43,ema,car,0.686,printed class_ap.txt (typically 3 decimals),,,complete,/mnt/shared/zechuan/iraod_artifacts/comparison/rsar/chaff/seed_43/0f98a48/methods/B/eval_full_chaff_ids_v1/class_ap.txt
RSAR,chaff,B,43,ema,tank,0.115,printed class_ap.txt (typically 3 decimals),,,complete,/mnt/shared/zechuan/iraod_artifacts/comparison/rsar/chaff/seed_43/0f98a48/methods/B/eval_full_chaff_ids_v1/class_ap.txt
RSAR,chaff,B,43,ema,bridge,0.344,printed class_ap.txt (typically 3 decimals),,,complete,/mnt/shared/zechuan/iraod_artifacts/comparison/rsar/chaff/seed_43/0f98a48/methods/B/eval_full_chaff_ids_v1/class_ap.txt
RSAR,chaff,B,43,ema,harbor,0.331,printed class_ap.txt (typically 3 decimals),,,complete,/mnt/shared/zechuan/iraod_artifacts/comparison/rsar/chaff/seed_43/0f98a48/methods/B/eval_full_chaff_ids_v1/class_ap.txt
RSAR,chaff,B,44,ema,ship,0.674,printed class_ap.txt (typically 3 decimals),,,complete,/mnt/shared/zechuan/iraod_artifacts/comparison/rsar/chaff/seed_44/0f98a48/methods/B/eval_full_chaff_ids_v1/class_ap.txt
RSAR,chaff,B,44,ema,aircraft,0.653,printed class_ap.txt (typically 3 decimals),,,complete,/mnt/shared/zechuan/iraod_artifacts/comparison/rsar/chaff/seed_44/0f98a48/methods/B/eval_full_chaff_ids_v1/class_ap.txt
RSAR,chaff,B,44,ema,car,0.69,printed class_ap.txt (typically 3 decimals),,,complete,/mnt/shared/zechuan/iraod_artifacts/comparison/rsar/chaff/seed_44/0f98a48/methods/B/eval_full_chaff_ids_v1/class_ap.txt
RSAR,chaff,B,44,ema,tank,0.127,printed class_ap.txt (typically 3 decimals),,,complete,/mnt/shared/zechuan/iraod_artifacts/comparison/rsar/chaff/seed_44/0f98a48/methods/B/eval_full_chaff_ids_v1/class_ap.txt
RSAR,chaff,B,44,ema,bridge,0.346,printed class_ap.txt (typically 3 decimals),,,complete,/mnt/shared/zechuan/iraod_artifacts/comparison/rsar/chaff/seed_44/0f98a48/methods/B/eval_full_chaff_ids_v1/class_ap.txt
RSAR,chaff,B,44,ema,harbor,0.321,printed class_ap.txt (typically 3 decimals),,,complete,/mnt/shared/zechuan/iraod_artifacts/comparison/rsar/chaff/seed_44/0f98a48/methods/B/eval_full_chaff_ids_v1/class_ap.txt
RSAR,chaff,C,42,ema,ship,0.679,printed class_ap.txt (typically 3 decimals),0.679,0.679,complete,/mnt/shared/zechuan/iraod_artifacts/comparison/rsar/chaff/seed_42/f2145b4/methods/C/eval_full_chaff_ids_v1/class_ap.txt
RSAR,chaff,C,42,ema,aircraft,0.617,printed class_ap.txt (typically 3 decimals),0.617,0.617,complete,/mnt/shared/zechuan/iraod_artifacts/comparison/rsar/chaff/seed_42/f2145b4/methods/C/eval_full_chaff_ids_v1/class_ap.txt
RSAR,chaff,C,42,ema,car,0.692,printed class_ap.txt (typically 3 decimals),0.692,0.692,complete,/mnt/shared/zechuan/iraod_artifacts/comparison/rsar/chaff/seed_42/f2145b4/methods/C/eval_full_chaff_ids_v1/class_ap.txt
RSAR,chaff,C,42,ema,tank,0.14,printed class_ap.txt (typically 3 decimals),0.14,0.14,complete,/mnt/shared/zechuan/iraod_artifacts/comparison/rsar/chaff/seed_42/f2145b4/methods/C/eval_full_chaff_ids_v1/class_ap.txt
RSAR,chaff,C,42,ema,bridge,0.346,printed class_ap.txt (typically 3 decimals),0.346,0.346,complete,/mnt/shared/zechuan/iraod_artifacts/comparison/rsar/chaff/seed_42/f2145b4/methods/C/eval_full_chaff_ids_v1/class_ap.txt
RSAR,chaff,C,42,ema,harbor,0.323,printed class_ap.txt (typically 3 decimals),0.323,0.323,complete,/mnt/shared/zechuan/iraod_artifacts/comparison/rsar/chaff/seed_42/f2145b4/methods/C/eval_full_chaff_ids_v1/class_ap.txt
RSAR,chaff,C,43,ema,ship,0.677,printed class_ap.txt (typically 3 decimals),,,complete,/mnt/shared/zechuan/iraod_artifacts/comparison/rsar/chaff/seed_43/0f98a48/methods/C/eval_full_chaff_ids_v1/class_ap.txt
RSAR,chaff,C,43,ema,aircraft,0.618,printed class_ap.txt (typically 3 decimals),,,complete,/mnt/shared/zechuan/iraod_artifacts/comparison/rsar/chaff/seed_43/0f98a48/methods/C/eval_full_chaff_ids_v1/class_ap.txt
RSAR,chaff,C,43,ema,car,0.686,printed class_ap.txt (typically 3 decimals),,,complete,/mnt/shared/zechuan/iraod_artifacts/comparison/rsar/chaff/seed_43/0f98a48/methods/C/eval_full_chaff_ids_v1/class_ap.txt
RSAR,chaff,C,43,ema,tank,0.121,printed class_ap.txt (typically 3 decimals),,,complete,/mnt/shared/zechuan/iraod_artifacts/comparison/rsar/chaff/seed_43/0f98a48/methods/C/eval_full_chaff_ids_v1/class_ap.txt
RSAR,chaff,C,43,ema,bridge,0.351,printed class_ap.txt (typically 3 decimals),,,complete,/mnt/shared/zechuan/iraod_artifacts/comparison/rsar/chaff/seed_43/0f98a48/methods/C/eval_full_chaff_ids_v1/class_ap.txt
RSAR,chaff,C,43,ema,harbor,0.343,printed class_ap.txt (typically 3 decimals),,,complete,/mnt/shared/zechuan/iraod_artifacts/comparison/rsar/chaff/seed_43/0f98a48/methods/C/eval_full_chaff_ids_v1/class_ap.txt
RSAR,chaff,C,44,ema,ship,0.678,printed class_ap.txt (typically 3 decimals),,,complete,/mnt/shared/zechuan/iraod_artifacts/comparison/rsar/chaff/seed_44/0f98a48/methods/C/eval_full_chaff_ids_v1/class_ap.txt
RSAR,chaff,C,44,ema,aircraft,0.627,printed class_ap.txt (typically 3 decimals),,,complete,/mnt/shared/zechuan/iraod_artifacts/comparison/rsar/chaff/seed_44/0f98a48/methods/C/eval_full_chaff_ids_v1/class_ap.txt
RSAR,chaff,C,44,ema,car,0.692,printed class_ap.txt (typically 3 decimals),,,complete,/mnt/shared/zechuan/iraod_artifacts/comparison/rsar/chaff/seed_44/0f98a48/methods/C/eval_full_chaff_ids_v1/class_ap.txt
RSAR,chaff,C,44,ema,tank,0.142,printed class_ap.txt (typically 3 decimals),,,complete,/mnt/shared/zechuan/iraod_artifacts/comparison/rsar/chaff/seed_44/0f98a48/methods/C/eval_full_chaff_ids_v1/class_ap.txt
RSAR,chaff,C,44,ema,bridge,0.356,printed class_ap.txt (typically 3 decimals),,,complete,/mnt/shared/zechuan/iraod_artifacts/comparison/rsar/chaff/seed_44/0f98a48/methods/C/eval_full_chaff_ids_v1/class_ap.txt
RSAR,chaff,C,44,ema,harbor,0.329,printed class_ap.txt (typically 3 decimals),,,complete,/mnt/shared/zechuan/iraod_artifacts/comparison/rsar/chaff/seed_44/0f98a48/methods/C/eval_full_chaff_ids_v1/class_ap.txt
RSAR,chaff,D,42,ema,ship,0.673,printed class_ap.txt (typically 3 decimals),0.673,0.673,complete,/mnt/shared/zechuan/iraod_artifacts/comparison/rsar/chaff/seed_42/f2145b4/methods/D/eval_full_chaff_ids_v1/class_ap.txt
RSAR,chaff,D,42,ema,aircraft,0.618,printed class_ap.txt (typically 3 decimals),0.618,0.618,complete,/mnt/shared/zechuan/iraod_artifacts/comparison/rsar/chaff/seed_42/f2145b4/methods/D/eval_full_chaff_ids_v1/class_ap.txt
RSAR,chaff,D,42,ema,car,0.672,printed class_ap.txt (typically 3 decimals),0.672,0.672,complete,/mnt/shared/zechuan/iraod_artifacts/comparison/rsar/chaff/seed_42/f2145b4/methods/D/eval_full_chaff_ids_v1/class_ap.txt
RSAR,chaff,D,42,ema,tank,0.13,printed class_ap.txt (typically 3 decimals),0.13,0.13,complete,/mnt/shared/zechuan/iraod_artifacts/comparison/rsar/chaff/seed_42/f2145b4/methods/D/eval_full_chaff_ids_v1/class_ap.txt
RSAR,chaff,D,42,ema,bridge,0.334,printed class_ap.txt (typically 3 decimals),0.334,0.334,complete,/mnt/shared/zechuan/iraod_artifacts/comparison/rsar/chaff/seed_42/f2145b4/methods/D/eval_full_chaff_ids_v1/class_ap.txt
RSAR,chaff,D,42,ema,harbor,0.328,printed class_ap.txt (typically 3 decimals),0.328,0.328,complete,/mnt/shared/zechuan/iraod_artifacts/comparison/rsar/chaff/seed_42/f2145b4/methods/D/eval_full_chaff_ids_v1/class_ap.txt
RSAR,chaff,D,43,ema,ship,0.675,printed class_ap.txt (typically 3 decimals),,,complete,/mnt/shared/zechuan/iraod_artifacts/comparison/rsar/chaff/seed_43/0f98a48/methods/D/eval_full_chaff_ids_v1/class_ap.txt
RSAR,chaff,D,43,ema,aircraft,0.653,printed class_ap.txt (typically 3 decimals),,,complete,/mnt/shared/zechuan/iraod_artifacts/comparison/rsar/chaff/seed_43/0f98a48/methods/D/eval_full_chaff_ids_v1/class_ap.txt
RSAR,chaff,D,43,ema,car,0.677,printed class_ap.txt (typically 3 decimals),,,complete,/mnt/shared/zechuan/iraod_artifacts/comparison/rsar/chaff/seed_43/0f98a48/methods/D/eval_full_chaff_ids_v1/class_ap.txt
RSAR,chaff,D,43,ema,tank,0.109,printed class_ap.txt (typically 3 decimals),,,complete,/mnt/shared/zechuan/iraod_artifacts/comparison/rsar/chaff/seed_43/0f98a48/methods/D/eval_full_chaff_ids_v1/class_ap.txt
RSAR,chaff,D,43,ema,bridge,0.33,printed class_ap.txt (typically 3 decimals),,,complete,/mnt/shared/zechuan/iraod_artifacts/comparison/rsar/chaff/seed_43/0f98a48/methods/D/eval_full_chaff_ids_v1/class_ap.txt
RSAR,chaff,D,43,ema,harbor,0.296,printed class_ap.txt (typically 3 decimals),,,complete,/mnt/shared/zechuan/iraod_artifacts/comparison/rsar/chaff/seed_43/0f98a48/methods/D/eval_full_chaff_ids_v1/class_ap.txt
RSAR,chaff,D,44,ema,ship,0.679,printed class_ap.txt (typically 3 decimals),,,complete,/mnt/shared/zechuan/iraod_artifacts/comparison/rsar/chaff/seed_44/0f98a48/methods/D/eval_full_chaff_ids_v1/class_ap.txt
RSAR,chaff,D,44,ema,aircraft,0.646,printed class_ap.txt (typically 3 decimals),,,complete,/mnt/shared/zechuan/iraod_artifacts/comparison/rsar/chaff/seed_44/0f98a48/methods/D/eval_full_chaff_ids_v1/class_ap.txt
RSAR,chaff,D,44,ema,car,0.683,printed class_ap.txt (typically 3 decimals),,,complete,/mnt/shared/zechuan/iraod_artifacts/comparison/rsar/chaff/seed_44/0f98a48/methods/D/eval_full_chaff_ids_v1/class_ap.txt
RSAR,chaff,D,44,ema,tank,0.125,printed class_ap.txt (typically 3 decimals),,,complete,/mnt/shared/zechuan/iraod_artifacts/comparison/rsar/chaff/seed_44/0f98a48/methods/D/eval_full_chaff_ids_v1/class_ap.txt
RSAR,chaff,D,44,ema,bridge,0.345,printed class_ap.txt (typically 3 decimals),,,complete,/mnt/shared/zechuan/iraod_artifacts/comparison/rsar/chaff/seed_44/0f98a48/methods/D/eval_full_chaff_ids_v1/class_ap.txt
RSAR,chaff,D,44,ema,harbor,0.312,printed class_ap.txt (typically 3 decimals),,,complete,/mnt/shared/zechuan/iraod_artifacts/comparison/rsar/chaff/seed_44/0f98a48/methods/D/eval_full_chaff_ids_v1/class_ap.txt
RSAR,chaff,E,42,ema,ship,0.671,printed class_ap.txt (typically 3 decimals),0.671,0.671,complete,/mnt/shared/zechuan/iraod_artifacts/comparison/rsar/chaff/seed_42/f2145b4/methods/E/ddp2/eval_full_chaff_ids_v1/class_ap.txt
RSAR,chaff,E,42,ema,aircraft,0.645,printed class_ap.txt (typically 3 decimals),0.645,0.645,complete,/mnt/shared/zechuan/iraod_artifacts/comparison/rsar/chaff/seed_42/f2145b4/methods/E/ddp2/eval_full_chaff_ids_v1/class_ap.txt
RSAR,chaff,E,42,ema,car,0.688,printed class_ap.txt (typically 3 decimals),0.688,0.688,complete,/mnt/shared/zechuan/iraod_artifacts/comparison/rsar/chaff/seed_42/f2145b4/methods/E/ddp2/eval_full_chaff_ids_v1/class_ap.txt
RSAR,chaff,E,42,ema,tank,0.126,printed class_ap.txt (typically 3 decimals),0.126,0.126,complete,/mnt/shared/zechuan/iraod_artifacts/comparison/rsar/chaff/seed_42/f2145b4/methods/E/ddp2/eval_full_chaff_ids_v1/class_ap.txt
RSAR,chaff,E,42,ema,bridge,0.338,printed class_ap.txt (typically 3 decimals),0.338,0.338,complete,/mnt/shared/zechuan/iraod_artifacts/comparison/rsar/chaff/seed_42/f2145b4/methods/E/ddp2/eval_full_chaff_ids_v1/class_ap.txt
RSAR,chaff,E,42,ema,harbor,0.318,printed class_ap.txt (typically 3 decimals),0.318,0.318,complete,/mnt/shared/zechuan/iraod_artifacts/comparison/rsar/chaff/seed_42/f2145b4/methods/E/ddp2/eval_full_chaff_ids_v1/class_ap.txt
RSAR,chaff,E,43,ema,ship,0.67,printed class_ap.txt (typically 3 decimals),,,complete,/mnt/shared/zechuan/iraod_artifacts/comparison/rsar/chaff/seed_43/0f98a48/methods/E/ddp2/eval_full_chaff_ids_v1/class_ap.txt
RSAR,chaff,E,43,ema,aircraft,0.625,printed class_ap.txt (typically 3 decimals),,,complete,/mnt/shared/zechuan/iraod_artifacts/comparison/rsar/chaff/seed_43/0f98a48/methods/E/ddp2/eval_full_chaff_ids_v1/class_ap.txt
RSAR,chaff,E,43,ema,car,0.686,printed class_ap.txt (typically 3 decimals),,,complete,/mnt/shared/zechuan/iraod_artifacts/comparison/rsar/chaff/seed_43/0f98a48/methods/E/ddp2/eval_full_chaff_ids_v1/class_ap.txt
RSAR,chaff,E,43,ema,tank,0.126,printed class_ap.txt (typically 3 decimals),,,complete,/mnt/shared/zechuan/iraod_artifacts/comparison/rsar/chaff/seed_43/0f98a48/methods/E/ddp2/eval_full_chaff_ids_v1/class_ap.txt
RSAR,chaff,E,43,ema,bridge,0.348,printed class_ap.txt (typically 3 decimals),,,complete,/mnt/shared/zechuan/iraod_artifacts/comparison/rsar/chaff/seed_43/0f98a48/methods/E/ddp2/eval_full_chaff_ids_v1/class_ap.txt
RSAR,chaff,E,43,ema,harbor,0.329,printed class_ap.txt (typically 3 decimals),,,complete,/mnt/shared/zechuan/iraod_artifacts/comparison/rsar/chaff/seed_43/0f98a48/methods/E/ddp2/eval_full_chaff_ids_v1/class_ap.txt
RSAR,chaff,E,44,ema,ship,0.671,printed class_ap.txt (typically 3 decimals),,,complete,/mnt/shared/zechuan/iraod_artifacts/comparison/rsar/chaff/seed_44/0f98a48/methods/E/ddp2/eval_full_chaff_ids_v1/class_ap.txt
RSAR,chaff,E,44,ema,aircraft,0.636,printed class_ap.txt (typically 3 decimals),,,complete,/mnt/shared/zechuan/iraod_artifacts/comparison/rsar/chaff/seed_44/0f98a48/methods/E/ddp2/eval_full_chaff_ids_v1/class_ap.txt
RSAR,chaff,E,44,ema,car,0.691,printed class_ap.txt (typically 3 decimals),,,complete,/mnt/shared/zechuan/iraod_artifacts/comparison/rsar/chaff/seed_44/0f98a48/methods/E/ddp2/eval_full_chaff_ids_v1/class_ap.txt
RSAR,chaff,E,44,ema,tank,0.122,printed class_ap.txt (typically 3 decimals),,,complete,/mnt/shared/zechuan/iraod_artifacts/comparison/rsar/chaff/seed_44/0f98a48/methods/E/ddp2/eval_full_chaff_ids_v1/class_ap.txt
RSAR,chaff,E,44,ema,bridge,0.349,printed class_ap.txt (typically 3 decimals),,,complete,/mnt/shared/zechuan/iraod_artifacts/comparison/rsar/chaff/seed_44/0f98a48/methods/E/ddp2/eval_full_chaff_ids_v1/class_ap.txt
RSAR,chaff,E,44,ema,harbor,0.338,printed class_ap.txt (typically 3 decimals),,,complete,/mnt/shared/zechuan/iraod_artifacts/comparison/rsar/chaff/seed_44/0f98a48/methods/E/ddp2/eval_full_chaff_ids_v1/class_ap.txt
RSAR,chaff,F,42,ema,ship,0.663,printed class_ap.txt (typically 3 decimals),0.663,0.663,complete,/mnt/shared/zechuan/iraod_artifacts/comparison/rsar/chaff/seed_42/f2145b4/methods/F/preflight_ddp2/eval_full_chaff_ids_v1/class_ap.txt
RSAR,chaff,F,42,ema,aircraft,0.582,printed class_ap.txt (typically 3 decimals),0.582,0.582,complete,/mnt/shared/zechuan/iraod_artifacts/comparison/rsar/chaff/seed_42/f2145b4/methods/F/preflight_ddp2/eval_full_chaff_ids_v1/class_ap.txt
RSAR,chaff,F,42,ema,car,0.656,printed class_ap.txt (typically 3 decimals),0.656,0.656,complete,/mnt/shared/zechuan/iraod_artifacts/comparison/rsar/chaff/seed_42/f2145b4/methods/F/preflight_ddp2/eval_full_chaff_ids_v1/class_ap.txt
RSAR,chaff,F,42,ema,tank,0.123,printed class_ap.txt (typically 3 decimals),0.123,0.123,complete,/mnt/shared/zechuan/iraod_artifacts/comparison/rsar/chaff/seed_42/f2145b4/methods/F/preflight_ddp2/eval_full_chaff_ids_v1/class_ap.txt
RSAR,chaff,F,42,ema,bridge,0.344,printed class_ap.txt (typically 3 decimals),0.344,0.344,complete,/mnt/shared/zechuan/iraod_artifacts/comparison/rsar/chaff/seed_42/f2145b4/methods/F/preflight_ddp2/eval_full_chaff_ids_v1/class_ap.txt
RSAR,chaff,F,42,ema,harbor,0.328,printed class_ap.txt (typically 3 decimals),0.328,0.328,complete,/mnt/shared/zechuan/iraod_artifacts/comparison/rsar/chaff/seed_42/f2145b4/methods/F/preflight_ddp2/eval_full_chaff_ids_v1/class_ap.txt
RSAR,chaff,F,43,ema,ship,0.672,printed class_ap.txt (typically 3 decimals),,,complete,/mnt/shared/zechuan/iraod_artifacts/comparison/rsar/chaff/seed_43/0f98a48/methods/F/ddp2/eval_full_chaff_ids_v1/class_ap.txt
RSAR,chaff,F,43,ema,aircraft,0.569,printed class_ap.txt (typically 3 decimals),,,complete,/mnt/shared/zechuan/iraod_artifacts/comparison/rsar/chaff/seed_43/0f98a48/methods/F/ddp2/eval_full_chaff_ids_v1/class_ap.txt
RSAR,chaff,F,43,ema,car,0.669,printed class_ap.txt (typically 3 decimals),,,complete,/mnt/shared/zechuan/iraod_artifacts/comparison/rsar/chaff/seed_43/0f98a48/methods/F/ddp2/eval_full_chaff_ids_v1/class_ap.txt
RSAR,chaff,F,43,ema,tank,0.121,printed class_ap.txt (typically 3 decimals),,,complete,/mnt/shared/zechuan/iraod_artifacts/comparison/rsar/chaff/seed_43/0f98a48/methods/F/ddp2/eval_full_chaff_ids_v1/class_ap.txt
RSAR,chaff,F,43,ema,bridge,0.34,printed class_ap.txt (typically 3 decimals),,,complete,/mnt/shared/zechuan/iraod_artifacts/comparison/rsar/chaff/seed_43/0f98a48/methods/F/ddp2/eval_full_chaff_ids_v1/class_ap.txt
RSAR,chaff,F,43,ema,harbor,0.306,printed class_ap.txt (typically 3 decimals),,,complete,/mnt/shared/zechuan/iraod_artifacts/comparison/rsar/chaff/seed_43/0f98a48/methods/F/ddp2/eval_full_chaff_ids_v1/class_ap.txt
RSAR,chaff,F,44,ema,ship,0.675,printed class_ap.txt (typically 3 decimals),,,complete,/mnt/shared/zechuan/iraod_artifacts/comparison/rsar/chaff/seed_44/0f98a48/methods/F/ddp2/eval_full_chaff_ids_v1/class_ap.txt
RSAR,chaff,F,44,ema,aircraft,0.526,printed class_ap.txt (typically 3 decimals),,,complete,/mnt/shared/zechuan/iraod_artifacts/comparison/rsar/chaff/seed_44/0f98a48/methods/F/ddp2/eval_full_chaff_ids_v1/class_ap.txt
RSAR,chaff,F,44,ema,car,0.676,printed class_ap.txt (typically 3 decimals),,,complete,/mnt/shared/zechuan/iraod_artifacts/comparison/rsar/chaff/seed_44/0f98a48/methods/F/ddp2/eval_full_chaff_ids_v1/class_ap.txt
RSAR,chaff,F,44,ema,tank,0.132,printed class_ap.txt (typically 3 decimals),,,complete,/mnt/shared/zechuan/iraod_artifacts/comparison/rsar/chaff/seed_44/0f98a48/methods/F/ddp2/eval_full_chaff_ids_v1/class_ap.txt
RSAR,chaff,F,44,ema,bridge,0.347,printed class_ap.txt (typically 3 decimals),,,complete,/mnt/shared/zechuan/iraod_artifacts/comparison/rsar/chaff/seed_44/0f98a48/methods/F/ddp2/eval_full_chaff_ids_v1/class_ap.txt
RSAR,chaff,F,44,ema,harbor,0.34,printed class_ap.txt (typically 3 decimals),,,complete,/mnt/shared/zechuan/iraod_artifacts/comparison/rsar/chaff/seed_44/0f98a48/methods/F/ddp2/eval_full_chaff_ids_v1/class_ap.txt
RSAR,gaussian_white_noise,A,42,source,ship,0.775,printed class_ap.txt (typically 3 decimals),0.775,0.775,complete,/mnt/shared/zechuan/iraod_artifacts/comparison/rsar/gaussian_white_noise/seed_42/0f98a48/methods/A/eval_full_gaussian_white_noise_ids_v1/class_ap.txt
RSAR,gaussian_white_noise,A,42,source,aircraft,0.613,printed class_ap.txt (typically 3 decimals),0.613,0.613,complete,/mnt/shared/zechuan/iraod_artifacts/comparison/rsar/gaussian_white_noise/seed_42/0f98a48/methods/A/eval_full_gaussian_white_noise_ids_v1/class_ap.txt
RSAR,gaussian_white_noise,A,42,source,car,0.783,printed class_ap.txt (typically 3 decimals),0.783,0.783,complete,/mnt/shared/zechuan/iraod_artifacts/comparison/rsar/gaussian_white_noise/seed_42/0f98a48/methods/A/eval_full_gaussian_white_noise_ids_v1/class_ap.txt
RSAR,gaussian_white_noise,A,42,source,tank,0.174,printed class_ap.txt (typically 3 decimals),0.174,0.174,complete,/mnt/shared/zechuan/iraod_artifacts/comparison/rsar/gaussian_white_noise/seed_42/0f98a48/methods/A/eval_full_gaussian_white_noise_ids_v1/class_ap.txt
RSAR,gaussian_white_noise,A,42,source,bridge,0.399,printed class_ap.txt (typically 3 decimals),0.399,0.399,complete,/mnt/shared/zechuan/iraod_artifacts/comparison/rsar/gaussian_white_noise/seed_42/0f98a48/methods/A/eval_full_gaussian_white_noise_ids_v1/class_ap.txt
RSAR,gaussian_white_noise,A,42,source,harbor,0.426,printed class_ap.txt (typically 3 decimals),0.426,0.426,complete,/mnt/shared/zechuan/iraod_artifacts/comparison/rsar/gaussian_white_noise/seed_42/0f98a48/methods/A/eval_full_gaussian_white_noise_ids_v1/class_ap.txt
RSAR,gaussian_white_noise,B,42,ema,ship,0.759,printed class_ap.txt (typically 3 decimals),0.759,0.759,complete,/mnt/shared/zechuan/iraod_artifacts/comparison/rsar/gaussian_white_noise/seed_42/0f98a48/methods/B/eval_full_gaussian_white_noise_ids_v1/class_ap.txt
RSAR,gaussian_white_noise,B,42,ema,aircraft,0.708,printed class_ap.txt (typically 3 decimals),0.708,0.708,complete,/mnt/shared/zechuan/iraod_artifacts/comparison/rsar/gaussian_white_noise/seed_42/0f98a48/methods/B/eval_full_gaussian_white_noise_ids_v1/class_ap.txt
RSAR,gaussian_white_noise,B,42,ema,car,0.766,printed class_ap.txt (typically 3 decimals),0.766,0.766,complete,/mnt/shared/zechuan/iraod_artifacts/comparison/rsar/gaussian_white_noise/seed_42/0f98a48/methods/B/eval_full_gaussian_white_noise_ids_v1/class_ap.txt
RSAR,gaussian_white_noise,B,42,ema,tank,0.129,printed class_ap.txt (typically 3 decimals),0.129,0.129,complete,/mnt/shared/zechuan/iraod_artifacts/comparison/rsar/gaussian_white_noise/seed_42/0f98a48/methods/B/eval_full_gaussian_white_noise_ids_v1/class_ap.txt
RSAR,gaussian_white_noise,B,42,ema,bridge,0.367,printed class_ap.txt (typically 3 decimals),0.367,0.367,complete,/mnt/shared/zechuan/iraod_artifacts/comparison/rsar/gaussian_white_noise/seed_42/0f98a48/methods/B/eval_full_gaussian_white_noise_ids_v1/class_ap.txt
RSAR,gaussian_white_noise,B,42,ema,harbor,0.392,printed class_ap.txt (typically 3 decimals),0.392,0.392,complete,/mnt/shared/zechuan/iraod_artifacts/comparison/rsar/gaussian_white_noise/seed_42/0f98a48/methods/B/eval_full_gaussian_white_noise_ids_v1/class_ap.txt
RSAR,gaussian_white_noise,B,43,ema,ship,0.751,printed class_ap.txt (typically 3 decimals),,,complete,/mnt/shared/zechuan/iraod_artifacts/comparison/rsar/gaussian_white_noise/seed_43/0f98a48/methods/B/eval_full_gaussian_white_noise_ids_v1/class_ap.txt
RSAR,gaussian_white_noise,B,43,ema,aircraft,0.723,printed class_ap.txt (typically 3 decimals),,,complete,/mnt/shared/zechuan/iraod_artifacts/comparison/rsar/gaussian_white_noise/seed_43/0f98a48/methods/B/eval_full_gaussian_white_noise_ids_v1/class_ap.txt
RSAR,gaussian_white_noise,B,43,ema,car,0.764,printed class_ap.txt (typically 3 decimals),,,complete,/mnt/shared/zechuan/iraod_artifacts/comparison/rsar/gaussian_white_noise/seed_43/0f98a48/methods/B/eval_full_gaussian_white_noise_ids_v1/class_ap.txt
RSAR,gaussian_white_noise,B,43,ema,tank,0.117,printed class_ap.txt (typically 3 decimals),,,complete,/mnt/shared/zechuan/iraod_artifacts/comparison/rsar/gaussian_white_noise/seed_43/0f98a48/methods/B/eval_full_gaussian_white_noise_ids_v1/class_ap.txt
RSAR,gaussian_white_noise,B,43,ema,bridge,0.352,printed class_ap.txt (typically 3 decimals),,,complete,/mnt/shared/zechuan/iraod_artifacts/comparison/rsar/gaussian_white_noise/seed_43/0f98a48/methods/B/eval_full_gaussian_white_noise_ids_v1/class_ap.txt
RSAR,gaussian_white_noise,B,43,ema,harbor,0.369,printed class_ap.txt (typically 3 decimals),,,complete,/mnt/shared/zechuan/iraod_artifacts/comparison/rsar/gaussian_white_noise/seed_43/0f98a48/methods/B/eval_full_gaussian_white_noise_ids_v1/class_ap.txt
RSAR,gaussian_white_noise,B,44,ema,ship,0.756,printed class_ap.txt (typically 3 decimals),,,complete,/mnt/shared/zechuan/iraod_artifacts/comparison/rsar/gaussian_white_noise/seed_44/0f98a48/methods/B/eval_full_gaussian_white_noise_ids_v1/class_ap.txt
RSAR,gaussian_white_noise,B,44,ema,aircraft,0.712,printed class_ap.txt (typically 3 decimals),,,complete,/mnt/shared/zechuan/iraod_artifacts/comparison/rsar/gaussian_white_noise/seed_44/0f98a48/methods/B/eval_full_gaussian_white_noise_ids_v1/class_ap.txt
RSAR,gaussian_white_noise,B,44,ema,car,0.766,printed class_ap.txt (typically 3 decimals),,,complete,/mnt/shared/zechuan/iraod_artifacts/comparison/rsar/gaussian_white_noise/seed_44/0f98a48/methods/B/eval_full_gaussian_white_noise_ids_v1/class_ap.txt
RSAR,gaussian_white_noise,B,44,ema,tank,0.144,printed class_ap.txt (typically 3 decimals),,,complete,/mnt/shared/zechuan/iraod_artifacts/comparison/rsar/gaussian_white_noise/seed_44/0f98a48/methods/B/eval_full_gaussian_white_noise_ids_v1/class_ap.txt
RSAR,gaussian_white_noise,B,44,ema,bridge,0.387,printed class_ap.txt (typically 3 decimals),,,complete,/mnt/shared/zechuan/iraod_artifacts/comparison/rsar/gaussian_white_noise/seed_44/0f98a48/methods/B/eval_full_gaussian_white_noise_ids_v1/class_ap.txt
RSAR,gaussian_white_noise,B,44,ema,harbor,0.406,printed class_ap.txt (typically 3 decimals),,,complete,/mnt/shared/zechuan/iraod_artifacts/comparison/rsar/gaussian_white_noise/seed_44/0f98a48/methods/B/eval_full_gaussian_white_noise_ids_v1/class_ap.txt
RSAR,gaussian_white_noise,C,42,ema,ship,0.761,printed class_ap.txt (typically 3 decimals),0.761,0.761,complete,/mnt/shared/zechuan/iraod_artifacts/comparison/rsar/gaussian_white_noise/seed_42/0f98a48/methods/C/eval_full_gaussian_white_noise_ids_v1/class_ap.txt
RSAR,gaussian_white_noise,C,42,ema,aircraft,0.662,printed class_ap.txt (typically 3 decimals),0.662,0.662,complete,/mnt/shared/zechuan/iraod_artifacts/comparison/rsar/gaussian_white_noise/seed_42/0f98a48/methods/C/eval_full_gaussian_white_noise_ids_v1/class_ap.txt
RSAR,gaussian_white_noise,C,42,ema,car,0.767,printed class_ap.txt (typically 3 decimals),0.767,0.767,complete,/mnt/shared/zechuan/iraod_artifacts/comparison/rsar/gaussian_white_noise/seed_42/0f98a48/methods/C/eval_full_gaussian_white_noise_ids_v1/class_ap.txt
RSAR,gaussian_white_noise,C,42,ema,tank,0.153,printed class_ap.txt (typically 3 decimals),0.153,0.153,complete,/mnt/shared/zechuan/iraod_artifacts/comparison/rsar/gaussian_white_noise/seed_42/0f98a48/methods/C/eval_full_gaussian_white_noise_ids_v1/class_ap.txt
RSAR,gaussian_white_noise,C,42,ema,bridge,0.38,printed class_ap.txt (typically 3 decimals),0.38,0.38,complete,/mnt/shared/zechuan/iraod_artifacts/comparison/rsar/gaussian_white_noise/seed_42/0f98a48/methods/C/eval_full_gaussian_white_noise_ids_v1/class_ap.txt
RSAR,gaussian_white_noise,C,42,ema,harbor,0.403,printed class_ap.txt (typically 3 decimals),0.403,0.403,complete,/mnt/shared/zechuan/iraod_artifacts/comparison/rsar/gaussian_white_noise/seed_42/0f98a48/methods/C/eval_full_gaussian_white_noise_ids_v1/class_ap.txt
RSAR,gaussian_white_noise,C,43,ema,ship,0.758,printed class_ap.txt (typically 3 decimals),,,complete,/mnt/shared/zechuan/iraod_artifacts/comparison/rsar/gaussian_white_noise/seed_43/0f98a48/methods/C/eval_full_gaussian_white_noise_ids_v1/class_ap.txt
RSAR,gaussian_white_noise,C,43,ema,aircraft,0.674,printed class_ap.txt (typically 3 decimals),,,complete,/mnt/shared/zechuan/iraod_artifacts/comparison/rsar/gaussian_white_noise/seed_43/0f98a48/methods/C/eval_full_gaussian_white_noise_ids_v1/class_ap.txt
RSAR,gaussian_white_noise,C,43,ema,car,0.763,printed class_ap.txt (typically 3 decimals),,,complete,/mnt/shared/zechuan/iraod_artifacts/comparison/rsar/gaussian_white_noise/seed_43/0f98a48/methods/C/eval_full_gaussian_white_noise_ids_v1/class_ap.txt
RSAR,gaussian_white_noise,C,43,ema,tank,0.147,printed class_ap.txt (typically 3 decimals),,,complete,/mnt/shared/zechuan/iraod_artifacts/comparison/rsar/gaussian_white_noise/seed_43/0f98a48/methods/C/eval_full_gaussian_white_noise_ids_v1/class_ap.txt
RSAR,gaussian_white_noise,C,43,ema,bridge,0.367,printed class_ap.txt (typically 3 decimals),,,complete,/mnt/shared/zechuan/iraod_artifacts/comparison/rsar/gaussian_white_noise/seed_43/0f98a48/methods/C/eval_full_gaussian_white_noise_ids_v1/class_ap.txt
RSAR,gaussian_white_noise,C,43,ema,harbor,0.392,printed class_ap.txt (typically 3 decimals),,,complete,/mnt/shared/zechuan/iraod_artifacts/comparison/rsar/gaussian_white_noise/seed_43/0f98a48/methods/C/eval_full_gaussian_white_noise_ids_v1/class_ap.txt
RSAR,gaussian_white_noise,C,44,ema,ship,0.758,printed class_ap.txt (typically 3 decimals),,,complete,/mnt/shared/zechuan/iraod_artifacts/comparison/rsar/gaussian_white_noise/seed_44/0f98a48/methods/C/eval_full_gaussian_white_noise_ids_v1/class_ap.txt
RSAR,gaussian_white_noise,C,44,ema,aircraft,0.684,printed class_ap.txt (typically 3 decimals),,,complete,/mnt/shared/zechuan/iraod_artifacts/comparison/rsar/gaussian_white_noise/seed_44/0f98a48/methods/C/eval_full_gaussian_white_noise_ids_v1/class_ap.txt
RSAR,gaussian_white_noise,C,44,ema,car,0.767,printed class_ap.txt (typically 3 decimals),,,complete,/mnt/shared/zechuan/iraod_artifacts/comparison/rsar/gaussian_white_noise/seed_44/0f98a48/methods/C/eval_full_gaussian_white_noise_ids_v1/class_ap.txt
RSAR,gaussian_white_noise,C,44,ema,tank,0.148,printed class_ap.txt (typically 3 decimals),,,complete,/mnt/shared/zechuan/iraod_artifacts/comparison/rsar/gaussian_white_noise/seed_44/0f98a48/methods/C/eval_full_gaussian_white_noise_ids_v1/class_ap.txt
RSAR,gaussian_white_noise,C,44,ema,bridge,0.383,printed class_ap.txt (typically 3 decimals),,,complete,/mnt/shared/zechuan/iraod_artifacts/comparison/rsar/gaussian_white_noise/seed_44/0f98a48/methods/C/eval_full_gaussian_white_noise_ids_v1/class_ap.txt
RSAR,gaussian_white_noise,C,44,ema,harbor,0.398,printed class_ap.txt (typically 3 decimals),,,complete,/mnt/shared/zechuan/iraod_artifacts/comparison/rsar/gaussian_white_noise/seed_44/0f98a48/methods/C/eval_full_gaussian_white_noise_ids_v1/class_ap.txt
RSAR,gaussian_white_noise,D,42,ema,ship,0.764,printed class_ap.txt (typically 3 decimals),0.764,0.764,complete,/mnt/shared/zechuan/iraod_artifacts/comparison/rsar/gaussian_white_noise/seed_42/0f98a48/methods/D/eval_full_gaussian_white_noise_ids_v1/class_ap.txt
RSAR,gaussian_white_noise,D,42,ema,aircraft,0.638,printed class_ap.txt (typically 3 decimals),0.638,0.638,complete,/mnt/shared/zechuan/iraod_artifacts/comparison/rsar/gaussian_white_noise/seed_42/0f98a48/methods/D/eval_full_gaussian_white_noise_ids_v1/class_ap.txt
RSAR,gaussian_white_noise,D,42,ema,car,0.756,printed class_ap.txt (typically 3 decimals),0.756,0.756,complete,/mnt/shared/zechuan/iraod_artifacts/comparison/rsar/gaussian_white_noise/seed_42/0f98a48/methods/D/eval_full_gaussian_white_noise_ids_v1/class_ap.txt
RSAR,gaussian_white_noise,D,42,ema,tank,0.131,printed class_ap.txt (typically 3 decimals),0.131,0.131,complete,/mnt/shared/zechuan/iraod_artifacts/comparison/rsar/gaussian_white_noise/seed_42/0f98a48/methods/D/eval_full_gaussian_white_noise_ids_v1/class_ap.txt
RSAR,gaussian_white_noise,D,42,ema,bridge,0.37,printed class_ap.txt (typically 3 decimals),0.37,0.37,complete,/mnt/shared/zechuan/iraod_artifacts/comparison/rsar/gaussian_white_noise/seed_42/0f98a48/methods/D/eval_full_gaussian_white_noise_ids_v1/class_ap.txt
RSAR,gaussian_white_noise,D,42,ema,harbor,0.406,printed class_ap.txt (typically 3 decimals),0.406,0.406,complete,/mnt/shared/zechuan/iraod_artifacts/comparison/rsar/gaussian_white_noise/seed_42/0f98a48/methods/D/eval_full_gaussian_white_noise_ids_v1/class_ap.txt
RSAR,gaussian_white_noise,D,43,ema,ship,0.757,printed class_ap.txt (typically 3 decimals),,,complete,/mnt/shared/zechuan/iraod_artifacts/comparison/rsar/gaussian_white_noise/seed_43/0f98a48/methods/D/eval_full_gaussian_white_noise_ids_v1/class_ap.txt
RSAR,gaussian_white_noise,D,43,ema,aircraft,0.718,printed class_ap.txt (typically 3 decimals),,,complete,/mnt/shared/zechuan/iraod_artifacts/comparison/rsar/gaussian_white_noise/seed_43/0f98a48/methods/D/eval_full_gaussian_white_noise_ids_v1/class_ap.txt
RSAR,gaussian_white_noise,D,43,ema,car,0.759,printed class_ap.txt (typically 3 decimals),,,complete,/mnt/shared/zechuan/iraod_artifacts/comparison/rsar/gaussian_white_noise/seed_43/0f98a48/methods/D/eval_full_gaussian_white_noise_ids_v1/class_ap.txt
RSAR,gaussian_white_noise,D,43,ema,tank,0.124,printed class_ap.txt (typically 3 decimals),,,complete,/mnt/shared/zechuan/iraod_artifacts/comparison/rsar/gaussian_white_noise/seed_43/0f98a48/methods/D/eval_full_gaussian_white_noise_ids_v1/class_ap.txt
RSAR,gaussian_white_noise,D,43,ema,bridge,0.342,printed class_ap.txt (typically 3 decimals),,,complete,/mnt/shared/zechuan/iraod_artifacts/comparison/rsar/gaussian_white_noise/seed_43/0f98a48/methods/D/eval_full_gaussian_white_noise_ids_v1/class_ap.txt
RSAR,gaussian_white_noise,D,43,ema,harbor,0.362,printed class_ap.txt (typically 3 decimals),,,complete,/mnt/shared/zechuan/iraod_artifacts/comparison/rsar/gaussian_white_noise/seed_43/0f98a48/methods/D/eval_full_gaussian_white_noise_ids_v1/class_ap.txt
RSAR,gaussian_white_noise,D,44,ema,ship,0.765,printed class_ap.txt (typically 3 decimals),,,complete,/mnt/shared/zechuan/iraod_artifacts/comparison/rsar/gaussian_white_noise/seed_44/0f98a48/methods/D/eval_full_gaussian_white_noise_ids_v1/class_ap.txt
RSAR,gaussian_white_noise,D,44,ema,aircraft,0.704,printed class_ap.txt (typically 3 decimals),,,complete,/mnt/shared/zechuan/iraod_artifacts/comparison/rsar/gaussian_white_noise/seed_44/0f98a48/methods/D/eval_full_gaussian_white_noise_ids_v1/class_ap.txt
RSAR,gaussian_white_noise,D,44,ema,car,0.764,printed class_ap.txt (typically 3 decimals),,,complete,/mnt/shared/zechuan/iraod_artifacts/comparison/rsar/gaussian_white_noise/seed_44/0f98a48/methods/D/eval_full_gaussian_white_noise_ids_v1/class_ap.txt
RSAR,gaussian_white_noise,D,44,ema,tank,0.137,printed class_ap.txt (typically 3 decimals),,,complete,/mnt/shared/zechuan/iraod_artifacts/comparison/rsar/gaussian_white_noise/seed_44/0f98a48/methods/D/eval_full_gaussian_white_noise_ids_v1/class_ap.txt
RSAR,gaussian_white_noise,D,44,ema,bridge,0.355,printed class_ap.txt (typically 3 decimals),,,complete,/mnt/shared/zechuan/iraod_artifacts/comparison/rsar/gaussian_white_noise/seed_44/0f98a48/methods/D/eval_full_gaussian_white_noise_ids_v1/class_ap.txt
RSAR,gaussian_white_noise,D,44,ema,harbor,0.382,printed class_ap.txt (typically 3 decimals),,,complete,/mnt/shared/zechuan/iraod_artifacts/comparison/rsar/gaussian_white_noise/seed_44/0f98a48/methods/D/eval_full_gaussian_white_noise_ids_v1/class_ap.txt
RSAR,gaussian_white_noise,E,42,ema,ship,0.756,printed class_ap.txt (typically 3 decimals),0.756,0.756,complete,/mnt/shared/zechuan/iraod_artifacts/comparison/rsar/gaussian_white_noise/seed_42/0f98a48/methods/E/ddp2/eval_full_gaussian_white_noise_ids_v1/class_ap.txt
RSAR,gaussian_white_noise,E,42,ema,aircraft,0.705,printed class_ap.txt (typically 3 decimals),0.705,0.705,complete,/mnt/shared/zechuan/iraod_artifacts/comparison/rsar/gaussian_white_noise/seed_42/0f98a48/methods/E/ddp2/eval_full_gaussian_white_noise_ids_v1/class_ap.txt
RSAR,gaussian_white_noise,E,42,ema,car,0.766,printed class_ap.txt (typically 3 decimals),0.766,0.766,complete,/mnt/shared/zechuan/iraod_artifacts/comparison/rsar/gaussian_white_noise/seed_42/0f98a48/methods/E/ddp2/eval_full_gaussian_white_noise_ids_v1/class_ap.txt
RSAR,gaussian_white_noise,E,42,ema,tank,0.143,printed class_ap.txt (typically 3 decimals),0.143,0.143,complete,/mnt/shared/zechuan/iraod_artifacts/comparison/rsar/gaussian_white_noise/seed_42/0f98a48/methods/E/ddp2/eval_full_gaussian_white_noise_ids_v1/class_ap.txt
RSAR,gaussian_white_noise,E,42,ema,bridge,0.366,printed class_ap.txt (typically 3 decimals),0.366,0.366,complete,/mnt/shared/zechuan/iraod_artifacts/comparison/rsar/gaussian_white_noise/seed_42/0f98a48/methods/E/ddp2/eval_full_gaussian_white_noise_ids_v1/class_ap.txt
RSAR,gaussian_white_noise,E,42,ema,harbor,0.401,printed class_ap.txt (typically 3 decimals),0.401,0.401,complete,/mnt/shared/zechuan/iraod_artifacts/comparison/rsar/gaussian_white_noise/seed_42/0f98a48/methods/E/ddp2/eval_full_gaussian_white_noise_ids_v1/class_ap.txt
RSAR,gaussian_white_noise,E,43,ema,ship,0.756,printed class_ap.txt (typically 3 decimals),,,complete,/mnt/shared/zechuan/iraod_artifacts/comparison/rsar/gaussian_white_noise/seed_43/0f98a48/methods/E/ddp2/eval_full_gaussian_white_noise_ids_v1/class_ap.txt
RSAR,gaussian_white_noise,E,43,ema,aircraft,0.694,printed class_ap.txt (typically 3 decimals),,,complete,/mnt/shared/zechuan/iraod_artifacts/comparison/rsar/gaussian_white_noise/seed_43/0f98a48/methods/E/ddp2/eval_full_gaussian_white_noise_ids_v1/class_ap.txt
RSAR,gaussian_white_noise,E,43,ema,car,0.759,printed class_ap.txt (typically 3 decimals),,,complete,/mnt/shared/zechuan/iraod_artifacts/comparison/rsar/gaussian_white_noise/seed_43/0f98a48/methods/E/ddp2/eval_full_gaussian_white_noise_ids_v1/class_ap.txt
RSAR,gaussian_white_noise,E,43,ema,tank,0.134,printed class_ap.txt (typically 3 decimals),,,complete,/mnt/shared/zechuan/iraod_artifacts/comparison/rsar/gaussian_white_noise/seed_43/0f98a48/methods/E/ddp2/eval_full_gaussian_white_noise_ids_v1/class_ap.txt
RSAR,gaussian_white_noise,E,43,ema,bridge,0.369,printed class_ap.txt (typically 3 decimals),,,complete,/mnt/shared/zechuan/iraod_artifacts/comparison/rsar/gaussian_white_noise/seed_43/0f98a48/methods/E/ddp2/eval_full_gaussian_white_noise_ids_v1/class_ap.txt
RSAR,gaussian_white_noise,E,43,ema,harbor,0.38,printed class_ap.txt (typically 3 decimals),,,complete,/mnt/shared/zechuan/iraod_artifacts/comparison/rsar/gaussian_white_noise/seed_43/0f98a48/methods/E/ddp2/eval_full_gaussian_white_noise_ids_v1/class_ap.txt
RSAR,gaussian_white_noise,E,44,ema,ship,0.756,printed class_ap.txt (typically 3 decimals),,,complete,/mnt/shared/zechuan/iraod_artifacts/comparison/rsar/gaussian_white_noise/seed_44/0f98a48/methods/E/ddp2/eval_full_gaussian_white_noise_ids_v1/class_ap.txt
RSAR,gaussian_white_noise,E,44,ema,aircraft,0.68,printed class_ap.txt (typically 3 decimals),,,complete,/mnt/shared/zechuan/iraod_artifacts/comparison/rsar/gaussian_white_noise/seed_44/0f98a48/methods/E/ddp2/eval_full_gaussian_white_noise_ids_v1/class_ap.txt
RSAR,gaussian_white_noise,E,44,ema,car,0.766,printed class_ap.txt (typically 3 decimals),,,complete,/mnt/shared/zechuan/iraod_artifacts/comparison/rsar/gaussian_white_noise/seed_44/0f98a48/methods/E/ddp2/eval_full_gaussian_white_noise_ids_v1/class_ap.txt
RSAR,gaussian_white_noise,E,44,ema,tank,0.141,printed class_ap.txt (typically 3 decimals),,,complete,/mnt/shared/zechuan/iraod_artifacts/comparison/rsar/gaussian_white_noise/seed_44/0f98a48/methods/E/ddp2/eval_full_gaussian_white_noise_ids_v1/class_ap.txt
RSAR,gaussian_white_noise,E,44,ema,bridge,0.378,printed class_ap.txt (typically 3 decimals),,,complete,/mnt/shared/zechuan/iraod_artifacts/comparison/rsar/gaussian_white_noise/seed_44/0f98a48/methods/E/ddp2/eval_full_gaussian_white_noise_ids_v1/class_ap.txt
RSAR,gaussian_white_noise,E,44,ema,harbor,0.4,printed class_ap.txt (typically 3 decimals),,,complete,/mnt/shared/zechuan/iraod_artifacts/comparison/rsar/gaussian_white_noise/seed_44/0f98a48/methods/E/ddp2/eval_full_gaussian_white_noise_ids_v1/class_ap.txt
RSAR,gaussian_white_noise,F,42,ema,ship,0.761,printed class_ap.txt (typically 3 decimals),0.761,0.761,complete,/mnt/shared/zechuan/iraod_artifacts/comparison/rsar/gaussian_white_noise/seed_42/0f98a48/methods/F/ddp2/eval_full_gaussian_white_noise_ids_v1/class_ap.txt
RSAR,gaussian_white_noise,F,42,ema,aircraft,0.683,printed class_ap.txt (typically 3 decimals),0.683,0.683,complete,/mnt/shared/zechuan/iraod_artifacts/comparison/rsar/gaussian_white_noise/seed_42/0f98a48/methods/F/ddp2/eval_full_gaussian_white_noise_ids_v1/class_ap.txt
RSAR,gaussian_white_noise,F,42,ema,car,0.752,printed class_ap.txt (typically 3 decimals),0.752,0.752,complete,/mnt/shared/zechuan/iraod_artifacts/comparison/rsar/gaussian_white_noise/seed_42/0f98a48/methods/F/ddp2/eval_full_gaussian_white_noise_ids_v1/class_ap.txt
RSAR,gaussian_white_noise,F,42,ema,tank,0.149,printed class_ap.txt (typically 3 decimals),0.149,0.149,complete,/mnt/shared/zechuan/iraod_artifacts/comparison/rsar/gaussian_white_noise/seed_42/0f98a48/methods/F/ddp2/eval_full_gaussian_white_noise_ids_v1/class_ap.txt
RSAR,gaussian_white_noise,F,42,ema,bridge,0.382,printed class_ap.txt (typically 3 decimals),0.382,0.382,complete,/mnt/shared/zechuan/iraod_artifacts/comparison/rsar/gaussian_white_noise/seed_42/0f98a48/methods/F/ddp2/eval_full_gaussian_white_noise_ids_v1/class_ap.txt
RSAR,gaussian_white_noise,F,42,ema,harbor,0.4,printed class_ap.txt (typically 3 decimals),0.4,0.4,complete,/mnt/shared/zechuan/iraod_artifacts/comparison/rsar/gaussian_white_noise/seed_42/0f98a48/methods/F/ddp2/eval_full_gaussian_white_noise_ids_v1/class_ap.txt
RSAR,gaussian_white_noise,F,43,ema,ship,0.762,printed class_ap.txt (typically 3 decimals),,,complete,/mnt/shared/zechuan/iraod_artifacts/comparison/rsar/gaussian_white_noise/seed_43/0f98a48/methods/F/ddp2/eval_full_gaussian_white_noise_ids_v1/class_ap.txt
RSAR,gaussian_white_noise,F,43,ema,aircraft,0.622,printed class_ap.txt (typically 3 decimals),,,complete,/mnt/shared/zechuan/iraod_artifacts/comparison/rsar/gaussian_white_noise/seed_43/0f98a48/methods/F/ddp2/eval_full_gaussian_white_noise_ids_v1/class_ap.txt
RSAR,gaussian_white_noise,F,43,ema,car,0.756,printed class_ap.txt (typically 3 decimals),,,complete,/mnt/shared/zechuan/iraod_artifacts/comparison/rsar/gaussian_white_noise/seed_43/0f98a48/methods/F/ddp2/eval_full_gaussian_white_noise_ids_v1/class_ap.txt
RSAR,gaussian_white_noise,F,43,ema,tank,0.159,printed class_ap.txt (typically 3 decimals),,,complete,/mnt/shared/zechuan/iraod_artifacts/comparison/rsar/gaussian_white_noise/seed_43/0f98a48/methods/F/ddp2/eval_full_gaussian_white_noise_ids_v1/class_ap.txt
RSAR,gaussian_white_noise,F,43,ema,bridge,0.38,printed class_ap.txt (typically 3 decimals),,,complete,/mnt/shared/zechuan/iraod_artifacts/comparison/rsar/gaussian_white_noise/seed_43/0f98a48/methods/F/ddp2/eval_full_gaussian_white_noise_ids_v1/class_ap.txt
RSAR,gaussian_white_noise,F,43,ema,harbor,0.407,printed class_ap.txt (typically 3 decimals),,,complete,/mnt/shared/zechuan/iraod_artifacts/comparison/rsar/gaussian_white_noise/seed_43/0f98a48/methods/F/ddp2/eval_full_gaussian_white_noise_ids_v1/class_ap.txt
RSAR,gaussian_white_noise,F,44,ema,ship,0.766,printed class_ap.txt (typically 3 decimals),,,complete,/mnt/shared/zechuan/iraod_artifacts/comparison/rsar/gaussian_white_noise/seed_44/0f98a48/methods/F/ddp2/eval_full_gaussian_white_noise_ids_v1/class_ap.txt
RSAR,gaussian_white_noise,F,44,ema,aircraft,0.628,printed class_ap.txt (typically 3 decimals),,,complete,/mnt/shared/zechuan/iraod_artifacts/comparison/rsar/gaussian_white_noise/seed_44/0f98a48/methods/F/ddp2/eval_full_gaussian_white_noise_ids_v1/class_ap.txt
RSAR,gaussian_white_noise,F,44,ema,car,0.768,printed class_ap.txt (typically 3 decimals),,,complete,/mnt/shared/zechuan/iraod_artifacts/comparison/rsar/gaussian_white_noise/seed_44/0f98a48/methods/F/ddp2/eval_full_gaussian_white_noise_ids_v1/class_ap.txt
RSAR,gaussian_white_noise,F,44,ema,tank,0.155,printed class_ap.txt (typically 3 decimals),,,complete,/mnt/shared/zechuan/iraod_artifacts/comparison/rsar/gaussian_white_noise/seed_44/0f98a48/methods/F/ddp2/eval_full_gaussian_white_noise_ids_v1/class_ap.txt
RSAR,gaussian_white_noise,F,44,ema,bridge,0.387,printed class_ap.txt (typically 3 decimals),,,complete,/mnt/shared/zechuan/iraod_artifacts/comparison/rsar/gaussian_white_noise/seed_44/0f98a48/methods/F/ddp2/eval_full_gaussian_white_noise_ids_v1/class_ap.txt
RSAR,gaussian_white_noise,F,44,ema,harbor,0.395,printed class_ap.txt (typically 3 decimals),,,complete,/mnt/shared/zechuan/iraod_artifacts/comparison/rsar/gaussian_white_noise/seed_44/0f98a48/methods/F/ddp2/eval_full_gaussian_white_noise_ids_v1/class_ap.txt
RSAR,point_target,A,42,source,ship,0.747,printed class_ap.txt (typically 3 decimals),0.747,0.747,complete,/mnt/shared/zechuan/iraod_artifacts/comparison/rsar/point_target/seed_42/0f98a48/methods/A/eval_full_point_target_ids_v1/class_ap.txt
RSAR,point_target,A,42,source,aircraft,0.6,printed class_ap.txt (typically 3 decimals),0.6,0.6,complete,/mnt/shared/zechuan/iraod_artifacts/comparison/rsar/point_target/seed_42/0f98a48/methods/A/eval_full_point_target_ids_v1/class_ap.txt
RSAR,point_target,A,42,source,car,0.776,printed class_ap.txt (typically 3 decimals),0.776,0.776,complete,/mnt/shared/zechuan/iraod_artifacts/comparison/rsar/point_target/seed_42/0f98a48/methods/A/eval_full_point_target_ids_v1/class_ap.txt
RSAR,point_target,A,42,source,tank,0.169,printed class_ap.txt (typically 3 decimals),0.169,0.169,complete,/mnt/shared/zechuan/iraod_artifacts/comparison/rsar/point_target/seed_42/0f98a48/methods/A/eval_full_point_target_ids_v1/class_ap.txt
RSAR,point_target,A,42,source,bridge,0.378,printed class_ap.txt (typically 3 decimals),0.378,0.378,complete,/mnt/shared/zechuan/iraod_artifacts/comparison/rsar/point_target/seed_42/0f98a48/methods/A/eval_full_point_target_ids_v1/class_ap.txt
RSAR,point_target,A,42,source,harbor,0.425,printed class_ap.txt (typically 3 decimals),0.425,0.425,complete,/mnt/shared/zechuan/iraod_artifacts/comparison/rsar/point_target/seed_42/0f98a48/methods/A/eval_full_point_target_ids_v1/class_ap.txt
RSAR,point_target,B,42,ema,ship,0.737,printed class_ap.txt (typically 3 decimals),0.737,0.737,complete,/mnt/shared/zechuan/iraod_artifacts/comparison/rsar/point_target/seed_42/0f98a48/methods/B/eval_full_point_target_ids_v1/class_ap.txt
RSAR,point_target,B,42,ema,aircraft,0.627,printed class_ap.txt (typically 3 decimals),0.627,0.627,complete,/mnt/shared/zechuan/iraod_artifacts/comparison/rsar/point_target/seed_42/0f98a48/methods/B/eval_full_point_target_ids_v1/class_ap.txt
RSAR,point_target,B,42,ema,car,0.763,printed class_ap.txt (typically 3 decimals),0.763,0.763,complete,/mnt/shared/zechuan/iraod_artifacts/comparison/rsar/point_target/seed_42/0f98a48/methods/B/eval_full_point_target_ids_v1/class_ap.txt
RSAR,point_target,B,42,ema,tank,0.127,printed class_ap.txt (typically 3 decimals),0.127,0.127,complete,/mnt/shared/zechuan/iraod_artifacts/comparison/rsar/point_target/seed_42/0f98a48/methods/B/eval_full_point_target_ids_v1/class_ap.txt
RSAR,point_target,B,42,ema,bridge,0.336,printed class_ap.txt (typically 3 decimals),0.336,0.336,complete,/mnt/shared/zechuan/iraod_artifacts/comparison/rsar/point_target/seed_42/0f98a48/methods/B/eval_full_point_target_ids_v1/class_ap.txt
RSAR,point_target,B,42,ema,harbor,0.386,printed class_ap.txt (typically 3 decimals),0.386,0.386,complete,/mnt/shared/zechuan/iraod_artifacts/comparison/rsar/point_target/seed_42/0f98a48/methods/B/eval_full_point_target_ids_v1/class_ap.txt
RSAR,point_target,B,43,ema,ship,0.732,printed class_ap.txt (typically 3 decimals),,,complete,/mnt/shared/zechuan/iraod_artifacts/comparison/rsar/point_target/seed_43/0f98a48/methods/B/eval_full_point_target_ids_v1/class_ap.txt
RSAR,point_target,B,43,ema,aircraft,0.681,printed class_ap.txt (typically 3 decimals),,,complete,/mnt/shared/zechuan/iraod_artifacts/comparison/rsar/point_target/seed_43/0f98a48/methods/B/eval_full_point_target_ids_v1/class_ap.txt
RSAR,point_target,B,43,ema,car,0.755,printed class_ap.txt (typically 3 decimals),,,complete,/mnt/shared/zechuan/iraod_artifacts/comparison/rsar/point_target/seed_43/0f98a48/methods/B/eval_full_point_target_ids_v1/class_ap.txt
RSAR,point_target,B,43,ema,tank,0.117,printed class_ap.txt (typically 3 decimals),,,complete,/mnt/shared/zechuan/iraod_artifacts/comparison/rsar/point_target/seed_43/0f98a48/methods/B/eval_full_point_target_ids_v1/class_ap.txt
RSAR,point_target,B,43,ema,bridge,0.342,printed class_ap.txt (typically 3 decimals),,,complete,/mnt/shared/zechuan/iraod_artifacts/comparison/rsar/point_target/seed_43/0f98a48/methods/B/eval_full_point_target_ids_v1/class_ap.txt
RSAR,point_target,B,43,ema,harbor,0.35,printed class_ap.txt (typically 3 decimals),,,complete,/mnt/shared/zechuan/iraod_artifacts/comparison/rsar/point_target/seed_43/0f98a48/methods/B/eval_full_point_target_ids_v1/class_ap.txt
RSAR,point_target,B,44,ema,ship,0.735,printed class_ap.txt (typically 3 decimals),,,complete,/mnt/shared/zechuan/iraod_artifacts/comparison/rsar/point_target/seed_44/0f98a48/methods/B/eval_full_point_target_ids_v1/class_ap.txt
RSAR,point_target,B,44,ema,aircraft,0.628,printed class_ap.txt (typically 3 decimals),,,complete,/mnt/shared/zechuan/iraod_artifacts/comparison/rsar/point_target/seed_44/0f98a48/methods/B/eval_full_point_target_ids_v1/class_ap.txt
RSAR,point_target,B,44,ema,car,0.765,printed class_ap.txt (typically 3 decimals),,,complete,/mnt/shared/zechuan/iraod_artifacts/comparison/rsar/point_target/seed_44/0f98a48/methods/B/eval_full_point_target_ids_v1/class_ap.txt
RSAR,point_target,B,44,ema,tank,0.134,printed class_ap.txt (typically 3 decimals),,,complete,/mnt/shared/zechuan/iraod_artifacts/comparison/rsar/point_target/seed_44/0f98a48/methods/B/eval_full_point_target_ids_v1/class_ap.txt
RSAR,point_target,B,44,ema,bridge,0.371,printed class_ap.txt (typically 3 decimals),,,complete,/mnt/shared/zechuan/iraod_artifacts/comparison/rsar/point_target/seed_44/0f98a48/methods/B/eval_full_point_target_ids_v1/class_ap.txt
RSAR,point_target,B,44,ema,harbor,0.398,printed class_ap.txt (typically 3 decimals),,,complete,/mnt/shared/zechuan/iraod_artifacts/comparison/rsar/point_target/seed_44/0f98a48/methods/B/eval_full_point_target_ids_v1/class_ap.txt
RSAR,point_target,C,42,ema,ship,0.737,printed class_ap.txt (typically 3 decimals),0.737,0.737,complete,/mnt/shared/zechuan/iraod_artifacts/comparison/rsar/point_target/seed_42/0f98a48/methods/C/eval_full_point_target_ids_v1/class_ap.txt
RSAR,point_target,C,42,ema,aircraft,0.627,printed class_ap.txt (typically 3 decimals),0.627,0.627,complete,/mnt/shared/zechuan/iraod_artifacts/comparison/rsar/point_target/seed_42/0f98a48/methods/C/eval_full_point_target_ids_v1/class_ap.txt
RSAR,point_target,C,42,ema,car,0.759,printed class_ap.txt (typically 3 decimals),0.759,0.759,complete,/mnt/shared/zechuan/iraod_artifacts/comparison/rsar/point_target/seed_42/0f98a48/methods/C/eval_full_point_target_ids_v1/class_ap.txt
RSAR,point_target,C,42,ema,tank,0.146,printed class_ap.txt (typically 3 decimals),0.146,0.146,complete,/mnt/shared/zechuan/iraod_artifacts/comparison/rsar/point_target/seed_42/0f98a48/methods/C/eval_full_point_target_ids_v1/class_ap.txt
RSAR,point_target,C,42,ema,bridge,0.368,printed class_ap.txt (typically 3 decimals),0.368,0.368,complete,/mnt/shared/zechuan/iraod_artifacts/comparison/rsar/point_target/seed_42/0f98a48/methods/C/eval_full_point_target_ids_v1/class_ap.txt
RSAR,point_target,C,42,ema,harbor,0.431,printed class_ap.txt (typically 3 decimals),0.431,0.431,complete,/mnt/shared/zechuan/iraod_artifacts/comparison/rsar/point_target/seed_42/0f98a48/methods/C/eval_full_point_target_ids_v1/class_ap.txt
RSAR,point_target,C,43,ema,ship,0.734,printed class_ap.txt (typically 3 decimals),,,complete,/mnt/shared/zechuan/iraod_artifacts/comparison/rsar/point_target/seed_43/0f98a48/methods/C/eval_full_point_target_ids_v1/class_ap.txt
RSAR,point_target,C,43,ema,aircraft,0.631,printed class_ap.txt (typically 3 decimals),,,complete,/mnt/shared/zechuan/iraod_artifacts/comparison/rsar/point_target/seed_43/0f98a48/methods/C/eval_full_point_target_ids_v1/class_ap.txt
RSAR,point_target,C,43,ema,car,0.754,printed class_ap.txt (typically 3 decimals),,,complete,/mnt/shared/zechuan/iraod_artifacts/comparison/rsar/point_target/seed_43/0f98a48/methods/C/eval_full_point_target_ids_v1/class_ap.txt
RSAR,point_target,C,43,ema,tank,0.117,printed class_ap.txt (typically 3 decimals),,,complete,/mnt/shared/zechuan/iraod_artifacts/comparison/rsar/point_target/seed_43/0f98a48/methods/C/eval_full_point_target_ids_v1/class_ap.txt
RSAR,point_target,C,43,ema,bridge,0.34,printed class_ap.txt (typically 3 decimals),,,complete,/mnt/shared/zechuan/iraod_artifacts/comparison/rsar/point_target/seed_43/0f98a48/methods/C/eval_full_point_target_ids_v1/class_ap.txt
RSAR,point_target,C,43,ema,harbor,0.383,printed class_ap.txt (typically 3 decimals),,,complete,/mnt/shared/zechuan/iraod_artifacts/comparison/rsar/point_target/seed_43/0f98a48/methods/C/eval_full_point_target_ids_v1/class_ap.txt
RSAR,point_target,C,44,ema,ship,0.733,printed class_ap.txt (typically 3 decimals),,,complete,/mnt/shared/zechuan/iraod_artifacts/comparison/rsar/point_target/seed_44/0f98a48/methods/C/eval_full_point_target_ids_v1/class_ap.txt
RSAR,point_target,C,44,ema,aircraft,0.644,printed class_ap.txt (typically 3 decimals),,,complete,/mnt/shared/zechuan/iraod_artifacts/comparison/rsar/point_target/seed_44/0f98a48/methods/C/eval_full_point_target_ids_v1/class_ap.txt
RSAR,point_target,C,44,ema,car,0.764,printed class_ap.txt (typically 3 decimals),,,complete,/mnt/shared/zechuan/iraod_artifacts/comparison/rsar/point_target/seed_44/0f98a48/methods/C/eval_full_point_target_ids_v1/class_ap.txt
RSAR,point_target,C,44,ema,tank,0.161,printed class_ap.txt (typically 3 decimals),,,complete,/mnt/shared/zechuan/iraod_artifacts/comparison/rsar/point_target/seed_44/0f98a48/methods/C/eval_full_point_target_ids_v1/class_ap.txt
RSAR,point_target,C,44,ema,bridge,0.376,printed class_ap.txt (typically 3 decimals),,,complete,/mnt/shared/zechuan/iraod_artifacts/comparison/rsar/point_target/seed_44/0f98a48/methods/C/eval_full_point_target_ids_v1/class_ap.txt
RSAR,point_target,C,44,ema,harbor,0.432,printed class_ap.txt (typically 3 decimals),,,complete,/mnt/shared/zechuan/iraod_artifacts/comparison/rsar/point_target/seed_44/0f98a48/methods/C/eval_full_point_target_ids_v1/class_ap.txt
RSAR,point_target,D,42,ema,ship,0.743,printed class_ap.txt (typically 3 decimals),0.743,0.743,complete,/mnt/shared/zechuan/iraod_artifacts/comparison/rsar/point_target/seed_42/0f98a48/methods/D/eval_full_point_target_ids_v1/class_ap.txt
RSAR,point_target,D,42,ema,aircraft,0.626,printed class_ap.txt (typically 3 decimals),0.626,0.626,complete,/mnt/shared/zechuan/iraod_artifacts/comparison/rsar/point_target/seed_42/0f98a48/methods/D/eval_full_point_target_ids_v1/class_ap.txt
RSAR,point_target,D,42,ema,car,0.739,printed class_ap.txt (typically 3 decimals),0.739,0.739,complete,/mnt/shared/zechuan/iraod_artifacts/comparison/rsar/point_target/seed_42/0f98a48/methods/D/eval_full_point_target_ids_v1/class_ap.txt
RSAR,point_target,D,42,ema,tank,0.125,printed class_ap.txt (typically 3 decimals),0.125,0.125,complete,/mnt/shared/zechuan/iraod_artifacts/comparison/rsar/point_target/seed_42/0f98a48/methods/D/eval_full_point_target_ids_v1/class_ap.txt
RSAR,point_target,D,42,ema,bridge,0.359,printed class_ap.txt (typically 3 decimals),0.359,0.359,complete,/mnt/shared/zechuan/iraod_artifacts/comparison/rsar/point_target/seed_42/0f98a48/methods/D/eval_full_point_target_ids_v1/class_ap.txt
RSAR,point_target,D,42,ema,harbor,0.406,printed class_ap.txt (typically 3 decimals),0.406,0.406,complete,/mnt/shared/zechuan/iraod_artifacts/comparison/rsar/point_target/seed_42/0f98a48/methods/D/eval_full_point_target_ids_v1/class_ap.txt
RSAR,point_target,D,43,ema,ship,0.741,printed class_ap.txt (typically 3 decimals),,,complete,/mnt/shared/zechuan/iraod_artifacts/comparison/rsar/point_target/seed_43/0f98a48/methods/D/eval_full_point_target_ids_v1/class_ap.txt
RSAR,point_target,D,43,ema,aircraft,0.646,printed class_ap.txt (typically 3 decimals),,,complete,/mnt/shared/zechuan/iraod_artifacts/comparison/rsar/point_target/seed_43/0f98a48/methods/D/eval_full_point_target_ids_v1/class_ap.txt
RSAR,point_target,D,43,ema,car,0.751,printed class_ap.txt (typically 3 decimals),,,complete,/mnt/shared/zechuan/iraod_artifacts/comparison/rsar/point_target/seed_43/0f98a48/methods/D/eval_full_point_target_ids_v1/class_ap.txt
RSAR,point_target,D,43,ema,tank,0.123,printed class_ap.txt (typically 3 decimals),,,complete,/mnt/shared/zechuan/iraod_artifacts/comparison/rsar/point_target/seed_43/0f98a48/methods/D/eval_full_point_target_ids_v1/class_ap.txt
RSAR,point_target,D,43,ema,bridge,0.346,printed class_ap.txt (typically 3 decimals),,,complete,/mnt/shared/zechuan/iraod_artifacts/comparison/rsar/point_target/seed_43/0f98a48/methods/D/eval_full_point_target_ids_v1/class_ap.txt
RSAR,point_target,D,43,ema,harbor,0.38,printed class_ap.txt (typically 3 decimals),,,complete,/mnt/shared/zechuan/iraod_artifacts/comparison/rsar/point_target/seed_43/0f98a48/methods/D/eval_full_point_target_ids_v1/class_ap.txt
RSAR,point_target,D,44,ema,ship,0.748,printed class_ap.txt (typically 3 decimals),,,complete,/mnt/shared/zechuan/iraod_artifacts/comparison/rsar/point_target/seed_44/0f98a48/methods/D/eval_full_point_target_ids_v1/class_ap.txt
RSAR,point_target,D,44,ema,aircraft,0.64,printed class_ap.txt (typically 3 decimals),,,complete,/mnt/shared/zechuan/iraod_artifacts/comparison/rsar/point_target/seed_44/0f98a48/methods/D/eval_full_point_target_ids_v1/class_ap.txt
RSAR,point_target,D,44,ema,car,0.758,printed class_ap.txt (typically 3 decimals),,,complete,/mnt/shared/zechuan/iraod_artifacts/comparison/rsar/point_target/seed_44/0f98a48/methods/D/eval_full_point_target_ids_v1/class_ap.txt
RSAR,point_target,D,44,ema,tank,0.136,printed class_ap.txt (typically 3 decimals),,,complete,/mnt/shared/zechuan/iraod_artifacts/comparison/rsar/point_target/seed_44/0f98a48/methods/D/eval_full_point_target_ids_v1/class_ap.txt
RSAR,point_target,D,44,ema,bridge,0.352,printed class_ap.txt (typically 3 decimals),,,complete,/mnt/shared/zechuan/iraod_artifacts/comparison/rsar/point_target/seed_44/0f98a48/methods/D/eval_full_point_target_ids_v1/class_ap.txt
RSAR,point_target,D,44,ema,harbor,0.388,printed class_ap.txt (typically 3 decimals),,,complete,/mnt/shared/zechuan/iraod_artifacts/comparison/rsar/point_target/seed_44/0f98a48/methods/D/eval_full_point_target_ids_v1/class_ap.txt
RSAR,point_target,E,42,ema,ship,0.741,printed class_ap.txt (typically 3 decimals),0.741,0.741,complete,/mnt/shared/zechuan/iraod_artifacts/comparison/rsar/point_target/seed_42/0f98a48/methods/E/ddp2/eval_full_point_target_ids_v1/class_ap.txt
RSAR,point_target,E,42,ema,aircraft,0.668,printed class_ap.txt (typically 3 decimals),0.668,0.668,complete,/mnt/shared/zechuan/iraod_artifacts/comparison/rsar/point_target/seed_42/0f98a48/methods/E/ddp2/eval_full_point_target_ids_v1/class_ap.txt
RSAR,point_target,E,42,ema,car,0.76,printed class_ap.txt (typically 3 decimals),0.76,0.76,complete,/mnt/shared/zechuan/iraod_artifacts/comparison/rsar/point_target/seed_42/0f98a48/methods/E/ddp2/eval_full_point_target_ids_v1/class_ap.txt
RSAR,point_target,E,42,ema,tank,0.146,printed class_ap.txt (typically 3 decimals),0.146,0.146,complete,/mnt/shared/zechuan/iraod_artifacts/comparison/rsar/point_target/seed_42/0f98a48/methods/E/ddp2/eval_full_point_target_ids_v1/class_ap.txt
RSAR,point_target,E,42,ema,bridge,0.35,printed class_ap.txt (typically 3 decimals),0.35,0.35,complete,/mnt/shared/zechuan/iraod_artifacts/comparison/rsar/point_target/seed_42/0f98a48/methods/E/ddp2/eval_full_point_target_ids_v1/class_ap.txt
RSAR,point_target,E,42,ema,harbor,0.402,printed class_ap.txt (typically 3 decimals),0.402,0.402,complete,/mnt/shared/zechuan/iraod_artifacts/comparison/rsar/point_target/seed_42/0f98a48/methods/E/ddp2/eval_full_point_target_ids_v1/class_ap.txt
RSAR,point_target,E,43,ema,ship,0.738,printed class_ap.txt (typically 3 decimals),,,complete,/mnt/shared/zechuan/iraod_artifacts/comparison/rsar/point_target/seed_43/0f98a48/methods/E/ddp2/eval_full_point_target_ids_v1/class_ap.txt
RSAR,point_target,E,43,ema,aircraft,0.636,printed class_ap.txt (typically 3 decimals),,,complete,/mnt/shared/zechuan/iraod_artifacts/comparison/rsar/point_target/seed_43/0f98a48/methods/E/ddp2/eval_full_point_target_ids_v1/class_ap.txt
RSAR,point_target,E,43,ema,car,0.753,printed class_ap.txt (typically 3 decimals),,,complete,/mnt/shared/zechuan/iraod_artifacts/comparison/rsar/point_target/seed_43/0f98a48/methods/E/ddp2/eval_full_point_target_ids_v1/class_ap.txt
RSAR,point_target,E,43,ema,tank,0.152,printed class_ap.txt (typically 3 decimals),,,complete,/mnt/shared/zechuan/iraod_artifacts/comparison/rsar/point_target/seed_43/0f98a48/methods/E/ddp2/eval_full_point_target_ids_v1/class_ap.txt
RSAR,point_target,E,43,ema,bridge,0.352,printed class_ap.txt (typically 3 decimals),,,complete,/mnt/shared/zechuan/iraod_artifacts/comparison/rsar/point_target/seed_43/0f98a48/methods/E/ddp2/eval_full_point_target_ids_v1/class_ap.txt
RSAR,point_target,E,43,ema,harbor,0.397,printed class_ap.txt (typically 3 decimals),,,complete,/mnt/shared/zechuan/iraod_artifacts/comparison/rsar/point_target/seed_43/0f98a48/methods/E/ddp2/eval_full_point_target_ids_v1/class_ap.txt
RSAR,point_target,E,44,ema,ship,0.738,printed class_ap.txt (typically 3 decimals),,,complete,/mnt/shared/zechuan/iraod_artifacts/comparison/rsar/point_target/seed_44/0f98a48/methods/E/ddp2/eval_full_point_target_ids_v1/class_ap.txt
RSAR,point_target,E,44,ema,aircraft,0.628,printed class_ap.txt (typically 3 decimals),,,complete,/mnt/shared/zechuan/iraod_artifacts/comparison/rsar/point_target/seed_44/0f98a48/methods/E/ddp2/eval_full_point_target_ids_v1/class_ap.txt
RSAR,point_target,E,44,ema,car,0.764,printed class_ap.txt (typically 3 decimals),,,complete,/mnt/shared/zechuan/iraod_artifacts/comparison/rsar/point_target/seed_44/0f98a48/methods/E/ddp2/eval_full_point_target_ids_v1/class_ap.txt
RSAR,point_target,E,44,ema,tank,0.137,printed class_ap.txt (typically 3 decimals),,,complete,/mnt/shared/zechuan/iraod_artifacts/comparison/rsar/point_target/seed_44/0f98a48/methods/E/ddp2/eval_full_point_target_ids_v1/class_ap.txt
RSAR,point_target,E,44,ema,bridge,0.346,printed class_ap.txt (typically 3 decimals),,,complete,/mnt/shared/zechuan/iraod_artifacts/comparison/rsar/point_target/seed_44/0f98a48/methods/E/ddp2/eval_full_point_target_ids_v1/class_ap.txt
RSAR,point_target,E,44,ema,harbor,0.41,printed class_ap.txt (typically 3 decimals),,,complete,/mnt/shared/zechuan/iraod_artifacts/comparison/rsar/point_target/seed_44/0f98a48/methods/E/ddp2/eval_full_point_target_ids_v1/class_ap.txt
RSAR,point_target,F,42,ema,ship,0.748,printed class_ap.txt (typically 3 decimals),0.748,0.748,complete,/mnt/shared/zechuan/iraod_artifacts/comparison/rsar/point_target/seed_42/0f98a48/methods/F/ddp2/eval_full_point_target_ids_v1/class_ap.txt
RSAR,point_target,F,42,ema,aircraft,0.626,printed class_ap.txt (typically 3 decimals),0.626,0.626,complete,/mnt/shared/zechuan/iraod_artifacts/comparison/rsar/point_target/seed_42/0f98a48/methods/F/ddp2/eval_full_point_target_ids_v1/class_ap.txt
RSAR,point_target,F,42,ema,car,0.736,printed class_ap.txt (typically 3 decimals),0.736,0.736,complete,/mnt/shared/zechuan/iraod_artifacts/comparison/rsar/point_target/seed_42/0f98a48/methods/F/ddp2/eval_full_point_target_ids_v1/class_ap.txt
RSAR,point_target,F,42,ema,tank,0.151,printed class_ap.txt (typically 3 decimals),0.151,0.151,complete,/mnt/shared/zechuan/iraod_artifacts/comparison/rsar/point_target/seed_42/0f98a48/methods/F/ddp2/eval_full_point_target_ids_v1/class_ap.txt
RSAR,point_target,F,42,ema,bridge,0.369,printed class_ap.txt (typically 3 decimals),0.369,0.369,complete,/mnt/shared/zechuan/iraod_artifacts/comparison/rsar/point_target/seed_42/0f98a48/methods/F/ddp2/eval_full_point_target_ids_v1/class_ap.txt
RSAR,point_target,F,42,ema,harbor,0.418,printed class_ap.txt (typically 3 decimals),0.418,0.418,complete,/mnt/shared/zechuan/iraod_artifacts/comparison/rsar/point_target/seed_42/0f98a48/methods/F/ddp2/eval_full_point_target_ids_v1/class_ap.txt
RSAR,point_target,F,43,ema,ship,0.747,printed class_ap.txt (typically 3 decimals),,,complete,/mnt/shared/zechuan/iraod_artifacts/comparison/rsar/point_target/seed_43/0f98a48/methods/F/ddp2/eval_full_point_target_ids_v1/class_ap.txt
RSAR,point_target,F,43,ema,aircraft,0.597,printed class_ap.txt (typically 3 decimals),,,complete,/mnt/shared/zechuan/iraod_artifacts/comparison/rsar/point_target/seed_43/0f98a48/methods/F/ddp2/eval_full_point_target_ids_v1/class_ap.txt
RSAR,point_target,F,43,ema,car,0.741,printed class_ap.txt (typically 3 decimals),,,complete,/mnt/shared/zechuan/iraod_artifacts/comparison/rsar/point_target/seed_43/0f98a48/methods/F/ddp2/eval_full_point_target_ids_v1/class_ap.txt
RSAR,point_target,F,43,ema,tank,0.158,printed class_ap.txt (typically 3 decimals),,,complete,/mnt/shared/zechuan/iraod_artifacts/comparison/rsar/point_target/seed_43/0f98a48/methods/F/ddp2/eval_full_point_target_ids_v1/class_ap.txt
RSAR,point_target,F,43,ema,bridge,0.365,printed class_ap.txt (typically 3 decimals),,,complete,/mnt/shared/zechuan/iraod_artifacts/comparison/rsar/point_target/seed_43/0f98a48/methods/F/ddp2/eval_full_point_target_ids_v1/class_ap.txt
RSAR,point_target,F,43,ema,harbor,0.398,printed class_ap.txt (typically 3 decimals),,,complete,/mnt/shared/zechuan/iraod_artifacts/comparison/rsar/point_target/seed_43/0f98a48/methods/F/ddp2/eval_full_point_target_ids_v1/class_ap.txt
RSAR,point_target,F,44,ema,ship,0.751,printed class_ap.txt (typically 3 decimals),,,complete,/mnt/shared/zechuan/iraod_artifacts/comparison/rsar/point_target/seed_44/0f98a48/methods/F/ddp2/eval_full_point_target_ids_v1/class_ap.txt
RSAR,point_target,F,44,ema,aircraft,0.585,printed class_ap.txt (typically 3 decimals),,,complete,/mnt/shared/zechuan/iraod_artifacts/comparison/rsar/point_target/seed_44/0f98a48/methods/F/ddp2/eval_full_point_target_ids_v1/class_ap.txt
RSAR,point_target,F,44,ema,car,0.752,printed class_ap.txt (typically 3 decimals),,,complete,/mnt/shared/zechuan/iraod_artifacts/comparison/rsar/point_target/seed_44/0f98a48/methods/F/ddp2/eval_full_point_target_ids_v1/class_ap.txt
RSAR,point_target,F,44,ema,tank,0.161,printed class_ap.txt (typically 3 decimals),,,complete,/mnt/shared/zechuan/iraod_artifacts/comparison/rsar/point_target/seed_44/0f98a48/methods/F/ddp2/eval_full_point_target_ids_v1/class_ap.txt
RSAR,point_target,F,44,ema,bridge,0.37,printed class_ap.txt (typically 3 decimals),,,complete,/mnt/shared/zechuan/iraod_artifacts/comparison/rsar/point_target/seed_44/0f98a48/methods/F/ddp2/eval_full_point_target_ids_v1/class_ap.txt
RSAR,point_target,F,44,ema,harbor,0.414,printed class_ap.txt (typically 3 decimals),,,complete,/mnt/shared/zechuan/iraod_artifacts/comparison/rsar/point_target/seed_44/0f98a48/methods/F/ddp2/eval_full_point_target_ids_v1/class_ap.txt
RSAR,noise_suppression,A,42,source,ship,0.466,printed class_ap.txt (typically 3 decimals),0.466,0.466,complete,/mnt/shared/zechuan/iraod_artifacts/comparison/rsar/noise_suppression/seed_42/0f98a48/methods/A/eval_full_noise_suppression_ids_v1/class_ap.txt
RSAR,noise_suppression,A,42,source,aircraft,0.051,printed class_ap.txt (typically 3 decimals),0.051,0.051,complete,/mnt/shared/zechuan/iraod_artifacts/comparison/rsar/noise_suppression/seed_42/0f98a48/methods/A/eval_full_noise_suppression_ids_v1/class_ap.txt
RSAR,noise_suppression,A,42,source,car,0.0,printed class_ap.txt (typically 3 decimals),0.0,0.0,complete,/mnt/shared/zechuan/iraod_artifacts/comparison/rsar/noise_suppression/seed_42/0f98a48/methods/A/eval_full_noise_suppression_ids_v1/class_ap.txt
RSAR,noise_suppression,A,42,source,tank,0.001,printed class_ap.txt (typically 3 decimals),0.001,0.001,complete,/mnt/shared/zechuan/iraod_artifacts/comparison/rsar/noise_suppression/seed_42/0f98a48/methods/A/eval_full_noise_suppression_ids_v1/class_ap.txt
RSAR,noise_suppression,A,42,source,bridge,0.346,printed class_ap.txt (typically 3 decimals),0.346,0.346,complete,/mnt/shared/zechuan/iraod_artifacts/comparison/rsar/noise_suppression/seed_42/0f98a48/methods/A/eval_full_noise_suppression_ids_v1/class_ap.txt
RSAR,noise_suppression,A,42,source,harbor,0.116,printed class_ap.txt (typically 3 decimals),0.116,0.116,complete,/mnt/shared/zechuan/iraod_artifacts/comparison/rsar/noise_suppression/seed_42/0f98a48/methods/A/eval_full_noise_suppression_ids_v1/class_ap.txt
RSAR,noise_suppression,B,42,ema,ship,0.519,printed class_ap.txt (typically 3 decimals),0.519,0.519,complete,/mnt/shared/zechuan/iraod_artifacts/comparison/rsar/noise_suppression/seed_42/0f98a48/methods/B/eval_full_noise_suppression_ids_v1/class_ap.txt
RSAR,noise_suppression,B,42,ema,aircraft,0.104,printed class_ap.txt (typically 3 decimals),0.104,0.104,complete,/mnt/shared/zechuan/iraod_artifacts/comparison/rsar/noise_suppression/seed_42/0f98a48/methods/B/eval_full_noise_suppression_ids_v1/class_ap.txt
RSAR,noise_suppression,B,42,ema,car,0.0,printed class_ap.txt (typically 3 decimals),0.0,0.0,complete,/mnt/shared/zechuan/iraod_artifacts/comparison/rsar/noise_suppression/seed_42/0f98a48/methods/B/eval_full_noise_suppression_ids_v1/class_ap.txt
RSAR,noise_suppression,B,42,ema,tank,0.001,printed class_ap.txt (typically 3 decimals),0.001,0.001,complete,/mnt/shared/zechuan/iraod_artifacts/comparison/rsar/noise_suppression/seed_42/0f98a48/methods/B/eval_full_noise_suppression_ids_v1/class_ap.txt
RSAR,noise_suppression,B,42,ema,bridge,0.347,printed class_ap.txt (typically 3 decimals),0.347,0.347,complete,/mnt/shared/zechuan/iraod_artifacts/comparison/rsar/noise_suppression/seed_42/0f98a48/methods/B/eval_full_noise_suppression_ids_v1/class_ap.txt
RSAR,noise_suppression,B,42,ema,harbor,0.113,printed class_ap.txt (typically 3 decimals),0.113,0.113,complete,/mnt/shared/zechuan/iraod_artifacts/comparison/rsar/noise_suppression/seed_42/0f98a48/methods/B/eval_full_noise_suppression_ids_v1/class_ap.txt
RSAR,noise_suppression,B,43,ema,ship,0.521,printed class_ap.txt (typically 3 decimals),,,complete,/mnt/shared/zechuan/iraod_artifacts/comparison/rsar/noise_suppression/seed_43/0f98a48/methods/B/eval_full_noise_suppression_ids_v1/class_ap.txt
RSAR,noise_suppression,B,43,ema,aircraft,0.108,printed class_ap.txt (typically 3 decimals),,,complete,/mnt/shared/zechuan/iraod_artifacts/comparison/rsar/noise_suppression/seed_43/0f98a48/methods/B/eval_full_noise_suppression_ids_v1/class_ap.txt
RSAR,noise_suppression,B,43,ema,car,0.0,printed class_ap.txt (typically 3 decimals),,,complete,/mnt/shared/zechuan/iraod_artifacts/comparison/rsar/noise_suppression/seed_43/0f98a48/methods/B/eval_full_noise_suppression_ids_v1/class_ap.txt
RSAR,noise_suppression,B,43,ema,tank,0.002,printed class_ap.txt (typically 3 decimals),,,complete,/mnt/shared/zechuan/iraod_artifacts/comparison/rsar/noise_suppression/seed_43/0f98a48/methods/B/eval_full_noise_suppression_ids_v1/class_ap.txt
RSAR,noise_suppression,B,43,ema,bridge,0.339,printed class_ap.txt (typically 3 decimals),,,complete,/mnt/shared/zechuan/iraod_artifacts/comparison/rsar/noise_suppression/seed_43/0f98a48/methods/B/eval_full_noise_suppression_ids_v1/class_ap.txt
RSAR,noise_suppression,B,43,ema,harbor,0.097,printed class_ap.txt (typically 3 decimals),,,complete,/mnt/shared/zechuan/iraod_artifacts/comparison/rsar/noise_suppression/seed_43/0f98a48/methods/B/eval_full_noise_suppression_ids_v1/class_ap.txt
RSAR,noise_suppression,B,44,ema,ship,0.523,printed class_ap.txt (typically 3 decimals),,,complete,/mnt/shared/zechuan/iraod_artifacts/comparison/rsar/noise_suppression/seed_44/0f98a48/methods/B/eval_full_noise_suppression_ids_v1/class_ap.txt
RSAR,noise_suppression,B,44,ema,aircraft,0.044,printed class_ap.txt (typically 3 decimals),,,complete,/mnt/shared/zechuan/iraod_artifacts/comparison/rsar/noise_suppression/seed_44/0f98a48/methods/B/eval_full_noise_suppression_ids_v1/class_ap.txt
RSAR,noise_suppression,B,44,ema,car,0.0,printed class_ap.txt (typically 3 decimals),,,complete,/mnt/shared/zechuan/iraod_artifacts/comparison/rsar/noise_suppression/seed_44/0f98a48/methods/B/eval_full_noise_suppression_ids_v1/class_ap.txt
RSAR,noise_suppression,B,44,ema,tank,0.001,printed class_ap.txt (typically 3 decimals),,,complete,/mnt/shared/zechuan/iraod_artifacts/comparison/rsar/noise_suppression/seed_44/0f98a48/methods/B/eval_full_noise_suppression_ids_v1/class_ap.txt
RSAR,noise_suppression,B,44,ema,bridge,0.354,printed class_ap.txt (typically 3 decimals),,,complete,/mnt/shared/zechuan/iraod_artifacts/comparison/rsar/noise_suppression/seed_44/0f98a48/methods/B/eval_full_noise_suppression_ids_v1/class_ap.txt
RSAR,noise_suppression,B,44,ema,harbor,0.095,printed class_ap.txt (typically 3 decimals),,,complete,/mnt/shared/zechuan/iraod_artifacts/comparison/rsar/noise_suppression/seed_44/0f98a48/methods/B/eval_full_noise_suppression_ids_v1/class_ap.txt
RSAR,noise_suppression,C,42,ema,ship,0.525,printed class_ap.txt (typically 3 decimals),0.525,0.525,complete,/mnt/shared/zechuan/iraod_artifacts/comparison/rsar/noise_suppression/seed_42/0f98a48/methods/C/eval_full_noise_suppression_ids_v1/class_ap.txt
RSAR,noise_suppression,C,42,ema,aircraft,0.114,printed class_ap.txt (typically 3 decimals),0.114,0.114,complete,/mnt/shared/zechuan/iraod_artifacts/comparison/rsar/noise_suppression/seed_42/0f98a48/methods/C/eval_full_noise_suppression_ids_v1/class_ap.txt
RSAR,noise_suppression,C,42,ema,car,0.0,printed class_ap.txt (typically 3 decimals),0.0,0.0,complete,/mnt/shared/zechuan/iraod_artifacts/comparison/rsar/noise_suppression/seed_42/0f98a48/methods/C/eval_full_noise_suppression_ids_v1/class_ap.txt
RSAR,noise_suppression,C,42,ema,tank,0.004,printed class_ap.txt (typically 3 decimals),0.004,0.004,complete,/mnt/shared/zechuan/iraod_artifacts/comparison/rsar/noise_suppression/seed_42/0f98a48/methods/C/eval_full_noise_suppression_ids_v1/class_ap.txt
RSAR,noise_suppression,C,42,ema,bridge,0.343,printed class_ap.txt (typically 3 decimals),0.343,0.343,complete,/mnt/shared/zechuan/iraod_artifacts/comparison/rsar/noise_suppression/seed_42/0f98a48/methods/C/eval_full_noise_suppression_ids_v1/class_ap.txt
RSAR,noise_suppression,C,42,ema,harbor,0.13,printed class_ap.txt (typically 3 decimals),0.13,0.13,complete,/mnt/shared/zechuan/iraod_artifacts/comparison/rsar/noise_suppression/seed_42/0f98a48/methods/C/eval_full_noise_suppression_ids_v1/class_ap.txt
RSAR,noise_suppression,C,43,ema,ship,0.532,printed class_ap.txt (typically 3 decimals),,,complete,/mnt/shared/zechuan/iraod_artifacts/comparison/rsar/noise_suppression/seed_43/0f98a48/methods/C/eval_full_noise_suppression_ids_v1/class_ap.txt
RSAR,noise_suppression,C,43,ema,aircraft,0.076,printed class_ap.txt (typically 3 decimals),,,complete,/mnt/shared/zechuan/iraod_artifacts/comparison/rsar/noise_suppression/seed_43/0f98a48/methods/C/eval_full_noise_suppression_ids_v1/class_ap.txt
RSAR,noise_suppression,C,43,ema,car,0.0,printed class_ap.txt (typically 3 decimals),,,complete,/mnt/shared/zechuan/iraod_artifacts/comparison/rsar/noise_suppression/seed_43/0f98a48/methods/C/eval_full_noise_suppression_ids_v1/class_ap.txt
RSAR,noise_suppression,C,43,ema,tank,0.002,printed class_ap.txt (typically 3 decimals),,,complete,/mnt/shared/zechuan/iraod_artifacts/comparison/rsar/noise_suppression/seed_43/0f98a48/methods/C/eval_full_noise_suppression_ids_v1/class_ap.txt
RSAR,noise_suppression,C,43,ema,bridge,0.34,printed class_ap.txt (typically 3 decimals),,,complete,/mnt/shared/zechuan/iraod_artifacts/comparison/rsar/noise_suppression/seed_43/0f98a48/methods/C/eval_full_noise_suppression_ids_v1/class_ap.txt
RSAR,noise_suppression,C,43,ema,harbor,0.144,printed class_ap.txt (typically 3 decimals),,,complete,/mnt/shared/zechuan/iraod_artifacts/comparison/rsar/noise_suppression/seed_43/0f98a48/methods/C/eval_full_noise_suppression_ids_v1/class_ap.txt
RSAR,noise_suppression,C,44,ema,ship,0.529,printed class_ap.txt (typically 3 decimals),,,complete,/mnt/shared/zechuan/iraod_artifacts/comparison/rsar/noise_suppression/seed_44/0f98a48/methods/C/eval_full_noise_suppression_ids_v1/class_ap.txt
RSAR,noise_suppression,C,44,ema,aircraft,0.075,printed class_ap.txt (typically 3 decimals),,,complete,/mnt/shared/zechuan/iraod_artifacts/comparison/rsar/noise_suppression/seed_44/0f98a48/methods/C/eval_full_noise_suppression_ids_v1/class_ap.txt
RSAR,noise_suppression,C,44,ema,car,0.0,printed class_ap.txt (typically 3 decimals),,,complete,/mnt/shared/zechuan/iraod_artifacts/comparison/rsar/noise_suppression/seed_44/0f98a48/methods/C/eval_full_noise_suppression_ids_v1/class_ap.txt
RSAR,noise_suppression,C,44,ema,tank,0.003,printed class_ap.txt (typically 3 decimals),,,complete,/mnt/shared/zechuan/iraod_artifacts/comparison/rsar/noise_suppression/seed_44/0f98a48/methods/C/eval_full_noise_suppression_ids_v1/class_ap.txt
RSAR,noise_suppression,C,44,ema,bridge,0.345,printed class_ap.txt (typically 3 decimals),,,complete,/mnt/shared/zechuan/iraod_artifacts/comparison/rsar/noise_suppression/seed_44/0f98a48/methods/C/eval_full_noise_suppression_ids_v1/class_ap.txt
RSAR,noise_suppression,C,44,ema,harbor,0.137,printed class_ap.txt (typically 3 decimals),,,complete,/mnt/shared/zechuan/iraod_artifacts/comparison/rsar/noise_suppression/seed_44/0f98a48/methods/C/eval_full_noise_suppression_ids_v1/class_ap.txt
RSAR,noise_suppression,D,42,ema,ship,0.46,printed class_ap.txt (typically 3 decimals),0.46,0.46,complete,/mnt/shared/zechuan/iraod_artifacts/comparison/rsar/noise_suppression/seed_42/0f98a48/methods/D/eval_full_noise_suppression_ids_v1/class_ap.txt
RSAR,noise_suppression,D,42,ema,aircraft,0.099,printed class_ap.txt (typically 3 decimals),0.099,0.099,complete,/mnt/shared/zechuan/iraod_artifacts/comparison/rsar/noise_suppression/seed_42/0f98a48/methods/D/eval_full_noise_suppression_ids_v1/class_ap.txt
RSAR,noise_suppression,D,42,ema,car,0.0,printed class_ap.txt (typically 3 decimals),0.0,0.0,complete,/mnt/shared/zechuan/iraod_artifacts/comparison/rsar/noise_suppression/seed_42/0f98a48/methods/D/eval_full_noise_suppression_ids_v1/class_ap.txt
RSAR,noise_suppression,D,42,ema,tank,0.001,printed class_ap.txt (typically 3 decimals),0.001,0.001,complete,/mnt/shared/zechuan/iraod_artifacts/comparison/rsar/noise_suppression/seed_42/0f98a48/methods/D/eval_full_noise_suppression_ids_v1/class_ap.txt
RSAR,noise_suppression,D,42,ema,bridge,0.324,printed class_ap.txt (typically 3 decimals),0.324,0.324,complete,/mnt/shared/zechuan/iraod_artifacts/comparison/rsar/noise_suppression/seed_42/0f98a48/methods/D/eval_full_noise_suppression_ids_v1/class_ap.txt
RSAR,noise_suppression,D,42,ema,harbor,0.107,printed class_ap.txt (typically 3 decimals),0.107,0.107,complete,/mnt/shared/zechuan/iraod_artifacts/comparison/rsar/noise_suppression/seed_42/0f98a48/methods/D/eval_full_noise_suppression_ids_v1/class_ap.txt
RSAR,noise_suppression,D,43,ema,ship,0.475,printed class_ap.txt (typically 3 decimals),,,complete,/mnt/shared/zechuan/iraod_artifacts/comparison/rsar/noise_suppression/seed_43/0f98a48/methods/D/eval_full_noise_suppression_ids_v1/class_ap.txt
RSAR,noise_suppression,D,43,ema,aircraft,0.104,printed class_ap.txt (typically 3 decimals),,,complete,/mnt/shared/zechuan/iraod_artifacts/comparison/rsar/noise_suppression/seed_43/0f98a48/methods/D/eval_full_noise_suppression_ids_v1/class_ap.txt
RSAR,noise_suppression,D,43,ema,car,0.0,printed class_ap.txt (typically 3 decimals),,,complete,/mnt/shared/zechuan/iraod_artifacts/comparison/rsar/noise_suppression/seed_43/0f98a48/methods/D/eval_full_noise_suppression_ids_v1/class_ap.txt
RSAR,noise_suppression,D,43,ema,tank,0.0,printed class_ap.txt (typically 3 decimals),,,complete,/mnt/shared/zechuan/iraod_artifacts/comparison/rsar/noise_suppression/seed_43/0f98a48/methods/D/eval_full_noise_suppression_ids_v1/class_ap.txt
RSAR,noise_suppression,D,43,ema,bridge,0.331,printed class_ap.txt (typically 3 decimals),,,complete,/mnt/shared/zechuan/iraod_artifacts/comparison/rsar/noise_suppression/seed_43/0f98a48/methods/D/eval_full_noise_suppression_ids_v1/class_ap.txt
RSAR,noise_suppression,D,43,ema,harbor,0.127,printed class_ap.txt (typically 3 decimals),,,complete,/mnt/shared/zechuan/iraod_artifacts/comparison/rsar/noise_suppression/seed_43/0f98a48/methods/D/eval_full_noise_suppression_ids_v1/class_ap.txt
RSAR,noise_suppression,D,44,ema,ship,0.477,printed class_ap.txt (typically 3 decimals),,,complete,/mnt/shared/zechuan/iraod_artifacts/comparison/rsar/noise_suppression/seed_44/0f98a48/methods/D/eval_full_noise_suppression_ids_v1/class_ap.txt
RSAR,noise_suppression,D,44,ema,aircraft,0.105,printed class_ap.txt (typically 3 decimals),,,complete,/mnt/shared/zechuan/iraod_artifacts/comparison/rsar/noise_suppression/seed_44/0f98a48/methods/D/eval_full_noise_suppression_ids_v1/class_ap.txt
RSAR,noise_suppression,D,44,ema,car,0.0,printed class_ap.txt (typically 3 decimals),,,complete,/mnt/shared/zechuan/iraod_artifacts/comparison/rsar/noise_suppression/seed_44/0f98a48/methods/D/eval_full_noise_suppression_ids_v1/class_ap.txt
RSAR,noise_suppression,D,44,ema,tank,0.001,printed class_ap.txt (typically 3 decimals),,,complete,/mnt/shared/zechuan/iraod_artifacts/comparison/rsar/noise_suppression/seed_44/0f98a48/methods/D/eval_full_noise_suppression_ids_v1/class_ap.txt
RSAR,noise_suppression,D,44,ema,bridge,0.334,printed class_ap.txt (typically 3 decimals),,,complete,/mnt/shared/zechuan/iraod_artifacts/comparison/rsar/noise_suppression/seed_44/0f98a48/methods/D/eval_full_noise_suppression_ids_v1/class_ap.txt
RSAR,noise_suppression,D,44,ema,harbor,0.158,printed class_ap.txt (typically 3 decimals),,,complete,/mnt/shared/zechuan/iraod_artifacts/comparison/rsar/noise_suppression/seed_44/0f98a48/methods/D/eval_full_noise_suppression_ids_v1/class_ap.txt
RSAR,noise_suppression,E,42,ema,ship,0.523,printed class_ap.txt (typically 3 decimals),0.523,0.523,complete,/mnt/shared/zechuan/iraod_artifacts/comparison/rsar/noise_suppression/seed_42/0f98a48/methods/E/ddp2/eval_full_noise_suppression_ids_v1/class_ap.txt
RSAR,noise_suppression,E,42,ema,aircraft,0.107,printed class_ap.txt (typically 3 decimals),0.107,0.107,complete,/mnt/shared/zechuan/iraod_artifacts/comparison/rsar/noise_suppression/seed_42/0f98a48/methods/E/ddp2/eval_full_noise_suppression_ids_v1/class_ap.txt
RSAR,noise_suppression,E,42,ema,car,0.0,printed class_ap.txt (typically 3 decimals),0.0,0.0,complete,/mnt/shared/zechuan/iraod_artifacts/comparison/rsar/noise_suppression/seed_42/0f98a48/methods/E/ddp2/eval_full_noise_suppression_ids_v1/class_ap.txt
RSAR,noise_suppression,E,42,ema,tank,0.002,printed class_ap.txt (typically 3 decimals),0.002,0.002,complete,/mnt/shared/zechuan/iraod_artifacts/comparison/rsar/noise_suppression/seed_42/0f98a48/methods/E/ddp2/eval_full_noise_suppression_ids_v1/class_ap.txt
RSAR,noise_suppression,E,42,ema,bridge,0.351,printed class_ap.txt (typically 3 decimals),0.351,0.351,complete,/mnt/shared/zechuan/iraod_artifacts/comparison/rsar/noise_suppression/seed_42/0f98a48/methods/E/ddp2/eval_full_noise_suppression_ids_v1/class_ap.txt
RSAR,noise_suppression,E,42,ema,harbor,0.107,printed class_ap.txt (typically 3 decimals),0.107,0.107,complete,/mnt/shared/zechuan/iraod_artifacts/comparison/rsar/noise_suppression/seed_42/0f98a48/methods/E/ddp2/eval_full_noise_suppression_ids_v1/class_ap.txt
RSAR,noise_suppression,E,43,ema,ship,0.528,printed class_ap.txt (typically 3 decimals),,,complete,/mnt/shared/zechuan/iraod_artifacts/comparison/rsar/noise_suppression/seed_43/0f98a48/methods/E/ddp2/eval_full_noise_suppression_ids_v1/class_ap.txt
RSAR,noise_suppression,E,43,ema,aircraft,0.056,printed class_ap.txt (typically 3 decimals),,,complete,/mnt/shared/zechuan/iraod_artifacts/comparison/rsar/noise_suppression/seed_43/0f98a48/methods/E/ddp2/eval_full_noise_suppression_ids_v1/class_ap.txt
RSAR,noise_suppression,E,43,ema,car,0.001,printed class_ap.txt (typically 3 decimals),,,complete,/mnt/shared/zechuan/iraod_artifacts/comparison/rsar/noise_suppression/seed_43/0f98a48/methods/E/ddp2/eval_full_noise_suppression_ids_v1/class_ap.txt
RSAR,noise_suppression,E,43,ema,tank,0.002,printed class_ap.txt (typically 3 decimals),,,complete,/mnt/shared/zechuan/iraod_artifacts/comparison/rsar/noise_suppression/seed_43/0f98a48/methods/E/ddp2/eval_full_noise_suppression_ids_v1/class_ap.txt
RSAR,noise_suppression,E,43,ema,bridge,0.351,printed class_ap.txt (typically 3 decimals),,,complete,/mnt/shared/zechuan/iraod_artifacts/comparison/rsar/noise_suppression/seed_43/0f98a48/methods/E/ddp2/eval_full_noise_suppression_ids_v1/class_ap.txt
RSAR,noise_suppression,E,43,ema,harbor,0.147,printed class_ap.txt (typically 3 decimals),,,complete,/mnt/shared/zechuan/iraod_artifacts/comparison/rsar/noise_suppression/seed_43/0f98a48/methods/E/ddp2/eval_full_noise_suppression_ids_v1/class_ap.txt
RSAR,noise_suppression,E,44,ema,ship,0.527,printed class_ap.txt (typically 3 decimals),,,complete,/mnt/shared/zechuan/iraod_artifacts/comparison/rsar/noise_suppression/seed_44/0f98a48/methods/E/ddp2/eval_full_noise_suppression_ids_v1/class_ap.txt
RSAR,noise_suppression,E,44,ema,aircraft,0.038,printed class_ap.txt (typically 3 decimals),,,complete,/mnt/shared/zechuan/iraod_artifacts/comparison/rsar/noise_suppression/seed_44/0f98a48/methods/E/ddp2/eval_full_noise_suppression_ids_v1/class_ap.txt
RSAR,noise_suppression,E,44,ema,car,0.0,printed class_ap.txt (typically 3 decimals),,,complete,/mnt/shared/zechuan/iraod_artifacts/comparison/rsar/noise_suppression/seed_44/0f98a48/methods/E/ddp2/eval_full_noise_suppression_ids_v1/class_ap.txt
RSAR,noise_suppression,E,44,ema,tank,0.001,printed class_ap.txt (typically 3 decimals),,,complete,/mnt/shared/zechuan/iraod_artifacts/comparison/rsar/noise_suppression/seed_44/0f98a48/methods/E/ddp2/eval_full_noise_suppression_ids_v1/class_ap.txt
RSAR,noise_suppression,E,44,ema,bridge,0.343,printed class_ap.txt (typically 3 decimals),,,complete,/mnt/shared/zechuan/iraod_artifacts/comparison/rsar/noise_suppression/seed_44/0f98a48/methods/E/ddp2/eval_full_noise_suppression_ids_v1/class_ap.txt
RSAR,noise_suppression,E,44,ema,harbor,0.103,printed class_ap.txt (typically 3 decimals),,,complete,/mnt/shared/zechuan/iraod_artifacts/comparison/rsar/noise_suppression/seed_44/0f98a48/methods/E/ddp2/eval_full_noise_suppression_ids_v1/class_ap.txt
RSAR,noise_suppression,F,42,ema,ship,0.444,printed class_ap.txt (typically 3 decimals),0.444,0.444,complete,/mnt/shared/zechuan/iraod_artifacts/comparison/rsar/noise_suppression/seed_42/0f98a48/methods/F/ddp2/eval_full_noise_suppression_ids_v1/class_ap.txt
RSAR,noise_suppression,F,42,ema,aircraft,0.011,printed class_ap.txt (typically 3 decimals),0.011,0.011,complete,/mnt/shared/zechuan/iraod_artifacts/comparison/rsar/noise_suppression/seed_42/0f98a48/methods/F/ddp2/eval_full_noise_suppression_ids_v1/class_ap.txt
RSAR,noise_suppression,F,42,ema,car,0.0,printed class_ap.txt (typically 3 decimals),0.0,0.0,complete,/mnt/shared/zechuan/iraod_artifacts/comparison/rsar/noise_suppression/seed_42/0f98a48/methods/F/ddp2/eval_full_noise_suppression_ids_v1/class_ap.txt
RSAR,noise_suppression,F,42,ema,tank,0.002,printed class_ap.txt (typically 3 decimals),0.002,0.002,complete,/mnt/shared/zechuan/iraod_artifacts/comparison/rsar/noise_suppression/seed_42/0f98a48/methods/F/ddp2/eval_full_noise_suppression_ids_v1/class_ap.txt
RSAR,noise_suppression,F,42,ema,bridge,0.308,printed class_ap.txt (typically 3 decimals),0.308,0.308,complete,/mnt/shared/zechuan/iraod_artifacts/comparison/rsar/noise_suppression/seed_42/0f98a48/methods/F/ddp2/eval_full_noise_suppression_ids_v1/class_ap.txt
RSAR,noise_suppression,F,42,ema,harbor,0.083,printed class_ap.txt (typically 3 decimals),0.083,0.083,complete,/mnt/shared/zechuan/iraod_artifacts/comparison/rsar/noise_suppression/seed_42/0f98a48/methods/F/ddp2/eval_full_noise_suppression_ids_v1/class_ap.txt
RSAR,noise_suppression,F,43,ema,ship,0.472,printed class_ap.txt (typically 3 decimals),,,complete,/mnt/shared/zechuan/iraod_artifacts/comparison/rsar/noise_suppression/seed_43/0f98a48/methods/F/ddp2/eval_full_noise_suppression_ids_v1/class_ap.txt
RSAR,noise_suppression,F,43,ema,aircraft,0.102,printed class_ap.txt (typically 3 decimals),,,complete,/mnt/shared/zechuan/iraod_artifacts/comparison/rsar/noise_suppression/seed_43/0f98a48/methods/F/ddp2/eval_full_noise_suppression_ids_v1/class_ap.txt
RSAR,noise_suppression,F,43,ema,car,0.001,printed class_ap.txt (typically 3 decimals),,,complete,/mnt/shared/zechuan/iraod_artifacts/comparison/rsar/noise_suppression/seed_43/0f98a48/methods/F/ddp2/eval_full_noise_suppression_ids_v1/class_ap.txt
RSAR,noise_suppression,F,43,ema,tank,0.002,printed class_ap.txt (typically 3 decimals),,,complete,/mnt/shared/zechuan/iraod_artifacts/comparison/rsar/noise_suppression/seed_43/0f98a48/methods/F/ddp2/eval_full_noise_suppression_ids_v1/class_ap.txt
RSAR,noise_suppression,F,43,ema,bridge,0.322,printed class_ap.txt (typically 3 decimals),,,complete,/mnt/shared/zechuan/iraod_artifacts/comparison/rsar/noise_suppression/seed_43/0f98a48/methods/F/ddp2/eval_full_noise_suppression_ids_v1/class_ap.txt
RSAR,noise_suppression,F,43,ema,harbor,0.075,printed class_ap.txt (typically 3 decimals),,,complete,/mnt/shared/zechuan/iraod_artifacts/comparison/rsar/noise_suppression/seed_43/0f98a48/methods/F/ddp2/eval_full_noise_suppression_ids_v1/class_ap.txt
RSAR,noise_suppression,F,44,ema,ship,0.45,printed class_ap.txt (typically 3 decimals),,,complete,/mnt/shared/zechuan/iraod_artifacts/comparison/rsar/noise_suppression/seed_44/0f98a48/methods/F/ddp2/eval_full_noise_suppression_ids_v1/class_ap.txt
RSAR,noise_suppression,F,44,ema,aircraft,0.093,printed class_ap.txt (typically 3 decimals),,,complete,/mnt/shared/zechuan/iraod_artifacts/comparison/rsar/noise_suppression/seed_44/0f98a48/methods/F/ddp2/eval_full_noise_suppression_ids_v1/class_ap.txt
RSAR,noise_suppression,F,44,ema,car,0.0,printed class_ap.txt (typically 3 decimals),,,complete,/mnt/shared/zechuan/iraod_artifacts/comparison/rsar/noise_suppression/seed_44/0f98a48/methods/F/ddp2/eval_full_noise_suppression_ids_v1/class_ap.txt
RSAR,noise_suppression,F,44,ema,tank,0.001,printed class_ap.txt (typically 3 decimals),,,complete,/mnt/shared/zechuan/iraod_artifacts/comparison/rsar/noise_suppression/seed_44/0f98a48/methods/F/ddp2/eval_full_noise_suppression_ids_v1/class_ap.txt
RSAR,noise_suppression,F,44,ema,bridge,0.306,printed class_ap.txt (typically 3 decimals),,,complete,/mnt/shared/zechuan/iraod_artifacts/comparison/rsar/noise_suppression/seed_44/0f98a48/methods/F/ddp2/eval_full_noise_suppression_ids_v1/class_ap.txt
RSAR,noise_suppression,F,44,ema,harbor,0.086,printed class_ap.txt (typically 3 decimals),,,complete,/mnt/shared/zechuan/iraod_artifacts/comparison/rsar/noise_suppression/seed_44/0f98a48/methods/F/ddp2/eval_full_noise_suppression_ids_v1/class_ap.txt
RSAR,am_noise_horizontal,A,42,source,ship,0.285,printed class_ap.txt (typically 3 decimals),0.285,0.285,complete,/mnt/shared/zechuan/iraod_artifacts/comparison/rsar/am_noise_horizontal/seed_42/0f98a48/methods/A/eval_full_am_noise_horizontal_ids_v1/class_ap.txt
RSAR,am_noise_horizontal,A,42,source,aircraft,0.091,printed class_ap.txt (typically 3 decimals),0.091,0.091,complete,/mnt/shared/zechuan/iraod_artifacts/comparison/rsar/am_noise_horizontal/seed_42/0f98a48/methods/A/eval_full_am_noise_horizontal_ids_v1/class_ap.txt
RSAR,am_noise_horizontal,A,42,source,car,0.448,printed class_ap.txt (typically 3 decimals),0.448,0.448,complete,/mnt/shared/zechuan/iraod_artifacts/comparison/rsar/am_noise_horizontal/seed_42/0f98a48/methods/A/eval_full_am_noise_horizontal_ids_v1/class_ap.txt
RSAR,am_noise_horizontal,A,42,source,tank,0.094,printed class_ap.txt (typically 3 decimals),0.094,0.094,complete,/mnt/shared/zechuan/iraod_artifacts/comparison/rsar/am_noise_horizontal/seed_42/0f98a48/methods/A/eval_full_am_noise_horizontal_ids_v1/class_ap.txt
RSAR,am_noise_horizontal,A,42,source,bridge,0.159,printed class_ap.txt (typically 3 decimals),0.159,0.159,complete,/mnt/shared/zechuan/iraod_artifacts/comparison/rsar/am_noise_horizontal/seed_42/0f98a48/methods/A/eval_full_am_noise_horizontal_ids_v1/class_ap.txt
RSAR,am_noise_horizontal,A,42,source,harbor,0.16,printed class_ap.txt (typically 3 decimals),0.16,0.16,complete,/mnt/shared/zechuan/iraod_artifacts/comparison/rsar/am_noise_horizontal/seed_42/0f98a48/methods/A/eval_full_am_noise_horizontal_ids_v1/class_ap.txt
RSAR,am_noise_horizontal,B,42,ema,ship,0.337,printed class_ap.txt (typically 3 decimals),0.337,0.337,complete,/mnt/shared/zechuan/iraod_artifacts/comparison/rsar/am_noise_horizontal/seed_42/0f98a48/methods/B/eval_full_am_noise_horizontal_ids_v1/class_ap.txt
RSAR,am_noise_horizontal,B,42,ema,aircraft,0.091,printed class_ap.txt (typically 3 decimals),0.091,0.091,complete,/mnt/shared/zechuan/iraod_artifacts/comparison/rsar/am_noise_horizontal/seed_42/0f98a48/methods/B/eval_full_am_noise_horizontal_ids_v1/class_ap.txt
RSAR,am_noise_horizontal,B,42,ema,car,0.54,printed class_ap.txt (typically 3 decimals),0.54,0.54,complete,/mnt/shared/zechuan/iraod_artifacts/comparison/rsar/am_noise_horizontal/seed_42/0f98a48/methods/B/eval_full_am_noise_horizontal_ids_v1/class_ap.txt
RSAR,am_noise_horizontal,B,42,ema,tank,0.093,printed class_ap.txt (typically 3 decimals),0.093,0.093,complete,/mnt/shared/zechuan/iraod_artifacts/comparison/rsar/am_noise_horizontal/seed_42/0f98a48/methods/B/eval_full_am_noise_horizontal_ids_v1/class_ap.txt
RSAR,am_noise_horizontal,B,42,ema,bridge,0.185,printed class_ap.txt (typically 3 decimals),0.185,0.185,complete,/mnt/shared/zechuan/iraod_artifacts/comparison/rsar/am_noise_horizontal/seed_42/0f98a48/methods/B/eval_full_am_noise_horizontal_ids_v1/class_ap.txt
RSAR,am_noise_horizontal,B,42,ema,harbor,0.118,printed class_ap.txt (typically 3 decimals),0.118,0.118,complete,/mnt/shared/zechuan/iraod_artifacts/comparison/rsar/am_noise_horizontal/seed_42/0f98a48/methods/B/eval_full_am_noise_horizontal_ids_v1/class_ap.txt
RSAR,am_noise_horizontal,B,43,ema,ship,0.362,printed class_ap.txt (typically 3 decimals),,,complete,/mnt/shared/zechuan/iraod_artifacts/comparison/rsar/am_noise_horizontal/seed_43/0f98a48/methods/B/eval_full_am_noise_horizontal_ids_v1/class_ap.txt
RSAR,am_noise_horizontal,B,43,ema,aircraft,0.091,printed class_ap.txt (typically 3 decimals),,,complete,/mnt/shared/zechuan/iraod_artifacts/comparison/rsar/am_noise_horizontal/seed_43/0f98a48/methods/B/eval_full_am_noise_horizontal_ids_v1/class_ap.txt
RSAR,am_noise_horizontal,B,43,ema,car,0.519,printed class_ap.txt (typically 3 decimals),,,complete,/mnt/shared/zechuan/iraod_artifacts/comparison/rsar/am_noise_horizontal/seed_43/0f98a48/methods/B/eval_full_am_noise_horizontal_ids_v1/class_ap.txt
RSAR,am_noise_horizontal,B,43,ema,tank,0.091,printed class_ap.txt (typically 3 decimals),,,complete,/mnt/shared/zechuan/iraod_artifacts/comparison/rsar/am_noise_horizontal/seed_43/0f98a48/methods/B/eval_full_am_noise_horizontal_ids_v1/class_ap.txt
RSAR,am_noise_horizontal,B,43,ema,bridge,0.21,printed class_ap.txt (typically 3 decimals),,,complete,/mnt/shared/zechuan/iraod_artifacts/comparison/rsar/am_noise_horizontal/seed_43/0f98a48/methods/B/eval_full_am_noise_horizontal_ids_v1/class_ap.txt
RSAR,am_noise_horizontal,B,43,ema,harbor,0.063,printed class_ap.txt (typically 3 decimals),,,complete,/mnt/shared/zechuan/iraod_artifacts/comparison/rsar/am_noise_horizontal/seed_43/0f98a48/methods/B/eval_full_am_noise_horizontal_ids_v1/class_ap.txt
RSAR,am_noise_horizontal,B,44,ema,ship,0.329,printed class_ap.txt (typically 3 decimals),,,complete,/mnt/shared/zechuan/iraod_artifacts/comparison/rsar/am_noise_horizontal/seed_44/0f98a48/methods/B/eval_full_am_noise_horizontal_ids_v1/class_ap.txt
RSAR,am_noise_horizontal,B,44,ema,aircraft,0.091,printed class_ap.txt (typically 3 decimals),,,complete,/mnt/shared/zechuan/iraod_artifacts/comparison/rsar/am_noise_horizontal/seed_44/0f98a48/methods/B/eval_full_am_noise_horizontal_ids_v1/class_ap.txt
RSAR,am_noise_horizontal,B,44,ema,car,0.546,printed class_ap.txt (typically 3 decimals),,,complete,/mnt/shared/zechuan/iraod_artifacts/comparison/rsar/am_noise_horizontal/seed_44/0f98a48/methods/B/eval_full_am_noise_horizontal_ids_v1/class_ap.txt
RSAR,am_noise_horizontal,B,44,ema,tank,0.091,printed class_ap.txt (typically 3 decimals),,,complete,/mnt/shared/zechuan/iraod_artifacts/comparison/rsar/am_noise_horizontal/seed_44/0f98a48/methods/B/eval_full_am_noise_horizontal_ids_v1/class_ap.txt
RSAR,am_noise_horizontal,B,44,ema,bridge,0.201,printed class_ap.txt (typically 3 decimals),,,complete,/mnt/shared/zechuan/iraod_artifacts/comparison/rsar/am_noise_horizontal/seed_44/0f98a48/methods/B/eval_full_am_noise_horizontal_ids_v1/class_ap.txt
RSAR,am_noise_horizontal,B,44,ema,harbor,0.089,printed class_ap.txt (typically 3 decimals),,,complete,/mnt/shared/zechuan/iraod_artifacts/comparison/rsar/am_noise_horizontal/seed_44/0f98a48/methods/B/eval_full_am_noise_horizontal_ids_v1/class_ap.txt
RSAR,am_noise_horizontal,C,42,ema,ship,0.343,printed class_ap.txt (typically 3 decimals),0.343,0.343,complete,/mnt/shared/zechuan/iraod_artifacts/comparison/rsar/am_noise_horizontal/seed_42/0f98a48/methods/C/eval_full_am_noise_horizontal_ids_v1/class_ap.txt
RSAR,am_noise_horizontal,C,42,ema,aircraft,0.091,printed class_ap.txt (typically 3 decimals),0.091,0.091,complete,/mnt/shared/zechuan/iraod_artifacts/comparison/rsar/am_noise_horizontal/seed_42/0f98a48/methods/C/eval_full_am_noise_horizontal_ids_v1/class_ap.txt
RSAR,am_noise_horizontal,C,42,ema,car,0.522,printed class_ap.txt (typically 3 decimals),0.522,0.522,complete,/mnt/shared/zechuan/iraod_artifacts/comparison/rsar/am_noise_horizontal/seed_42/0f98a48/methods/C/eval_full_am_noise_horizontal_ids_v1/class_ap.txt
RSAR,am_noise_horizontal,C,42,ema,tank,0.093,printed class_ap.txt (typically 3 decimals),0.093,0.093,complete,/mnt/shared/zechuan/iraod_artifacts/comparison/rsar/am_noise_horizontal/seed_42/0f98a48/methods/C/eval_full_am_noise_horizontal_ids_v1/class_ap.txt
RSAR,am_noise_horizontal,C,42,ema,bridge,0.189,printed class_ap.txt (typically 3 decimals),0.189,0.189,complete,/mnt/shared/zechuan/iraod_artifacts/comparison/rsar/am_noise_horizontal/seed_42/0f98a48/methods/C/eval_full_am_noise_horizontal_ids_v1/class_ap.txt
RSAR,am_noise_horizontal,C,42,ema,harbor,0.137,printed class_ap.txt (typically 3 decimals),0.137,0.137,complete,/mnt/shared/zechuan/iraod_artifacts/comparison/rsar/am_noise_horizontal/seed_42/0f98a48/methods/C/eval_full_am_noise_horizontal_ids_v1/class_ap.txt
RSAR,am_noise_horizontal,C,43,ema,ship,0.328,printed class_ap.txt (typically 3 decimals),,,complete,/mnt/shared/zechuan/iraod_artifacts/comparison/rsar/am_noise_horizontal/seed_43/0f98a48/methods/C/eval_full_am_noise_horizontal_ids_v1/class_ap.txt
RSAR,am_noise_horizontal,C,43,ema,aircraft,0.091,printed class_ap.txt (typically 3 decimals),,,complete,/mnt/shared/zechuan/iraod_artifacts/comparison/rsar/am_noise_horizontal/seed_43/0f98a48/methods/C/eval_full_am_noise_horizontal_ids_v1/class_ap.txt
RSAR,am_noise_horizontal,C,43,ema,car,0.507,printed class_ap.txt (typically 3 decimals),,,complete,/mnt/shared/zechuan/iraod_artifacts/comparison/rsar/am_noise_horizontal/seed_43/0f98a48/methods/C/eval_full_am_noise_horizontal_ids_v1/class_ap.txt
RSAR,am_noise_horizontal,C,43,ema,tank,0.091,printed class_ap.txt (typically 3 decimals),,,complete,/mnt/shared/zechuan/iraod_artifacts/comparison/rsar/am_noise_horizontal/seed_43/0f98a48/methods/C/eval_full_am_noise_horizontal_ids_v1/class_ap.txt
RSAR,am_noise_horizontal,C,43,ema,bridge,0.169,printed class_ap.txt (typically 3 decimals),,,complete,/mnt/shared/zechuan/iraod_artifacts/comparison/rsar/am_noise_horizontal/seed_43/0f98a48/methods/C/eval_full_am_noise_horizontal_ids_v1/class_ap.txt
RSAR,am_noise_horizontal,C,43,ema,harbor,0.063,printed class_ap.txt (typically 3 decimals),,,complete,/mnt/shared/zechuan/iraod_artifacts/comparison/rsar/am_noise_horizontal/seed_43/0f98a48/methods/C/eval_full_am_noise_horizontal_ids_v1/class_ap.txt
RSAR,am_noise_horizontal,C,44,ema,ship,0.311,printed class_ap.txt (typically 3 decimals),,,complete,/mnt/shared/zechuan/iraod_artifacts/comparison/rsar/am_noise_horizontal/seed_44/0f98a48/methods/C/eval_full_am_noise_horizontal_ids_v1/class_ap.txt
RSAR,am_noise_horizontal,C,44,ema,aircraft,0.091,printed class_ap.txt (typically 3 decimals),,,complete,/mnt/shared/zechuan/iraod_artifacts/comparison/rsar/am_noise_horizontal/seed_44/0f98a48/methods/C/eval_full_am_noise_horizontal_ids_v1/class_ap.txt
RSAR,am_noise_horizontal,C,44,ema,car,0.52,printed class_ap.txt (typically 3 decimals),,,complete,/mnt/shared/zechuan/iraod_artifacts/comparison/rsar/am_noise_horizontal/seed_44/0f98a48/methods/C/eval_full_am_noise_horizontal_ids_v1/class_ap.txt
RSAR,am_noise_horizontal,C,44,ema,tank,0.091,printed class_ap.txt (typically 3 decimals),,,complete,/mnt/shared/zechuan/iraod_artifacts/comparison/rsar/am_noise_horizontal/seed_44/0f98a48/methods/C/eval_full_am_noise_horizontal_ids_v1/class_ap.txt
RSAR,am_noise_horizontal,C,44,ema,bridge,0.18,printed class_ap.txt (typically 3 decimals),,,complete,/mnt/shared/zechuan/iraod_artifacts/comparison/rsar/am_noise_horizontal/seed_44/0f98a48/methods/C/eval_full_am_noise_horizontal_ids_v1/class_ap.txt
RSAR,am_noise_horizontal,C,44,ema,harbor,0.074,printed class_ap.txt (typically 3 decimals),,,complete,/mnt/shared/zechuan/iraod_artifacts/comparison/rsar/am_noise_horizontal/seed_44/0f98a48/methods/C/eval_full_am_noise_horizontal_ids_v1/class_ap.txt
RSAR,am_noise_horizontal,D,42,ema,ship,0.28,printed class_ap.txt (typically 3 decimals),0.28,0.28,complete,/mnt/shared/zechuan/iraod_artifacts/comparison/rsar/am_noise_horizontal/seed_42/0f98a48/methods/D/eval_full_am_noise_horizontal_ids_v1/class_ap.txt
RSAR,am_noise_horizontal,D,42,ema,aircraft,0.091,printed class_ap.txt (typically 3 decimals),0.091,0.091,complete,/mnt/shared/zechuan/iraod_artifacts/comparison/rsar/am_noise_horizontal/seed_42/0f98a48/methods/D/eval_full_am_noise_horizontal_ids_v1/class_ap.txt
RSAR,am_noise_horizontal,D,42,ema,car,0.432,printed class_ap.txt (typically 3 decimals),0.432,0.432,complete,/mnt/shared/zechuan/iraod_artifacts/comparison/rsar/am_noise_horizontal/seed_42/0f98a48/methods/D/eval_full_am_noise_horizontal_ids_v1/class_ap.txt
RSAR,am_noise_horizontal,D,42,ema,tank,0.091,printed class_ap.txt (typically 3 decimals),0.091,0.091,complete,/mnt/shared/zechuan/iraod_artifacts/comparison/rsar/am_noise_horizontal/seed_42/0f98a48/methods/D/eval_full_am_noise_horizontal_ids_v1/class_ap.txt
RSAR,am_noise_horizontal,D,42,ema,bridge,0.153,printed class_ap.txt (typically 3 decimals),0.153,0.153,complete,/mnt/shared/zechuan/iraod_artifacts/comparison/rsar/am_noise_horizontal/seed_42/0f98a48/methods/D/eval_full_am_noise_horizontal_ids_v1/class_ap.txt
RSAR,am_noise_horizontal,D,42,ema,harbor,0.089,printed class_ap.txt (typically 3 decimals),0.089,0.089,complete,/mnt/shared/zechuan/iraod_artifacts/comparison/rsar/am_noise_horizontal/seed_42/0f98a48/methods/D/eval_full_am_noise_horizontal_ids_v1/class_ap.txt
RSAR,am_noise_horizontal,D,43,ema,ship,0.318,printed class_ap.txt (typically 3 decimals),,,complete,/mnt/shared/zechuan/iraod_artifacts/comparison/rsar/am_noise_horizontal/seed_43/0f98a48/methods/D/eval_full_am_noise_horizontal_ids_v1/class_ap.txt
RSAR,am_noise_horizontal,D,43,ema,aircraft,0.0,printed class_ap.txt (typically 3 decimals),,,complete,/mnt/shared/zechuan/iraod_artifacts/comparison/rsar/am_noise_horizontal/seed_43/0f98a48/methods/D/eval_full_am_noise_horizontal_ids_v1/class_ap.txt
RSAR,am_noise_horizontal,D,43,ema,car,0.321,printed class_ap.txt (typically 3 decimals),,,complete,/mnt/shared/zechuan/iraod_artifacts/comparison/rsar/am_noise_horizontal/seed_43/0f98a48/methods/D/eval_full_am_noise_horizontal_ids_v1/class_ap.txt
RSAR,am_noise_horizontal,D,43,ema,tank,0.091,printed class_ap.txt (typically 3 decimals),,,complete,/mnt/shared/zechuan/iraod_artifacts/comparison/rsar/am_noise_horizontal/seed_43/0f98a48/methods/D/eval_full_am_noise_horizontal_ids_v1/class_ap.txt
RSAR,am_noise_horizontal,D,43,ema,bridge,0.152,printed class_ap.txt (typically 3 decimals),,,complete,/mnt/shared/zechuan/iraod_artifacts/comparison/rsar/am_noise_horizontal/seed_43/0f98a48/methods/D/eval_full_am_noise_horizontal_ids_v1/class_ap.txt
RSAR,am_noise_horizontal,D,43,ema,harbor,0.045,printed class_ap.txt (typically 3 decimals),,,complete,/mnt/shared/zechuan/iraod_artifacts/comparison/rsar/am_noise_horizontal/seed_43/0f98a48/methods/D/eval_full_am_noise_horizontal_ids_v1/class_ap.txt
RSAR,am_noise_horizontal,D,44,ema,ship,0.292,printed class_ap.txt (typically 3 decimals),,,complete,/mnt/shared/zechuan/iraod_artifacts/comparison/rsar/am_noise_horizontal/seed_44/0f98a48/methods/D/eval_full_am_noise_horizontal_ids_v1/class_ap.txt
RSAR,am_noise_horizontal,D,44,ema,aircraft,0.045,printed class_ap.txt (typically 3 decimals),,,complete,/mnt/shared/zechuan/iraod_artifacts/comparison/rsar/am_noise_horizontal/seed_44/0f98a48/methods/D/eval_full_am_noise_horizontal_ids_v1/class_ap.txt
RSAR,am_noise_horizontal,D,44,ema,car,0.376,printed class_ap.txt (typically 3 decimals),,,complete,/mnt/shared/zechuan/iraod_artifacts/comparison/rsar/am_noise_horizontal/seed_44/0f98a48/methods/D/eval_full_am_noise_horizontal_ids_v1/class_ap.txt
RSAR,am_noise_horizontal,D,44,ema,tank,0.091,printed class_ap.txt (typically 3 decimals),,,complete,/mnt/shared/zechuan/iraod_artifacts/comparison/rsar/am_noise_horizontal/seed_44/0f98a48/methods/D/eval_full_am_noise_horizontal_ids_v1/class_ap.txt
RSAR,am_noise_horizontal,D,44,ema,bridge,0.158,printed class_ap.txt (typically 3 decimals),,,complete,/mnt/shared/zechuan/iraod_artifacts/comparison/rsar/am_noise_horizontal/seed_44/0f98a48/methods/D/eval_full_am_noise_horizontal_ids_v1/class_ap.txt
RSAR,am_noise_horizontal,D,44,ema,harbor,0.069,printed class_ap.txt (typically 3 decimals),,,complete,/mnt/shared/zechuan/iraod_artifacts/comparison/rsar/am_noise_horizontal/seed_44/0f98a48/methods/D/eval_full_am_noise_horizontal_ids_v1/class_ap.txt
RSAR,am_noise_horizontal,E,42,ema,ship,0.347,printed class_ap.txt (typically 3 decimals),0.347,0.347,complete,/mnt/shared/zechuan/iraod_artifacts/comparison/rsar/am_noise_horizontal/seed_42/0f98a48/methods/E/ddp2/eval_full_am_noise_horizontal_ids_v1/class_ap.txt
RSAR,am_noise_horizontal,E,42,ema,aircraft,0.091,printed class_ap.txt (typically 3 decimals),0.091,0.091,complete,/mnt/shared/zechuan/iraod_artifacts/comparison/rsar/am_noise_horizontal/seed_42/0f98a48/methods/E/ddp2/eval_full_am_noise_horizontal_ids_v1/class_ap.txt
RSAR,am_noise_horizontal,E,42,ema,car,0.54,printed class_ap.txt (typically 3 decimals),0.54,0.54,complete,/mnt/shared/zechuan/iraod_artifacts/comparison/rsar/am_noise_horizontal/seed_42/0f98a48/methods/E/ddp2/eval_full_am_noise_horizontal_ids_v1/class_ap.txt
RSAR,am_noise_horizontal,E,42,ema,tank,0.091,printed class_ap.txt (typically 3 decimals),0.091,0.091,complete,/mnt/shared/zechuan/iraod_artifacts/comparison/rsar/am_noise_horizontal/seed_42/0f98a48/methods/E/ddp2/eval_full_am_noise_horizontal_ids_v1/class_ap.txt
RSAR,am_noise_horizontal,E,42,ema,bridge,0.193,printed class_ap.txt (typically 3 decimals),0.193,0.193,complete,/mnt/shared/zechuan/iraod_artifacts/comparison/rsar/am_noise_horizontal/seed_42/0f98a48/methods/E/ddp2/eval_full_am_noise_horizontal_ids_v1/class_ap.txt
RSAR,am_noise_horizontal,E,42,ema,harbor,0.147,printed class_ap.txt (typically 3 decimals),0.147,0.147,complete,/mnt/shared/zechuan/iraod_artifacts/comparison/rsar/am_noise_horizontal/seed_42/0f98a48/methods/E/ddp2/eval_full_am_noise_horizontal_ids_v1/class_ap.txt
RSAR,am_noise_horizontal,E,43,ema,ship,0.338,printed class_ap.txt (typically 3 decimals),,,complete,/mnt/shared/zechuan/iraod_artifacts/comparison/rsar/am_noise_horizontal/seed_43/0f98a48/methods/E/ddp2/eval_full_am_noise_horizontal_ids_v1/class_ap.txt
RSAR,am_noise_horizontal,E,43,ema,aircraft,0.091,printed class_ap.txt (typically 3 decimals),,,complete,/mnt/shared/zechuan/iraod_artifacts/comparison/rsar/am_noise_horizontal/seed_43/0f98a48/methods/E/ddp2/eval_full_am_noise_horizontal_ids_v1/class_ap.txt
RSAR,am_noise_horizontal,E,43,ema,car,0.549,printed class_ap.txt (typically 3 decimals),,,complete,/mnt/shared/zechuan/iraod_artifacts/comparison/rsar/am_noise_horizontal/seed_43/0f98a48/methods/E/ddp2/eval_full_am_noise_horizontal_ids_v1/class_ap.txt
RSAR,am_noise_horizontal,E,43,ema,tank,0.091,printed class_ap.txt (typically 3 decimals),,,complete,/mnt/shared/zechuan/iraod_artifacts/comparison/rsar/am_noise_horizontal/seed_43/0f98a48/methods/E/ddp2/eval_full_am_noise_horizontal_ids_v1/class_ap.txt
RSAR,am_noise_horizontal,E,43,ema,bridge,0.189,printed class_ap.txt (typically 3 decimals),,,complete,/mnt/shared/zechuan/iraod_artifacts/comparison/rsar/am_noise_horizontal/seed_43/0f98a48/methods/E/ddp2/eval_full_am_noise_horizontal_ids_v1/class_ap.txt
RSAR,am_noise_horizontal,E,43,ema,harbor,0.124,printed class_ap.txt (typically 3 decimals),,,complete,/mnt/shared/zechuan/iraod_artifacts/comparison/rsar/am_noise_horizontal/seed_43/0f98a48/methods/E/ddp2/eval_full_am_noise_horizontal_ids_v1/class_ap.txt
RSAR,am_noise_horizontal,E,44,ema,ship,0.349,printed class_ap.txt (typically 3 decimals),,,complete,/mnt/shared/zechuan/iraod_artifacts/comparison/rsar/am_noise_horizontal/seed_44/0f98a48/methods/E/ddp2/eval_full_am_noise_horizontal_ids_v1/class_ap.txt
RSAR,am_noise_horizontal,E,44,ema,aircraft,0.091,printed class_ap.txt (typically 3 decimals),,,complete,/mnt/shared/zechuan/iraod_artifacts/comparison/rsar/am_noise_horizontal/seed_44/0f98a48/methods/E/ddp2/eval_full_am_noise_horizontal_ids_v1/class_ap.txt
RSAR,am_noise_horizontal,E,44,ema,car,0.548,printed class_ap.txt (typically 3 decimals),,,complete,/mnt/shared/zechuan/iraod_artifacts/comparison/rsar/am_noise_horizontal/seed_44/0f98a48/methods/E/ddp2/eval_full_am_noise_horizontal_ids_v1/class_ap.txt
RSAR,am_noise_horizontal,E,44,ema,tank,0.095,printed class_ap.txt (typically 3 decimals),,,complete,/mnt/shared/zechuan/iraod_artifacts/comparison/rsar/am_noise_horizontal/seed_44/0f98a48/methods/E/ddp2/eval_full_am_noise_horizontal_ids_v1/class_ap.txt
RSAR,am_noise_horizontal,E,44,ema,bridge,0.186,printed class_ap.txt (typically 3 decimals),,,complete,/mnt/shared/zechuan/iraod_artifacts/comparison/rsar/am_noise_horizontal/seed_44/0f98a48/methods/E/ddp2/eval_full_am_noise_horizontal_ids_v1/class_ap.txt
RSAR,am_noise_horizontal,E,44,ema,harbor,0.132,printed class_ap.txt (typically 3 decimals),,,complete,/mnt/shared/zechuan/iraod_artifacts/comparison/rsar/am_noise_horizontal/seed_44/0f98a48/methods/E/ddp2/eval_full_am_noise_horizontal_ids_v1/class_ap.txt
RSAR,am_noise_horizontal,F,42,ema,ship,0.266,printed class_ap.txt (typically 3 decimals),0.266,0.266,complete,/mnt/shared/zechuan/iraod_artifacts/comparison/rsar/am_noise_horizontal/seed_42/0f98a48/methods/F/ddp2/eval_full_am_noise_horizontal_ids_v1/class_ap.txt
RSAR,am_noise_horizontal,F,42,ema,aircraft,0.091,printed class_ap.txt (typically 3 decimals),0.091,0.091,complete,/mnt/shared/zechuan/iraod_artifacts/comparison/rsar/am_noise_horizontal/seed_42/0f98a48/methods/F/ddp2/eval_full_am_noise_horizontal_ids_v1/class_ap.txt
RSAR,am_noise_horizontal,F,42,ema,car,0.328,printed class_ap.txt (typically 3 decimals),0.328,0.328,complete,/mnt/shared/zechuan/iraod_artifacts/comparison/rsar/am_noise_horizontal/seed_42/0f98a48/methods/F/ddp2/eval_full_am_noise_horizontal_ids_v1/class_ap.txt
RSAR,am_noise_horizontal,F,42,ema,tank,0.045,printed class_ap.txt (typically 3 decimals),0.045,0.045,complete,/mnt/shared/zechuan/iraod_artifacts/comparison/rsar/am_noise_horizontal/seed_42/0f98a48/methods/F/ddp2/eval_full_am_noise_horizontal_ids_v1/class_ap.txt
RSAR,am_noise_horizontal,F,42,ema,bridge,0.155,printed class_ap.txt (typically 3 decimals),0.155,0.155,complete,/mnt/shared/zechuan/iraod_artifacts/comparison/rsar/am_noise_horizontal/seed_42/0f98a48/methods/F/ddp2/eval_full_am_noise_horizontal_ids_v1/class_ap.txt
RSAR,am_noise_horizontal,F,42,ema,harbor,0.067,printed class_ap.txt (typically 3 decimals),0.067,0.067,complete,/mnt/shared/zechuan/iraod_artifacts/comparison/rsar/am_noise_horizontal/seed_42/0f98a48/methods/F/ddp2/eval_full_am_noise_horizontal_ids_v1/class_ap.txt
RSAR,am_noise_horizontal,F,43,ema,ship,0.26,printed class_ap.txt (typically 3 decimals),,,complete,/mnt/shared/zechuan/iraod_artifacts/comparison/rsar/am_noise_horizontal/seed_43/0f98a48/methods/F/ddp2/eval_full_am_noise_horizontal_ids_v1/class_ap.txt
RSAR,am_noise_horizontal,F,43,ema,aircraft,0.061,printed class_ap.txt (typically 3 decimals),,,complete,/mnt/shared/zechuan/iraod_artifacts/comparison/rsar/am_noise_horizontal/seed_43/0f98a48/methods/F/ddp2/eval_full_am_noise_horizontal_ids_v1/class_ap.txt
RSAR,am_noise_horizontal,F,43,ema,car,0.353,printed class_ap.txt (typically 3 decimals),,,complete,/mnt/shared/zechuan/iraod_artifacts/comparison/rsar/am_noise_horizontal/seed_43/0f98a48/methods/F/ddp2/eval_full_am_noise_horizontal_ids_v1/class_ap.txt
RSAR,am_noise_horizontal,F,43,ema,tank,0.061,printed class_ap.txt (typically 3 decimals),,,complete,/mnt/shared/zechuan/iraod_artifacts/comparison/rsar/am_noise_horizontal/seed_43/0f98a48/methods/F/ddp2/eval_full_am_noise_horizontal_ids_v1/class_ap.txt
RSAR,am_noise_horizontal,F,43,ema,bridge,0.131,printed class_ap.txt (typically 3 decimals),,,complete,/mnt/shared/zechuan/iraod_artifacts/comparison/rsar/am_noise_horizontal/seed_43/0f98a48/methods/F/ddp2/eval_full_am_noise_horizontal_ids_v1/class_ap.txt
RSAR,am_noise_horizontal,F,43,ema,harbor,0.078,printed class_ap.txt (typically 3 decimals),,,complete,/mnt/shared/zechuan/iraod_artifacts/comparison/rsar/am_noise_horizontal/seed_43/0f98a48/methods/F/ddp2/eval_full_am_noise_horizontal_ids_v1/class_ap.txt
RSAR,am_noise_horizontal,F,44,ema,ship,0.285,printed class_ap.txt (typically 3 decimals),,,complete,/mnt/shared/zechuan/iraod_artifacts/comparison/rsar/am_noise_horizontal/seed_44/0f98a48/methods/F/ddp2/eval_full_am_noise_horizontal_ids_v1/class_ap.txt
RSAR,am_noise_horizontal,F,44,ema,aircraft,0.0,printed class_ap.txt (typically 3 decimals),,,complete,/mnt/shared/zechuan/iraod_artifacts/comparison/rsar/am_noise_horizontal/seed_44/0f98a48/methods/F/ddp2/eval_full_am_noise_horizontal_ids_v1/class_ap.txt
RSAR,am_noise_horizontal,F,44,ema,car,0.339,printed class_ap.txt (typically 3 decimals),,,complete,/mnt/shared/zechuan/iraod_artifacts/comparison/rsar/am_noise_horizontal/seed_44/0f98a48/methods/F/ddp2/eval_full_am_noise_horizontal_ids_v1/class_ap.txt
RSAR,am_noise_horizontal,F,44,ema,tank,0.011,printed class_ap.txt (typically 3 decimals),,,complete,/mnt/shared/zechuan/iraod_artifacts/comparison/rsar/am_noise_horizontal/seed_44/0f98a48/methods/F/ddp2/eval_full_am_noise_horizontal_ids_v1/class_ap.txt
RSAR,am_noise_horizontal,F,44,ema,bridge,0.142,printed class_ap.txt (typically 3 decimals),,,complete,/mnt/shared/zechuan/iraod_artifacts/comparison/rsar/am_noise_horizontal/seed_44/0f98a48/methods/F/ddp2/eval_full_am_noise_horizontal_ids_v1/class_ap.txt
RSAR,am_noise_horizontal,F,44,ema,harbor,0.035,printed class_ap.txt (typically 3 decimals),,,complete,/mnt/shared/zechuan/iraod_artifacts/comparison/rsar/am_noise_horizontal/seed_44/0f98a48/methods/F/ddp2/eval_full_am_noise_horizontal_ids_v1/class_ap.txt
RSAR,smart_suppression,A,42,source,ship,0.419,printed class_ap.txt (typically 3 decimals),0.419,0.419,complete,/mnt/shared/zechuan/iraod_artifacts/comparison/rsar/smart_suppression/seed_42/0f98a48/methods/A/eval_full_smart_suppression_ids_v1/class_ap.txt
RSAR,smart_suppression,A,42,source,aircraft,0.021,printed class_ap.txt (typically 3 decimals),0.021,0.021,complete,/mnt/shared/zechuan/iraod_artifacts/comparison/rsar/smart_suppression/seed_42/0f98a48/methods/A/eval_full_smart_suppression_ids_v1/class_ap.txt
RSAR,smart_suppression,A,42,source,car,0.007,printed class_ap.txt (typically 3 decimals),0.007,0.007,complete,/mnt/shared/zechuan/iraod_artifacts/comparison/rsar/smart_suppression/seed_42/0f98a48/methods/A/eval_full_smart_suppression_ids_v1/class_ap.txt
RSAR,smart_suppression,A,42,source,tank,0.008,printed class_ap.txt (typically 3 decimals),0.008,0.008,complete,/mnt/shared/zechuan/iraod_artifacts/comparison/rsar/smart_suppression/seed_42/0f98a48/methods/A/eval_full_smart_suppression_ids_v1/class_ap.txt
RSAR,smart_suppression,A,42,source,bridge,0.298,printed class_ap.txt (typically 3 decimals),0.298,0.298,complete,/mnt/shared/zechuan/iraod_artifacts/comparison/rsar/smart_suppression/seed_42/0f98a48/methods/A/eval_full_smart_suppression_ids_v1/class_ap.txt
RSAR,smart_suppression,A,42,source,harbor,0.11,printed class_ap.txt (typically 3 decimals),0.11,0.11,complete,/mnt/shared/zechuan/iraod_artifacts/comparison/rsar/smart_suppression/seed_42/0f98a48/methods/A/eval_full_smart_suppression_ids_v1/class_ap.txt
RSAR,smart_suppression,B,42,ema,ship,0.43,printed class_ap.txt (typically 3 decimals),0.43,0.43,complete,/mnt/shared/zechuan/iraod_artifacts/comparison/rsar/smart_suppression/seed_42/0f98a48/methods/B/eval_full_smart_suppression_ids_v1/class_ap.txt
RSAR,smart_suppression,B,42,ema,aircraft,0.029,printed class_ap.txt (typically 3 decimals),0.029,0.029,complete,/mnt/shared/zechuan/iraod_artifacts/comparison/rsar/smart_suppression/seed_42/0f98a48/methods/B/eval_full_smart_suppression_ids_v1/class_ap.txt
RSAR,smart_suppression,B,42,ema,car,0.008,printed class_ap.txt (typically 3 decimals),0.008,0.008,complete,/mnt/shared/zechuan/iraod_artifacts/comparison/rsar/smart_suppression/seed_42/0f98a48/methods/B/eval_full_smart_suppression_ids_v1/class_ap.txt
RSAR,smart_suppression,B,42,ema,tank,0.004,printed class_ap.txt (typically 3 decimals),0.004,0.004,complete,/mnt/shared/zechuan/iraod_artifacts/comparison/rsar/smart_suppression/seed_42/0f98a48/methods/B/eval_full_smart_suppression_ids_v1/class_ap.txt
RSAR,smart_suppression,B,42,ema,bridge,0.27,printed class_ap.txt (typically 3 decimals),0.27,0.27,complete,/mnt/shared/zechuan/iraod_artifacts/comparison/rsar/smart_suppression/seed_42/0f98a48/methods/B/eval_full_smart_suppression_ids_v1/class_ap.txt
RSAR,smart_suppression,B,42,ema,harbor,0.119,printed class_ap.txt (typically 3 decimals),0.119,0.119,complete,/mnt/shared/zechuan/iraod_artifacts/comparison/rsar/smart_suppression/seed_42/0f98a48/methods/B/eval_full_smart_suppression_ids_v1/class_ap.txt
RSAR,smart_suppression,B,43,ema,ship,0.425,printed class_ap.txt (typically 3 decimals),,,complete,/mnt/shared/zechuan/iraod_artifacts/comparison/rsar/smart_suppression/seed_43/0f98a48/methods/B/eval_full_smart_suppression_ids_v1/class_ap.txt
RSAR,smart_suppression,B,43,ema,aircraft,0.037,printed class_ap.txt (typically 3 decimals),,,complete,/mnt/shared/zechuan/iraod_artifacts/comparison/rsar/smart_suppression/seed_43/0f98a48/methods/B/eval_full_smart_suppression_ids_v1/class_ap.txt
RSAR,smart_suppression,B,43,ema,car,0.009,printed class_ap.txt (typically 3 decimals),,,complete,/mnt/shared/zechuan/iraod_artifacts/comparison/rsar/smart_suppression/seed_43/0f98a48/methods/B/eval_full_smart_suppression_ids_v1/class_ap.txt
RSAR,smart_suppression,B,43,ema,tank,0.011,printed class_ap.txt (typically 3 decimals),,,complete,/mnt/shared/zechuan/iraod_artifacts/comparison/rsar/smart_suppression/seed_43/0f98a48/methods/B/eval_full_smart_suppression_ids_v1/class_ap.txt
RSAR,smart_suppression,B,43,ema,bridge,0.291,printed class_ap.txt (typically 3 decimals),,,complete,/mnt/shared/zechuan/iraod_artifacts/comparison/rsar/smart_suppression/seed_43/0f98a48/methods/B/eval_full_smart_suppression_ids_v1/class_ap.txt
RSAR,smart_suppression,B,43,ema,harbor,0.137,printed class_ap.txt (typically 3 decimals),,,complete,/mnt/shared/zechuan/iraod_artifacts/comparison/rsar/smart_suppression/seed_43/0f98a48/methods/B/eval_full_smart_suppression_ids_v1/class_ap.txt
RSAR,smart_suppression,B,44,ema,ship,0.429,printed class_ap.txt (typically 3 decimals),,,complete,/mnt/shared/zechuan/iraod_artifacts/comparison/rsar/smart_suppression/seed_44/0f98a48/methods/B/eval_full_smart_suppression_ids_v1/class_ap.txt
RSAR,smart_suppression,B,44,ema,aircraft,0.039,printed class_ap.txt (typically 3 decimals),,,complete,/mnt/shared/zechuan/iraod_artifacts/comparison/rsar/smart_suppression/seed_44/0f98a48/methods/B/eval_full_smart_suppression_ids_v1/class_ap.txt
RSAR,smart_suppression,B,44,ema,car,0.009,printed class_ap.txt (typically 3 decimals),,,complete,/mnt/shared/zechuan/iraod_artifacts/comparison/rsar/smart_suppression/seed_44/0f98a48/methods/B/eval_full_smart_suppression_ids_v1/class_ap.txt
RSAR,smart_suppression,B,44,ema,tank,0.003,printed class_ap.txt (typically 3 decimals),,,complete,/mnt/shared/zechuan/iraod_artifacts/comparison/rsar/smart_suppression/seed_44/0f98a48/methods/B/eval_full_smart_suppression_ids_v1/class_ap.txt
RSAR,smart_suppression,B,44,ema,bridge,0.289,printed class_ap.txt (typically 3 decimals),,,complete,/mnt/shared/zechuan/iraod_artifacts/comparison/rsar/smart_suppression/seed_44/0f98a48/methods/B/eval_full_smart_suppression_ids_v1/class_ap.txt
RSAR,smart_suppression,B,44,ema,harbor,0.123,printed class_ap.txt (typically 3 decimals),,,complete,/mnt/shared/zechuan/iraod_artifacts/comparison/rsar/smart_suppression/seed_44/0f98a48/methods/B/eval_full_smart_suppression_ids_v1/class_ap.txt
RSAR,smart_suppression,C,42,ema,ship,0.436,printed class_ap.txt (typically 3 decimals),0.436,0.436,complete,/mnt/shared/zechuan/iraod_artifacts/comparison/rsar/smart_suppression/seed_42/0f98a48/methods/C/eval_full_smart_suppression_ids_v1/class_ap.txt
RSAR,smart_suppression,C,42,ema,aircraft,0.115,printed class_ap.txt (typically 3 decimals),0.115,0.115,complete,/mnt/shared/zechuan/iraod_artifacts/comparison/rsar/smart_suppression/seed_42/0f98a48/methods/C/eval_full_smart_suppression_ids_v1/class_ap.txt
RSAR,smart_suppression,C,42,ema,car,0.013,printed class_ap.txt (typically 3 decimals),0.013,0.013,complete,/mnt/shared/zechuan/iraod_artifacts/comparison/rsar/smart_suppression/seed_42/0f98a48/methods/C/eval_full_smart_suppression_ids_v1/class_ap.txt
RSAR,smart_suppression,C,42,ema,tank,0.003,printed class_ap.txt (typically 3 decimals),0.003,0.003,complete,/mnt/shared/zechuan/iraod_artifacts/comparison/rsar/smart_suppression/seed_42/0f98a48/methods/C/eval_full_smart_suppression_ids_v1/class_ap.txt
RSAR,smart_suppression,C,42,ema,bridge,0.285,printed class_ap.txt (typically 3 decimals),0.285,0.285,complete,/mnt/shared/zechuan/iraod_artifacts/comparison/rsar/smart_suppression/seed_42/0f98a48/methods/C/eval_full_smart_suppression_ids_v1/class_ap.txt
RSAR,smart_suppression,C,42,ema,harbor,0.237,printed class_ap.txt (typically 3 decimals),0.237,0.237,complete,/mnt/shared/zechuan/iraod_artifacts/comparison/rsar/smart_suppression/seed_42/0f98a48/methods/C/eval_full_smart_suppression_ids_v1/class_ap.txt
RSAR,smart_suppression,C,43,ema,ship,0.466,printed class_ap.txt (typically 3 decimals),,,complete,/mnt/shared/zechuan/iraod_artifacts/comparison/rsar/smart_suppression/seed_43/0f98a48/methods/C/eval_full_smart_suppression_ids_v1/class_ap.txt
RSAR,smart_suppression,C,43,ema,aircraft,0.11,printed class_ap.txt (typically 3 decimals),,,complete,/mnt/shared/zechuan/iraod_artifacts/comparison/rsar/smart_suppression/seed_43/0f98a48/methods/C/eval_full_smart_suppression_ids_v1/class_ap.txt
RSAR,smart_suppression,C,43,ema,car,0.027,printed class_ap.txt (typically 3 decimals),,,complete,/mnt/shared/zechuan/iraod_artifacts/comparison/rsar/smart_suppression/seed_43/0f98a48/methods/C/eval_full_smart_suppression_ids_v1/class_ap.txt
RSAR,smart_suppression,C,43,ema,tank,0.004,printed class_ap.txt (typically 3 decimals),,,complete,/mnt/shared/zechuan/iraod_artifacts/comparison/rsar/smart_suppression/seed_43/0f98a48/methods/C/eval_full_smart_suppression_ids_v1/class_ap.txt
RSAR,smart_suppression,C,43,ema,bridge,0.287,printed class_ap.txt (typically 3 decimals),,,complete,/mnt/shared/zechuan/iraod_artifacts/comparison/rsar/smart_suppression/seed_43/0f98a48/methods/C/eval_full_smart_suppression_ids_v1/class_ap.txt
RSAR,smart_suppression,C,43,ema,harbor,0.257,printed class_ap.txt (typically 3 decimals),,,complete,/mnt/shared/zechuan/iraod_artifacts/comparison/rsar/smart_suppression/seed_43/0f98a48/methods/C/eval_full_smart_suppression_ids_v1/class_ap.txt
RSAR,smart_suppression,C,44,ema,ship,0.46,printed class_ap.txt (typically 3 decimals),,,complete,/mnt/shared/zechuan/iraod_artifacts/comparison/rsar/smart_suppression/seed_44/0f98a48/methods/C/eval_full_smart_suppression_ids_v1/class_ap.txt
RSAR,smart_suppression,C,44,ema,aircraft,0.109,printed class_ap.txt (typically 3 decimals),,,complete,/mnt/shared/zechuan/iraod_artifacts/comparison/rsar/smart_suppression/seed_44/0f98a48/methods/C/eval_full_smart_suppression_ids_v1/class_ap.txt
RSAR,smart_suppression,C,44,ema,car,0.023,printed class_ap.txt (typically 3 decimals),,,complete,/mnt/shared/zechuan/iraod_artifacts/comparison/rsar/smart_suppression/seed_44/0f98a48/methods/C/eval_full_smart_suppression_ids_v1/class_ap.txt
RSAR,smart_suppression,C,44,ema,tank,0.005,printed class_ap.txt (typically 3 decimals),,,complete,/mnt/shared/zechuan/iraod_artifacts/comparison/rsar/smart_suppression/seed_44/0f98a48/methods/C/eval_full_smart_suppression_ids_v1/class_ap.txt
RSAR,smart_suppression,C,44,ema,bridge,0.309,printed class_ap.txt (typically 3 decimals),,,complete,/mnt/shared/zechuan/iraod_artifacts/comparison/rsar/smart_suppression/seed_44/0f98a48/methods/C/eval_full_smart_suppression_ids_v1/class_ap.txt
RSAR,smart_suppression,C,44,ema,harbor,0.277,printed class_ap.txt (typically 3 decimals),,,complete,/mnt/shared/zechuan/iraod_artifacts/comparison/rsar/smart_suppression/seed_44/0f98a48/methods/C/eval_full_smart_suppression_ids_v1/class_ap.txt
RSAR,smart_suppression,D,42,ema,ship,0.377,printed class_ap.txt (typically 3 decimals),0.377,0.377,complete,/mnt/shared/zechuan/iraod_artifacts/comparison/rsar/smart_suppression/seed_42/0f98a48/methods/D/eval_full_smart_suppression_ids_v1/class_ap.txt
RSAR,smart_suppression,D,42,ema,aircraft,0.029,printed class_ap.txt (typically 3 decimals),0.029,0.029,complete,/mnt/shared/zechuan/iraod_artifacts/comparison/rsar/smart_suppression/seed_42/0f98a48/methods/D/eval_full_smart_suppression_ids_v1/class_ap.txt
RSAR,smart_suppression,D,42,ema,car,0.002,printed class_ap.txt (typically 3 decimals),0.002,0.002,complete,/mnt/shared/zechuan/iraod_artifacts/comparison/rsar/smart_suppression/seed_42/0f98a48/methods/D/eval_full_smart_suppression_ids_v1/class_ap.txt
RSAR,smart_suppression,D,42,ema,tank,0.002,printed class_ap.txt (typically 3 decimals),0.002,0.002,complete,/mnt/shared/zechuan/iraod_artifacts/comparison/rsar/smart_suppression/seed_42/0f98a48/methods/D/eval_full_smart_suppression_ids_v1/class_ap.txt
RSAR,smart_suppression,D,42,ema,bridge,0.284,printed class_ap.txt (typically 3 decimals),0.284,0.284,complete,/mnt/shared/zechuan/iraod_artifacts/comparison/rsar/smart_suppression/seed_42/0f98a48/methods/D/eval_full_smart_suppression_ids_v1/class_ap.txt
RSAR,smart_suppression,D,42,ema,harbor,0.185,printed class_ap.txt (typically 3 decimals),0.185,0.185,complete,/mnt/shared/zechuan/iraod_artifacts/comparison/rsar/smart_suppression/seed_42/0f98a48/methods/D/eval_full_smart_suppression_ids_v1/class_ap.txt
RSAR,smart_suppression,D,43,ema,ship,0.382,printed class_ap.txt (typically 3 decimals),,,complete,/mnt/shared/zechuan/iraod_artifacts/comparison/rsar/smart_suppression/seed_43/0f98a48/methods/D/eval_full_smart_suppression_ids_v1/class_ap.txt
RSAR,smart_suppression,D,43,ema,aircraft,0.018,printed class_ap.txt (typically 3 decimals),,,complete,/mnt/shared/zechuan/iraod_artifacts/comparison/rsar/smart_suppression/seed_43/0f98a48/methods/D/eval_full_smart_suppression_ids_v1/class_ap.txt
RSAR,smart_suppression,D,43,ema,car,0.005,printed class_ap.txt (typically 3 decimals),,,complete,/mnt/shared/zechuan/iraod_artifacts/comparison/rsar/smart_suppression/seed_43/0f98a48/methods/D/eval_full_smart_suppression_ids_v1/class_ap.txt
RSAR,smart_suppression,D,43,ema,tank,0.001,printed class_ap.txt (typically 3 decimals),,,complete,/mnt/shared/zechuan/iraod_artifacts/comparison/rsar/smart_suppression/seed_43/0f98a48/methods/D/eval_full_smart_suppression_ids_v1/class_ap.txt
RSAR,smart_suppression,D,43,ema,bridge,0.276,printed class_ap.txt (typically 3 decimals),,,complete,/mnt/shared/zechuan/iraod_artifacts/comparison/rsar/smart_suppression/seed_43/0f98a48/methods/D/eval_full_smart_suppression_ids_v1/class_ap.txt
RSAR,smart_suppression,D,43,ema,harbor,0.163,printed class_ap.txt (typically 3 decimals),,,complete,/mnt/shared/zechuan/iraod_artifacts/comparison/rsar/smart_suppression/seed_43/0f98a48/methods/D/eval_full_smart_suppression_ids_v1/class_ap.txt
RSAR,smart_suppression,D,44,ema,ship,0.416,printed class_ap.txt (typically 3 decimals),,,complete,/mnt/shared/zechuan/iraod_artifacts/comparison/rsar/smart_suppression/seed_44/0f98a48/methods/D/eval_full_smart_suppression_ids_v1/class_ap.txt
RSAR,smart_suppression,D,44,ema,aircraft,0.027,printed class_ap.txt (typically 3 decimals),,,complete,/mnt/shared/zechuan/iraod_artifacts/comparison/rsar/smart_suppression/seed_44/0f98a48/methods/D/eval_full_smart_suppression_ids_v1/class_ap.txt
RSAR,smart_suppression,D,44,ema,car,0.006,printed class_ap.txt (typically 3 decimals),,,complete,/mnt/shared/zechuan/iraod_artifacts/comparison/rsar/smart_suppression/seed_44/0f98a48/methods/D/eval_full_smart_suppression_ids_v1/class_ap.txt
RSAR,smart_suppression,D,44,ema,tank,0.003,printed class_ap.txt (typically 3 decimals),,,complete,/mnt/shared/zechuan/iraod_artifacts/comparison/rsar/smart_suppression/seed_44/0f98a48/methods/D/eval_full_smart_suppression_ids_v1/class_ap.txt
RSAR,smart_suppression,D,44,ema,bridge,0.298,printed class_ap.txt (typically 3 decimals),,,complete,/mnt/shared/zechuan/iraod_artifacts/comparison/rsar/smart_suppression/seed_44/0f98a48/methods/D/eval_full_smart_suppression_ids_v1/class_ap.txt
RSAR,smart_suppression,D,44,ema,harbor,0.192,printed class_ap.txt (typically 3 decimals),,,complete,/mnt/shared/zechuan/iraod_artifacts/comparison/rsar/smart_suppression/seed_44/0f98a48/methods/D/eval_full_smart_suppression_ids_v1/class_ap.txt
RSAR,smart_suppression,E,42,ema,ship,0.426,printed class_ap.txt (typically 3 decimals),0.426,0.426,complete,/mnt/shared/zechuan/iraod_artifacts/comparison/rsar/smart_suppression/seed_42/0f98a48/methods/E/ddp2/eval_full_smart_suppression_ids_v1/class_ap.txt
RSAR,smart_suppression,E,42,ema,aircraft,0.098,printed class_ap.txt (typically 3 decimals),0.098,0.098,complete,/mnt/shared/zechuan/iraod_artifacts/comparison/rsar/smart_suppression/seed_42/0f98a48/methods/E/ddp2/eval_full_smart_suppression_ids_v1/class_ap.txt
RSAR,smart_suppression,E,42,ema,car,0.015,printed class_ap.txt (typically 3 decimals),0.015,0.015,complete,/mnt/shared/zechuan/iraod_artifacts/comparison/rsar/smart_suppression/seed_42/0f98a48/methods/E/ddp2/eval_full_smart_suppression_ids_v1/class_ap.txt
RSAR,smart_suppression,E,42,ema,tank,0.03,printed class_ap.txt (typically 3 decimals),0.03,0.03,complete,/mnt/shared/zechuan/iraod_artifacts/comparison/rsar/smart_suppression/seed_42/0f98a48/methods/E/ddp2/eval_full_smart_suppression_ids_v1/class_ap.txt
RSAR,smart_suppression,E,42,ema,bridge,0.284,printed class_ap.txt (typically 3 decimals),0.284,0.284,complete,/mnt/shared/zechuan/iraod_artifacts/comparison/rsar/smart_suppression/seed_42/0f98a48/methods/E/ddp2/eval_full_smart_suppression_ids_v1/class_ap.txt
RSAR,smart_suppression,E,42,ema,harbor,0.077,printed class_ap.txt (typically 3 decimals),0.077,0.077,complete,/mnt/shared/zechuan/iraod_artifacts/comparison/rsar/smart_suppression/seed_42/0f98a48/methods/E/ddp2/eval_full_smart_suppression_ids_v1/class_ap.txt
RSAR,smart_suppression,E,43,ema,ship,0.423,printed class_ap.txt (typically 3 decimals),,,complete,/mnt/shared/zechuan/iraod_artifacts/comparison/rsar/smart_suppression/seed_43/0f98a48/methods/E/ddp2/eval_full_smart_suppression_ids_v1/class_ap.txt
RSAR,smart_suppression,E,43,ema,aircraft,0.104,printed class_ap.txt (typically 3 decimals),,,complete,/mnt/shared/zechuan/iraod_artifacts/comparison/rsar/smart_suppression/seed_43/0f98a48/methods/E/ddp2/eval_full_smart_suppression_ids_v1/class_ap.txt
RSAR,smart_suppression,E,43,ema,car,0.018,printed class_ap.txt (typically 3 decimals),,,complete,/mnt/shared/zechuan/iraod_artifacts/comparison/rsar/smart_suppression/seed_43/0f98a48/methods/E/ddp2/eval_full_smart_suppression_ids_v1/class_ap.txt
RSAR,smart_suppression,E,43,ema,tank,0.015,printed class_ap.txt (typically 3 decimals),,,complete,/mnt/shared/zechuan/iraod_artifacts/comparison/rsar/smart_suppression/seed_43/0f98a48/methods/E/ddp2/eval_full_smart_suppression_ids_v1/class_ap.txt
RSAR,smart_suppression,E,43,ema,bridge,0.288,printed class_ap.txt (typically 3 decimals),,,complete,/mnt/shared/zechuan/iraod_artifacts/comparison/rsar/smart_suppression/seed_43/0f98a48/methods/E/ddp2/eval_full_smart_suppression_ids_v1/class_ap.txt
RSAR,smart_suppression,E,43,ema,harbor,0.101,printed class_ap.txt (typically 3 decimals),,,complete,/mnt/shared/zechuan/iraod_artifacts/comparison/rsar/smart_suppression/seed_43/0f98a48/methods/E/ddp2/eval_full_smart_suppression_ids_v1/class_ap.txt
RSAR,smart_suppression,E,44,ema,ship,0.447,printed class_ap.txt (typically 3 decimals),,,complete,/mnt/shared/zechuan/iraod_artifacts/comparison/rsar/smart_suppression/seed_44/0f98a48/methods/E/ddp2/eval_full_smart_suppression_ids_v1/class_ap.txt
RSAR,smart_suppression,E,44,ema,aircraft,0.097,printed class_ap.txt (typically 3 decimals),,,complete,/mnt/shared/zechuan/iraod_artifacts/comparison/rsar/smart_suppression/seed_44/0f98a48/methods/E/ddp2/eval_full_smart_suppression_ids_v1/class_ap.txt
RSAR,smart_suppression,E,44,ema,car,0.018,printed class_ap.txt (typically 3 decimals),,,complete,/mnt/shared/zechuan/iraod_artifacts/comparison/rsar/smart_suppression/seed_44/0f98a48/methods/E/ddp2/eval_full_smart_suppression_ids_v1/class_ap.txt
RSAR,smart_suppression,E,44,ema,tank,0.015,printed class_ap.txt (typically 3 decimals),,,complete,/mnt/shared/zechuan/iraod_artifacts/comparison/rsar/smart_suppression/seed_44/0f98a48/methods/E/ddp2/eval_full_smart_suppression_ids_v1/class_ap.txt
RSAR,smart_suppression,E,44,ema,bridge,0.289,printed class_ap.txt (typically 3 decimals),,,complete,/mnt/shared/zechuan/iraod_artifacts/comparison/rsar/smart_suppression/seed_44/0f98a48/methods/E/ddp2/eval_full_smart_suppression_ids_v1/class_ap.txt
RSAR,smart_suppression,E,44,ema,harbor,0.108,printed class_ap.txt (typically 3 decimals),,,complete,/mnt/shared/zechuan/iraod_artifacts/comparison/rsar/smart_suppression/seed_44/0f98a48/methods/E/ddp2/eval_full_smart_suppression_ids_v1/class_ap.txt
RSAR,smart_suppression,F,42,ema,ship,0.4,printed class_ap.txt (typically 3 decimals),0.4,0.4,complete,/mnt/shared/zechuan/iraod_artifacts/comparison/rsar/smart_suppression/seed_42/0f98a48/methods/F/ddp2/eval_full_smart_suppression_ids_v1/class_ap.txt
RSAR,smart_suppression,F,42,ema,aircraft,0.051,printed class_ap.txt (typically 3 decimals),0.051,0.051,complete,/mnt/shared/zechuan/iraod_artifacts/comparison/rsar/smart_suppression/seed_42/0f98a48/methods/F/ddp2/eval_full_smart_suppression_ids_v1/class_ap.txt
RSAR,smart_suppression,F,42,ema,car,0.004,printed class_ap.txt (typically 3 decimals),0.004,0.004,complete,/mnt/shared/zechuan/iraod_artifacts/comparison/rsar/smart_suppression/seed_42/0f98a48/methods/F/ddp2/eval_full_smart_suppression_ids_v1/class_ap.txt
RSAR,smart_suppression,F,42,ema,tank,0.005,printed class_ap.txt (typically 3 decimals),0.005,0.005,complete,/mnt/shared/zechuan/iraod_artifacts/comparison/rsar/smart_suppression/seed_42/0f98a48/methods/F/ddp2/eval_full_smart_suppression_ids_v1/class_ap.txt
RSAR,smart_suppression,F,42,ema,bridge,0.267,printed class_ap.txt (typically 3 decimals),0.267,0.267,complete,/mnt/shared/zechuan/iraod_artifacts/comparison/rsar/smart_suppression/seed_42/0f98a48/methods/F/ddp2/eval_full_smart_suppression_ids_v1/class_ap.txt
RSAR,smart_suppression,F,42,ema,harbor,0.066,printed class_ap.txt (typically 3 decimals),0.066,0.066,complete,/mnt/shared/zechuan/iraod_artifacts/comparison/rsar/smart_suppression/seed_42/0f98a48/methods/F/ddp2/eval_full_smart_suppression_ids_v1/class_ap.txt
RSAR,smart_suppression,F,43,ema,ship,0.363,printed class_ap.txt (typically 3 decimals),,,complete,/mnt/shared/zechuan/iraod_artifacts/comparison/rsar/smart_suppression/seed_43/0f98a48/methods/F/ddp2/eval_full_smart_suppression_ids_v1/class_ap.txt
RSAR,smart_suppression,F,43,ema,aircraft,0.032,printed class_ap.txt (typically 3 decimals),,,complete,/mnt/shared/zechuan/iraod_artifacts/comparison/rsar/smart_suppression/seed_43/0f98a48/methods/F/ddp2/eval_full_smart_suppression_ids_v1/class_ap.txt
RSAR,smart_suppression,F,43,ema,car,0.005,printed class_ap.txt (typically 3 decimals),,,complete,/mnt/shared/zechuan/iraod_artifacts/comparison/rsar/smart_suppression/seed_43/0f98a48/methods/F/ddp2/eval_full_smart_suppression_ids_v1/class_ap.txt
RSAR,smart_suppression,F,43,ema,tank,0.006,printed class_ap.txt (typically 3 decimals),,,complete,/mnt/shared/zechuan/iraod_artifacts/comparison/rsar/smart_suppression/seed_43/0f98a48/methods/F/ddp2/eval_full_smart_suppression_ids_v1/class_ap.txt
RSAR,smart_suppression,F,43,ema,bridge,0.242,printed class_ap.txt (typically 3 decimals),,,complete,/mnt/shared/zechuan/iraod_artifacts/comparison/rsar/smart_suppression/seed_43/0f98a48/methods/F/ddp2/eval_full_smart_suppression_ids_v1/class_ap.txt
RSAR,smart_suppression,F,43,ema,harbor,0.054,printed class_ap.txt (typically 3 decimals),,,complete,/mnt/shared/zechuan/iraod_artifacts/comparison/rsar/smart_suppression/seed_43/0f98a48/methods/F/ddp2/eval_full_smart_suppression_ids_v1/class_ap.txt
RSAR,smart_suppression,F,44,ema,ship,0.418,printed class_ap.txt (typically 3 decimals),,,complete,/mnt/shared/zechuan/iraod_artifacts/comparison/rsar/smart_suppression/seed_44/0f98a48/methods/F/ddp2/eval_full_smart_suppression_ids_v1/class_ap.txt
RSAR,smart_suppression,F,44,ema,aircraft,0.093,printed class_ap.txt (typically 3 decimals),,,complete,/mnt/shared/zechuan/iraod_artifacts/comparison/rsar/smart_suppression/seed_44/0f98a48/methods/F/ddp2/eval_full_smart_suppression_ids_v1/class_ap.txt
RSAR,smart_suppression,F,44,ema,car,0.006,printed class_ap.txt (typically 3 decimals),,,complete,/mnt/shared/zechuan/iraod_artifacts/comparison/rsar/smart_suppression/seed_44/0f98a48/methods/F/ddp2/eval_full_smart_suppression_ids_v1/class_ap.txt
RSAR,smart_suppression,F,44,ema,tank,0.007,printed class_ap.txt (typically 3 decimals),,,complete,/mnt/shared/zechuan/iraod_artifacts/comparison/rsar/smart_suppression/seed_44/0f98a48/methods/F/ddp2/eval_full_smart_suppression_ids_v1/class_ap.txt
RSAR,smart_suppression,F,44,ema,bridge,0.273,printed class_ap.txt (typically 3 decimals),,,complete,/mnt/shared/zechuan/iraod_artifacts/comparison/rsar/smart_suppression/seed_44/0f98a48/methods/F/ddp2/eval_full_smart_suppression_ids_v1/class_ap.txt
RSAR,smart_suppression,F,44,ema,harbor,0.102,printed class_ap.txt (typically 3 decimals),,,complete,/mnt/shared/zechuan/iraod_artifacts/comparison/rsar/smart_suppression/seed_44/0f98a48/methods/F/ddp2/eval_full_smart_suppression_ids_v1/class_ap.txt
RSAR,am_noise_vertical,A,42,source,ship,0.358,printed class_ap.txt (typically 3 decimals),0.358,0.358,complete,/mnt/shared/zechuan/iraod_artifacts/comparison/rsar/am_noise_vertical/seed_42/0f98a48/methods/A/eval_full_am_noise_vertical_ids_v1/class_ap.txt
RSAR,am_noise_vertical,A,42,source,aircraft,0.016,printed class_ap.txt (typically 3 decimals),0.016,0.016,complete,/mnt/shared/zechuan/iraod_artifacts/comparison/rsar/am_noise_vertical/seed_42/0f98a48/methods/A/eval_full_am_noise_vertical_ids_v1/class_ap.txt
RSAR,am_noise_vertical,A,42,source,car,0.429,printed class_ap.txt (typically 3 decimals),0.429,0.429,complete,/mnt/shared/zechuan/iraod_artifacts/comparison/rsar/am_noise_vertical/seed_42/0f98a48/methods/A/eval_full_am_noise_vertical_ids_v1/class_ap.txt
RSAR,am_noise_vertical,A,42,source,tank,0.092,printed class_ap.txt (typically 3 decimals),0.092,0.092,complete,/mnt/shared/zechuan/iraod_artifacts/comparison/rsar/am_noise_vertical/seed_42/0f98a48/methods/A/eval_full_am_noise_vertical_ids_v1/class_ap.txt
RSAR,am_noise_vertical,A,42,source,bridge,0.186,printed class_ap.txt (typically 3 decimals),0.186,0.186,complete,/mnt/shared/zechuan/iraod_artifacts/comparison/rsar/am_noise_vertical/seed_42/0f98a48/methods/A/eval_full_am_noise_vertical_ids_v1/class_ap.txt
RSAR,am_noise_vertical,A,42,source,harbor,0.063,printed class_ap.txt (typically 3 decimals),0.063,0.063,complete,/mnt/shared/zechuan/iraod_artifacts/comparison/rsar/am_noise_vertical/seed_42/0f98a48/methods/A/eval_full_am_noise_vertical_ids_v1/class_ap.txt
RSAR,am_noise_vertical,B,42,ema,ship,0.426,printed class_ap.txt (typically 3 decimals),0.426,0.426,complete,/mnt/shared/zechuan/iraod_artifacts/comparison/rsar/am_noise_vertical/seed_42/0f98a48/methods/B/eval_full_am_noise_vertical_ids_v1/class_ap.txt
RSAR,am_noise_vertical,B,42,ema,aircraft,0.091,printed class_ap.txt (typically 3 decimals),0.091,0.091,complete,/mnt/shared/zechuan/iraod_artifacts/comparison/rsar/am_noise_vertical/seed_42/0f98a48/methods/B/eval_full_am_noise_vertical_ids_v1/class_ap.txt
RSAR,am_noise_vertical,B,42,ema,car,0.513,printed class_ap.txt (typically 3 decimals),0.513,0.513,complete,/mnt/shared/zechuan/iraod_artifacts/comparison/rsar/am_noise_vertical/seed_42/0f98a48/methods/B/eval_full_am_noise_vertical_ids_v1/class_ap.txt
RSAR,am_noise_vertical,B,42,ema,tank,0.091,printed class_ap.txt (typically 3 decimals),0.091,0.091,complete,/mnt/shared/zechuan/iraod_artifacts/comparison/rsar/am_noise_vertical/seed_42/0f98a48/methods/B/eval_full_am_noise_vertical_ids_v1/class_ap.txt
RSAR,am_noise_vertical,B,42,ema,bridge,0.188,printed class_ap.txt (typically 3 decimals),0.188,0.188,complete,/mnt/shared/zechuan/iraod_artifacts/comparison/rsar/am_noise_vertical/seed_42/0f98a48/methods/B/eval_full_am_noise_vertical_ids_v1/class_ap.txt
RSAR,am_noise_vertical,B,42,ema,harbor,0.11,printed class_ap.txt (typically 3 decimals),0.11,0.11,complete,/mnt/shared/zechuan/iraod_artifacts/comparison/rsar/am_noise_vertical/seed_42/0f98a48/methods/B/eval_full_am_noise_vertical_ids_v1/class_ap.txt
RSAR,am_noise_vertical,B,43,ema,ship,0.434,printed class_ap.txt (typically 3 decimals),,,complete,/mnt/shared/zechuan/iraod_artifacts/comparison/rsar/am_noise_vertical/seed_43/0f98a48/methods/B/eval_full_am_noise_vertical_ids_v1/class_ap.txt
RSAR,am_noise_vertical,B,43,ema,aircraft,0.091,printed class_ap.txt (typically 3 decimals),,,complete,/mnt/shared/zechuan/iraod_artifacts/comparison/rsar/am_noise_vertical/seed_43/0f98a48/methods/B/eval_full_am_noise_vertical_ids_v1/class_ap.txt
RSAR,am_noise_vertical,B,43,ema,car,0.521,printed class_ap.txt (typically 3 decimals),,,complete,/mnt/shared/zechuan/iraod_artifacts/comparison/rsar/am_noise_vertical/seed_43/0f98a48/methods/B/eval_full_am_noise_vertical_ids_v1/class_ap.txt
RSAR,am_noise_vertical,B,43,ema,tank,0.091,printed class_ap.txt (typically 3 decimals),,,complete,/mnt/shared/zechuan/iraod_artifacts/comparison/rsar/am_noise_vertical/seed_43/0f98a48/methods/B/eval_full_am_noise_vertical_ids_v1/class_ap.txt
RSAR,am_noise_vertical,B,43,ema,bridge,0.223,printed class_ap.txt (typically 3 decimals),,,complete,/mnt/shared/zechuan/iraod_artifacts/comparison/rsar/am_noise_vertical/seed_43/0f98a48/methods/B/eval_full_am_noise_vertical_ids_v1/class_ap.txt
RSAR,am_noise_vertical,B,43,ema,harbor,0.048,printed class_ap.txt (typically 3 decimals),,,complete,/mnt/shared/zechuan/iraod_artifacts/comparison/rsar/am_noise_vertical/seed_43/0f98a48/methods/B/eval_full_am_noise_vertical_ids_v1/class_ap.txt
RSAR,am_noise_vertical,B,44,ema,ship,0.422,printed class_ap.txt (typically 3 decimals),,,complete,/mnt/shared/zechuan/iraod_artifacts/comparison/rsar/am_noise_vertical/seed_44/0f98a48/methods/B/eval_full_am_noise_vertical_ids_v1/class_ap.txt
RSAR,am_noise_vertical,B,44,ema,aircraft,0.091,printed class_ap.txt (typically 3 decimals),,,complete,/mnt/shared/zechuan/iraod_artifacts/comparison/rsar/am_noise_vertical/seed_44/0f98a48/methods/B/eval_full_am_noise_vertical_ids_v1/class_ap.txt
RSAR,am_noise_vertical,B,44,ema,car,0.535,printed class_ap.txt (typically 3 decimals),,,complete,/mnt/shared/zechuan/iraod_artifacts/comparison/rsar/am_noise_vertical/seed_44/0f98a48/methods/B/eval_full_am_noise_vertical_ids_v1/class_ap.txt
RSAR,am_noise_vertical,B,44,ema,tank,0.091,printed class_ap.txt (typically 3 decimals),,,complete,/mnt/shared/zechuan/iraod_artifacts/comparison/rsar/am_noise_vertical/seed_44/0f98a48/methods/B/eval_full_am_noise_vertical_ids_v1/class_ap.txt
RSAR,am_noise_vertical,B,44,ema,bridge,0.219,printed class_ap.txt (typically 3 decimals),,,complete,/mnt/shared/zechuan/iraod_artifacts/comparison/rsar/am_noise_vertical/seed_44/0f98a48/methods/B/eval_full_am_noise_vertical_ids_v1/class_ap.txt
RSAR,am_noise_vertical,B,44,ema,harbor,0.036,printed class_ap.txt (typically 3 decimals),,,complete,/mnt/shared/zechuan/iraod_artifacts/comparison/rsar/am_noise_vertical/seed_44/0f98a48/methods/B/eval_full_am_noise_vertical_ids_v1/class_ap.txt
RSAR,am_noise_vertical,C,42,ema,ship,0.421,printed class_ap.txt (typically 3 decimals),0.421,0.421,complete,/mnt/shared/zechuan/iraod_artifacts/comparison/rsar/am_noise_vertical/seed_42/0f98a48/methods/C/eval_full_am_noise_vertical_ids_v1/class_ap.txt
RSAR,am_noise_vertical,C,42,ema,aircraft,0.091,printed class_ap.txt (typically 3 decimals),0.091,0.091,complete,/mnt/shared/zechuan/iraod_artifacts/comparison/rsar/am_noise_vertical/seed_42/0f98a48/methods/C/eval_full_am_noise_vertical_ids_v1/class_ap.txt
RSAR,am_noise_vertical,C,42,ema,car,0.508,printed class_ap.txt (typically 3 decimals),0.508,0.508,complete,/mnt/shared/zechuan/iraod_artifacts/comparison/rsar/am_noise_vertical/seed_42/0f98a48/methods/C/eval_full_am_noise_vertical_ids_v1/class_ap.txt
RSAR,am_noise_vertical,C,42,ema,tank,0.092,printed class_ap.txt (typically 3 decimals),0.092,0.092,complete,/mnt/shared/zechuan/iraod_artifacts/comparison/rsar/am_noise_vertical/seed_42/0f98a48/methods/C/eval_full_am_noise_vertical_ids_v1/class_ap.txt
RSAR,am_noise_vertical,C,42,ema,bridge,0.21,printed class_ap.txt (typically 3 decimals),0.21,0.21,complete,/mnt/shared/zechuan/iraod_artifacts/comparison/rsar/am_noise_vertical/seed_42/0f98a48/methods/C/eval_full_am_noise_vertical_ids_v1/class_ap.txt
RSAR,am_noise_vertical,C,42,ema,harbor,0.118,printed class_ap.txt (typically 3 decimals),0.118,0.118,complete,/mnt/shared/zechuan/iraod_artifacts/comparison/rsar/am_noise_vertical/seed_42/0f98a48/methods/C/eval_full_am_noise_vertical_ids_v1/class_ap.txt
RSAR,am_noise_vertical,C,43,ema,ship,0.376,printed class_ap.txt (typically 3 decimals),,,complete,/mnt/shared/zechuan/iraod_artifacts/comparison/rsar/am_noise_vertical/seed_43/0f98a48/methods/C/eval_full_am_noise_vertical_ids_v1/class_ap.txt
RSAR,am_noise_vertical,C,43,ema,aircraft,0.091,printed class_ap.txt (typically 3 decimals),,,complete,/mnt/shared/zechuan/iraod_artifacts/comparison/rsar/am_noise_vertical/seed_43/0f98a48/methods/C/eval_full_am_noise_vertical_ids_v1/class_ap.txt
RSAR,am_noise_vertical,C,43,ema,car,0.498,printed class_ap.txt (typically 3 decimals),,,complete,/mnt/shared/zechuan/iraod_artifacts/comparison/rsar/am_noise_vertical/seed_43/0f98a48/methods/C/eval_full_am_noise_vertical_ids_v1/class_ap.txt
RSAR,am_noise_vertical,C,43,ema,tank,0.091,printed class_ap.txt (typically 3 decimals),,,complete,/mnt/shared/zechuan/iraod_artifacts/comparison/rsar/am_noise_vertical/seed_43/0f98a48/methods/C/eval_full_am_noise_vertical_ids_v1/class_ap.txt
RSAR,am_noise_vertical,C,43,ema,bridge,0.198,printed class_ap.txt (typically 3 decimals),,,complete,/mnt/shared/zechuan/iraod_artifacts/comparison/rsar/am_noise_vertical/seed_43/0f98a48/methods/C/eval_full_am_noise_vertical_ids_v1/class_ap.txt
RSAR,am_noise_vertical,C,43,ema,harbor,0.104,printed class_ap.txt (typically 3 decimals),,,complete,/mnt/shared/zechuan/iraod_artifacts/comparison/rsar/am_noise_vertical/seed_43/0f98a48/methods/C/eval_full_am_noise_vertical_ids_v1/class_ap.txt
RSAR,am_noise_vertical,C,44,ema,ship,0.371,printed class_ap.txt (typically 3 decimals),,,complete,/mnt/shared/zechuan/iraod_artifacts/comparison/rsar/am_noise_vertical/seed_44/0f98a48/methods/C/eval_full_am_noise_vertical_ids_v1/class_ap.txt
RSAR,am_noise_vertical,C,44,ema,aircraft,0.091,printed class_ap.txt (typically 3 decimals),,,complete,/mnt/shared/zechuan/iraod_artifacts/comparison/rsar/am_noise_vertical/seed_44/0f98a48/methods/C/eval_full_am_noise_vertical_ids_v1/class_ap.txt
RSAR,am_noise_vertical,C,44,ema,car,0.521,printed class_ap.txt (typically 3 decimals),,,complete,/mnt/shared/zechuan/iraod_artifacts/comparison/rsar/am_noise_vertical/seed_44/0f98a48/methods/C/eval_full_am_noise_vertical_ids_v1/class_ap.txt
RSAR,am_noise_vertical,C,44,ema,tank,0.091,printed class_ap.txt (typically 3 decimals),,,complete,/mnt/shared/zechuan/iraod_artifacts/comparison/rsar/am_noise_vertical/seed_44/0f98a48/methods/C/eval_full_am_noise_vertical_ids_v1/class_ap.txt
RSAR,am_noise_vertical,C,44,ema,bridge,0.201,printed class_ap.txt (typically 3 decimals),,,complete,/mnt/shared/zechuan/iraod_artifacts/comparison/rsar/am_noise_vertical/seed_44/0f98a48/methods/C/eval_full_am_noise_vertical_ids_v1/class_ap.txt
RSAR,am_noise_vertical,C,44,ema,harbor,0.084,printed class_ap.txt (typically 3 decimals),,,complete,/mnt/shared/zechuan/iraod_artifacts/comparison/rsar/am_noise_vertical/seed_44/0f98a48/methods/C/eval_full_am_noise_vertical_ids_v1/class_ap.txt
RSAR,am_noise_vertical,D,42,ema,ship,0.318,printed class_ap.txt (typically 3 decimals),0.318,0.318,complete,/mnt/shared/zechuan/iraod_artifacts/comparison/rsar/am_noise_vertical/seed_42/0f98a48/methods/D/eval_full_am_noise_vertical_ids_v1/class_ap.txt
RSAR,am_noise_vertical,D,42,ema,aircraft,0.091,printed class_ap.txt (typically 3 decimals),0.091,0.091,complete,/mnt/shared/zechuan/iraod_artifacts/comparison/rsar/am_noise_vertical/seed_42/0f98a48/methods/D/eval_full_am_noise_vertical_ids_v1/class_ap.txt
RSAR,am_noise_vertical,D,42,ema,car,0.36,printed class_ap.txt (typically 3 decimals),0.36,0.36,complete,/mnt/shared/zechuan/iraod_artifacts/comparison/rsar/am_noise_vertical/seed_42/0f98a48/methods/D/eval_full_am_noise_vertical_ids_v1/class_ap.txt
RSAR,am_noise_vertical,D,42,ema,tank,0.091,printed class_ap.txt (typically 3 decimals),0.091,0.091,complete,/mnt/shared/zechuan/iraod_artifacts/comparison/rsar/am_noise_vertical/seed_42/0f98a48/methods/D/eval_full_am_noise_vertical_ids_v1/class_ap.txt
RSAR,am_noise_vertical,D,42,ema,bridge,0.182,printed class_ap.txt (typically 3 decimals),0.182,0.182,complete,/mnt/shared/zechuan/iraod_artifacts/comparison/rsar/am_noise_vertical/seed_42/0f98a48/methods/D/eval_full_am_noise_vertical_ids_v1/class_ap.txt
RSAR,am_noise_vertical,D,42,ema,harbor,0.015,printed class_ap.txt (typically 3 decimals),0.015,0.015,complete,/mnt/shared/zechuan/iraod_artifacts/comparison/rsar/am_noise_vertical/seed_42/0f98a48/methods/D/eval_full_am_noise_vertical_ids_v1/class_ap.txt
RSAR,am_noise_vertical,D,43,ema,ship,0.321,printed class_ap.txt (typically 3 decimals),,,complete,/mnt/shared/zechuan/iraod_artifacts/comparison/rsar/am_noise_vertical/seed_43/0f98a48/methods/D/eval_full_am_noise_vertical_ids_v1/class_ap.txt
RSAR,am_noise_vertical,D,43,ema,aircraft,0.0,printed class_ap.txt (typically 3 decimals),,,complete,/mnt/shared/zechuan/iraod_artifacts/comparison/rsar/am_noise_vertical/seed_43/0f98a48/methods/D/eval_full_am_noise_vertical_ids_v1/class_ap.txt
RSAR,am_noise_vertical,D,43,ema,car,0.376,printed class_ap.txt (typically 3 decimals),,,complete,/mnt/shared/zechuan/iraod_artifacts/comparison/rsar/am_noise_vertical/seed_43/0f98a48/methods/D/eval_full_am_noise_vertical_ids_v1/class_ap.txt
RSAR,am_noise_vertical,D,43,ema,tank,0.091,printed class_ap.txt (typically 3 decimals),,,complete,/mnt/shared/zechuan/iraod_artifacts/comparison/rsar/am_noise_vertical/seed_43/0f98a48/methods/D/eval_full_am_noise_vertical_ids_v1/class_ap.txt
RSAR,am_noise_vertical,D,43,ema,bridge,0.166,printed class_ap.txt (typically 3 decimals),,,complete,/mnt/shared/zechuan/iraod_artifacts/comparison/rsar/am_noise_vertical/seed_43/0f98a48/methods/D/eval_full_am_noise_vertical_ids_v1/class_ap.txt
RSAR,am_noise_vertical,D,43,ema,harbor,0.091,printed class_ap.txt (typically 3 decimals),,,complete,/mnt/shared/zechuan/iraod_artifacts/comparison/rsar/am_noise_vertical/seed_43/0f98a48/methods/D/eval_full_am_noise_vertical_ids_v1/class_ap.txt
RSAR,am_noise_vertical,D,44,ema,ship,0.317,printed class_ap.txt (typically 3 decimals),,,complete,/mnt/shared/zechuan/iraod_artifacts/comparison/rsar/am_noise_vertical/seed_44/0f98a48/methods/D/eval_full_am_noise_vertical_ids_v1/class_ap.txt
RSAR,am_noise_vertical,D,44,ema,aircraft,0.0,printed class_ap.txt (typically 3 decimals),,,complete,/mnt/shared/zechuan/iraod_artifacts/comparison/rsar/am_noise_vertical/seed_44/0f98a48/methods/D/eval_full_am_noise_vertical_ids_v1/class_ap.txt
RSAR,am_noise_vertical,D,44,ema,car,0.368,printed class_ap.txt (typically 3 decimals),,,complete,/mnt/shared/zechuan/iraod_artifacts/comparison/rsar/am_noise_vertical/seed_44/0f98a48/methods/D/eval_full_am_noise_vertical_ids_v1/class_ap.txt
RSAR,am_noise_vertical,D,44,ema,tank,0.091,printed class_ap.txt (typically 3 decimals),,,complete,/mnt/shared/zechuan/iraod_artifacts/comparison/rsar/am_noise_vertical/seed_44/0f98a48/methods/D/eval_full_am_noise_vertical_ids_v1/class_ap.txt
RSAR,am_noise_vertical,D,44,ema,bridge,0.199,printed class_ap.txt (typically 3 decimals),,,complete,/mnt/shared/zechuan/iraod_artifacts/comparison/rsar/am_noise_vertical/seed_44/0f98a48/methods/D/eval_full_am_noise_vertical_ids_v1/class_ap.txt
RSAR,am_noise_vertical,D,44,ema,harbor,0.029,printed class_ap.txt (typically 3 decimals),,,complete,/mnt/shared/zechuan/iraod_artifacts/comparison/rsar/am_noise_vertical/seed_44/0f98a48/methods/D/eval_full_am_noise_vertical_ids_v1/class_ap.txt
RSAR,am_noise_vertical,E,42,ema,ship,0.434,printed class_ap.txt (typically 3 decimals),0.434,0.434,complete,/mnt/shared/zechuan/iraod_artifacts/comparison/rsar/am_noise_vertical/seed_42/0f98a48/methods/E/ddp2/eval_full_am_noise_vertical_ids_v1/class_ap.txt
RSAR,am_noise_vertical,E,42,ema,aircraft,0.091,printed class_ap.txt (typically 3 decimals),0.091,0.091,complete,/mnt/shared/zechuan/iraod_artifacts/comparison/rsar/am_noise_vertical/seed_42/0f98a48/methods/E/ddp2/eval_full_am_noise_vertical_ids_v1/class_ap.txt
RSAR,am_noise_vertical,E,42,ema,car,0.523,printed class_ap.txt (typically 3 decimals),0.523,0.523,complete,/mnt/shared/zechuan/iraod_artifacts/comparison/rsar/am_noise_vertical/seed_42/0f98a48/methods/E/ddp2/eval_full_am_noise_vertical_ids_v1/class_ap.txt
RSAR,am_noise_vertical,E,42,ema,tank,0.092,printed class_ap.txt (typically 3 decimals),0.092,0.092,complete,/mnt/shared/zechuan/iraod_artifacts/comparison/rsar/am_noise_vertical/seed_42/0f98a48/methods/E/ddp2/eval_full_am_noise_vertical_ids_v1/class_ap.txt
RSAR,am_noise_vertical,E,42,ema,bridge,0.22,printed class_ap.txt (typically 3 decimals),0.22,0.22,complete,/mnt/shared/zechuan/iraod_artifacts/comparison/rsar/am_noise_vertical/seed_42/0f98a48/methods/E/ddp2/eval_full_am_noise_vertical_ids_v1/class_ap.txt
RSAR,am_noise_vertical,E,42,ema,harbor,0.138,printed class_ap.txt (typically 3 decimals),0.138,0.138,complete,/mnt/shared/zechuan/iraod_artifacts/comparison/rsar/am_noise_vertical/seed_42/0f98a48/methods/E/ddp2/eval_full_am_noise_vertical_ids_v1/class_ap.txt
RSAR,am_noise_vertical,E,43,ema,ship,0.423,printed class_ap.txt (typically 3 decimals),,,complete,/mnt/shared/zechuan/iraod_artifacts/comparison/rsar/am_noise_vertical/seed_43/0f98a48/methods/E/ddp2/eval_full_am_noise_vertical_ids_v1/class_ap.txt
RSAR,am_noise_vertical,E,43,ema,aircraft,0.091,printed class_ap.txt (typically 3 decimals),,,complete,/mnt/shared/zechuan/iraod_artifacts/comparison/rsar/am_noise_vertical/seed_43/0f98a48/methods/E/ddp2/eval_full_am_noise_vertical_ids_v1/class_ap.txt
RSAR,am_noise_vertical,E,43,ema,car,0.556,printed class_ap.txt (typically 3 decimals),,,complete,/mnt/shared/zechuan/iraod_artifacts/comparison/rsar/am_noise_vertical/seed_43/0f98a48/methods/E/ddp2/eval_full_am_noise_vertical_ids_v1/class_ap.txt
RSAR,am_noise_vertical,E,43,ema,tank,0.091,printed class_ap.txt (typically 3 decimals),,,complete,/mnt/shared/zechuan/iraod_artifacts/comparison/rsar/am_noise_vertical/seed_43/0f98a48/methods/E/ddp2/eval_full_am_noise_vertical_ids_v1/class_ap.txt
RSAR,am_noise_vertical,E,43,ema,bridge,0.211,printed class_ap.txt (typically 3 decimals),,,complete,/mnt/shared/zechuan/iraod_artifacts/comparison/rsar/am_noise_vertical/seed_43/0f98a48/methods/E/ddp2/eval_full_am_noise_vertical_ids_v1/class_ap.txt
RSAR,am_noise_vertical,E,43,ema,harbor,0.138,printed class_ap.txt (typically 3 decimals),,,complete,/mnt/shared/zechuan/iraod_artifacts/comparison/rsar/am_noise_vertical/seed_43/0f98a48/methods/E/ddp2/eval_full_am_noise_vertical_ids_v1/class_ap.txt
RSAR,am_noise_vertical,E,44,ema,ship,0.435,printed class_ap.txt (typically 3 decimals),,,complete,/mnt/shared/zechuan/iraod_artifacts/comparison/rsar/am_noise_vertical/seed_44/0f98a48/methods/E/ddp2/eval_full_am_noise_vertical_ids_v1/class_ap.txt
RSAR,am_noise_vertical,E,44,ema,aircraft,0.073,printed class_ap.txt (typically 3 decimals),,,complete,/mnt/shared/zechuan/iraod_artifacts/comparison/rsar/am_noise_vertical/seed_44/0f98a48/methods/E/ddp2/eval_full_am_noise_vertical_ids_v1/class_ap.txt
RSAR,am_noise_vertical,E,44,ema,car,0.54,printed class_ap.txt (typically 3 decimals),,,complete,/mnt/shared/zechuan/iraod_artifacts/comparison/rsar/am_noise_vertical/seed_44/0f98a48/methods/E/ddp2/eval_full_am_noise_vertical_ids_v1/class_ap.txt
RSAR,am_noise_vertical,E,44,ema,tank,0.092,printed class_ap.txt (typically 3 decimals),,,complete,/mnt/shared/zechuan/iraod_artifacts/comparison/rsar/am_noise_vertical/seed_44/0f98a48/methods/E/ddp2/eval_full_am_noise_vertical_ids_v1/class_ap.txt
RSAR,am_noise_vertical,E,44,ema,bridge,0.196,printed class_ap.txt (typically 3 decimals),,,complete,/mnt/shared/zechuan/iraod_artifacts/comparison/rsar/am_noise_vertical/seed_44/0f98a48/methods/E/ddp2/eval_full_am_noise_vertical_ids_v1/class_ap.txt
RSAR,am_noise_vertical,E,44,ema,harbor,0.121,printed class_ap.txt (typically 3 decimals),,,complete,/mnt/shared/zechuan/iraod_artifacts/comparison/rsar/am_noise_vertical/seed_44/0f98a48/methods/E/ddp2/eval_full_am_noise_vertical_ids_v1/class_ap.txt
RSAR,am_noise_vertical,F,42,ema,ship,0.319,printed class_ap.txt (typically 3 decimals),0.319,0.319,complete,/mnt/shared/zechuan/iraod_artifacts/comparison/rsar/am_noise_vertical/seed_42/0f98a48/methods/F/ddp2/eval_full_am_noise_vertical_ids_v1/class_ap.txt
RSAR,am_noise_vertical,F,42,ema,aircraft,0.0,printed class_ap.txt (typically 3 decimals),0.0,0.0,complete,/mnt/shared/zechuan/iraod_artifacts/comparison/rsar/am_noise_vertical/seed_42/0f98a48/methods/F/ddp2/eval_full_am_noise_vertical_ids_v1/class_ap.txt
RSAR,am_noise_vertical,F,42,ema,car,0.391,printed class_ap.txt (typically 3 decimals),0.391,0.391,complete,/mnt/shared/zechuan/iraod_artifacts/comparison/rsar/am_noise_vertical/seed_42/0f98a48/methods/F/ddp2/eval_full_am_noise_vertical_ids_v1/class_ap.txt
RSAR,am_noise_vertical,F,42,ema,tank,0.091,printed class_ap.txt (typically 3 decimals),0.091,0.091,complete,/mnt/shared/zechuan/iraod_artifacts/comparison/rsar/am_noise_vertical/seed_42/0f98a48/methods/F/ddp2/eval_full_am_noise_vertical_ids_v1/class_ap.txt
RSAR,am_noise_vertical,F,42,ema,bridge,0.19,printed class_ap.txt (typically 3 decimals),0.19,0.19,complete,/mnt/shared/zechuan/iraod_artifacts/comparison/rsar/am_noise_vertical/seed_42/0f98a48/methods/F/ddp2/eval_full_am_noise_vertical_ids_v1/class_ap.txt
RSAR,am_noise_vertical,F,42,ema,harbor,0.037,printed class_ap.txt (typically 3 decimals),0.037,0.037,complete,/mnt/shared/zechuan/iraod_artifacts/comparison/rsar/am_noise_vertical/seed_42/0f98a48/methods/F/ddp2/eval_full_am_noise_vertical_ids_v1/class_ap.txt
RSAR,am_noise_vertical,F,43,ema,ship,0.303,printed class_ap.txt (typically 3 decimals),,,complete,/mnt/shared/zechuan/iraod_artifacts/comparison/rsar/am_noise_vertical/seed_43/0f98a48/methods/F/ddp2/eval_full_am_noise_vertical_ids_v1/class_ap.txt
RSAR,am_noise_vertical,F,43,ema,aircraft,0.0,printed class_ap.txt (typically 3 decimals),,,complete,/mnt/shared/zechuan/iraod_artifacts/comparison/rsar/am_noise_vertical/seed_43/0f98a48/methods/F/ddp2/eval_full_am_noise_vertical_ids_v1/class_ap.txt
RSAR,am_noise_vertical,F,43,ema,car,0.274,printed class_ap.txt (typically 3 decimals),,,complete,/mnt/shared/zechuan/iraod_artifacts/comparison/rsar/am_noise_vertical/seed_43/0f98a48/methods/F/ddp2/eval_full_am_noise_vertical_ids_v1/class_ap.txt
RSAR,am_noise_vertical,F,43,ema,tank,0.091,printed class_ap.txt (typically 3 decimals),,,complete,/mnt/shared/zechuan/iraod_artifacts/comparison/rsar/am_noise_vertical/seed_43/0f98a48/methods/F/ddp2/eval_full_am_noise_vertical_ids_v1/class_ap.txt
RSAR,am_noise_vertical,F,43,ema,bridge,0.157,printed class_ap.txt (typically 3 decimals),,,complete,/mnt/shared/zechuan/iraod_artifacts/comparison/rsar/am_noise_vertical/seed_43/0f98a48/methods/F/ddp2/eval_full_am_noise_vertical_ids_v1/class_ap.txt
RSAR,am_noise_vertical,F,43,ema,harbor,0.015,printed class_ap.txt (typically 3 decimals),,,complete,/mnt/shared/zechuan/iraod_artifacts/comparison/rsar/am_noise_vertical/seed_43/0f98a48/methods/F/ddp2/eval_full_am_noise_vertical_ids_v1/class_ap.txt
RSAR,am_noise_vertical,F,44,ema,ship,0.32,printed class_ap.txt (typically 3 decimals),,,complete,/mnt/shared/zechuan/iraod_artifacts/comparison/rsar/am_noise_vertical/seed_44/0f98a48/methods/F/ddp2/eval_full_am_noise_vertical_ids_v1/class_ap.txt
RSAR,am_noise_vertical,F,44,ema,aircraft,0.0,printed class_ap.txt (typically 3 decimals),,,complete,/mnt/shared/zechuan/iraod_artifacts/comparison/rsar/am_noise_vertical/seed_44/0f98a48/methods/F/ddp2/eval_full_am_noise_vertical_ids_v1/class_ap.txt
RSAR,am_noise_vertical,F,44,ema,car,0.411,printed class_ap.txt (typically 3 decimals),,,complete,/mnt/shared/zechuan/iraod_artifacts/comparison/rsar/am_noise_vertical/seed_44/0f98a48/methods/F/ddp2/eval_full_am_noise_vertical_ids_v1/class_ap.txt
RSAR,am_noise_vertical,F,44,ema,tank,0.091,printed class_ap.txt (typically 3 decimals),,,complete,/mnt/shared/zechuan/iraod_artifacts/comparison/rsar/am_noise_vertical/seed_44/0f98a48/methods/F/ddp2/eval_full_am_noise_vertical_ids_v1/class_ap.txt
RSAR,am_noise_vertical,F,44,ema,bridge,0.196,printed class_ap.txt (typically 3 decimals),,,complete,/mnt/shared/zechuan/iraod_artifacts/comparison/rsar/am_noise_vertical/seed_44/0f98a48/methods/F/ddp2/eval_full_am_noise_vertical_ids_v1/class_ap.txt
RSAR,am_noise_vertical,F,44,ema,harbor,0.023,printed class_ap.txt (typically 3 decimals),,,complete,/mnt/shared/zechuan/iraod_artifacts/comparison/rsar/am_noise_vertical/seed_44/0f98a48/methods/F/ddp2/eval_full_am_noise_vertical_ids_v1/class_ap.txt
DIOR,clean,A,42,source,airplane,0.488,printed class_ap.txt (typically 3 decimals),0.488,0.488,complete,/mnt/shared/zechuan/iraod_artifacts/comparison/dior/clean/seed_42/0f98a48/methods/A/eval_full_clean_ids_v1/class_ap.txt
DIOR,clean,A,42,source,airport,0.009,printed class_ap.txt (typically 3 decimals),0.009,0.009,complete,/mnt/shared/zechuan/iraod_artifacts/comparison/dior/clean/seed_42/0f98a48/methods/A/eval_full_clean_ids_v1/class_ap.txt
DIOR,clean,A,42,source,baseballfield,0.532,printed class_ap.txt (typically 3 decimals),0.532,0.532,complete,/mnt/shared/zechuan/iraod_artifacts/comparison/dior/clean/seed_42/0f98a48/methods/A/eval_full_clean_ids_v1/class_ap.txt
DIOR,clean,A,42,source,basketballcourt,0.367,printed class_ap.txt (typically 3 decimals),0.367,0.367,complete,/mnt/shared/zechuan/iraod_artifacts/comparison/dior/clean/seed_42/0f98a48/methods/A/eval_full_clean_ids_v1/class_ap.txt
DIOR,clean,A,42,source,bridge,0.114,printed class_ap.txt (typically 3 decimals),0.114,0.114,complete,/mnt/shared/zechuan/iraod_artifacts/comparison/dior/clean/seed_42/0f98a48/methods/A/eval_full_clean_ids_v1/class_ap.txt
DIOR,clean,A,42,source,chimney,0.418,printed class_ap.txt (typically 3 decimals),0.418,0.418,complete,/mnt/shared/zechuan/iraod_artifacts/comparison/dior/clean/seed_42/0f98a48/methods/A/eval_full_clean_ids_v1/class_ap.txt
DIOR,clean,A,42,source,expressway-service-area,0.281,printed class_ap.txt (typically 3 decimals),0.281,0.281,complete,/mnt/shared/zechuan/iraod_artifacts/comparison/dior/clean/seed_42/0f98a48/methods/A/eval_full_clean_ids_v1/class_ap.txt
DIOR,clean,A,42,source,expressway-toll-station,0.198,printed class_ap.txt (typically 3 decimals),0.198,0.198,complete,/mnt/shared/zechuan/iraod_artifacts/comparison/dior/clean/seed_42/0f98a48/methods/A/eval_full_clean_ids_v1/class_ap.txt
DIOR,clean,A,42,source,dam,0.021,printed class_ap.txt (typically 3 decimals),0.021,0.021,complete,/mnt/shared/zechuan/iraod_artifacts/comparison/dior/clean/seed_42/0f98a48/methods/A/eval_full_clean_ids_v1/class_ap.txt
DIOR,clean,A,42,source,golffield,0.277,printed class_ap.txt (typically 3 decimals),0.277,0.277,complete,/mnt/shared/zechuan/iraod_artifacts/comparison/dior/clean/seed_42/0f98a48/methods/A/eval_full_clean_ids_v1/class_ap.txt
DIOR,clean,A,42,source,groundtrackfield,0.248,printed class_ap.txt (typically 3 decimals),0.248,0.248,complete,/mnt/shared/zechuan/iraod_artifacts/comparison/dior/clean/seed_42/0f98a48/methods/A/eval_full_clean_ids_v1/class_ap.txt
DIOR,clean,A,42,source,harbor,0.118,printed class_ap.txt (typically 3 decimals),0.118,0.118,complete,/mnt/shared/zechuan/iraod_artifacts/comparison/dior/clean/seed_42/0f98a48/methods/A/eval_full_clean_ids_v1/class_ap.txt
DIOR,clean,A,42,source,overpass,0.179,printed class_ap.txt (typically 3 decimals),0.179,0.179,complete,/mnt/shared/zechuan/iraod_artifacts/comparison/dior/clean/seed_42/0f98a48/methods/A/eval_full_clean_ids_v1/class_ap.txt
DIOR,clean,A,42,source,ship,0.703,printed class_ap.txt (typically 3 decimals),0.703,0.703,complete,/mnt/shared/zechuan/iraod_artifacts/comparison/dior/clean/seed_42/0f98a48/methods/A/eval_full_clean_ids_v1/class_ap.txt
DIOR,clean,A,42,source,stadium,0.264,printed class_ap.txt (typically 3 decimals),0.264,0.264,complete,/mnt/shared/zechuan/iraod_artifacts/comparison/dior/clean/seed_42/0f98a48/methods/A/eval_full_clean_ids_v1/class_ap.txt
DIOR,clean,A,42,source,storagetank,0.485,printed class_ap.txt (typically 3 decimals),0.485,0.485,complete,/mnt/shared/zechuan/iraod_artifacts/comparison/dior/clean/seed_42/0f98a48/methods/A/eval_full_clean_ids_v1/class_ap.txt
DIOR,clean,A,42,source,tenniscourt,0.618,printed class_ap.txt (typically 3 decimals),0.618,0.618,complete,/mnt/shared/zechuan/iraod_artifacts/comparison/dior/clean/seed_42/0f98a48/methods/A/eval_full_clean_ids_v1/class_ap.txt
DIOR,clean,A,42,source,trainstation,0.081,printed class_ap.txt (typically 3 decimals),0.081,0.081,complete,/mnt/shared/zechuan/iraod_artifacts/comparison/dior/clean/seed_42/0f98a48/methods/A/eval_full_clean_ids_v1/class_ap.txt
DIOR,clean,A,42,source,vehicle,0.303,printed class_ap.txt (typically 3 decimals),0.303,0.303,complete,/mnt/shared/zechuan/iraod_artifacts/comparison/dior/clean/seed_42/0f98a48/methods/A/eval_full_clean_ids_v1/class_ap.txt
DIOR,clean,A,42,source,windmill,0.195,printed class_ap.txt (typically 3 decimals),0.195,0.195,complete,/mnt/shared/zechuan/iraod_artifacts/comparison/dior/clean/seed_42/0f98a48/methods/A/eval_full_clean_ids_v1/class_ap.txt
DIOR,clean,B,42,ema,airplane,0.486,printed class_ap.txt (typically 3 decimals),,,complete,/mnt/shared/zechuan/iraod_artifacts/comparison/dior/clean/seed_42/0f98a48/methods/B/eval_full_clean_ids_v1/class_ap.txt
DIOR,clean,B,42,ema,airport,0.014,printed class_ap.txt (typically 3 decimals),,,complete,/mnt/shared/zechuan/iraod_artifacts/comparison/dior/clean/seed_42/0f98a48/methods/B/eval_full_clean_ids_v1/class_ap.txt
DIOR,clean,B,42,ema,baseballfield,0.531,printed class_ap.txt (typically 3 decimals),,,complete,/mnt/shared/zechuan/iraod_artifacts/comparison/dior/clean/seed_42/0f98a48/methods/B/eval_full_clean_ids_v1/class_ap.txt
DIOR,clean,B,42,ema,basketballcourt,0.377,printed class_ap.txt (typically 3 decimals),,,complete,/mnt/shared/zechuan/iraod_artifacts/comparison/dior/clean/seed_42/0f98a48/methods/B/eval_full_clean_ids_v1/class_ap.txt
DIOR,clean,B,42,ema,bridge,0.116,printed class_ap.txt (typically 3 decimals),,,complete,/mnt/shared/zechuan/iraod_artifacts/comparison/dior/clean/seed_42/0f98a48/methods/B/eval_full_clean_ids_v1/class_ap.txt
DIOR,clean,B,42,ema,chimney,0.424,printed class_ap.txt (typically 3 decimals),,,complete,/mnt/shared/zechuan/iraod_artifacts/comparison/dior/clean/seed_42/0f98a48/methods/B/eval_full_clean_ids_v1/class_ap.txt
DIOR,clean,B,42,ema,expressway-service-area,0.277,printed class_ap.txt (typically 3 decimals),,,complete,/mnt/shared/zechuan/iraod_artifacts/comparison/dior/clean/seed_42/0f98a48/methods/B/eval_full_clean_ids_v1/class_ap.txt
DIOR,clean,B,42,ema,expressway-toll-station,0.193,printed class_ap.txt (typically 3 decimals),,,complete,/mnt/shared/zechuan/iraod_artifacts/comparison/dior/clean/seed_42/0f98a48/methods/B/eval_full_clean_ids_v1/class_ap.txt
DIOR,clean,B,42,ema,dam,0.024,printed class_ap.txt (typically 3 decimals),,,complete,/mnt/shared/zechuan/iraod_artifacts/comparison/dior/clean/seed_42/0f98a48/methods/B/eval_full_clean_ids_v1/class_ap.txt
DIOR,clean,B,42,ema,golffield,0.274,printed class_ap.txt (typically 3 decimals),,,complete,/mnt/shared/zechuan/iraod_artifacts/comparison/dior/clean/seed_42/0f98a48/methods/B/eval_full_clean_ids_v1/class_ap.txt
DIOR,clean,B,42,ema,groundtrackfield,0.246,printed class_ap.txt (typically 3 decimals),,,complete,/mnt/shared/zechuan/iraod_artifacts/comparison/dior/clean/seed_42/0f98a48/methods/B/eval_full_clean_ids_v1/class_ap.txt
DIOR,clean,B,42,ema,harbor,0.139,printed class_ap.txt (typically 3 decimals),,,complete,/mnt/shared/zechuan/iraod_artifacts/comparison/dior/clean/seed_42/0f98a48/methods/B/eval_full_clean_ids_v1/class_ap.txt
DIOR,clean,B,42,ema,overpass,0.18,printed class_ap.txt (typically 3 decimals),,,complete,/mnt/shared/zechuan/iraod_artifacts/comparison/dior/clean/seed_42/0f98a48/methods/B/eval_full_clean_ids_v1/class_ap.txt
DIOR,clean,B,42,ema,ship,0.703,printed class_ap.txt (typically 3 decimals),,,complete,/mnt/shared/zechuan/iraod_artifacts/comparison/dior/clean/seed_42/0f98a48/methods/B/eval_full_clean_ids_v1/class_ap.txt
DIOR,clean,B,42,ema,stadium,0.269,printed class_ap.txt (typically 3 decimals),,,complete,/mnt/shared/zechuan/iraod_artifacts/comparison/dior/clean/seed_42/0f98a48/methods/B/eval_full_clean_ids_v1/class_ap.txt
DIOR,clean,B,42,ema,storagetank,0.479,printed class_ap.txt (typically 3 decimals),,,complete,/mnt/shared/zechuan/iraod_artifacts/comparison/dior/clean/seed_42/0f98a48/methods/B/eval_full_clean_ids_v1/class_ap.txt
DIOR,clean,B,42,ema,tenniscourt,0.618,printed class_ap.txt (typically 3 decimals),,,complete,/mnt/shared/zechuan/iraod_artifacts/comparison/dior/clean/seed_42/0f98a48/methods/B/eval_full_clean_ids_v1/class_ap.txt
DIOR,clean,B,42,ema,trainstation,0.095,printed class_ap.txt (typically 3 decimals),,,complete,/mnt/shared/zechuan/iraod_artifacts/comparison/dior/clean/seed_42/0f98a48/methods/B/eval_full_clean_ids_v1/class_ap.txt
DIOR,clean,B,42,ema,vehicle,0.304,printed class_ap.txt (typically 3 decimals),,,complete,/mnt/shared/zechuan/iraod_artifacts/comparison/dior/clean/seed_42/0f98a48/methods/B/eval_full_clean_ids_v1/class_ap.txt
DIOR,clean,B,42,ema,windmill,0.189,printed class_ap.txt (typically 3 decimals),,,complete,/mnt/shared/zechuan/iraod_artifacts/comparison/dior/clean/seed_42/0f98a48/methods/B/eval_full_clean_ids_v1/class_ap.txt
DIOR,clean,B,43,ema,airplane,0.487,printed class_ap.txt (typically 3 decimals),,,complete,/mnt/shared/zechuan/iraod_artifacts/comparison/dior/clean/seed_43/0f98a48/methods/B/eval_full_clean_ids_v1/class_ap.txt
DIOR,clean,B,43,ema,airport,0.045,printed class_ap.txt (typically 3 decimals),,,complete,/mnt/shared/zechuan/iraod_artifacts/comparison/dior/clean/seed_43/0f98a48/methods/B/eval_full_clean_ids_v1/class_ap.txt
DIOR,clean,B,43,ema,baseballfield,0.531,printed class_ap.txt (typically 3 decimals),,,complete,/mnt/shared/zechuan/iraod_artifacts/comparison/dior/clean/seed_43/0f98a48/methods/B/eval_full_clean_ids_v1/class_ap.txt
DIOR,clean,B,43,ema,basketballcourt,0.379,printed class_ap.txt (typically 3 decimals),,,complete,/mnt/shared/zechuan/iraod_artifacts/comparison/dior/clean/seed_43/0f98a48/methods/B/eval_full_clean_ids_v1/class_ap.txt
DIOR,clean,B,43,ema,bridge,0.117,printed class_ap.txt (typically 3 decimals),,,complete,/mnt/shared/zechuan/iraod_artifacts/comparison/dior/clean/seed_43/0f98a48/methods/B/eval_full_clean_ids_v1/class_ap.txt
DIOR,clean,B,43,ema,chimney,0.427,printed class_ap.txt (typically 3 decimals),,,complete,/mnt/shared/zechuan/iraod_artifacts/comparison/dior/clean/seed_43/0f98a48/methods/B/eval_full_clean_ids_v1/class_ap.txt
DIOR,clean,B,43,ema,expressway-service-area,0.278,printed class_ap.txt (typically 3 decimals),,,complete,/mnt/shared/zechuan/iraod_artifacts/comparison/dior/clean/seed_43/0f98a48/methods/B/eval_full_clean_ids_v1/class_ap.txt
DIOR,clean,B,43,ema,expressway-toll-station,0.195,printed class_ap.txt (typically 3 decimals),,,complete,/mnt/shared/zechuan/iraod_artifacts/comparison/dior/clean/seed_43/0f98a48/methods/B/eval_full_clean_ids_v1/class_ap.txt
DIOR,clean,B,43,ema,dam,0.023,printed class_ap.txt (typically 3 decimals),,,complete,/mnt/shared/zechuan/iraod_artifacts/comparison/dior/clean/seed_43/0f98a48/methods/B/eval_full_clean_ids_v1/class_ap.txt
DIOR,clean,B,43,ema,golffield,0.28,printed class_ap.txt (typically 3 decimals),,,complete,/mnt/shared/zechuan/iraod_artifacts/comparison/dior/clean/seed_43/0f98a48/methods/B/eval_full_clean_ids_v1/class_ap.txt
DIOR,clean,B,43,ema,groundtrackfield,0.246,printed class_ap.txt (typically 3 decimals),,,complete,/mnt/shared/zechuan/iraod_artifacts/comparison/dior/clean/seed_43/0f98a48/methods/B/eval_full_clean_ids_v1/class_ap.txt
DIOR,clean,B,43,ema,harbor,0.136,printed class_ap.txt (typically 3 decimals),,,complete,/mnt/shared/zechuan/iraod_artifacts/comparison/dior/clean/seed_43/0f98a48/methods/B/eval_full_clean_ids_v1/class_ap.txt
DIOR,clean,B,43,ema,overpass,0.178,printed class_ap.txt (typically 3 decimals),,,complete,/mnt/shared/zechuan/iraod_artifacts/comparison/dior/clean/seed_43/0f98a48/methods/B/eval_full_clean_ids_v1/class_ap.txt
DIOR,clean,B,43,ema,ship,0.703,printed class_ap.txt (typically 3 decimals),,,complete,/mnt/shared/zechuan/iraod_artifacts/comparison/dior/clean/seed_43/0f98a48/methods/B/eval_full_clean_ids_v1/class_ap.txt
DIOR,clean,B,43,ema,stadium,0.271,printed class_ap.txt (typically 3 decimals),,,complete,/mnt/shared/zechuan/iraod_artifacts/comparison/dior/clean/seed_43/0f98a48/methods/B/eval_full_clean_ids_v1/class_ap.txt
DIOR,clean,B,43,ema,storagetank,0.48,printed class_ap.txt (typically 3 decimals),,,complete,/mnt/shared/zechuan/iraod_artifacts/comparison/dior/clean/seed_43/0f98a48/methods/B/eval_full_clean_ids_v1/class_ap.txt
DIOR,clean,B,43,ema,tenniscourt,0.619,printed class_ap.txt (typically 3 decimals),,,complete,/mnt/shared/zechuan/iraod_artifacts/comparison/dior/clean/seed_43/0f98a48/methods/B/eval_full_clean_ids_v1/class_ap.txt
DIOR,clean,B,43,ema,trainstation,0.089,printed class_ap.txt (typically 3 decimals),,,complete,/mnt/shared/zechuan/iraod_artifacts/comparison/dior/clean/seed_43/0f98a48/methods/B/eval_full_clean_ids_v1/class_ap.txt
DIOR,clean,B,43,ema,vehicle,0.304,printed class_ap.txt (typically 3 decimals),,,complete,/mnt/shared/zechuan/iraod_artifacts/comparison/dior/clean/seed_43/0f98a48/methods/B/eval_full_clean_ids_v1/class_ap.txt
DIOR,clean,B,43,ema,windmill,0.19,printed class_ap.txt (typically 3 decimals),,,complete,/mnt/shared/zechuan/iraod_artifacts/comparison/dior/clean/seed_43/0f98a48/methods/B/eval_full_clean_ids_v1/class_ap.txt
DIOR,clean,B,44,ema,airplane,0.487,printed class_ap.txt (typically 3 decimals),,,complete,/mnt/shared/zechuan/iraod_artifacts/comparison/dior/clean/seed_44/0f98a48/methods/B/eval_full_clean_ids_v1/class_ap.txt
DIOR,clean,B,44,ema,airport,0.013,printed class_ap.txt (typically 3 decimals),,,complete,/mnt/shared/zechuan/iraod_artifacts/comparison/dior/clean/seed_44/0f98a48/methods/B/eval_full_clean_ids_v1/class_ap.txt
DIOR,clean,B,44,ema,baseballfield,0.531,printed class_ap.txt (typically 3 decimals),,,complete,/mnt/shared/zechuan/iraod_artifacts/comparison/dior/clean/seed_44/0f98a48/methods/B/eval_full_clean_ids_v1/class_ap.txt
DIOR,clean,B,44,ema,basketballcourt,0.381,printed class_ap.txt (typically 3 decimals),,,complete,/mnt/shared/zechuan/iraod_artifacts/comparison/dior/clean/seed_44/0f98a48/methods/B/eval_full_clean_ids_v1/class_ap.txt
DIOR,clean,B,44,ema,bridge,0.116,printed class_ap.txt (typically 3 decimals),,,complete,/mnt/shared/zechuan/iraod_artifacts/comparison/dior/clean/seed_44/0f98a48/methods/B/eval_full_clean_ids_v1/class_ap.txt
DIOR,clean,B,44,ema,chimney,0.429,printed class_ap.txt (typically 3 decimals),,,complete,/mnt/shared/zechuan/iraod_artifacts/comparison/dior/clean/seed_44/0f98a48/methods/B/eval_full_clean_ids_v1/class_ap.txt
DIOR,clean,B,44,ema,expressway-service-area,0.28,printed class_ap.txt (typically 3 decimals),,,complete,/mnt/shared/zechuan/iraod_artifacts/comparison/dior/clean/seed_44/0f98a48/methods/B/eval_full_clean_ids_v1/class_ap.txt
DIOR,clean,B,44,ema,expressway-toll-station,0.193,printed class_ap.txt (typically 3 decimals),,,complete,/mnt/shared/zechuan/iraod_artifacts/comparison/dior/clean/seed_44/0f98a48/methods/B/eval_full_clean_ids_v1/class_ap.txt
DIOR,clean,B,44,ema,dam,0.023,printed class_ap.txt (typically 3 decimals),,,complete,/mnt/shared/zechuan/iraod_artifacts/comparison/dior/clean/seed_44/0f98a48/methods/B/eval_full_clean_ids_v1/class_ap.txt
DIOR,clean,B,44,ema,golffield,0.273,printed class_ap.txt (typically 3 decimals),,,complete,/mnt/shared/zechuan/iraod_artifacts/comparison/dior/clean/seed_44/0f98a48/methods/B/eval_full_clean_ids_v1/class_ap.txt
DIOR,clean,B,44,ema,groundtrackfield,0.246,printed class_ap.txt (typically 3 decimals),,,complete,/mnt/shared/zechuan/iraod_artifacts/comparison/dior/clean/seed_44/0f98a48/methods/B/eval_full_clean_ids_v1/class_ap.txt
DIOR,clean,B,44,ema,harbor,0.139,printed class_ap.txt (typically 3 decimals),,,complete,/mnt/shared/zechuan/iraod_artifacts/comparison/dior/clean/seed_44/0f98a48/methods/B/eval_full_clean_ids_v1/class_ap.txt
DIOR,clean,B,44,ema,overpass,0.179,printed class_ap.txt (typically 3 decimals),,,complete,/mnt/shared/zechuan/iraod_artifacts/comparison/dior/clean/seed_44/0f98a48/methods/B/eval_full_clean_ids_v1/class_ap.txt
DIOR,clean,B,44,ema,ship,0.703,printed class_ap.txt (typically 3 decimals),,,complete,/mnt/shared/zechuan/iraod_artifacts/comparison/dior/clean/seed_44/0f98a48/methods/B/eval_full_clean_ids_v1/class_ap.txt
DIOR,clean,B,44,ema,stadium,0.27,printed class_ap.txt (typically 3 decimals),,,complete,/mnt/shared/zechuan/iraod_artifacts/comparison/dior/clean/seed_44/0f98a48/methods/B/eval_full_clean_ids_v1/class_ap.txt
DIOR,clean,B,44,ema,storagetank,0.48,printed class_ap.txt (typically 3 decimals),,,complete,/mnt/shared/zechuan/iraod_artifacts/comparison/dior/clean/seed_44/0f98a48/methods/B/eval_full_clean_ids_v1/class_ap.txt
DIOR,clean,B,44,ema,tenniscourt,0.619,printed class_ap.txt (typically 3 decimals),,,complete,/mnt/shared/zechuan/iraod_artifacts/comparison/dior/clean/seed_44/0f98a48/methods/B/eval_full_clean_ids_v1/class_ap.txt
DIOR,clean,B,44,ema,trainstation,0.097,printed class_ap.txt (typically 3 decimals),,,complete,/mnt/shared/zechuan/iraod_artifacts/comparison/dior/clean/seed_44/0f98a48/methods/B/eval_full_clean_ids_v1/class_ap.txt
DIOR,clean,B,44,ema,vehicle,0.304,printed class_ap.txt (typically 3 decimals),,,complete,/mnt/shared/zechuan/iraod_artifacts/comparison/dior/clean/seed_44/0f98a48/methods/B/eval_full_clean_ids_v1/class_ap.txt
DIOR,clean,B,44,ema,windmill,0.208,printed class_ap.txt (typically 3 decimals),,,complete,/mnt/shared/zechuan/iraod_artifacts/comparison/dior/clean/seed_44/0f98a48/methods/B/eval_full_clean_ids_v1/class_ap.txt
DIOR,clean,C,42,ema,airplane,0.486,printed class_ap.txt (typically 3 decimals),,,complete,/mnt/shared/zechuan/iraod_artifacts/comparison/dior/clean/seed_42/0f98a48/methods/C/eval_full_clean_ids_v1/class_ap.txt
DIOR,clean,C,42,ema,airport,0.018,printed class_ap.txt (typically 3 decimals),,,complete,/mnt/shared/zechuan/iraod_artifacts/comparison/dior/clean/seed_42/0f98a48/methods/C/eval_full_clean_ids_v1/class_ap.txt
DIOR,clean,C,42,ema,baseballfield,0.531,printed class_ap.txt (typically 3 decimals),,,complete,/mnt/shared/zechuan/iraod_artifacts/comparison/dior/clean/seed_42/0f98a48/methods/C/eval_full_clean_ids_v1/class_ap.txt
DIOR,clean,C,42,ema,basketballcourt,0.376,printed class_ap.txt (typically 3 decimals),,,complete,/mnt/shared/zechuan/iraod_artifacts/comparison/dior/clean/seed_42/0f98a48/methods/C/eval_full_clean_ids_v1/class_ap.txt
DIOR,clean,C,42,ema,bridge,0.117,printed class_ap.txt (typically 3 decimals),,,complete,/mnt/shared/zechuan/iraod_artifacts/comparison/dior/clean/seed_42/0f98a48/methods/C/eval_full_clean_ids_v1/class_ap.txt
DIOR,clean,C,42,ema,chimney,0.428,printed class_ap.txt (typically 3 decimals),,,complete,/mnt/shared/zechuan/iraod_artifacts/comparison/dior/clean/seed_42/0f98a48/methods/C/eval_full_clean_ids_v1/class_ap.txt
DIOR,clean,C,42,ema,expressway-service-area,0.279,printed class_ap.txt (typically 3 decimals),,,complete,/mnt/shared/zechuan/iraod_artifacts/comparison/dior/clean/seed_42/0f98a48/methods/C/eval_full_clean_ids_v1/class_ap.txt
DIOR,clean,C,42,ema,expressway-toll-station,0.189,printed class_ap.txt (typically 3 decimals),,,complete,/mnt/shared/zechuan/iraod_artifacts/comparison/dior/clean/seed_42/0f98a48/methods/C/eval_full_clean_ids_v1/class_ap.txt
DIOR,clean,C,42,ema,dam,0.02,printed class_ap.txt (typically 3 decimals),,,complete,/mnt/shared/zechuan/iraod_artifacts/comparison/dior/clean/seed_42/0f98a48/methods/C/eval_full_clean_ids_v1/class_ap.txt
DIOR,clean,C,42,ema,golffield,0.268,printed class_ap.txt (typically 3 decimals),,,complete,/mnt/shared/zechuan/iraod_artifacts/comparison/dior/clean/seed_42/0f98a48/methods/C/eval_full_clean_ids_v1/class_ap.txt
DIOR,clean,C,42,ema,groundtrackfield,0.247,printed class_ap.txt (typically 3 decimals),,,complete,/mnt/shared/zechuan/iraod_artifacts/comparison/dior/clean/seed_42/0f98a48/methods/C/eval_full_clean_ids_v1/class_ap.txt
DIOR,clean,C,42,ema,harbor,0.107,printed class_ap.txt (typically 3 decimals),,,complete,/mnt/shared/zechuan/iraod_artifacts/comparison/dior/clean/seed_42/0f98a48/methods/C/eval_full_clean_ids_v1/class_ap.txt
DIOR,clean,C,42,ema,overpass,0.18,printed class_ap.txt (typically 3 decimals),,,complete,/mnt/shared/zechuan/iraod_artifacts/comparison/dior/clean/seed_42/0f98a48/methods/C/eval_full_clean_ids_v1/class_ap.txt
DIOR,clean,C,42,ema,ship,0.7,printed class_ap.txt (typically 3 decimals),,,complete,/mnt/shared/zechuan/iraod_artifacts/comparison/dior/clean/seed_42/0f98a48/methods/C/eval_full_clean_ids_v1/class_ap.txt
DIOR,clean,C,42,ema,stadium,0.278,printed class_ap.txt (typically 3 decimals),,,complete,/mnt/shared/zechuan/iraod_artifacts/comparison/dior/clean/seed_42/0f98a48/methods/C/eval_full_clean_ids_v1/class_ap.txt
DIOR,clean,C,42,ema,storagetank,0.478,printed class_ap.txt (typically 3 decimals),,,complete,/mnt/shared/zechuan/iraod_artifacts/comparison/dior/clean/seed_42/0f98a48/methods/C/eval_full_clean_ids_v1/class_ap.txt
DIOR,clean,C,42,ema,tenniscourt,0.618,printed class_ap.txt (typically 3 decimals),,,complete,/mnt/shared/zechuan/iraod_artifacts/comparison/dior/clean/seed_42/0f98a48/methods/C/eval_full_clean_ids_v1/class_ap.txt
DIOR,clean,C,42,ema,trainstation,0.104,printed class_ap.txt (typically 3 decimals),,,complete,/mnt/shared/zechuan/iraod_artifacts/comparison/dior/clean/seed_42/0f98a48/methods/C/eval_full_clean_ids_v1/class_ap.txt
DIOR,clean,C,42,ema,vehicle,0.303,printed class_ap.txt (typically 3 decimals),,,complete,/mnt/shared/zechuan/iraod_artifacts/comparison/dior/clean/seed_42/0f98a48/methods/C/eval_full_clean_ids_v1/class_ap.txt
DIOR,clean,C,42,ema,windmill,0.184,printed class_ap.txt (typically 3 decimals),,,complete,/mnt/shared/zechuan/iraod_artifacts/comparison/dior/clean/seed_42/0f98a48/methods/C/eval_full_clean_ids_v1/class_ap.txt
DIOR,clean,C,43,ema,airplane,0.485,printed class_ap.txt (typically 3 decimals),,,complete,/mnt/shared/zechuan/iraod_artifacts/comparison/dior/clean/seed_43/0f98a48/methods/C/eval_full_clean_ids_v1/class_ap.txt
DIOR,clean,C,43,ema,airport,0.015,printed class_ap.txt (typically 3 decimals),,,complete,/mnt/shared/zechuan/iraod_artifacts/comparison/dior/clean/seed_43/0f98a48/methods/C/eval_full_clean_ids_v1/class_ap.txt
DIOR,clean,C,43,ema,baseballfield,0.53,printed class_ap.txt (typically 3 decimals),,,complete,/mnt/shared/zechuan/iraod_artifacts/comparison/dior/clean/seed_43/0f98a48/methods/C/eval_full_clean_ids_v1/class_ap.txt
DIOR,clean,C,43,ema,basketballcourt,0.37,printed class_ap.txt (typically 3 decimals),,,complete,/mnt/shared/zechuan/iraod_artifacts/comparison/dior/clean/seed_43/0f98a48/methods/C/eval_full_clean_ids_v1/class_ap.txt
DIOR,clean,C,43,ema,bridge,0.115,printed class_ap.txt (typically 3 decimals),,,complete,/mnt/shared/zechuan/iraod_artifacts/comparison/dior/clean/seed_43/0f98a48/methods/C/eval_full_clean_ids_v1/class_ap.txt
DIOR,clean,C,43,ema,chimney,0.431,printed class_ap.txt (typically 3 decimals),,,complete,/mnt/shared/zechuan/iraod_artifacts/comparison/dior/clean/seed_43/0f98a48/methods/C/eval_full_clean_ids_v1/class_ap.txt
DIOR,clean,C,43,ema,expressway-service-area,0.279,printed class_ap.txt (typically 3 decimals),,,complete,/mnt/shared/zechuan/iraod_artifacts/comparison/dior/clean/seed_43/0f98a48/methods/C/eval_full_clean_ids_v1/class_ap.txt
DIOR,clean,C,43,ema,expressway-toll-station,0.195,printed class_ap.txt (typically 3 decimals),,,complete,/mnt/shared/zechuan/iraod_artifacts/comparison/dior/clean/seed_43/0f98a48/methods/C/eval_full_clean_ids_v1/class_ap.txt
DIOR,clean,C,43,ema,dam,0.02,printed class_ap.txt (typically 3 decimals),,,complete,/mnt/shared/zechuan/iraod_artifacts/comparison/dior/clean/seed_43/0f98a48/methods/C/eval_full_clean_ids_v1/class_ap.txt
DIOR,clean,C,43,ema,golffield,0.27,printed class_ap.txt (typically 3 decimals),,,complete,/mnt/shared/zechuan/iraod_artifacts/comparison/dior/clean/seed_43/0f98a48/methods/C/eval_full_clean_ids_v1/class_ap.txt
DIOR,clean,C,43,ema,groundtrackfield,0.246,printed class_ap.txt (typically 3 decimals),,,complete,/mnt/shared/zechuan/iraod_artifacts/comparison/dior/clean/seed_43/0f98a48/methods/C/eval_full_clean_ids_v1/class_ap.txt
DIOR,clean,C,43,ema,harbor,0.136,printed class_ap.txt (typically 3 decimals),,,complete,/mnt/shared/zechuan/iraod_artifacts/comparison/dior/clean/seed_43/0f98a48/methods/C/eval_full_clean_ids_v1/class_ap.txt
DIOR,clean,C,43,ema,overpass,0.179,printed class_ap.txt (typically 3 decimals),,,complete,/mnt/shared/zechuan/iraod_artifacts/comparison/dior/clean/seed_43/0f98a48/methods/C/eval_full_clean_ids_v1/class_ap.txt
DIOR,clean,C,43,ema,ship,0.701,printed class_ap.txt (typically 3 decimals),,,complete,/mnt/shared/zechuan/iraod_artifacts/comparison/dior/clean/seed_43/0f98a48/methods/C/eval_full_clean_ids_v1/class_ap.txt
DIOR,clean,C,43,ema,stadium,0.278,printed class_ap.txt (typically 3 decimals),,,complete,/mnt/shared/zechuan/iraod_artifacts/comparison/dior/clean/seed_43/0f98a48/methods/C/eval_full_clean_ids_v1/class_ap.txt
DIOR,clean,C,43,ema,storagetank,0.476,printed class_ap.txt (typically 3 decimals),,,complete,/mnt/shared/zechuan/iraod_artifacts/comparison/dior/clean/seed_43/0f98a48/methods/C/eval_full_clean_ids_v1/class_ap.txt
DIOR,clean,C,43,ema,tenniscourt,0.618,printed class_ap.txt (typically 3 decimals),,,complete,/mnt/shared/zechuan/iraod_artifacts/comparison/dior/clean/seed_43/0f98a48/methods/C/eval_full_clean_ids_v1/class_ap.txt
DIOR,clean,C,43,ema,trainstation,0.098,printed class_ap.txt (typically 3 decimals),,,complete,/mnt/shared/zechuan/iraod_artifacts/comparison/dior/clean/seed_43/0f98a48/methods/C/eval_full_clean_ids_v1/class_ap.txt
DIOR,clean,C,43,ema,vehicle,0.302,printed class_ap.txt (typically 3 decimals),,,complete,/mnt/shared/zechuan/iraod_artifacts/comparison/dior/clean/seed_43/0f98a48/methods/C/eval_full_clean_ids_v1/class_ap.txt
DIOR,clean,C,43,ema,windmill,0.19,printed class_ap.txt (typically 3 decimals),,,complete,/mnt/shared/zechuan/iraod_artifacts/comparison/dior/clean/seed_43/0f98a48/methods/C/eval_full_clean_ids_v1/class_ap.txt
DIOR,clean,C,44,ema,airplane,0.486,printed class_ap.txt (typically 3 decimals),,,complete,/mnt/shared/zechuan/iraod_artifacts/comparison/dior/clean/seed_44/0f98a48/methods/C/eval_full_clean_ids_v1/class_ap.txt
DIOR,clean,C,44,ema,airport,0.023,printed class_ap.txt (typically 3 decimals),,,complete,/mnt/shared/zechuan/iraod_artifacts/comparison/dior/clean/seed_44/0f98a48/methods/C/eval_full_clean_ids_v1/class_ap.txt
DIOR,clean,C,44,ema,baseballfield,0.53,printed class_ap.txt (typically 3 decimals),,,complete,/mnt/shared/zechuan/iraod_artifacts/comparison/dior/clean/seed_44/0f98a48/methods/C/eval_full_clean_ids_v1/class_ap.txt
DIOR,clean,C,44,ema,basketballcourt,0.38,printed class_ap.txt (typically 3 decimals),,,complete,/mnt/shared/zechuan/iraod_artifacts/comparison/dior/clean/seed_44/0f98a48/methods/C/eval_full_clean_ids_v1/class_ap.txt
DIOR,clean,C,44,ema,bridge,0.116,printed class_ap.txt (typically 3 decimals),,,complete,/mnt/shared/zechuan/iraod_artifacts/comparison/dior/clean/seed_44/0f98a48/methods/C/eval_full_clean_ids_v1/class_ap.txt
DIOR,clean,C,44,ema,chimney,0.428,printed class_ap.txt (typically 3 decimals),,,complete,/mnt/shared/zechuan/iraod_artifacts/comparison/dior/clean/seed_44/0f98a48/methods/C/eval_full_clean_ids_v1/class_ap.txt
DIOR,clean,C,44,ema,expressway-service-area,0.279,printed class_ap.txt (typically 3 decimals),,,complete,/mnt/shared/zechuan/iraod_artifacts/comparison/dior/clean/seed_44/0f98a48/methods/C/eval_full_clean_ids_v1/class_ap.txt
DIOR,clean,C,44,ema,expressway-toll-station,0.197,printed class_ap.txt (typically 3 decimals),,,complete,/mnt/shared/zechuan/iraod_artifacts/comparison/dior/clean/seed_44/0f98a48/methods/C/eval_full_clean_ids_v1/class_ap.txt
DIOR,clean,C,44,ema,dam,0.022,printed class_ap.txt (typically 3 decimals),,,complete,/mnt/shared/zechuan/iraod_artifacts/comparison/dior/clean/seed_44/0f98a48/methods/C/eval_full_clean_ids_v1/class_ap.txt
DIOR,clean,C,44,ema,golffield,0.27,printed class_ap.txt (typically 3 decimals),,,complete,/mnt/shared/zechuan/iraod_artifacts/comparison/dior/clean/seed_44/0f98a48/methods/C/eval_full_clean_ids_v1/class_ap.txt
DIOR,clean,C,44,ema,groundtrackfield,0.248,printed class_ap.txt (typically 3 decimals),,,complete,/mnt/shared/zechuan/iraod_artifacts/comparison/dior/clean/seed_44/0f98a48/methods/C/eval_full_clean_ids_v1/class_ap.txt
DIOR,clean,C,44,ema,harbor,0.108,printed class_ap.txt (typically 3 decimals),,,complete,/mnt/shared/zechuan/iraod_artifacts/comparison/dior/clean/seed_44/0f98a48/methods/C/eval_full_clean_ids_v1/class_ap.txt
DIOR,clean,C,44,ema,overpass,0.18,printed class_ap.txt (typically 3 decimals),,,complete,/mnt/shared/zechuan/iraod_artifacts/comparison/dior/clean/seed_44/0f98a48/methods/C/eval_full_clean_ids_v1/class_ap.txt
DIOR,clean,C,44,ema,ship,0.701,printed class_ap.txt (typically 3 decimals),,,complete,/mnt/shared/zechuan/iraod_artifacts/comparison/dior/clean/seed_44/0f98a48/methods/C/eval_full_clean_ids_v1/class_ap.txt
DIOR,clean,C,44,ema,stadium,0.279,printed class_ap.txt (typically 3 decimals),,,complete,/mnt/shared/zechuan/iraod_artifacts/comparison/dior/clean/seed_44/0f98a48/methods/C/eval_full_clean_ids_v1/class_ap.txt
DIOR,clean,C,44,ema,storagetank,0.477,printed class_ap.txt (typically 3 decimals),,,complete,/mnt/shared/zechuan/iraod_artifacts/comparison/dior/clean/seed_44/0f98a48/methods/C/eval_full_clean_ids_v1/class_ap.txt
DIOR,clean,C,44,ema,tenniscourt,0.619,printed class_ap.txt (typically 3 decimals),,,complete,/mnt/shared/zechuan/iraod_artifacts/comparison/dior/clean/seed_44/0f98a48/methods/C/eval_full_clean_ids_v1/class_ap.txt
DIOR,clean,C,44,ema,trainstation,0.103,printed class_ap.txt (typically 3 decimals),,,complete,/mnt/shared/zechuan/iraod_artifacts/comparison/dior/clean/seed_44/0f98a48/methods/C/eval_full_clean_ids_v1/class_ap.txt
DIOR,clean,C,44,ema,vehicle,0.303,printed class_ap.txt (typically 3 decimals),,,complete,/mnt/shared/zechuan/iraod_artifacts/comparison/dior/clean/seed_44/0f98a48/methods/C/eval_full_clean_ids_v1/class_ap.txt
DIOR,clean,C,44,ema,windmill,0.208,printed class_ap.txt (typically 3 decimals),,,complete,/mnt/shared/zechuan/iraod_artifacts/comparison/dior/clean/seed_44/0f98a48/methods/C/eval_full_clean_ids_v1/class_ap.txt
DIOR,clean,D,42,ema,airplane,0.474,printed class_ap.txt (typically 3 decimals),,,complete,/mnt/shared/zechuan/iraod_artifacts/comparison/dior/clean/seed_42/0f98a48/methods/D/eval_full_clean_ids_v1/class_ap.txt
DIOR,clean,D,42,ema,airport,0.091,printed class_ap.txt (typically 3 decimals),,,complete,/mnt/shared/zechuan/iraod_artifacts/comparison/dior/clean/seed_42/0f98a48/methods/D/eval_full_clean_ids_v1/class_ap.txt
DIOR,clean,D,42,ema,baseballfield,0.53,printed class_ap.txt (typically 3 decimals),,,complete,/mnt/shared/zechuan/iraod_artifacts/comparison/dior/clean/seed_42/0f98a48/methods/D/eval_full_clean_ids_v1/class_ap.txt
DIOR,clean,D,42,ema,basketballcourt,0.369,printed class_ap.txt (typically 3 decimals),,,complete,/mnt/shared/zechuan/iraod_artifacts/comparison/dior/clean/seed_42/0f98a48/methods/D/eval_full_clean_ids_v1/class_ap.txt
DIOR,clean,D,42,ema,bridge,0.09,printed class_ap.txt (typically 3 decimals),,,complete,/mnt/shared/zechuan/iraod_artifacts/comparison/dior/clean/seed_42/0f98a48/methods/D/eval_full_clean_ids_v1/class_ap.txt
DIOR,clean,D,42,ema,chimney,0.433,printed class_ap.txt (typically 3 decimals),,,complete,/mnt/shared/zechuan/iraod_artifacts/comparison/dior/clean/seed_42/0f98a48/methods/D/eval_full_clean_ids_v1/class_ap.txt
DIOR,clean,D,42,ema,expressway-service-area,0.276,printed class_ap.txt (typically 3 decimals),,,complete,/mnt/shared/zechuan/iraod_artifacts/comparison/dior/clean/seed_42/0f98a48/methods/D/eval_full_clean_ids_v1/class_ap.txt
DIOR,clean,D,42,ema,expressway-toll-station,0.192,printed class_ap.txt (typically 3 decimals),,,complete,/mnt/shared/zechuan/iraod_artifacts/comparison/dior/clean/seed_42/0f98a48/methods/D/eval_full_clean_ids_v1/class_ap.txt
DIOR,clean,D,42,ema,dam,0.022,printed class_ap.txt (typically 3 decimals),,,complete,/mnt/shared/zechuan/iraod_artifacts/comparison/dior/clean/seed_42/0f98a48/methods/D/eval_full_clean_ids_v1/class_ap.txt
DIOR,clean,D,42,ema,golffield,0.267,printed class_ap.txt (typically 3 decimals),,,complete,/mnt/shared/zechuan/iraod_artifacts/comparison/dior/clean/seed_42/0f98a48/methods/D/eval_full_clean_ids_v1/class_ap.txt
DIOR,clean,D,42,ema,groundtrackfield,0.252,printed class_ap.txt (typically 3 decimals),,,complete,/mnt/shared/zechuan/iraod_artifacts/comparison/dior/clean/seed_42/0f98a48/methods/D/eval_full_clean_ids_v1/class_ap.txt
DIOR,clean,D,42,ema,harbor,0.138,printed class_ap.txt (typically 3 decimals),,,complete,/mnt/shared/zechuan/iraod_artifacts/comparison/dior/clean/seed_42/0f98a48/methods/D/eval_full_clean_ids_v1/class_ap.txt
DIOR,clean,D,42,ema,overpass,0.18,printed class_ap.txt (typically 3 decimals),,,complete,/mnt/shared/zechuan/iraod_artifacts/comparison/dior/clean/seed_42/0f98a48/methods/D/eval_full_clean_ids_v1/class_ap.txt
DIOR,clean,D,42,ema,ship,0.697,printed class_ap.txt (typically 3 decimals),,,complete,/mnt/shared/zechuan/iraod_artifacts/comparison/dior/clean/seed_42/0f98a48/methods/D/eval_full_clean_ids_v1/class_ap.txt
DIOR,clean,D,42,ema,stadium,0.273,printed class_ap.txt (typically 3 decimals),,,complete,/mnt/shared/zechuan/iraod_artifacts/comparison/dior/clean/seed_42/0f98a48/methods/D/eval_full_clean_ids_v1/class_ap.txt
DIOR,clean,D,42,ema,storagetank,0.475,printed class_ap.txt (typically 3 decimals),,,complete,/mnt/shared/zechuan/iraod_artifacts/comparison/dior/clean/seed_42/0f98a48/methods/D/eval_full_clean_ids_v1/class_ap.txt
DIOR,clean,D,42,ema,tenniscourt,0.617,printed class_ap.txt (typically 3 decimals),,,complete,/mnt/shared/zechuan/iraod_artifacts/comparison/dior/clean/seed_42/0f98a48/methods/D/eval_full_clean_ids_v1/class_ap.txt
DIOR,clean,D,42,ema,trainstation,0.128,printed class_ap.txt (typically 3 decimals),,,complete,/mnt/shared/zechuan/iraod_artifacts/comparison/dior/clean/seed_42/0f98a48/methods/D/eval_full_clean_ids_v1/class_ap.txt
DIOR,clean,D,42,ema,vehicle,0.297,printed class_ap.txt (typically 3 decimals),,,complete,/mnt/shared/zechuan/iraod_artifacts/comparison/dior/clean/seed_42/0f98a48/methods/D/eval_full_clean_ids_v1/class_ap.txt
DIOR,clean,D,42,ema,windmill,0.205,printed class_ap.txt (typically 3 decimals),,,complete,/mnt/shared/zechuan/iraod_artifacts/comparison/dior/clean/seed_42/0f98a48/methods/D/eval_full_clean_ids_v1/class_ap.txt
DIOR,clean,D,43,ema,airplane,0.433,printed class_ap.txt (typically 3 decimals),,,complete,/mnt/shared/zechuan/iraod_artifacts/comparison/dior/clean/seed_43/0f98a48/methods/D/eval_full_clean_ids_v1/class_ap.txt
DIOR,clean,D,43,ema,airport,0.091,printed class_ap.txt (typically 3 decimals),,,complete,/mnt/shared/zechuan/iraod_artifacts/comparison/dior/clean/seed_43/0f98a48/methods/D/eval_full_clean_ids_v1/class_ap.txt
DIOR,clean,D,43,ema,baseballfield,0.53,printed class_ap.txt (typically 3 decimals),,,complete,/mnt/shared/zechuan/iraod_artifacts/comparison/dior/clean/seed_43/0f98a48/methods/D/eval_full_clean_ids_v1/class_ap.txt
DIOR,clean,D,43,ema,basketballcourt,0.369,printed class_ap.txt (typically 3 decimals),,,complete,/mnt/shared/zechuan/iraod_artifacts/comparison/dior/clean/seed_43/0f98a48/methods/D/eval_full_clean_ids_v1/class_ap.txt
DIOR,clean,D,43,ema,bridge,0.098,printed class_ap.txt (typically 3 decimals),,,complete,/mnt/shared/zechuan/iraod_artifacts/comparison/dior/clean/seed_43/0f98a48/methods/D/eval_full_clean_ids_v1/class_ap.txt
DIOR,clean,D,43,ema,chimney,0.436,printed class_ap.txt (typically 3 decimals),,,complete,/mnt/shared/zechuan/iraod_artifacts/comparison/dior/clean/seed_43/0f98a48/methods/D/eval_full_clean_ids_v1/class_ap.txt
DIOR,clean,D,43,ema,expressway-service-area,0.276,printed class_ap.txt (typically 3 decimals),,,complete,/mnt/shared/zechuan/iraod_artifacts/comparison/dior/clean/seed_43/0f98a48/methods/D/eval_full_clean_ids_v1/class_ap.txt
DIOR,clean,D,43,ema,expressway-toll-station,0.187,printed class_ap.txt (typically 3 decimals),,,complete,/mnt/shared/zechuan/iraod_artifacts/comparison/dior/clean/seed_43/0f98a48/methods/D/eval_full_clean_ids_v1/class_ap.txt
DIOR,clean,D,43,ema,dam,0.045,printed class_ap.txt (typically 3 decimals),,,complete,/mnt/shared/zechuan/iraod_artifacts/comparison/dior/clean/seed_43/0f98a48/methods/D/eval_full_clean_ids_v1/class_ap.txt
DIOR,clean,D,43,ema,golffield,0.263,printed class_ap.txt (typically 3 decimals),,,complete,/mnt/shared/zechuan/iraod_artifacts/comparison/dior/clean/seed_43/0f98a48/methods/D/eval_full_clean_ids_v1/class_ap.txt
DIOR,clean,D,43,ema,groundtrackfield,0.251,printed class_ap.txt (typically 3 decimals),,,complete,/mnt/shared/zechuan/iraod_artifacts/comparison/dior/clean/seed_43/0f98a48/methods/D/eval_full_clean_ids_v1/class_ap.txt
DIOR,clean,D,43,ema,harbor,0.138,printed class_ap.txt (typically 3 decimals),,,complete,/mnt/shared/zechuan/iraod_artifacts/comparison/dior/clean/seed_43/0f98a48/methods/D/eval_full_clean_ids_v1/class_ap.txt
DIOR,clean,D,43,ema,overpass,0.182,printed class_ap.txt (typically 3 decimals),,,complete,/mnt/shared/zechuan/iraod_artifacts/comparison/dior/clean/seed_43/0f98a48/methods/D/eval_full_clean_ids_v1/class_ap.txt
DIOR,clean,D,43,ema,ship,0.699,printed class_ap.txt (typically 3 decimals),,,complete,/mnt/shared/zechuan/iraod_artifacts/comparison/dior/clean/seed_43/0f98a48/methods/D/eval_full_clean_ids_v1/class_ap.txt
DIOR,clean,D,43,ema,stadium,0.272,printed class_ap.txt (typically 3 decimals),,,complete,/mnt/shared/zechuan/iraod_artifacts/comparison/dior/clean/seed_43/0f98a48/methods/D/eval_full_clean_ids_v1/class_ap.txt
DIOR,clean,D,43,ema,storagetank,0.475,printed class_ap.txt (typically 3 decimals),,,complete,/mnt/shared/zechuan/iraod_artifacts/comparison/dior/clean/seed_43/0f98a48/methods/D/eval_full_clean_ids_v1/class_ap.txt
DIOR,clean,D,43,ema,tenniscourt,0.617,printed class_ap.txt (typically 3 decimals),,,complete,/mnt/shared/zechuan/iraod_artifacts/comparison/dior/clean/seed_43/0f98a48/methods/D/eval_full_clean_ids_v1/class_ap.txt
DIOR,clean,D,43,ema,trainstation,0.121,printed class_ap.txt (typically 3 decimals),,,complete,/mnt/shared/zechuan/iraod_artifacts/comparison/dior/clean/seed_43/0f98a48/methods/D/eval_full_clean_ids_v1/class_ap.txt
DIOR,clean,D,43,ema,vehicle,0.298,printed class_ap.txt (typically 3 decimals),,,complete,/mnt/shared/zechuan/iraod_artifacts/comparison/dior/clean/seed_43/0f98a48/methods/D/eval_full_clean_ids_v1/class_ap.txt
DIOR,clean,D,43,ema,windmill,0.206,printed class_ap.txt (typically 3 decimals),,,complete,/mnt/shared/zechuan/iraod_artifacts/comparison/dior/clean/seed_43/0f98a48/methods/D/eval_full_clean_ids_v1/class_ap.txt
DIOR,clean,D,44,ema,airplane,0.473,printed class_ap.txt (typically 3 decimals),,,complete,/mnt/shared/zechuan/iraod_artifacts/comparison/dior/clean/seed_44/0f98a48/methods/D/eval_full_clean_ids_v1/class_ap.txt
DIOR,clean,D,44,ema,airport,0.091,printed class_ap.txt (typically 3 decimals),,,complete,/mnt/shared/zechuan/iraod_artifacts/comparison/dior/clean/seed_44/0f98a48/methods/D/eval_full_clean_ids_v1/class_ap.txt
DIOR,clean,D,44,ema,baseballfield,0.53,printed class_ap.txt (typically 3 decimals),,,complete,/mnt/shared/zechuan/iraod_artifacts/comparison/dior/clean/seed_44/0f98a48/methods/D/eval_full_clean_ids_v1/class_ap.txt
DIOR,clean,D,44,ema,basketballcourt,0.368,printed class_ap.txt (typically 3 decimals),,,complete,/mnt/shared/zechuan/iraod_artifacts/comparison/dior/clean/seed_44/0f98a48/methods/D/eval_full_clean_ids_v1/class_ap.txt
DIOR,clean,D,44,ema,bridge,0.094,printed class_ap.txt (typically 3 decimals),,,complete,/mnt/shared/zechuan/iraod_artifacts/comparison/dior/clean/seed_44/0f98a48/methods/D/eval_full_clean_ids_v1/class_ap.txt
DIOR,clean,D,44,ema,chimney,0.431,printed class_ap.txt (typically 3 decimals),,,complete,/mnt/shared/zechuan/iraod_artifacts/comparison/dior/clean/seed_44/0f98a48/methods/D/eval_full_clean_ids_v1/class_ap.txt
DIOR,clean,D,44,ema,expressway-service-area,0.276,printed class_ap.txt (typically 3 decimals),,,complete,/mnt/shared/zechuan/iraod_artifacts/comparison/dior/clean/seed_44/0f98a48/methods/D/eval_full_clean_ids_v1/class_ap.txt
DIOR,clean,D,44,ema,expressway-toll-station,0.193,printed class_ap.txt (typically 3 decimals),,,complete,/mnt/shared/zechuan/iraod_artifacts/comparison/dior/clean/seed_44/0f98a48/methods/D/eval_full_clean_ids_v1/class_ap.txt
DIOR,clean,D,44,ema,dam,0.024,printed class_ap.txt (typically 3 decimals),,,complete,/mnt/shared/zechuan/iraod_artifacts/comparison/dior/clean/seed_44/0f98a48/methods/D/eval_full_clean_ids_v1/class_ap.txt
DIOR,clean,D,44,ema,golffield,0.262,printed class_ap.txt (typically 3 decimals),,,complete,/mnt/shared/zechuan/iraod_artifacts/comparison/dior/clean/seed_44/0f98a48/methods/D/eval_full_clean_ids_v1/class_ap.txt
DIOR,clean,D,44,ema,groundtrackfield,0.253,printed class_ap.txt (typically 3 decimals),,,complete,/mnt/shared/zechuan/iraod_artifacts/comparison/dior/clean/seed_44/0f98a48/methods/D/eval_full_clean_ids_v1/class_ap.txt
DIOR,clean,D,44,ema,harbor,0.094,printed class_ap.txt (typically 3 decimals),,,complete,/mnt/shared/zechuan/iraod_artifacts/comparison/dior/clean/seed_44/0f98a48/methods/D/eval_full_clean_ids_v1/class_ap.txt
DIOR,clean,D,44,ema,overpass,0.182,printed class_ap.txt (typically 3 decimals),,,complete,/mnt/shared/zechuan/iraod_artifacts/comparison/dior/clean/seed_44/0f98a48/methods/D/eval_full_clean_ids_v1/class_ap.txt
DIOR,clean,D,44,ema,ship,0.697,printed class_ap.txt (typically 3 decimals),,,complete,/mnt/shared/zechuan/iraod_artifacts/comparison/dior/clean/seed_44/0f98a48/methods/D/eval_full_clean_ids_v1/class_ap.txt
DIOR,clean,D,44,ema,stadium,0.272,printed class_ap.txt (typically 3 decimals),,,complete,/mnt/shared/zechuan/iraod_artifacts/comparison/dior/clean/seed_44/0f98a48/methods/D/eval_full_clean_ids_v1/class_ap.txt
DIOR,clean,D,44,ema,storagetank,0.476,printed class_ap.txt (typically 3 decimals),,,complete,/mnt/shared/zechuan/iraod_artifacts/comparison/dior/clean/seed_44/0f98a48/methods/D/eval_full_clean_ids_v1/class_ap.txt
DIOR,clean,D,44,ema,tenniscourt,0.618,printed class_ap.txt (typically 3 decimals),,,complete,/mnt/shared/zechuan/iraod_artifacts/comparison/dior/clean/seed_44/0f98a48/methods/D/eval_full_clean_ids_v1/class_ap.txt
DIOR,clean,D,44,ema,trainstation,0.132,printed class_ap.txt (typically 3 decimals),,,complete,/mnt/shared/zechuan/iraod_artifacts/comparison/dior/clean/seed_44/0f98a48/methods/D/eval_full_clean_ids_v1/class_ap.txt
DIOR,clean,D,44,ema,vehicle,0.298,printed class_ap.txt (typically 3 decimals),,,complete,/mnt/shared/zechuan/iraod_artifacts/comparison/dior/clean/seed_44/0f98a48/methods/D/eval_full_clean_ids_v1/class_ap.txt
DIOR,clean,D,44,ema,windmill,0.207,printed class_ap.txt (typically 3 decimals),,,complete,/mnt/shared/zechuan/iraod_artifacts/comparison/dior/clean/seed_44/0f98a48/methods/D/eval_full_clean_ids_v1/class_ap.txt
DIOR,clean,E,42,ema,airplane,0.489,printed class_ap.txt (typically 3 decimals),,,complete,/mnt/shared/zechuan/iraod_artifacts/comparison/dior/clean/seed_42/0f98a48/methods/E/ddp2/eval_full_clean_ids_v1/class_ap.txt
DIOR,clean,E,42,ema,airport,0.045,printed class_ap.txt (typically 3 decimals),,,complete,/mnt/shared/zechuan/iraod_artifacts/comparison/dior/clean/seed_42/0f98a48/methods/E/ddp2/eval_full_clean_ids_v1/class_ap.txt
DIOR,clean,E,42,ema,baseballfield,0.531,printed class_ap.txt (typically 3 decimals),,,complete,/mnt/shared/zechuan/iraod_artifacts/comparison/dior/clean/seed_42/0f98a48/methods/E/ddp2/eval_full_clean_ids_v1/class_ap.txt
DIOR,clean,E,42,ema,basketballcourt,0.376,printed class_ap.txt (typically 3 decimals),,,complete,/mnt/shared/zechuan/iraod_artifacts/comparison/dior/clean/seed_42/0f98a48/methods/E/ddp2/eval_full_clean_ids_v1/class_ap.txt
DIOR,clean,E,42,ema,bridge,0.116,printed class_ap.txt (typically 3 decimals),,,complete,/mnt/shared/zechuan/iraod_artifacts/comparison/dior/clean/seed_42/0f98a48/methods/E/ddp2/eval_full_clean_ids_v1/class_ap.txt
DIOR,clean,E,42,ema,chimney,0.427,printed class_ap.txt (typically 3 decimals),,,complete,/mnt/shared/zechuan/iraod_artifacts/comparison/dior/clean/seed_42/0f98a48/methods/E/ddp2/eval_full_clean_ids_v1/class_ap.txt
DIOR,clean,E,42,ema,expressway-service-area,0.28,printed class_ap.txt (typically 3 decimals),,,complete,/mnt/shared/zechuan/iraod_artifacts/comparison/dior/clean/seed_42/0f98a48/methods/E/ddp2/eval_full_clean_ids_v1/class_ap.txt
DIOR,clean,E,42,ema,expressway-toll-station,0.193,printed class_ap.txt (typically 3 decimals),,,complete,/mnt/shared/zechuan/iraod_artifacts/comparison/dior/clean/seed_42/0f98a48/methods/E/ddp2/eval_full_clean_ids_v1/class_ap.txt
DIOR,clean,E,42,ema,dam,0.023,printed class_ap.txt (typically 3 decimals),,,complete,/mnt/shared/zechuan/iraod_artifacts/comparison/dior/clean/seed_42/0f98a48/methods/E/ddp2/eval_full_clean_ids_v1/class_ap.txt
DIOR,clean,E,42,ema,golffield,0.273,printed class_ap.txt (typically 3 decimals),,,complete,/mnt/shared/zechuan/iraod_artifacts/comparison/dior/clean/seed_42/0f98a48/methods/E/ddp2/eval_full_clean_ids_v1/class_ap.txt
DIOR,clean,E,42,ema,groundtrackfield,0.247,printed class_ap.txt (typically 3 decimals),,,complete,/mnt/shared/zechuan/iraod_artifacts/comparison/dior/clean/seed_42/0f98a48/methods/E/ddp2/eval_full_clean_ids_v1/class_ap.txt
DIOR,clean,E,42,ema,harbor,0.139,printed class_ap.txt (typically 3 decimals),,,complete,/mnt/shared/zechuan/iraod_artifacts/comparison/dior/clean/seed_42/0f98a48/methods/E/ddp2/eval_full_clean_ids_v1/class_ap.txt
DIOR,clean,E,42,ema,overpass,0.18,printed class_ap.txt (typically 3 decimals),,,complete,/mnt/shared/zechuan/iraod_artifacts/comparison/dior/clean/seed_42/0f98a48/methods/E/ddp2/eval_full_clean_ids_v1/class_ap.txt
DIOR,clean,E,42,ema,ship,0.702,printed class_ap.txt (typically 3 decimals),,,complete,/mnt/shared/zechuan/iraod_artifacts/comparison/dior/clean/seed_42/0f98a48/methods/E/ddp2/eval_full_clean_ids_v1/class_ap.txt
DIOR,clean,E,42,ema,stadium,0.267,printed class_ap.txt (typically 3 decimals),,,complete,/mnt/shared/zechuan/iraod_artifacts/comparison/dior/clean/seed_42/0f98a48/methods/E/ddp2/eval_full_clean_ids_v1/class_ap.txt
DIOR,clean,E,42,ema,storagetank,0.481,printed class_ap.txt (typically 3 decimals),,,complete,/mnt/shared/zechuan/iraod_artifacts/comparison/dior/clean/seed_42/0f98a48/methods/E/ddp2/eval_full_clean_ids_v1/class_ap.txt
DIOR,clean,E,42,ema,tenniscourt,0.618,printed class_ap.txt (typically 3 decimals),,,complete,/mnt/shared/zechuan/iraod_artifacts/comparison/dior/clean/seed_42/0f98a48/methods/E/ddp2/eval_full_clean_ids_v1/class_ap.txt
DIOR,clean,E,42,ema,trainstation,0.096,printed class_ap.txt (typically 3 decimals),,,complete,/mnt/shared/zechuan/iraod_artifacts/comparison/dior/clean/seed_42/0f98a48/methods/E/ddp2/eval_full_clean_ids_v1/class_ap.txt
DIOR,clean,E,42,ema,vehicle,0.304,printed class_ap.txt (typically 3 decimals),,,complete,/mnt/shared/zechuan/iraod_artifacts/comparison/dior/clean/seed_42/0f98a48/methods/E/ddp2/eval_full_clean_ids_v1/class_ap.txt
DIOR,clean,E,42,ema,windmill,0.186,printed class_ap.txt (typically 3 decimals),,,complete,/mnt/shared/zechuan/iraod_artifacts/comparison/dior/clean/seed_42/0f98a48/methods/E/ddp2/eval_full_clean_ids_v1/class_ap.txt
DIOR,clean,E,43,ema,airplane,0.487,printed class_ap.txt (typically 3 decimals),,,complete,/mnt/shared/zechuan/iraod_artifacts/comparison/dior/clean/seed_43/0f98a48/methods/E/ddp2/eval_full_clean_ids_v1/class_ap.txt
DIOR,clean,E,43,ema,airport,0.013,printed class_ap.txt (typically 3 decimals),,,complete,/mnt/shared/zechuan/iraod_artifacts/comparison/dior/clean/seed_43/0f98a48/methods/E/ddp2/eval_full_clean_ids_v1/class_ap.txt
DIOR,clean,E,43,ema,baseballfield,0.531,printed class_ap.txt (typically 3 decimals),,,complete,/mnt/shared/zechuan/iraod_artifacts/comparison/dior/clean/seed_43/0f98a48/methods/E/ddp2/eval_full_clean_ids_v1/class_ap.txt
DIOR,clean,E,43,ema,basketballcourt,0.367,printed class_ap.txt (typically 3 decimals),,,complete,/mnt/shared/zechuan/iraod_artifacts/comparison/dior/clean/seed_43/0f98a48/methods/E/ddp2/eval_full_clean_ids_v1/class_ap.txt
DIOR,clean,E,43,ema,bridge,0.116,printed class_ap.txt (typically 3 decimals),,,complete,/mnt/shared/zechuan/iraod_artifacts/comparison/dior/clean/seed_43/0f98a48/methods/E/ddp2/eval_full_clean_ids_v1/class_ap.txt
DIOR,clean,E,43,ema,chimney,0.43,printed class_ap.txt (typically 3 decimals),,,complete,/mnt/shared/zechuan/iraod_artifacts/comparison/dior/clean/seed_43/0f98a48/methods/E/ddp2/eval_full_clean_ids_v1/class_ap.txt
DIOR,clean,E,43,ema,expressway-service-area,0.287,printed class_ap.txt (typically 3 decimals),,,complete,/mnt/shared/zechuan/iraod_artifacts/comparison/dior/clean/seed_43/0f98a48/methods/E/ddp2/eval_full_clean_ids_v1/class_ap.txt
DIOR,clean,E,43,ema,expressway-toll-station,0.192,printed class_ap.txt (typically 3 decimals),,,complete,/mnt/shared/zechuan/iraod_artifacts/comparison/dior/clean/seed_43/0f98a48/methods/E/ddp2/eval_full_clean_ids_v1/class_ap.txt
DIOR,clean,E,43,ema,dam,0.023,printed class_ap.txt (typically 3 decimals),,,complete,/mnt/shared/zechuan/iraod_artifacts/comparison/dior/clean/seed_43/0f98a48/methods/E/ddp2/eval_full_clean_ids_v1/class_ap.txt
DIOR,clean,E,43,ema,golffield,0.278,printed class_ap.txt (typically 3 decimals),,,complete,/mnt/shared/zechuan/iraod_artifacts/comparison/dior/clean/seed_43/0f98a48/methods/E/ddp2/eval_full_clean_ids_v1/class_ap.txt
DIOR,clean,E,43,ema,groundtrackfield,0.247,printed class_ap.txt (typically 3 decimals),,,complete,/mnt/shared/zechuan/iraod_artifacts/comparison/dior/clean/seed_43/0f98a48/methods/E/ddp2/eval_full_clean_ids_v1/class_ap.txt
DIOR,clean,E,43,ema,harbor,0.141,printed class_ap.txt (typically 3 decimals),,,complete,/mnt/shared/zechuan/iraod_artifacts/comparison/dior/clean/seed_43/0f98a48/methods/E/ddp2/eval_full_clean_ids_v1/class_ap.txt
DIOR,clean,E,43,ema,overpass,0.181,printed class_ap.txt (typically 3 decimals),,,complete,/mnt/shared/zechuan/iraod_artifacts/comparison/dior/clean/seed_43/0f98a48/methods/E/ddp2/eval_full_clean_ids_v1/class_ap.txt
DIOR,clean,E,43,ema,ship,0.702,printed class_ap.txt (typically 3 decimals),,,complete,/mnt/shared/zechuan/iraod_artifacts/comparison/dior/clean/seed_43/0f98a48/methods/E/ddp2/eval_full_clean_ids_v1/class_ap.txt
DIOR,clean,E,43,ema,stadium,0.273,printed class_ap.txt (typically 3 decimals),,,complete,/mnt/shared/zechuan/iraod_artifacts/comparison/dior/clean/seed_43/0f98a48/methods/E/ddp2/eval_full_clean_ids_v1/class_ap.txt
DIOR,clean,E,43,ema,storagetank,0.48,printed class_ap.txt (typically 3 decimals),,,complete,/mnt/shared/zechuan/iraod_artifacts/comparison/dior/clean/seed_43/0f98a48/methods/E/ddp2/eval_full_clean_ids_v1/class_ap.txt
DIOR,clean,E,43,ema,tenniscourt,0.618,printed class_ap.txt (typically 3 decimals),,,complete,/mnt/shared/zechuan/iraod_artifacts/comparison/dior/clean/seed_43/0f98a48/methods/E/ddp2/eval_full_clean_ids_v1/class_ap.txt
DIOR,clean,E,43,ema,trainstation,0.097,printed class_ap.txt (typically 3 decimals),,,complete,/mnt/shared/zechuan/iraod_artifacts/comparison/dior/clean/seed_43/0f98a48/methods/E/ddp2/eval_full_clean_ids_v1/class_ap.txt
DIOR,clean,E,43,ema,vehicle,0.304,printed class_ap.txt (typically 3 decimals),,,complete,/mnt/shared/zechuan/iraod_artifacts/comparison/dior/clean/seed_43/0f98a48/methods/E/ddp2/eval_full_clean_ids_v1/class_ap.txt
DIOR,clean,E,43,ema,windmill,0.197,printed class_ap.txt (typically 3 decimals),,,complete,/mnt/shared/zechuan/iraod_artifacts/comparison/dior/clean/seed_43/0f98a48/methods/E/ddp2/eval_full_clean_ids_v1/class_ap.txt
DIOR,clean,E,44,ema,airplane,0.486,printed class_ap.txt (typically 3 decimals),,,complete,/mnt/shared/zechuan/iraod_artifacts/comparison/dior/clean/seed_44/0f98a48/methods/E/ddp2/eval_full_clean_ids_v1/class_ap.txt
DIOR,clean,E,44,ema,airport,0.045,printed class_ap.txt (typically 3 decimals),,,complete,/mnt/shared/zechuan/iraod_artifacts/comparison/dior/clean/seed_44/0f98a48/methods/E/ddp2/eval_full_clean_ids_v1/class_ap.txt
DIOR,clean,E,44,ema,baseballfield,0.53,printed class_ap.txt (typically 3 decimals),,,complete,/mnt/shared/zechuan/iraod_artifacts/comparison/dior/clean/seed_44/0f98a48/methods/E/ddp2/eval_full_clean_ids_v1/class_ap.txt
DIOR,clean,E,44,ema,basketballcourt,0.376,printed class_ap.txt (typically 3 decimals),,,complete,/mnt/shared/zechuan/iraod_artifacts/comparison/dior/clean/seed_44/0f98a48/methods/E/ddp2/eval_full_clean_ids_v1/class_ap.txt
DIOR,clean,E,44,ema,bridge,0.117,printed class_ap.txt (typically 3 decimals),,,complete,/mnt/shared/zechuan/iraod_artifacts/comparison/dior/clean/seed_44/0f98a48/methods/E/ddp2/eval_full_clean_ids_v1/class_ap.txt
DIOR,clean,E,44,ema,chimney,0.431,printed class_ap.txt (typically 3 decimals),,,complete,/mnt/shared/zechuan/iraod_artifacts/comparison/dior/clean/seed_44/0f98a48/methods/E/ddp2/eval_full_clean_ids_v1/class_ap.txt
DIOR,clean,E,44,ema,expressway-service-area,0.274,printed class_ap.txt (typically 3 decimals),,,complete,/mnt/shared/zechuan/iraod_artifacts/comparison/dior/clean/seed_44/0f98a48/methods/E/ddp2/eval_full_clean_ids_v1/class_ap.txt
DIOR,clean,E,44,ema,expressway-toll-station,0.189,printed class_ap.txt (typically 3 decimals),,,complete,/mnt/shared/zechuan/iraod_artifacts/comparison/dior/clean/seed_44/0f98a48/methods/E/ddp2/eval_full_clean_ids_v1/class_ap.txt
DIOR,clean,E,44,ema,dam,0.025,printed class_ap.txt (typically 3 decimals),,,complete,/mnt/shared/zechuan/iraod_artifacts/comparison/dior/clean/seed_44/0f98a48/methods/E/ddp2/eval_full_clean_ids_v1/class_ap.txt
DIOR,clean,E,44,ema,golffield,0.278,printed class_ap.txt (typically 3 decimals),,,complete,/mnt/shared/zechuan/iraod_artifacts/comparison/dior/clean/seed_44/0f98a48/methods/E/ddp2/eval_full_clean_ids_v1/class_ap.txt
DIOR,clean,E,44,ema,groundtrackfield,0.245,printed class_ap.txt (typically 3 decimals),,,complete,/mnt/shared/zechuan/iraod_artifacts/comparison/dior/clean/seed_44/0f98a48/methods/E/ddp2/eval_full_clean_ids_v1/class_ap.txt
DIOR,clean,E,44,ema,harbor,0.141,printed class_ap.txt (typically 3 decimals),,,complete,/mnt/shared/zechuan/iraod_artifacts/comparison/dior/clean/seed_44/0f98a48/methods/E/ddp2/eval_full_clean_ids_v1/class_ap.txt
DIOR,clean,E,44,ema,overpass,0.175,printed class_ap.txt (typically 3 decimals),,,complete,/mnt/shared/zechuan/iraod_artifacts/comparison/dior/clean/seed_44/0f98a48/methods/E/ddp2/eval_full_clean_ids_v1/class_ap.txt
DIOR,clean,E,44,ema,ship,0.702,printed class_ap.txt (typically 3 decimals),,,complete,/mnt/shared/zechuan/iraod_artifacts/comparison/dior/clean/seed_44/0f98a48/methods/E/ddp2/eval_full_clean_ids_v1/class_ap.txt
DIOR,clean,E,44,ema,stadium,0.269,printed class_ap.txt (typically 3 decimals),,,complete,/mnt/shared/zechuan/iraod_artifacts/comparison/dior/clean/seed_44/0f98a48/methods/E/ddp2/eval_full_clean_ids_v1/class_ap.txt
DIOR,clean,E,44,ema,storagetank,0.479,printed class_ap.txt (typically 3 decimals),,,complete,/mnt/shared/zechuan/iraod_artifacts/comparison/dior/clean/seed_44/0f98a48/methods/E/ddp2/eval_full_clean_ids_v1/class_ap.txt
DIOR,clean,E,44,ema,tenniscourt,0.619,printed class_ap.txt (typically 3 decimals),,,complete,/mnt/shared/zechuan/iraod_artifacts/comparison/dior/clean/seed_44/0f98a48/methods/E/ddp2/eval_full_clean_ids_v1/class_ap.txt
DIOR,clean,E,44,ema,trainstation,0.152,printed class_ap.txt (typically 3 decimals),,,complete,/mnt/shared/zechuan/iraod_artifacts/comparison/dior/clean/seed_44/0f98a48/methods/E/ddp2/eval_full_clean_ids_v1/class_ap.txt
DIOR,clean,E,44,ema,vehicle,0.305,printed class_ap.txt (typically 3 decimals),,,complete,/mnt/shared/zechuan/iraod_artifacts/comparison/dior/clean/seed_44/0f98a48/methods/E/ddp2/eval_full_clean_ids_v1/class_ap.txt
DIOR,clean,E,44,ema,windmill,0.196,printed class_ap.txt (typically 3 decimals),,,complete,/mnt/shared/zechuan/iraod_artifacts/comparison/dior/clean/seed_44/0f98a48/methods/E/ddp2/eval_full_clean_ids_v1/class_ap.txt
DIOR,clean,F,42,ema,airplane,0.474,printed class_ap.txt (typically 3 decimals),,,complete,/mnt/shared/zechuan/iraod_artifacts/comparison/dior/clean/seed_42/0f98a48/methods/F/ddp2/eval_full_clean_ids_v1/class_ap.txt
DIOR,clean,F,42,ema,airport,0.091,printed class_ap.txt (typically 3 decimals),,,complete,/mnt/shared/zechuan/iraod_artifacts/comparison/dior/clean/seed_42/0f98a48/methods/F/ddp2/eval_full_clean_ids_v1/class_ap.txt
DIOR,clean,F,42,ema,baseballfield,0.53,printed class_ap.txt (typically 3 decimals),,,complete,/mnt/shared/zechuan/iraod_artifacts/comparison/dior/clean/seed_42/0f98a48/methods/F/ddp2/eval_full_clean_ids_v1/class_ap.txt
DIOR,clean,F,42,ema,basketballcourt,0.369,printed class_ap.txt (typically 3 decimals),,,complete,/mnt/shared/zechuan/iraod_artifacts/comparison/dior/clean/seed_42/0f98a48/methods/F/ddp2/eval_full_clean_ids_v1/class_ap.txt
DIOR,clean,F,42,ema,bridge,0.094,printed class_ap.txt (typically 3 decimals),,,complete,/mnt/shared/zechuan/iraod_artifacts/comparison/dior/clean/seed_42/0f98a48/methods/F/ddp2/eval_full_clean_ids_v1/class_ap.txt
DIOR,clean,F,42,ema,chimney,0.44,printed class_ap.txt (typically 3 decimals),,,complete,/mnt/shared/zechuan/iraod_artifacts/comparison/dior/clean/seed_42/0f98a48/methods/F/ddp2/eval_full_clean_ids_v1/class_ap.txt
DIOR,clean,F,42,ema,expressway-service-area,0.273,printed class_ap.txt (typically 3 decimals),,,complete,/mnt/shared/zechuan/iraod_artifacts/comparison/dior/clean/seed_42/0f98a48/methods/F/ddp2/eval_full_clean_ids_v1/class_ap.txt
DIOR,clean,F,42,ema,expressway-toll-station,0.19,printed class_ap.txt (typically 3 decimals),,,complete,/mnt/shared/zechuan/iraod_artifacts/comparison/dior/clean/seed_42/0f98a48/methods/F/ddp2/eval_full_clean_ids_v1/class_ap.txt
DIOR,clean,F,42,ema,dam,0.045,printed class_ap.txt (typically 3 decimals),,,complete,/mnt/shared/zechuan/iraod_artifacts/comparison/dior/clean/seed_42/0f98a48/methods/F/ddp2/eval_full_clean_ids_v1/class_ap.txt
DIOR,clean,F,42,ema,golffield,0.263,printed class_ap.txt (typically 3 decimals),,,complete,/mnt/shared/zechuan/iraod_artifacts/comparison/dior/clean/seed_42/0f98a48/methods/F/ddp2/eval_full_clean_ids_v1/class_ap.txt
DIOR,clean,F,42,ema,groundtrackfield,0.254,printed class_ap.txt (typically 3 decimals),,,complete,/mnt/shared/zechuan/iraod_artifacts/comparison/dior/clean/seed_42/0f98a48/methods/F/ddp2/eval_full_clean_ids_v1/class_ap.txt
DIOR,clean,F,42,ema,harbor,0.09,printed class_ap.txt (typically 3 decimals),,,complete,/mnt/shared/zechuan/iraod_artifacts/comparison/dior/clean/seed_42/0f98a48/methods/F/ddp2/eval_full_clean_ids_v1/class_ap.txt
DIOR,clean,F,42,ema,overpass,0.18,printed class_ap.txt (typically 3 decimals),,,complete,/mnt/shared/zechuan/iraod_artifacts/comparison/dior/clean/seed_42/0f98a48/methods/F/ddp2/eval_full_clean_ids_v1/class_ap.txt
DIOR,clean,F,42,ema,ship,0.698,printed class_ap.txt (typically 3 decimals),,,complete,/mnt/shared/zechuan/iraod_artifacts/comparison/dior/clean/seed_42/0f98a48/methods/F/ddp2/eval_full_clean_ids_v1/class_ap.txt
DIOR,clean,F,42,ema,stadium,0.277,printed class_ap.txt (typically 3 decimals),,,complete,/mnt/shared/zechuan/iraod_artifacts/comparison/dior/clean/seed_42/0f98a48/methods/F/ddp2/eval_full_clean_ids_v1/class_ap.txt
DIOR,clean,F,42,ema,storagetank,0.474,printed class_ap.txt (typically 3 decimals),,,complete,/mnt/shared/zechuan/iraod_artifacts/comparison/dior/clean/seed_42/0f98a48/methods/F/ddp2/eval_full_clean_ids_v1/class_ap.txt
DIOR,clean,F,42,ema,tenniscourt,0.617,printed class_ap.txt (typically 3 decimals),,,complete,/mnt/shared/zechuan/iraod_artifacts/comparison/dior/clean/seed_42/0f98a48/methods/F/ddp2/eval_full_clean_ids_v1/class_ap.txt
DIOR,clean,F,42,ema,trainstation,0.121,printed class_ap.txt (typically 3 decimals),,,complete,/mnt/shared/zechuan/iraod_artifacts/comparison/dior/clean/seed_42/0f98a48/methods/F/ddp2/eval_full_clean_ids_v1/class_ap.txt
DIOR,clean,F,42,ema,vehicle,0.298,printed class_ap.txt (typically 3 decimals),,,complete,/mnt/shared/zechuan/iraod_artifacts/comparison/dior/clean/seed_42/0f98a48/methods/F/ddp2/eval_full_clean_ids_v1/class_ap.txt
DIOR,clean,F,42,ema,windmill,0.201,printed class_ap.txt (typically 3 decimals),,,complete,/mnt/shared/zechuan/iraod_artifacts/comparison/dior/clean/seed_42/0f98a48/methods/F/ddp2/eval_full_clean_ids_v1/class_ap.txt
DIOR,clean,F,43,ema,airplane,0.432,printed class_ap.txt (typically 3 decimals),,,complete,/mnt/shared/zechuan/iraod_artifacts/comparison/dior/clean/seed_43/0f98a48/methods/F/ddp2/eval_full_clean_ids_v1/class_ap.txt
DIOR,clean,F,43,ema,airport,0.091,printed class_ap.txt (typically 3 decimals),,,complete,/mnt/shared/zechuan/iraod_artifacts/comparison/dior/clean/seed_43/0f98a48/methods/F/ddp2/eval_full_clean_ids_v1/class_ap.txt
DIOR,clean,F,43,ema,baseballfield,0.529,printed class_ap.txt (typically 3 decimals),,,complete,/mnt/shared/zechuan/iraod_artifacts/comparison/dior/clean/seed_43/0f98a48/methods/F/ddp2/eval_full_clean_ids_v1/class_ap.txt
DIOR,clean,F,43,ema,basketballcourt,0.369,printed class_ap.txt (typically 3 decimals),,,complete,/mnt/shared/zechuan/iraod_artifacts/comparison/dior/clean/seed_43/0f98a48/methods/F/ddp2/eval_full_clean_ids_v1/class_ap.txt
DIOR,clean,F,43,ema,bridge,0.097,printed class_ap.txt (typically 3 decimals),,,complete,/mnt/shared/zechuan/iraod_artifacts/comparison/dior/clean/seed_43/0f98a48/methods/F/ddp2/eval_full_clean_ids_v1/class_ap.txt
DIOR,clean,F,43,ema,chimney,0.429,printed class_ap.txt (typically 3 decimals),,,complete,/mnt/shared/zechuan/iraod_artifacts/comparison/dior/clean/seed_43/0f98a48/methods/F/ddp2/eval_full_clean_ids_v1/class_ap.txt
DIOR,clean,F,43,ema,expressway-service-area,0.277,printed class_ap.txt (typically 3 decimals),,,complete,/mnt/shared/zechuan/iraod_artifacts/comparison/dior/clean/seed_43/0f98a48/methods/F/ddp2/eval_full_clean_ids_v1/class_ap.txt
DIOR,clean,F,43,ema,expressway-toll-station,0.192,printed class_ap.txt (typically 3 decimals),,,complete,/mnt/shared/zechuan/iraod_artifacts/comparison/dior/clean/seed_43/0f98a48/methods/F/ddp2/eval_full_clean_ids_v1/class_ap.txt
DIOR,clean,F,43,ema,dam,0.024,printed class_ap.txt (typically 3 decimals),,,complete,/mnt/shared/zechuan/iraod_artifacts/comparison/dior/clean/seed_43/0f98a48/methods/F/ddp2/eval_full_clean_ids_v1/class_ap.txt
DIOR,clean,F,43,ema,golffield,0.264,printed class_ap.txt (typically 3 decimals),,,complete,/mnt/shared/zechuan/iraod_artifacts/comparison/dior/clean/seed_43/0f98a48/methods/F/ddp2/eval_full_clean_ids_v1/class_ap.txt
DIOR,clean,F,43,ema,groundtrackfield,0.255,printed class_ap.txt (typically 3 decimals),,,complete,/mnt/shared/zechuan/iraod_artifacts/comparison/dior/clean/seed_43/0f98a48/methods/F/ddp2/eval_full_clean_ids_v1/class_ap.txt
DIOR,clean,F,43,ema,harbor,0.087,printed class_ap.txt (typically 3 decimals),,,complete,/mnt/shared/zechuan/iraod_artifacts/comparison/dior/clean/seed_43/0f98a48/methods/F/ddp2/eval_full_clean_ids_v1/class_ap.txt
DIOR,clean,F,43,ema,overpass,0.182,printed class_ap.txt (typically 3 decimals),,,complete,/mnt/shared/zechuan/iraod_artifacts/comparison/dior/clean/seed_43/0f98a48/methods/F/ddp2/eval_full_clean_ids_v1/class_ap.txt
DIOR,clean,F,43,ema,ship,0.698,printed class_ap.txt (typically 3 decimals),,,complete,/mnt/shared/zechuan/iraod_artifacts/comparison/dior/clean/seed_43/0f98a48/methods/F/ddp2/eval_full_clean_ids_v1/class_ap.txt
DIOR,clean,F,43,ema,stadium,0.264,printed class_ap.txt (typically 3 decimals),,,complete,/mnt/shared/zechuan/iraod_artifacts/comparison/dior/clean/seed_43/0f98a48/methods/F/ddp2/eval_full_clean_ids_v1/class_ap.txt
DIOR,clean,F,43,ema,storagetank,0.472,printed class_ap.txt (typically 3 decimals),,,complete,/mnt/shared/zechuan/iraod_artifacts/comparison/dior/clean/seed_43/0f98a48/methods/F/ddp2/eval_full_clean_ids_v1/class_ap.txt
DIOR,clean,F,43,ema,tenniscourt,0.618,printed class_ap.txt (typically 3 decimals),,,complete,/mnt/shared/zechuan/iraod_artifacts/comparison/dior/clean/seed_43/0f98a48/methods/F/ddp2/eval_full_clean_ids_v1/class_ap.txt
DIOR,clean,F,43,ema,trainstation,0.127,printed class_ap.txt (typically 3 decimals),,,complete,/mnt/shared/zechuan/iraod_artifacts/comparison/dior/clean/seed_43/0f98a48/methods/F/ddp2/eval_full_clean_ids_v1/class_ap.txt
DIOR,clean,F,43,ema,vehicle,0.297,printed class_ap.txt (typically 3 decimals),,,complete,/mnt/shared/zechuan/iraod_artifacts/comparison/dior/clean/seed_43/0f98a48/methods/F/ddp2/eval_full_clean_ids_v1/class_ap.txt
DIOR,clean,F,43,ema,windmill,0.189,printed class_ap.txt (typically 3 decimals),,,complete,/mnt/shared/zechuan/iraod_artifacts/comparison/dior/clean/seed_43/0f98a48/methods/F/ddp2/eval_full_clean_ids_v1/class_ap.txt
DIOR,clean,F,44,ema,airplane,0.47,printed class_ap.txt (typically 3 decimals),,,complete,/mnt/shared/zechuan/iraod_artifacts/comparison/dior/clean/seed_44/0f98a48/methods/F/ddp2/eval_full_clean_ids_v1/class_ap.txt
DIOR,clean,F,44,ema,airport,0.045,printed class_ap.txt (typically 3 decimals),,,complete,/mnt/shared/zechuan/iraod_artifacts/comparison/dior/clean/seed_44/0f98a48/methods/F/ddp2/eval_full_clean_ids_v1/class_ap.txt
DIOR,clean,F,44,ema,baseballfield,0.53,printed class_ap.txt (typically 3 decimals),,,complete,/mnt/shared/zechuan/iraod_artifacts/comparison/dior/clean/seed_44/0f98a48/methods/F/ddp2/eval_full_clean_ids_v1/class_ap.txt
DIOR,clean,F,44,ema,basketballcourt,0.381,printed class_ap.txt (typically 3 decimals),,,complete,/mnt/shared/zechuan/iraod_artifacts/comparison/dior/clean/seed_44/0f98a48/methods/F/ddp2/eval_full_clean_ids_v1/class_ap.txt
DIOR,clean,F,44,ema,bridge,0.095,printed class_ap.txt (typically 3 decimals),,,complete,/mnt/shared/zechuan/iraod_artifacts/comparison/dior/clean/seed_44/0f98a48/methods/F/ddp2/eval_full_clean_ids_v1/class_ap.txt
DIOR,clean,F,44,ema,chimney,0.435,printed class_ap.txt (typically 3 decimals),,,complete,/mnt/shared/zechuan/iraod_artifacts/comparison/dior/clean/seed_44/0f98a48/methods/F/ddp2/eval_full_clean_ids_v1/class_ap.txt
DIOR,clean,F,44,ema,expressway-service-area,0.275,printed class_ap.txt (typically 3 decimals),,,complete,/mnt/shared/zechuan/iraod_artifacts/comparison/dior/clean/seed_44/0f98a48/methods/F/ddp2/eval_full_clean_ids_v1/class_ap.txt
DIOR,clean,F,44,ema,expressway-toll-station,0.187,printed class_ap.txt (typically 3 decimals),,,complete,/mnt/shared/zechuan/iraod_artifacts/comparison/dior/clean/seed_44/0f98a48/methods/F/ddp2/eval_full_clean_ids_v1/class_ap.txt
DIOR,clean,F,44,ema,dam,0.045,printed class_ap.txt (typically 3 decimals),,,complete,/mnt/shared/zechuan/iraod_artifacts/comparison/dior/clean/seed_44/0f98a48/methods/F/ddp2/eval_full_clean_ids_v1/class_ap.txt
DIOR,clean,F,44,ema,golffield,0.267,printed class_ap.txt (typically 3 decimals),,,complete,/mnt/shared/zechuan/iraod_artifacts/comparison/dior/clean/seed_44/0f98a48/methods/F/ddp2/eval_full_clean_ids_v1/class_ap.txt
DIOR,clean,F,44,ema,groundtrackfield,0.25,printed class_ap.txt (typically 3 decimals),,,complete,/mnt/shared/zechuan/iraod_artifacts/comparison/dior/clean/seed_44/0f98a48/methods/F/ddp2/eval_full_clean_ids_v1/class_ap.txt
DIOR,clean,F,44,ema,harbor,0.136,printed class_ap.txt (typically 3 decimals),,,complete,/mnt/shared/zechuan/iraod_artifacts/comparison/dior/clean/seed_44/0f98a48/methods/F/ddp2/eval_full_clean_ids_v1/class_ap.txt
DIOR,clean,F,44,ema,overpass,0.18,printed class_ap.txt (typically 3 decimals),,,complete,/mnt/shared/zechuan/iraod_artifacts/comparison/dior/clean/seed_44/0f98a48/methods/F/ddp2/eval_full_clean_ids_v1/class_ap.txt
DIOR,clean,F,44,ema,ship,0.7,printed class_ap.txt (typically 3 decimals),,,complete,/mnt/shared/zechuan/iraod_artifacts/comparison/dior/clean/seed_44/0f98a48/methods/F/ddp2/eval_full_clean_ids_v1/class_ap.txt
DIOR,clean,F,44,ema,stadium,0.279,printed class_ap.txt (typically 3 decimals),,,complete,/mnt/shared/zechuan/iraod_artifacts/comparison/dior/clean/seed_44/0f98a48/methods/F/ddp2/eval_full_clean_ids_v1/class_ap.txt
DIOR,clean,F,44,ema,storagetank,0.471,printed class_ap.txt (typically 3 decimals),,,complete,/mnt/shared/zechuan/iraod_artifacts/comparison/dior/clean/seed_44/0f98a48/methods/F/ddp2/eval_full_clean_ids_v1/class_ap.txt
DIOR,clean,F,44,ema,tenniscourt,0.617,printed class_ap.txt (typically 3 decimals),,,complete,/mnt/shared/zechuan/iraod_artifacts/comparison/dior/clean/seed_44/0f98a48/methods/F/ddp2/eval_full_clean_ids_v1/class_ap.txt
DIOR,clean,F,44,ema,trainstation,0.124,printed class_ap.txt (typically 3 decimals),,,complete,/mnt/shared/zechuan/iraod_artifacts/comparison/dior/clean/seed_44/0f98a48/methods/F/ddp2/eval_full_clean_ids_v1/class_ap.txt
DIOR,clean,F,44,ema,vehicle,0.299,printed class_ap.txt (typically 3 decimals),,,complete,/mnt/shared/zechuan/iraod_artifacts/comparison/dior/clean/seed_44/0f98a48/methods/F/ddp2/eval_full_clean_ids_v1/class_ap.txt
DIOR,clean,F,44,ema,windmill,0.204,printed class_ap.txt (typically 3 decimals),,,complete,/mnt/shared/zechuan/iraod_artifacts/comparison/dior/clean/seed_44/0f98a48/methods/F/ddp2/eval_full_clean_ids_v1/class_ap.txt
DIOR,brightness,A,42,source,airplane,0.334,printed class_ap.txt (typically 3 decimals),0.334,0.334,complete,/mnt/shared/zechuan/iraod_artifacts/comparison/dior/brightness/seed_42/0f98a48/methods/A/eval_full_brightness_ids_v1/class_ap.txt
DIOR,brightness,A,42,source,airport,0.01,printed class_ap.txt (typically 3 decimals),0.01,0.01,complete,/mnt/shared/zechuan/iraod_artifacts/comparison/dior/brightness/seed_42/0f98a48/methods/A/eval_full_brightness_ids_v1/class_ap.txt
DIOR,brightness,A,42,source,baseballfield,0.482,printed class_ap.txt (typically 3 decimals),0.482,0.482,complete,/mnt/shared/zechuan/iraod_artifacts/comparison/dior/brightness/seed_42/0f98a48/methods/A/eval_full_brightness_ids_v1/class_ap.txt
DIOR,brightness,A,42,source,basketballcourt,0.282,printed class_ap.txt (typically 3 decimals),0.282,0.282,complete,/mnt/shared/zechuan/iraod_artifacts/comparison/dior/brightness/seed_42/0f98a48/methods/A/eval_full_brightness_ids_v1/class_ap.txt
DIOR,brightness,A,42,source,bridge,0.104,printed class_ap.txt (typically 3 decimals),0.104,0.104,complete,/mnt/shared/zechuan/iraod_artifacts/comparison/dior/brightness/seed_42/0f98a48/methods/A/eval_full_brightness_ids_v1/class_ap.txt
DIOR,brightness,A,42,source,chimney,0.344,printed class_ap.txt (typically 3 decimals),0.344,0.344,complete,/mnt/shared/zechuan/iraod_artifacts/comparison/dior/brightness/seed_42/0f98a48/methods/A/eval_full_brightness_ids_v1/class_ap.txt
DIOR,brightness,A,42,source,expressway-service-area,0.216,printed class_ap.txt (typically 3 decimals),0.216,0.216,complete,/mnt/shared/zechuan/iraod_artifacts/comparison/dior/brightness/seed_42/0f98a48/methods/A/eval_full_brightness_ids_v1/class_ap.txt
DIOR,brightness,A,42,source,expressway-toll-station,0.146,printed class_ap.txt (typically 3 decimals),0.146,0.146,complete,/mnt/shared/zechuan/iraod_artifacts/comparison/dior/brightness/seed_42/0f98a48/methods/A/eval_full_brightness_ids_v1/class_ap.txt
DIOR,brightness,A,42,source,dam,0.091,printed class_ap.txt (typically 3 decimals),0.091,0.091,complete,/mnt/shared/zechuan/iraod_artifacts/comparison/dior/brightness/seed_42/0f98a48/methods/A/eval_full_brightness_ids_v1/class_ap.txt
DIOR,brightness,A,42,source,golffield,0.119,printed class_ap.txt (typically 3 decimals),0.119,0.119,complete,/mnt/shared/zechuan/iraod_artifacts/comparison/dior/brightness/seed_42/0f98a48/methods/A/eval_full_brightness_ids_v1/class_ap.txt
DIOR,brightness,A,42,source,groundtrackfield,0.217,printed class_ap.txt (typically 3 decimals),0.217,0.217,complete,/mnt/shared/zechuan/iraod_artifacts/comparison/dior/brightness/seed_42/0f98a48/methods/A/eval_full_brightness_ids_v1/class_ap.txt
DIOR,brightness,A,42,source,harbor,0.15,printed class_ap.txt (typically 3 decimals),0.15,0.15,complete,/mnt/shared/zechuan/iraod_artifacts/comparison/dior/brightness/seed_42/0f98a48/methods/A/eval_full_brightness_ids_v1/class_ap.txt
DIOR,brightness,A,42,source,overpass,0.15,printed class_ap.txt (typically 3 decimals),0.15,0.15,complete,/mnt/shared/zechuan/iraod_artifacts/comparison/dior/brightness/seed_42/0f98a48/methods/A/eval_full_brightness_ids_v1/class_ap.txt
DIOR,brightness,A,42,source,ship,0.654,printed class_ap.txt (typically 3 decimals),0.654,0.654,complete,/mnt/shared/zechuan/iraod_artifacts/comparison/dior/brightness/seed_42/0f98a48/methods/A/eval_full_brightness_ids_v1/class_ap.txt
DIOR,brightness,A,42,source,stadium,0.196,printed class_ap.txt (typically 3 decimals),0.196,0.196,complete,/mnt/shared/zechuan/iraod_artifacts/comparison/dior/brightness/seed_42/0f98a48/methods/A/eval_full_brightness_ids_v1/class_ap.txt
DIOR,brightness,A,42,source,storagetank,0.339,printed class_ap.txt (typically 3 decimals),0.339,0.339,complete,/mnt/shared/zechuan/iraod_artifacts/comparison/dior/brightness/seed_42/0f98a48/methods/A/eval_full_brightness_ids_v1/class_ap.txt
DIOR,brightness,A,42,source,tenniscourt,0.521,printed class_ap.txt (typically 3 decimals),0.521,0.521,complete,/mnt/shared/zechuan/iraod_artifacts/comparison/dior/brightness/seed_42/0f98a48/methods/A/eval_full_brightness_ids_v1/class_ap.txt
DIOR,brightness,A,42,source,trainstation,0.125,printed class_ap.txt (typically 3 decimals),0.125,0.125,complete,/mnt/shared/zechuan/iraod_artifacts/comparison/dior/brightness/seed_42/0f98a48/methods/A/eval_full_brightness_ids_v1/class_ap.txt
DIOR,brightness,A,42,source,vehicle,0.265,printed class_ap.txt (typically 3 decimals),0.265,0.265,complete,/mnt/shared/zechuan/iraod_artifacts/comparison/dior/brightness/seed_42/0f98a48/methods/A/eval_full_brightness_ids_v1/class_ap.txt
DIOR,brightness,A,42,source,windmill,0.089,printed class_ap.txt (typically 3 decimals),0.089,0.089,complete,/mnt/shared/zechuan/iraod_artifacts/comparison/dior/brightness/seed_42/0f98a48/methods/A/eval_full_brightness_ids_v1/class_ap.txt
DIOR,brightness,B,42,ema,airplane,0.341,printed class_ap.txt (typically 3 decimals),0.341,0.341,complete,/mnt/shared/zechuan/iraod_artifacts/comparison/dior/brightness/seed_42/0f98a48/methods/B/eval_full_brightness_ids_v1/class_ap.txt
DIOR,brightness,B,42,ema,airport,0.014,printed class_ap.txt (typically 3 decimals),0.014,0.014,complete,/mnt/shared/zechuan/iraod_artifacts/comparison/dior/brightness/seed_42/0f98a48/methods/B/eval_full_brightness_ids_v1/class_ap.txt
DIOR,brightness,B,42,ema,baseballfield,0.488,printed class_ap.txt (typically 3 decimals),0.488,0.488,complete,/mnt/shared/zechuan/iraod_artifacts/comparison/dior/brightness/seed_42/0f98a48/methods/B/eval_full_brightness_ids_v1/class_ap.txt
DIOR,brightness,B,42,ema,basketballcourt,0.291,printed class_ap.txt (typically 3 decimals),0.291,0.291,complete,/mnt/shared/zechuan/iraod_artifacts/comparison/dior/brightness/seed_42/0f98a48/methods/B/eval_full_brightness_ids_v1/class_ap.txt
DIOR,brightness,B,42,ema,bridge,0.107,printed class_ap.txt (typically 3 decimals),0.107,0.107,complete,/mnt/shared/zechuan/iraod_artifacts/comparison/dior/brightness/seed_42/0f98a48/methods/B/eval_full_brightness_ids_v1/class_ap.txt
DIOR,brightness,B,42,ema,chimney,0.355,printed class_ap.txt (typically 3 decimals),0.355,0.355,complete,/mnt/shared/zechuan/iraod_artifacts/comparison/dior/brightness/seed_42/0f98a48/methods/B/eval_full_brightness_ids_v1/class_ap.txt
DIOR,brightness,B,42,ema,expressway-service-area,0.225,printed class_ap.txt (typically 3 decimals),0.225,0.225,complete,/mnt/shared/zechuan/iraod_artifacts/comparison/dior/brightness/seed_42/0f98a48/methods/B/eval_full_brightness_ids_v1/class_ap.txt
DIOR,brightness,B,42,ema,expressway-toll-station,0.144,printed class_ap.txt (typically 3 decimals),0.144,0.144,complete,/mnt/shared/zechuan/iraod_artifacts/comparison/dior/brightness/seed_42/0f98a48/methods/B/eval_full_brightness_ids_v1/class_ap.txt
DIOR,brightness,B,42,ema,dam,0.091,printed class_ap.txt (typically 3 decimals),0.091,0.091,complete,/mnt/shared/zechuan/iraod_artifacts/comparison/dior/brightness/seed_42/0f98a48/methods/B/eval_full_brightness_ids_v1/class_ap.txt
DIOR,brightness,B,42,ema,golffield,0.118,printed class_ap.txt (typically 3 decimals),0.118,0.118,complete,/mnt/shared/zechuan/iraod_artifacts/comparison/dior/brightness/seed_42/0f98a48/methods/B/eval_full_brightness_ids_v1/class_ap.txt
DIOR,brightness,B,42,ema,groundtrackfield,0.22,printed class_ap.txt (typically 3 decimals),0.22,0.22,complete,/mnt/shared/zechuan/iraod_artifacts/comparison/dior/brightness/seed_42/0f98a48/methods/B/eval_full_brightness_ids_v1/class_ap.txt
DIOR,brightness,B,42,ema,harbor,0.114,printed class_ap.txt (typically 3 decimals),0.114,0.114,complete,/mnt/shared/zechuan/iraod_artifacts/comparison/dior/brightness/seed_42/0f98a48/methods/B/eval_full_brightness_ids_v1/class_ap.txt
DIOR,brightness,B,42,ema,overpass,0.153,printed class_ap.txt (typically 3 decimals),0.153,0.153,complete,/mnt/shared/zechuan/iraod_artifacts/comparison/dior/brightness/seed_42/0f98a48/methods/B/eval_full_brightness_ids_v1/class_ap.txt
DIOR,brightness,B,42,ema,ship,0.665,printed class_ap.txt (typically 3 decimals),0.665,0.665,complete,/mnt/shared/zechuan/iraod_artifacts/comparison/dior/brightness/seed_42/0f98a48/methods/B/eval_full_brightness_ids_v1/class_ap.txt
DIOR,brightness,B,42,ema,stadium,0.196,printed class_ap.txt (typically 3 decimals),0.196,0.196,complete,/mnt/shared/zechuan/iraod_artifacts/comparison/dior/brightness/seed_42/0f98a48/methods/B/eval_full_brightness_ids_v1/class_ap.txt
DIOR,brightness,B,42,ema,storagetank,0.347,printed class_ap.txt (typically 3 decimals),0.347,0.347,complete,/mnt/shared/zechuan/iraod_artifacts/comparison/dior/brightness/seed_42/0f98a48/methods/B/eval_full_brightness_ids_v1/class_ap.txt
DIOR,brightness,B,42,ema,tenniscourt,0.533,printed class_ap.txt (typically 3 decimals),0.533,0.533,complete,/mnt/shared/zechuan/iraod_artifacts/comparison/dior/brightness/seed_42/0f98a48/methods/B/eval_full_brightness_ids_v1/class_ap.txt
DIOR,brightness,B,42,ema,trainstation,0.13,printed class_ap.txt (typically 3 decimals),0.13,0.13,complete,/mnt/shared/zechuan/iraod_artifacts/comparison/dior/brightness/seed_42/0f98a48/methods/B/eval_full_brightness_ids_v1/class_ap.txt
DIOR,brightness,B,42,ema,vehicle,0.276,printed class_ap.txt (typically 3 decimals),0.276,0.276,complete,/mnt/shared/zechuan/iraod_artifacts/comparison/dior/brightness/seed_42/0f98a48/methods/B/eval_full_brightness_ids_v1/class_ap.txt
DIOR,brightness,B,42,ema,windmill,0.085,printed class_ap.txt (typically 3 decimals),0.085,0.085,complete,/mnt/shared/zechuan/iraod_artifacts/comparison/dior/brightness/seed_42/0f98a48/methods/B/eval_full_brightness_ids_v1/class_ap.txt
DIOR,brightness,B,43,ema,airplane,0.342,printed class_ap.txt (typically 3 decimals),,,complete,/mnt/shared/zechuan/iraod_artifacts/comparison/dior/brightness/seed_43/0f98a48/methods/B/eval_full_brightness_ids_v1/class_ap.txt
DIOR,brightness,B,43,ema,airport,0.014,printed class_ap.txt (typically 3 decimals),,,complete,/mnt/shared/zechuan/iraod_artifacts/comparison/dior/brightness/seed_43/0f98a48/methods/B/eval_full_brightness_ids_v1/class_ap.txt
DIOR,brightness,B,43,ema,baseballfield,0.488,printed class_ap.txt (typically 3 decimals),,,complete,/mnt/shared/zechuan/iraod_artifacts/comparison/dior/brightness/seed_43/0f98a48/methods/B/eval_full_brightness_ids_v1/class_ap.txt
DIOR,brightness,B,43,ema,basketballcourt,0.288,printed class_ap.txt (typically 3 decimals),,,complete,/mnt/shared/zechuan/iraod_artifacts/comparison/dior/brightness/seed_43/0f98a48/methods/B/eval_full_brightness_ids_v1/class_ap.txt
DIOR,brightness,B,43,ema,bridge,0.107,printed class_ap.txt (typically 3 decimals),,,complete,/mnt/shared/zechuan/iraod_artifacts/comparison/dior/brightness/seed_43/0f98a48/methods/B/eval_full_brightness_ids_v1/class_ap.txt
DIOR,brightness,B,43,ema,chimney,0.373,printed class_ap.txt (typically 3 decimals),,,complete,/mnt/shared/zechuan/iraod_artifacts/comparison/dior/brightness/seed_43/0f98a48/methods/B/eval_full_brightness_ids_v1/class_ap.txt
DIOR,brightness,B,43,ema,expressway-service-area,0.225,printed class_ap.txt (typically 3 decimals),,,complete,/mnt/shared/zechuan/iraod_artifacts/comparison/dior/brightness/seed_43/0f98a48/methods/B/eval_full_brightness_ids_v1/class_ap.txt
DIOR,brightness,B,43,ema,expressway-toll-station,0.145,printed class_ap.txt (typically 3 decimals),,,complete,/mnt/shared/zechuan/iraod_artifacts/comparison/dior/brightness/seed_43/0f98a48/methods/B/eval_full_brightness_ids_v1/class_ap.txt
DIOR,brightness,B,43,ema,dam,0.091,printed class_ap.txt (typically 3 decimals),,,complete,/mnt/shared/zechuan/iraod_artifacts/comparison/dior/brightness/seed_43/0f98a48/methods/B/eval_full_brightness_ids_v1/class_ap.txt
DIOR,brightness,B,43,ema,golffield,0.121,printed class_ap.txt (typically 3 decimals),,,complete,/mnt/shared/zechuan/iraod_artifacts/comparison/dior/brightness/seed_43/0f98a48/methods/B/eval_full_brightness_ids_v1/class_ap.txt
DIOR,brightness,B,43,ema,groundtrackfield,0.22,printed class_ap.txt (typically 3 decimals),,,complete,/mnt/shared/zechuan/iraod_artifacts/comparison/dior/brightness/seed_43/0f98a48/methods/B/eval_full_brightness_ids_v1/class_ap.txt
DIOR,brightness,B,43,ema,harbor,0.104,printed class_ap.txt (typically 3 decimals),,,complete,/mnt/shared/zechuan/iraod_artifacts/comparison/dior/brightness/seed_43/0f98a48/methods/B/eval_full_brightness_ids_v1/class_ap.txt
DIOR,brightness,B,43,ema,overpass,0.158,printed class_ap.txt (typically 3 decimals),,,complete,/mnt/shared/zechuan/iraod_artifacts/comparison/dior/brightness/seed_43/0f98a48/methods/B/eval_full_brightness_ids_v1/class_ap.txt
DIOR,brightness,B,43,ema,ship,0.667,printed class_ap.txt (typically 3 decimals),,,complete,/mnt/shared/zechuan/iraod_artifacts/comparison/dior/brightness/seed_43/0f98a48/methods/B/eval_full_brightness_ids_v1/class_ap.txt
DIOR,brightness,B,43,ema,stadium,0.194,printed class_ap.txt (typically 3 decimals),,,complete,/mnt/shared/zechuan/iraod_artifacts/comparison/dior/brightness/seed_43/0f98a48/methods/B/eval_full_brightness_ids_v1/class_ap.txt
DIOR,brightness,B,43,ema,storagetank,0.346,printed class_ap.txt (typically 3 decimals),,,complete,/mnt/shared/zechuan/iraod_artifacts/comparison/dior/brightness/seed_43/0f98a48/methods/B/eval_full_brightness_ids_v1/class_ap.txt
DIOR,brightness,B,43,ema,tenniscourt,0.532,printed class_ap.txt (typically 3 decimals),,,complete,/mnt/shared/zechuan/iraod_artifacts/comparison/dior/brightness/seed_43/0f98a48/methods/B/eval_full_brightness_ids_v1/class_ap.txt
DIOR,brightness,B,43,ema,trainstation,0.129,printed class_ap.txt (typically 3 decimals),,,complete,/mnt/shared/zechuan/iraod_artifacts/comparison/dior/brightness/seed_43/0f98a48/methods/B/eval_full_brightness_ids_v1/class_ap.txt
DIOR,brightness,B,43,ema,vehicle,0.275,printed class_ap.txt (typically 3 decimals),,,complete,/mnt/shared/zechuan/iraod_artifacts/comparison/dior/brightness/seed_43/0f98a48/methods/B/eval_full_brightness_ids_v1/class_ap.txt
DIOR,brightness,B,43,ema,windmill,0.088,printed class_ap.txt (typically 3 decimals),,,complete,/mnt/shared/zechuan/iraod_artifacts/comparison/dior/brightness/seed_43/0f98a48/methods/B/eval_full_brightness_ids_v1/class_ap.txt
DIOR,brightness,B,44,ema,airplane,0.342,printed class_ap.txt (typically 3 decimals),,,complete,/mnt/shared/zechuan/iraod_artifacts/comparison/dior/brightness/seed_44/0f98a48/methods/B/eval_full_brightness_ids_v1/class_ap.txt
DIOR,brightness,B,44,ema,airport,0.014,printed class_ap.txt (typically 3 decimals),,,complete,/mnt/shared/zechuan/iraod_artifacts/comparison/dior/brightness/seed_44/0f98a48/methods/B/eval_full_brightness_ids_v1/class_ap.txt
DIOR,brightness,B,44,ema,baseballfield,0.491,printed class_ap.txt (typically 3 decimals),,,complete,/mnt/shared/zechuan/iraod_artifacts/comparison/dior/brightness/seed_44/0f98a48/methods/B/eval_full_brightness_ids_v1/class_ap.txt
DIOR,brightness,B,44,ema,basketballcourt,0.29,printed class_ap.txt (typically 3 decimals),,,complete,/mnt/shared/zechuan/iraod_artifacts/comparison/dior/brightness/seed_44/0f98a48/methods/B/eval_full_brightness_ids_v1/class_ap.txt
DIOR,brightness,B,44,ema,bridge,0.107,printed class_ap.txt (typically 3 decimals),,,complete,/mnt/shared/zechuan/iraod_artifacts/comparison/dior/brightness/seed_44/0f98a48/methods/B/eval_full_brightness_ids_v1/class_ap.txt
DIOR,brightness,B,44,ema,chimney,0.352,printed class_ap.txt (typically 3 decimals),,,complete,/mnt/shared/zechuan/iraod_artifacts/comparison/dior/brightness/seed_44/0f98a48/methods/B/eval_full_brightness_ids_v1/class_ap.txt
DIOR,brightness,B,44,ema,expressway-service-area,0.225,printed class_ap.txt (typically 3 decimals),,,complete,/mnt/shared/zechuan/iraod_artifacts/comparison/dior/brightness/seed_44/0f98a48/methods/B/eval_full_brightness_ids_v1/class_ap.txt
DIOR,brightness,B,44,ema,expressway-toll-station,0.149,printed class_ap.txt (typically 3 decimals),,,complete,/mnt/shared/zechuan/iraod_artifacts/comparison/dior/brightness/seed_44/0f98a48/methods/B/eval_full_brightness_ids_v1/class_ap.txt
DIOR,brightness,B,44,ema,dam,0.091,printed class_ap.txt (typically 3 decimals),,,complete,/mnt/shared/zechuan/iraod_artifacts/comparison/dior/brightness/seed_44/0f98a48/methods/B/eval_full_brightness_ids_v1/class_ap.txt
DIOR,brightness,B,44,ema,golffield,0.121,printed class_ap.txt (typically 3 decimals),,,complete,/mnt/shared/zechuan/iraod_artifacts/comparison/dior/brightness/seed_44/0f98a48/methods/B/eval_full_brightness_ids_v1/class_ap.txt
DIOR,brightness,B,44,ema,groundtrackfield,0.222,printed class_ap.txt (typically 3 decimals),,,complete,/mnt/shared/zechuan/iraod_artifacts/comparison/dior/brightness/seed_44/0f98a48/methods/B/eval_full_brightness_ids_v1/class_ap.txt
DIOR,brightness,B,44,ema,harbor,0.132,printed class_ap.txt (typically 3 decimals),,,complete,/mnt/shared/zechuan/iraod_artifacts/comparison/dior/brightness/seed_44/0f98a48/methods/B/eval_full_brightness_ids_v1/class_ap.txt
DIOR,brightness,B,44,ema,overpass,0.155,printed class_ap.txt (typically 3 decimals),,,complete,/mnt/shared/zechuan/iraod_artifacts/comparison/dior/brightness/seed_44/0f98a48/methods/B/eval_full_brightness_ids_v1/class_ap.txt
DIOR,brightness,B,44,ema,ship,0.667,printed class_ap.txt (typically 3 decimals),,,complete,/mnt/shared/zechuan/iraod_artifacts/comparison/dior/brightness/seed_44/0f98a48/methods/B/eval_full_brightness_ids_v1/class_ap.txt
DIOR,brightness,B,44,ema,stadium,0.195,printed class_ap.txt (typically 3 decimals),,,complete,/mnt/shared/zechuan/iraod_artifacts/comparison/dior/brightness/seed_44/0f98a48/methods/B/eval_full_brightness_ids_v1/class_ap.txt
DIOR,brightness,B,44,ema,storagetank,0.349,printed class_ap.txt (typically 3 decimals),,,complete,/mnt/shared/zechuan/iraod_artifacts/comparison/dior/brightness/seed_44/0f98a48/methods/B/eval_full_brightness_ids_v1/class_ap.txt
DIOR,brightness,B,44,ema,tenniscourt,0.534,printed class_ap.txt (typically 3 decimals),,,complete,/mnt/shared/zechuan/iraod_artifacts/comparison/dior/brightness/seed_44/0f98a48/methods/B/eval_full_brightness_ids_v1/class_ap.txt
DIOR,brightness,B,44,ema,trainstation,0.128,printed class_ap.txt (typically 3 decimals),,,complete,/mnt/shared/zechuan/iraod_artifacts/comparison/dior/brightness/seed_44/0f98a48/methods/B/eval_full_brightness_ids_v1/class_ap.txt
DIOR,brightness,B,44,ema,vehicle,0.275,printed class_ap.txt (typically 3 decimals),,,complete,/mnt/shared/zechuan/iraod_artifacts/comparison/dior/brightness/seed_44/0f98a48/methods/B/eval_full_brightness_ids_v1/class_ap.txt
DIOR,brightness,B,44,ema,windmill,0.091,printed class_ap.txt (typically 3 decimals),,,complete,/mnt/shared/zechuan/iraod_artifacts/comparison/dior/brightness/seed_44/0f98a48/methods/B/eval_full_brightness_ids_v1/class_ap.txt
DIOR,brightness,C,42,ema,airplane,0.342,printed class_ap.txt (typically 3 decimals),0.342,0.342,complete,/mnt/shared/zechuan/iraod_artifacts/comparison/dior/brightness/seed_42/0f98a48/methods/C/eval_full_brightness_ids_v1/class_ap.txt
DIOR,brightness,C,42,ema,airport,0.017,printed class_ap.txt (typically 3 decimals),0.017,0.017,complete,/mnt/shared/zechuan/iraod_artifacts/comparison/dior/brightness/seed_42/0f98a48/methods/C/eval_full_brightness_ids_v1/class_ap.txt
DIOR,brightness,C,42,ema,baseballfield,0.491,printed class_ap.txt (typically 3 decimals),0.491,0.491,complete,/mnt/shared/zechuan/iraod_artifacts/comparison/dior/brightness/seed_42/0f98a48/methods/C/eval_full_brightness_ids_v1/class_ap.txt
DIOR,brightness,C,42,ema,basketballcourt,0.293,printed class_ap.txt (typically 3 decimals),0.293,0.293,complete,/mnt/shared/zechuan/iraod_artifacts/comparison/dior/brightness/seed_42/0f98a48/methods/C/eval_full_brightness_ids_v1/class_ap.txt
DIOR,brightness,C,42,ema,bridge,0.108,printed class_ap.txt (typically 3 decimals),0.108,0.108,complete,/mnt/shared/zechuan/iraod_artifacts/comparison/dior/brightness/seed_42/0f98a48/methods/C/eval_full_brightness_ids_v1/class_ap.txt
DIOR,brightness,C,42,ema,chimney,0.373,printed class_ap.txt (typically 3 decimals),0.373,0.373,complete,/mnt/shared/zechuan/iraod_artifacts/comparison/dior/brightness/seed_42/0f98a48/methods/C/eval_full_brightness_ids_v1/class_ap.txt
DIOR,brightness,C,42,ema,expressway-service-area,0.235,printed class_ap.txt (typically 3 decimals),0.235,0.235,complete,/mnt/shared/zechuan/iraod_artifacts/comparison/dior/brightness/seed_42/0f98a48/methods/C/eval_full_brightness_ids_v1/class_ap.txt
DIOR,brightness,C,42,ema,expressway-toll-station,0.144,printed class_ap.txt (typically 3 decimals),0.144,0.144,complete,/mnt/shared/zechuan/iraod_artifacts/comparison/dior/brightness/seed_42/0f98a48/methods/C/eval_full_brightness_ids_v1/class_ap.txt
DIOR,brightness,C,42,ema,dam,0.091,printed class_ap.txt (typically 3 decimals),0.091,0.091,complete,/mnt/shared/zechuan/iraod_artifacts/comparison/dior/brightness/seed_42/0f98a48/methods/C/eval_full_brightness_ids_v1/class_ap.txt
DIOR,brightness,C,42,ema,golffield,0.124,printed class_ap.txt (typically 3 decimals),0.124,0.124,complete,/mnt/shared/zechuan/iraod_artifacts/comparison/dior/brightness/seed_42/0f98a48/methods/C/eval_full_brightness_ids_v1/class_ap.txt
DIOR,brightness,C,42,ema,groundtrackfield,0.227,printed class_ap.txt (typically 3 decimals),0.227,0.227,complete,/mnt/shared/zechuan/iraod_artifacts/comparison/dior/brightness/seed_42/0f98a48/methods/C/eval_full_brightness_ids_v1/class_ap.txt
DIOR,brightness,C,42,ema,harbor,0.11,printed class_ap.txt (typically 3 decimals),0.11,0.11,complete,/mnt/shared/zechuan/iraod_artifacts/comparison/dior/brightness/seed_42/0f98a48/methods/C/eval_full_brightness_ids_v1/class_ap.txt
DIOR,brightness,C,42,ema,overpass,0.155,printed class_ap.txt (typically 3 decimals),0.155,0.155,complete,/mnt/shared/zechuan/iraod_artifacts/comparison/dior/brightness/seed_42/0f98a48/methods/C/eval_full_brightness_ids_v1/class_ap.txt
DIOR,brightness,C,42,ema,ship,0.659,printed class_ap.txt (typically 3 decimals),0.659,0.659,complete,/mnt/shared/zechuan/iraod_artifacts/comparison/dior/brightness/seed_42/0f98a48/methods/C/eval_full_brightness_ids_v1/class_ap.txt
DIOR,brightness,C,42,ema,stadium,0.208,printed class_ap.txt (typically 3 decimals),0.208,0.208,complete,/mnt/shared/zechuan/iraod_artifacts/comparison/dior/brightness/seed_42/0f98a48/methods/C/eval_full_brightness_ids_v1/class_ap.txt
DIOR,brightness,C,42,ema,storagetank,0.342,printed class_ap.txt (typically 3 decimals),0.342,0.342,complete,/mnt/shared/zechuan/iraod_artifacts/comparison/dior/brightness/seed_42/0f98a48/methods/C/eval_full_brightness_ids_v1/class_ap.txt
DIOR,brightness,C,42,ema,tenniscourt,0.534,printed class_ap.txt (typically 3 decimals),0.534,0.534,complete,/mnt/shared/zechuan/iraod_artifacts/comparison/dior/brightness/seed_42/0f98a48/methods/C/eval_full_brightness_ids_v1/class_ap.txt
DIOR,brightness,C,42,ema,trainstation,0.131,printed class_ap.txt (typically 3 decimals),0.131,0.131,complete,/mnt/shared/zechuan/iraod_artifacts/comparison/dior/brightness/seed_42/0f98a48/methods/C/eval_full_brightness_ids_v1/class_ap.txt
DIOR,brightness,C,42,ema,vehicle,0.276,printed class_ap.txt (typically 3 decimals),0.276,0.276,complete,/mnt/shared/zechuan/iraod_artifacts/comparison/dior/brightness/seed_42/0f98a48/methods/C/eval_full_brightness_ids_v1/class_ap.txt
DIOR,brightness,C,42,ema,windmill,0.088,printed class_ap.txt (typically 3 decimals),0.088,0.088,complete,/mnt/shared/zechuan/iraod_artifacts/comparison/dior/brightness/seed_42/0f98a48/methods/C/eval_full_brightness_ids_v1/class_ap.txt
DIOR,brightness,C,43,ema,airplane,0.343,printed class_ap.txt (typically 3 decimals),,,complete,/mnt/shared/zechuan/iraod_artifacts/comparison/dior/brightness/seed_43/0f98a48/methods/C/eval_full_brightness_ids_v1/class_ap.txt
DIOR,brightness,C,43,ema,airport,0.02,printed class_ap.txt (typically 3 decimals),,,complete,/mnt/shared/zechuan/iraod_artifacts/comparison/dior/brightness/seed_43/0f98a48/methods/C/eval_full_brightness_ids_v1/class_ap.txt
DIOR,brightness,C,43,ema,baseballfield,0.494,printed class_ap.txt (typically 3 decimals),,,complete,/mnt/shared/zechuan/iraod_artifacts/comparison/dior/brightness/seed_43/0f98a48/methods/C/eval_full_brightness_ids_v1/class_ap.txt
DIOR,brightness,C,43,ema,basketballcourt,0.296,printed class_ap.txt (typically 3 decimals),,,complete,/mnt/shared/zechuan/iraod_artifacts/comparison/dior/brightness/seed_43/0f98a48/methods/C/eval_full_brightness_ids_v1/class_ap.txt
DIOR,brightness,C,43,ema,bridge,0.108,printed class_ap.txt (typically 3 decimals),,,complete,/mnt/shared/zechuan/iraod_artifacts/comparison/dior/brightness/seed_43/0f98a48/methods/C/eval_full_brightness_ids_v1/class_ap.txt
DIOR,brightness,C,43,ema,chimney,0.357,printed class_ap.txt (typically 3 decimals),,,complete,/mnt/shared/zechuan/iraod_artifacts/comparison/dior/brightness/seed_43/0f98a48/methods/C/eval_full_brightness_ids_v1/class_ap.txt
DIOR,brightness,C,43,ema,expressway-service-area,0.241,printed class_ap.txt (typically 3 decimals),,,complete,/mnt/shared/zechuan/iraod_artifacts/comparison/dior/brightness/seed_43/0f98a48/methods/C/eval_full_brightness_ids_v1/class_ap.txt
DIOR,brightness,C,43,ema,expressway-toll-station,0.14,printed class_ap.txt (typically 3 decimals),,,complete,/mnt/shared/zechuan/iraod_artifacts/comparison/dior/brightness/seed_43/0f98a48/methods/C/eval_full_brightness_ids_v1/class_ap.txt
DIOR,brightness,C,43,ema,dam,0.091,printed class_ap.txt (typically 3 decimals),,,complete,/mnt/shared/zechuan/iraod_artifacts/comparison/dior/brightness/seed_43/0f98a48/methods/C/eval_full_brightness_ids_v1/class_ap.txt
DIOR,brightness,C,43,ema,golffield,0.129,printed class_ap.txt (typically 3 decimals),,,complete,/mnt/shared/zechuan/iraod_artifacts/comparison/dior/brightness/seed_43/0f98a48/methods/C/eval_full_brightness_ids_v1/class_ap.txt
DIOR,brightness,C,43,ema,groundtrackfield,0.226,printed class_ap.txt (typically 3 decimals),,,complete,/mnt/shared/zechuan/iraod_artifacts/comparison/dior/brightness/seed_43/0f98a48/methods/C/eval_full_brightness_ids_v1/class_ap.txt
DIOR,brightness,C,43,ema,harbor,0.111,printed class_ap.txt (typically 3 decimals),,,complete,/mnt/shared/zechuan/iraod_artifacts/comparison/dior/brightness/seed_43/0f98a48/methods/C/eval_full_brightness_ids_v1/class_ap.txt
DIOR,brightness,C,43,ema,overpass,0.16,printed class_ap.txt (typically 3 decimals),,,complete,/mnt/shared/zechuan/iraod_artifacts/comparison/dior/brightness/seed_43/0f98a48/methods/C/eval_full_brightness_ids_v1/class_ap.txt
DIOR,brightness,C,43,ema,ship,0.66,printed class_ap.txt (typically 3 decimals),,,complete,/mnt/shared/zechuan/iraod_artifacts/comparison/dior/brightness/seed_43/0f98a48/methods/C/eval_full_brightness_ids_v1/class_ap.txt
DIOR,brightness,C,43,ema,stadium,0.208,printed class_ap.txt (typically 3 decimals),,,complete,/mnt/shared/zechuan/iraod_artifacts/comparison/dior/brightness/seed_43/0f98a48/methods/C/eval_full_brightness_ids_v1/class_ap.txt
DIOR,brightness,C,43,ema,storagetank,0.342,printed class_ap.txt (typically 3 decimals),,,complete,/mnt/shared/zechuan/iraod_artifacts/comparison/dior/brightness/seed_43/0f98a48/methods/C/eval_full_brightness_ids_v1/class_ap.txt
DIOR,brightness,C,43,ema,tenniscourt,0.534,printed class_ap.txt (typically 3 decimals),,,complete,/mnt/shared/zechuan/iraod_artifacts/comparison/dior/brightness/seed_43/0f98a48/methods/C/eval_full_brightness_ids_v1/class_ap.txt
DIOR,brightness,C,43,ema,trainstation,0.13,printed class_ap.txt (typically 3 decimals),,,complete,/mnt/shared/zechuan/iraod_artifacts/comparison/dior/brightness/seed_43/0f98a48/methods/C/eval_full_brightness_ids_v1/class_ap.txt
DIOR,brightness,C,43,ema,vehicle,0.275,printed class_ap.txt (typically 3 decimals),,,complete,/mnt/shared/zechuan/iraod_artifacts/comparison/dior/brightness/seed_43/0f98a48/methods/C/eval_full_brightness_ids_v1/class_ap.txt
DIOR,brightness,C,43,ema,windmill,0.082,printed class_ap.txt (typically 3 decimals),,,complete,/mnt/shared/zechuan/iraod_artifacts/comparison/dior/brightness/seed_43/0f98a48/methods/C/eval_full_brightness_ids_v1/class_ap.txt
DIOR,brightness,C,44,ema,airplane,0.343,printed class_ap.txt (typically 3 decimals),,,complete,/mnt/shared/zechuan/iraod_artifacts/comparison/dior/brightness/seed_44/0f98a48/methods/C/eval_full_brightness_ids_v1/class_ap.txt
DIOR,brightness,C,44,ema,airport,0.013,printed class_ap.txt (typically 3 decimals),,,complete,/mnt/shared/zechuan/iraod_artifacts/comparison/dior/brightness/seed_44/0f98a48/methods/C/eval_full_brightness_ids_v1/class_ap.txt
DIOR,brightness,C,44,ema,baseballfield,0.493,printed class_ap.txt (typically 3 decimals),,,complete,/mnt/shared/zechuan/iraod_artifacts/comparison/dior/brightness/seed_44/0f98a48/methods/C/eval_full_brightness_ids_v1/class_ap.txt
DIOR,brightness,C,44,ema,basketballcourt,0.294,printed class_ap.txt (typically 3 decimals),,,complete,/mnt/shared/zechuan/iraod_artifacts/comparison/dior/brightness/seed_44/0f98a48/methods/C/eval_full_brightness_ids_v1/class_ap.txt
DIOR,brightness,C,44,ema,bridge,0.108,printed class_ap.txt (typically 3 decimals),,,complete,/mnt/shared/zechuan/iraod_artifacts/comparison/dior/brightness/seed_44/0f98a48/methods/C/eval_full_brightness_ids_v1/class_ap.txt
DIOR,brightness,C,44,ema,chimney,0.373,printed class_ap.txt (typically 3 decimals),,,complete,/mnt/shared/zechuan/iraod_artifacts/comparison/dior/brightness/seed_44/0f98a48/methods/C/eval_full_brightness_ids_v1/class_ap.txt
DIOR,brightness,C,44,ema,expressway-service-area,0.236,printed class_ap.txt (typically 3 decimals),,,complete,/mnt/shared/zechuan/iraod_artifacts/comparison/dior/brightness/seed_44/0f98a48/methods/C/eval_full_brightness_ids_v1/class_ap.txt
DIOR,brightness,C,44,ema,expressway-toll-station,0.139,printed class_ap.txt (typically 3 decimals),,,complete,/mnt/shared/zechuan/iraod_artifacts/comparison/dior/brightness/seed_44/0f98a48/methods/C/eval_full_brightness_ids_v1/class_ap.txt
DIOR,brightness,C,44,ema,dam,0.091,printed class_ap.txt (typically 3 decimals),,,complete,/mnt/shared/zechuan/iraod_artifacts/comparison/dior/brightness/seed_44/0f98a48/methods/C/eval_full_brightness_ids_v1/class_ap.txt
DIOR,brightness,C,44,ema,golffield,0.132,printed class_ap.txt (typically 3 decimals),,,complete,/mnt/shared/zechuan/iraod_artifacts/comparison/dior/brightness/seed_44/0f98a48/methods/C/eval_full_brightness_ids_v1/class_ap.txt
DIOR,brightness,C,44,ema,groundtrackfield,0.226,printed class_ap.txt (typically 3 decimals),,,complete,/mnt/shared/zechuan/iraod_artifacts/comparison/dior/brightness/seed_44/0f98a48/methods/C/eval_full_brightness_ids_v1/class_ap.txt
DIOR,brightness,C,44,ema,harbor,0.111,printed class_ap.txt (typically 3 decimals),,,complete,/mnt/shared/zechuan/iraod_artifacts/comparison/dior/brightness/seed_44/0f98a48/methods/C/eval_full_brightness_ids_v1/class_ap.txt
DIOR,brightness,C,44,ema,overpass,0.156,printed class_ap.txt (typically 3 decimals),,,complete,/mnt/shared/zechuan/iraod_artifacts/comparison/dior/brightness/seed_44/0f98a48/methods/C/eval_full_brightness_ids_v1/class_ap.txt
DIOR,brightness,C,44,ema,ship,0.659,printed class_ap.txt (typically 3 decimals),,,complete,/mnt/shared/zechuan/iraod_artifacts/comparison/dior/brightness/seed_44/0f98a48/methods/C/eval_full_brightness_ids_v1/class_ap.txt
DIOR,brightness,C,44,ema,stadium,0.211,printed class_ap.txt (typically 3 decimals),,,complete,/mnt/shared/zechuan/iraod_artifacts/comparison/dior/brightness/seed_44/0f98a48/methods/C/eval_full_brightness_ids_v1/class_ap.txt
DIOR,brightness,C,44,ema,storagetank,0.34,printed class_ap.txt (typically 3 decimals),,,complete,/mnt/shared/zechuan/iraod_artifacts/comparison/dior/brightness/seed_44/0f98a48/methods/C/eval_full_brightness_ids_v1/class_ap.txt
DIOR,brightness,C,44,ema,tenniscourt,0.535,printed class_ap.txt (typically 3 decimals),,,complete,/mnt/shared/zechuan/iraod_artifacts/comparison/dior/brightness/seed_44/0f98a48/methods/C/eval_full_brightness_ids_v1/class_ap.txt
DIOR,brightness,C,44,ema,trainstation,0.133,printed class_ap.txt (typically 3 decimals),,,complete,/mnt/shared/zechuan/iraod_artifacts/comparison/dior/brightness/seed_44/0f98a48/methods/C/eval_full_brightness_ids_v1/class_ap.txt
DIOR,brightness,C,44,ema,vehicle,0.276,printed class_ap.txt (typically 3 decimals),,,complete,/mnt/shared/zechuan/iraod_artifacts/comparison/dior/brightness/seed_44/0f98a48/methods/C/eval_full_brightness_ids_v1/class_ap.txt
DIOR,brightness,C,44,ema,windmill,0.081,printed class_ap.txt (typically 3 decimals),,,complete,/mnt/shared/zechuan/iraod_artifacts/comparison/dior/brightness/seed_44/0f98a48/methods/C/eval_full_brightness_ids_v1/class_ap.txt
DIOR,brightness,D,42,ema,airplane,0.313,printed class_ap.txt (typically 3 decimals),0.313,0.313,complete,/mnt/shared/zechuan/iraod_artifacts/comparison/dior/brightness/seed_42/0f98a48/methods/D/eval_full_brightness_ids_v1/class_ap.txt
DIOR,brightness,D,42,ema,airport,0.023,printed class_ap.txt (typically 3 decimals),0.023,0.023,complete,/mnt/shared/zechuan/iraod_artifacts/comparison/dior/brightness/seed_42/0f98a48/methods/D/eval_full_brightness_ids_v1/class_ap.txt
DIOR,brightness,D,42,ema,baseballfield,0.486,printed class_ap.txt (typically 3 decimals),0.486,0.486,complete,/mnt/shared/zechuan/iraod_artifacts/comparison/dior/brightness/seed_42/0f98a48/methods/D/eval_full_brightness_ids_v1/class_ap.txt
DIOR,brightness,D,42,ema,basketballcourt,0.291,printed class_ap.txt (typically 3 decimals),0.291,0.291,complete,/mnt/shared/zechuan/iraod_artifacts/comparison/dior/brightness/seed_42/0f98a48/methods/D/eval_full_brightness_ids_v1/class_ap.txt
DIOR,brightness,D,42,ema,bridge,0.107,printed class_ap.txt (typically 3 decimals),0.107,0.107,complete,/mnt/shared/zechuan/iraod_artifacts/comparison/dior/brightness/seed_42/0f98a48/methods/D/eval_full_brightness_ids_v1/class_ap.txt
DIOR,brightness,D,42,ema,chimney,0.357,printed class_ap.txt (typically 3 decimals),0.357,0.357,complete,/mnt/shared/zechuan/iraod_artifacts/comparison/dior/brightness/seed_42/0f98a48/methods/D/eval_full_brightness_ids_v1/class_ap.txt
DIOR,brightness,D,42,ema,expressway-service-area,0.227,printed class_ap.txt (typically 3 decimals),0.227,0.227,complete,/mnt/shared/zechuan/iraod_artifacts/comparison/dior/brightness/seed_42/0f98a48/methods/D/eval_full_brightness_ids_v1/class_ap.txt
DIOR,brightness,D,42,ema,expressway-toll-station,0.139,printed class_ap.txt (typically 3 decimals),0.139,0.139,complete,/mnt/shared/zechuan/iraod_artifacts/comparison/dior/brightness/seed_42/0f98a48/methods/D/eval_full_brightness_ids_v1/class_ap.txt
DIOR,brightness,D,42,ema,dam,0.091,printed class_ap.txt (typically 3 decimals),0.091,0.091,complete,/mnt/shared/zechuan/iraod_artifacts/comparison/dior/brightness/seed_42/0f98a48/methods/D/eval_full_brightness_ids_v1/class_ap.txt
DIOR,brightness,D,42,ema,golffield,0.122,printed class_ap.txt (typically 3 decimals),0.122,0.122,complete,/mnt/shared/zechuan/iraod_artifacts/comparison/dior/brightness/seed_42/0f98a48/methods/D/eval_full_brightness_ids_v1/class_ap.txt
DIOR,brightness,D,42,ema,groundtrackfield,0.231,printed class_ap.txt (typically 3 decimals),0.231,0.231,complete,/mnt/shared/zechuan/iraod_artifacts/comparison/dior/brightness/seed_42/0f98a48/methods/D/eval_full_brightness_ids_v1/class_ap.txt
DIOR,brightness,D,42,ema,harbor,0.103,printed class_ap.txt (typically 3 decimals),0.103,0.103,complete,/mnt/shared/zechuan/iraod_artifacts/comparison/dior/brightness/seed_42/0f98a48/methods/D/eval_full_brightness_ids_v1/class_ap.txt
DIOR,brightness,D,42,ema,overpass,0.155,printed class_ap.txt (typically 3 decimals),0.155,0.155,complete,/mnt/shared/zechuan/iraod_artifacts/comparison/dior/brightness/seed_42/0f98a48/methods/D/eval_full_brightness_ids_v1/class_ap.txt
DIOR,brightness,D,42,ema,ship,0.616,printed class_ap.txt (typically 3 decimals),0.616,0.616,complete,/mnt/shared/zechuan/iraod_artifacts/comparison/dior/brightness/seed_42/0f98a48/methods/D/eval_full_brightness_ids_v1/class_ap.txt
DIOR,brightness,D,42,ema,stadium,0.195,printed class_ap.txt (typically 3 decimals),0.195,0.195,complete,/mnt/shared/zechuan/iraod_artifacts/comparison/dior/brightness/seed_42/0f98a48/methods/D/eval_full_brightness_ids_v1/class_ap.txt
DIOR,brightness,D,42,ema,storagetank,0.34,printed class_ap.txt (typically 3 decimals),0.34,0.34,complete,/mnt/shared/zechuan/iraod_artifacts/comparison/dior/brightness/seed_42/0f98a48/methods/D/eval_full_brightness_ids_v1/class_ap.txt
DIOR,brightness,D,42,ema,tenniscourt,0.533,printed class_ap.txt (typically 3 decimals),0.533,0.533,complete,/mnt/shared/zechuan/iraod_artifacts/comparison/dior/brightness/seed_42/0f98a48/methods/D/eval_full_brightness_ids_v1/class_ap.txt
DIOR,brightness,D,42,ema,trainstation,0.134,printed class_ap.txt (typically 3 decimals),0.134,0.134,complete,/mnt/shared/zechuan/iraod_artifacts/comparison/dior/brightness/seed_42/0f98a48/methods/D/eval_full_brightness_ids_v1/class_ap.txt
DIOR,brightness,D,42,ema,vehicle,0.248,printed class_ap.txt (typically 3 decimals),0.248,0.248,complete,/mnt/shared/zechuan/iraod_artifacts/comparison/dior/brightness/seed_42/0f98a48/methods/D/eval_full_brightness_ids_v1/class_ap.txt
DIOR,brightness,D,42,ema,windmill,0.087,printed class_ap.txt (typically 3 decimals),0.087,0.087,complete,/mnt/shared/zechuan/iraod_artifacts/comparison/dior/brightness/seed_42/0f98a48/methods/D/eval_full_brightness_ids_v1/class_ap.txt
DIOR,brightness,D,43,ema,airplane,0.316,printed class_ap.txt (typically 3 decimals),,,complete,/mnt/shared/zechuan/iraod_artifacts/comparison/dior/brightness/seed_43/0f98a48/methods/D/eval_full_brightness_ids_v1/class_ap.txt
DIOR,brightness,D,43,ema,airport,0.014,printed class_ap.txt (typically 3 decimals),,,complete,/mnt/shared/zechuan/iraod_artifacts/comparison/dior/brightness/seed_43/0f98a48/methods/D/eval_full_brightness_ids_v1/class_ap.txt
DIOR,brightness,D,43,ema,baseballfield,0.489,printed class_ap.txt (typically 3 decimals),,,complete,/mnt/shared/zechuan/iraod_artifacts/comparison/dior/brightness/seed_43/0f98a48/methods/D/eval_full_brightness_ids_v1/class_ap.txt
DIOR,brightness,D,43,ema,basketballcourt,0.291,printed class_ap.txt (typically 3 decimals),,,complete,/mnt/shared/zechuan/iraod_artifacts/comparison/dior/brightness/seed_43/0f98a48/methods/D/eval_full_brightness_ids_v1/class_ap.txt
DIOR,brightness,D,43,ema,bridge,0.106,printed class_ap.txt (typically 3 decimals),,,complete,/mnt/shared/zechuan/iraod_artifacts/comparison/dior/brightness/seed_43/0f98a48/methods/D/eval_full_brightness_ids_v1/class_ap.txt
DIOR,brightness,D,43,ema,chimney,0.359,printed class_ap.txt (typically 3 decimals),,,complete,/mnt/shared/zechuan/iraod_artifacts/comparison/dior/brightness/seed_43/0f98a48/methods/D/eval_full_brightness_ids_v1/class_ap.txt
DIOR,brightness,D,43,ema,expressway-service-area,0.228,printed class_ap.txt (typically 3 decimals),,,complete,/mnt/shared/zechuan/iraod_artifacts/comparison/dior/brightness/seed_43/0f98a48/methods/D/eval_full_brightness_ids_v1/class_ap.txt
DIOR,brightness,D,43,ema,expressway-toll-station,0.136,printed class_ap.txt (typically 3 decimals),,,complete,/mnt/shared/zechuan/iraod_artifacts/comparison/dior/brightness/seed_43/0f98a48/methods/D/eval_full_brightness_ids_v1/class_ap.txt
DIOR,brightness,D,43,ema,dam,0.091,printed class_ap.txt (typically 3 decimals),,,complete,/mnt/shared/zechuan/iraod_artifacts/comparison/dior/brightness/seed_43/0f98a48/methods/D/eval_full_brightness_ids_v1/class_ap.txt
DIOR,brightness,D,43,ema,golffield,0.121,printed class_ap.txt (typically 3 decimals),,,complete,/mnt/shared/zechuan/iraod_artifacts/comparison/dior/brightness/seed_43/0f98a48/methods/D/eval_full_brightness_ids_v1/class_ap.txt
DIOR,brightness,D,43,ema,groundtrackfield,0.229,printed class_ap.txt (typically 3 decimals),,,complete,/mnt/shared/zechuan/iraod_artifacts/comparison/dior/brightness/seed_43/0f98a48/methods/D/eval_full_brightness_ids_v1/class_ap.txt
DIOR,brightness,D,43,ema,harbor,0.105,printed class_ap.txt (typically 3 decimals),,,complete,/mnt/shared/zechuan/iraod_artifacts/comparison/dior/brightness/seed_43/0f98a48/methods/D/eval_full_brightness_ids_v1/class_ap.txt
DIOR,brightness,D,43,ema,overpass,0.152,printed class_ap.txt (typically 3 decimals),,,complete,/mnt/shared/zechuan/iraod_artifacts/comparison/dior/brightness/seed_43/0f98a48/methods/D/eval_full_brightness_ids_v1/class_ap.txt
DIOR,brightness,D,43,ema,ship,0.618,printed class_ap.txt (typically 3 decimals),,,complete,/mnt/shared/zechuan/iraod_artifacts/comparison/dior/brightness/seed_43/0f98a48/methods/D/eval_full_brightness_ids_v1/class_ap.txt
DIOR,brightness,D,43,ema,stadium,0.202,printed class_ap.txt (typically 3 decimals),,,complete,/mnt/shared/zechuan/iraod_artifacts/comparison/dior/brightness/seed_43/0f98a48/methods/D/eval_full_brightness_ids_v1/class_ap.txt
DIOR,brightness,D,43,ema,storagetank,0.341,printed class_ap.txt (typically 3 decimals),,,complete,/mnt/shared/zechuan/iraod_artifacts/comparison/dior/brightness/seed_43/0f98a48/methods/D/eval_full_brightness_ids_v1/class_ap.txt
DIOR,brightness,D,43,ema,tenniscourt,0.533,printed class_ap.txt (typically 3 decimals),,,complete,/mnt/shared/zechuan/iraod_artifacts/comparison/dior/brightness/seed_43/0f98a48/methods/D/eval_full_brightness_ids_v1/class_ap.txt
DIOR,brightness,D,43,ema,trainstation,0.133,printed class_ap.txt (typically 3 decimals),,,complete,/mnt/shared/zechuan/iraod_artifacts/comparison/dior/brightness/seed_43/0f98a48/methods/D/eval_full_brightness_ids_v1/class_ap.txt
DIOR,brightness,D,43,ema,vehicle,0.248,printed class_ap.txt (typically 3 decimals),,,complete,/mnt/shared/zechuan/iraod_artifacts/comparison/dior/brightness/seed_43/0f98a48/methods/D/eval_full_brightness_ids_v1/class_ap.txt
DIOR,brightness,D,43,ema,windmill,0.09,printed class_ap.txt (typically 3 decimals),,,complete,/mnt/shared/zechuan/iraod_artifacts/comparison/dior/brightness/seed_43/0f98a48/methods/D/eval_full_brightness_ids_v1/class_ap.txt
DIOR,brightness,D,44,ema,airplane,0.316,printed class_ap.txt (typically 3 decimals),,,complete,/mnt/shared/zechuan/iraod_artifacts/comparison/dior/brightness/seed_44/0f98a48/methods/D/eval_full_brightness_ids_v1/class_ap.txt
DIOR,brightness,D,44,ema,airport,0.015,printed class_ap.txt (typically 3 decimals),,,complete,/mnt/shared/zechuan/iraod_artifacts/comparison/dior/brightness/seed_44/0f98a48/methods/D/eval_full_brightness_ids_v1/class_ap.txt
DIOR,brightness,D,44,ema,baseballfield,0.487,printed class_ap.txt (typically 3 decimals),,,complete,/mnt/shared/zechuan/iraod_artifacts/comparison/dior/brightness/seed_44/0f98a48/methods/D/eval_full_brightness_ids_v1/class_ap.txt
DIOR,brightness,D,44,ema,basketballcourt,0.29,printed class_ap.txt (typically 3 decimals),,,complete,/mnt/shared/zechuan/iraod_artifacts/comparison/dior/brightness/seed_44/0f98a48/methods/D/eval_full_brightness_ids_v1/class_ap.txt
DIOR,brightness,D,44,ema,bridge,0.107,printed class_ap.txt (typically 3 decimals),,,complete,/mnt/shared/zechuan/iraod_artifacts/comparison/dior/brightness/seed_44/0f98a48/methods/D/eval_full_brightness_ids_v1/class_ap.txt
DIOR,brightness,D,44,ema,chimney,0.355,printed class_ap.txt (typically 3 decimals),,,complete,/mnt/shared/zechuan/iraod_artifacts/comparison/dior/brightness/seed_44/0f98a48/methods/D/eval_full_brightness_ids_v1/class_ap.txt
DIOR,brightness,D,44,ema,expressway-service-area,0.225,printed class_ap.txt (typically 3 decimals),,,complete,/mnt/shared/zechuan/iraod_artifacts/comparison/dior/brightness/seed_44/0f98a48/methods/D/eval_full_brightness_ids_v1/class_ap.txt
DIOR,brightness,D,44,ema,expressway-toll-station,0.143,printed class_ap.txt (typically 3 decimals),,,complete,/mnt/shared/zechuan/iraod_artifacts/comparison/dior/brightness/seed_44/0f98a48/methods/D/eval_full_brightness_ids_v1/class_ap.txt
DIOR,brightness,D,44,ema,dam,0.091,printed class_ap.txt (typically 3 decimals),,,complete,/mnt/shared/zechuan/iraod_artifacts/comparison/dior/brightness/seed_44/0f98a48/methods/D/eval_full_brightness_ids_v1/class_ap.txt
DIOR,brightness,D,44,ema,golffield,0.106,printed class_ap.txt (typically 3 decimals),,,complete,/mnt/shared/zechuan/iraod_artifacts/comparison/dior/brightness/seed_44/0f98a48/methods/D/eval_full_brightness_ids_v1/class_ap.txt
DIOR,brightness,D,44,ema,groundtrackfield,0.231,printed class_ap.txt (typically 3 decimals),,,complete,/mnt/shared/zechuan/iraod_artifacts/comparison/dior/brightness/seed_44/0f98a48/methods/D/eval_full_brightness_ids_v1/class_ap.txt
DIOR,brightness,D,44,ema,harbor,0.107,printed class_ap.txt (typically 3 decimals),,,complete,/mnt/shared/zechuan/iraod_artifacts/comparison/dior/brightness/seed_44/0f98a48/methods/D/eval_full_brightness_ids_v1/class_ap.txt
DIOR,brightness,D,44,ema,overpass,0.153,printed class_ap.txt (typically 3 decimals),,,complete,/mnt/shared/zechuan/iraod_artifacts/comparison/dior/brightness/seed_44/0f98a48/methods/D/eval_full_brightness_ids_v1/class_ap.txt
DIOR,brightness,D,44,ema,ship,0.618,printed class_ap.txt (typically 3 decimals),,,complete,/mnt/shared/zechuan/iraod_artifacts/comparison/dior/brightness/seed_44/0f98a48/methods/D/eval_full_brightness_ids_v1/class_ap.txt
DIOR,brightness,D,44,ema,stadium,0.199,printed class_ap.txt (typically 3 decimals),,,complete,/mnt/shared/zechuan/iraod_artifacts/comparison/dior/brightness/seed_44/0f98a48/methods/D/eval_full_brightness_ids_v1/class_ap.txt
DIOR,brightness,D,44,ema,storagetank,0.341,printed class_ap.txt (typically 3 decimals),,,complete,/mnt/shared/zechuan/iraod_artifacts/comparison/dior/brightness/seed_44/0f98a48/methods/D/eval_full_brightness_ids_v1/class_ap.txt
DIOR,brightness,D,44,ema,tenniscourt,0.535,printed class_ap.txt (typically 3 decimals),,,complete,/mnt/shared/zechuan/iraod_artifacts/comparison/dior/brightness/seed_44/0f98a48/methods/D/eval_full_brightness_ids_v1/class_ap.txt
DIOR,brightness,D,44,ema,trainstation,0.134,printed class_ap.txt (typically 3 decimals),,,complete,/mnt/shared/zechuan/iraod_artifacts/comparison/dior/brightness/seed_44/0f98a48/methods/D/eval_full_brightness_ids_v1/class_ap.txt
DIOR,brightness,D,44,ema,vehicle,0.248,printed class_ap.txt (typically 3 decimals),,,complete,/mnt/shared/zechuan/iraod_artifacts/comparison/dior/brightness/seed_44/0f98a48/methods/D/eval_full_brightness_ids_v1/class_ap.txt
DIOR,brightness,D,44,ema,windmill,0.089,printed class_ap.txt (typically 3 decimals),,,complete,/mnt/shared/zechuan/iraod_artifacts/comparison/dior/brightness/seed_44/0f98a48/methods/D/eval_full_brightness_ids_v1/class_ap.txt
DIOR,brightness,E,42,ema,airplane,0.341,printed class_ap.txt (typically 3 decimals),0.341,0.341,complete,/mnt/shared/zechuan/iraod_artifacts/comparison/dior/brightness/seed_42/0f98a48/methods/E/ddp2/eval_full_brightness_ids_v1/class_ap.txt
DIOR,brightness,E,42,ema,airport,0.014,printed class_ap.txt (typically 3 decimals),0.014,0.014,complete,/mnt/shared/zechuan/iraod_artifacts/comparison/dior/brightness/seed_42/0f98a48/methods/E/ddp2/eval_full_brightness_ids_v1/class_ap.txt
DIOR,brightness,E,42,ema,baseballfield,0.491,printed class_ap.txt (typically 3 decimals),0.491,0.491,complete,/mnt/shared/zechuan/iraod_artifacts/comparison/dior/brightness/seed_42/0f98a48/methods/E/ddp2/eval_full_brightness_ids_v1/class_ap.txt
DIOR,brightness,E,42,ema,basketballcourt,0.29,printed class_ap.txt (typically 3 decimals),0.29,0.29,complete,/mnt/shared/zechuan/iraod_artifacts/comparison/dior/brightness/seed_42/0f98a48/methods/E/ddp2/eval_full_brightness_ids_v1/class_ap.txt
DIOR,brightness,E,42,ema,bridge,0.107,printed class_ap.txt (typically 3 decimals),0.107,0.107,complete,/mnt/shared/zechuan/iraod_artifacts/comparison/dior/brightness/seed_42/0f98a48/methods/E/ddp2/eval_full_brightness_ids_v1/class_ap.txt
DIOR,brightness,E,42,ema,chimney,0.352,printed class_ap.txt (typically 3 decimals),0.352,0.352,complete,/mnt/shared/zechuan/iraod_artifacts/comparison/dior/brightness/seed_42/0f98a48/methods/E/ddp2/eval_full_brightness_ids_v1/class_ap.txt
DIOR,brightness,E,42,ema,expressway-service-area,0.226,printed class_ap.txt (typically 3 decimals),0.226,0.226,complete,/mnt/shared/zechuan/iraod_artifacts/comparison/dior/brightness/seed_42/0f98a48/methods/E/ddp2/eval_full_brightness_ids_v1/class_ap.txt
DIOR,brightness,E,42,ema,expressway-toll-station,0.142,printed class_ap.txt (typically 3 decimals),0.142,0.142,complete,/mnt/shared/zechuan/iraod_artifacts/comparison/dior/brightness/seed_42/0f98a48/methods/E/ddp2/eval_full_brightness_ids_v1/class_ap.txt
DIOR,brightness,E,42,ema,dam,0.091,printed class_ap.txt (typically 3 decimals),0.091,0.091,complete,/mnt/shared/zechuan/iraod_artifacts/comparison/dior/brightness/seed_42/0f98a48/methods/E/ddp2/eval_full_brightness_ids_v1/class_ap.txt
DIOR,brightness,E,42,ema,golffield,0.127,printed class_ap.txt (typically 3 decimals),0.127,0.127,complete,/mnt/shared/zechuan/iraod_artifacts/comparison/dior/brightness/seed_42/0f98a48/methods/E/ddp2/eval_full_brightness_ids_v1/class_ap.txt
DIOR,brightness,E,42,ema,groundtrackfield,0.22,printed class_ap.txt (typically 3 decimals),0.22,0.22,complete,/mnt/shared/zechuan/iraod_artifacts/comparison/dior/brightness/seed_42/0f98a48/methods/E/ddp2/eval_full_brightness_ids_v1/class_ap.txt
DIOR,brightness,E,42,ema,harbor,0.107,printed class_ap.txt (typically 3 decimals),0.107,0.107,complete,/mnt/shared/zechuan/iraod_artifacts/comparison/dior/brightness/seed_42/0f98a48/methods/E/ddp2/eval_full_brightness_ids_v1/class_ap.txt
DIOR,brightness,E,42,ema,overpass,0.156,printed class_ap.txt (typically 3 decimals),0.156,0.156,complete,/mnt/shared/zechuan/iraod_artifacts/comparison/dior/brightness/seed_42/0f98a48/methods/E/ddp2/eval_full_brightness_ids_v1/class_ap.txt
DIOR,brightness,E,42,ema,ship,0.664,printed class_ap.txt (typically 3 decimals),0.664,0.664,complete,/mnt/shared/zechuan/iraod_artifacts/comparison/dior/brightness/seed_42/0f98a48/methods/E/ddp2/eval_full_brightness_ids_v1/class_ap.txt
DIOR,brightness,E,42,ema,stadium,0.194,printed class_ap.txt (typically 3 decimals),0.194,0.194,complete,/mnt/shared/zechuan/iraod_artifacts/comparison/dior/brightness/seed_42/0f98a48/methods/E/ddp2/eval_full_brightness_ids_v1/class_ap.txt
DIOR,brightness,E,42,ema,storagetank,0.347,printed class_ap.txt (typically 3 decimals),0.347,0.347,complete,/mnt/shared/zechuan/iraod_artifacts/comparison/dior/brightness/seed_42/0f98a48/methods/E/ddp2/eval_full_brightness_ids_v1/class_ap.txt
DIOR,brightness,E,42,ema,tenniscourt,0.534,printed class_ap.txt (typically 3 decimals),0.534,0.534,complete,/mnt/shared/zechuan/iraod_artifacts/comparison/dior/brightness/seed_42/0f98a48/methods/E/ddp2/eval_full_brightness_ids_v1/class_ap.txt
DIOR,brightness,E,42,ema,trainstation,0.13,printed class_ap.txt (typically 3 decimals),0.13,0.13,complete,/mnt/shared/zechuan/iraod_artifacts/comparison/dior/brightness/seed_42/0f98a48/methods/E/ddp2/eval_full_brightness_ids_v1/class_ap.txt
DIOR,brightness,E,42,ema,vehicle,0.274,printed class_ap.txt (typically 3 decimals),0.274,0.274,complete,/mnt/shared/zechuan/iraod_artifacts/comparison/dior/brightness/seed_42/0f98a48/methods/E/ddp2/eval_full_brightness_ids_v1/class_ap.txt
DIOR,brightness,E,42,ema,windmill,0.089,printed class_ap.txt (typically 3 decimals),0.089,0.089,complete,/mnt/shared/zechuan/iraod_artifacts/comparison/dior/brightness/seed_42/0f98a48/methods/E/ddp2/eval_full_brightness_ids_v1/class_ap.txt
DIOR,brightness,E,43,ema,airplane,0.341,printed class_ap.txt (typically 3 decimals),,,complete,/mnt/shared/zechuan/iraod_artifacts/comparison/dior/brightness/seed_43/0f98a48/methods/E/ddp2/eval_full_brightness_ids_v1/class_ap.txt
DIOR,brightness,E,43,ema,airport,0.014,printed class_ap.txt (typically 3 decimals),,,complete,/mnt/shared/zechuan/iraod_artifacts/comparison/dior/brightness/seed_43/0f98a48/methods/E/ddp2/eval_full_brightness_ids_v1/class_ap.txt
DIOR,brightness,E,43,ema,baseballfield,0.49,printed class_ap.txt (typically 3 decimals),,,complete,/mnt/shared/zechuan/iraod_artifacts/comparison/dior/brightness/seed_43/0f98a48/methods/E/ddp2/eval_full_brightness_ids_v1/class_ap.txt
DIOR,brightness,E,43,ema,basketballcourt,0.29,printed class_ap.txt (typically 3 decimals),,,complete,/mnt/shared/zechuan/iraod_artifacts/comparison/dior/brightness/seed_43/0f98a48/methods/E/ddp2/eval_full_brightness_ids_v1/class_ap.txt
DIOR,brightness,E,43,ema,bridge,0.108,printed class_ap.txt (typically 3 decimals),,,complete,/mnt/shared/zechuan/iraod_artifacts/comparison/dior/brightness/seed_43/0f98a48/methods/E/ddp2/eval_full_brightness_ids_v1/class_ap.txt
DIOR,brightness,E,43,ema,chimney,0.371,printed class_ap.txt (typically 3 decimals),,,complete,/mnt/shared/zechuan/iraod_artifacts/comparison/dior/brightness/seed_43/0f98a48/methods/E/ddp2/eval_full_brightness_ids_v1/class_ap.txt
DIOR,brightness,E,43,ema,expressway-service-area,0.225,printed class_ap.txt (typically 3 decimals),,,complete,/mnt/shared/zechuan/iraod_artifacts/comparison/dior/brightness/seed_43/0f98a48/methods/E/ddp2/eval_full_brightness_ids_v1/class_ap.txt
DIOR,brightness,E,43,ema,expressway-toll-station,0.139,printed class_ap.txt (typically 3 decimals),,,complete,/mnt/shared/zechuan/iraod_artifacts/comparison/dior/brightness/seed_43/0f98a48/methods/E/ddp2/eval_full_brightness_ids_v1/class_ap.txt
DIOR,brightness,E,43,ema,dam,0.091,printed class_ap.txt (typically 3 decimals),,,complete,/mnt/shared/zechuan/iraod_artifacts/comparison/dior/brightness/seed_43/0f98a48/methods/E/ddp2/eval_full_brightness_ids_v1/class_ap.txt
DIOR,brightness,E,43,ema,golffield,0.119,printed class_ap.txt (typically 3 decimals),,,complete,/mnt/shared/zechuan/iraod_artifacts/comparison/dior/brightness/seed_43/0f98a48/methods/E/ddp2/eval_full_brightness_ids_v1/class_ap.txt
DIOR,brightness,E,43,ema,groundtrackfield,0.221,printed class_ap.txt (typically 3 decimals),,,complete,/mnt/shared/zechuan/iraod_artifacts/comparison/dior/brightness/seed_43/0f98a48/methods/E/ddp2/eval_full_brightness_ids_v1/class_ap.txt
DIOR,brightness,E,43,ema,harbor,0.131,printed class_ap.txt (typically 3 decimals),,,complete,/mnt/shared/zechuan/iraod_artifacts/comparison/dior/brightness/seed_43/0f98a48/methods/E/ddp2/eval_full_brightness_ids_v1/class_ap.txt
DIOR,brightness,E,43,ema,overpass,0.157,printed class_ap.txt (typically 3 decimals),,,complete,/mnt/shared/zechuan/iraod_artifacts/comparison/dior/brightness/seed_43/0f98a48/methods/E/ddp2/eval_full_brightness_ids_v1/class_ap.txt
DIOR,brightness,E,43,ema,ship,0.666,printed class_ap.txt (typically 3 decimals),,,complete,/mnt/shared/zechuan/iraod_artifacts/comparison/dior/brightness/seed_43/0f98a48/methods/E/ddp2/eval_full_brightness_ids_v1/class_ap.txt
DIOR,brightness,E,43,ema,stadium,0.196,printed class_ap.txt (typically 3 decimals),,,complete,/mnt/shared/zechuan/iraod_artifacts/comparison/dior/brightness/seed_43/0f98a48/methods/E/ddp2/eval_full_brightness_ids_v1/class_ap.txt
DIOR,brightness,E,43,ema,storagetank,0.35,printed class_ap.txt (typically 3 decimals),,,complete,/mnt/shared/zechuan/iraod_artifacts/comparison/dior/brightness/seed_43/0f98a48/methods/E/ddp2/eval_full_brightness_ids_v1/class_ap.txt
DIOR,brightness,E,43,ema,tenniscourt,0.533,printed class_ap.txt (typically 3 decimals),,,complete,/mnt/shared/zechuan/iraod_artifacts/comparison/dior/brightness/seed_43/0f98a48/methods/E/ddp2/eval_full_brightness_ids_v1/class_ap.txt
DIOR,brightness,E,43,ema,trainstation,0.125,printed class_ap.txt (typically 3 decimals),,,complete,/mnt/shared/zechuan/iraod_artifacts/comparison/dior/brightness/seed_43/0f98a48/methods/E/ddp2/eval_full_brightness_ids_v1/class_ap.txt
DIOR,brightness,E,43,ema,vehicle,0.275,printed class_ap.txt (typically 3 decimals),,,complete,/mnt/shared/zechuan/iraod_artifacts/comparison/dior/brightness/seed_43/0f98a48/methods/E/ddp2/eval_full_brightness_ids_v1/class_ap.txt
DIOR,brightness,E,43,ema,windmill,0.09,printed class_ap.txt (typically 3 decimals),,,complete,/mnt/shared/zechuan/iraod_artifacts/comparison/dior/brightness/seed_43/0f98a48/methods/E/ddp2/eval_full_brightness_ids_v1/class_ap.txt
DIOR,brightness,E,44,ema,airplane,0.339,printed class_ap.txt (typically 3 decimals),,,complete,/mnt/shared/zechuan/iraod_artifacts/comparison/dior/brightness/seed_44/0f98a48/methods/E/ddp2/eval_full_brightness_ids_v1/class_ap.txt
DIOR,brightness,E,44,ema,airport,0.015,printed class_ap.txt (typically 3 decimals),,,complete,/mnt/shared/zechuan/iraod_artifacts/comparison/dior/brightness/seed_44/0f98a48/methods/E/ddp2/eval_full_brightness_ids_v1/class_ap.txt
DIOR,brightness,E,44,ema,baseballfield,0.488,printed class_ap.txt (typically 3 decimals),,,complete,/mnt/shared/zechuan/iraod_artifacts/comparison/dior/brightness/seed_44/0f98a48/methods/E/ddp2/eval_full_brightness_ids_v1/class_ap.txt
DIOR,brightness,E,44,ema,basketballcourt,0.288,printed class_ap.txt (typically 3 decimals),,,complete,/mnt/shared/zechuan/iraod_artifacts/comparison/dior/brightness/seed_44/0f98a48/methods/E/ddp2/eval_full_brightness_ids_v1/class_ap.txt
DIOR,brightness,E,44,ema,bridge,0.107,printed class_ap.txt (typically 3 decimals),,,complete,/mnt/shared/zechuan/iraod_artifacts/comparison/dior/brightness/seed_44/0f98a48/methods/E/ddp2/eval_full_brightness_ids_v1/class_ap.txt
DIOR,brightness,E,44,ema,chimney,0.354,printed class_ap.txt (typically 3 decimals),,,complete,/mnt/shared/zechuan/iraod_artifacts/comparison/dior/brightness/seed_44/0f98a48/methods/E/ddp2/eval_full_brightness_ids_v1/class_ap.txt
DIOR,brightness,E,44,ema,expressway-service-area,0.227,printed class_ap.txt (typically 3 decimals),,,complete,/mnt/shared/zechuan/iraod_artifacts/comparison/dior/brightness/seed_44/0f98a48/methods/E/ddp2/eval_full_brightness_ids_v1/class_ap.txt
DIOR,brightness,E,44,ema,expressway-toll-station,0.142,printed class_ap.txt (typically 3 decimals),,,complete,/mnt/shared/zechuan/iraod_artifacts/comparison/dior/brightness/seed_44/0f98a48/methods/E/ddp2/eval_full_brightness_ids_v1/class_ap.txt
DIOR,brightness,E,44,ema,dam,0.091,printed class_ap.txt (typically 3 decimals),,,complete,/mnt/shared/zechuan/iraod_artifacts/comparison/dior/brightness/seed_44/0f98a48/methods/E/ddp2/eval_full_brightness_ids_v1/class_ap.txt
DIOR,brightness,E,44,ema,golffield,0.123,printed class_ap.txt (typically 3 decimals),,,complete,/mnt/shared/zechuan/iraod_artifacts/comparison/dior/brightness/seed_44/0f98a48/methods/E/ddp2/eval_full_brightness_ids_v1/class_ap.txt
DIOR,brightness,E,44,ema,groundtrackfield,0.217,printed class_ap.txt (typically 3 decimals),,,complete,/mnt/shared/zechuan/iraod_artifacts/comparison/dior/brightness/seed_44/0f98a48/methods/E/ddp2/eval_full_brightness_ids_v1/class_ap.txt
DIOR,brightness,E,44,ema,harbor,0.114,printed class_ap.txt (typically 3 decimals),,,complete,/mnt/shared/zechuan/iraod_artifacts/comparison/dior/brightness/seed_44/0f98a48/methods/E/ddp2/eval_full_brightness_ids_v1/class_ap.txt
DIOR,brightness,E,44,ema,overpass,0.157,printed class_ap.txt (typically 3 decimals),,,complete,/mnt/shared/zechuan/iraod_artifacts/comparison/dior/brightness/seed_44/0f98a48/methods/E/ddp2/eval_full_brightness_ids_v1/class_ap.txt
DIOR,brightness,E,44,ema,ship,0.665,printed class_ap.txt (typically 3 decimals),,,complete,/mnt/shared/zechuan/iraod_artifacts/comparison/dior/brightness/seed_44/0f98a48/methods/E/ddp2/eval_full_brightness_ids_v1/class_ap.txt
DIOR,brightness,E,44,ema,stadium,0.195,printed class_ap.txt (typically 3 decimals),,,complete,/mnt/shared/zechuan/iraod_artifacts/comparison/dior/brightness/seed_44/0f98a48/methods/E/ddp2/eval_full_brightness_ids_v1/class_ap.txt
DIOR,brightness,E,44,ema,storagetank,0.344,printed class_ap.txt (typically 3 decimals),,,complete,/mnt/shared/zechuan/iraod_artifacts/comparison/dior/brightness/seed_44/0f98a48/methods/E/ddp2/eval_full_brightness_ids_v1/class_ap.txt
DIOR,brightness,E,44,ema,tenniscourt,0.534,printed class_ap.txt (typically 3 decimals),,,complete,/mnt/shared/zechuan/iraod_artifacts/comparison/dior/brightness/seed_44/0f98a48/methods/E/ddp2/eval_full_brightness_ids_v1/class_ap.txt
DIOR,brightness,E,44,ema,trainstation,0.133,printed class_ap.txt (typically 3 decimals),,,complete,/mnt/shared/zechuan/iraod_artifacts/comparison/dior/brightness/seed_44/0f98a48/methods/E/ddp2/eval_full_brightness_ids_v1/class_ap.txt
DIOR,brightness,E,44,ema,vehicle,0.275,printed class_ap.txt (typically 3 decimals),,,complete,/mnt/shared/zechuan/iraod_artifacts/comparison/dior/brightness/seed_44/0f98a48/methods/E/ddp2/eval_full_brightness_ids_v1/class_ap.txt
DIOR,brightness,E,44,ema,windmill,0.093,printed class_ap.txt (typically 3 decimals),,,complete,/mnt/shared/zechuan/iraod_artifacts/comparison/dior/brightness/seed_44/0f98a48/methods/E/ddp2/eval_full_brightness_ids_v1/class_ap.txt
DIOR,brightness,F,42,ema,airplane,0.32,printed class_ap.txt (typically 3 decimals),0.32,0.32,complete,/mnt/shared/zechuan/iraod_artifacts/comparison/dior/brightness/seed_42/0f98a48/methods/F/ddp2/eval_full_brightness_ids_v1/class_ap.txt
DIOR,brightness,F,42,ema,airport,0.015,printed class_ap.txt (typically 3 decimals),0.015,0.015,complete,/mnt/shared/zechuan/iraod_artifacts/comparison/dior/brightness/seed_42/0f98a48/methods/F/ddp2/eval_full_brightness_ids_v1/class_ap.txt
DIOR,brightness,F,42,ema,baseballfield,0.488,printed class_ap.txt (typically 3 decimals),0.488,0.488,complete,/mnt/shared/zechuan/iraod_artifacts/comparison/dior/brightness/seed_42/0f98a48/methods/F/ddp2/eval_full_brightness_ids_v1/class_ap.txt
DIOR,brightness,F,42,ema,basketballcourt,0.291,printed class_ap.txt (typically 3 decimals),0.291,0.291,complete,/mnt/shared/zechuan/iraod_artifacts/comparison/dior/brightness/seed_42/0f98a48/methods/F/ddp2/eval_full_brightness_ids_v1/class_ap.txt
DIOR,brightness,F,42,ema,bridge,0.108,printed class_ap.txt (typically 3 decimals),0.108,0.108,complete,/mnt/shared/zechuan/iraod_artifacts/comparison/dior/brightness/seed_42/0f98a48/methods/F/ddp2/eval_full_brightness_ids_v1/class_ap.txt
DIOR,brightness,F,42,ema,chimney,0.364,printed class_ap.txt (typically 3 decimals),0.364,0.364,complete,/mnt/shared/zechuan/iraod_artifacts/comparison/dior/brightness/seed_42/0f98a48/methods/F/ddp2/eval_full_brightness_ids_v1/class_ap.txt
DIOR,brightness,F,42,ema,expressway-service-area,0.224,printed class_ap.txt (typically 3 decimals),0.224,0.224,complete,/mnt/shared/zechuan/iraod_artifacts/comparison/dior/brightness/seed_42/0f98a48/methods/F/ddp2/eval_full_brightness_ids_v1/class_ap.txt
DIOR,brightness,F,42,ema,expressway-toll-station,0.14,printed class_ap.txt (typically 3 decimals),0.14,0.14,complete,/mnt/shared/zechuan/iraod_artifacts/comparison/dior/brightness/seed_42/0f98a48/methods/F/ddp2/eval_full_brightness_ids_v1/class_ap.txt
DIOR,brightness,F,42,ema,dam,0.091,printed class_ap.txt (typically 3 decimals),0.091,0.091,complete,/mnt/shared/zechuan/iraod_artifacts/comparison/dior/brightness/seed_42/0f98a48/methods/F/ddp2/eval_full_brightness_ids_v1/class_ap.txt
DIOR,brightness,F,42,ema,golffield,0.123,printed class_ap.txt (typically 3 decimals),0.123,0.123,complete,/mnt/shared/zechuan/iraod_artifacts/comparison/dior/brightness/seed_42/0f98a48/methods/F/ddp2/eval_full_brightness_ids_v1/class_ap.txt
DIOR,brightness,F,42,ema,groundtrackfield,0.228,printed class_ap.txt (typically 3 decimals),0.228,0.228,complete,/mnt/shared/zechuan/iraod_artifacts/comparison/dior/brightness/seed_42/0f98a48/methods/F/ddp2/eval_full_brightness_ids_v1/class_ap.txt
DIOR,brightness,F,42,ema,harbor,0.128,printed class_ap.txt (typically 3 decimals),0.128,0.128,complete,/mnt/shared/zechuan/iraod_artifacts/comparison/dior/brightness/seed_42/0f98a48/methods/F/ddp2/eval_full_brightness_ids_v1/class_ap.txt
DIOR,brightness,F,42,ema,overpass,0.154,printed class_ap.txt (typically 3 decimals),0.154,0.154,complete,/mnt/shared/zechuan/iraod_artifacts/comparison/dior/brightness/seed_42/0f98a48/methods/F/ddp2/eval_full_brightness_ids_v1/class_ap.txt
DIOR,brightness,F,42,ema,ship,0.617,printed class_ap.txt (typically 3 decimals),0.617,0.617,complete,/mnt/shared/zechuan/iraod_artifacts/comparison/dior/brightness/seed_42/0f98a48/methods/F/ddp2/eval_full_brightness_ids_v1/class_ap.txt
DIOR,brightness,F,42,ema,stadium,0.198,printed class_ap.txt (typically 3 decimals),0.198,0.198,complete,/mnt/shared/zechuan/iraod_artifacts/comparison/dior/brightness/seed_42/0f98a48/methods/F/ddp2/eval_full_brightness_ids_v1/class_ap.txt
DIOR,brightness,F,42,ema,storagetank,0.343,printed class_ap.txt (typically 3 decimals),0.343,0.343,complete,/mnt/shared/zechuan/iraod_artifacts/comparison/dior/brightness/seed_42/0f98a48/methods/F/ddp2/eval_full_brightness_ids_v1/class_ap.txt
DIOR,brightness,F,42,ema,tenniscourt,0.533,printed class_ap.txt (typically 3 decimals),0.533,0.533,complete,/mnt/shared/zechuan/iraod_artifacts/comparison/dior/brightness/seed_42/0f98a48/methods/F/ddp2/eval_full_brightness_ids_v1/class_ap.txt
DIOR,brightness,F,42,ema,trainstation,0.136,printed class_ap.txt (typically 3 decimals),0.136,0.136,complete,/mnt/shared/zechuan/iraod_artifacts/comparison/dior/brightness/seed_42/0f98a48/methods/F/ddp2/eval_full_brightness_ids_v1/class_ap.txt
DIOR,brightness,F,42,ema,vehicle,0.249,printed class_ap.txt (typically 3 decimals),0.249,0.249,complete,/mnt/shared/zechuan/iraod_artifacts/comparison/dior/brightness/seed_42/0f98a48/methods/F/ddp2/eval_full_brightness_ids_v1/class_ap.txt
DIOR,brightness,F,42,ema,windmill,0.087,printed class_ap.txt (typically 3 decimals),0.087,0.087,complete,/mnt/shared/zechuan/iraod_artifacts/comparison/dior/brightness/seed_42/0f98a48/methods/F/ddp2/eval_full_brightness_ids_v1/class_ap.txt
DIOR,brightness,F,43,ema,airplane,0.313,printed class_ap.txt (typically 3 decimals),,,complete,/mnt/shared/zechuan/iraod_artifacts/comparison/dior/brightness/seed_43/0f98a48/methods/F/ddp2/eval_full_brightness_ids_v1/class_ap.txt
DIOR,brightness,F,43,ema,airport,0.023,printed class_ap.txt (typically 3 decimals),,,complete,/mnt/shared/zechuan/iraod_artifacts/comparison/dior/brightness/seed_43/0f98a48/methods/F/ddp2/eval_full_brightness_ids_v1/class_ap.txt
DIOR,brightness,F,43,ema,baseballfield,0.49,printed class_ap.txt (typically 3 decimals),,,complete,/mnt/shared/zechuan/iraod_artifacts/comparison/dior/brightness/seed_43/0f98a48/methods/F/ddp2/eval_full_brightness_ids_v1/class_ap.txt
DIOR,brightness,F,43,ema,basketballcourt,0.29,printed class_ap.txt (typically 3 decimals),,,complete,/mnt/shared/zechuan/iraod_artifacts/comparison/dior/brightness/seed_43/0f98a48/methods/F/ddp2/eval_full_brightness_ids_v1/class_ap.txt
DIOR,brightness,F,43,ema,bridge,0.108,printed class_ap.txt (typically 3 decimals),,,complete,/mnt/shared/zechuan/iraod_artifacts/comparison/dior/brightness/seed_43/0f98a48/methods/F/ddp2/eval_full_brightness_ids_v1/class_ap.txt
DIOR,brightness,F,43,ema,chimney,0.358,printed class_ap.txt (typically 3 decimals),,,complete,/mnt/shared/zechuan/iraod_artifacts/comparison/dior/brightness/seed_43/0f98a48/methods/F/ddp2/eval_full_brightness_ids_v1/class_ap.txt
DIOR,brightness,F,43,ema,expressway-service-area,0.225,printed class_ap.txt (typically 3 decimals),,,complete,/mnt/shared/zechuan/iraod_artifacts/comparison/dior/brightness/seed_43/0f98a48/methods/F/ddp2/eval_full_brightness_ids_v1/class_ap.txt
DIOR,brightness,F,43,ema,expressway-toll-station,0.14,printed class_ap.txt (typically 3 decimals),,,complete,/mnt/shared/zechuan/iraod_artifacts/comparison/dior/brightness/seed_43/0f98a48/methods/F/ddp2/eval_full_brightness_ids_v1/class_ap.txt
DIOR,brightness,F,43,ema,dam,0.091,printed class_ap.txt (typically 3 decimals),,,complete,/mnt/shared/zechuan/iraod_artifacts/comparison/dior/brightness/seed_43/0f98a48/methods/F/ddp2/eval_full_brightness_ids_v1/class_ap.txt
DIOR,brightness,F,43,ema,golffield,0.107,printed class_ap.txt (typically 3 decimals),,,complete,/mnt/shared/zechuan/iraod_artifacts/comparison/dior/brightness/seed_43/0f98a48/methods/F/ddp2/eval_full_brightness_ids_v1/class_ap.txt
DIOR,brightness,F,43,ema,groundtrackfield,0.219,printed class_ap.txt (typically 3 decimals),,,complete,/mnt/shared/zechuan/iraod_artifacts/comparison/dior/brightness/seed_43/0f98a48/methods/F/ddp2/eval_full_brightness_ids_v1/class_ap.txt
DIOR,brightness,F,43,ema,harbor,0.103,printed class_ap.txt (typically 3 decimals),,,complete,/mnt/shared/zechuan/iraod_artifacts/comparison/dior/brightness/seed_43/0f98a48/methods/F/ddp2/eval_full_brightness_ids_v1/class_ap.txt
DIOR,brightness,F,43,ema,overpass,0.151,printed class_ap.txt (typically 3 decimals),,,complete,/mnt/shared/zechuan/iraod_artifacts/comparison/dior/brightness/seed_43/0f98a48/methods/F/ddp2/eval_full_brightness_ids_v1/class_ap.txt
DIOR,brightness,F,43,ema,ship,0.618,printed class_ap.txt (typically 3 decimals),,,complete,/mnt/shared/zechuan/iraod_artifacts/comparison/dior/brightness/seed_43/0f98a48/methods/F/ddp2/eval_full_brightness_ids_v1/class_ap.txt
DIOR,brightness,F,43,ema,stadium,0.198,printed class_ap.txt (typically 3 decimals),,,complete,/mnt/shared/zechuan/iraod_artifacts/comparison/dior/brightness/seed_43/0f98a48/methods/F/ddp2/eval_full_brightness_ids_v1/class_ap.txt
DIOR,brightness,F,43,ema,storagetank,0.343,printed class_ap.txt (typically 3 decimals),,,complete,/mnt/shared/zechuan/iraod_artifacts/comparison/dior/brightness/seed_43/0f98a48/methods/F/ddp2/eval_full_brightness_ids_v1/class_ap.txt
DIOR,brightness,F,43,ema,tenniscourt,0.533,printed class_ap.txt (typically 3 decimals),,,complete,/mnt/shared/zechuan/iraod_artifacts/comparison/dior/brightness/seed_43/0f98a48/methods/F/ddp2/eval_full_brightness_ids_v1/class_ap.txt
DIOR,brightness,F,43,ema,trainstation,0.131,printed class_ap.txt (typically 3 decimals),,,complete,/mnt/shared/zechuan/iraod_artifacts/comparison/dior/brightness/seed_43/0f98a48/methods/F/ddp2/eval_full_brightness_ids_v1/class_ap.txt
DIOR,brightness,F,43,ema,vehicle,0.248,printed class_ap.txt (typically 3 decimals),,,complete,/mnt/shared/zechuan/iraod_artifacts/comparison/dior/brightness/seed_43/0f98a48/methods/F/ddp2/eval_full_brightness_ids_v1/class_ap.txt
DIOR,brightness,F,43,ema,windmill,0.089,printed class_ap.txt (typically 3 decimals),,,complete,/mnt/shared/zechuan/iraod_artifacts/comparison/dior/brightness/seed_43/0f98a48/methods/F/ddp2/eval_full_brightness_ids_v1/class_ap.txt
DIOR,brightness,F,44,ema,airplane,0.317,printed class_ap.txt (typically 3 decimals),,,complete,/mnt/shared/zechuan/iraod_artifacts/comparison/dior/brightness/seed_44/0f98a48/methods/F/ddp2/eval_full_brightness_ids_v1/class_ap.txt
DIOR,brightness,F,44,ema,airport,0.017,printed class_ap.txt (typically 3 decimals),,,complete,/mnt/shared/zechuan/iraod_artifacts/comparison/dior/brightness/seed_44/0f98a48/methods/F/ddp2/eval_full_brightness_ids_v1/class_ap.txt
DIOR,brightness,F,44,ema,baseballfield,0.486,printed class_ap.txt (typically 3 decimals),,,complete,/mnt/shared/zechuan/iraod_artifacts/comparison/dior/brightness/seed_44/0f98a48/methods/F/ddp2/eval_full_brightness_ids_v1/class_ap.txt
DIOR,brightness,F,44,ema,basketballcourt,0.288,printed class_ap.txt (typically 3 decimals),,,complete,/mnt/shared/zechuan/iraod_artifacts/comparison/dior/brightness/seed_44/0f98a48/methods/F/ddp2/eval_full_brightness_ids_v1/class_ap.txt
DIOR,brightness,F,44,ema,bridge,0.108,printed class_ap.txt (typically 3 decimals),,,complete,/mnt/shared/zechuan/iraod_artifacts/comparison/dior/brightness/seed_44/0f98a48/methods/F/ddp2/eval_full_brightness_ids_v1/class_ap.txt
DIOR,brightness,F,44,ema,chimney,0.359,printed class_ap.txt (typically 3 decimals),,,complete,/mnt/shared/zechuan/iraod_artifacts/comparison/dior/brightness/seed_44/0f98a48/methods/F/ddp2/eval_full_brightness_ids_v1/class_ap.txt
DIOR,brightness,F,44,ema,expressway-service-area,0.224,printed class_ap.txt (typically 3 decimals),,,complete,/mnt/shared/zechuan/iraod_artifacts/comparison/dior/brightness/seed_44/0f98a48/methods/F/ddp2/eval_full_brightness_ids_v1/class_ap.txt
DIOR,brightness,F,44,ema,expressway-toll-station,0.14,printed class_ap.txt (typically 3 decimals),,,complete,/mnt/shared/zechuan/iraod_artifacts/comparison/dior/brightness/seed_44/0f98a48/methods/F/ddp2/eval_full_brightness_ids_v1/class_ap.txt
DIOR,brightness,F,44,ema,dam,0.091,printed class_ap.txt (typically 3 decimals),,,complete,/mnt/shared/zechuan/iraod_artifacts/comparison/dior/brightness/seed_44/0f98a48/methods/F/ddp2/eval_full_brightness_ids_v1/class_ap.txt
DIOR,brightness,F,44,ema,golffield,0.126,printed class_ap.txt (typically 3 decimals),,,complete,/mnt/shared/zechuan/iraod_artifacts/comparison/dior/brightness/seed_44/0f98a48/methods/F/ddp2/eval_full_brightness_ids_v1/class_ap.txt
DIOR,brightness,F,44,ema,groundtrackfield,0.219,printed class_ap.txt (typically 3 decimals),,,complete,/mnt/shared/zechuan/iraod_artifacts/comparison/dior/brightness/seed_44/0f98a48/methods/F/ddp2/eval_full_brightness_ids_v1/class_ap.txt
DIOR,brightness,F,44,ema,harbor,0.105,printed class_ap.txt (typically 3 decimals),,,complete,/mnt/shared/zechuan/iraod_artifacts/comparison/dior/brightness/seed_44/0f98a48/methods/F/ddp2/eval_full_brightness_ids_v1/class_ap.txt
DIOR,brightness,F,44,ema,overpass,0.155,printed class_ap.txt (typically 3 decimals),,,complete,/mnt/shared/zechuan/iraod_artifacts/comparison/dior/brightness/seed_44/0f98a48/methods/F/ddp2/eval_full_brightness_ids_v1/class_ap.txt
DIOR,brightness,F,44,ema,ship,0.619,printed class_ap.txt (typically 3 decimals),,,complete,/mnt/shared/zechuan/iraod_artifacts/comparison/dior/brightness/seed_44/0f98a48/methods/F/ddp2/eval_full_brightness_ids_v1/class_ap.txt
DIOR,brightness,F,44,ema,stadium,0.196,printed class_ap.txt (typically 3 decimals),,,complete,/mnt/shared/zechuan/iraod_artifacts/comparison/dior/brightness/seed_44/0f98a48/methods/F/ddp2/eval_full_brightness_ids_v1/class_ap.txt
DIOR,brightness,F,44,ema,storagetank,0.339,printed class_ap.txt (typically 3 decimals),,,complete,/mnt/shared/zechuan/iraod_artifacts/comparison/dior/brightness/seed_44/0f98a48/methods/F/ddp2/eval_full_brightness_ids_v1/class_ap.txt
DIOR,brightness,F,44,ema,tenniscourt,0.532,printed class_ap.txt (typically 3 decimals),,,complete,/mnt/shared/zechuan/iraod_artifacts/comparison/dior/brightness/seed_44/0f98a48/methods/F/ddp2/eval_full_brightness_ids_v1/class_ap.txt
DIOR,brightness,F,44,ema,trainstation,0.133,printed class_ap.txt (typically 3 decimals),,,complete,/mnt/shared/zechuan/iraod_artifacts/comparison/dior/brightness/seed_44/0f98a48/methods/F/ddp2/eval_full_brightness_ids_v1/class_ap.txt
DIOR,brightness,F,44,ema,vehicle,0.249,printed class_ap.txt (typically 3 decimals),,,complete,/mnt/shared/zechuan/iraod_artifacts/comparison/dior/brightness/seed_44/0f98a48/methods/F/ddp2/eval_full_brightness_ids_v1/class_ap.txt
DIOR,brightness,F,44,ema,windmill,0.085,printed class_ap.txt (typically 3 decimals),,,complete,/mnt/shared/zechuan/iraod_artifacts/comparison/dior/brightness/seed_44/0f98a48/methods/F/ddp2/eval_full_brightness_ids_v1/class_ap.txt
DIOR,cloudy,A,42,source,airplane,0.468,printed class_ap.txt (typically 3 decimals),0.468,0.468,complete,/mnt/shared/zechuan/iraod_artifacts/comparison/dior/cloudy/seed_42/0f98a48/methods/A/eval_full_cloudy_ids_v1/class_ap.txt
DIOR,cloudy,A,42,source,airport,0.011,printed class_ap.txt (typically 3 decimals),0.011,0.011,complete,/mnt/shared/zechuan/iraod_artifacts/comparison/dior/cloudy/seed_42/0f98a48/methods/A/eval_full_cloudy_ids_v1/class_ap.txt
DIOR,cloudy,A,42,source,baseballfield,0.526,printed class_ap.txt (typically 3 decimals),0.526,0.526,complete,/mnt/shared/zechuan/iraod_artifacts/comparison/dior/cloudy/seed_42/0f98a48/methods/A/eval_full_cloudy_ids_v1/class_ap.txt
DIOR,cloudy,A,42,source,basketballcourt,0.359,printed class_ap.txt (typically 3 decimals),0.359,0.359,complete,/mnt/shared/zechuan/iraod_artifacts/comparison/dior/cloudy/seed_42/0f98a48/methods/A/eval_full_cloudy_ids_v1/class_ap.txt
DIOR,cloudy,A,42,source,bridge,0.084,printed class_ap.txt (typically 3 decimals),0.084,0.084,complete,/mnt/shared/zechuan/iraod_artifacts/comparison/dior/cloudy/seed_42/0f98a48/methods/A/eval_full_cloudy_ids_v1/class_ap.txt
DIOR,cloudy,A,42,source,chimney,0.417,printed class_ap.txt (typically 3 decimals),0.417,0.417,complete,/mnt/shared/zechuan/iraod_artifacts/comparison/dior/cloudy/seed_42/0f98a48/methods/A/eval_full_cloudy_ids_v1/class_ap.txt
DIOR,cloudy,A,42,source,expressway-service-area,0.286,printed class_ap.txt (typically 3 decimals),0.286,0.286,complete,/mnt/shared/zechuan/iraod_artifacts/comparison/dior/cloudy/seed_42/0f98a48/methods/A/eval_full_cloudy_ids_v1/class_ap.txt
DIOR,cloudy,A,42,source,expressway-toll-station,0.19,printed class_ap.txt (typically 3 decimals),0.19,0.19,complete,/mnt/shared/zechuan/iraod_artifacts/comparison/dior/cloudy/seed_42/0f98a48/methods/A/eval_full_cloudy_ids_v1/class_ap.txt
DIOR,cloudy,A,42,source,dam,0.014,printed class_ap.txt (typically 3 decimals),0.014,0.014,complete,/mnt/shared/zechuan/iraod_artifacts/comparison/dior/cloudy/seed_42/0f98a48/methods/A/eval_full_cloudy_ids_v1/class_ap.txt
DIOR,cloudy,A,42,source,golffield,0.278,printed class_ap.txt (typically 3 decimals),0.278,0.278,complete,/mnt/shared/zechuan/iraod_artifacts/comparison/dior/cloudy/seed_42/0f98a48/methods/A/eval_full_cloudy_ids_v1/class_ap.txt
DIOR,cloudy,A,42,source,groundtrackfield,0.241,printed class_ap.txt (typically 3 decimals),0.241,0.241,complete,/mnt/shared/zechuan/iraod_artifacts/comparison/dior/cloudy/seed_42/0f98a48/methods/A/eval_full_cloudy_ids_v1/class_ap.txt
DIOR,cloudy,A,42,source,harbor,0.099,printed class_ap.txt (typically 3 decimals),0.099,0.099,complete,/mnt/shared/zechuan/iraod_artifacts/comparison/dior/cloudy/seed_42/0f98a48/methods/A/eval_full_cloudy_ids_v1/class_ap.txt
DIOR,cloudy,A,42,source,overpass,0.179,printed class_ap.txt (typically 3 decimals),0.179,0.179,complete,/mnt/shared/zechuan/iraod_artifacts/comparison/dior/cloudy/seed_42/0f98a48/methods/A/eval_full_cloudy_ids_v1/class_ap.txt
DIOR,cloudy,A,42,source,ship,0.697,printed class_ap.txt (typically 3 decimals),0.697,0.697,complete,/mnt/shared/zechuan/iraod_artifacts/comparison/dior/cloudy/seed_42/0f98a48/methods/A/eval_full_cloudy_ids_v1/class_ap.txt
DIOR,cloudy,A,42,source,stadium,0.258,printed class_ap.txt (typically 3 decimals),0.258,0.258,complete,/mnt/shared/zechuan/iraod_artifacts/comparison/dior/cloudy/seed_42/0f98a48/methods/A/eval_full_cloudy_ids_v1/class_ap.txt
DIOR,cloudy,A,42,source,storagetank,0.476,printed class_ap.txt (typically 3 decimals),0.476,0.476,complete,/mnt/shared/zechuan/iraod_artifacts/comparison/dior/cloudy/seed_42/0f98a48/methods/A/eval_full_cloudy_ids_v1/class_ap.txt
DIOR,cloudy,A,42,source,tenniscourt,0.612,printed class_ap.txt (typically 3 decimals),0.612,0.612,complete,/mnt/shared/zechuan/iraod_artifacts/comparison/dior/cloudy/seed_42/0f98a48/methods/A/eval_full_cloudy_ids_v1/class_ap.txt
DIOR,cloudy,A,42,source,trainstation,0.096,printed class_ap.txt (typically 3 decimals),0.096,0.096,complete,/mnt/shared/zechuan/iraod_artifacts/comparison/dior/cloudy/seed_42/0f98a48/methods/A/eval_full_cloudy_ids_v1/class_ap.txt
DIOR,cloudy,A,42,source,vehicle,0.295,printed class_ap.txt (typically 3 decimals),0.295,0.295,complete,/mnt/shared/zechuan/iraod_artifacts/comparison/dior/cloudy/seed_42/0f98a48/methods/A/eval_full_cloudy_ids_v1/class_ap.txt
DIOR,cloudy,A,42,source,windmill,0.221,printed class_ap.txt (typically 3 decimals),0.221,0.221,complete,/mnt/shared/zechuan/iraod_artifacts/comparison/dior/cloudy/seed_42/0f98a48/methods/A/eval_full_cloudy_ids_v1/class_ap.txt
DIOR,cloudy,B,42,ema,airplane,0.47,printed class_ap.txt (typically 3 decimals),0.47,0.47,complete,/mnt/shared/zechuan/iraod_artifacts/comparison/dior/cloudy/seed_42/0f98a48/methods/B/eval_full_cloudy_ids_v1/class_ap.txt
DIOR,cloudy,B,42,ema,airport,0.091,printed class_ap.txt (typically 3 decimals),0.091,0.091,complete,/mnt/shared/zechuan/iraod_artifacts/comparison/dior/cloudy/seed_42/0f98a48/methods/B/eval_full_cloudy_ids_v1/class_ap.txt
DIOR,cloudy,B,42,ema,baseballfield,0.526,printed class_ap.txt (typically 3 decimals),0.526,0.526,complete,/mnt/shared/zechuan/iraod_artifacts/comparison/dior/cloudy/seed_42/0f98a48/methods/B/eval_full_cloudy_ids_v1/class_ap.txt
DIOR,cloudy,B,42,ema,basketballcourt,0.359,printed class_ap.txt (typically 3 decimals),0.359,0.359,complete,/mnt/shared/zechuan/iraod_artifacts/comparison/dior/cloudy/seed_42/0f98a48/methods/B/eval_full_cloudy_ids_v1/class_ap.txt
DIOR,cloudy,B,42,ema,bridge,0.07,printed class_ap.txt (typically 3 decimals),0.07,0.07,complete,/mnt/shared/zechuan/iraod_artifacts/comparison/dior/cloudy/seed_42/0f98a48/methods/B/eval_full_cloudy_ids_v1/class_ap.txt
DIOR,cloudy,B,42,ema,chimney,0.422,printed class_ap.txt (typically 3 decimals),0.422,0.422,complete,/mnt/shared/zechuan/iraod_artifacts/comparison/dior/cloudy/seed_42/0f98a48/methods/B/eval_full_cloudy_ids_v1/class_ap.txt
DIOR,cloudy,B,42,ema,expressway-service-area,0.287,printed class_ap.txt (typically 3 decimals),0.287,0.287,complete,/mnt/shared/zechuan/iraod_artifacts/comparison/dior/cloudy/seed_42/0f98a48/methods/B/eval_full_cloudy_ids_v1/class_ap.txt
DIOR,cloudy,B,42,ema,expressway-toll-station,0.185,printed class_ap.txt (typically 3 decimals),0.185,0.185,complete,/mnt/shared/zechuan/iraod_artifacts/comparison/dior/cloudy/seed_42/0f98a48/methods/B/eval_full_cloudy_ids_v1/class_ap.txt
DIOR,cloudy,B,42,ema,dam,0.091,printed class_ap.txt (typically 3 decimals),0.091,0.091,complete,/mnt/shared/zechuan/iraod_artifacts/comparison/dior/cloudy/seed_42/0f98a48/methods/B/eval_full_cloudy_ids_v1/class_ap.txt
DIOR,cloudy,B,42,ema,golffield,0.269,printed class_ap.txt (typically 3 decimals),0.269,0.269,complete,/mnt/shared/zechuan/iraod_artifacts/comparison/dior/cloudy/seed_42/0f98a48/methods/B/eval_full_cloudy_ids_v1/class_ap.txt
DIOR,cloudy,B,42,ema,groundtrackfield,0.24,printed class_ap.txt (typically 3 decimals),0.24,0.24,complete,/mnt/shared/zechuan/iraod_artifacts/comparison/dior/cloudy/seed_42/0f98a48/methods/B/eval_full_cloudy_ids_v1/class_ap.txt
DIOR,cloudy,B,42,ema,harbor,0.095,printed class_ap.txt (typically 3 decimals),0.095,0.095,complete,/mnt/shared/zechuan/iraod_artifacts/comparison/dior/cloudy/seed_42/0f98a48/methods/B/eval_full_cloudy_ids_v1/class_ap.txt
DIOR,cloudy,B,42,ema,overpass,0.181,printed class_ap.txt (typically 3 decimals),0.181,0.181,complete,/mnt/shared/zechuan/iraod_artifacts/comparison/dior/cloudy/seed_42/0f98a48/methods/B/eval_full_cloudy_ids_v1/class_ap.txt
DIOR,cloudy,B,42,ema,ship,0.7,printed class_ap.txt (typically 3 decimals),0.7,0.7,complete,/mnt/shared/zechuan/iraod_artifacts/comparison/dior/cloudy/seed_42/0f98a48/methods/B/eval_full_cloudy_ids_v1/class_ap.txt
DIOR,cloudy,B,42,ema,stadium,0.262,printed class_ap.txt (typically 3 decimals),0.262,0.262,complete,/mnt/shared/zechuan/iraod_artifacts/comparison/dior/cloudy/seed_42/0f98a48/methods/B/eval_full_cloudy_ids_v1/class_ap.txt
DIOR,cloudy,B,42,ema,storagetank,0.473,printed class_ap.txt (typically 3 decimals),0.473,0.473,complete,/mnt/shared/zechuan/iraod_artifacts/comparison/dior/cloudy/seed_42/0f98a48/methods/B/eval_full_cloudy_ids_v1/class_ap.txt
DIOR,cloudy,B,42,ema,tenniscourt,0.616,printed class_ap.txt (typically 3 decimals),0.616,0.616,complete,/mnt/shared/zechuan/iraod_artifacts/comparison/dior/cloudy/seed_42/0f98a48/methods/B/eval_full_cloudy_ids_v1/class_ap.txt
DIOR,cloudy,B,42,ema,trainstation,0.088,printed class_ap.txt (typically 3 decimals),0.088,0.088,complete,/mnt/shared/zechuan/iraod_artifacts/comparison/dior/cloudy/seed_42/0f98a48/methods/B/eval_full_cloudy_ids_v1/class_ap.txt
DIOR,cloudy,B,42,ema,vehicle,0.3,printed class_ap.txt (typically 3 decimals),0.3,0.3,complete,/mnt/shared/zechuan/iraod_artifacts/comparison/dior/cloudy/seed_42/0f98a48/methods/B/eval_full_cloudy_ids_v1/class_ap.txt
DIOR,cloudy,B,42,ema,windmill,0.218,printed class_ap.txt (typically 3 decimals),0.218,0.218,complete,/mnt/shared/zechuan/iraod_artifacts/comparison/dior/cloudy/seed_42/0f98a48/methods/B/eval_full_cloudy_ids_v1/class_ap.txt
DIOR,cloudy,B,43,ema,airplane,0.471,printed class_ap.txt (typically 3 decimals),,,complete,/mnt/shared/zechuan/iraod_artifacts/comparison/dior/cloudy/seed_43/0f98a48/methods/B/eval_full_cloudy_ids_v1/class_ap.txt
DIOR,cloudy,B,43,ema,airport,0.091,printed class_ap.txt (typically 3 decimals),,,complete,/mnt/shared/zechuan/iraod_artifacts/comparison/dior/cloudy/seed_43/0f98a48/methods/B/eval_full_cloudy_ids_v1/class_ap.txt
DIOR,cloudy,B,43,ema,baseballfield,0.527,printed class_ap.txt (typically 3 decimals),,,complete,/mnt/shared/zechuan/iraod_artifacts/comparison/dior/cloudy/seed_43/0f98a48/methods/B/eval_full_cloudy_ids_v1/class_ap.txt
DIOR,cloudy,B,43,ema,basketballcourt,0.361,printed class_ap.txt (typically 3 decimals),,,complete,/mnt/shared/zechuan/iraod_artifacts/comparison/dior/cloudy/seed_43/0f98a48/methods/B/eval_full_cloudy_ids_v1/class_ap.txt
DIOR,cloudy,B,43,ema,bridge,0.07,printed class_ap.txt (typically 3 decimals),,,complete,/mnt/shared/zechuan/iraod_artifacts/comparison/dior/cloudy/seed_43/0f98a48/methods/B/eval_full_cloudy_ids_v1/class_ap.txt
DIOR,cloudy,B,43,ema,chimney,0.421,printed class_ap.txt (typically 3 decimals),,,complete,/mnt/shared/zechuan/iraod_artifacts/comparison/dior/cloudy/seed_43/0f98a48/methods/B/eval_full_cloudy_ids_v1/class_ap.txt
DIOR,cloudy,B,43,ema,expressway-service-area,0.277,printed class_ap.txt (typically 3 decimals),,,complete,/mnt/shared/zechuan/iraod_artifacts/comparison/dior/cloudy/seed_43/0f98a48/methods/B/eval_full_cloudy_ids_v1/class_ap.txt
DIOR,cloudy,B,43,ema,expressway-toll-station,0.187,printed class_ap.txt (typically 3 decimals),,,complete,/mnt/shared/zechuan/iraod_artifacts/comparison/dior/cloudy/seed_43/0f98a48/methods/B/eval_full_cloudy_ids_v1/class_ap.txt
DIOR,cloudy,B,43,ema,dam,0.091,printed class_ap.txt (typically 3 decimals),,,complete,/mnt/shared/zechuan/iraod_artifacts/comparison/dior/cloudy/seed_43/0f98a48/methods/B/eval_full_cloudy_ids_v1/class_ap.txt
DIOR,cloudy,B,43,ema,golffield,0.266,printed class_ap.txt (typically 3 decimals),,,complete,/mnt/shared/zechuan/iraod_artifacts/comparison/dior/cloudy/seed_43/0f98a48/methods/B/eval_full_cloudy_ids_v1/class_ap.txt
DIOR,cloudy,B,43,ema,groundtrackfield,0.239,printed class_ap.txt (typically 3 decimals),,,complete,/mnt/shared/zechuan/iraod_artifacts/comparison/dior/cloudy/seed_43/0f98a48/methods/B/eval_full_cloudy_ids_v1/class_ap.txt
DIOR,cloudy,B,43,ema,harbor,0.094,printed class_ap.txt (typically 3 decimals),,,complete,/mnt/shared/zechuan/iraod_artifacts/comparison/dior/cloudy/seed_43/0f98a48/methods/B/eval_full_cloudy_ids_v1/class_ap.txt
DIOR,cloudy,B,43,ema,overpass,0.182,printed class_ap.txt (typically 3 decimals),,,complete,/mnt/shared/zechuan/iraod_artifacts/comparison/dior/cloudy/seed_43/0f98a48/methods/B/eval_full_cloudy_ids_v1/class_ap.txt
DIOR,cloudy,B,43,ema,ship,0.7,printed class_ap.txt (typically 3 decimals),,,complete,/mnt/shared/zechuan/iraod_artifacts/comparison/dior/cloudy/seed_43/0f98a48/methods/B/eval_full_cloudy_ids_v1/class_ap.txt
DIOR,cloudy,B,43,ema,stadium,0.258,printed class_ap.txt (typically 3 decimals),,,complete,/mnt/shared/zechuan/iraod_artifacts/comparison/dior/cloudy/seed_43/0f98a48/methods/B/eval_full_cloudy_ids_v1/class_ap.txt
DIOR,cloudy,B,43,ema,storagetank,0.472,printed class_ap.txt (typically 3 decimals),,,complete,/mnt/shared/zechuan/iraod_artifacts/comparison/dior/cloudy/seed_43/0f98a48/methods/B/eval_full_cloudy_ids_v1/class_ap.txt
DIOR,cloudy,B,43,ema,tenniscourt,0.616,printed class_ap.txt (typically 3 decimals),,,complete,/mnt/shared/zechuan/iraod_artifacts/comparison/dior/cloudy/seed_43/0f98a48/methods/B/eval_full_cloudy_ids_v1/class_ap.txt
DIOR,cloudy,B,43,ema,trainstation,0.093,printed class_ap.txt (typically 3 decimals),,,complete,/mnt/shared/zechuan/iraod_artifacts/comparison/dior/cloudy/seed_43/0f98a48/methods/B/eval_full_cloudy_ids_v1/class_ap.txt
DIOR,cloudy,B,43,ema,vehicle,0.299,printed class_ap.txt (typically 3 decimals),,,complete,/mnt/shared/zechuan/iraod_artifacts/comparison/dior/cloudy/seed_43/0f98a48/methods/B/eval_full_cloudy_ids_v1/class_ap.txt
DIOR,cloudy,B,43,ema,windmill,0.192,printed class_ap.txt (typically 3 decimals),,,complete,/mnt/shared/zechuan/iraod_artifacts/comparison/dior/cloudy/seed_43/0f98a48/methods/B/eval_full_cloudy_ids_v1/class_ap.txt
DIOR,cloudy,B,44,ema,airplane,0.47,printed class_ap.txt (typically 3 decimals),,,complete,/mnt/shared/zechuan/iraod_artifacts/comparison/dior/cloudy/seed_44/0f98a48/methods/B/eval_full_cloudy_ids_v1/class_ap.txt
DIOR,cloudy,B,44,ema,airport,0.091,printed class_ap.txt (typically 3 decimals),,,complete,/mnt/shared/zechuan/iraod_artifacts/comparison/dior/cloudy/seed_44/0f98a48/methods/B/eval_full_cloudy_ids_v1/class_ap.txt
DIOR,cloudy,B,44,ema,baseballfield,0.526,printed class_ap.txt (typically 3 decimals),,,complete,/mnt/shared/zechuan/iraod_artifacts/comparison/dior/cloudy/seed_44/0f98a48/methods/B/eval_full_cloudy_ids_v1/class_ap.txt
DIOR,cloudy,B,44,ema,basketballcourt,0.36,printed class_ap.txt (typically 3 decimals),,,complete,/mnt/shared/zechuan/iraod_artifacts/comparison/dior/cloudy/seed_44/0f98a48/methods/B/eval_full_cloudy_ids_v1/class_ap.txt
DIOR,cloudy,B,44,ema,bridge,0.071,printed class_ap.txt (typically 3 decimals),,,complete,/mnt/shared/zechuan/iraod_artifacts/comparison/dior/cloudy/seed_44/0f98a48/methods/B/eval_full_cloudy_ids_v1/class_ap.txt
DIOR,cloudy,B,44,ema,chimney,0.422,printed class_ap.txt (typically 3 decimals),,,complete,/mnt/shared/zechuan/iraod_artifacts/comparison/dior/cloudy/seed_44/0f98a48/methods/B/eval_full_cloudy_ids_v1/class_ap.txt
DIOR,cloudy,B,44,ema,expressway-service-area,0.279,printed class_ap.txt (typically 3 decimals),,,complete,/mnt/shared/zechuan/iraod_artifacts/comparison/dior/cloudy/seed_44/0f98a48/methods/B/eval_full_cloudy_ids_v1/class_ap.txt
DIOR,cloudy,B,44,ema,expressway-toll-station,0.192,printed class_ap.txt (typically 3 decimals),,,complete,/mnt/shared/zechuan/iraod_artifacts/comparison/dior/cloudy/seed_44/0f98a48/methods/B/eval_full_cloudy_ids_v1/class_ap.txt
DIOR,cloudy,B,44,ema,dam,0.091,printed class_ap.txt (typically 3 decimals),,,complete,/mnt/shared/zechuan/iraod_artifacts/comparison/dior/cloudy/seed_44/0f98a48/methods/B/eval_full_cloudy_ids_v1/class_ap.txt
DIOR,cloudy,B,44,ema,golffield,0.263,printed class_ap.txt (typically 3 decimals),,,complete,/mnt/shared/zechuan/iraod_artifacts/comparison/dior/cloudy/seed_44/0f98a48/methods/B/eval_full_cloudy_ids_v1/class_ap.txt
DIOR,cloudy,B,44,ema,groundtrackfield,0.24,printed class_ap.txt (typically 3 decimals),,,complete,/mnt/shared/zechuan/iraod_artifacts/comparison/dior/cloudy/seed_44/0f98a48/methods/B/eval_full_cloudy_ids_v1/class_ap.txt
DIOR,cloudy,B,44,ema,harbor,0.094,printed class_ap.txt (typically 3 decimals),,,complete,/mnt/shared/zechuan/iraod_artifacts/comparison/dior/cloudy/seed_44/0f98a48/methods/B/eval_full_cloudy_ids_v1/class_ap.txt
DIOR,cloudy,B,44,ema,overpass,0.182,printed class_ap.txt (typically 3 decimals),,,complete,/mnt/shared/zechuan/iraod_artifacts/comparison/dior/cloudy/seed_44/0f98a48/methods/B/eval_full_cloudy_ids_v1/class_ap.txt
DIOR,cloudy,B,44,ema,ship,0.701,printed class_ap.txt (typically 3 decimals),,,complete,/mnt/shared/zechuan/iraod_artifacts/comparison/dior/cloudy/seed_44/0f98a48/methods/B/eval_full_cloudy_ids_v1/class_ap.txt
DIOR,cloudy,B,44,ema,stadium,0.253,printed class_ap.txt (typically 3 decimals),,,complete,/mnt/shared/zechuan/iraod_artifacts/comparison/dior/cloudy/seed_44/0f98a48/methods/B/eval_full_cloudy_ids_v1/class_ap.txt
DIOR,cloudy,B,44,ema,storagetank,0.474,printed class_ap.txt (typically 3 decimals),,,complete,/mnt/shared/zechuan/iraod_artifacts/comparison/dior/cloudy/seed_44/0f98a48/methods/B/eval_full_cloudy_ids_v1/class_ap.txt
DIOR,cloudy,B,44,ema,tenniscourt,0.617,printed class_ap.txt (typically 3 decimals),,,complete,/mnt/shared/zechuan/iraod_artifacts/comparison/dior/cloudy/seed_44/0f98a48/methods/B/eval_full_cloudy_ids_v1/class_ap.txt
DIOR,cloudy,B,44,ema,trainstation,0.098,printed class_ap.txt (typically 3 decimals),,,complete,/mnt/shared/zechuan/iraod_artifacts/comparison/dior/cloudy/seed_44/0f98a48/methods/B/eval_full_cloudy_ids_v1/class_ap.txt
DIOR,cloudy,B,44,ema,vehicle,0.3,printed class_ap.txt (typically 3 decimals),,,complete,/mnt/shared/zechuan/iraod_artifacts/comparison/dior/cloudy/seed_44/0f98a48/methods/B/eval_full_cloudy_ids_v1/class_ap.txt
DIOR,cloudy,B,44,ema,windmill,0.217,printed class_ap.txt (typically 3 decimals),,,complete,/mnt/shared/zechuan/iraod_artifacts/comparison/dior/cloudy/seed_44/0f98a48/methods/B/eval_full_cloudy_ids_v1/class_ap.txt
DIOR,cloudy,C,42,ema,airplane,0.469,printed class_ap.txt (typically 3 decimals),0.469,0.469,complete,/mnt/shared/zechuan/iraod_artifacts/comparison/dior/cloudy/seed_42/0f98a48/methods/C/eval_full_cloudy_ids_v1/class_ap.txt
DIOR,cloudy,C,42,ema,airport,0.091,printed class_ap.txt (typically 3 decimals),0.091,0.091,complete,/mnt/shared/zechuan/iraod_artifacts/comparison/dior/cloudy/seed_42/0f98a48/methods/C/eval_full_cloudy_ids_v1/class_ap.txt
DIOR,cloudy,C,42,ema,baseballfield,0.527,printed class_ap.txt (typically 3 decimals),0.527,0.527,complete,/mnt/shared/zechuan/iraod_artifacts/comparison/dior/cloudy/seed_42/0f98a48/methods/C/eval_full_cloudy_ids_v1/class_ap.txt
DIOR,cloudy,C,42,ema,basketballcourt,0.361,printed class_ap.txt (typically 3 decimals),0.361,0.361,complete,/mnt/shared/zechuan/iraod_artifacts/comparison/dior/cloudy/seed_42/0f98a48/methods/C/eval_full_cloudy_ids_v1/class_ap.txt
DIOR,cloudy,C,42,ema,bridge,0.068,printed class_ap.txt (typically 3 decimals),0.068,0.068,complete,/mnt/shared/zechuan/iraod_artifacts/comparison/dior/cloudy/seed_42/0f98a48/methods/C/eval_full_cloudy_ids_v1/class_ap.txt
DIOR,cloudy,C,42,ema,chimney,0.424,printed class_ap.txt (typically 3 decimals),0.424,0.424,complete,/mnt/shared/zechuan/iraod_artifacts/comparison/dior/cloudy/seed_42/0f98a48/methods/C/eval_full_cloudy_ids_v1/class_ap.txt
DIOR,cloudy,C,42,ema,expressway-service-area,0.279,printed class_ap.txt (typically 3 decimals),0.279,0.279,complete,/mnt/shared/zechuan/iraod_artifacts/comparison/dior/cloudy/seed_42/0f98a48/methods/C/eval_full_cloudy_ids_v1/class_ap.txt
DIOR,cloudy,C,42,ema,expressway-toll-station,0.189,printed class_ap.txt (typically 3 decimals),0.189,0.189,complete,/mnt/shared/zechuan/iraod_artifacts/comparison/dior/cloudy/seed_42/0f98a48/methods/C/eval_full_cloudy_ids_v1/class_ap.txt
DIOR,cloudy,C,42,ema,dam,0.012,printed class_ap.txt (typically 3 decimals),0.012,0.012,complete,/mnt/shared/zechuan/iraod_artifacts/comparison/dior/cloudy/seed_42/0f98a48/methods/C/eval_full_cloudy_ids_v1/class_ap.txt
DIOR,cloudy,C,42,ema,golffield,0.27,printed class_ap.txt (typically 3 decimals),0.27,0.27,complete,/mnt/shared/zechuan/iraod_artifacts/comparison/dior/cloudy/seed_42/0f98a48/methods/C/eval_full_cloudy_ids_v1/class_ap.txt
DIOR,cloudy,C,42,ema,groundtrackfield,0.244,printed class_ap.txt (typically 3 decimals),0.244,0.244,complete,/mnt/shared/zechuan/iraod_artifacts/comparison/dior/cloudy/seed_42/0f98a48/methods/C/eval_full_cloudy_ids_v1/class_ap.txt
DIOR,cloudy,C,42,ema,harbor,0.125,printed class_ap.txt (typically 3 decimals),0.125,0.125,complete,/mnt/shared/zechuan/iraod_artifacts/comparison/dior/cloudy/seed_42/0f98a48/methods/C/eval_full_cloudy_ids_v1/class_ap.txt
DIOR,cloudy,C,42,ema,overpass,0.183,printed class_ap.txt (typically 3 decimals),0.183,0.183,complete,/mnt/shared/zechuan/iraod_artifacts/comparison/dior/cloudy/seed_42/0f98a48/methods/C/eval_full_cloudy_ids_v1/class_ap.txt
DIOR,cloudy,C,42,ema,ship,0.698,printed class_ap.txt (typically 3 decimals),0.698,0.698,complete,/mnt/shared/zechuan/iraod_artifacts/comparison/dior/cloudy/seed_42/0f98a48/methods/C/eval_full_cloudy_ids_v1/class_ap.txt
DIOR,cloudy,C,42,ema,stadium,0.274,printed class_ap.txt (typically 3 decimals),0.274,0.274,complete,/mnt/shared/zechuan/iraod_artifacts/comparison/dior/cloudy/seed_42/0f98a48/methods/C/eval_full_cloudy_ids_v1/class_ap.txt
DIOR,cloudy,C,42,ema,storagetank,0.47,printed class_ap.txt (typically 3 decimals),0.47,0.47,complete,/mnt/shared/zechuan/iraod_artifacts/comparison/dior/cloudy/seed_42/0f98a48/methods/C/eval_full_cloudy_ids_v1/class_ap.txt
DIOR,cloudy,C,42,ema,tenniscourt,0.616,printed class_ap.txt (typically 3 decimals),0.616,0.616,complete,/mnt/shared/zechuan/iraod_artifacts/comparison/dior/cloudy/seed_42/0f98a48/methods/C/eval_full_cloudy_ids_v1/class_ap.txt
DIOR,cloudy,C,42,ema,trainstation,0.091,printed class_ap.txt (typically 3 decimals),0.091,0.091,complete,/mnt/shared/zechuan/iraod_artifacts/comparison/dior/cloudy/seed_42/0f98a48/methods/C/eval_full_cloudy_ids_v1/class_ap.txt
DIOR,cloudy,C,42,ema,vehicle,0.299,printed class_ap.txt (typically 3 decimals),0.299,0.299,complete,/mnt/shared/zechuan/iraod_artifacts/comparison/dior/cloudy/seed_42/0f98a48/methods/C/eval_full_cloudy_ids_v1/class_ap.txt
DIOR,cloudy,C,42,ema,windmill,0.195,printed class_ap.txt (typically 3 decimals),0.195,0.195,complete,/mnt/shared/zechuan/iraod_artifacts/comparison/dior/cloudy/seed_42/0f98a48/methods/C/eval_full_cloudy_ids_v1/class_ap.txt
DIOR,cloudy,C,43,ema,airplane,0.469,printed class_ap.txt (typically 3 decimals),,,complete,/mnt/shared/zechuan/iraod_artifacts/comparison/dior/cloudy/seed_43/0f98a48/methods/C/eval_full_cloudy_ids_v1/class_ap.txt
DIOR,cloudy,C,43,ema,airport,0.091,printed class_ap.txt (typically 3 decimals),,,complete,/mnt/shared/zechuan/iraod_artifacts/comparison/dior/cloudy/seed_43/0f98a48/methods/C/eval_full_cloudy_ids_v1/class_ap.txt
DIOR,cloudy,C,43,ema,baseballfield,0.528,printed class_ap.txt (typically 3 decimals),,,complete,/mnt/shared/zechuan/iraod_artifacts/comparison/dior/cloudy/seed_43/0f98a48/methods/C/eval_full_cloudy_ids_v1/class_ap.txt
DIOR,cloudy,C,43,ema,basketballcourt,0.366,printed class_ap.txt (typically 3 decimals),,,complete,/mnt/shared/zechuan/iraod_artifacts/comparison/dior/cloudy/seed_43/0f98a48/methods/C/eval_full_cloudy_ids_v1/class_ap.txt
DIOR,cloudy,C,43,ema,bridge,0.071,printed class_ap.txt (typically 3 decimals),,,complete,/mnt/shared/zechuan/iraod_artifacts/comparison/dior/cloudy/seed_43/0f98a48/methods/C/eval_full_cloudy_ids_v1/class_ap.txt
DIOR,cloudy,C,43,ema,chimney,0.424,printed class_ap.txt (typically 3 decimals),,,complete,/mnt/shared/zechuan/iraod_artifacts/comparison/dior/cloudy/seed_43/0f98a48/methods/C/eval_full_cloudy_ids_v1/class_ap.txt
DIOR,cloudy,C,43,ema,expressway-service-area,0.277,printed class_ap.txt (typically 3 decimals),,,complete,/mnt/shared/zechuan/iraod_artifacts/comparison/dior/cloudy/seed_43/0f98a48/methods/C/eval_full_cloudy_ids_v1/class_ap.txt
DIOR,cloudy,C,43,ema,expressway-toll-station,0.183,printed class_ap.txt (typically 3 decimals),,,complete,/mnt/shared/zechuan/iraod_artifacts/comparison/dior/cloudy/seed_43/0f98a48/methods/C/eval_full_cloudy_ids_v1/class_ap.txt
DIOR,cloudy,C,43,ema,dam,0.012,printed class_ap.txt (typically 3 decimals),,,complete,/mnt/shared/zechuan/iraod_artifacts/comparison/dior/cloudy/seed_43/0f98a48/methods/C/eval_full_cloudy_ids_v1/class_ap.txt
DIOR,cloudy,C,43,ema,golffield,0.279,printed class_ap.txt (typically 3 decimals),,,complete,/mnt/shared/zechuan/iraod_artifacts/comparison/dior/cloudy/seed_43/0f98a48/methods/C/eval_full_cloudy_ids_v1/class_ap.txt
DIOR,cloudy,C,43,ema,groundtrackfield,0.244,printed class_ap.txt (typically 3 decimals),,,complete,/mnt/shared/zechuan/iraod_artifacts/comparison/dior/cloudy/seed_43/0f98a48/methods/C/eval_full_cloudy_ids_v1/class_ap.txt
DIOR,cloudy,C,43,ema,harbor,0.124,printed class_ap.txt (typically 3 decimals),,,complete,/mnt/shared/zechuan/iraod_artifacts/comparison/dior/cloudy/seed_43/0f98a48/methods/C/eval_full_cloudy_ids_v1/class_ap.txt
DIOR,cloudy,C,43,ema,overpass,0.183,printed class_ap.txt (typically 3 decimals),,,complete,/mnt/shared/zechuan/iraod_artifacts/comparison/dior/cloudy/seed_43/0f98a48/methods/C/eval_full_cloudy_ids_v1/class_ap.txt
DIOR,cloudy,C,43,ema,ship,0.699,printed class_ap.txt (typically 3 decimals),,,complete,/mnt/shared/zechuan/iraod_artifacts/comparison/dior/cloudy/seed_43/0f98a48/methods/C/eval_full_cloudy_ids_v1/class_ap.txt
DIOR,cloudy,C,43,ema,stadium,0.271,printed class_ap.txt (typically 3 decimals),,,complete,/mnt/shared/zechuan/iraod_artifacts/comparison/dior/cloudy/seed_43/0f98a48/methods/C/eval_full_cloudy_ids_v1/class_ap.txt
DIOR,cloudy,C,43,ema,storagetank,0.469,printed class_ap.txt (typically 3 decimals),,,complete,/mnt/shared/zechuan/iraod_artifacts/comparison/dior/cloudy/seed_43/0f98a48/methods/C/eval_full_cloudy_ids_v1/class_ap.txt
DIOR,cloudy,C,43,ema,tenniscourt,0.615,printed class_ap.txt (typically 3 decimals),,,complete,/mnt/shared/zechuan/iraod_artifacts/comparison/dior/cloudy/seed_43/0f98a48/methods/C/eval_full_cloudy_ids_v1/class_ap.txt
DIOR,cloudy,C,43,ema,trainstation,0.089,printed class_ap.txt (typically 3 decimals),,,complete,/mnt/shared/zechuan/iraod_artifacts/comparison/dior/cloudy/seed_43/0f98a48/methods/C/eval_full_cloudy_ids_v1/class_ap.txt
DIOR,cloudy,C,43,ema,vehicle,0.299,printed class_ap.txt (typically 3 decimals),,,complete,/mnt/shared/zechuan/iraod_artifacts/comparison/dior/cloudy/seed_43/0f98a48/methods/C/eval_full_cloudy_ids_v1/class_ap.txt
DIOR,cloudy,C,43,ema,windmill,0.194,printed class_ap.txt (typically 3 decimals),,,complete,/mnt/shared/zechuan/iraod_artifacts/comparison/dior/cloudy/seed_43/0f98a48/methods/C/eval_full_cloudy_ids_v1/class_ap.txt
DIOR,cloudy,C,44,ema,airplane,0.47,printed class_ap.txt (typically 3 decimals),,,complete,/mnt/shared/zechuan/iraod_artifacts/comparison/dior/cloudy/seed_44/0f98a48/methods/C/eval_full_cloudy_ids_v1/class_ap.txt
DIOR,cloudy,C,44,ema,airport,0.091,printed class_ap.txt (typically 3 decimals),,,complete,/mnt/shared/zechuan/iraod_artifacts/comparison/dior/cloudy/seed_44/0f98a48/methods/C/eval_full_cloudy_ids_v1/class_ap.txt
DIOR,cloudy,C,44,ema,baseballfield,0.527,printed class_ap.txt (typically 3 decimals),,,complete,/mnt/shared/zechuan/iraod_artifacts/comparison/dior/cloudy/seed_44/0f98a48/methods/C/eval_full_cloudy_ids_v1/class_ap.txt
DIOR,cloudy,C,44,ema,basketballcourt,0.363,printed class_ap.txt (typically 3 decimals),,,complete,/mnt/shared/zechuan/iraod_artifacts/comparison/dior/cloudy/seed_44/0f98a48/methods/C/eval_full_cloudy_ids_v1/class_ap.txt
DIOR,cloudy,C,44,ema,bridge,0.072,printed class_ap.txt (typically 3 decimals),,,complete,/mnt/shared/zechuan/iraod_artifacts/comparison/dior/cloudy/seed_44/0f98a48/methods/C/eval_full_cloudy_ids_v1/class_ap.txt
DIOR,cloudy,C,44,ema,chimney,0.422,printed class_ap.txt (typically 3 decimals),,,complete,/mnt/shared/zechuan/iraod_artifacts/comparison/dior/cloudy/seed_44/0f98a48/methods/C/eval_full_cloudy_ids_v1/class_ap.txt
DIOR,cloudy,C,44,ema,expressway-service-area,0.277,printed class_ap.txt (typically 3 decimals),,,complete,/mnt/shared/zechuan/iraod_artifacts/comparison/dior/cloudy/seed_44/0f98a48/methods/C/eval_full_cloudy_ids_v1/class_ap.txt
DIOR,cloudy,C,44,ema,expressway-toll-station,0.185,printed class_ap.txt (typically 3 decimals),,,complete,/mnt/shared/zechuan/iraod_artifacts/comparison/dior/cloudy/seed_44/0f98a48/methods/C/eval_full_cloudy_ids_v1/class_ap.txt
DIOR,cloudy,C,44,ema,dam,0.012,printed class_ap.txt (typically 3 decimals),,,complete,/mnt/shared/zechuan/iraod_artifacts/comparison/dior/cloudy/seed_44/0f98a48/methods/C/eval_full_cloudy_ids_v1/class_ap.txt
DIOR,cloudy,C,44,ema,golffield,0.275,printed class_ap.txt (typically 3 decimals),,,complete,/mnt/shared/zechuan/iraod_artifacts/comparison/dior/cloudy/seed_44/0f98a48/methods/C/eval_full_cloudy_ids_v1/class_ap.txt
DIOR,cloudy,C,44,ema,groundtrackfield,0.243,printed class_ap.txt (typically 3 decimals),,,complete,/mnt/shared/zechuan/iraod_artifacts/comparison/dior/cloudy/seed_44/0f98a48/methods/C/eval_full_cloudy_ids_v1/class_ap.txt
DIOR,cloudy,C,44,ema,harbor,0.124,printed class_ap.txt (typically 3 decimals),,,complete,/mnt/shared/zechuan/iraod_artifacts/comparison/dior/cloudy/seed_44/0f98a48/methods/C/eval_full_cloudy_ids_v1/class_ap.txt
DIOR,cloudy,C,44,ema,overpass,0.181,printed class_ap.txt (typically 3 decimals),,,complete,/mnt/shared/zechuan/iraod_artifacts/comparison/dior/cloudy/seed_44/0f98a48/methods/C/eval_full_cloudy_ids_v1/class_ap.txt
DIOR,cloudy,C,44,ema,ship,0.698,printed class_ap.txt (typically 3 decimals),,,complete,/mnt/shared/zechuan/iraod_artifacts/comparison/dior/cloudy/seed_44/0f98a48/methods/C/eval_full_cloudy_ids_v1/class_ap.txt
DIOR,cloudy,C,44,ema,stadium,0.268,printed class_ap.txt (typically 3 decimals),,,complete,/mnt/shared/zechuan/iraod_artifacts/comparison/dior/cloudy/seed_44/0f98a48/methods/C/eval_full_cloudy_ids_v1/class_ap.txt
DIOR,cloudy,C,44,ema,storagetank,0.47,printed class_ap.txt (typically 3 decimals),,,complete,/mnt/shared/zechuan/iraod_artifacts/comparison/dior/cloudy/seed_44/0f98a48/methods/C/eval_full_cloudy_ids_v1/class_ap.txt
DIOR,cloudy,C,44,ema,tenniscourt,0.616,printed class_ap.txt (typically 3 decimals),,,complete,/mnt/shared/zechuan/iraod_artifacts/comparison/dior/cloudy/seed_44/0f98a48/methods/C/eval_full_cloudy_ids_v1/class_ap.txt
DIOR,cloudy,C,44,ema,trainstation,0.1,printed class_ap.txt (typically 3 decimals),,,complete,/mnt/shared/zechuan/iraod_artifacts/comparison/dior/cloudy/seed_44/0f98a48/methods/C/eval_full_cloudy_ids_v1/class_ap.txt
DIOR,cloudy,C,44,ema,vehicle,0.299,printed class_ap.txt (typically 3 decimals),,,complete,/mnt/shared/zechuan/iraod_artifacts/comparison/dior/cloudy/seed_44/0f98a48/methods/C/eval_full_cloudy_ids_v1/class_ap.txt
DIOR,cloudy,C,44,ema,windmill,0.192,printed class_ap.txt (typically 3 decimals),,,complete,/mnt/shared/zechuan/iraod_artifacts/comparison/dior/cloudy/seed_44/0f98a48/methods/C/eval_full_cloudy_ids_v1/class_ap.txt
DIOR,cloudy,D,42,ema,airplane,0.424,printed class_ap.txt (typically 3 decimals),0.424,0.424,complete,/mnt/shared/zechuan/iraod_artifacts/comparison/dior/cloudy/seed_42/0f98a48/methods/D/eval_full_cloudy_ids_v1/class_ap.txt
DIOR,cloudy,D,42,ema,airport,0.03,printed class_ap.txt (typically 3 decimals),0.03,0.03,complete,/mnt/shared/zechuan/iraod_artifacts/comparison/dior/cloudy/seed_42/0f98a48/methods/D/eval_full_cloudy_ids_v1/class_ap.txt
DIOR,cloudy,D,42,ema,baseballfield,0.525,printed class_ap.txt (typically 3 decimals),0.525,0.525,complete,/mnt/shared/zechuan/iraod_artifacts/comparison/dior/cloudy/seed_42/0f98a48/methods/D/eval_full_cloudy_ids_v1/class_ap.txt
DIOR,cloudy,D,42,ema,basketballcourt,0.36,printed class_ap.txt (typically 3 decimals),0.36,0.36,complete,/mnt/shared/zechuan/iraod_artifacts/comparison/dior/cloudy/seed_42/0f98a48/methods/D/eval_full_cloudy_ids_v1/class_ap.txt
DIOR,cloudy,D,42,ema,bridge,0.07,printed class_ap.txt (typically 3 decimals),0.07,0.07,complete,/mnt/shared/zechuan/iraod_artifacts/comparison/dior/cloudy/seed_42/0f98a48/methods/D/eval_full_cloudy_ids_v1/class_ap.txt
DIOR,cloudy,D,42,ema,chimney,0.423,printed class_ap.txt (typically 3 decimals),0.423,0.423,complete,/mnt/shared/zechuan/iraod_artifacts/comparison/dior/cloudy/seed_42/0f98a48/methods/D/eval_full_cloudy_ids_v1/class_ap.txt
DIOR,cloudy,D,42,ema,expressway-service-area,0.27,printed class_ap.txt (typically 3 decimals),0.27,0.27,complete,/mnt/shared/zechuan/iraod_artifacts/comparison/dior/cloudy/seed_42/0f98a48/methods/D/eval_full_cloudy_ids_v1/class_ap.txt
DIOR,cloudy,D,42,ema,expressway-toll-station,0.181,printed class_ap.txt (typically 3 decimals),0.181,0.181,complete,/mnt/shared/zechuan/iraod_artifacts/comparison/dior/cloudy/seed_42/0f98a48/methods/D/eval_full_cloudy_ids_v1/class_ap.txt
DIOR,cloudy,D,42,ema,dam,0.091,printed class_ap.txt (typically 3 decimals),0.091,0.091,complete,/mnt/shared/zechuan/iraod_artifacts/comparison/dior/cloudy/seed_42/0f98a48/methods/D/eval_full_cloudy_ids_v1/class_ap.txt
DIOR,cloudy,D,42,ema,golffield,0.264,printed class_ap.txt (typically 3 decimals),0.264,0.264,complete,/mnt/shared/zechuan/iraod_artifacts/comparison/dior/cloudy/seed_42/0f98a48/methods/D/eval_full_cloudy_ids_v1/class_ap.txt
DIOR,cloudy,D,42,ema,groundtrackfield,0.244,printed class_ap.txt (typically 3 decimals),0.244,0.244,complete,/mnt/shared/zechuan/iraod_artifacts/comparison/dior/cloudy/seed_42/0f98a48/methods/D/eval_full_cloudy_ids_v1/class_ap.txt
DIOR,cloudy,D,42,ema,harbor,0.121,printed class_ap.txt (typically 3 decimals),0.121,0.121,complete,/mnt/shared/zechuan/iraod_artifacts/comparison/dior/cloudy/seed_42/0f98a48/methods/D/eval_full_cloudy_ids_v1/class_ap.txt
DIOR,cloudy,D,42,ema,overpass,0.179,printed class_ap.txt (typically 3 decimals),0.179,0.179,complete,/mnt/shared/zechuan/iraod_artifacts/comparison/dior/cloudy/seed_42/0f98a48/methods/D/eval_full_cloudy_ids_v1/class_ap.txt
DIOR,cloudy,D,42,ema,ship,0.627,printed class_ap.txt (typically 3 decimals),0.627,0.627,complete,/mnt/shared/zechuan/iraod_artifacts/comparison/dior/cloudy/seed_42/0f98a48/methods/D/eval_full_cloudy_ids_v1/class_ap.txt
DIOR,cloudy,D,42,ema,stadium,0.261,printed class_ap.txt (typically 3 decimals),0.261,0.261,complete,/mnt/shared/zechuan/iraod_artifacts/comparison/dior/cloudy/seed_42/0f98a48/methods/D/eval_full_cloudy_ids_v1/class_ap.txt
DIOR,cloudy,D,42,ema,storagetank,0.465,printed class_ap.txt (typically 3 decimals),0.465,0.465,complete,/mnt/shared/zechuan/iraod_artifacts/comparison/dior/cloudy/seed_42/0f98a48/methods/D/eval_full_cloudy_ids_v1/class_ap.txt
DIOR,cloudy,D,42,ema,tenniscourt,0.615,printed class_ap.txt (typically 3 decimals),0.615,0.615,complete,/mnt/shared/zechuan/iraod_artifacts/comparison/dior/cloudy/seed_42/0f98a48/methods/D/eval_full_cloudy_ids_v1/class_ap.txt
DIOR,cloudy,D,42,ema,trainstation,0.089,printed class_ap.txt (typically 3 decimals),0.089,0.089,complete,/mnt/shared/zechuan/iraod_artifacts/comparison/dior/cloudy/seed_42/0f98a48/methods/D/eval_full_cloudy_ids_v1/class_ap.txt
DIOR,cloudy,D,42,ema,vehicle,0.287,printed class_ap.txt (typically 3 decimals),0.287,0.287,complete,/mnt/shared/zechuan/iraod_artifacts/comparison/dior/cloudy/seed_42/0f98a48/methods/D/eval_full_cloudy_ids_v1/class_ap.txt
DIOR,cloudy,D,42,ema,windmill,0.208,printed class_ap.txt (typically 3 decimals),0.208,0.208,complete,/mnt/shared/zechuan/iraod_artifacts/comparison/dior/cloudy/seed_42/0f98a48/methods/D/eval_full_cloudy_ids_v1/class_ap.txt
DIOR,cloudy,D,43,ema,airplane,0.422,printed class_ap.txt (typically 3 decimals),,,complete,/mnt/shared/zechuan/iraod_artifacts/comparison/dior/cloudy/seed_43/0f98a48/methods/D/eval_full_cloudy_ids_v1/class_ap.txt
DIOR,cloudy,D,43,ema,airport,0.036,printed class_ap.txt (typically 3 decimals),,,complete,/mnt/shared/zechuan/iraod_artifacts/comparison/dior/cloudy/seed_43/0f98a48/methods/D/eval_full_cloudy_ids_v1/class_ap.txt
DIOR,cloudy,D,43,ema,baseballfield,0.526,printed class_ap.txt (typically 3 decimals),,,complete,/mnt/shared/zechuan/iraod_artifacts/comparison/dior/cloudy/seed_43/0f98a48/methods/D/eval_full_cloudy_ids_v1/class_ap.txt
DIOR,cloudy,D,43,ema,basketballcourt,0.358,printed class_ap.txt (typically 3 decimals),,,complete,/mnt/shared/zechuan/iraod_artifacts/comparison/dior/cloudy/seed_43/0f98a48/methods/D/eval_full_cloudy_ids_v1/class_ap.txt
DIOR,cloudy,D,43,ema,bridge,0.068,printed class_ap.txt (typically 3 decimals),,,complete,/mnt/shared/zechuan/iraod_artifacts/comparison/dior/cloudy/seed_43/0f98a48/methods/D/eval_full_cloudy_ids_v1/class_ap.txt
DIOR,cloudy,D,43,ema,chimney,0.429,printed class_ap.txt (typically 3 decimals),,,complete,/mnt/shared/zechuan/iraod_artifacts/comparison/dior/cloudy/seed_43/0f98a48/methods/D/eval_full_cloudy_ids_v1/class_ap.txt
DIOR,cloudy,D,43,ema,expressway-service-area,0.271,printed class_ap.txt (typically 3 decimals),,,complete,/mnt/shared/zechuan/iraod_artifacts/comparison/dior/cloudy/seed_43/0f98a48/methods/D/eval_full_cloudy_ids_v1/class_ap.txt
DIOR,cloudy,D,43,ema,expressway-toll-station,0.182,printed class_ap.txt (typically 3 decimals),,,complete,/mnt/shared/zechuan/iraod_artifacts/comparison/dior/cloudy/seed_43/0f98a48/methods/D/eval_full_cloudy_ids_v1/class_ap.txt
DIOR,cloudy,D,43,ema,dam,0.091,printed class_ap.txt (typically 3 decimals),,,complete,/mnt/shared/zechuan/iraod_artifacts/comparison/dior/cloudy/seed_43/0f98a48/methods/D/eval_full_cloudy_ids_v1/class_ap.txt
DIOR,cloudy,D,43,ema,golffield,0.248,printed class_ap.txt (typically 3 decimals),,,complete,/mnt/shared/zechuan/iraod_artifacts/comparison/dior/cloudy/seed_43/0f98a48/methods/D/eval_full_cloudy_ids_v1/class_ap.txt
DIOR,cloudy,D,43,ema,groundtrackfield,0.24,printed class_ap.txt (typically 3 decimals),,,complete,/mnt/shared/zechuan/iraod_artifacts/comparison/dior/cloudy/seed_43/0f98a48/methods/D/eval_full_cloudy_ids_v1/class_ap.txt
DIOR,cloudy,D,43,ema,harbor,0.121,printed class_ap.txt (typically 3 decimals),,,complete,/mnt/shared/zechuan/iraod_artifacts/comparison/dior/cloudy/seed_43/0f98a48/methods/D/eval_full_cloudy_ids_v1/class_ap.txt
DIOR,cloudy,D,43,ema,overpass,0.179,printed class_ap.txt (typically 3 decimals),,,complete,/mnt/shared/zechuan/iraod_artifacts/comparison/dior/cloudy/seed_43/0f98a48/methods/D/eval_full_cloudy_ids_v1/class_ap.txt
DIOR,cloudy,D,43,ema,ship,0.628,printed class_ap.txt (typically 3 decimals),,,complete,/mnt/shared/zechuan/iraod_artifacts/comparison/dior/cloudy/seed_43/0f98a48/methods/D/eval_full_cloudy_ids_v1/class_ap.txt
DIOR,cloudy,D,43,ema,stadium,0.256,printed class_ap.txt (typically 3 decimals),,,complete,/mnt/shared/zechuan/iraod_artifacts/comparison/dior/cloudy/seed_43/0f98a48/methods/D/eval_full_cloudy_ids_v1/class_ap.txt
DIOR,cloudy,D,43,ema,storagetank,0.464,printed class_ap.txt (typically 3 decimals),,,complete,/mnt/shared/zechuan/iraod_artifacts/comparison/dior/cloudy/seed_43/0f98a48/methods/D/eval_full_cloudy_ids_v1/class_ap.txt
DIOR,cloudy,D,43,ema,tenniscourt,0.615,printed class_ap.txt (typically 3 decimals),,,complete,/mnt/shared/zechuan/iraod_artifacts/comparison/dior/cloudy/seed_43/0f98a48/methods/D/eval_full_cloudy_ids_v1/class_ap.txt
DIOR,cloudy,D,43,ema,trainstation,0.093,printed class_ap.txt (typically 3 decimals),,,complete,/mnt/shared/zechuan/iraod_artifacts/comparison/dior/cloudy/seed_43/0f98a48/methods/D/eval_full_cloudy_ids_v1/class_ap.txt
DIOR,cloudy,D,43,ema,vehicle,0.288,printed class_ap.txt (typically 3 decimals),,,complete,/mnt/shared/zechuan/iraod_artifacts/comparison/dior/cloudy/seed_43/0f98a48/methods/D/eval_full_cloudy_ids_v1/class_ap.txt
DIOR,cloudy,D,43,ema,windmill,0.203,printed class_ap.txt (typically 3 decimals),,,complete,/mnt/shared/zechuan/iraod_artifacts/comparison/dior/cloudy/seed_43/0f98a48/methods/D/eval_full_cloudy_ids_v1/class_ap.txt
DIOR,cloudy,D,44,ema,airplane,0.424,printed class_ap.txt (typically 3 decimals),,,complete,/mnt/shared/zechuan/iraod_artifacts/comparison/dior/cloudy/seed_44/0f98a48/methods/D/eval_full_cloudy_ids_v1/class_ap.txt
DIOR,cloudy,D,44,ema,airport,0.023,printed class_ap.txt (typically 3 decimals),,,complete,/mnt/shared/zechuan/iraod_artifacts/comparison/dior/cloudy/seed_44/0f98a48/methods/D/eval_full_cloudy_ids_v1/class_ap.txt
DIOR,cloudy,D,44,ema,baseballfield,0.524,printed class_ap.txt (typically 3 decimals),,,complete,/mnt/shared/zechuan/iraod_artifacts/comparison/dior/cloudy/seed_44/0f98a48/methods/D/eval_full_cloudy_ids_v1/class_ap.txt
DIOR,cloudy,D,44,ema,basketballcourt,0.358,printed class_ap.txt (typically 3 decimals),,,complete,/mnt/shared/zechuan/iraod_artifacts/comparison/dior/cloudy/seed_44/0f98a48/methods/D/eval_full_cloudy_ids_v1/class_ap.txt
DIOR,cloudy,D,44,ema,bridge,0.065,printed class_ap.txt (typically 3 decimals),,,complete,/mnt/shared/zechuan/iraod_artifacts/comparison/dior/cloudy/seed_44/0f98a48/methods/D/eval_full_cloudy_ids_v1/class_ap.txt
DIOR,cloudy,D,44,ema,chimney,0.425,printed class_ap.txt (typically 3 decimals),,,complete,/mnt/shared/zechuan/iraod_artifacts/comparison/dior/cloudy/seed_44/0f98a48/methods/D/eval_full_cloudy_ids_v1/class_ap.txt
DIOR,cloudy,D,44,ema,expressway-service-area,0.271,printed class_ap.txt (typically 3 decimals),,,complete,/mnt/shared/zechuan/iraod_artifacts/comparison/dior/cloudy/seed_44/0f98a48/methods/D/eval_full_cloudy_ids_v1/class_ap.txt
DIOR,cloudy,D,44,ema,expressway-toll-station,0.183,printed class_ap.txt (typically 3 decimals),,,complete,/mnt/shared/zechuan/iraod_artifacts/comparison/dior/cloudy/seed_44/0f98a48/methods/D/eval_full_cloudy_ids_v1/class_ap.txt
DIOR,cloudy,D,44,ema,dam,0.091,printed class_ap.txt (typically 3 decimals),,,complete,/mnt/shared/zechuan/iraod_artifacts/comparison/dior/cloudy/seed_44/0f98a48/methods/D/eval_full_cloudy_ids_v1/class_ap.txt
DIOR,cloudy,D,44,ema,golffield,0.266,printed class_ap.txt (typically 3 decimals),,,complete,/mnt/shared/zechuan/iraod_artifacts/comparison/dior/cloudy/seed_44/0f98a48/methods/D/eval_full_cloudy_ids_v1/class_ap.txt
DIOR,cloudy,D,44,ema,groundtrackfield,0.239,printed class_ap.txt (typically 3 decimals),,,complete,/mnt/shared/zechuan/iraod_artifacts/comparison/dior/cloudy/seed_44/0f98a48/methods/D/eval_full_cloudy_ids_v1/class_ap.txt
DIOR,cloudy,D,44,ema,harbor,0.121,printed class_ap.txt (typically 3 decimals),,,complete,/mnt/shared/zechuan/iraod_artifacts/comparison/dior/cloudy/seed_44/0f98a48/methods/D/eval_full_cloudy_ids_v1/class_ap.txt
DIOR,cloudy,D,44,ema,overpass,0.181,printed class_ap.txt (typically 3 decimals),,,complete,/mnt/shared/zechuan/iraod_artifacts/comparison/dior/cloudy/seed_44/0f98a48/methods/D/eval_full_cloudy_ids_v1/class_ap.txt
DIOR,cloudy,D,44,ema,ship,0.628,printed class_ap.txt (typically 3 decimals),,,complete,/mnt/shared/zechuan/iraod_artifacts/comparison/dior/cloudy/seed_44/0f98a48/methods/D/eval_full_cloudy_ids_v1/class_ap.txt
DIOR,cloudy,D,44,ema,stadium,0.265,printed class_ap.txt (typically 3 decimals),,,complete,/mnt/shared/zechuan/iraod_artifacts/comparison/dior/cloudy/seed_44/0f98a48/methods/D/eval_full_cloudy_ids_v1/class_ap.txt
DIOR,cloudy,D,44,ema,storagetank,0.465,printed class_ap.txt (typically 3 decimals),,,complete,/mnt/shared/zechuan/iraod_artifacts/comparison/dior/cloudy/seed_44/0f98a48/methods/D/eval_full_cloudy_ids_v1/class_ap.txt
DIOR,cloudy,D,44,ema,tenniscourt,0.615,printed class_ap.txt (typically 3 decimals),,,complete,/mnt/shared/zechuan/iraod_artifacts/comparison/dior/cloudy/seed_44/0f98a48/methods/D/eval_full_cloudy_ids_v1/class_ap.txt
DIOR,cloudy,D,44,ema,trainstation,0.088,printed class_ap.txt (typically 3 decimals),,,complete,/mnt/shared/zechuan/iraod_artifacts/comparison/dior/cloudy/seed_44/0f98a48/methods/D/eval_full_cloudy_ids_v1/class_ap.txt
DIOR,cloudy,D,44,ema,vehicle,0.288,printed class_ap.txt (typically 3 decimals),,,complete,/mnt/shared/zechuan/iraod_artifacts/comparison/dior/cloudy/seed_44/0f98a48/methods/D/eval_full_cloudy_ids_v1/class_ap.txt
DIOR,cloudy,D,44,ema,windmill,0.21,printed class_ap.txt (typically 3 decimals),,,complete,/mnt/shared/zechuan/iraod_artifacts/comparison/dior/cloudy/seed_44/0f98a48/methods/D/eval_full_cloudy_ids_v1/class_ap.txt
DIOR,cloudy,E,42,ema,airplane,0.471,printed class_ap.txt (typically 3 decimals),0.471,0.471,complete,/mnt/shared/zechuan/iraod_artifacts/comparison/dior/cloudy/seed_42/0f98a48/methods/E/ddp2/eval_full_cloudy_ids_v1/class_ap.txt
DIOR,cloudy,E,42,ema,airport,0.091,printed class_ap.txt (typically 3 decimals),0.091,0.091,complete,/mnt/shared/zechuan/iraod_artifacts/comparison/dior/cloudy/seed_42/0f98a48/methods/E/ddp2/eval_full_cloudy_ids_v1/class_ap.txt
DIOR,cloudy,E,42,ema,baseballfield,0.527,printed class_ap.txt (typically 3 decimals),0.527,0.527,complete,/mnt/shared/zechuan/iraod_artifacts/comparison/dior/cloudy/seed_42/0f98a48/methods/E/ddp2/eval_full_cloudy_ids_v1/class_ap.txt
DIOR,cloudy,E,42,ema,basketballcourt,0.362,printed class_ap.txt (typically 3 decimals),0.362,0.362,complete,/mnt/shared/zechuan/iraod_artifacts/comparison/dior/cloudy/seed_42/0f98a48/methods/E/ddp2/eval_full_cloudy_ids_v1/class_ap.txt
DIOR,cloudy,E,42,ema,bridge,0.07,printed class_ap.txt (typically 3 decimals),0.07,0.07,complete,/mnt/shared/zechuan/iraod_artifacts/comparison/dior/cloudy/seed_42/0f98a48/methods/E/ddp2/eval_full_cloudy_ids_v1/class_ap.txt
DIOR,cloudy,E,42,ema,chimney,0.428,printed class_ap.txt (typically 3 decimals),0.428,0.428,complete,/mnt/shared/zechuan/iraod_artifacts/comparison/dior/cloudy/seed_42/0f98a48/methods/E/ddp2/eval_full_cloudy_ids_v1/class_ap.txt
DIOR,cloudy,E,42,ema,expressway-service-area,0.277,printed class_ap.txt (typically 3 decimals),0.277,0.277,complete,/mnt/shared/zechuan/iraod_artifacts/comparison/dior/cloudy/seed_42/0f98a48/methods/E/ddp2/eval_full_cloudy_ids_v1/class_ap.txt
DIOR,cloudy,E,42,ema,expressway-toll-station,0.186,printed class_ap.txt (typically 3 decimals),0.186,0.186,complete,/mnt/shared/zechuan/iraod_artifacts/comparison/dior/cloudy/seed_42/0f98a48/methods/E/ddp2/eval_full_cloudy_ids_v1/class_ap.txt
DIOR,cloudy,E,42,ema,dam,0.091,printed class_ap.txt (typically 3 decimals),0.091,0.091,complete,/mnt/shared/zechuan/iraod_artifacts/comparison/dior/cloudy/seed_42/0f98a48/methods/E/ddp2/eval_full_cloudy_ids_v1/class_ap.txt
DIOR,cloudy,E,42,ema,golffield,0.271,printed class_ap.txt (typically 3 decimals),0.271,0.271,complete,/mnt/shared/zechuan/iraod_artifacts/comparison/dior/cloudy/seed_42/0f98a48/methods/E/ddp2/eval_full_cloudy_ids_v1/class_ap.txt
DIOR,cloudy,E,42,ema,groundtrackfield,0.239,printed class_ap.txt (typically 3 decimals),0.239,0.239,complete,/mnt/shared/zechuan/iraod_artifacts/comparison/dior/cloudy/seed_42/0f98a48/methods/E/ddp2/eval_full_cloudy_ids_v1/class_ap.txt
DIOR,cloudy,E,42,ema,harbor,0.102,printed class_ap.txt (typically 3 decimals),0.102,0.102,complete,/mnt/shared/zechuan/iraod_artifacts/comparison/dior/cloudy/seed_42/0f98a48/methods/E/ddp2/eval_full_cloudy_ids_v1/class_ap.txt
DIOR,cloudy,E,42,ema,overpass,0.181,printed class_ap.txt (typically 3 decimals),0.181,0.181,complete,/mnt/shared/zechuan/iraod_artifacts/comparison/dior/cloudy/seed_42/0f98a48/methods/E/ddp2/eval_full_cloudy_ids_v1/class_ap.txt
DIOR,cloudy,E,42,ema,ship,0.7,printed class_ap.txt (typically 3 decimals),0.7,0.7,complete,/mnt/shared/zechuan/iraod_artifacts/comparison/dior/cloudy/seed_42/0f98a48/methods/E/ddp2/eval_full_cloudy_ids_v1/class_ap.txt
DIOR,cloudy,E,42,ema,stadium,0.257,printed class_ap.txt (typically 3 decimals),0.257,0.257,complete,/mnt/shared/zechuan/iraod_artifacts/comparison/dior/cloudy/seed_42/0f98a48/methods/E/ddp2/eval_full_cloudy_ids_v1/class_ap.txt
DIOR,cloudy,E,42,ema,storagetank,0.475,printed class_ap.txt (typically 3 decimals),0.475,0.475,complete,/mnt/shared/zechuan/iraod_artifacts/comparison/dior/cloudy/seed_42/0f98a48/methods/E/ddp2/eval_full_cloudy_ids_v1/class_ap.txt
DIOR,cloudy,E,42,ema,tenniscourt,0.616,printed class_ap.txt (typically 3 decimals),0.616,0.616,complete,/mnt/shared/zechuan/iraod_artifacts/comparison/dior/cloudy/seed_42/0f98a48/methods/E/ddp2/eval_full_cloudy_ids_v1/class_ap.txt
DIOR,cloudy,E,42,ema,trainstation,0.091,printed class_ap.txt (typically 3 decimals),0.091,0.091,complete,/mnt/shared/zechuan/iraod_artifacts/comparison/dior/cloudy/seed_42/0f98a48/methods/E/ddp2/eval_full_cloudy_ids_v1/class_ap.txt
DIOR,cloudy,E,42,ema,vehicle,0.299,printed class_ap.txt (typically 3 decimals),0.299,0.299,complete,/mnt/shared/zechuan/iraod_artifacts/comparison/dior/cloudy/seed_42/0f98a48/methods/E/ddp2/eval_full_cloudy_ids_v1/class_ap.txt
DIOR,cloudy,E,42,ema,windmill,0.217,printed class_ap.txt (typically 3 decimals),0.217,0.217,complete,/mnt/shared/zechuan/iraod_artifacts/comparison/dior/cloudy/seed_42/0f98a48/methods/E/ddp2/eval_full_cloudy_ids_v1/class_ap.txt
DIOR,cloudy,E,43,ema,airplane,0.468,printed class_ap.txt (typically 3 decimals),,,complete,/mnt/shared/zechuan/iraod_artifacts/comparison/dior/cloudy/seed_43/0f98a48/methods/E/ddp2/eval_full_cloudy_ids_v1/class_ap.txt
DIOR,cloudy,E,43,ema,airport,0.091,printed class_ap.txt (typically 3 decimals),,,complete,/mnt/shared/zechuan/iraod_artifacts/comparison/dior/cloudy/seed_43/0f98a48/methods/E/ddp2/eval_full_cloudy_ids_v1/class_ap.txt
DIOR,cloudy,E,43,ema,baseballfield,0.527,printed class_ap.txt (typically 3 decimals),,,complete,/mnt/shared/zechuan/iraod_artifacts/comparison/dior/cloudy/seed_43/0f98a48/methods/E/ddp2/eval_full_cloudy_ids_v1/class_ap.txt
DIOR,cloudy,E,43,ema,basketballcourt,0.36,printed class_ap.txt (typically 3 decimals),,,complete,/mnt/shared/zechuan/iraod_artifacts/comparison/dior/cloudy/seed_43/0f98a48/methods/E/ddp2/eval_full_cloudy_ids_v1/class_ap.txt
DIOR,cloudy,E,43,ema,bridge,0.069,printed class_ap.txt (typically 3 decimals),,,complete,/mnt/shared/zechuan/iraod_artifacts/comparison/dior/cloudy/seed_43/0f98a48/methods/E/ddp2/eval_full_cloudy_ids_v1/class_ap.txt
DIOR,cloudy,E,43,ema,chimney,0.422,printed class_ap.txt (typically 3 decimals),,,complete,/mnt/shared/zechuan/iraod_artifacts/comparison/dior/cloudy/seed_43/0f98a48/methods/E/ddp2/eval_full_cloudy_ids_v1/class_ap.txt
DIOR,cloudy,E,43,ema,expressway-service-area,0.28,printed class_ap.txt (typically 3 decimals),,,complete,/mnt/shared/zechuan/iraod_artifacts/comparison/dior/cloudy/seed_43/0f98a48/methods/E/ddp2/eval_full_cloudy_ids_v1/class_ap.txt
DIOR,cloudy,E,43,ema,expressway-toll-station,0.189,printed class_ap.txt (typically 3 decimals),,,complete,/mnt/shared/zechuan/iraod_artifacts/comparison/dior/cloudy/seed_43/0f98a48/methods/E/ddp2/eval_full_cloudy_ids_v1/class_ap.txt
DIOR,cloudy,E,43,ema,dam,0.091,printed class_ap.txt (typically 3 decimals),,,complete,/mnt/shared/zechuan/iraod_artifacts/comparison/dior/cloudy/seed_43/0f98a48/methods/E/ddp2/eval_full_cloudy_ids_v1/class_ap.txt
DIOR,cloudy,E,43,ema,golffield,0.266,printed class_ap.txt (typically 3 decimals),,,complete,/mnt/shared/zechuan/iraod_artifacts/comparison/dior/cloudy/seed_43/0f98a48/methods/E/ddp2/eval_full_cloudy_ids_v1/class_ap.txt
DIOR,cloudy,E,43,ema,groundtrackfield,0.242,printed class_ap.txt (typically 3 decimals),,,complete,/mnt/shared/zechuan/iraod_artifacts/comparison/dior/cloudy/seed_43/0f98a48/methods/E/ddp2/eval_full_cloudy_ids_v1/class_ap.txt
DIOR,cloudy,E,43,ema,harbor,0.124,printed class_ap.txt (typically 3 decimals),,,complete,/mnt/shared/zechuan/iraod_artifacts/comparison/dior/cloudy/seed_43/0f98a48/methods/E/ddp2/eval_full_cloudy_ids_v1/class_ap.txt
DIOR,cloudy,E,43,ema,overpass,0.182,printed class_ap.txt (typically 3 decimals),,,complete,/mnt/shared/zechuan/iraod_artifacts/comparison/dior/cloudy/seed_43/0f98a48/methods/E/ddp2/eval_full_cloudy_ids_v1/class_ap.txt
DIOR,cloudy,E,43,ema,ship,0.7,printed class_ap.txt (typically 3 decimals),,,complete,/mnt/shared/zechuan/iraod_artifacts/comparison/dior/cloudy/seed_43/0f98a48/methods/E/ddp2/eval_full_cloudy_ids_v1/class_ap.txt
DIOR,cloudy,E,43,ema,stadium,0.259,printed class_ap.txt (typically 3 decimals),,,complete,/mnt/shared/zechuan/iraod_artifacts/comparison/dior/cloudy/seed_43/0f98a48/methods/E/ddp2/eval_full_cloudy_ids_v1/class_ap.txt
DIOR,cloudy,E,43,ema,storagetank,0.473,printed class_ap.txt (typically 3 decimals),,,complete,/mnt/shared/zechuan/iraod_artifacts/comparison/dior/cloudy/seed_43/0f98a48/methods/E/ddp2/eval_full_cloudy_ids_v1/class_ap.txt
DIOR,cloudy,E,43,ema,tenniscourt,0.616,printed class_ap.txt (typically 3 decimals),,,complete,/mnt/shared/zechuan/iraod_artifacts/comparison/dior/cloudy/seed_43/0f98a48/methods/E/ddp2/eval_full_cloudy_ids_v1/class_ap.txt
DIOR,cloudy,E,43,ema,trainstation,0.088,printed class_ap.txt (typically 3 decimals),,,complete,/mnt/shared/zechuan/iraod_artifacts/comparison/dior/cloudy/seed_43/0f98a48/methods/E/ddp2/eval_full_cloudy_ids_v1/class_ap.txt
DIOR,cloudy,E,43,ema,vehicle,0.3,printed class_ap.txt (typically 3 decimals),,,complete,/mnt/shared/zechuan/iraod_artifacts/comparison/dior/cloudy/seed_43/0f98a48/methods/E/ddp2/eval_full_cloudy_ids_v1/class_ap.txt
DIOR,cloudy,E,43,ema,windmill,0.195,printed class_ap.txt (typically 3 decimals),,,complete,/mnt/shared/zechuan/iraod_artifacts/comparison/dior/cloudy/seed_43/0f98a48/methods/E/ddp2/eval_full_cloudy_ids_v1/class_ap.txt
DIOR,cloudy,E,44,ema,airplane,0.469,printed class_ap.txt (typically 3 decimals),,,complete,/mnt/shared/zechuan/iraod_artifacts/comparison/dior/cloudy/seed_44/0f98a48/methods/E/ddp2/eval_full_cloudy_ids_v1/class_ap.txt
DIOR,cloudy,E,44,ema,airport,0.091,printed class_ap.txt (typically 3 decimals),,,complete,/mnt/shared/zechuan/iraod_artifacts/comparison/dior/cloudy/seed_44/0f98a48/methods/E/ddp2/eval_full_cloudy_ids_v1/class_ap.txt
DIOR,cloudy,E,44,ema,baseballfield,0.527,printed class_ap.txt (typically 3 decimals),,,complete,/mnt/shared/zechuan/iraod_artifacts/comparison/dior/cloudy/seed_44/0f98a48/methods/E/ddp2/eval_full_cloudy_ids_v1/class_ap.txt
DIOR,cloudy,E,44,ema,basketballcourt,0.361,printed class_ap.txt (typically 3 decimals),,,complete,/mnt/shared/zechuan/iraod_artifacts/comparison/dior/cloudy/seed_44/0f98a48/methods/E/ddp2/eval_full_cloudy_ids_v1/class_ap.txt
DIOR,cloudy,E,44,ema,bridge,0.069,printed class_ap.txt (typically 3 decimals),,,complete,/mnt/shared/zechuan/iraod_artifacts/comparison/dior/cloudy/seed_44/0f98a48/methods/E/ddp2/eval_full_cloudy_ids_v1/class_ap.txt
DIOR,cloudy,E,44,ema,chimney,0.422,printed class_ap.txt (typically 3 decimals),,,complete,/mnt/shared/zechuan/iraod_artifacts/comparison/dior/cloudy/seed_44/0f98a48/methods/E/ddp2/eval_full_cloudy_ids_v1/class_ap.txt
DIOR,cloudy,E,44,ema,expressway-service-area,0.274,printed class_ap.txt (typically 3 decimals),,,complete,/mnt/shared/zechuan/iraod_artifacts/comparison/dior/cloudy/seed_44/0f98a48/methods/E/ddp2/eval_full_cloudy_ids_v1/class_ap.txt
DIOR,cloudy,E,44,ema,expressway-toll-station,0.185,printed class_ap.txt (typically 3 decimals),,,complete,/mnt/shared/zechuan/iraod_artifacts/comparison/dior/cloudy/seed_44/0f98a48/methods/E/ddp2/eval_full_cloudy_ids_v1/class_ap.txt
DIOR,cloudy,E,44,ema,dam,0.091,printed class_ap.txt (typically 3 decimals),,,complete,/mnt/shared/zechuan/iraod_artifacts/comparison/dior/cloudy/seed_44/0f98a48/methods/E/ddp2/eval_full_cloudy_ids_v1/class_ap.txt
DIOR,cloudy,E,44,ema,golffield,0.272,printed class_ap.txt (typically 3 decimals),,,complete,/mnt/shared/zechuan/iraod_artifacts/comparison/dior/cloudy/seed_44/0f98a48/methods/E/ddp2/eval_full_cloudy_ids_v1/class_ap.txt
DIOR,cloudy,E,44,ema,groundtrackfield,0.239,printed class_ap.txt (typically 3 decimals),,,complete,/mnt/shared/zechuan/iraod_artifacts/comparison/dior/cloudy/seed_44/0f98a48/methods/E/ddp2/eval_full_cloudy_ids_v1/class_ap.txt
DIOR,cloudy,E,44,ema,harbor,0.102,printed class_ap.txt (typically 3 decimals),,,complete,/mnt/shared/zechuan/iraod_artifacts/comparison/dior/cloudy/seed_44/0f98a48/methods/E/ddp2/eval_full_cloudy_ids_v1/class_ap.txt
DIOR,cloudy,E,44,ema,overpass,0.182,printed class_ap.txt (typically 3 decimals),,,complete,/mnt/shared/zechuan/iraod_artifacts/comparison/dior/cloudy/seed_44/0f98a48/methods/E/ddp2/eval_full_cloudy_ids_v1/class_ap.txt
DIOR,cloudy,E,44,ema,ship,0.701,printed class_ap.txt (typically 3 decimals),,,complete,/mnt/shared/zechuan/iraod_artifacts/comparison/dior/cloudy/seed_44/0f98a48/methods/E/ddp2/eval_full_cloudy_ids_v1/class_ap.txt
DIOR,cloudy,E,44,ema,stadium,0.258,printed class_ap.txt (typically 3 decimals),,,complete,/mnt/shared/zechuan/iraod_artifacts/comparison/dior/cloudy/seed_44/0f98a48/methods/E/ddp2/eval_full_cloudy_ids_v1/class_ap.txt
DIOR,cloudy,E,44,ema,storagetank,0.472,printed class_ap.txt (typically 3 decimals),,,complete,/mnt/shared/zechuan/iraod_artifacts/comparison/dior/cloudy/seed_44/0f98a48/methods/E/ddp2/eval_full_cloudy_ids_v1/class_ap.txt
DIOR,cloudy,E,44,ema,tenniscourt,0.616,printed class_ap.txt (typically 3 decimals),,,complete,/mnt/shared/zechuan/iraod_artifacts/comparison/dior/cloudy/seed_44/0f98a48/methods/E/ddp2/eval_full_cloudy_ids_v1/class_ap.txt
DIOR,cloudy,E,44,ema,trainstation,0.088,printed class_ap.txt (typically 3 decimals),,,complete,/mnt/shared/zechuan/iraod_artifacts/comparison/dior/cloudy/seed_44/0f98a48/methods/E/ddp2/eval_full_cloudy_ids_v1/class_ap.txt
DIOR,cloudy,E,44,ema,vehicle,0.3,printed class_ap.txt (typically 3 decimals),,,complete,/mnt/shared/zechuan/iraod_artifacts/comparison/dior/cloudy/seed_44/0f98a48/methods/E/ddp2/eval_full_cloudy_ids_v1/class_ap.txt
DIOR,cloudy,E,44,ema,windmill,0.197,printed class_ap.txt (typically 3 decimals),,,complete,/mnt/shared/zechuan/iraod_artifacts/comparison/dior/cloudy/seed_44/0f98a48/methods/E/ddp2/eval_full_cloudy_ids_v1/class_ap.txt
DIOR,cloudy,F,42,ema,airplane,0.423,printed class_ap.txt (typically 3 decimals),0.423,0.423,complete,/mnt/shared/zechuan/iraod_artifacts/comparison/dior/cloudy/seed_42/0f98a48/methods/F/ddp2/eval_full_cloudy_ids_v1/class_ap.txt
DIOR,cloudy,F,42,ema,airport,0.03,printed class_ap.txt (typically 3 decimals),0.03,0.03,complete,/mnt/shared/zechuan/iraod_artifacts/comparison/dior/cloudy/seed_42/0f98a48/methods/F/ddp2/eval_full_cloudy_ids_v1/class_ap.txt
DIOR,cloudy,F,42,ema,baseballfield,0.525,printed class_ap.txt (typically 3 decimals),0.525,0.525,complete,/mnt/shared/zechuan/iraod_artifacts/comparison/dior/cloudy/seed_42/0f98a48/methods/F/ddp2/eval_full_cloudy_ids_v1/class_ap.txt
DIOR,cloudy,F,42,ema,basketballcourt,0.357,printed class_ap.txt (typically 3 decimals),0.357,0.357,complete,/mnt/shared/zechuan/iraod_artifacts/comparison/dior/cloudy/seed_42/0f98a48/methods/F/ddp2/eval_full_cloudy_ids_v1/class_ap.txt
DIOR,cloudy,F,42,ema,bridge,0.071,printed class_ap.txt (typically 3 decimals),0.071,0.071,complete,/mnt/shared/zechuan/iraod_artifacts/comparison/dior/cloudy/seed_42/0f98a48/methods/F/ddp2/eval_full_cloudy_ids_v1/class_ap.txt
DIOR,cloudy,F,42,ema,chimney,0.432,printed class_ap.txt (typically 3 decimals),0.432,0.432,complete,/mnt/shared/zechuan/iraod_artifacts/comparison/dior/cloudy/seed_42/0f98a48/methods/F/ddp2/eval_full_cloudy_ids_v1/class_ap.txt
DIOR,cloudy,F,42,ema,expressway-service-area,0.269,printed class_ap.txt (typically 3 decimals),0.269,0.269,complete,/mnt/shared/zechuan/iraod_artifacts/comparison/dior/cloudy/seed_42/0f98a48/methods/F/ddp2/eval_full_cloudy_ids_v1/class_ap.txt
DIOR,cloudy,F,42,ema,expressway-toll-station,0.183,printed class_ap.txt (typically 3 decimals),0.183,0.183,complete,/mnt/shared/zechuan/iraod_artifacts/comparison/dior/cloudy/seed_42/0f98a48/methods/F/ddp2/eval_full_cloudy_ids_v1/class_ap.txt
DIOR,cloudy,F,42,ema,dam,0.091,printed class_ap.txt (typically 3 decimals),0.091,0.091,complete,/mnt/shared/zechuan/iraod_artifacts/comparison/dior/cloudy/seed_42/0f98a48/methods/F/ddp2/eval_full_cloudy_ids_v1/class_ap.txt
DIOR,cloudy,F,42,ema,golffield,0.261,printed class_ap.txt (typically 3 decimals),0.261,0.261,complete,/mnt/shared/zechuan/iraod_artifacts/comparison/dior/cloudy/seed_42/0f98a48/methods/F/ddp2/eval_full_cloudy_ids_v1/class_ap.txt
DIOR,cloudy,F,42,ema,groundtrackfield,0.243,printed class_ap.txt (typically 3 decimals),0.243,0.243,complete,/mnt/shared/zechuan/iraod_artifacts/comparison/dior/cloudy/seed_42/0f98a48/methods/F/ddp2/eval_full_cloudy_ids_v1/class_ap.txt
DIOR,cloudy,F,42,ema,harbor,0.119,printed class_ap.txt (typically 3 decimals),0.119,0.119,complete,/mnt/shared/zechuan/iraod_artifacts/comparison/dior/cloudy/seed_42/0f98a48/methods/F/ddp2/eval_full_cloudy_ids_v1/class_ap.txt
DIOR,cloudy,F,42,ema,overpass,0.18,printed class_ap.txt (typically 3 decimals),0.18,0.18,complete,/mnt/shared/zechuan/iraod_artifacts/comparison/dior/cloudy/seed_42/0f98a48/methods/F/ddp2/eval_full_cloudy_ids_v1/class_ap.txt
DIOR,cloudy,F,42,ema,ship,0.628,printed class_ap.txt (typically 3 decimals),0.628,0.628,complete,/mnt/shared/zechuan/iraod_artifacts/comparison/dior/cloudy/seed_42/0f98a48/methods/F/ddp2/eval_full_cloudy_ids_v1/class_ap.txt
DIOR,cloudy,F,42,ema,stadium,0.26,printed class_ap.txt (typically 3 decimals),0.26,0.26,complete,/mnt/shared/zechuan/iraod_artifacts/comparison/dior/cloudy/seed_42/0f98a48/methods/F/ddp2/eval_full_cloudy_ids_v1/class_ap.txt
DIOR,cloudy,F,42,ema,storagetank,0.465,printed class_ap.txt (typically 3 decimals),0.465,0.465,complete,/mnt/shared/zechuan/iraod_artifacts/comparison/dior/cloudy/seed_42/0f98a48/methods/F/ddp2/eval_full_cloudy_ids_v1/class_ap.txt
DIOR,cloudy,F,42,ema,tenniscourt,0.614,printed class_ap.txt (typically 3 decimals),0.614,0.614,complete,/mnt/shared/zechuan/iraod_artifacts/comparison/dior/cloudy/seed_42/0f98a48/methods/F/ddp2/eval_full_cloudy_ids_v1/class_ap.txt
DIOR,cloudy,F,42,ema,trainstation,0.11,printed class_ap.txt (typically 3 decimals),0.11,0.11,complete,/mnt/shared/zechuan/iraod_artifacts/comparison/dior/cloudy/seed_42/0f98a48/methods/F/ddp2/eval_full_cloudy_ids_v1/class_ap.txt
DIOR,cloudy,F,42,ema,vehicle,0.288,printed class_ap.txt (typically 3 decimals),0.288,0.288,complete,/mnt/shared/zechuan/iraod_artifacts/comparison/dior/cloudy/seed_42/0f98a48/methods/F/ddp2/eval_full_cloudy_ids_v1/class_ap.txt
DIOR,cloudy,F,42,ema,windmill,0.207,printed class_ap.txt (typically 3 decimals),0.207,0.207,complete,/mnt/shared/zechuan/iraod_artifacts/comparison/dior/cloudy/seed_42/0f98a48/methods/F/ddp2/eval_full_cloudy_ids_v1/class_ap.txt
DIOR,cloudy,F,43,ema,airplane,0.422,printed class_ap.txt (typically 3 decimals),,,complete,/mnt/shared/zechuan/iraod_artifacts/comparison/dior/cloudy/seed_43/0f98a48/methods/F/ddp2/eval_full_cloudy_ids_v1/class_ap.txt
DIOR,cloudy,F,43,ema,airport,0.03,printed class_ap.txt (typically 3 decimals),,,complete,/mnt/shared/zechuan/iraod_artifacts/comparison/dior/cloudy/seed_43/0f98a48/methods/F/ddp2/eval_full_cloudy_ids_v1/class_ap.txt
DIOR,cloudy,F,43,ema,baseballfield,0.524,printed class_ap.txt (typically 3 decimals),,,complete,/mnt/shared/zechuan/iraod_artifacts/comparison/dior/cloudy/seed_43/0f98a48/methods/F/ddp2/eval_full_cloudy_ids_v1/class_ap.txt
DIOR,cloudy,F,43,ema,basketballcourt,0.355,printed class_ap.txt (typically 3 decimals),,,complete,/mnt/shared/zechuan/iraod_artifacts/comparison/dior/cloudy/seed_43/0f98a48/methods/F/ddp2/eval_full_cloudy_ids_v1/class_ap.txt
DIOR,cloudy,F,43,ema,bridge,0.065,printed class_ap.txt (typically 3 decimals),,,complete,/mnt/shared/zechuan/iraod_artifacts/comparison/dior/cloudy/seed_43/0f98a48/methods/F/ddp2/eval_full_cloudy_ids_v1/class_ap.txt
DIOR,cloudy,F,43,ema,chimney,0.424,printed class_ap.txt (typically 3 decimals),,,complete,/mnt/shared/zechuan/iraod_artifacts/comparison/dior/cloudy/seed_43/0f98a48/methods/F/ddp2/eval_full_cloudy_ids_v1/class_ap.txt
DIOR,cloudy,F,43,ema,expressway-service-area,0.272,printed class_ap.txt (typically 3 decimals),,,complete,/mnt/shared/zechuan/iraod_artifacts/comparison/dior/cloudy/seed_43/0f98a48/methods/F/ddp2/eval_full_cloudy_ids_v1/class_ap.txt
DIOR,cloudy,F,43,ema,expressway-toll-station,0.184,printed class_ap.txt (typically 3 decimals),,,complete,/mnt/shared/zechuan/iraod_artifacts/comparison/dior/cloudy/seed_43/0f98a48/methods/F/ddp2/eval_full_cloudy_ids_v1/class_ap.txt
DIOR,cloudy,F,43,ema,dam,0.091,printed class_ap.txt (typically 3 decimals),,,complete,/mnt/shared/zechuan/iraod_artifacts/comparison/dior/cloudy/seed_43/0f98a48/methods/F/ddp2/eval_full_cloudy_ids_v1/class_ap.txt
DIOR,cloudy,F,43,ema,golffield,0.251,printed class_ap.txt (typically 3 decimals),,,complete,/mnt/shared/zechuan/iraod_artifacts/comparison/dior/cloudy/seed_43/0f98a48/methods/F/ddp2/eval_full_cloudy_ids_v1/class_ap.txt
DIOR,cloudy,F,43,ema,groundtrackfield,0.242,printed class_ap.txt (typically 3 decimals),,,complete,/mnt/shared/zechuan/iraod_artifacts/comparison/dior/cloudy/seed_43/0f98a48/methods/F/ddp2/eval_full_cloudy_ids_v1/class_ap.txt
DIOR,cloudy,F,43,ema,harbor,0.094,printed class_ap.txt (typically 3 decimals),,,complete,/mnt/shared/zechuan/iraod_artifacts/comparison/dior/cloudy/seed_43/0f98a48/methods/F/ddp2/eval_full_cloudy_ids_v1/class_ap.txt
DIOR,cloudy,F,43,ema,overpass,0.18,printed class_ap.txt (typically 3 decimals),,,complete,/mnt/shared/zechuan/iraod_artifacts/comparison/dior/cloudy/seed_43/0f98a48/methods/F/ddp2/eval_full_cloudy_ids_v1/class_ap.txt
DIOR,cloudy,F,43,ema,ship,0.628,printed class_ap.txt (typically 3 decimals),,,complete,/mnt/shared/zechuan/iraod_artifacts/comparison/dior/cloudy/seed_43/0f98a48/methods/F/ddp2/eval_full_cloudy_ids_v1/class_ap.txt
DIOR,cloudy,F,43,ema,stadium,0.26,printed class_ap.txt (typically 3 decimals),,,complete,/mnt/shared/zechuan/iraod_artifacts/comparison/dior/cloudy/seed_43/0f98a48/methods/F/ddp2/eval_full_cloudy_ids_v1/class_ap.txt
DIOR,cloudy,F,43,ema,storagetank,0.462,printed class_ap.txt (typically 3 decimals),,,complete,/mnt/shared/zechuan/iraod_artifacts/comparison/dior/cloudy/seed_43/0f98a48/methods/F/ddp2/eval_full_cloudy_ids_v1/class_ap.txt
DIOR,cloudy,F,43,ema,tenniscourt,0.614,printed class_ap.txt (typically 3 decimals),,,complete,/mnt/shared/zechuan/iraod_artifacts/comparison/dior/cloudy/seed_43/0f98a48/methods/F/ddp2/eval_full_cloudy_ids_v1/class_ap.txt
DIOR,cloudy,F,43,ema,trainstation,0.085,printed class_ap.txt (typically 3 decimals),,,complete,/mnt/shared/zechuan/iraod_artifacts/comparison/dior/cloudy/seed_43/0f98a48/methods/F/ddp2/eval_full_cloudy_ids_v1/class_ap.txt
DIOR,cloudy,F,43,ema,vehicle,0.286,printed class_ap.txt (typically 3 decimals),,,complete,/mnt/shared/zechuan/iraod_artifacts/comparison/dior/cloudy/seed_43/0f98a48/methods/F/ddp2/eval_full_cloudy_ids_v1/class_ap.txt
DIOR,cloudy,F,43,ema,windmill,0.208,printed class_ap.txt (typically 3 decimals),,,complete,/mnt/shared/zechuan/iraod_artifacts/comparison/dior/cloudy/seed_43/0f98a48/methods/F/ddp2/eval_full_cloudy_ids_v1/class_ap.txt
DIOR,cloudy,F,44,ema,airplane,0.421,printed class_ap.txt (typically 3 decimals),,,complete,/mnt/shared/zechuan/iraod_artifacts/comparison/dior/cloudy/seed_44/0f98a48/methods/F/ddp2/eval_full_cloudy_ids_v1/class_ap.txt
DIOR,cloudy,F,44,ema,airport,0.03,printed class_ap.txt (typically 3 decimals),,,complete,/mnt/shared/zechuan/iraod_artifacts/comparison/dior/cloudy/seed_44/0f98a48/methods/F/ddp2/eval_full_cloudy_ids_v1/class_ap.txt
DIOR,cloudy,F,44,ema,baseballfield,0.525,printed class_ap.txt (typically 3 decimals),,,complete,/mnt/shared/zechuan/iraod_artifacts/comparison/dior/cloudy/seed_44/0f98a48/methods/F/ddp2/eval_full_cloudy_ids_v1/class_ap.txt
DIOR,cloudy,F,44,ema,basketballcourt,0.356,printed class_ap.txt (typically 3 decimals),,,complete,/mnt/shared/zechuan/iraod_artifacts/comparison/dior/cloudy/seed_44/0f98a48/methods/F/ddp2/eval_full_cloudy_ids_v1/class_ap.txt
DIOR,cloudy,F,44,ema,bridge,0.068,printed class_ap.txt (typically 3 decimals),,,complete,/mnt/shared/zechuan/iraod_artifacts/comparison/dior/cloudy/seed_44/0f98a48/methods/F/ddp2/eval_full_cloudy_ids_v1/class_ap.txt
DIOR,cloudy,F,44,ema,chimney,0.425,printed class_ap.txt (typically 3 decimals),,,complete,/mnt/shared/zechuan/iraod_artifacts/comparison/dior/cloudy/seed_44/0f98a48/methods/F/ddp2/eval_full_cloudy_ids_v1/class_ap.txt
DIOR,cloudy,F,44,ema,expressway-service-area,0.265,printed class_ap.txt (typically 3 decimals),,,complete,/mnt/shared/zechuan/iraod_artifacts/comparison/dior/cloudy/seed_44/0f98a48/methods/F/ddp2/eval_full_cloudy_ids_v1/class_ap.txt
DIOR,cloudy,F,44,ema,expressway-toll-station,0.182,printed class_ap.txt (typically 3 decimals),,,complete,/mnt/shared/zechuan/iraod_artifacts/comparison/dior/cloudy/seed_44/0f98a48/methods/F/ddp2/eval_full_cloudy_ids_v1/class_ap.txt
DIOR,cloudy,F,44,ema,dam,0.091,printed class_ap.txt (typically 3 decimals),,,complete,/mnt/shared/zechuan/iraod_artifacts/comparison/dior/cloudy/seed_44/0f98a48/methods/F/ddp2/eval_full_cloudy_ids_v1/class_ap.txt
DIOR,cloudy,F,44,ema,golffield,0.266,printed class_ap.txt (typically 3 decimals),,,complete,/mnt/shared/zechuan/iraod_artifacts/comparison/dior/cloudy/seed_44/0f98a48/methods/F/ddp2/eval_full_cloudy_ids_v1/class_ap.txt
DIOR,cloudy,F,44,ema,groundtrackfield,0.24,printed class_ap.txt (typically 3 decimals),,,complete,/mnt/shared/zechuan/iraod_artifacts/comparison/dior/cloudy/seed_44/0f98a48/methods/F/ddp2/eval_full_cloudy_ids_v1/class_ap.txt
DIOR,cloudy,F,44,ema,harbor,0.094,printed class_ap.txt (typically 3 decimals),,,complete,/mnt/shared/zechuan/iraod_artifacts/comparison/dior/cloudy/seed_44/0f98a48/methods/F/ddp2/eval_full_cloudy_ids_v1/class_ap.txt
DIOR,cloudy,F,44,ema,overpass,0.178,printed class_ap.txt (typically 3 decimals),,,complete,/mnt/shared/zechuan/iraod_artifacts/comparison/dior/cloudy/seed_44/0f98a48/methods/F/ddp2/eval_full_cloudy_ids_v1/class_ap.txt
DIOR,cloudy,F,44,ema,ship,0.628,printed class_ap.txt (typically 3 decimals),,,complete,/mnt/shared/zechuan/iraod_artifacts/comparison/dior/cloudy/seed_44/0f98a48/methods/F/ddp2/eval_full_cloudy_ids_v1/class_ap.txt
DIOR,cloudy,F,44,ema,stadium,0.262,printed class_ap.txt (typically 3 decimals),,,complete,/mnt/shared/zechuan/iraod_artifacts/comparison/dior/cloudy/seed_44/0f98a48/methods/F/ddp2/eval_full_cloudy_ids_v1/class_ap.txt
DIOR,cloudy,F,44,ema,storagetank,0.462,printed class_ap.txt (typically 3 decimals),,,complete,/mnt/shared/zechuan/iraod_artifacts/comparison/dior/cloudy/seed_44/0f98a48/methods/F/ddp2/eval_full_cloudy_ids_v1/class_ap.txt
DIOR,cloudy,F,44,ema,tenniscourt,0.614,printed class_ap.txt (typically 3 decimals),,,complete,/mnt/shared/zechuan/iraod_artifacts/comparison/dior/cloudy/seed_44/0f98a48/methods/F/ddp2/eval_full_cloudy_ids_v1/class_ap.txt
DIOR,cloudy,F,44,ema,trainstation,0.082,printed class_ap.txt (typically 3 decimals),,,complete,/mnt/shared/zechuan/iraod_artifacts/comparison/dior/cloudy/seed_44/0f98a48/methods/F/ddp2/eval_full_cloudy_ids_v1/class_ap.txt
DIOR,cloudy,F,44,ema,vehicle,0.288,printed class_ap.txt (typically 3 decimals),,,complete,/mnt/shared/zechuan/iraod_artifacts/comparison/dior/cloudy/seed_44/0f98a48/methods/F/ddp2/eval_full_cloudy_ids_v1/class_ap.txt
DIOR,cloudy,F,44,ema,windmill,0.208,printed class_ap.txt (typically 3 decimals),,,complete,/mnt/shared/zechuan/iraod_artifacts/comparison/dior/cloudy/seed_44/0f98a48/methods/F/ddp2/eval_full_cloudy_ids_v1/class_ap.txt
DIOR,contrast,A,42,source,airplane,0.493,printed class_ap.txt (typically 3 decimals),0.493,0.493,complete,/mnt/shared/zechuan/iraod_artifacts/comparison/dior/contrast/seed_42/0f98a48/methods/A/eval_full_contrast_ids_v1/class_ap.txt
DIOR,contrast,A,42,source,airport,0.011,printed class_ap.txt (typically 3 decimals),0.011,0.011,complete,/mnt/shared/zechuan/iraod_artifacts/comparison/dior/contrast/seed_42/0f98a48/methods/A/eval_full_contrast_ids_v1/class_ap.txt
DIOR,contrast,A,42,source,baseballfield,0.525,printed class_ap.txt (typically 3 decimals),0.525,0.525,complete,/mnt/shared/zechuan/iraod_artifacts/comparison/dior/contrast/seed_42/0f98a48/methods/A/eval_full_contrast_ids_v1/class_ap.txt
DIOR,contrast,A,42,source,basketballcourt,0.355,printed class_ap.txt (typically 3 decimals),0.355,0.355,complete,/mnt/shared/zechuan/iraod_artifacts/comparison/dior/contrast/seed_42/0f98a48/methods/A/eval_full_contrast_ids_v1/class_ap.txt
DIOR,contrast,A,42,source,bridge,0.113,printed class_ap.txt (typically 3 decimals),0.113,0.113,complete,/mnt/shared/zechuan/iraod_artifacts/comparison/dior/contrast/seed_42/0f98a48/methods/A/eval_full_contrast_ids_v1/class_ap.txt
DIOR,contrast,A,42,source,chimney,0.375,printed class_ap.txt (typically 3 decimals),0.375,0.375,complete,/mnt/shared/zechuan/iraod_artifacts/comparison/dior/contrast/seed_42/0f98a48/methods/A/eval_full_contrast_ids_v1/class_ap.txt
DIOR,contrast,A,42,source,expressway-service-area,0.244,printed class_ap.txt (typically 3 decimals),0.244,0.244,complete,/mnt/shared/zechuan/iraod_artifacts/comparison/dior/contrast/seed_42/0f98a48/methods/A/eval_full_contrast_ids_v1/class_ap.txt
DIOR,contrast,A,42,source,expressway-toll-station,0.19,printed class_ap.txt (typically 3 decimals),0.19,0.19,complete,/mnt/shared/zechuan/iraod_artifacts/comparison/dior/contrast/seed_42/0f98a48/methods/A/eval_full_contrast_ids_v1/class_ap.txt
DIOR,contrast,A,42,source,dam,0.091,printed class_ap.txt (typically 3 decimals),0.091,0.091,complete,/mnt/shared/zechuan/iraod_artifacts/comparison/dior/contrast/seed_42/0f98a48/methods/A/eval_full_contrast_ids_v1/class_ap.txt
DIOR,contrast,A,42,source,golffield,0.235,printed class_ap.txt (typically 3 decimals),0.235,0.235,complete,/mnt/shared/zechuan/iraod_artifacts/comparison/dior/contrast/seed_42/0f98a48/methods/A/eval_full_contrast_ids_v1/class_ap.txt
DIOR,contrast,A,42,source,groundtrackfield,0.223,printed class_ap.txt (typically 3 decimals),0.223,0.223,complete,/mnt/shared/zechuan/iraod_artifacts/comparison/dior/contrast/seed_42/0f98a48/methods/A/eval_full_contrast_ids_v1/class_ap.txt
DIOR,contrast,A,42,source,harbor,0.136,printed class_ap.txt (typically 3 decimals),0.136,0.136,complete,/mnt/shared/zechuan/iraod_artifacts/comparison/dior/contrast/seed_42/0f98a48/methods/A/eval_full_contrast_ids_v1/class_ap.txt
DIOR,contrast,A,42,source,overpass,0.162,printed class_ap.txt (typically 3 decimals),0.162,0.162,complete,/mnt/shared/zechuan/iraod_artifacts/comparison/dior/contrast/seed_42/0f98a48/methods/A/eval_full_contrast_ids_v1/class_ap.txt
DIOR,contrast,A,42,source,ship,0.676,printed class_ap.txt (typically 3 decimals),0.676,0.676,complete,/mnt/shared/zechuan/iraod_artifacts/comparison/dior/contrast/seed_42/0f98a48/methods/A/eval_full_contrast_ids_v1/class_ap.txt
DIOR,contrast,A,42,source,stadium,0.205,printed class_ap.txt (typically 3 decimals),0.205,0.205,complete,/mnt/shared/zechuan/iraod_artifacts/comparison/dior/contrast/seed_42/0f98a48/methods/A/eval_full_contrast_ids_v1/class_ap.txt
DIOR,contrast,A,42,source,storagetank,0.466,printed class_ap.txt (typically 3 decimals),0.466,0.466,complete,/mnt/shared/zechuan/iraod_artifacts/comparison/dior/contrast/seed_42/0f98a48/methods/A/eval_full_contrast_ids_v1/class_ap.txt
DIOR,contrast,A,42,source,tenniscourt,0.606,printed class_ap.txt (typically 3 decimals),0.606,0.606,complete,/mnt/shared/zechuan/iraod_artifacts/comparison/dior/contrast/seed_42/0f98a48/methods/A/eval_full_contrast_ids_v1/class_ap.txt
DIOR,contrast,A,42,source,trainstation,0.08,printed class_ap.txt (typically 3 decimals),0.08,0.08,complete,/mnt/shared/zechuan/iraod_artifacts/comparison/dior/contrast/seed_42/0f98a48/methods/A/eval_full_contrast_ids_v1/class_ap.txt
DIOR,contrast,A,42,source,vehicle,0.284,printed class_ap.txt (typically 3 decimals),0.284,0.284,complete,/mnt/shared/zechuan/iraod_artifacts/comparison/dior/contrast/seed_42/0f98a48/methods/A/eval_full_contrast_ids_v1/class_ap.txt
DIOR,contrast,A,42,source,windmill,0.161,printed class_ap.txt (typically 3 decimals),0.161,0.161,complete,/mnt/shared/zechuan/iraod_artifacts/comparison/dior/contrast/seed_42/0f98a48/methods/A/eval_full_contrast_ids_v1/class_ap.txt
DIOR,contrast,B,42,ema,airplane,0.49,printed class_ap.txt (typically 3 decimals),0.49,0.49,complete,/mnt/shared/zechuan/iraod_artifacts/comparison/dior/contrast/seed_42/0f98a48/methods/B/eval_full_contrast_ids_v1/class_ap.txt
DIOR,contrast,B,42,ema,airport,0.011,printed class_ap.txt (typically 3 decimals),0.011,0.011,complete,/mnt/shared/zechuan/iraod_artifacts/comparison/dior/contrast/seed_42/0f98a48/methods/B/eval_full_contrast_ids_v1/class_ap.txt
DIOR,contrast,B,42,ema,baseballfield,0.525,printed class_ap.txt (typically 3 decimals),0.525,0.525,complete,/mnt/shared/zechuan/iraod_artifacts/comparison/dior/contrast/seed_42/0f98a48/methods/B/eval_full_contrast_ids_v1/class_ap.txt
DIOR,contrast,B,42,ema,basketballcourt,0.359,printed class_ap.txt (typically 3 decimals),0.359,0.359,complete,/mnt/shared/zechuan/iraod_artifacts/comparison/dior/contrast/seed_42/0f98a48/methods/B/eval_full_contrast_ids_v1/class_ap.txt
DIOR,contrast,B,42,ema,bridge,0.113,printed class_ap.txt (typically 3 decimals),0.113,0.113,complete,/mnt/shared/zechuan/iraod_artifacts/comparison/dior/contrast/seed_42/0f98a48/methods/B/eval_full_contrast_ids_v1/class_ap.txt
DIOR,contrast,B,42,ema,chimney,0.385,printed class_ap.txt (typically 3 decimals),0.385,0.385,complete,/mnt/shared/zechuan/iraod_artifacts/comparison/dior/contrast/seed_42/0f98a48/methods/B/eval_full_contrast_ids_v1/class_ap.txt
DIOR,contrast,B,42,ema,expressway-service-area,0.237,printed class_ap.txt (typically 3 decimals),0.237,0.237,complete,/mnt/shared/zechuan/iraod_artifacts/comparison/dior/contrast/seed_42/0f98a48/methods/B/eval_full_contrast_ids_v1/class_ap.txt
DIOR,contrast,B,42,ema,expressway-toll-station,0.197,printed class_ap.txt (typically 3 decimals),0.197,0.197,complete,/mnt/shared/zechuan/iraod_artifacts/comparison/dior/contrast/seed_42/0f98a48/methods/B/eval_full_contrast_ids_v1/class_ap.txt
DIOR,contrast,B,42,ema,dam,0.091,printed class_ap.txt (typically 3 decimals),0.091,0.091,complete,/mnt/shared/zechuan/iraod_artifacts/comparison/dior/contrast/seed_42/0f98a48/methods/B/eval_full_contrast_ids_v1/class_ap.txt
DIOR,contrast,B,42,ema,golffield,0.239,printed class_ap.txt (typically 3 decimals),0.239,0.239,complete,/mnt/shared/zechuan/iraod_artifacts/comparison/dior/contrast/seed_42/0f98a48/methods/B/eval_full_contrast_ids_v1/class_ap.txt
DIOR,contrast,B,42,ema,groundtrackfield,0.232,printed class_ap.txt (typically 3 decimals),0.232,0.232,complete,/mnt/shared/zechuan/iraod_artifacts/comparison/dior/contrast/seed_42/0f98a48/methods/B/eval_full_contrast_ids_v1/class_ap.txt
DIOR,contrast,B,42,ema,harbor,0.134,printed class_ap.txt (typically 3 decimals),0.134,0.134,complete,/mnt/shared/zechuan/iraod_artifacts/comparison/dior/contrast/seed_42/0f98a48/methods/B/eval_full_contrast_ids_v1/class_ap.txt
DIOR,contrast,B,42,ema,overpass,0.161,printed class_ap.txt (typically 3 decimals),0.161,0.161,complete,/mnt/shared/zechuan/iraod_artifacts/comparison/dior/contrast/seed_42/0f98a48/methods/B/eval_full_contrast_ids_v1/class_ap.txt
DIOR,contrast,B,42,ema,ship,0.677,printed class_ap.txt (typically 3 decimals),0.677,0.677,complete,/mnt/shared/zechuan/iraod_artifacts/comparison/dior/contrast/seed_42/0f98a48/methods/B/eval_full_contrast_ids_v1/class_ap.txt
DIOR,contrast,B,42,ema,stadium,0.22,printed class_ap.txt (typically 3 decimals),0.22,0.22,complete,/mnt/shared/zechuan/iraod_artifacts/comparison/dior/contrast/seed_42/0f98a48/methods/B/eval_full_contrast_ids_v1/class_ap.txt
DIOR,contrast,B,42,ema,storagetank,0.463,printed class_ap.txt (typically 3 decimals),0.463,0.463,complete,/mnt/shared/zechuan/iraod_artifacts/comparison/dior/contrast/seed_42/0f98a48/methods/B/eval_full_contrast_ids_v1/class_ap.txt
DIOR,contrast,B,42,ema,tenniscourt,0.611,printed class_ap.txt (typically 3 decimals),0.611,0.611,complete,/mnt/shared/zechuan/iraod_artifacts/comparison/dior/contrast/seed_42/0f98a48/methods/B/eval_full_contrast_ids_v1/class_ap.txt
DIOR,contrast,B,42,ema,trainstation,0.083,printed class_ap.txt (typically 3 decimals),0.083,0.083,complete,/mnt/shared/zechuan/iraod_artifacts/comparison/dior/contrast/seed_42/0f98a48/methods/B/eval_full_contrast_ids_v1/class_ap.txt
DIOR,contrast,B,42,ema,vehicle,0.286,printed class_ap.txt (typically 3 decimals),0.286,0.286,complete,/mnt/shared/zechuan/iraod_artifacts/comparison/dior/contrast/seed_42/0f98a48/methods/B/eval_full_contrast_ids_v1/class_ap.txt
DIOR,contrast,B,42,ema,windmill,0.177,printed class_ap.txt (typically 3 decimals),0.177,0.177,complete,/mnt/shared/zechuan/iraod_artifacts/comparison/dior/contrast/seed_42/0f98a48/methods/B/eval_full_contrast_ids_v1/class_ap.txt
DIOR,contrast,B,43,ema,airplane,0.491,printed class_ap.txt (typically 3 decimals),,,complete,/mnt/shared/zechuan/iraod_artifacts/comparison/dior/contrast/seed_43/0f98a48/methods/B/eval_full_contrast_ids_v1/class_ap.txt
DIOR,contrast,B,43,ema,airport,0.006,printed class_ap.txt (typically 3 decimals),,,complete,/mnt/shared/zechuan/iraod_artifacts/comparison/dior/contrast/seed_43/0f98a48/methods/B/eval_full_contrast_ids_v1/class_ap.txt
DIOR,contrast,B,43,ema,baseballfield,0.525,printed class_ap.txt (typically 3 decimals),,,complete,/mnt/shared/zechuan/iraod_artifacts/comparison/dior/contrast/seed_43/0f98a48/methods/B/eval_full_contrast_ids_v1/class_ap.txt
DIOR,contrast,B,43,ema,basketballcourt,0.359,printed class_ap.txt (typically 3 decimals),,,complete,/mnt/shared/zechuan/iraod_artifacts/comparison/dior/contrast/seed_43/0f98a48/methods/B/eval_full_contrast_ids_v1/class_ap.txt
DIOR,contrast,B,43,ema,bridge,0.081,printed class_ap.txt (typically 3 decimals),,,complete,/mnt/shared/zechuan/iraod_artifacts/comparison/dior/contrast/seed_43/0f98a48/methods/B/eval_full_contrast_ids_v1/class_ap.txt
DIOR,contrast,B,43,ema,chimney,0.383,printed class_ap.txt (typically 3 decimals),,,complete,/mnt/shared/zechuan/iraod_artifacts/comparison/dior/contrast/seed_43/0f98a48/methods/B/eval_full_contrast_ids_v1/class_ap.txt
DIOR,contrast,B,43,ema,expressway-service-area,0.237,printed class_ap.txt (typically 3 decimals),,,complete,/mnt/shared/zechuan/iraod_artifacts/comparison/dior/contrast/seed_43/0f98a48/methods/B/eval_full_contrast_ids_v1/class_ap.txt
DIOR,contrast,B,43,ema,expressway-toll-station,0.199,printed class_ap.txt (typically 3 decimals),,,complete,/mnt/shared/zechuan/iraod_artifacts/comparison/dior/contrast/seed_43/0f98a48/methods/B/eval_full_contrast_ids_v1/class_ap.txt
DIOR,contrast,B,43,ema,dam,0.091,printed class_ap.txt (typically 3 decimals),,,complete,/mnt/shared/zechuan/iraod_artifacts/comparison/dior/contrast/seed_43/0f98a48/methods/B/eval_full_contrast_ids_v1/class_ap.txt
DIOR,contrast,B,43,ema,golffield,0.241,printed class_ap.txt (typically 3 decimals),,,complete,/mnt/shared/zechuan/iraod_artifacts/comparison/dior/contrast/seed_43/0f98a48/methods/B/eval_full_contrast_ids_v1/class_ap.txt
DIOR,contrast,B,43,ema,groundtrackfield,0.232,printed class_ap.txt (typically 3 decimals),,,complete,/mnt/shared/zechuan/iraod_artifacts/comparison/dior/contrast/seed_43/0f98a48/methods/B/eval_full_contrast_ids_v1/class_ap.txt
DIOR,contrast,B,43,ema,harbor,0.134,printed class_ap.txt (typically 3 decimals),,,complete,/mnt/shared/zechuan/iraod_artifacts/comparison/dior/contrast/seed_43/0f98a48/methods/B/eval_full_contrast_ids_v1/class_ap.txt
DIOR,contrast,B,43,ema,overpass,0.163,printed class_ap.txt (typically 3 decimals),,,complete,/mnt/shared/zechuan/iraod_artifacts/comparison/dior/contrast/seed_43/0f98a48/methods/B/eval_full_contrast_ids_v1/class_ap.txt
DIOR,contrast,B,43,ema,ship,0.676,printed class_ap.txt (typically 3 decimals),,,complete,/mnt/shared/zechuan/iraod_artifacts/comparison/dior/contrast/seed_43/0f98a48/methods/B/eval_full_contrast_ids_v1/class_ap.txt
DIOR,contrast,B,43,ema,stadium,0.219,printed class_ap.txt (typically 3 decimals),,,complete,/mnt/shared/zechuan/iraod_artifacts/comparison/dior/contrast/seed_43/0f98a48/methods/B/eval_full_contrast_ids_v1/class_ap.txt
DIOR,contrast,B,43,ema,storagetank,0.462,printed class_ap.txt (typically 3 decimals),,,complete,/mnt/shared/zechuan/iraod_artifacts/comparison/dior/contrast/seed_43/0f98a48/methods/B/eval_full_contrast_ids_v1/class_ap.txt
DIOR,contrast,B,43,ema,tenniscourt,0.611,printed class_ap.txt (typically 3 decimals),,,complete,/mnt/shared/zechuan/iraod_artifacts/comparison/dior/contrast/seed_43/0f98a48/methods/B/eval_full_contrast_ids_v1/class_ap.txt
DIOR,contrast,B,43,ema,trainstation,0.088,printed class_ap.txt (typically 3 decimals),,,complete,/mnt/shared/zechuan/iraod_artifacts/comparison/dior/contrast/seed_43/0f98a48/methods/B/eval_full_contrast_ids_v1/class_ap.txt
DIOR,contrast,B,43,ema,vehicle,0.288,printed class_ap.txt (typically 3 decimals),,,complete,/mnt/shared/zechuan/iraod_artifacts/comparison/dior/contrast/seed_43/0f98a48/methods/B/eval_full_contrast_ids_v1/class_ap.txt
DIOR,contrast,B,43,ema,windmill,0.179,printed class_ap.txt (typically 3 decimals),,,complete,/mnt/shared/zechuan/iraod_artifacts/comparison/dior/contrast/seed_43/0f98a48/methods/B/eval_full_contrast_ids_v1/class_ap.txt
DIOR,contrast,B,44,ema,airplane,0.49,printed class_ap.txt (typically 3 decimals),,,complete,/mnt/shared/zechuan/iraod_artifacts/comparison/dior/contrast/seed_44/0f98a48/methods/B/eval_full_contrast_ids_v1/class_ap.txt
DIOR,contrast,B,44,ema,airport,0.006,printed class_ap.txt (typically 3 decimals),,,complete,/mnt/shared/zechuan/iraod_artifacts/comparison/dior/contrast/seed_44/0f98a48/methods/B/eval_full_contrast_ids_v1/class_ap.txt
DIOR,contrast,B,44,ema,baseballfield,0.524,printed class_ap.txt (typically 3 decimals),,,complete,/mnt/shared/zechuan/iraod_artifacts/comparison/dior/contrast/seed_44/0f98a48/methods/B/eval_full_contrast_ids_v1/class_ap.txt
DIOR,contrast,B,44,ema,basketballcourt,0.36,printed class_ap.txt (typically 3 decimals),,,complete,/mnt/shared/zechuan/iraod_artifacts/comparison/dior/contrast/seed_44/0f98a48/methods/B/eval_full_contrast_ids_v1/class_ap.txt
DIOR,contrast,B,44,ema,bridge,0.113,printed class_ap.txt (typically 3 decimals),,,complete,/mnt/shared/zechuan/iraod_artifacts/comparison/dior/contrast/seed_44/0f98a48/methods/B/eval_full_contrast_ids_v1/class_ap.txt
DIOR,contrast,B,44,ema,chimney,0.393,printed class_ap.txt (typically 3 decimals),,,complete,/mnt/shared/zechuan/iraod_artifacts/comparison/dior/contrast/seed_44/0f98a48/methods/B/eval_full_contrast_ids_v1/class_ap.txt
DIOR,contrast,B,44,ema,expressway-service-area,0.236,printed class_ap.txt (typically 3 decimals),,,complete,/mnt/shared/zechuan/iraod_artifacts/comparison/dior/contrast/seed_44/0f98a48/methods/B/eval_full_contrast_ids_v1/class_ap.txt
DIOR,contrast,B,44,ema,expressway-toll-station,0.202,printed class_ap.txt (typically 3 decimals),,,complete,/mnt/shared/zechuan/iraod_artifacts/comparison/dior/contrast/seed_44/0f98a48/methods/B/eval_full_contrast_ids_v1/class_ap.txt
DIOR,contrast,B,44,ema,dam,0.091,printed class_ap.txt (typically 3 decimals),,,complete,/mnt/shared/zechuan/iraod_artifacts/comparison/dior/contrast/seed_44/0f98a48/methods/B/eval_full_contrast_ids_v1/class_ap.txt
DIOR,contrast,B,44,ema,golffield,0.239,printed class_ap.txt (typically 3 decimals),,,complete,/mnt/shared/zechuan/iraod_artifacts/comparison/dior/contrast/seed_44/0f98a48/methods/B/eval_full_contrast_ids_v1/class_ap.txt
DIOR,contrast,B,44,ema,groundtrackfield,0.232,printed class_ap.txt (typically 3 decimals),,,complete,/mnt/shared/zechuan/iraod_artifacts/comparison/dior/contrast/seed_44/0f98a48/methods/B/eval_full_contrast_ids_v1/class_ap.txt
DIOR,contrast,B,44,ema,harbor,0.132,printed class_ap.txt (typically 3 decimals),,,complete,/mnt/shared/zechuan/iraod_artifacts/comparison/dior/contrast/seed_44/0f98a48/methods/B/eval_full_contrast_ids_v1/class_ap.txt
DIOR,contrast,B,44,ema,overpass,0.166,printed class_ap.txt (typically 3 decimals),,,complete,/mnt/shared/zechuan/iraod_artifacts/comparison/dior/contrast/seed_44/0f98a48/methods/B/eval_full_contrast_ids_v1/class_ap.txt
DIOR,contrast,B,44,ema,ship,0.677,printed class_ap.txt (typically 3 decimals),,,complete,/mnt/shared/zechuan/iraod_artifacts/comparison/dior/contrast/seed_44/0f98a48/methods/B/eval_full_contrast_ids_v1/class_ap.txt
DIOR,contrast,B,44,ema,stadium,0.221,printed class_ap.txt (typically 3 decimals),,,complete,/mnt/shared/zechuan/iraod_artifacts/comparison/dior/contrast/seed_44/0f98a48/methods/B/eval_full_contrast_ids_v1/class_ap.txt
DIOR,contrast,B,44,ema,storagetank,0.461,printed class_ap.txt (typically 3 decimals),,,complete,/mnt/shared/zechuan/iraod_artifacts/comparison/dior/contrast/seed_44/0f98a48/methods/B/eval_full_contrast_ids_v1/class_ap.txt
DIOR,contrast,B,44,ema,tenniscourt,0.612,printed class_ap.txt (typically 3 decimals),,,complete,/mnt/shared/zechuan/iraod_artifacts/comparison/dior/contrast/seed_44/0f98a48/methods/B/eval_full_contrast_ids_v1/class_ap.txt
DIOR,contrast,B,44,ema,trainstation,0.087,printed class_ap.txt (typically 3 decimals),,,complete,/mnt/shared/zechuan/iraod_artifacts/comparison/dior/contrast/seed_44/0f98a48/methods/B/eval_full_contrast_ids_v1/class_ap.txt
DIOR,contrast,B,44,ema,vehicle,0.287,printed class_ap.txt (typically 3 decimals),,,complete,/mnt/shared/zechuan/iraod_artifacts/comparison/dior/contrast/seed_44/0f98a48/methods/B/eval_full_contrast_ids_v1/class_ap.txt
DIOR,contrast,B,44,ema,windmill,0.179,printed class_ap.txt (typically 3 decimals),,,complete,/mnt/shared/zechuan/iraod_artifacts/comparison/dior/contrast/seed_44/0f98a48/methods/B/eval_full_contrast_ids_v1/class_ap.txt
DIOR,contrast,C,42,ema,airplane,0.487,printed class_ap.txt (typically 3 decimals),0.487,0.487,complete,/mnt/shared/zechuan/iraod_artifacts/comparison/dior/contrast/seed_42/0f98a48/methods/C/eval_full_contrast_ids_v1/class_ap.txt
DIOR,contrast,C,42,ema,airport,0.01,printed class_ap.txt (typically 3 decimals),0.01,0.01,complete,/mnt/shared/zechuan/iraod_artifacts/comparison/dior/contrast/seed_42/0f98a48/methods/C/eval_full_contrast_ids_v1/class_ap.txt
DIOR,contrast,C,42,ema,baseballfield,0.525,printed class_ap.txt (typically 3 decimals),0.525,0.525,complete,/mnt/shared/zechuan/iraod_artifacts/comparison/dior/contrast/seed_42/0f98a48/methods/C/eval_full_contrast_ids_v1/class_ap.txt
DIOR,contrast,C,42,ema,basketballcourt,0.357,printed class_ap.txt (typically 3 decimals),0.357,0.357,complete,/mnt/shared/zechuan/iraod_artifacts/comparison/dior/contrast/seed_42/0f98a48/methods/C/eval_full_contrast_ids_v1/class_ap.txt
DIOR,contrast,C,42,ema,bridge,0.07,printed class_ap.txt (typically 3 decimals),0.07,0.07,complete,/mnt/shared/zechuan/iraod_artifacts/comparison/dior/contrast/seed_42/0f98a48/methods/C/eval_full_contrast_ids_v1/class_ap.txt
DIOR,contrast,C,42,ema,chimney,0.393,printed class_ap.txt (typically 3 decimals),0.393,0.393,complete,/mnt/shared/zechuan/iraod_artifacts/comparison/dior/contrast/seed_42/0f98a48/methods/C/eval_full_contrast_ids_v1/class_ap.txt
DIOR,contrast,C,42,ema,expressway-service-area,0.249,printed class_ap.txt (typically 3 decimals),0.249,0.249,complete,/mnt/shared/zechuan/iraod_artifacts/comparison/dior/contrast/seed_42/0f98a48/methods/C/eval_full_contrast_ids_v1/class_ap.txt
DIOR,contrast,C,42,ema,expressway-toll-station,0.196,printed class_ap.txt (typically 3 decimals),0.196,0.196,complete,/mnt/shared/zechuan/iraod_artifacts/comparison/dior/contrast/seed_42/0f98a48/methods/C/eval_full_contrast_ids_v1/class_ap.txt
DIOR,contrast,C,42,ema,dam,0.091,printed class_ap.txt (typically 3 decimals),0.091,0.091,complete,/mnt/shared/zechuan/iraod_artifacts/comparison/dior/contrast/seed_42/0f98a48/methods/C/eval_full_contrast_ids_v1/class_ap.txt
DIOR,contrast,C,42,ema,golffield,0.244,printed class_ap.txt (typically 3 decimals),0.244,0.244,complete,/mnt/shared/zechuan/iraod_artifacts/comparison/dior/contrast/seed_42/0f98a48/methods/C/eval_full_contrast_ids_v1/class_ap.txt
DIOR,contrast,C,42,ema,groundtrackfield,0.235,printed class_ap.txt (typically 3 decimals),0.235,0.235,complete,/mnt/shared/zechuan/iraod_artifacts/comparison/dior/contrast/seed_42/0f98a48/methods/C/eval_full_contrast_ids_v1/class_ap.txt
DIOR,contrast,C,42,ema,harbor,0.137,printed class_ap.txt (typically 3 decimals),0.137,0.137,complete,/mnt/shared/zechuan/iraod_artifacts/comparison/dior/contrast/seed_42/0f98a48/methods/C/eval_full_contrast_ids_v1/class_ap.txt
DIOR,contrast,C,42,ema,overpass,0.166,printed class_ap.txt (typically 3 decimals),0.166,0.166,complete,/mnt/shared/zechuan/iraod_artifacts/comparison/dior/contrast/seed_42/0f98a48/methods/C/eval_full_contrast_ids_v1/class_ap.txt
DIOR,contrast,C,42,ema,ship,0.674,printed class_ap.txt (typically 3 decimals),0.674,0.674,complete,/mnt/shared/zechuan/iraod_artifacts/comparison/dior/contrast/seed_42/0f98a48/methods/C/eval_full_contrast_ids_v1/class_ap.txt
DIOR,contrast,C,42,ema,stadium,0.232,printed class_ap.txt (typically 3 decimals),0.232,0.232,complete,/mnt/shared/zechuan/iraod_artifacts/comparison/dior/contrast/seed_42/0f98a48/methods/C/eval_full_contrast_ids_v1/class_ap.txt
DIOR,contrast,C,42,ema,storagetank,0.46,printed class_ap.txt (typically 3 decimals),0.46,0.46,complete,/mnt/shared/zechuan/iraod_artifacts/comparison/dior/contrast/seed_42/0f98a48/methods/C/eval_full_contrast_ids_v1/class_ap.txt
DIOR,contrast,C,42,ema,tenniscourt,0.611,printed class_ap.txt (typically 3 decimals),0.611,0.611,complete,/mnt/shared/zechuan/iraod_artifacts/comparison/dior/contrast/seed_42/0f98a48/methods/C/eval_full_contrast_ids_v1/class_ap.txt
DIOR,contrast,C,42,ema,trainstation,0.091,printed class_ap.txt (typically 3 decimals),0.091,0.091,complete,/mnt/shared/zechuan/iraod_artifacts/comparison/dior/contrast/seed_42/0f98a48/methods/C/eval_full_contrast_ids_v1/class_ap.txt
DIOR,contrast,C,42,ema,vehicle,0.288,printed class_ap.txt (typically 3 decimals),0.288,0.288,complete,/mnt/shared/zechuan/iraod_artifacts/comparison/dior/contrast/seed_42/0f98a48/methods/C/eval_full_contrast_ids_v1/class_ap.txt
DIOR,contrast,C,42,ema,windmill,0.178,printed class_ap.txt (typically 3 decimals),0.178,0.178,complete,/mnt/shared/zechuan/iraod_artifacts/comparison/dior/contrast/seed_42/0f98a48/methods/C/eval_full_contrast_ids_v1/class_ap.txt
DIOR,contrast,C,43,ema,airplane,0.487,printed class_ap.txt (typically 3 decimals),,,complete,/mnt/shared/zechuan/iraod_artifacts/comparison/dior/contrast/seed_43/0f98a48/methods/C/eval_full_contrast_ids_v1/class_ap.txt
DIOR,contrast,C,43,ema,airport,0.015,printed class_ap.txt (typically 3 decimals),,,complete,/mnt/shared/zechuan/iraod_artifacts/comparison/dior/contrast/seed_43/0f98a48/methods/C/eval_full_contrast_ids_v1/class_ap.txt
DIOR,contrast,C,43,ema,baseballfield,0.524,printed class_ap.txt (typically 3 decimals),,,complete,/mnt/shared/zechuan/iraod_artifacts/comparison/dior/contrast/seed_43/0f98a48/methods/C/eval_full_contrast_ids_v1/class_ap.txt
DIOR,contrast,C,43,ema,basketballcourt,0.358,printed class_ap.txt (typically 3 decimals),,,complete,/mnt/shared/zechuan/iraod_artifacts/comparison/dior/contrast/seed_43/0f98a48/methods/C/eval_full_contrast_ids_v1/class_ap.txt
DIOR,contrast,C,43,ema,bridge,0.074,printed class_ap.txt (typically 3 decimals),,,complete,/mnt/shared/zechuan/iraod_artifacts/comparison/dior/contrast/seed_43/0f98a48/methods/C/eval_full_contrast_ids_v1/class_ap.txt
DIOR,contrast,C,43,ema,chimney,0.395,printed class_ap.txt (typically 3 decimals),,,complete,/mnt/shared/zechuan/iraod_artifacts/comparison/dior/contrast/seed_43/0f98a48/methods/C/eval_full_contrast_ids_v1/class_ap.txt
DIOR,contrast,C,43,ema,expressway-service-area,0.248,printed class_ap.txt (typically 3 decimals),,,complete,/mnt/shared/zechuan/iraod_artifacts/comparison/dior/contrast/seed_43/0f98a48/methods/C/eval_full_contrast_ids_v1/class_ap.txt
DIOR,contrast,C,43,ema,expressway-toll-station,0.194,printed class_ap.txt (typically 3 decimals),,,complete,/mnt/shared/zechuan/iraod_artifacts/comparison/dior/contrast/seed_43/0f98a48/methods/C/eval_full_contrast_ids_v1/class_ap.txt
DIOR,contrast,C,43,ema,dam,0.091,printed class_ap.txt (typically 3 decimals),,,complete,/mnt/shared/zechuan/iraod_artifacts/comparison/dior/contrast/seed_43/0f98a48/methods/C/eval_full_contrast_ids_v1/class_ap.txt
DIOR,contrast,C,43,ema,golffield,0.247,printed class_ap.txt (typically 3 decimals),,,complete,/mnt/shared/zechuan/iraod_artifacts/comparison/dior/contrast/seed_43/0f98a48/methods/C/eval_full_contrast_ids_v1/class_ap.txt
DIOR,contrast,C,43,ema,groundtrackfield,0.225,printed class_ap.txt (typically 3 decimals),,,complete,/mnt/shared/zechuan/iraod_artifacts/comparison/dior/contrast/seed_43/0f98a48/methods/C/eval_full_contrast_ids_v1/class_ap.txt
DIOR,contrast,C,43,ema,harbor,0.137,printed class_ap.txt (typically 3 decimals),,,complete,/mnt/shared/zechuan/iraod_artifacts/comparison/dior/contrast/seed_43/0f98a48/methods/C/eval_full_contrast_ids_v1/class_ap.txt
DIOR,contrast,C,43,ema,overpass,0.165,printed class_ap.txt (typically 3 decimals),,,complete,/mnt/shared/zechuan/iraod_artifacts/comparison/dior/contrast/seed_43/0f98a48/methods/C/eval_full_contrast_ids_v1/class_ap.txt
DIOR,contrast,C,43,ema,ship,0.676,printed class_ap.txt (typically 3 decimals),,,complete,/mnt/shared/zechuan/iraod_artifacts/comparison/dior/contrast/seed_43/0f98a48/methods/C/eval_full_contrast_ids_v1/class_ap.txt
DIOR,contrast,C,43,ema,stadium,0.235,printed class_ap.txt (typically 3 decimals),,,complete,/mnt/shared/zechuan/iraod_artifacts/comparison/dior/contrast/seed_43/0f98a48/methods/C/eval_full_contrast_ids_v1/class_ap.txt
DIOR,contrast,C,43,ema,storagetank,0.458,printed class_ap.txt (typically 3 decimals),,,complete,/mnt/shared/zechuan/iraod_artifacts/comparison/dior/contrast/seed_43/0f98a48/methods/C/eval_full_contrast_ids_v1/class_ap.txt
DIOR,contrast,C,43,ema,tenniscourt,0.612,printed class_ap.txt (typically 3 decimals),,,complete,/mnt/shared/zechuan/iraod_artifacts/comparison/dior/contrast/seed_43/0f98a48/methods/C/eval_full_contrast_ids_v1/class_ap.txt
DIOR,contrast,C,43,ema,trainstation,0.087,printed class_ap.txt (typically 3 decimals),,,complete,/mnt/shared/zechuan/iraod_artifacts/comparison/dior/contrast/seed_43/0f98a48/methods/C/eval_full_contrast_ids_v1/class_ap.txt
DIOR,contrast,C,43,ema,vehicle,0.288,printed class_ap.txt (typically 3 decimals),,,complete,/mnt/shared/zechuan/iraod_artifacts/comparison/dior/contrast/seed_43/0f98a48/methods/C/eval_full_contrast_ids_v1/class_ap.txt
DIOR,contrast,C,43,ema,windmill,0.178,printed class_ap.txt (typically 3 decimals),,,complete,/mnt/shared/zechuan/iraod_artifacts/comparison/dior/contrast/seed_43/0f98a48/methods/C/eval_full_contrast_ids_v1/class_ap.txt
DIOR,contrast,C,44,ema,airplane,0.485,printed class_ap.txt (typically 3 decimals),,,complete,/mnt/shared/zechuan/iraod_artifacts/comparison/dior/contrast/seed_44/0f98a48/methods/C/eval_full_contrast_ids_v1/class_ap.txt
DIOR,contrast,C,44,ema,airport,0.011,printed class_ap.txt (typically 3 decimals),,,complete,/mnt/shared/zechuan/iraod_artifacts/comparison/dior/contrast/seed_44/0f98a48/methods/C/eval_full_contrast_ids_v1/class_ap.txt
DIOR,contrast,C,44,ema,baseballfield,0.524,printed class_ap.txt (typically 3 decimals),,,complete,/mnt/shared/zechuan/iraod_artifacts/comparison/dior/contrast/seed_44/0f98a48/methods/C/eval_full_contrast_ids_v1/class_ap.txt
DIOR,contrast,C,44,ema,basketballcourt,0.36,printed class_ap.txt (typically 3 decimals),,,complete,/mnt/shared/zechuan/iraod_artifacts/comparison/dior/contrast/seed_44/0f98a48/methods/C/eval_full_contrast_ids_v1/class_ap.txt
DIOR,contrast,C,44,ema,bridge,0.074,printed class_ap.txt (typically 3 decimals),,,complete,/mnt/shared/zechuan/iraod_artifacts/comparison/dior/contrast/seed_44/0f98a48/methods/C/eval_full_contrast_ids_v1/class_ap.txt
DIOR,contrast,C,44,ema,chimney,0.396,printed class_ap.txt (typically 3 decimals),,,complete,/mnt/shared/zechuan/iraod_artifacts/comparison/dior/contrast/seed_44/0f98a48/methods/C/eval_full_contrast_ids_v1/class_ap.txt
DIOR,contrast,C,44,ema,expressway-service-area,0.246,printed class_ap.txt (typically 3 decimals),,,complete,/mnt/shared/zechuan/iraod_artifacts/comparison/dior/contrast/seed_44/0f98a48/methods/C/eval_full_contrast_ids_v1/class_ap.txt
DIOR,contrast,C,44,ema,expressway-toll-station,0.196,printed class_ap.txt (typically 3 decimals),,,complete,/mnt/shared/zechuan/iraod_artifacts/comparison/dior/contrast/seed_44/0f98a48/methods/C/eval_full_contrast_ids_v1/class_ap.txt
DIOR,contrast,C,44,ema,dam,0.091,printed class_ap.txt (typically 3 decimals),,,complete,/mnt/shared/zechuan/iraod_artifacts/comparison/dior/contrast/seed_44/0f98a48/methods/C/eval_full_contrast_ids_v1/class_ap.txt
DIOR,contrast,C,44,ema,golffield,0.246,printed class_ap.txt (typically 3 decimals),,,complete,/mnt/shared/zechuan/iraod_artifacts/comparison/dior/contrast/seed_44/0f98a48/methods/C/eval_full_contrast_ids_v1/class_ap.txt
DIOR,contrast,C,44,ema,groundtrackfield,0.234,printed class_ap.txt (typically 3 decimals),,,complete,/mnt/shared/zechuan/iraod_artifacts/comparison/dior/contrast/seed_44/0f98a48/methods/C/eval_full_contrast_ids_v1/class_ap.txt
DIOR,contrast,C,44,ema,harbor,0.136,printed class_ap.txt (typically 3 decimals),,,complete,/mnt/shared/zechuan/iraod_artifacts/comparison/dior/contrast/seed_44/0f98a48/methods/C/eval_full_contrast_ids_v1/class_ap.txt
DIOR,contrast,C,44,ema,overpass,0.164,printed class_ap.txt (typically 3 decimals),,,complete,/mnt/shared/zechuan/iraod_artifacts/comparison/dior/contrast/seed_44/0f98a48/methods/C/eval_full_contrast_ids_v1/class_ap.txt
DIOR,contrast,C,44,ema,ship,0.676,printed class_ap.txt (typically 3 decimals),,,complete,/mnt/shared/zechuan/iraod_artifacts/comparison/dior/contrast/seed_44/0f98a48/methods/C/eval_full_contrast_ids_v1/class_ap.txt
DIOR,contrast,C,44,ema,stadium,0.225,printed class_ap.txt (typically 3 decimals),,,complete,/mnt/shared/zechuan/iraod_artifacts/comparison/dior/contrast/seed_44/0f98a48/methods/C/eval_full_contrast_ids_v1/class_ap.txt
DIOR,contrast,C,44,ema,storagetank,0.458,printed class_ap.txt (typically 3 decimals),,,complete,/mnt/shared/zechuan/iraod_artifacts/comparison/dior/contrast/seed_44/0f98a48/methods/C/eval_full_contrast_ids_v1/class_ap.txt
DIOR,contrast,C,44,ema,tenniscourt,0.612,printed class_ap.txt (typically 3 decimals),,,complete,/mnt/shared/zechuan/iraod_artifacts/comparison/dior/contrast/seed_44/0f98a48/methods/C/eval_full_contrast_ids_v1/class_ap.txt
DIOR,contrast,C,44,ema,trainstation,0.086,printed class_ap.txt (typically 3 decimals),,,complete,/mnt/shared/zechuan/iraod_artifacts/comparison/dior/contrast/seed_44/0f98a48/methods/C/eval_full_contrast_ids_v1/class_ap.txt
DIOR,contrast,C,44,ema,vehicle,0.289,printed class_ap.txt (typically 3 decimals),,,complete,/mnt/shared/zechuan/iraod_artifacts/comparison/dior/contrast/seed_44/0f98a48/methods/C/eval_full_contrast_ids_v1/class_ap.txt
DIOR,contrast,C,44,ema,windmill,0.177,printed class_ap.txt (typically 3 decimals),,,complete,/mnt/shared/zechuan/iraod_artifacts/comparison/dior/contrast/seed_44/0f98a48/methods/C/eval_full_contrast_ids_v1/class_ap.txt
DIOR,contrast,D,42,ema,airplane,0.475,printed class_ap.txt (typically 3 decimals),0.475,0.475,complete,/mnt/shared/zechuan/iraod_artifacts/comparison/dior/contrast/seed_42/0f98a48/methods/D/eval_full_contrast_ids_v1/class_ap.txt
DIOR,contrast,D,42,ema,airport,0.005,printed class_ap.txt (typically 3 decimals),0.005,0.005,complete,/mnt/shared/zechuan/iraod_artifacts/comparison/dior/contrast/seed_42/0f98a48/methods/D/eval_full_contrast_ids_v1/class_ap.txt
DIOR,contrast,D,42,ema,baseballfield,0.521,printed class_ap.txt (typically 3 decimals),0.521,0.521,complete,/mnt/shared/zechuan/iraod_artifacts/comparison/dior/contrast/seed_42/0f98a48/methods/D/eval_full_contrast_ids_v1/class_ap.txt
DIOR,contrast,D,42,ema,basketballcourt,0.355,printed class_ap.txt (typically 3 decimals),0.355,0.355,complete,/mnt/shared/zechuan/iraod_artifacts/comparison/dior/contrast/seed_42/0f98a48/methods/D/eval_full_contrast_ids_v1/class_ap.txt
DIOR,contrast,D,42,ema,bridge,0.07,printed class_ap.txt (typically 3 decimals),0.07,0.07,complete,/mnt/shared/zechuan/iraod_artifacts/comparison/dior/contrast/seed_42/0f98a48/methods/D/eval_full_contrast_ids_v1/class_ap.txt
DIOR,contrast,D,42,ema,chimney,0.374,printed class_ap.txt (typically 3 decimals),0.374,0.374,complete,/mnt/shared/zechuan/iraod_artifacts/comparison/dior/contrast/seed_42/0f98a48/methods/D/eval_full_contrast_ids_v1/class_ap.txt
DIOR,contrast,D,42,ema,expressway-service-area,0.232,printed class_ap.txt (typically 3 decimals),0.232,0.232,complete,/mnt/shared/zechuan/iraod_artifacts/comparison/dior/contrast/seed_42/0f98a48/methods/D/eval_full_contrast_ids_v1/class_ap.txt
DIOR,contrast,D,42,ema,expressway-toll-station,0.191,printed class_ap.txt (typically 3 decimals),0.191,0.191,complete,/mnt/shared/zechuan/iraod_artifacts/comparison/dior/contrast/seed_42/0f98a48/methods/D/eval_full_contrast_ids_v1/class_ap.txt
DIOR,contrast,D,42,ema,dam,0.091,printed class_ap.txt (typically 3 decimals),0.091,0.091,complete,/mnt/shared/zechuan/iraod_artifacts/comparison/dior/contrast/seed_42/0f98a48/methods/D/eval_full_contrast_ids_v1/class_ap.txt
DIOR,contrast,D,42,ema,golffield,0.207,printed class_ap.txt (typically 3 decimals),0.207,0.207,complete,/mnt/shared/zechuan/iraod_artifacts/comparison/dior/contrast/seed_42/0f98a48/methods/D/eval_full_contrast_ids_v1/class_ap.txt
DIOR,contrast,D,42,ema,groundtrackfield,0.236,printed class_ap.txt (typically 3 decimals),0.236,0.236,complete,/mnt/shared/zechuan/iraod_artifacts/comparison/dior/contrast/seed_42/0f98a48/methods/D/eval_full_contrast_ids_v1/class_ap.txt
DIOR,contrast,D,42,ema,harbor,0.121,printed class_ap.txt (typically 3 decimals),0.121,0.121,complete,/mnt/shared/zechuan/iraod_artifacts/comparison/dior/contrast/seed_42/0f98a48/methods/D/eval_full_contrast_ids_v1/class_ap.txt
DIOR,contrast,D,42,ema,overpass,0.165,printed class_ap.txt (typically 3 decimals),0.165,0.165,complete,/mnt/shared/zechuan/iraod_artifacts/comparison/dior/contrast/seed_42/0f98a48/methods/D/eval_full_contrast_ids_v1/class_ap.txt
DIOR,contrast,D,42,ema,ship,0.67,printed class_ap.txt (typically 3 decimals),0.67,0.67,complete,/mnt/shared/zechuan/iraod_artifacts/comparison/dior/contrast/seed_42/0f98a48/methods/D/eval_full_contrast_ids_v1/class_ap.txt
DIOR,contrast,D,42,ema,stadium,0.222,printed class_ap.txt (typically 3 decimals),0.222,0.222,complete,/mnt/shared/zechuan/iraod_artifacts/comparison/dior/contrast/seed_42/0f98a48/methods/D/eval_full_contrast_ids_v1/class_ap.txt
DIOR,contrast,D,42,ema,storagetank,0.461,printed class_ap.txt (typically 3 decimals),0.461,0.461,complete,/mnt/shared/zechuan/iraod_artifacts/comparison/dior/contrast/seed_42/0f98a48/methods/D/eval_full_contrast_ids_v1/class_ap.txt
DIOR,contrast,D,42,ema,tenniscourt,0.613,printed class_ap.txt (typically 3 decimals),0.613,0.613,complete,/mnt/shared/zechuan/iraod_artifacts/comparison/dior/contrast/seed_42/0f98a48/methods/D/eval_full_contrast_ids_v1/class_ap.txt
DIOR,contrast,D,42,ema,trainstation,0.085,printed class_ap.txt (typically 3 decimals),0.085,0.085,complete,/mnt/shared/zechuan/iraod_artifacts/comparison/dior/contrast/seed_42/0f98a48/methods/D/eval_full_contrast_ids_v1/class_ap.txt
DIOR,contrast,D,42,ema,vehicle,0.282,printed class_ap.txt (typically 3 decimals),0.282,0.282,complete,/mnt/shared/zechuan/iraod_artifacts/comparison/dior/contrast/seed_42/0f98a48/methods/D/eval_full_contrast_ids_v1/class_ap.txt
DIOR,contrast,D,42,ema,windmill,0.175,printed class_ap.txt (typically 3 decimals),0.175,0.175,complete,/mnt/shared/zechuan/iraod_artifacts/comparison/dior/contrast/seed_42/0f98a48/methods/D/eval_full_contrast_ids_v1/class_ap.txt
DIOR,contrast,D,43,ema,airplane,0.475,printed class_ap.txt (typically 3 decimals),,,complete,/mnt/shared/zechuan/iraod_artifacts/comparison/dior/contrast/seed_43/0f98a48/methods/D/eval_full_contrast_ids_v1/class_ap.txt
DIOR,contrast,D,43,ema,airport,0.006,printed class_ap.txt (typically 3 decimals),,,complete,/mnt/shared/zechuan/iraod_artifacts/comparison/dior/contrast/seed_43/0f98a48/methods/D/eval_full_contrast_ids_v1/class_ap.txt
DIOR,contrast,D,43,ema,baseballfield,0.522,printed class_ap.txt (typically 3 decimals),,,complete,/mnt/shared/zechuan/iraod_artifacts/comparison/dior/contrast/seed_43/0f98a48/methods/D/eval_full_contrast_ids_v1/class_ap.txt
DIOR,contrast,D,43,ema,basketballcourt,0.353,printed class_ap.txt (typically 3 decimals),,,complete,/mnt/shared/zechuan/iraod_artifacts/comparison/dior/contrast/seed_43/0f98a48/methods/D/eval_full_contrast_ids_v1/class_ap.txt
DIOR,contrast,D,43,ema,bridge,0.112,printed class_ap.txt (typically 3 decimals),,,complete,/mnt/shared/zechuan/iraod_artifacts/comparison/dior/contrast/seed_43/0f98a48/methods/D/eval_full_contrast_ids_v1/class_ap.txt
DIOR,contrast,D,43,ema,chimney,0.376,printed class_ap.txt (typically 3 decimals),,,complete,/mnt/shared/zechuan/iraod_artifacts/comparison/dior/contrast/seed_43/0f98a48/methods/D/eval_full_contrast_ids_v1/class_ap.txt
DIOR,contrast,D,43,ema,expressway-service-area,0.235,printed class_ap.txt (typically 3 decimals),,,complete,/mnt/shared/zechuan/iraod_artifacts/comparison/dior/contrast/seed_43/0f98a48/methods/D/eval_full_contrast_ids_v1/class_ap.txt
DIOR,contrast,D,43,ema,expressway-toll-station,0.194,printed class_ap.txt (typically 3 decimals),,,complete,/mnt/shared/zechuan/iraod_artifacts/comparison/dior/contrast/seed_43/0f98a48/methods/D/eval_full_contrast_ids_v1/class_ap.txt
DIOR,contrast,D,43,ema,dam,0.091,printed class_ap.txt (typically 3 decimals),,,complete,/mnt/shared/zechuan/iraod_artifacts/comparison/dior/contrast/seed_43/0f98a48/methods/D/eval_full_contrast_ids_v1/class_ap.txt
DIOR,contrast,D,43,ema,golffield,0.224,printed class_ap.txt (typically 3 decimals),,,complete,/mnt/shared/zechuan/iraod_artifacts/comparison/dior/contrast/seed_43/0f98a48/methods/D/eval_full_contrast_ids_v1/class_ap.txt
DIOR,contrast,D,43,ema,groundtrackfield,0.238,printed class_ap.txt (typically 3 decimals),,,complete,/mnt/shared/zechuan/iraod_artifacts/comparison/dior/contrast/seed_43/0f98a48/methods/D/eval_full_contrast_ids_v1/class_ap.txt
DIOR,contrast,D,43,ema,harbor,0.13,printed class_ap.txt (typically 3 decimals),,,complete,/mnt/shared/zechuan/iraod_artifacts/comparison/dior/contrast/seed_43/0f98a48/methods/D/eval_full_contrast_ids_v1/class_ap.txt
DIOR,contrast,D,43,ema,overpass,0.164,printed class_ap.txt (typically 3 decimals),,,complete,/mnt/shared/zechuan/iraod_artifacts/comparison/dior/contrast/seed_43/0f98a48/methods/D/eval_full_contrast_ids_v1/class_ap.txt
DIOR,contrast,D,43,ema,ship,0.67,printed class_ap.txt (typically 3 decimals),,,complete,/mnt/shared/zechuan/iraod_artifacts/comparison/dior/contrast/seed_43/0f98a48/methods/D/eval_full_contrast_ids_v1/class_ap.txt
DIOR,contrast,D,43,ema,stadium,0.222,printed class_ap.txt (typically 3 decimals),,,complete,/mnt/shared/zechuan/iraod_artifacts/comparison/dior/contrast/seed_43/0f98a48/methods/D/eval_full_contrast_ids_v1/class_ap.txt
DIOR,contrast,D,43,ema,storagetank,0.462,printed class_ap.txt (typically 3 decimals),,,complete,/mnt/shared/zechuan/iraod_artifacts/comparison/dior/contrast/seed_43/0f98a48/methods/D/eval_full_contrast_ids_v1/class_ap.txt
DIOR,contrast,D,43,ema,tenniscourt,0.613,printed class_ap.txt (typically 3 decimals),,,complete,/mnt/shared/zechuan/iraod_artifacts/comparison/dior/contrast/seed_43/0f98a48/methods/D/eval_full_contrast_ids_v1/class_ap.txt
DIOR,contrast,D,43,ema,trainstation,0.088,printed class_ap.txt (typically 3 decimals),,,complete,/mnt/shared/zechuan/iraod_artifacts/comparison/dior/contrast/seed_43/0f98a48/methods/D/eval_full_contrast_ids_v1/class_ap.txt
DIOR,contrast,D,43,ema,vehicle,0.283,printed class_ap.txt (typically 3 decimals),,,complete,/mnt/shared/zechuan/iraod_artifacts/comparison/dior/contrast/seed_43/0f98a48/methods/D/eval_full_contrast_ids_v1/class_ap.txt
DIOR,contrast,D,43,ema,windmill,0.175,printed class_ap.txt (typically 3 decimals),,,complete,/mnt/shared/zechuan/iraod_artifacts/comparison/dior/contrast/seed_43/0f98a48/methods/D/eval_full_contrast_ids_v1/class_ap.txt
DIOR,contrast,D,44,ema,airplane,0.473,printed class_ap.txt (typically 3 decimals),,,complete,/mnt/shared/zechuan/iraod_artifacts/comparison/dior/contrast/seed_44/0f98a48/methods/D/eval_full_contrast_ids_v1/class_ap.txt
DIOR,contrast,D,44,ema,airport,0.008,printed class_ap.txt (typically 3 decimals),,,complete,/mnt/shared/zechuan/iraod_artifacts/comparison/dior/contrast/seed_44/0f98a48/methods/D/eval_full_contrast_ids_v1/class_ap.txt
DIOR,contrast,D,44,ema,baseballfield,0.522,printed class_ap.txt (typically 3 decimals),,,complete,/mnt/shared/zechuan/iraod_artifacts/comparison/dior/contrast/seed_44/0f98a48/methods/D/eval_full_contrast_ids_v1/class_ap.txt
DIOR,contrast,D,44,ema,basketballcourt,0.356,printed class_ap.txt (typically 3 decimals),,,complete,/mnt/shared/zechuan/iraod_artifacts/comparison/dior/contrast/seed_44/0f98a48/methods/D/eval_full_contrast_ids_v1/class_ap.txt
DIOR,contrast,D,44,ema,bridge,0.068,printed class_ap.txt (typically 3 decimals),,,complete,/mnt/shared/zechuan/iraod_artifacts/comparison/dior/contrast/seed_44/0f98a48/methods/D/eval_full_contrast_ids_v1/class_ap.txt
DIOR,contrast,D,44,ema,chimney,0.374,printed class_ap.txt (typically 3 decimals),,,complete,/mnt/shared/zechuan/iraod_artifacts/comparison/dior/contrast/seed_44/0f98a48/methods/D/eval_full_contrast_ids_v1/class_ap.txt
DIOR,contrast,D,44,ema,expressway-service-area,0.234,printed class_ap.txt (typically 3 decimals),,,complete,/mnt/shared/zechuan/iraod_artifacts/comparison/dior/contrast/seed_44/0f98a48/methods/D/eval_full_contrast_ids_v1/class_ap.txt
DIOR,contrast,D,44,ema,expressway-toll-station,0.197,printed class_ap.txt (typically 3 decimals),,,complete,/mnt/shared/zechuan/iraod_artifacts/comparison/dior/contrast/seed_44/0f98a48/methods/D/eval_full_contrast_ids_v1/class_ap.txt
DIOR,contrast,D,44,ema,dam,0.091,printed class_ap.txt (typically 3 decimals),,,complete,/mnt/shared/zechuan/iraod_artifacts/comparison/dior/contrast/seed_44/0f98a48/methods/D/eval_full_contrast_ids_v1/class_ap.txt
DIOR,contrast,D,44,ema,golffield,0.225,printed class_ap.txt (typically 3 decimals),,,complete,/mnt/shared/zechuan/iraod_artifacts/comparison/dior/contrast/seed_44/0f98a48/methods/D/eval_full_contrast_ids_v1/class_ap.txt
DIOR,contrast,D,44,ema,groundtrackfield,0.238,printed class_ap.txt (typically 3 decimals),,,complete,/mnt/shared/zechuan/iraod_artifacts/comparison/dior/contrast/seed_44/0f98a48/methods/D/eval_full_contrast_ids_v1/class_ap.txt
DIOR,contrast,D,44,ema,harbor,0.12,printed class_ap.txt (typically 3 decimals),,,complete,/mnt/shared/zechuan/iraod_artifacts/comparison/dior/contrast/seed_44/0f98a48/methods/D/eval_full_contrast_ids_v1/class_ap.txt
DIOR,contrast,D,44,ema,overpass,0.167,printed class_ap.txt (typically 3 decimals),,,complete,/mnt/shared/zechuan/iraod_artifacts/comparison/dior/contrast/seed_44/0f98a48/methods/D/eval_full_contrast_ids_v1/class_ap.txt
DIOR,contrast,D,44,ema,ship,0.669,printed class_ap.txt (typically 3 decimals),,,complete,/mnt/shared/zechuan/iraod_artifacts/comparison/dior/contrast/seed_44/0f98a48/methods/D/eval_full_contrast_ids_v1/class_ap.txt
DIOR,contrast,D,44,ema,stadium,0.216,printed class_ap.txt (typically 3 decimals),,,complete,/mnt/shared/zechuan/iraod_artifacts/comparison/dior/contrast/seed_44/0f98a48/methods/D/eval_full_contrast_ids_v1/class_ap.txt
DIOR,contrast,D,44,ema,storagetank,0.461,printed class_ap.txt (typically 3 decimals),,,complete,/mnt/shared/zechuan/iraod_artifacts/comparison/dior/contrast/seed_44/0f98a48/methods/D/eval_full_contrast_ids_v1/class_ap.txt
DIOR,contrast,D,44,ema,tenniscourt,0.614,printed class_ap.txt (typically 3 decimals),,,complete,/mnt/shared/zechuan/iraod_artifacts/comparison/dior/contrast/seed_44/0f98a48/methods/D/eval_full_contrast_ids_v1/class_ap.txt
DIOR,contrast,D,44,ema,trainstation,0.089,printed class_ap.txt (typically 3 decimals),,,complete,/mnt/shared/zechuan/iraod_artifacts/comparison/dior/contrast/seed_44/0f98a48/methods/D/eval_full_contrast_ids_v1/class_ap.txt
DIOR,contrast,D,44,ema,vehicle,0.281,printed class_ap.txt (typically 3 decimals),,,complete,/mnt/shared/zechuan/iraod_artifacts/comparison/dior/contrast/seed_44/0f98a48/methods/D/eval_full_contrast_ids_v1/class_ap.txt
DIOR,contrast,D,44,ema,windmill,0.174,printed class_ap.txt (typically 3 decimals),,,complete,/mnt/shared/zechuan/iraod_artifacts/comparison/dior/contrast/seed_44/0f98a48/methods/D/eval_full_contrast_ids_v1/class_ap.txt
DIOR,contrast,E,42,ema,airplane,0.488,printed class_ap.txt (typically 3 decimals),0.488,0.488,complete,/mnt/shared/zechuan/iraod_artifacts/comparison/dior/contrast/seed_42/0f98a48/methods/E/ddp2/eval_full_contrast_ids_v1/class_ap.txt
DIOR,contrast,E,42,ema,airport,0.011,printed class_ap.txt (typically 3 decimals),0.011,0.011,complete,/mnt/shared/zechuan/iraod_artifacts/comparison/dior/contrast/seed_42/0f98a48/methods/E/ddp2/eval_full_contrast_ids_v1/class_ap.txt
DIOR,contrast,E,42,ema,baseballfield,0.525,printed class_ap.txt (typically 3 decimals),0.525,0.525,complete,/mnt/shared/zechuan/iraod_artifacts/comparison/dior/contrast/seed_42/0f98a48/methods/E/ddp2/eval_full_contrast_ids_v1/class_ap.txt
DIOR,contrast,E,42,ema,basketballcourt,0.358,printed class_ap.txt (typically 3 decimals),0.358,0.358,complete,/mnt/shared/zechuan/iraod_artifacts/comparison/dior/contrast/seed_42/0f98a48/methods/E/ddp2/eval_full_contrast_ids_v1/class_ap.txt
DIOR,contrast,E,42,ema,bridge,0.112,printed class_ap.txt (typically 3 decimals),0.112,0.112,complete,/mnt/shared/zechuan/iraod_artifacts/comparison/dior/contrast/seed_42/0f98a48/methods/E/ddp2/eval_full_contrast_ids_v1/class_ap.txt
DIOR,contrast,E,42,ema,chimney,0.391,printed class_ap.txt (typically 3 decimals),0.391,0.391,complete,/mnt/shared/zechuan/iraod_artifacts/comparison/dior/contrast/seed_42/0f98a48/methods/E/ddp2/eval_full_contrast_ids_v1/class_ap.txt
DIOR,contrast,E,42,ema,expressway-service-area,0.236,printed class_ap.txt (typically 3 decimals),0.236,0.236,complete,/mnt/shared/zechuan/iraod_artifacts/comparison/dior/contrast/seed_42/0f98a48/methods/E/ddp2/eval_full_contrast_ids_v1/class_ap.txt
DIOR,contrast,E,42,ema,expressway-toll-station,0.201,printed class_ap.txt (typically 3 decimals),0.201,0.201,complete,/mnt/shared/zechuan/iraod_artifacts/comparison/dior/contrast/seed_42/0f98a48/methods/E/ddp2/eval_full_contrast_ids_v1/class_ap.txt
DIOR,contrast,E,42,ema,dam,0.091,printed class_ap.txt (typically 3 decimals),0.091,0.091,complete,/mnt/shared/zechuan/iraod_artifacts/comparison/dior/contrast/seed_42/0f98a48/methods/E/ddp2/eval_full_contrast_ids_v1/class_ap.txt
DIOR,contrast,E,42,ema,golffield,0.237,printed class_ap.txt (typically 3 decimals),0.237,0.237,complete,/mnt/shared/zechuan/iraod_artifacts/comparison/dior/contrast/seed_42/0f98a48/methods/E/ddp2/eval_full_contrast_ids_v1/class_ap.txt
DIOR,contrast,E,42,ema,groundtrackfield,0.224,printed class_ap.txt (typically 3 decimals),0.224,0.224,complete,/mnt/shared/zechuan/iraod_artifacts/comparison/dior/contrast/seed_42/0f98a48/methods/E/ddp2/eval_full_contrast_ids_v1/class_ap.txt
DIOR,contrast,E,42,ema,harbor,0.135,printed class_ap.txt (typically 3 decimals),0.135,0.135,complete,/mnt/shared/zechuan/iraod_artifacts/comparison/dior/contrast/seed_42/0f98a48/methods/E/ddp2/eval_full_contrast_ids_v1/class_ap.txt
DIOR,contrast,E,42,ema,overpass,0.163,printed class_ap.txt (typically 3 decimals),0.163,0.163,complete,/mnt/shared/zechuan/iraod_artifacts/comparison/dior/contrast/seed_42/0f98a48/methods/E/ddp2/eval_full_contrast_ids_v1/class_ap.txt
DIOR,contrast,E,42,ema,ship,0.676,printed class_ap.txt (typically 3 decimals),0.676,0.676,complete,/mnt/shared/zechuan/iraod_artifacts/comparison/dior/contrast/seed_42/0f98a48/methods/E/ddp2/eval_full_contrast_ids_v1/class_ap.txt
DIOR,contrast,E,42,ema,stadium,0.222,printed class_ap.txt (typically 3 decimals),0.222,0.222,complete,/mnt/shared/zechuan/iraod_artifacts/comparison/dior/contrast/seed_42/0f98a48/methods/E/ddp2/eval_full_contrast_ids_v1/class_ap.txt
DIOR,contrast,E,42,ema,storagetank,0.462,printed class_ap.txt (typically 3 decimals),0.462,0.462,complete,/mnt/shared/zechuan/iraod_artifacts/comparison/dior/contrast/seed_42/0f98a48/methods/E/ddp2/eval_full_contrast_ids_v1/class_ap.txt
DIOR,contrast,E,42,ema,tenniscourt,0.611,printed class_ap.txt (typically 3 decimals),0.611,0.611,complete,/mnt/shared/zechuan/iraod_artifacts/comparison/dior/contrast/seed_42/0f98a48/methods/E/ddp2/eval_full_contrast_ids_v1/class_ap.txt
DIOR,contrast,E,42,ema,trainstation,0.085,printed class_ap.txt (typically 3 decimals),0.085,0.085,complete,/mnt/shared/zechuan/iraod_artifacts/comparison/dior/contrast/seed_42/0f98a48/methods/E/ddp2/eval_full_contrast_ids_v1/class_ap.txt
DIOR,contrast,E,42,ema,vehicle,0.286,printed class_ap.txt (typically 3 decimals),0.286,0.286,complete,/mnt/shared/zechuan/iraod_artifacts/comparison/dior/contrast/seed_42/0f98a48/methods/E/ddp2/eval_full_contrast_ids_v1/class_ap.txt
DIOR,contrast,E,42,ema,windmill,0.179,printed class_ap.txt (typically 3 decimals),0.179,0.179,complete,/mnt/shared/zechuan/iraod_artifacts/comparison/dior/contrast/seed_42/0f98a48/methods/E/ddp2/eval_full_contrast_ids_v1/class_ap.txt
DIOR,contrast,E,43,ema,airplane,0.489,printed class_ap.txt (typically 3 decimals),,,complete,/mnt/shared/zechuan/iraod_artifacts/comparison/dior/contrast/seed_43/0f98a48/methods/E/ddp2/eval_full_contrast_ids_v1/class_ap.txt
DIOR,contrast,E,43,ema,airport,0.011,printed class_ap.txt (typically 3 decimals),,,complete,/mnt/shared/zechuan/iraod_artifacts/comparison/dior/contrast/seed_43/0f98a48/methods/E/ddp2/eval_full_contrast_ids_v1/class_ap.txt
DIOR,contrast,E,43,ema,baseballfield,0.524,printed class_ap.txt (typically 3 decimals),,,complete,/mnt/shared/zechuan/iraod_artifacts/comparison/dior/contrast/seed_43/0f98a48/methods/E/ddp2/eval_full_contrast_ids_v1/class_ap.txt
DIOR,contrast,E,43,ema,basketballcourt,0.357,printed class_ap.txt (typically 3 decimals),,,complete,/mnt/shared/zechuan/iraod_artifacts/comparison/dior/contrast/seed_43/0f98a48/methods/E/ddp2/eval_full_contrast_ids_v1/class_ap.txt
DIOR,contrast,E,43,ema,bridge,0.113,printed class_ap.txt (typically 3 decimals),,,complete,/mnt/shared/zechuan/iraod_artifacts/comparison/dior/contrast/seed_43/0f98a48/methods/E/ddp2/eval_full_contrast_ids_v1/class_ap.txt
DIOR,contrast,E,43,ema,chimney,0.396,printed class_ap.txt (typically 3 decimals),,,complete,/mnt/shared/zechuan/iraod_artifacts/comparison/dior/contrast/seed_43/0f98a48/methods/E/ddp2/eval_full_contrast_ids_v1/class_ap.txt
DIOR,contrast,E,43,ema,expressway-service-area,0.24,printed class_ap.txt (typically 3 decimals),,,complete,/mnt/shared/zechuan/iraod_artifacts/comparison/dior/contrast/seed_43/0f98a48/methods/E/ddp2/eval_full_contrast_ids_v1/class_ap.txt
DIOR,contrast,E,43,ema,expressway-toll-station,0.195,printed class_ap.txt (typically 3 decimals),,,complete,/mnt/shared/zechuan/iraod_artifacts/comparison/dior/contrast/seed_43/0f98a48/methods/E/ddp2/eval_full_contrast_ids_v1/class_ap.txt
DIOR,contrast,E,43,ema,dam,0.091,printed class_ap.txt (typically 3 decimals),,,complete,/mnt/shared/zechuan/iraod_artifacts/comparison/dior/contrast/seed_43/0f98a48/methods/E/ddp2/eval_full_contrast_ids_v1/class_ap.txt
DIOR,contrast,E,43,ema,golffield,0.24,printed class_ap.txt (typically 3 decimals),,,complete,/mnt/shared/zechuan/iraod_artifacts/comparison/dior/contrast/seed_43/0f98a48/methods/E/ddp2/eval_full_contrast_ids_v1/class_ap.txt
DIOR,contrast,E,43,ema,groundtrackfield,0.232,printed class_ap.txt (typically 3 decimals),,,complete,/mnt/shared/zechuan/iraod_artifacts/comparison/dior/contrast/seed_43/0f98a48/methods/E/ddp2/eval_full_contrast_ids_v1/class_ap.txt
DIOR,contrast,E,43,ema,harbor,0.134,printed class_ap.txt (typically 3 decimals),,,complete,/mnt/shared/zechuan/iraod_artifacts/comparison/dior/contrast/seed_43/0f98a48/methods/E/ddp2/eval_full_contrast_ids_v1/class_ap.txt
DIOR,contrast,E,43,ema,overpass,0.161,printed class_ap.txt (typically 3 decimals),,,complete,/mnt/shared/zechuan/iraod_artifacts/comparison/dior/contrast/seed_43/0f98a48/methods/E/ddp2/eval_full_contrast_ids_v1/class_ap.txt
DIOR,contrast,E,43,ema,ship,0.676,printed class_ap.txt (typically 3 decimals),,,complete,/mnt/shared/zechuan/iraod_artifacts/comparison/dior/contrast/seed_43/0f98a48/methods/E/ddp2/eval_full_contrast_ids_v1/class_ap.txt
DIOR,contrast,E,43,ema,stadium,0.225,printed class_ap.txt (typically 3 decimals),,,complete,/mnt/shared/zechuan/iraod_artifacts/comparison/dior/contrast/seed_43/0f98a48/methods/E/ddp2/eval_full_contrast_ids_v1/class_ap.txt
DIOR,contrast,E,43,ema,storagetank,0.461,printed class_ap.txt (typically 3 decimals),,,complete,/mnt/shared/zechuan/iraod_artifacts/comparison/dior/contrast/seed_43/0f98a48/methods/E/ddp2/eval_full_contrast_ids_v1/class_ap.txt
DIOR,contrast,E,43,ema,tenniscourt,0.612,printed class_ap.txt (typically 3 decimals),,,complete,/mnt/shared/zechuan/iraod_artifacts/comparison/dior/contrast/seed_43/0f98a48/methods/E/ddp2/eval_full_contrast_ids_v1/class_ap.txt
DIOR,contrast,E,43,ema,trainstation,0.082,printed class_ap.txt (typically 3 decimals),,,complete,/mnt/shared/zechuan/iraod_artifacts/comparison/dior/contrast/seed_43/0f98a48/methods/E/ddp2/eval_full_contrast_ids_v1/class_ap.txt
DIOR,contrast,E,43,ema,vehicle,0.287,printed class_ap.txt (typically 3 decimals),,,complete,/mnt/shared/zechuan/iraod_artifacts/comparison/dior/contrast/seed_43/0f98a48/methods/E/ddp2/eval_full_contrast_ids_v1/class_ap.txt
DIOR,contrast,E,43,ema,windmill,0.177,printed class_ap.txt (typically 3 decimals),,,complete,/mnt/shared/zechuan/iraod_artifacts/comparison/dior/contrast/seed_43/0f98a48/methods/E/ddp2/eval_full_contrast_ids_v1/class_ap.txt
DIOR,contrast,E,44,ema,airplane,0.489,printed class_ap.txt (typically 3 decimals),,,complete,/mnt/shared/zechuan/iraod_artifacts/comparison/dior/contrast/seed_44/0f98a48/methods/E/ddp2/eval_full_contrast_ids_v1/class_ap.txt
DIOR,contrast,E,44,ema,airport,0.011,printed class_ap.txt (typically 3 decimals),,,complete,/mnt/shared/zechuan/iraod_artifacts/comparison/dior/contrast/seed_44/0f98a48/methods/E/ddp2/eval_full_contrast_ids_v1/class_ap.txt
DIOR,contrast,E,44,ema,baseballfield,0.524,printed class_ap.txt (typically 3 decimals),,,complete,/mnt/shared/zechuan/iraod_artifacts/comparison/dior/contrast/seed_44/0f98a48/methods/E/ddp2/eval_full_contrast_ids_v1/class_ap.txt
DIOR,contrast,E,44,ema,basketballcourt,0.361,printed class_ap.txt (typically 3 decimals),,,complete,/mnt/shared/zechuan/iraod_artifacts/comparison/dior/contrast/seed_44/0f98a48/methods/E/ddp2/eval_full_contrast_ids_v1/class_ap.txt
DIOR,contrast,E,44,ema,bridge,0.114,printed class_ap.txt (typically 3 decimals),,,complete,/mnt/shared/zechuan/iraod_artifacts/comparison/dior/contrast/seed_44/0f98a48/methods/E/ddp2/eval_full_contrast_ids_v1/class_ap.txt
DIOR,contrast,E,44,ema,chimney,0.393,printed class_ap.txt (typically 3 decimals),,,complete,/mnt/shared/zechuan/iraod_artifacts/comparison/dior/contrast/seed_44/0f98a48/methods/E/ddp2/eval_full_contrast_ids_v1/class_ap.txt
DIOR,contrast,E,44,ema,expressway-service-area,0.241,printed class_ap.txt (typically 3 decimals),,,complete,/mnt/shared/zechuan/iraod_artifacts/comparison/dior/contrast/seed_44/0f98a48/methods/E/ddp2/eval_full_contrast_ids_v1/class_ap.txt
DIOR,contrast,E,44,ema,expressway-toll-station,0.199,printed class_ap.txt (typically 3 decimals),,,complete,/mnt/shared/zechuan/iraod_artifacts/comparison/dior/contrast/seed_44/0f98a48/methods/E/ddp2/eval_full_contrast_ids_v1/class_ap.txt
DIOR,contrast,E,44,ema,dam,0.091,printed class_ap.txt (typically 3 decimals),,,complete,/mnt/shared/zechuan/iraod_artifacts/comparison/dior/contrast/seed_44/0f98a48/methods/E/ddp2/eval_full_contrast_ids_v1/class_ap.txt
DIOR,contrast,E,44,ema,golffield,0.24,printed class_ap.txt (typically 3 decimals),,,complete,/mnt/shared/zechuan/iraod_artifacts/comparison/dior/contrast/seed_44/0f98a48/methods/E/ddp2/eval_full_contrast_ids_v1/class_ap.txt
DIOR,contrast,E,44,ema,groundtrackfield,0.232,printed class_ap.txt (typically 3 decimals),,,complete,/mnt/shared/zechuan/iraod_artifacts/comparison/dior/contrast/seed_44/0f98a48/methods/E/ddp2/eval_full_contrast_ids_v1/class_ap.txt
DIOR,contrast,E,44,ema,harbor,0.133,printed class_ap.txt (typically 3 decimals),,,complete,/mnt/shared/zechuan/iraod_artifacts/comparison/dior/contrast/seed_44/0f98a48/methods/E/ddp2/eval_full_contrast_ids_v1/class_ap.txt
DIOR,contrast,E,44,ema,overpass,0.161,printed class_ap.txt (typically 3 decimals),,,complete,/mnt/shared/zechuan/iraod_artifacts/comparison/dior/contrast/seed_44/0f98a48/methods/E/ddp2/eval_full_contrast_ids_v1/class_ap.txt
DIOR,contrast,E,44,ema,ship,0.677,printed class_ap.txt (typically 3 decimals),,,complete,/mnt/shared/zechuan/iraod_artifacts/comparison/dior/contrast/seed_44/0f98a48/methods/E/ddp2/eval_full_contrast_ids_v1/class_ap.txt
DIOR,contrast,E,44,ema,stadium,0.218,printed class_ap.txt (typically 3 decimals),,,complete,/mnt/shared/zechuan/iraod_artifacts/comparison/dior/contrast/seed_44/0f98a48/methods/E/ddp2/eval_full_contrast_ids_v1/class_ap.txt
DIOR,contrast,E,44,ema,storagetank,0.461,printed class_ap.txt (typically 3 decimals),,,complete,/mnt/shared/zechuan/iraod_artifacts/comparison/dior/contrast/seed_44/0f98a48/methods/E/ddp2/eval_full_contrast_ids_v1/class_ap.txt
DIOR,contrast,E,44,ema,tenniscourt,0.612,printed class_ap.txt (typically 3 decimals),,,complete,/mnt/shared/zechuan/iraod_artifacts/comparison/dior/contrast/seed_44/0f98a48/methods/E/ddp2/eval_full_contrast_ids_v1/class_ap.txt
DIOR,contrast,E,44,ema,trainstation,0.075,printed class_ap.txt (typically 3 decimals),,,complete,/mnt/shared/zechuan/iraod_artifacts/comparison/dior/contrast/seed_44/0f98a48/methods/E/ddp2/eval_full_contrast_ids_v1/class_ap.txt
DIOR,contrast,E,44,ema,vehicle,0.288,printed class_ap.txt (typically 3 decimals),,,complete,/mnt/shared/zechuan/iraod_artifacts/comparison/dior/contrast/seed_44/0f98a48/methods/E/ddp2/eval_full_contrast_ids_v1/class_ap.txt
DIOR,contrast,E,44,ema,windmill,0.179,printed class_ap.txt (typically 3 decimals),,,complete,/mnt/shared/zechuan/iraod_artifacts/comparison/dior/contrast/seed_44/0f98a48/methods/E/ddp2/eval_full_contrast_ids_v1/class_ap.txt
DIOR,contrast,F,42,ema,airplane,0.476,printed class_ap.txt (typically 3 decimals),0.476,0.476,complete,/mnt/shared/zechuan/iraod_artifacts/comparison/dior/contrast/seed_42/0f98a48/methods/F/ddp2/eval_full_contrast_ids_v1/class_ap.txt
DIOR,contrast,F,42,ema,airport,0.006,printed class_ap.txt (typically 3 decimals),0.006,0.006,complete,/mnt/shared/zechuan/iraod_artifacts/comparison/dior/contrast/seed_42/0f98a48/methods/F/ddp2/eval_full_contrast_ids_v1/class_ap.txt
DIOR,contrast,F,42,ema,baseballfield,0.524,printed class_ap.txt (typically 3 decimals),0.524,0.524,complete,/mnt/shared/zechuan/iraod_artifacts/comparison/dior/contrast/seed_42/0f98a48/methods/F/ddp2/eval_full_contrast_ids_v1/class_ap.txt
DIOR,contrast,F,42,ema,basketballcourt,0.361,printed class_ap.txt (typically 3 decimals),0.361,0.361,complete,/mnt/shared/zechuan/iraod_artifacts/comparison/dior/contrast/seed_42/0f98a48/methods/F/ddp2/eval_full_contrast_ids_v1/class_ap.txt
DIOR,contrast,F,42,ema,bridge,0.112,printed class_ap.txt (typically 3 decimals),0.112,0.112,complete,/mnt/shared/zechuan/iraod_artifacts/comparison/dior/contrast/seed_42/0f98a48/methods/F/ddp2/eval_full_contrast_ids_v1/class_ap.txt
DIOR,contrast,F,42,ema,chimney,0.379,printed class_ap.txt (typically 3 decimals),0.379,0.379,complete,/mnt/shared/zechuan/iraod_artifacts/comparison/dior/contrast/seed_42/0f98a48/methods/F/ddp2/eval_full_contrast_ids_v1/class_ap.txt
DIOR,contrast,F,42,ema,expressway-service-area,0.242,printed class_ap.txt (typically 3 decimals),0.242,0.242,complete,/mnt/shared/zechuan/iraod_artifacts/comparison/dior/contrast/seed_42/0f98a48/methods/F/ddp2/eval_full_contrast_ids_v1/class_ap.txt
DIOR,contrast,F,42,ema,expressway-toll-station,0.193,printed class_ap.txt (typically 3 decimals),0.193,0.193,complete,/mnt/shared/zechuan/iraod_artifacts/comparison/dior/contrast/seed_42/0f98a48/methods/F/ddp2/eval_full_contrast_ids_v1/class_ap.txt
DIOR,contrast,F,42,ema,dam,0.091,printed class_ap.txt (typically 3 decimals),0.091,0.091,complete,/mnt/shared/zechuan/iraod_artifacts/comparison/dior/contrast/seed_42/0f98a48/methods/F/ddp2/eval_full_contrast_ids_v1/class_ap.txt
DIOR,contrast,F,42,ema,golffield,0.218,printed class_ap.txt (typically 3 decimals),0.218,0.218,complete,/mnt/shared/zechuan/iraod_artifacts/comparison/dior/contrast/seed_42/0f98a48/methods/F/ddp2/eval_full_contrast_ids_v1/class_ap.txt
DIOR,contrast,F,42,ema,groundtrackfield,0.238,printed class_ap.txt (typically 3 decimals),0.238,0.238,complete,/mnt/shared/zechuan/iraod_artifacts/comparison/dior/contrast/seed_42/0f98a48/methods/F/ddp2/eval_full_contrast_ids_v1/class_ap.txt
DIOR,contrast,F,42,ema,harbor,0.129,printed class_ap.txt (typically 3 decimals),0.129,0.129,complete,/mnt/shared/zechuan/iraod_artifacts/comparison/dior/contrast/seed_42/0f98a48/methods/F/ddp2/eval_full_contrast_ids_v1/class_ap.txt
DIOR,contrast,F,42,ema,overpass,0.167,printed class_ap.txt (typically 3 decimals),0.167,0.167,complete,/mnt/shared/zechuan/iraod_artifacts/comparison/dior/contrast/seed_42/0f98a48/methods/F/ddp2/eval_full_contrast_ids_v1/class_ap.txt
DIOR,contrast,F,42,ema,ship,0.671,printed class_ap.txt (typically 3 decimals),0.671,0.671,complete,/mnt/shared/zechuan/iraod_artifacts/comparison/dior/contrast/seed_42/0f98a48/methods/F/ddp2/eval_full_contrast_ids_v1/class_ap.txt
DIOR,contrast,F,42,ema,stadium,0.221,printed class_ap.txt (typically 3 decimals),0.221,0.221,complete,/mnt/shared/zechuan/iraod_artifacts/comparison/dior/contrast/seed_42/0f98a48/methods/F/ddp2/eval_full_contrast_ids_v1/class_ap.txt
DIOR,contrast,F,42,ema,storagetank,0.457,printed class_ap.txt (typically 3 decimals),0.457,0.457,complete,/mnt/shared/zechuan/iraod_artifacts/comparison/dior/contrast/seed_42/0f98a48/methods/F/ddp2/eval_full_contrast_ids_v1/class_ap.txt
DIOR,contrast,F,42,ema,tenniscourt,0.613,printed class_ap.txt (typically 3 decimals),0.613,0.613,complete,/mnt/shared/zechuan/iraod_artifacts/comparison/dior/contrast/seed_42/0f98a48/methods/F/ddp2/eval_full_contrast_ids_v1/class_ap.txt
DIOR,contrast,F,42,ema,trainstation,0.091,printed class_ap.txt (typically 3 decimals),0.091,0.091,complete,/mnt/shared/zechuan/iraod_artifacts/comparison/dior/contrast/seed_42/0f98a48/methods/F/ddp2/eval_full_contrast_ids_v1/class_ap.txt
DIOR,contrast,F,42,ema,vehicle,0.283,printed class_ap.txt (typically 3 decimals),0.283,0.283,complete,/mnt/shared/zechuan/iraod_artifacts/comparison/dior/contrast/seed_42/0f98a48/methods/F/ddp2/eval_full_contrast_ids_v1/class_ap.txt
DIOR,contrast,F,42,ema,windmill,0.177,printed class_ap.txt (typically 3 decimals),0.177,0.177,complete,/mnt/shared/zechuan/iraod_artifacts/comparison/dior/contrast/seed_42/0f98a48/methods/F/ddp2/eval_full_contrast_ids_v1/class_ap.txt
DIOR,contrast,F,43,ema,airplane,0.475,printed class_ap.txt (typically 3 decimals),,,complete,/mnt/shared/zechuan/iraod_artifacts/comparison/dior/contrast/seed_43/0f98a48/methods/F/ddp2/eval_full_contrast_ids_v1/class_ap.txt
DIOR,contrast,F,43,ema,airport,0.006,printed class_ap.txt (typically 3 decimals),,,complete,/mnt/shared/zechuan/iraod_artifacts/comparison/dior/contrast/seed_43/0f98a48/methods/F/ddp2/eval_full_contrast_ids_v1/class_ap.txt
DIOR,contrast,F,43,ema,baseballfield,0.522,printed class_ap.txt (typically 3 decimals),,,complete,/mnt/shared/zechuan/iraod_artifacts/comparison/dior/contrast/seed_43/0f98a48/methods/F/ddp2/eval_full_contrast_ids_v1/class_ap.txt
DIOR,contrast,F,43,ema,basketballcourt,0.355,printed class_ap.txt (typically 3 decimals),,,complete,/mnt/shared/zechuan/iraod_artifacts/comparison/dior/contrast/seed_43/0f98a48/methods/F/ddp2/eval_full_contrast_ids_v1/class_ap.txt
DIOR,contrast,F,43,ema,bridge,0.083,printed class_ap.txt (typically 3 decimals),,,complete,/mnt/shared/zechuan/iraod_artifacts/comparison/dior/contrast/seed_43/0f98a48/methods/F/ddp2/eval_full_contrast_ids_v1/class_ap.txt
DIOR,contrast,F,43,ema,chimney,0.374,printed class_ap.txt (typically 3 decimals),,,complete,/mnt/shared/zechuan/iraod_artifacts/comparison/dior/contrast/seed_43/0f98a48/methods/F/ddp2/eval_full_contrast_ids_v1/class_ap.txt
DIOR,contrast,F,43,ema,expressway-service-area,0.241,printed class_ap.txt (typically 3 decimals),,,complete,/mnt/shared/zechuan/iraod_artifacts/comparison/dior/contrast/seed_43/0f98a48/methods/F/ddp2/eval_full_contrast_ids_v1/class_ap.txt
DIOR,contrast,F,43,ema,expressway-toll-station,0.19,printed class_ap.txt (typically 3 decimals),,,complete,/mnt/shared/zechuan/iraod_artifacts/comparison/dior/contrast/seed_43/0f98a48/methods/F/ddp2/eval_full_contrast_ids_v1/class_ap.txt
DIOR,contrast,F,43,ema,dam,0.091,printed class_ap.txt (typically 3 decimals),,,complete,/mnt/shared/zechuan/iraod_artifacts/comparison/dior/contrast/seed_43/0f98a48/methods/F/ddp2/eval_full_contrast_ids_v1/class_ap.txt
DIOR,contrast,F,43,ema,golffield,0.199,printed class_ap.txt (typically 3 decimals),,,complete,/mnt/shared/zechuan/iraod_artifacts/comparison/dior/contrast/seed_43/0f98a48/methods/F/ddp2/eval_full_contrast_ids_v1/class_ap.txt
DIOR,contrast,F,43,ema,groundtrackfield,0.236,printed class_ap.txt (typically 3 decimals),,,complete,/mnt/shared/zechuan/iraod_artifacts/comparison/dior/contrast/seed_43/0f98a48/methods/F/ddp2/eval_full_contrast_ids_v1/class_ap.txt
DIOR,contrast,F,43,ema,harbor,0.12,printed class_ap.txt (typically 3 decimals),,,complete,/mnt/shared/zechuan/iraod_artifacts/comparison/dior/contrast/seed_43/0f98a48/methods/F/ddp2/eval_full_contrast_ids_v1/class_ap.txt
DIOR,contrast,F,43,ema,overpass,0.164,printed class_ap.txt (typically 3 decimals),,,complete,/mnt/shared/zechuan/iraod_artifacts/comparison/dior/contrast/seed_43/0f98a48/methods/F/ddp2/eval_full_contrast_ids_v1/class_ap.txt
DIOR,contrast,F,43,ema,ship,0.677,printed class_ap.txt (typically 3 decimals),,,complete,/mnt/shared/zechuan/iraod_artifacts/comparison/dior/contrast/seed_43/0f98a48/methods/F/ddp2/eval_full_contrast_ids_v1/class_ap.txt
DIOR,contrast,F,43,ema,stadium,0.223,printed class_ap.txt (typically 3 decimals),,,complete,/mnt/shared/zechuan/iraod_artifacts/comparison/dior/contrast/seed_43/0f98a48/methods/F/ddp2/eval_full_contrast_ids_v1/class_ap.txt
DIOR,contrast,F,43,ema,storagetank,0.455,printed class_ap.txt (typically 3 decimals),,,complete,/mnt/shared/zechuan/iraod_artifacts/comparison/dior/contrast/seed_43/0f98a48/methods/F/ddp2/eval_full_contrast_ids_v1/class_ap.txt
DIOR,contrast,F,43,ema,tenniscourt,0.613,printed class_ap.txt (typically 3 decimals),,,complete,/mnt/shared/zechuan/iraod_artifacts/comparison/dior/contrast/seed_43/0f98a48/methods/F/ddp2/eval_full_contrast_ids_v1/class_ap.txt
DIOR,contrast,F,43,ema,trainstation,0.091,printed class_ap.txt (typically 3 decimals),,,complete,/mnt/shared/zechuan/iraod_artifacts/comparison/dior/contrast/seed_43/0f98a48/methods/F/ddp2/eval_full_contrast_ids_v1/class_ap.txt
DIOR,contrast,F,43,ema,vehicle,0.283,printed class_ap.txt (typically 3 decimals),,,complete,/mnt/shared/zechuan/iraod_artifacts/comparison/dior/contrast/seed_43/0f98a48/methods/F/ddp2/eval_full_contrast_ids_v1/class_ap.txt
DIOR,contrast,F,43,ema,windmill,0.177,printed class_ap.txt (typically 3 decimals),,,complete,/mnt/shared/zechuan/iraod_artifacts/comparison/dior/contrast/seed_43/0f98a48/methods/F/ddp2/eval_full_contrast_ids_v1/class_ap.txt
DIOR,contrast,F,44,ema,airplane,0.476,printed class_ap.txt (typically 3 decimals),,,complete,/mnt/shared/zechuan/iraod_artifacts/comparison/dior/contrast/seed_44/0f98a48/methods/F/ddp2/eval_full_contrast_ids_v1/class_ap.txt
DIOR,contrast,F,44,ema,airport,0.011,printed class_ap.txt (typically 3 decimals),,,complete,/mnt/shared/zechuan/iraod_artifacts/comparison/dior/contrast/seed_44/0f98a48/methods/F/ddp2/eval_full_contrast_ids_v1/class_ap.txt
DIOR,contrast,F,44,ema,baseballfield,0.522,printed class_ap.txt (typically 3 decimals),,,complete,/mnt/shared/zechuan/iraod_artifacts/comparison/dior/contrast/seed_44/0f98a48/methods/F/ddp2/eval_full_contrast_ids_v1/class_ap.txt
DIOR,contrast,F,44,ema,basketballcourt,0.361,printed class_ap.txt (typically 3 decimals),,,complete,/mnt/shared/zechuan/iraod_artifacts/comparison/dior/contrast/seed_44/0f98a48/methods/F/ddp2/eval_full_contrast_ids_v1/class_ap.txt
DIOR,contrast,F,44,ema,bridge,0.07,printed class_ap.txt (typically 3 decimals),,,complete,/mnt/shared/zechuan/iraod_artifacts/comparison/dior/contrast/seed_44/0f98a48/methods/F/ddp2/eval_full_contrast_ids_v1/class_ap.txt
DIOR,contrast,F,44,ema,chimney,0.374,printed class_ap.txt (typically 3 decimals),,,complete,/mnt/shared/zechuan/iraod_artifacts/comparison/dior/contrast/seed_44/0f98a48/methods/F/ddp2/eval_full_contrast_ids_v1/class_ap.txt
DIOR,contrast,F,44,ema,expressway-service-area,0.241,printed class_ap.txt (typically 3 decimals),,,complete,/mnt/shared/zechuan/iraod_artifacts/comparison/dior/contrast/seed_44/0f98a48/methods/F/ddp2/eval_full_contrast_ids_v1/class_ap.txt
DIOR,contrast,F,44,ema,expressway-toll-station,0.192,printed class_ap.txt (typically 3 decimals),,,complete,/mnt/shared/zechuan/iraod_artifacts/comparison/dior/contrast/seed_44/0f98a48/methods/F/ddp2/eval_full_contrast_ids_v1/class_ap.txt
DIOR,contrast,F,44,ema,dam,0.091,printed class_ap.txt (typically 3 decimals),,,complete,/mnt/shared/zechuan/iraod_artifacts/comparison/dior/contrast/seed_44/0f98a48/methods/F/ddp2/eval_full_contrast_ids_v1/class_ap.txt
DIOR,contrast,F,44,ema,golffield,0.226,printed class_ap.txt (typically 3 decimals),,,complete,/mnt/shared/zechuan/iraod_artifacts/comparison/dior/contrast/seed_44/0f98a48/methods/F/ddp2/eval_full_contrast_ids_v1/class_ap.txt
DIOR,contrast,F,44,ema,groundtrackfield,0.223,printed class_ap.txt (typically 3 decimals),,,complete,/mnt/shared/zechuan/iraod_artifacts/comparison/dior/contrast/seed_44/0f98a48/methods/F/ddp2/eval_full_contrast_ids_v1/class_ap.txt
DIOR,contrast,F,44,ema,harbor,0.131,printed class_ap.txt (typically 3 decimals),,,complete,/mnt/shared/zechuan/iraod_artifacts/comparison/dior/contrast/seed_44/0f98a48/methods/F/ddp2/eval_full_contrast_ids_v1/class_ap.txt
DIOR,contrast,F,44,ema,overpass,0.163,printed class_ap.txt (typically 3 decimals),,,complete,/mnt/shared/zechuan/iraod_artifacts/comparison/dior/contrast/seed_44/0f98a48/methods/F/ddp2/eval_full_contrast_ids_v1/class_ap.txt
DIOR,contrast,F,44,ema,ship,0.676,printed class_ap.txt (typically 3 decimals),,,complete,/mnt/shared/zechuan/iraod_artifacts/comparison/dior/contrast/seed_44/0f98a48/methods/F/ddp2/eval_full_contrast_ids_v1/class_ap.txt
DIOR,contrast,F,44,ema,stadium,0.221,printed class_ap.txt (typically 3 decimals),,,complete,/mnt/shared/zechuan/iraod_artifacts/comparison/dior/contrast/seed_44/0f98a48/methods/F/ddp2/eval_full_contrast_ids_v1/class_ap.txt
DIOR,contrast,F,44,ema,storagetank,0.459,printed class_ap.txt (typically 3 decimals),,,complete,/mnt/shared/zechuan/iraod_artifacts/comparison/dior/contrast/seed_44/0f98a48/methods/F/ddp2/eval_full_contrast_ids_v1/class_ap.txt
DIOR,contrast,F,44,ema,tenniscourt,0.612,printed class_ap.txt (typically 3 decimals),,,complete,/mnt/shared/zechuan/iraod_artifacts/comparison/dior/contrast/seed_44/0f98a48/methods/F/ddp2/eval_full_contrast_ids_v1/class_ap.txt
DIOR,contrast,F,44,ema,trainstation,0.09,printed class_ap.txt (typically 3 decimals),,,complete,/mnt/shared/zechuan/iraod_artifacts/comparison/dior/contrast/seed_44/0f98a48/methods/F/ddp2/eval_full_contrast_ids_v1/class_ap.txt
DIOR,contrast,F,44,ema,vehicle,0.284,printed class_ap.txt (typically 3 decimals),,,complete,/mnt/shared/zechuan/iraod_artifacts/comparison/dior/contrast/seed_44/0f98a48/methods/F/ddp2/eval_full_contrast_ids_v1/class_ap.txt
DIOR,contrast,F,44,ema,windmill,0.18,printed class_ap.txt (typically 3 decimals),,,complete,/mnt/shared/zechuan/iraod_artifacts/comparison/dior/contrast/seed_44/0f98a48/methods/F/ddp2/eval_full_contrast_ids_v1/class_ap.txt
