dataset,domain,method,seed,status,mAP50,ema_iter,ref_iter,host,path
RSAR,clean,A,42,done,0.5314,,,gpu-67,/mnt/shared/zechuan/iraod_artifacts/comparison/rsar/clean/seed_42/0f98a48/methods/A/eval_full_clean
RSAR,clean,B,42,done,0.519705,266,266,gpu-67,/mnt/shared/zechuan/iraod_artifacts/comparison/rsar/clean/seed_42/0f98a48/methods/B/eval_full_clean
RSAR,clean,B,43,done,0.525397,266,266,gpu-67,/mnt/shared/zechuan/iraod_artifacts/comparison/rsar/clean/seed_43/0f98a48/methods/B/eval_full_clean_ids_v1
RSAR,clean,B,44,done,0.528238,266,266,gpu-67,/mnt/shared/zechuan/iraod_artifacts/comparison/rsar/clean/seed_44/0f98a48/methods/B/eval_full_clean_ids_v1
RSAR,clean,C,42,done,0.52686,266,266,gpu-67,/mnt/shared/zechuan/iraod_artifacts/comparison/rsar/clean/seed_42/0f98a48/methods/C/eval_full_clean
RSAR,clean,C,43,done,0.510209,266,266,gpu-67,/mnt/shared/zechuan/iraod_artifacts/comparison/rsar/clean/seed_43/0f98a48/methods/C/eval_full_clean_ids_v1
RSAR,clean,C,44,done,0.52666,266,266,gpu-67,/mnt/shared/zechuan/iraod_artifacts/comparison/rsar/clean/seed_44/0f98a48/methods/C/eval_full_clean_ids_v1
RSAR,clean,D,42,done,0.50992,266,266,gpu-67,/mnt/shared/zechuan/iraod_artifacts/comparison/rsar/clean/seed_42/0f98a48/methods/D/eval_full_clean
RSAR,clean,D,43,done,0.509955,266,266,gpu-67,/mnt/shared/zechuan/iraod_artifacts/comparison/rsar/clean/seed_43/0f98a48/methods/D/eval_full_clean_ids_v1
RSAR,clean,D,44,done,0.511226,266,266,gpu-67,/mnt/shared/zechuan/iraod_artifacts/comparison/rsar/clean/seed_44/0f98a48/methods/D/eval_full_clean_ids_v1
RSAR,clean,E,42,done,0.528842,266,266,gpu-67,/mnt/shared/zechuan/iraod_artifacts/comparison/rsar/clean/seed_42/0f98a48/methods/E/ddp2/eval_full_clean
RSAR,clean,E,43,done,0.525855,266,266,gpu-67,/mnt/shared/zechuan/iraod_artifacts/comparison/rsar/clean/seed_43/0f98a48/methods/E/ddp2/eval_full_clean_ids_v1
RSAR,clean,E,44,done,0.526486,266,266,gpu-67,/mnt/shared/zechuan/iraod_artifacts/comparison/rsar/clean/seed_44/0f98a48/methods/E/ddp2/eval_full_clean_ids_v1
RSAR,clean,F,42,done,0.51684,266,266,gpu-67,/mnt/shared/zechuan/iraod_artifacts/comparison/rsar/clean/seed_42/0f98a48/methods/F/ddp2/eval_full_clean
RSAR,clean,F,43,done,0.510442,266,266,gpu-67,/mnt/shared/zechuan/iraod_artifacts/comparison/rsar/clean/seed_43/0f98a48/methods/F/ddp2/eval_full_clean_ids_v1
RSAR,clean,F,44,done,0.516717,266,266,gpu-67,/mnt/shared/zechuan/iraod_artifacts/comparison/rsar/clean/seed_44/0f98a48/methods/F/ddp2/eval_full_clean_ids_v1
RSAR,clean,IRG,42,done,0.549347,266,266,gpu-67,/mnt/shared/zechuan/iraod_artifacts/comparison/xaf_student_quant_20260908/formal_ports_runs_a39c832/rsar/clean/seed_42/methods/IRG/eval_full_clean_ids_v1
RSAR,clean,IRG,43,done,0.549481,266,266,gpu-67,/mnt/shared/zechuan/iraod_artifacts/comparison/xaf_student_quant_20260908/formal_ports_runs_a39c832/rsar/clean/seed_43/methods/IRG/eval_full_clean_ids_v1
RSAR,clean,IRG,44,done,0.545283,266,266,gpu-67,/mnt/shared/zechuan/iraod_artifacts/comparison/xaf_student_quant_20260908/formal_ports_runs_a39c832/rsar/clean/seed_44/methods/IRG/eval_full_clean_ids_v1
RSAR,clean,LPLD,42,done,0.534324,266,266,gpu-67,/mnt/shared/zechuan/iraod_artifacts/comparison/xaf_student_quant_20260908/formal_ports_runs_a39c832/rsar/clean/seed_42/methods/LPLD/eval_full_clean_ids_v1
RSAR,clean,LPLD,43,done,0.536884,266,266,gpu-67,/mnt/shared/zechuan/iraod_artifacts/comparison/xaf_student_quant_20260908/formal_ports_runs_a39c832/rsar/clean/seed_43/methods/LPLD/eval_full_clean_ids_v1
RSAR,clean,LPLD,44,done,0.530631,266,266,gpu-67,/mnt/shared/zechuan/iraod_artifacts/comparison/xaf_student_quant_20260908/formal_ports_runs_a39c832/rsar/clean/seed_44/methods/LPLD/eval_full_clean_ids_v1
RSAR,clean,SFUT,42,done,0.544184,266,266,gpu-67,/mnt/shared/zechuan/iraod_artifacts/comparison/xaf_student_quant_20260908/formal_ports_runs_a39c832/rsar/clean/seed_42/methods/SFUT/eval_full_clean_ids_v1
RSAR,clean,SFUT,43,done,0.548126,266,266,gpu-67,/mnt/shared/zechuan/iraod_artifacts/comparison/xaf_student_quant_20260908/formal_ports_runs_a39c832/rsar/clean/seed_43/methods/SFUT/eval_full_clean_ids_v1
RSAR,clean,SFUT,44,done,0.546932,266,266,gpu-67,/mnt/shared/zechuan/iraod_artifacts/comparison/xaf_student_quant_20260908/formal_ports_runs_a39c832/rsar/clean/seed_44/methods/SFUT/eval_full_clean_ids_v1
RSAR,clean,DRU,42,done,0.476483,266,266,gpu-67,/mnt/shared/zechuan/iraod_artifacts/comparison/rsar/clean/seed_42/dru20260919/methods/DRU/eval_clean
RSAR,clean,DRU,43,done,0.454953,266,266,gpu-67,/mnt/shared/zechuan/iraod_artifacts/comparison/rsar/clean/seed_43/dru_e1/methods/DRU/eval_full_clean_ids_v1
RSAR,clean,DRU,44,done,0.484918,266,266,gpu-67,/mnt/shared/zechuan/iraod_artifacts/comparison/rsar/clean/seed_44/dru_e1/methods/DRU/eval_full_clean_ids_v1
RSAR,clean,AASFOD,42,done,0.181269,266,266,gpu-138,/home/zechuan/iraod_artifacts/comparison/xaf_student_quant_20260908/aasfod_runs_36c2053/rsar/clean/seed_42/methods/AASFOD/eval_full_clean_ids_v1
RSAR,clean,AASFOD,43,done,0.148869,266,266,gpu-138,/home/zechuan/iraod_artifacts/comparison/xaf_student_quant_20260908/aasfod_runs_36c2053/rsar/clean/seed_43/methods/AASFOD/eval_full_clean_ids_v1
RSAR,clean,AASFOD,44,done,0.142192,266,266,gpu-138,/home/zechuan/iraod_artifacts/comparison/xaf_student_quant_20260908/aasfod_runs_36c2053/rsar/clean/seed_44/methods/AASFOD/eval_full_clean_ids_v1
RSAR,clean,SFYOLO,42,done,0.465376,531,531,gpu-67,/mnt/shared/zechuan/iraod_artifacts/comparison/xaf_student_quant_20260908/sfyolo_runs_84a1aeb/rsar/clean/seed_42/methods/SFYOLO/eval_full_clean_ids_v1
RSAR,clean,SFYOLO,43,done,0.470412,531,531,gpu-67,/mnt/shared/zechuan/iraod_artifacts/comparison/xaf_student_quant_20260908/sfyolo_runs_84a1aeb/rsar/clean/seed_43/methods/SFYOLO/eval_full_clean_ids_v1
RSAR,clean,SFYOLO,44,done,0.474515,531,531,gpu-67,/mnt/shared/zechuan/iraod_artifacts/comparison/xaf_student_quant_20260908/sfyolo_runs_84a1aeb/rsar/clean/seed_44/methods/SFYOLO/eval_full_clean_ids_v1
RSAR,chaff,A,42,done,0.471931,,,gpu-67,/mnt/shared/zechuan/iraod_artifacts/comparison/rsar/chaff/seed_42/f2145b4/methods/A/eval_full_chaff
RSAR,chaff,B,42,done,0.463084,266,266,gpu-67,/mnt/shared/zechuan/iraod_artifacts/comparison/rsar/chaff/seed_42/f2145b4/methods/B/eval_chaff
RSAR,chaff,B,43,done,0.463188,266,266,gpu-67,/mnt/shared/zechuan/iraod_artifacts/comparison/rsar/chaff/seed_43/0f98a48/methods/B/eval_full_chaff_ids_v1
RSAR,chaff,B,44,done,0.468533,266,266,gpu-67,/mnt/shared/zechuan/iraod_artifacts/comparison/rsar/chaff/seed_44/0f98a48/methods/B/eval_full_chaff_ids_v1
RSAR,chaff,C,42,done,0.466281,266,266,gpu-67,/mnt/shared/zechuan/iraod_artifacts/comparison/rsar/chaff/seed_42/f2145b4/methods/C/eval_chaff
RSAR,chaff,C,43,done,0.465999,266,266,gpu-67,/mnt/shared/zechuan/iraod_artifacts/comparison/rsar/chaff/seed_43/0f98a48/methods/C/eval_full_chaff_ids_v1
RSAR,chaff,C,44,done,0.470796,266,266,gpu-67,/mnt/shared/zechuan/iraod_artifacts/comparison/rsar/chaff/seed_44/0f98a48/methods/C/eval_full_chaff_ids_v1
RSAR,chaff,D,42,done,0.459288,266,266,gpu-67,/mnt/shared/zechuan/iraod_artifacts/comparison/rsar/chaff/seed_42/f2145b4/methods/D/eval_chaff
RSAR,chaff,D,43,done,0.456721,266,266,gpu-67,/mnt/shared/zechuan/iraod_artifacts/comparison/rsar/chaff/seed_43/0f98a48/methods/D/eval_full_chaff_ids_v1
RSAR,chaff,D,44,done,0.465041,266,266,gpu-67,/mnt/shared/zechuan/iraod_artifacts/comparison/rsar/chaff/seed_44/0f98a48/methods/D/eval_full_chaff_ids_v1
RSAR,chaff,E,42,done,0.464211,266,266,gpu-67,/mnt/shared/zechuan/iraod_artifacts/comparison/rsar/chaff/seed_42/f2145b4/methods/E/ddp2/eval_chaff
RSAR,chaff,E,43,done,0.464071,266,266,gpu-67,/mnt/shared/zechuan/iraod_artifacts/comparison/rsar/chaff/seed_43/0f98a48/methods/E/ddp2/eval_full_chaff_ids_v1
RSAR,chaff,E,44,done,0.467865,266,266,gpu-67,/mnt/shared/zechuan/iraod_artifacts/comparison/rsar/chaff/seed_44/0f98a48/methods/E/ddp2/eval_full_chaff_ids_v1
RSAR,chaff,F,42,done,0.449488,266,266,gpu-67,/mnt/shared/zechuan/iraod_artifacts/comparison/rsar/chaff/seed_42/f2145b4/methods/F/preflight_ddp2/eval_full_chaff
RSAR,chaff,F,43,done,0.446118,266,266,gpu-67,/mnt/shared/zechuan/iraod_artifacts/comparison/rsar/chaff/seed_43/0f98a48/methods/F/ddp2/eval_full_chaff_ids_v1
RSAR,chaff,F,44,done,0.449542,266,266,gpu-67,/mnt/shared/zechuan/iraod_artifacts/comparison/rsar/chaff/seed_44/0f98a48/methods/F/ddp2/eval_full_chaff_ids_v1
RSAR,chaff,IRG,42,done,0.481626,266,266,gpu-67,/mnt/shared/zechuan/iraod_artifacts/comparison/xaf_student_quant_20260908/formal_ports_runs_a39c832/rsar/chaff/seed_42/methods/IRG/eval_full_chaff_ids_v1
RSAR,chaff,IRG,43,done,0.497546,266,266,gpu-67,/mnt/shared/zechuan/iraod_artifacts/comparison/xaf_student_quant_20260908/formal_ports_runs_a39c832/rsar/chaff/seed_43/methods/IRG/eval_full_chaff_ids_v1
RSAR,chaff,IRG,44,done,0.492052,266,266,gpu-67,/mnt/shared/zechuan/iraod_artifacts/comparison/xaf_student_quant_20260908/formal_ports_runs_a39c832/rsar/chaff/seed_44/methods/IRG/eval_full_chaff_ids_v1
RSAR,chaff,LPLD,42,done,0.477498,266,266,gpu-67,/mnt/shared/zechuan/iraod_artifacts/comparison/xaf_student_quant_20260908/formal_ports_runs_a39c832/rsar/chaff/seed_42/methods/LPLD/eval_full_chaff_ids_v1
RSAR,chaff,LPLD,43,done,0.481472,266,266,gpu-67,/mnt/shared/zechuan/iraod_artifacts/comparison/xaf_student_quant_20260908/formal_ports_runs_a39c832/rsar/chaff/seed_43/methods/LPLD/eval_full_chaff_ids_v1
RSAR,chaff,LPLD,44,done,0.478456,266,266,gpu-67,/mnt/shared/zechuan/iraod_artifacts/comparison/xaf_student_quant_20260908/formal_ports_runs_a39c832/rsar/chaff/seed_44/methods/LPLD/eval_full_chaff_ids_v1
RSAR,chaff,SFUT,42,done,0.482451,266,266,gpu-67,/mnt/shared/zechuan/iraod_artifacts/comparison/xaf_student_quant_20260908/formal_ports_runs_a39c832/rsar/chaff/seed_42/methods/SFUT/eval_full_chaff_ids_v1
RSAR,chaff,SFUT,43,done,0.484611,266,266,gpu-67,/mnt/shared/zechuan/iraod_artifacts/comparison/xaf_student_quant_20260908/formal_ports_runs_a39c832/rsar/chaff/seed_43/methods/SFUT/eval_full_chaff_ids_v1
RSAR,chaff,SFUT,44,done,0.485745,266,266,gpu-67,/mnt/shared/zechuan/iraod_artifacts/comparison/xaf_student_quant_20260908/formal_ports_runs_a39c832/rsar/chaff/seed_44/methods/SFUT/eval_full_chaff_ids_v1
RSAR,chaff,DRU,42,done,0.421164,,266,gpu-67,/mnt/shared/zechuan/iraod_artifacts/comparison/rsar/chaff/seed_42/dru20260919/methods/DRU/eval_chaff
RSAR,chaff,DRU,43,done,0.42736,266,266,gpu-67,/mnt/shared/zechuan/iraod_artifacts/comparison/rsar/chaff/seed_43/dru_e1/methods/DRU/eval_full_chaff_ids_v1
RSAR,chaff,DRU,44,done,0.438697,266,266,gpu-67,/mnt/shared/zechuan/iraod_artifacts/comparison/rsar/chaff/seed_44/dru_e1/methods/DRU/eval_full_chaff_ids_v1
RSAR,chaff,AASFOD,42,done,0.140807,266,266,gpu-138,/home/zechuan/iraod_artifacts/comparison/xaf_student_quant_20260908/aasfod_runs_36c2053/rsar/chaff/seed_42/methods/AASFOD/eval_full_chaff_ids_v1
RSAR,chaff,AASFOD,43,done,0.137379,266,266,gpu-138,/home/zechuan/iraod_artifacts/comparison/xaf_student_quant_20260908/aasfod_runs_36c2053/rsar/chaff/seed_43/methods/AASFOD/eval_full_chaff_ids_v1
RSAR,chaff,AASFOD,44,done,0.164998,266,266,gpu-138,/home/zechuan/iraod_artifacts/comparison/xaf_student_quant_20260908/aasfod_runs_36c2053/rsar/chaff/seed_44/methods/AASFOD/eval_full_chaff_ids_v1
RSAR,chaff,SFYOLO,42,done,0.441688,531,531,gpu-67,/mnt/shared/zechuan/iraod_artifacts/comparison/xaf_student_quant_20260908/sfyolo_runs_84a1aeb/rsar/chaff/seed_42/methods/SFYOLO/eval_chaff
RSAR,chaff,SFYOLO,43,done,0.445416,531,531,gpu-67,/mnt/shared/zechuan/iraod_artifacts/comparison/xaf_student_quant_20260908/sfyolo_runs_84a1aeb/rsar/chaff/seed_43/methods/SFYOLO/eval_chaff
RSAR,chaff,SFYOLO,44,done,0.444954,531,531,gpu-67,/mnt/shared/zechuan/iraod_artifacts/comparison/xaf_student_quant_20260908/sfyolo_runs_84a1aeb/rsar/chaff/seed_44/methods/SFYOLO/eval_chaff
RSAR,point_target,A,42,done,0.51584,,,gpu-67,/mnt/shared/zechuan/iraod_artifacts/comparison/rsar/point_target/seed_42/0f98a48/methods/A/eval_point_target
RSAR,point_target,B,42,done,0.496105,266,266,gpu-67,/mnt/shared/zechuan/iraod_artifacts/comparison/rsar/point_target/seed_42/0f98a48/methods/B/eval_point_target
RSAR,point_target,B,43,done,0.495951,266,266,gpu-67,/mnt/shared/zechuan/iraod_artifacts/comparison/rsar/point_target/seed_43/0f98a48/methods/B/eval_full_point_target_ids_v1
RSAR,point_target,B,44,done,0.505113,266,266,gpu-67,/mnt/shared/zechuan/iraod_artifacts/comparison/rsar/point_target/seed_44/0f98a48/methods/B/eval_full_point_target_ids_v1
RSAR,point_target,C,42,done,0.511367,266,266,gpu-67,/mnt/shared/zechuan/iraod_artifacts/comparison/rsar/point_target/seed_42/0f98a48/methods/C/eval_point_target
RSAR,point_target,C,43,done,0.493062,266,266,gpu-67,/mnt/shared/zechuan/iraod_artifacts/comparison/rsar/point_target/seed_43/0f98a48/methods/C/eval_full_point_target_ids_v1
RSAR,point_target,C,44,done,0.518075,266,266,gpu-67,/mnt/shared/zechuan/iraod_artifacts/comparison/rsar/point_target/seed_44/0f98a48/methods/C/eval_full_point_target_ids_v1
RSAR,point_target,D,42,done,0.499688,266,266,gpu-67,/mnt/shared/zechuan/iraod_artifacts/comparison/rsar/point_target/seed_42/0f98a48/methods/D/eval_point_target
RSAR,point_target,D,43,done,0.497964,266,266,gpu-67,/mnt/shared/zechuan/iraod_artifacts/comparison/rsar/point_target/seed_43/0f98a48/methods/D/eval_full_point_target_ids_v1
RSAR,point_target,D,44,done,0.503653,266,266,gpu-67,/mnt/shared/zechuan/iraod_artifacts/comparison/rsar/point_target/seed_44/0f98a48/methods/D/eval_full_point_target_ids_v1
RSAR,point_target,E,42,done,0.511075,266,266,gpu-67,/mnt/shared/zechuan/iraod_artifacts/comparison/rsar/point_target/seed_42/0f98a48/methods/E/ddp2/eval_point_target
RSAR,point_target,E,43,done,0.504773,266,266,gpu-67,/mnt/shared/zechuan/iraod_artifacts/comparison/rsar/point_target/seed_43/0f98a48/methods/E/ddp2/eval_full_point_target_ids_v1
RSAR,point_target,E,44,done,0.503773,266,266,gpu-67,/mnt/shared/zechuan/iraod_artifacts/comparison/rsar/point_target/seed_44/0f98a48/methods/E/ddp2/eval_full_point_target_ids_v1
RSAR,point_target,F,42,done,0.507943,266,266,gpu-67,/mnt/shared/zechuan/iraod_artifacts/comparison/rsar/point_target/seed_42/0f98a48/methods/F/ddp2/eval_point_target
RSAR,point_target,F,43,done,0.500877,266,266,gpu-67,/mnt/shared/zechuan/iraod_artifacts/comparison/rsar/point_target/seed_43/0f98a48/methods/F/ddp2/eval_full_point_target_ids_v1
RSAR,point_target,F,44,done,0.505413,266,266,gpu-67,/mnt/shared/zechuan/iraod_artifacts/comparison/rsar/point_target/seed_44/0f98a48/methods/F/ddp2/eval_full_point_target_ids_v1
RSAR,point_target,IRG,42,done,0.526323,266,266,gpu-67,/mnt/shared/zechuan/iraod_artifacts/comparison/xaf_student_quant_20260908/formal_ports_runs_a39c832/rsar/point_target/seed_42/methods/IRG/eval_full_point_target_ids_v1
RSAR,point_target,IRG,43,done,0.526134,266,266,gpu-67,/mnt/shared/zechuan/iraod_artifacts/comparison/xaf_student_quant_20260908/formal_ports_runs_a39c832/rsar/point_target/seed_43/methods/IRG/eval_full_point_target_ids_v1
RSAR,point_target,IRG,44,done,0.526205,266,266,gpu-67,/mnt/shared/zechuan/iraod_artifacts/comparison/xaf_student_quant_20260908/formal_ports_runs_a39c832_fix1/rsar/point_target/seed_44/methods/IRG/eval_full_point_target_ids_v1
RSAR,point_target,LPLD,42,done,0.513731,266,266,gpu-67,/mnt/shared/zechuan/iraod_artifacts/comparison/xaf_student_quant_20260908/formal_ports_runs_a39c832/rsar/point_target/seed_42/methods/LPLD/eval_full_point_target_ids_v1
RSAR,point_target,LPLD,43,done,0.522659,266,266,gpu-67,/mnt/shared/zechuan/iraod_artifacts/comparison/xaf_student_quant_20260908/formal_ports_runs_a39c832/rsar/point_target/seed_43/methods/LPLD/eval_full_point_target_ids_v1
RSAR,point_target,LPLD,44,done,0.520905,266,266,gpu-67,/mnt/shared/zechuan/iraod_artifacts/comparison/xaf_student_quant_20260908/formal_ports_runs_a39c832_fix1/rsar/point_target/seed_44/methods/LPLD/eval_full_point_target_ids_v1
RSAR,point_target,SFUT,42,done,0.521225,266,266,gpu-67,/mnt/shared/zechuan/iraod_artifacts/comparison/xaf_student_quant_20260908/formal_ports_runs_a39c832/rsar/point_target/seed_42/methods/SFUT/eval_full_point_target_ids_v1
RSAR,point_target,SFUT,43,done,0.523805,266,266,gpu-67,/mnt/shared/zechuan/iraod_artifacts/comparison/xaf_student_quant_20260908/formal_ports_runs_a39c832/rsar/point_target/seed_43/methods/SFUT/eval_full_point_target_ids_v1
RSAR,point_target,SFUT,44,done,0.523145,266,266,gpu-67,/mnt/shared/zechuan/iraod_artifacts/comparison/xaf_student_quant_20260908/formal_ports_runs_a39c832/rsar/point_target/seed_44/methods/SFUT/eval_full_point_target_ids_v1
RSAR,point_target,DRU,42,done,0.472921,266,266,gpu-67,/mnt/shared/zechuan/iraod_artifacts/comparison/rsar/point_target/seed_42/dru20260919/methods/DRU/eval_point_target
RSAR,point_target,DRU,43,done,0.4671,266,266,gpu-67,/mnt/shared/zechuan/iraod_artifacts/comparison/rsar/point_target/seed_43/dru_e1/methods/DRU/eval_full_point_target_ids_v1
RSAR,point_target,DRU,44,done,0.480188,266,266,gpu-67,/mnt/shared/zechuan/iraod_artifacts/comparison/rsar/point_target/seed_44/dru_e1/methods/DRU/eval_full_point_target_ids_v1
RSAR,point_target,AASFOD,42,done,0.202341,266,266,gpu-138,/home/zechuan/iraod_artifacts/comparison/xaf_student_quant_20260908/aasfod_runs_36c2053/rsar/point_target/seed_42/methods/AASFOD/eval_full_point_target_ids_v1
RSAR,point_target,AASFOD,43,done,0.199158,266,266,gpu-138,/home/zechuan/iraod_artifacts/comparison/xaf_student_quant_20260908/aasfod_runs_36c2053/rsar/point_target/seed_43/methods/AASFOD/eval_full_point_target_ids_v1
RSAR,point_target,AASFOD,44,done,0.198381,266,266,gpu-138,/home/zechuan/iraod_artifacts/comparison/xaf_student_quant_20260908/aasfod_runs_36c2053/rsar/point_target/seed_44/methods/AASFOD/eval_full_point_target_ids_v1
RSAR,point_target,SFYOLO,42,done,0.487197,531,531,gpu-67,/mnt/shared/zechuan/iraod_artifacts/comparison/xaf_student_quant_20260908/sfyolo_runs_84a1aeb/rsar/point_target/seed_42/methods/SFYOLO/eval_point_target
RSAR,point_target,SFYOLO,43,done,0.494388,531,531,gpu-67,/mnt/shared/zechuan/iraod_artifacts/comparison/xaf_student_quant_20260908/sfyolo_runs_84a1aeb/rsar/point_target/seed_43/methods/SFYOLO/eval_point_target
RSAR,point_target,SFYOLO,44,done,0.472555,531,531,gpu-67,/mnt/shared/zechuan/iraod_artifacts/comparison/xaf_student_quant_20260908/sfyolo_runs_84a1aeb/rsar/point_target/seed_44/methods/SFYOLO/eval_point_target
RSAR,gaussian_white_noise,A,42,done,0.528137,,,gpu-67,/mnt/shared/zechuan/iraod_artifacts/comparison/rsar/gaussian_white_noise/seed_42/0f98a48/methods/A/eval_gaussian_white_noise
RSAR,gaussian_white_noise,B,42,done,0.5202,266,266,gpu-67,/mnt/shared/zechuan/iraod_artifacts/comparison/rsar/gaussian_white_noise/seed_42/0f98a48/methods/B/eval_gaussian_white_noise
RSAR,gaussian_white_noise,B,43,done,0.51267,266,266,gpu-67,/mnt/shared/zechuan/iraod_artifacts/comparison/rsar/gaussian_white_noise/seed_43/0f98a48/methods/B/eval_full_gaussian_white_noise_ids_v1
RSAR,gaussian_white_noise,B,44,done,0.528684,266,266,gpu-67,/mnt/shared/zechuan/iraod_artifacts/comparison/rsar/gaussian_white_noise/seed_44/0f98a48/methods/B/eval_full_gaussian_white_noise_ids_v1
RSAR,gaussian_white_noise,C,42,done,0.520931,266,266,gpu-67,/mnt/shared/zechuan/iraod_artifacts/comparison/rsar/gaussian_white_noise/seed_42/0f98a48/methods/C/eval_gaussian_white_noise
RSAR,gaussian_white_noise,C,43,done,0.516963,266,266,gpu-67,/mnt/shared/zechuan/iraod_artifacts/comparison/rsar/gaussian_white_noise/seed_43/0f98a48/methods/C/eval_full_gaussian_white_noise_ids_v1
RSAR,gaussian_white_noise,C,44,done,0.522918,266,266,gpu-67,/mnt/shared/zechuan/iraod_artifacts/comparison/rsar/gaussian_white_noise/seed_44/0f98a48/methods/C/eval_full_gaussian_white_noise_ids_v1
RSAR,gaussian_white_noise,D,42,done,0.510778,266,266,gpu-67,/mnt/shared/zechuan/iraod_artifacts/comparison/rsar/gaussian_white_noise/seed_42/0f98a48/methods/D/eval_gaussian_white_noise
RSAR,gaussian_white_noise,D,43,done,0.510339,266,266,gpu-67,/mnt/shared/zechuan/iraod_artifacts/comparison/rsar/gaussian_white_noise/seed_43/0f98a48/methods/D/eval_full_gaussian_white_noise_ids_v1
RSAR,gaussian_white_noise,D,44,done,0.517971,266,266,gpu-67,/mnt/shared/zechuan/iraod_artifacts/comparison/rsar/gaussian_white_noise/seed_44/0f98a48/methods/D/eval_full_gaussian_white_noise_ids_v1
RSAR,gaussian_white_noise,E,42,done,0.522959,266,266,gpu-67,/mnt/shared/zechuan/iraod_artifacts/comparison/rsar/gaussian_white_noise/seed_42/0f98a48/methods/E/ddp2/eval_gaussian_white_noise
RSAR,gaussian_white_noise,E,43,done,0.515258,266,266,gpu-67,/mnt/shared/zechuan/iraod_artifacts/comparison/rsar/gaussian_white_noise/seed_43/0f98a48/methods/E/ddp2/eval_full_gaussian_white_noise_ids_v1
RSAR,gaussian_white_noise,E,44,done,0.520299,266,266,gpu-67,/mnt/shared/zechuan/iraod_artifacts/comparison/rsar/gaussian_white_noise/seed_44/0f98a48/methods/E/ddp2/eval_full_gaussian_white_noise_ids_v1
RSAR,gaussian_white_noise,F,42,done,0.521103,266,266,gpu-67,/mnt/shared/zechuan/iraod_artifacts/comparison/rsar/gaussian_white_noise/seed_42/0f98a48/methods/F/ddp2/eval_gaussian_white_noise
RSAR,gaussian_white_noise,F,43,done,0.514405,266,266,gpu-67,/mnt/shared/zechuan/iraod_artifacts/comparison/rsar/gaussian_white_noise/seed_43/0f98a48/methods/F/ddp2/eval_full_gaussian_white_noise_ids_v1
RSAR,gaussian_white_noise,F,44,done,0.516446,266,266,gpu-67,/mnt/shared/zechuan/iraod_artifacts/comparison/rsar/gaussian_white_noise/seed_44/0f98a48/methods/F/ddp2/eval_full_gaussian_white_noise_ids_v1
RSAR,gaussian_white_noise,IRG,42,done,0.547232,266,266,gpu-67,/mnt/shared/zechuan/iraod_artifacts/comparison/xaf_student_quant_20260908/formal_ports_runs_a39c832/rsar/gaussian_white_noise/seed_42/methods/IRG/eval_full_gaussian_white_noise_ids_v1
RSAR,gaussian_white_noise,IRG,43,done,0.55105,266,266,gpu-67,/mnt/shared/zechuan/iraod_artifacts/comparison/xaf_student_quant_20260908/formal_ports_runs_a39c832/rsar/gaussian_white_noise/seed_43/methods/IRG/eval_full_gaussian_white_noise_ids_v1
RSAR,gaussian_white_noise,IRG,44,done,0.543945,266,266,gpu-67,/mnt/shared/zechuan/iraod_artifacts/comparison/xaf_student_quant_20260908/formal_ports_runs_a39c832/rsar/gaussian_white_noise/seed_44/methods/IRG/eval_full_gaussian_white_noise_ids_v1
RSAR,gaussian_white_noise,LPLD,42,done,0.53696,266,266,gpu-67,/mnt/shared/zechuan/iraod_artifacts/comparison/xaf_student_quant_20260908/formal_ports_runs_a39c832/rsar/gaussian_white_noise/seed_42/methods/LPLD/eval_full_gaussian_white_noise_ids_v1
RSAR,gaussian_white_noise,LPLD,43,done,0.533813,266,266,gpu-67,/mnt/shared/zechuan/iraod_artifacts/comparison/xaf_student_quant_20260908/formal_ports_runs_a39c832/rsar/gaussian_white_noise/seed_43/methods/LPLD/eval_full_gaussian_white_noise_ids_v1
RSAR,gaussian_white_noise,LPLD,44,done,0.529944,266,266,gpu-67,/mnt/shared/zechuan/iraod_artifacts/comparison/xaf_student_quant_20260908/formal_ports_runs_a39c832/rsar/gaussian_white_noise/seed_44/methods/LPLD/eval_full_gaussian_white_noise_ids_v1
RSAR,gaussian_white_noise,SFUT,42,done,0.541899,266,266,gpu-67,/mnt/shared/zechuan/iraod_artifacts/comparison/xaf_student_quant_20260908/formal_ports_runs_a39c832/rsar/gaussian_white_noise/seed_42/methods/SFUT/eval_full_gaussian_white_noise_ids_v1
RSAR,gaussian_white_noise,SFUT,43,done,0.534958,266,266,gpu-67,/mnt/shared/zechuan/iraod_artifacts/comparison/xaf_student_quant_20260908/formal_ports_runs_a39c832/rsar/gaussian_white_noise/seed_43/methods/SFUT/eval_full_gaussian_white_noise_ids_v1
RSAR,gaussian_white_noise,SFUT,44,done,0.540209,266,266,gpu-67,/mnt/shared/zechuan/iraod_artifacts/comparison/xaf_student_quant_20260908/formal_ports_runs_a39c832/rsar/gaussian_white_noise/seed_44/methods/SFUT/eval_full_gaussian_white_noise_ids_v1
RSAR,gaussian_white_noise,DRU,42,done,0.496426,266,266,gpu-67,/mnt/shared/zechuan/iraod_artifacts/comparison/rsar/gaussian_white_noise/seed_42/dru20260919/methods/DRU/eval_gaussian_white_noise
RSAR,gaussian_white_noise,DRU,43,done,0.466091,266,266,gpu-67,/mnt/shared/zechuan/iraod_artifacts/comparison/rsar/gaussian_white_noise/seed_43/dru_e1/methods/DRU/eval_full_gaussian_white_noise_ids_v1
RSAR,gaussian_white_noise,DRU,44,done,0.482354,266,266,gpu-67,/mnt/shared/zechuan/iraod_artifacts/comparison/rsar/gaussian_white_noise/seed_44/dru_e1/methods/DRU/eval_full_gaussian_white_noise_ids_v1
RSAR,gaussian_white_noise,AASFOD,42,done,0.164922,266,266,gpu-138,/home/zechuan/iraod_artifacts/comparison/xaf_student_quant_20260908/aasfod_runs_36c2053/rsar/gaussian_white_noise/seed_42/methods/AASFOD/eval_full_gaussian_white_noise_ids_v1
RSAR,gaussian_white_noise,AASFOD,43,done,0.150503,266,266,gpu-138,/home/zechuan/iraod_artifacts/comparison/xaf_student_quant_20260908/aasfod_runs_36c2053/rsar/gaussian_white_noise/seed_43/methods/AASFOD/eval_full_gaussian_white_noise_ids_v1
RSAR,gaussian_white_noise,AASFOD,44,done,0.129817,266,266,gpu-138,/home/zechuan/iraod_artifacts/comparison/xaf_student_quant_20260908/aasfod_runs_36c2053/rsar/gaussian_white_noise/seed_44/methods/AASFOD/eval_full_gaussian_white_noise_ids_v1
RSAR,gaussian_white_noise,SFYOLO,42,done,0.486948,531,531,gpu-67,/mnt/shared/zechuan/iraod_artifacts/comparison/xaf_student_quant_20260908/sfyolo_runs_84a1aeb/rsar/gaussian_white_noise/seed_42/methods/SFYOLO/eval_gaussian_white_noise
RSAR,gaussian_white_noise,SFYOLO,43,done,0.515378,531,531,gpu-67,/mnt/shared/zechuan/iraod_artifacts/comparison/xaf_student_quant_20260908/sfyolo_runs_84a1aeb/rsar/gaussian_white_noise/seed_43/methods/SFYOLO/eval_gaussian_white_noise
RSAR,gaussian_white_noise,SFYOLO,44,done,0.503993,531,531,gpu-67,/mnt/shared/zechuan/iraod_artifacts/comparison/xaf_student_quant_20260908/sfyolo_runs_84a1aeb/rsar/gaussian_white_noise/seed_44/methods/SFYOLO/eval_gaussian_white_noise
RSAR,noise_suppression,A,42,done,0.163407,,,gpu-67,/mnt/shared/zechuan/iraod_artifacts/comparison/rsar/noise_suppression/seed_42/0f98a48/methods/A/eval_noise_suppression
RSAR,noise_suppression,B,42,done,0.180804,266,266,gpu-67,/mnt/shared/zechuan/iraod_artifacts/comparison/rsar/noise_suppression/seed_42/0f98a48/methods/B/eval_noise_suppression
RSAR,noise_suppression,B,43,done,0.177947,266,266,gpu-67,/mnt/shared/zechuan/iraod_artifacts/comparison/rsar/noise_suppression/seed_43/0f98a48/methods/B/eval_full_noise_suppression_ids_v1
RSAR,noise_suppression,B,44,done,0.169569,266,266,gpu-67,/mnt/shared/zechuan/iraod_artifacts/comparison/rsar/noise_suppression/seed_44/0f98a48/methods/B/eval_full_noise_suppression_ids_v1
RSAR,noise_suppression,C,42,done,0.186095,266,266,gpu-67,/mnt/shared/zechuan/iraod_artifacts/comparison/rsar/noise_suppression/seed_42/0f98a48/methods/C/eval_noise_suppression
RSAR,noise_suppression,C,43,done,0.182222,266,266,gpu-67,/mnt/shared/zechuan/iraod_artifacts/comparison/rsar/noise_suppression/seed_43/0f98a48/methods/C/eval_full_noise_suppression_ids_v1
RSAR,noise_suppression,C,44,done,0.181348,266,266,gpu-67,/mnt/shared/zechuan/iraod_artifacts/comparison/rsar/noise_suppression/seed_44/0f98a48/methods/C/eval_full_noise_suppression_ids_v1
RSAR,noise_suppression,D,42,done,0.165127,266,266,gpu-67,/mnt/shared/zechuan/iraod_artifacts/comparison/rsar/noise_suppression/seed_42/0f98a48/methods/D/eval_noise_suppression
RSAR,noise_suppression,D,43,done,0.172785,266,266,gpu-67,/mnt/shared/zechuan/iraod_artifacts/comparison/rsar/noise_suppression/seed_43/0f98a48/methods/D/eval_full_noise_suppression_ids_v1
RSAR,noise_suppression,D,44,done,0.179224,266,266,gpu-67,/mnt/shared/zechuan/iraod_artifacts/comparison/rsar/noise_suppression/seed_44/0f98a48/methods/D/eval_full_noise_suppression_ids_v1
RSAR,noise_suppression,E,42,done,0.181863,266,266,gpu-67,/mnt/shared/zechuan/iraod_artifacts/comparison/rsar/noise_suppression/seed_42/0f98a48/methods/E/ddp2/eval_noise_suppression
RSAR,noise_suppression,E,43,done,0.180942,266,266,gpu-67,/mnt/shared/zechuan/iraod_artifacts/comparison/rsar/noise_suppression/seed_43/0f98a48/methods/E/ddp2/eval_full_noise_suppression_ids_v1
RSAR,noise_suppression,E,44,done,0.16871,266,266,gpu-67,/mnt/shared/zechuan/iraod_artifacts/comparison/rsar/noise_suppression/seed_44/0f98a48/methods/E/ddp2/eval_full_noise_suppression_ids_v1
RSAR,noise_suppression,F,42,done,0.14126,266,266,gpu-67,/mnt/shared/zechuan/iraod_artifacts/comparison/rsar/noise_suppression/seed_42/0f98a48/methods/F/ddp2/eval_noise_suppression
RSAR,noise_suppression,F,43,done,0.16247,266,266,gpu-67,/mnt/shared/zechuan/iraod_artifacts/comparison/rsar/noise_suppression/seed_43/0f98a48/methods/F/ddp2/eval_full_noise_suppression_ids_v1
RSAR,noise_suppression,F,44,done,0.155901,266,266,gpu-67,/mnt/shared/zechuan/iraod_artifacts/comparison/rsar/noise_suppression/seed_44/0f98a48/methods/F/ddp2/eval_full_noise_suppression_ids_v1
RSAR,noise_suppression,IRG,42,done,0.18832,266,266,gpu-67,/mnt/shared/zechuan/iraod_artifacts/comparison/xaf_student_quant_20260908/formal_ports_runs_a39c832/rsar/noise_suppression/seed_42/methods/IRG/eval_full_noise_suppression_ids_v1
RSAR,noise_suppression,IRG,43,done,0.196878,266,266,gpu-67,/mnt/shared/zechuan/iraod_artifacts/comparison/xaf_student_quant_20260908/formal_ports_runs_a39c832/rsar/noise_suppression/seed_43/methods/IRG/eval_full_noise_suppression_ids_v1
RSAR,noise_suppression,IRG,44,done,0.194177,266,266,gpu-67,/mnt/shared/zechuan/iraod_artifacts/comparison/xaf_student_quant_20260908/formal_ports_runs_a39c832_fix1/rsar/noise_suppression/seed_44/methods/IRG/eval_full_noise_suppression_ids_v1
RSAR,noise_suppression,LPLD,42,done,0.186733,266,266,gpu-67,/mnt/shared/zechuan/iraod_artifacts/comparison/xaf_student_quant_20260908/formal_ports_runs_a39c832/rsar/noise_suppression/seed_42/methods/LPLD/eval_full_noise_suppression_ids_v1
RSAR,noise_suppression,LPLD,43,done,0.185545,266,266,gpu-67,/mnt/shared/zechuan/iraod_artifacts/comparison/xaf_student_quant_20260908/formal_ports_runs_a39c832/rsar/noise_suppression/seed_43/methods/LPLD/eval_full_noise_suppression_ids_v1
RSAR,noise_suppression,LPLD,44,done,0.182542,266,266,gpu-67,/mnt/shared/zechuan/iraod_artifacts/comparison/xaf_student_quant_20260908/formal_ports_runs_a39c832_fix1/rsar/noise_suppression/seed_44/methods/LPLD/eval_full_noise_suppression_ids_v1
RSAR,noise_suppression,SFUT,42,done,0.175636,266,266,gpu-67,/mnt/shared/zechuan/iraod_artifacts/comparison/xaf_student_quant_20260908/formal_ports_runs_a39c832/rsar/noise_suppression/seed_42/methods/SFUT/eval_full_noise_suppression_ids_v1
RSAR,noise_suppression,SFUT,43,done,0.174578,266,266,gpu-67,/mnt/shared/zechuan/iraod_artifacts/comparison/xaf_student_quant_20260908/formal_ports_runs_a39c832/rsar/noise_suppression/seed_43/methods/SFUT/eval_full_noise_suppression_ids_v1
RSAR,noise_suppression,SFUT,44,done,0.175991,266,266,gpu-67,/mnt/shared/zechuan/iraod_artifacts/comparison/xaf_student_quant_20260908/formal_ports_runs_a39c832_fix1/rsar/noise_suppression/seed_44/methods/SFUT/eval_full_noise_suppression_ids_v1
RSAR,noise_suppression,DRU,42,done,0.161772,266,266,gpu-67,/mnt/shared/zechuan/iraod_artifacts/comparison/rsar/noise_suppression/seed_42/dru20260919/methods/DRU/eval_noise_suppression
RSAR,noise_suppression,DRU,43,done,0.150901,266,266,gpu-67,/mnt/shared/zechuan/iraod_artifacts/comparison/rsar/noise_suppression/seed_43/dru_e1/methods/DRU/eval_full_noise_suppression_ids_v1
RSAR,noise_suppression,DRU,44,done,0.154521,266,266,gpu-67,/mnt/shared/zechuan/iraod_artifacts/comparison/rsar/noise_suppression/seed_44/dru_e1/methods/DRU/eval_full_noise_suppression_ids_v1
RSAR,noise_suppression,AASFOD,42,done,0.069934,266,266,gpu-138,/home/zechuan/iraod_artifacts/comparison/xaf_student_quant_20260908/aasfod_runs_36c2053/rsar/noise_suppression/seed_42/methods/AASFOD/eval_full_noise_suppression_ids_v1
RSAR,noise_suppression,AASFOD,43,done,0.070658,266,266,gpu-138,/home/zechuan/iraod_artifacts/comparison/xaf_student_quant_20260908/aasfod_runs_36c2053/rsar/noise_suppression/seed_43/methods/AASFOD/eval_full_noise_suppression_ids_v1
RSAR,noise_suppression,AASFOD,44,done,0.112224,266,266,gpu-138,/home/zechuan/iraod_artifacts/comparison/xaf_student_quant_20260908/aasfod_runs_36c2053/rsar/noise_suppression/seed_44/methods/AASFOD/eval_full_noise_suppression_ids_v1
RSAR,noise_suppression,SFYOLO,42,done,0.157215,531,531,gpu-67,/mnt/shared/zechuan/iraod_artifacts/comparison/xaf_student_quant_20260908/sfyolo_runs_84a1aeb/rsar/noise_suppression/seed_42/methods/SFYOLO/eval_noise_suppression
RSAR,noise_suppression,SFYOLO,43,done,0.06813,531,531,gpu-67,/mnt/shared/zechuan/iraod_artifacts/comparison/xaf_student_quant_20260908/sfyolo_runs_84a1aeb_fix1/rsar/noise_suppression/seed_43/methods/SFYOLO/eval_full_noise_suppression_ids_v1
RSAR,noise_suppression,SFYOLO,44,done,0.152253,531,531,gpu-67,/mnt/shared/zechuan/iraod_artifacts/comparison/xaf_student_quant_20260908/sfyolo_runs_84a1aeb/rsar/noise_suppression/seed_44/methods/SFYOLO/eval_noise_suppression
RSAR,smart_suppression,A,42,done,0.143726,,,gpu-67,/mnt/shared/zechuan/iraod_artifacts/comparison/rsar/smart_suppression/seed_42/0f98a48/methods/A/eval_smart_suppression
RSAR,smart_suppression,B,42,done,0.143386,266,266,gpu-67,/mnt/shared/zechuan/iraod_artifacts/comparison/rsar/smart_suppression/seed_42/0f98a48/methods/B/eval_smart_suppression
RSAR,smart_suppression,B,43,done,0.151609,266,266,gpu-67,/mnt/shared/zechuan/iraod_artifacts/comparison/rsar/smart_suppression/seed_43/0f98a48/methods/B/eval_full_smart_suppression_ids_v1
RSAR,smart_suppression,B,44,done,0.148566,266,266,gpu-67,/mnt/shared/zechuan/iraod_artifacts/comparison/rsar/smart_suppression/seed_44/0f98a48/methods/B/eval_full_smart_suppression_ids_v1
RSAR,smart_suppression,C,42,done,0.181429,266,266,gpu-67,/mnt/shared/zechuan/iraod_artifacts/comparison/rsar/smart_suppression/seed_42/0f98a48/methods/C/eval_smart_suppression
RSAR,smart_suppression,C,43,done,0.191839,266,266,gpu-67,/mnt/shared/zechuan/iraod_artifacts/comparison/rsar/smart_suppression/seed_43/0f98a48/methods/C/eval_full_smart_suppression_ids_v1
RSAR,smart_suppression,C,44,done,0.197047,266,266,gpu-67,/mnt/shared/zechuan/iraod_artifacts/comparison/rsar/smart_suppression/seed_44/0f98a48/methods/C/eval_full_smart_suppression_ids_v1
RSAR,smart_suppression,D,42,done,0.146381,266,266,gpu-67,/mnt/shared/zechuan/iraod_artifacts/comparison/rsar/smart_suppression/seed_42/0f98a48/methods/D/eval_smart_suppression
RSAR,smart_suppression,D,43,done,0.140873,266,266,gpu-67,/mnt/shared/zechuan/iraod_artifacts/comparison/rsar/smart_suppression/seed_43/0f98a48/methods/D/eval_full_smart_suppression_ids_v1
RSAR,smart_suppression,D,44,done,0.156725,266,266,gpu-67,/mnt/shared/zechuan/iraod_artifacts/comparison/rsar/smart_suppression/seed_44/0f98a48/methods/D/eval_full_smart_suppression_ids_v1
RSAR,smart_suppression,E,42,done,0.154984,266,266,gpu-67,/mnt/shared/zechuan/iraod_artifacts/comparison/rsar/smart_suppression/seed_42/0f98a48/methods/E/ddp2/eval_smart_suppression
RSAR,smart_suppression,E,43,done,0.158166,266,266,gpu-67,/mnt/shared/zechuan/iraod_artifacts/comparison/rsar/smart_suppression/seed_43/0f98a48/methods/E/ddp2/eval_full_smart_suppression_ids_v1
RSAR,smart_suppression,E,44,done,0.162213,266,266,gpu-67,/mnt/shared/zechuan/iraod_artifacts/comparison/rsar/smart_suppression/seed_44/0f98a48/methods/E/ddp2/eval_full_smart_suppression_ids_v1
RSAR,smart_suppression,F,42,done,0.132109,266,266,gpu-67,/mnt/shared/zechuan/iraod_artifacts/comparison/rsar/smart_suppression/seed_42/0f98a48/methods/F/ddp2/eval_smart_suppression
RSAR,smart_suppression,F,43,done,0.117188,266,266,gpu-67,/mnt/shared/zechuan/iraod_artifacts/comparison/rsar/smart_suppression/seed_43/0f98a48/methods/F/ddp2/eval_full_smart_suppression_ids_v1
RSAR,smart_suppression,F,44,done,0.14983,266,266,gpu-67,/mnt/shared/zechuan/iraod_artifacts/comparison/rsar/smart_suppression/seed_44/0f98a48/methods/F/ddp2/eval_full_smart_suppression_ids_v1
RSAR,smart_suppression,IRG,42,done,0.168244,266,266,gpu-67,/mnt/shared/zechuan/iraod_artifacts/comparison/xaf_student_quant_20260908/formal_ports_runs_a39c832/rsar/smart_suppression/seed_42/methods/IRG/eval_full_smart_suppression_ids_v1
RSAR,smart_suppression,IRG,43,done,0.155943,266,266,gpu-67,/mnt/shared/zechuan/iraod_artifacts/comparison/xaf_student_quant_20260908/formal_ports_runs_a39c832/rsar/smart_suppression/seed_43/methods/IRG/eval_full_smart_suppression_ids_v1
RSAR,smart_suppression,IRG,44,done,0.154351,266,266,gpu-67,/mnt/shared/zechuan/iraod_artifacts/comparison/xaf_student_quant_20260908/formal_ports_runs_a39c832/rsar/smart_suppression/seed_44/methods/IRG/eval_full_smart_suppression_ids_v1
RSAR,smart_suppression,LPLD,42,done,0.153939,266,266,gpu-67,/mnt/shared/zechuan/iraod_artifacts/comparison/xaf_student_quant_20260908/formal_ports_runs_a39c832/rsar/smart_suppression/seed_42/methods/LPLD/eval_full_smart_suppression_ids_v1
RSAR,smart_suppression,LPLD,43,done,0.115183,266,266,gpu-67,/mnt/shared/zechuan/iraod_artifacts/comparison/xaf_student_quant_20260908/formal_ports_runs_a39c832/rsar/smart_suppression/seed_43/methods/LPLD/eval_full_smart_suppression_ids_v1
RSAR,smart_suppression,LPLD,44,done,0.142569,266,266,gpu-67,/mnt/shared/zechuan/iraod_artifacts/comparison/xaf_student_quant_20260908/formal_ports_runs_a39c832/rsar/smart_suppression/seed_44/methods/LPLD/eval_full_smart_suppression_ids_v1
RSAR,smart_suppression,SFUT,42,done,0.146274,266,266,gpu-67,/mnt/shared/zechuan/iraod_artifacts/comparison/xaf_student_quant_20260908/formal_ports_runs_a39c832/rsar/smart_suppression/seed_42/methods/SFUT/eval_full_smart_suppression_ids_v1
RSAR,smart_suppression,SFUT,43,done,0.148989,266,266,gpu-67,/mnt/shared/zechuan/iraod_artifacts/comparison/xaf_student_quant_20260908/formal_ports_runs_a39c832/rsar/smart_suppression/seed_43/methods/SFUT/eval_full_smart_suppression_ids_v1
RSAR,smart_suppression,SFUT,44,done,0.146937,266,266,gpu-67,/mnt/shared/zechuan/iraod_artifacts/comparison/xaf_student_quant_20260908/formal_ports_runs_a39c832/rsar/smart_suppression/seed_44/methods/SFUT/eval_full_smart_suppression_ids_v1
RSAR,smart_suppression,DRU,42,done,0.129598,266,266,gpu-67,/mnt/shared/zechuan/iraod_artifacts/comparison/rsar/smart_suppression/seed_42/dru20260919/methods/DRU/eval_smart_suppression
RSAR,smart_suppression,DRU,43,done,0.160356,266,266,gpu-67,/mnt/shared/zechuan/iraod_artifacts/comparison/rsar/smart_suppression/seed_43/dru_e1/methods/DRU/eval_full_smart_suppression_ids_v1
RSAR,smart_suppression,DRU,44,done,0.13185,266,266,gpu-67,/mnt/shared/zechuan/iraod_artifacts/comparison/rsar/smart_suppression/seed_44/dru_e1/methods/DRU/eval_full_smart_suppression_ids_v1
RSAR,smart_suppression,AASFOD,42,done,0.072107,266,266,gpu-138,/home/zechuan/iraod_artifacts/comparison/xaf_student_quant_20260908/aasfod_runs_36c2053/rsar/smart_suppression/seed_42/methods/AASFOD/eval_full_smart_suppression_ids_v1
RSAR,smart_suppression,AASFOD,43,done,0.050103,266,266,gpu-138,/home/zechuan/iraod_artifacts/comparison/xaf_student_quant_20260908/aasfod_runs_36c2053/rsar/smart_suppression/seed_43/methods/AASFOD/eval_full_smart_suppression_ids_v1
RSAR,smart_suppression,AASFOD,44,done,0.021556,266,266,gpu-138,/home/zechuan/iraod_artifacts/comparison/xaf_student_quant_20260908/aasfod_runs_36c2053/rsar/smart_suppression/seed_44/methods/AASFOD/eval_full_smart_suppression_ids_v1
RSAR,smart_suppression,SFYOLO,42,done,0.114843,531,531,gpu-67,/mnt/shared/zechuan/iraod_artifacts/comparison/xaf_student_quant_20260908/sfyolo_runs_84a1aeb/rsar/smart_suppression/seed_42/methods/SFYOLO/eval_smart_suppression
RSAR,smart_suppression,SFYOLO,43,done,0.130401,531,531,gpu-67,/mnt/shared/zechuan/iraod_artifacts/comparison/xaf_student_quant_20260908/sfyolo_runs_84a1aeb/rsar/smart_suppression/seed_43/methods/SFYOLO/eval_smart_suppression
RSAR,smart_suppression,SFYOLO,44,done,0.163498,531,531,gpu-67,/mnt/shared/zechuan/iraod_artifacts/comparison/xaf_student_quant_20260908/sfyolo_runs_84a1aeb/rsar/smart_suppression/seed_44/methods/SFYOLO/eval_smart_suppression
RSAR,am_noise_horizontal,A,42,done,0.206206,,,gpu-67,/mnt/shared/zechuan/iraod_artifacts/comparison/rsar/am_noise_horizontal/seed_42/0f98a48/methods/A/eval_am_noise_horizontal
RSAR,am_noise_horizontal,B,42,done,0.227466,266,266,gpu-67,/mnt/shared/zechuan/iraod_artifacts/comparison/rsar/am_noise_horizontal/seed_42/0f98a48/methods/B/eval_am_noise_horizontal
RSAR,am_noise_horizontal,B,43,done,0.22271,266,266,gpu-67,/mnt/shared/zechuan/iraod_artifacts/comparison/rsar/am_noise_horizontal/seed_43/0f98a48/methods/B/eval_full_am_noise_horizontal_ids_v1
RSAR,am_noise_horizontal,B,44,done,0.224334,266,266,gpu-67,/mnt/shared/zechuan/iraod_artifacts/comparison/rsar/am_noise_horizontal/seed_44/0f98a48/methods/B/eval_full_am_noise_horizontal_ids_v1
RSAR,am_noise_horizontal,C,42,done,0.229149,266,266,gpu-67,/mnt/shared/zechuan/iraod_artifacts/comparison/rsar/am_noise_horizontal/seed_42/0f98a48/methods/C/eval_am_noise_horizontal
RSAR,am_noise_horizontal,C,43,done,0.208232,266,266,gpu-67,/mnt/shared/zechuan/iraod_artifacts/comparison/rsar/am_noise_horizontal/seed_43/0f98a48/methods/C/eval_full_am_noise_horizontal_ids_v1
RSAR,am_noise_horizontal,C,44,done,0.21099,266,266,gpu-67,/mnt/shared/zechuan/iraod_artifacts/comparison/rsar/am_noise_horizontal/seed_44/0f98a48/methods/C/eval_full_am_noise_horizontal_ids_v1
RSAR,am_noise_horizontal,D,42,done,0.189349,266,266,gpu-67,/mnt/shared/zechuan/iraod_artifacts/comparison/rsar/am_noise_horizontal/seed_42/0f98a48/methods/D/eval_am_noise_horizontal
RSAR,am_noise_horizontal,D,43,done,0.154496,266,266,gpu-67,/mnt/shared/zechuan/iraod_artifacts/comparison/rsar/am_noise_horizontal/seed_43/0f98a48/methods/D/eval_full_am_noise_horizontal_ids_v1
RSAR,am_noise_horizontal,D,44,done,0.17192,266,266,gpu-67,/mnt/shared/zechuan/iraod_artifacts/comparison/rsar/am_noise_horizontal/seed_44/0f98a48/methods/D/eval_full_am_noise_horizontal_ids_v1
RSAR,am_noise_horizontal,E,42,done,0.234848,266,266,gpu-67,/mnt/shared/zechuan/iraod_artifacts/comparison/rsar/am_noise_horizontal/seed_42/0f98a48/methods/E/ddp2/eval_am_noise_horizontal
RSAR,am_noise_horizontal,E,43,done,0.2303,266,266,gpu-67,/mnt/shared/zechuan/iraod_artifacts/comparison/rsar/am_noise_horizontal/seed_43/0f98a48/methods/E/ddp2/eval_full_am_noise_horizontal_ids_v1
RSAR,am_noise_horizontal,E,44,done,0.233462,266,266,gpu-67,/mnt/shared/zechuan/iraod_artifacts/comparison/rsar/am_noise_horizontal/seed_44/0f98a48/methods/E/ddp2/eval_full_am_noise_horizontal_ids_v1
RSAR,am_noise_horizontal,F,42,done,0.158746,266,266,gpu-67,/mnt/shared/zechuan/iraod_artifacts/comparison/rsar/am_noise_horizontal/seed_42/0f98a48/methods/F/ddp2/eval_am_noise_horizontal
RSAR,am_noise_horizontal,F,43,done,0.157218,266,266,gpu-67,/mnt/shared/zechuan/iraod_artifacts/comparison/rsar/am_noise_horizontal/seed_43/0f98a48/methods/F/ddp2/eval_full_am_noise_horizontal_ids_v1
RSAR,am_noise_horizontal,F,44,done,0.135374,266,266,gpu-67,/mnt/shared/zechuan/iraod_artifacts/comparison/rsar/am_noise_horizontal/seed_44/0f98a48/methods/F/ddp2/eval_full_am_noise_horizontal_ids_v1
RSAR,am_noise_horizontal,IRG,42,done,0.223081,266,266,gpu-67,/mnt/shared/zechuan/iraod_artifacts/comparison/xaf_student_quant_20260908/formal_ports_runs_a39c832/rsar/am_noise_horizontal/seed_42/methods/IRG/eval_full_am_noise_horizontal_ids_v1
RSAR,am_noise_horizontal,IRG,43,done,0.216487,266,266,gpu-67,/mnt/shared/zechuan/iraod_artifacts/comparison/xaf_student_quant_20260908/formal_ports_runs_a39c832/rsar/am_noise_horizontal/seed_43/methods/IRG/eval_full_am_noise_horizontal_ids_v1
RSAR,am_noise_horizontal,IRG,44,done,0.222314,266,266,gpu-67,/mnt/shared/zechuan/iraod_artifacts/comparison/xaf_student_quant_20260908/formal_ports_runs_a39c832/rsar/am_noise_horizontal/seed_44/methods/IRG/eval_full_am_noise_horizontal_ids_v1
RSAR,am_noise_horizontal,LPLD,42,done,0.194768,266,266,gpu-67,/mnt/shared/zechuan/iraod_artifacts/comparison/xaf_student_quant_20260908/formal_ports_runs_a39c832/rsar/am_noise_horizontal/seed_42/methods/LPLD/eval_full_am_noise_horizontal_ids_v1
RSAR,am_noise_horizontal,LPLD,43,done,0.200589,266,266,gpu-67,/mnt/shared/zechuan/iraod_artifacts/comparison/xaf_student_quant_20260908/formal_ports_runs_a39c832/rsar/am_noise_horizontal/seed_43/methods/LPLD/eval_full_am_noise_horizontal_ids_v1
RSAR,am_noise_horizontal,LPLD,44,done,0.189906,266,266,gpu-67,/mnt/shared/zechuan/iraod_artifacts/comparison/xaf_student_quant_20260908/formal_ports_runs_a39c832/rsar/am_noise_horizontal/seed_44/methods/LPLD/eval_full_am_noise_horizontal_ids_v1
RSAR,am_noise_horizontal,SFUT,42,done,0.21851,266,266,gpu-67,/mnt/shared/zechuan/iraod_artifacts/comparison/xaf_student_quant_20260908/formal_ports_runs_a39c832/rsar/am_noise_horizontal/seed_42/methods/SFUT/eval_full_am_noise_horizontal_ids_v1
RSAR,am_noise_horizontal,SFUT,43,done,0.222376,266,266,gpu-67,/mnt/shared/zechuan/iraod_artifacts/comparison/xaf_student_quant_20260908/formal_ports_runs_a39c832/rsar/am_noise_horizontal/seed_43/methods/SFUT/eval_full_am_noise_horizontal_ids_v1
RSAR,am_noise_horizontal,SFUT,44,done,0.221163,266,266,gpu-67,/mnt/shared/zechuan/iraod_artifacts/comparison/xaf_student_quant_20260908/formal_ports_runs_a39c832/rsar/am_noise_horizontal/seed_44/methods/SFUT/eval_full_am_noise_horizontal_ids_v1
RSAR,am_noise_horizontal,DRU,42,done,0.118471,266,266,gpu-67,/mnt/shared/zechuan/iraod_artifacts/comparison/rsar/am_noise_horizontal/seed_42/dru20260919/methods/DRU/eval_am_noise_horizontal
RSAR,am_noise_horizontal,DRU,43,done,0.226909,266,266,gpu-67,/mnt/shared/zechuan/iraod_artifacts/comparison/rsar/am_noise_horizontal/seed_43/dru_e1/methods/DRU/eval_full_am_noise_horizontal_ids_v1
RSAR,am_noise_horizontal,DRU,44,done,0.216568,266,266,gpu-67,/mnt/shared/zechuan/iraod_artifacts/comparison/rsar/am_noise_horizontal/seed_44/dru_e1/methods/DRU/eval_full_am_noise_horizontal_ids_v1
RSAR,am_noise_horizontal,AASFOD,42,done,0.071484,266,266,gpu-138,/home/zechuan/iraod_artifacts/comparison/xaf_student_quant_20260908/aasfod_runs_36c2053/rsar/am_noise_horizontal/seed_42/methods/AASFOD/eval_full_am_noise_horizontal_ids_v1
RSAR,am_noise_horizontal,AASFOD,43,done,0.106074,266,266,gpu-138,/home/zechuan/iraod_artifacts/comparison/xaf_student_quant_20260908/aasfod_runs_36c2053/rsar/am_noise_horizontal/seed_43/methods/AASFOD/eval_full_am_noise_horizontal_ids_v1
RSAR,am_noise_horizontal,AASFOD,44,done,0.100062,266,266,gpu-138,/home/zechuan/iraod_artifacts/comparison/xaf_student_quant_20260908/aasfod_runs_36c2053/rsar/am_noise_horizontal/seed_44/methods/AASFOD/eval_full_am_noise_horizontal_ids_v1
RSAR,am_noise_horizontal,SFYOLO,42,done,0.190418,531,531,gpu-67,/mnt/shared/zechuan/iraod_artifacts/comparison/xaf_student_quant_20260908/sfyolo_runs_84a1aeb/rsar/am_noise_horizontal/seed_42/methods/SFYOLO/eval_am_noise_horizontal
RSAR,am_noise_horizontal,SFYOLO,43,done,0.248557,531,531,gpu-67,/mnt/shared/zechuan/iraod_artifacts/comparison/xaf_student_quant_20260908/sfyolo_runs_84a1aeb/rsar/am_noise_horizontal/seed_43/methods/SFYOLO/eval_am_noise_horizontal
RSAR,am_noise_horizontal,SFYOLO,44,done,0.202332,531,531,gpu-67,/mnt/shared/zechuan/iraod_artifacts/comparison/xaf_student_quant_20260908/sfyolo_runs_84a1aeb/rsar/am_noise_horizontal/seed_44/methods/SFYOLO/eval_am_noise_horizontal
RSAR,am_noise_vertical,A,42,done,0.190744,,,gpu-67,/mnt/shared/zechuan/iraod_artifacts/comparison/rsar/am_noise_vertical/seed_42/0f98a48/methods/A/eval_am_noise_vertical
RSAR,am_noise_vertical,B,42,done,0.236548,266,266,gpu-67,/mnt/shared/zechuan/iraod_artifacts/comparison/rsar/am_noise_vertical/seed_42/0f98a48/methods/B/eval_am_noise_vertical
RSAR,am_noise_vertical,B,43,done,0.234632,266,266,gpu-67,/mnt/shared/zechuan/iraod_artifacts/comparison/rsar/am_noise_vertical/seed_43/0f98a48/methods/B/eval_full_am_noise_vertical_ids_v1
RSAR,am_noise_vertical,B,44,done,0.232344,266,266,gpu-67,/mnt/shared/zechuan/iraod_artifacts/comparison/rsar/am_noise_vertical/seed_44/0f98a48/methods/B/eval_full_am_noise_vertical_ids_v1
RSAR,am_noise_vertical,C,42,done,0.239922,266,266,gpu-67,/mnt/shared/zechuan/iraod_artifacts/comparison/rsar/am_noise_vertical/seed_42/0f98a48/methods/C/eval_am_noise_vertical
RSAR,am_noise_vertical,C,43,done,0.22642,266,266,gpu-67,/mnt/shared/zechuan/iraod_artifacts/comparison/rsar/am_noise_vertical/seed_43/0f98a48/methods/C/eval_full_am_noise_vertical_ids_v1
RSAR,am_noise_vertical,C,44,done,0.226463,266,266,gpu-67,/mnt/shared/zechuan/iraod_artifacts/comparison/rsar/am_noise_vertical/seed_44/0f98a48/methods/C/eval_full_am_noise_vertical_ids_v1
RSAR,am_noise_vertical,D,42,done,0.176055,266,266,gpu-67,/mnt/shared/zechuan/iraod_artifacts/comparison/rsar/am_noise_vertical/seed_42/0f98a48/methods/D/eval_am_noise_vertical
RSAR,am_noise_vertical,D,43,done,0.174163,266,266,gpu-67,/mnt/shared/zechuan/iraod_artifacts/comparison/rsar/am_noise_vertical/seed_43/0f98a48/methods/D/eval_full_am_noise_vertical_ids_v1
RSAR,am_noise_vertical,D,44,done,0.167252,266,266,gpu-67,/mnt/shared/zechuan/iraod_artifacts/comparison/rsar/am_noise_vertical/seed_44/0f98a48/methods/D/eval_full_am_noise_vertical_ids_v1
RSAR,am_noise_vertical,E,42,done,0.249598,266,266,gpu-67,/mnt/shared/zechuan/iraod_artifacts/comparison/rsar/am_noise_vertical/seed_42/0f98a48/methods/E/ddp2/eval_am_noise_vertical
RSAR,am_noise_vertical,E,43,done,0.25161,266,266,gpu-67,/mnt/shared/zechuan/iraod_artifacts/comparison/rsar/am_noise_vertical/seed_43/0f98a48/methods/E/ddp2/eval_full_am_noise_vertical_ids_v1
RSAR,am_noise_vertical,E,44,done,0.242948,266,266,gpu-67,/mnt/shared/zechuan/iraod_artifacts/comparison/rsar/am_noise_vertical/seed_44/0f98a48/methods/E/ddp2/eval_full_am_noise_vertical_ids_v1
RSAR,am_noise_vertical,F,42,done,0.171337,266,266,gpu-67,/mnt/shared/zechuan/iraod_artifacts/comparison/rsar/am_noise_vertical/seed_42/0f98a48/methods/F/ddp2/eval_am_noise_vertical
RSAR,am_noise_vertical,F,43,done,0.139977,266,266,gpu-67,/mnt/shared/zechuan/iraod_artifacts/comparison/rsar/am_noise_vertical/seed_43/0f98a48/methods/F/ddp2/eval_full_am_noise_vertical_ids_v1
RSAR,am_noise_vertical,F,44,done,0.173496,266,266,gpu-67,/mnt/shared/zechuan/iraod_artifacts/comparison/rsar/am_noise_vertical/seed_44/0f98a48/methods/F/ddp2/eval_full_am_noise_vertical_ids_v1
RSAR,am_noise_vertical,IRG,42,done,0.25216,266,266,gpu-67,/mnt/shared/zechuan/iraod_artifacts/comparison/xaf_student_quant_20260908/formal_ports_runs_a39c832/rsar/am_noise_vertical/seed_42/methods/IRG/eval_full_am_noise_vertical_ids_v1
RSAR,am_noise_vertical,IRG,43,done,0.239125,266,266,gpu-67,/mnt/shared/zechuan/iraod_artifacts/comparison/xaf_student_quant_20260908/formal_ports_runs_a39c832/rsar/am_noise_vertical/seed_43/methods/IRG/eval_full_am_noise_vertical_ids_v1
RSAR,am_noise_vertical,IRG,44,done,0.248412,266,266,gpu-67,/mnt/shared/zechuan/iraod_artifacts/comparison/xaf_student_quant_20260908/formal_ports_runs_a39c832/rsar/am_noise_vertical/seed_44/methods/IRG/eval_full_am_noise_vertical_ids_v1
RSAR,am_noise_vertical,LPLD,42,done,0.224363,266,266,gpu-67,/mnt/shared/zechuan/iraod_artifacts/comparison/xaf_student_quant_20260908/formal_ports_runs_a39c832/rsar/am_noise_vertical/seed_42/methods/LPLD/eval_full_am_noise_vertical_ids_v1
RSAR,am_noise_vertical,LPLD,43,done,0.218233,266,266,gpu-67,/mnt/shared/zechuan/iraod_artifacts/comparison/xaf_student_quant_20260908/formal_ports_runs_a39c832/rsar/am_noise_vertical/seed_43/methods/LPLD/eval_full_am_noise_vertical_ids_v1
RSAR,am_noise_vertical,LPLD,44,done,0.174665,266,266,gpu-67,/mnt/shared/zechuan/iraod_artifacts/comparison/xaf_student_quant_20260908/formal_ports_runs_a39c832/rsar/am_noise_vertical/seed_44/methods/LPLD/eval_full_am_noise_vertical_ids_v1
RSAR,am_noise_vertical,SFUT,42,done,0.222357,266,266,gpu-67,/mnt/shared/zechuan/iraod_artifacts/comparison/xaf_student_quant_20260908/formal_ports_runs_a39c832/rsar/am_noise_vertical/seed_42/methods/SFUT/eval_full_am_noise_vertical_ids_v1
RSAR,am_noise_vertical,SFUT,43,done,0.224097,266,266,gpu-67,/mnt/shared/zechuan/iraod_artifacts/comparison/xaf_student_quant_20260908/formal_ports_runs_a39c832/rsar/am_noise_vertical/seed_43/methods/SFUT/eval_full_am_noise_vertical_ids_v1
RSAR,am_noise_vertical,SFUT,44,done,0.233854,266,266,gpu-67,/mnt/shared/zechuan/iraod_artifacts/comparison/xaf_student_quant_20260908/formal_ports_runs_a39c832/rsar/am_noise_vertical/seed_44/methods/SFUT/eval_full_am_noise_vertical_ids_v1
RSAR,am_noise_vertical,DRU,42,done,0.18784,266,266,gpu-67,/mnt/shared/zechuan/iraod_artifacts/comparison/rsar/am_noise_vertical/seed_42/dru20260919/methods/DRU/eval_am_noise_vertical
RSAR,am_noise_vertical,DRU,43,done,0.230067,266,266,gpu-67,/mnt/shared/zechuan/iraod_artifacts/comparison/rsar/am_noise_vertical/seed_43/dru_e1/methods/DRU/eval_full_am_noise_vertical_ids_v1
RSAR,am_noise_vertical,DRU,44,done,0.219339,266,266,gpu-67,/mnt/shared/zechuan/iraod_artifacts/comparison/rsar/am_noise_vertical/seed_44/dru_e1/methods/DRU/eval_full_am_noise_vertical_ids_v1
RSAR,am_noise_vertical,AASFOD,42,done,0.099945,266,266,gpu-138,/home/zechuan/iraod_artifacts/comparison/xaf_student_quant_20260908/aasfod_runs_36c2053/rsar/am_noise_vertical/seed_42/methods/AASFOD/eval_full_am_noise_vertical_ids_v1
RSAR,am_noise_vertical,AASFOD,43,done,0.022826,266,266,gpu-138,/home/zechuan/iraod_artifacts/comparison/xaf_student_quant_20260908/aasfod_runs_36c2053/rsar/am_noise_vertical/seed_43/methods/AASFOD/eval_full_am_noise_vertical_ids_v1
RSAR,am_noise_vertical,AASFOD,44,done,0.03665,266,266,gpu-138,/home/zechuan/iraod_artifacts/comparison/xaf_student_quant_20260908/aasfod_runs_36c2053/rsar/am_noise_vertical/seed_44/methods/AASFOD/eval_full_am_noise_vertical_ids_v1
RSAR,am_noise_vertical,SFYOLO,42,done,0.173051,531,531,gpu-67,/mnt/shared/zechuan/iraod_artifacts/comparison/xaf_student_quant_20260908/sfyolo_runs_84a1aeb/rsar/am_noise_vertical/seed_42/methods/SFYOLO/eval_am_noise_vertical
RSAR,am_noise_vertical,SFYOLO,43,done,0.193496,531,531,gpu-67,/mnt/shared/zechuan/iraod_artifacts/comparison/xaf_student_quant_20260908/sfyolo_runs_84a1aeb/rsar/am_noise_vertical/seed_43/methods/SFYOLO/eval_am_noise_vertical
RSAR,am_noise_vertical,SFYOLO,44,done,0.176263,531,531,gpu-67,/mnt/shared/zechuan/iraod_artifacts/comparison/xaf_student_quant_20260908/sfyolo_runs_84a1aeb/rsar/am_noise_vertical/seed_44/methods/SFYOLO/eval_am_noise_vertical
DIOR,clean,A,42,done,0.2949,,,gpu-67,/mnt/shared/zechuan/iraod_artifacts/comparison/dior/clean/seed_42/0f98a48/methods/A/eval_full_clean_ids_v1
DIOR,clean,B,42,done,0.297,185,185,gpu-67,/mnt/shared/zechuan/iraod_artifacts/comparison/dior/clean/seed_42/0f98a48/methods/B/eval_full_clean
DIOR,clean,B,43,done,0.298842,185,185,gpu-67,/mnt/shared/zechuan/iraod_artifacts/comparison/dior/clean/seed_43/0f98a48/methods/B/eval_full_clean_ids_v1
DIOR,clean,B,44,done,0.298484,185,185,gpu-67,/mnt/shared/zechuan/iraod_artifacts/comparison/dior/clean/seed_44/0f98a48/methods/B/eval_full_clean_ids_v1
DIOR,clean,C,42,done,0.295595,185,185,gpu-67,/mnt/shared/zechuan/iraod_artifacts/comparison/dior/clean/seed_42/0f98a48/methods/C/eval_full_clean
DIOR,clean,C,43,done,0.296804,185,185,gpu-67,/mnt/shared/zechuan/iraod_artifacts/comparison/dior/clean/seed_43/0f98a48/methods/C/eval_full_clean_ids_v1
DIOR,clean,C,44,done,0.297756,185,185,gpu-67,/mnt/shared/zechuan/iraod_artifacts/comparison/dior/clean/seed_44/0f98a48/methods/C/eval_full_clean_ids_v1
DIOR,clean,D,42,done,0.300144,185,185,gpu-67,/mnt/shared/zechuan/iraod_artifacts/comparison/dior/clean/seed_42/0f98a48/methods/D/eval_full_clean
DIOR,clean,D,43,done,0.299413,185,185,gpu-67,/mnt/shared/zechuan/iraod_artifacts/comparison/dior/clean/seed_43/0f98a48/methods/D/eval_full_clean_ids_v1
DIOR,clean,D,44,done,0.298584,185,185,gpu-67,/mnt/shared/zechuan/iraod_artifacts/comparison/dior/clean/seed_44/0f98a48/methods/D/eval_full_clean_ids_v1
DIOR,clean,E,42,done,0.298645,185,185,gpu-67,/mnt/shared/zechuan/iraod_artifacts/comparison/dior/clean/seed_42/0f98a48/methods/E/ddp2/eval_full_clean
DIOR,clean,E,43,done,0.298089,185,185,gpu-67,/mnt/shared/zechuan/iraod_artifacts/comparison/dior/clean/seed_43/0f98a48/methods/E/ddp2/eval_full_clean_ids_v1
DIOR,clean,E,44,done,0.301811,185,185,gpu-67,/mnt/shared/zechuan/iraod_artifacts/comparison/dior/clean/seed_44/0f98a48/methods/E/ddp2/eval_full_clean_ids_v1
DIOR,clean,F,42,done,0.29901,185,185,gpu-67,/mnt/shared/zechuan/iraod_artifacts/comparison/dior/clean/seed_42/0f98a48/methods/F/ddp2/eval_full_clean
DIOR,clean,F,43,done,0.294637,185,185,gpu-67,/mnt/shared/zechuan/iraod_artifacts/comparison/dior/clean/seed_43/0f98a48/methods/F/ddp2/eval_full_clean_ids_v1
DIOR,clean,F,44,done,0.299516,185,185,gpu-67,/mnt/shared/zechuan/iraod_artifacts/comparison/dior/clean/seed_44/0f98a48/methods/F/ddp2/eval_full_clean_ids_v1
DIOR,clean,IRG,42,done,0.297725,185,185,gpu-67,/mnt/shared/zechuan/iraod_artifacts/comparison/xaf_student_quant_20260908/formal_ports_runs_a39c832/dior/clean/seed_42/methods/IRG/eval_full_clean_ids_v1
DIOR,clean,IRG,43,done,0.297447,185,185,gpu-67,/mnt/shared/zechuan/iraod_artifacts/comparison/xaf_student_quant_20260908/formal_ports_runs_a39c832/dior/clean/seed_43/methods/IRG/eval_full_clean_ids_v1
DIOR,clean,IRG,44,done,0.298118,185,185,gpu-67,/mnt/shared/zechuan/iraod_artifacts/comparison/xaf_student_quant_20260908/formal_ports_runs_a39c832/dior/clean/seed_44/methods/IRG/eval_full_clean_ids_v1
DIOR,clean,LPLD,42,done,0.29699,185,185,gpu-67,/mnt/shared/zechuan/iraod_artifacts/comparison/xaf_student_quant_20260908/formal_ports_runs_a39c832/dior/clean/seed_42/methods/LPLD/eval_full_clean_ids_v1
DIOR,clean,LPLD,43,done,0.298798,185,185,gpu-67,/mnt/shared/zechuan/iraod_artifacts/comparison/xaf_student_quant_20260908/formal_ports_runs_a39c832/dior/clean/seed_43/methods/LPLD/eval_full_clean_ids_v1
DIOR,clean,LPLD,44,done,0.3001,185,185,gpu-67,/mnt/shared/zechuan/iraod_artifacts/comparison/xaf_student_quant_20260908/formal_ports_runs_a39c832/dior/clean/seed_44/methods/LPLD/eval_full_clean_ids_v1
DIOR,clean,SFUT,42,done,0.296132,185,185,gpu-67,/mnt/shared/zechuan/iraod_artifacts/comparison/xaf_student_quant_20260908/formal_ports_runs_a39c832/dior/clean/seed_42/methods/SFUT/eval_full_clean_ids_v1
DIOR,clean,SFUT,43,done,0.295941,185,185,gpu-67,/mnt/shared/zechuan/iraod_artifacts/comparison/xaf_student_quant_20260908/formal_ports_runs_a39c832/dior/clean/seed_43/methods/SFUT/eval_full_clean_ids_v1
DIOR,clean,SFUT,44,done,0.295897,185,185,gpu-67,/mnt/shared/zechuan/iraod_artifacts/comparison/xaf_student_quant_20260908/formal_ports_runs_a39c832/dior/clean/seed_44/methods/SFUT/eval_full_clean_ids_v1
DIOR,clean,DRU,42,done,0.293785,185,185,gpu-67,/mnt/shared/zechuan/iraod_artifacts/comparison/dior/clean/seed_42/dru20260919/methods/DRU/eval_full_clean_ids_v1
DIOR,clean,DRU,43,done,0.291308,185,185,gpu-68,/home/zechuan/iraod_jobs/ext_runs_e1/DRU_d17_s43/clean/eval_full_clean_ids_v1
DIOR,clean,DRU,44,done,0.293316,185,185,gpu-68,/home/zechuan/iraod_jobs/ext_runs_e1/DRU_d17_s44/clean/eval_full_clean_ids_v1
DIOR,clean,AASFOD,42,done,0.246269,185,185,gpu-138,/home/zechuan/iraod_artifacts/comparison/xaf_student_quant_20260908/aasfod_runs_36c2053/dior/clean/seed_42/methods/AASFOD/eval_full_clean_ids_v1
DIOR,clean,AASFOD,43,done,0.23993,185,185,gpu-138,/home/zechuan/iraod_artifacts/comparison/xaf_student_quant_20260908/aasfod_runs_36c2053/dior/clean/seed_43/methods/AASFOD/eval_full_clean_ids_v1
DIOR,clean,AASFOD,44,done,0.240132,185,185,gpu-138,/home/zechuan/iraod_artifacts/comparison/xaf_student_quant_20260908/aasfod_runs_36c2053/dior/clean/seed_44/methods/AASFOD/eval_full_clean_ids_v1
DIOR,clean,SFYOLO,42,done,0.296904,369,369,gpu-67,/mnt/shared/zechuan/iraod_artifacts/comparison/xaf_student_quant_20260908/sfyolo_runs_84a1aeb/dior/clean/seed_42/methods/SFYOLO/eval_full_clean_ids_v1
DIOR,clean,SFYOLO,43,done,0.296001,369,369,gpu-67,/mnt/shared/zechuan/iraod_artifacts/comparison/xaf_student_quant_20260908/sfyolo_runs_84a1aeb/dior/clean/seed_43/methods/SFYOLO/eval_full_clean_ids_v1
DIOR,clean,SFYOLO,44,done,0.294724,369,369,gpu-67,/mnt/shared/zechuan/iraod_artifacts/comparison/xaf_student_quant_20260908/sfyolo_runs_84a1aeb/dior/clean/seed_44/methods/SFYOLO/eval_full_clean_ids_v1
DIOR,brightness,A,42,done,0.241684,,,gpu-67,/mnt/shared/zechuan/iraod_artifacts/comparison/dior/brightness/seed_42/0f98a48/methods/A/eval_brightness
DIOR,brightness,B,42,done,0.244656,185,185,gpu-67,/mnt/shared/zechuan/iraod_artifacts/comparison/dior/brightness/seed_42/0f98a48/methods/B/eval_brightness
DIOR,brightness,B,43,done,0.245441,185,185,gpu-67,/mnt/shared/zechuan/iraod_artifacts/comparison/dior/brightness/seed_43/0f98a48/methods/B/eval_full_brightness_ids_v1
DIOR,brightness,B,44,done,0.246485,185,185,gpu-67,/mnt/shared/zechuan/iraod_artifacts/comparison/dior/brightness/seed_44/0f98a48/methods/B/eval_full_brightness_ids_v1
DIOR,brightness,C,42,done,0.247386,185,185,gpu-67,/mnt/shared/zechuan/iraod_artifacts/comparison/dior/brightness/seed_42/0f98a48/methods/C/eval_brightness
DIOR,brightness,C,43,done,0.247345,185,185,gpu-67,/mnt/shared/zechuan/iraod_artifacts/comparison/dior/brightness/seed_43/0f98a48/methods/C/eval_full_brightness_ids_v1
DIOR,brightness,C,44,done,0.247517,185,185,gpu-67,/mnt/shared/zechuan/iraod_artifacts/comparison/dior/brightness/seed_44/0f98a48/methods/C/eval_full_brightness_ids_v1
DIOR,brightness,D,42,done,0.239896,185,185,gpu-67,/mnt/shared/zechuan/iraod_artifacts/comparison/dior/brightness/seed_42/0f98a48/methods/D/eval_brightness
DIOR,brightness,D,43,done,0.24016,185,185,gpu-67,/mnt/shared/zechuan/iraod_artifacts/comparison/dior/brightness/seed_43/0f98a48/methods/D/eval_full_brightness_ids_v1
DIOR,brightness,D,44,done,0.239597,185,185,gpu-67,/mnt/shared/zechuan/iraod_artifacts/comparison/dior/brightness/seed_44/0f98a48/methods/D/eval_full_brightness_ids_v1
DIOR,brightness,E,42,done,0.244786,185,185,gpu-67,/mnt/shared/zechuan/iraod_artifacts/comparison/dior/brightness/seed_42/0f98a48/methods/E/ddp2/eval_full_brightness_ids_v1
DIOR,brightness,E,43,done,0.246586,185,185,gpu-67,/mnt/shared/zechuan/iraod_artifacts/comparison/dior/brightness/seed_43/0f98a48/methods/E/ddp2/eval_full_brightness_ids_v1
DIOR,brightness,E,44,done,0.245222,185,185,gpu-67,/mnt/shared/zechuan/iraod_artifacts/comparison/dior/brightness/seed_44/0f98a48/methods/E/ddp2/eval_full_brightness_ids_v1
DIOR,brightness,F,42,done,0.241894,185,185,gpu-67,/mnt/shared/zechuan/iraod_artifacts/comparison/dior/brightness/seed_42/0f98a48/methods/F/ddp2/eval_full_brightness_ids_v1
DIOR,brightness,F,43,done,0.23891,185,185,gpu-67,/mnt/shared/zechuan/iraod_artifacts/comparison/dior/brightness/seed_43/0f98a48/methods/F/ddp2/eval_full_brightness_ids_v1
DIOR,brightness,F,44,done,0.239426,185,185,gpu-67,/mnt/shared/zechuan/iraod_artifacts/comparison/dior/brightness/seed_44/0f98a48/methods/F/ddp2/eval_full_brightness_ids_v1
DIOR,brightness,IRG,42,done,0.244523,185,185,gpu-67,/mnt/shared/zechuan/iraod_artifacts/comparison/xaf_student_quant_20260908/formal_ports_runs_a39c832/dior/brightness/seed_42/methods/IRG/eval_full_brightness_ids_v1
DIOR,brightness,IRG,43,done,0.243191,185,185,gpu-67,/mnt/shared/zechuan/iraod_artifacts/comparison/xaf_student_quant_20260908/formal_ports_runs_a39c832/dior/brightness/seed_43/methods/IRG/eval_full_brightness_ids_v1
DIOR,brightness,IRG,44,done,0.244961,185,185,gpu-67,/mnt/shared/zechuan/iraod_artifacts/comparison/xaf_student_quant_20260908/formal_ports_runs_a39c832/dior/brightness/seed_44/methods/IRG/eval_full_brightness_ids_v1
DIOR,brightness,LPLD,42,done,0.247487,185,185,gpu-67,/mnt/shared/zechuan/iraod_artifacts/comparison/xaf_student_quant_20260908/formal_ports_runs_a39c832/dior/brightness/seed_42/methods/LPLD/eval_full_brightness_ids_v1
DIOR,brightness,LPLD,43,done,0.248261,185,185,gpu-67,/mnt/shared/zechuan/iraod_artifacts/comparison/xaf_student_quant_20260908/formal_ports_runs_a39c832/dior/brightness/seed_43/methods/LPLD/eval_full_brightness_ids_v1
DIOR,brightness,LPLD,44,done,0.247733,185,185,gpu-67,/mnt/shared/zechuan/iraod_artifacts/comparison/xaf_student_quant_20260908/formal_ports_runs_a39c832/dior/brightness/seed_44/methods/LPLD/eval_full_brightness_ids_v1
DIOR,brightness,SFUT,42,done,0.241814,185,185,gpu-67,/mnt/shared/zechuan/iraod_artifacts/comparison/xaf_student_quant_20260908/formal_ports_runs_a39c832/dior/brightness/seed_42/methods/SFUT/eval_full_brightness_ids_v1
DIOR,brightness,SFUT,43,done,0.241947,185,185,gpu-67,/mnt/shared/zechuan/iraod_artifacts/comparison/xaf_student_quant_20260908/formal_ports_runs_a39c832/dior/brightness/seed_43/methods/SFUT/eval_full_brightness_ids_v1
DIOR,brightness,SFUT,44,done,0.242266,185,185,gpu-67,/mnt/shared/zechuan/iraod_artifacts/comparison/xaf_student_quant_20260908/formal_ports_runs_a39c832/dior/brightness/seed_44/methods/SFUT/eval_full_brightness_ids_v1
DIOR,brightness,DRU,42,done,0.240919,185,185,gpu-67,/mnt/shared/zechuan/iraod_artifacts/comparison/dior/brightness/seed_42/dru20260919/methods/DRU/eval_full_brightness_ids_v1
DIOR,brightness,DRU,43,done,0.237275,185,185,gpu-68,/home/zechuan/iraod_jobs/ext_runs_e1/DRU_d17_s43/brightness/eval_full_brightness_ids_v1
DIOR,brightness,DRU,44,done,0.240142,185,185,gpu-68,/home/zechuan/iraod_jobs/ext_runs_e1/DRU_d17_s44/brightness/eval_full_brightness_ids_v1
DIOR,brightness,AASFOD,42,done,0.20716,185,185,gpu-138,/home/zechuan/iraod_artifacts/comparison/xaf_student_quant_20260908/aasfod_runs_36c2053/dior/brightness/seed_42/methods/AASFOD/eval_full_brightness_ids_v1
DIOR,brightness,AASFOD,43,done,0.21314,185,185,gpu-138,/home/zechuan/iraod_artifacts/comparison/xaf_student_quant_20260908/aasfod_runs_36c2053/dior/brightness/seed_43/methods/AASFOD/eval_full_brightness_ids_v1
DIOR,brightness,AASFOD,44,done,0.205117,185,185,gpu-138,/home/zechuan/iraod_artifacts/comparison/xaf_student_quant_20260908/aasfod_runs_36c2053/dior/brightness/seed_44/methods/AASFOD/eval_full_brightness_ids_v1
DIOR,brightness,SFYOLO,42,done,0.234619,369,369,gpu-67,/mnt/shared/zechuan/iraod_artifacts/comparison/xaf_student_quant_20260908/sfyolo_runs_84a1aeb/dior/brightness/seed_42/methods/SFYOLO/eval_full_brightness_ids_v1
DIOR,brightness,SFYOLO,43,done,0.235907,369,369,gpu-67,/mnt/shared/zechuan/iraod_artifacts/comparison/xaf_student_quant_20260908/sfyolo_runs_84a1aeb/dior/brightness/seed_43/methods/SFYOLO/eval_full_brightness_ids_v1
DIOR,brightness,SFYOLO,44,done,0.235046,369,369,gpu-67,/mnt/shared/zechuan/iraod_artifacts/comparison/xaf_student_quant_20260908/sfyolo_runs_84a1aeb/dior/brightness/seed_44/methods/SFYOLO/eval_full_brightness_ids_v1
DIOR,contrast,A,42,done,0.281603,,,gpu-67,/mnt/shared/zechuan/iraod_artifacts/comparison/dior/contrast/seed_42/0f98a48/methods/A/eval_contrast
DIOR,contrast,B,42,done,0.284567,185,185,gpu-67,/mnt/shared/zechuan/iraod_artifacts/comparison/dior/contrast/seed_42/0f98a48/methods/B/eval_contrast
DIOR,contrast,B,43,done,0.283243,185,185,gpu-67,/mnt/shared/zechuan/iraod_artifacts/comparison/dior/contrast/seed_43/0f98a48/methods/B/eval_full_contrast_ids_v1
DIOR,contrast,B,44,done,0.285495,185,185,gpu-67,/mnt/shared/zechuan/iraod_artifacts/comparison/dior/contrast/seed_44/0f98a48/methods/B/eval_full_contrast_ids_v1
DIOR,contrast,C,42,done,0.284708,185,185,gpu-67,/mnt/shared/zechuan/iraod_artifacts/comparison/dior/contrast/seed_42/0f98a48/methods/C/eval_contrast
DIOR,contrast,C,43,done,0.284781,185,185,gpu-67,/mnt/shared/zechuan/iraod_artifacts/comparison/dior/contrast/seed_43/0f98a48/methods/C/eval_full_contrast_ids_v1
DIOR,contrast,C,44,done,0.284282,185,185,gpu-67,/mnt/shared/zechuan/iraod_artifacts/comparison/dior/contrast/seed_44/0f98a48/methods/C/eval_full_contrast_ids_v1
DIOR,contrast,D,42,done,0.277676,185,185,gpu-67,/mnt/shared/zechuan/iraod_artifacts/comparison/dior/contrast/seed_42/0f98a48/methods/D/eval_contrast
DIOR,contrast,D,43,done,0.281584,185,185,gpu-67,/mnt/shared/zechuan/iraod_artifacts/comparison/dior/contrast/seed_43/0f98a48/methods/D/eval_full_contrast_ids_v1
DIOR,contrast,D,44,done,0.278834,185,185,gpu-67,/mnt/shared/zechuan/iraod_artifacts/comparison/dior/contrast/seed_44/0f98a48/methods/D/eval_full_contrast_ids_v1
DIOR,contrast,E,42,done,0.284682,185,185,gpu-67,/mnt/shared/zechuan/iraod_artifacts/comparison/dior/contrast/seed_42/0f98a48/methods/E/ddp2/eval_full_contrast_ids_v1
DIOR,contrast,E,43,done,0.28527,185,185,gpu-67,/mnt/shared/zechuan/iraod_artifacts/comparison/dior/contrast/seed_43/0f98a48/methods/E/ddp2/eval_full_contrast_ids_v1
DIOR,contrast,E,44,done,0.28487,185,185,gpu-67,/mnt/shared/zechuan/iraod_artifacts/comparison/dior/contrast/seed_44/0f98a48/methods/E/ddp2/eval_full_contrast_ids_v1
DIOR,contrast,F,42,done,0.28242,185,185,gpu-67,/mnt/shared/zechuan/iraod_artifacts/comparison/dior/contrast/seed_42/0f98a48/methods/F/ddp2/eval_full_contrast_ids_v1
DIOR,contrast,F,43,done,0.278806,185,185,gpu-67,/mnt/shared/zechuan/iraod_artifacts/comparison/dior/contrast/seed_43/0f98a48/methods/F/ddp2/eval_full_contrast_ids_v1
DIOR,contrast,F,44,done,0.280101,185,185,gpu-67,/mnt/shared/zechuan/iraod_artifacts/comparison/dior/contrast/seed_44/0f98a48/methods/F/ddp2/eval_full_contrast_ids_v1
DIOR,contrast,IRG,42,done,0.283788,185,185,gpu-67,/mnt/shared/zechuan/iraod_artifacts/comparison/xaf_student_quant_20260908/formal_ports_runs_a39c832/dior/contrast/seed_42/methods/IRG/eval_full_contrast_ids_v1
DIOR,contrast,IRG,43,done,0.283811,185,185,gpu-67,/mnt/shared/zechuan/iraod_artifacts/comparison/xaf_student_quant_20260908/formal_ports_runs_a39c832/dior/contrast/seed_43/methods/IRG/eval_full_contrast_ids_v1
DIOR,contrast,IRG,44,done,0.285134,185,185,gpu-67,/mnt/shared/zechuan/iraod_artifacts/comparison/xaf_student_quant_20260908/formal_ports_runs_a39c832/dior/contrast/seed_44/methods/IRG/eval_full_contrast_ids_v1
DIOR,contrast,LPLD,42,done,0.283768,185,185,gpu-67,/mnt/shared/zechuan/iraod_artifacts/comparison/xaf_student_quant_20260908/formal_ports_runs_a39c832/dior/contrast/seed_42/methods/LPLD/eval_full_contrast_ids_v1
DIOR,contrast,LPLD,43,done,0.286448,185,185,gpu-67,/mnt/shared/zechuan/iraod_artifacts/comparison/xaf_student_quant_20260908/formal_ports_runs_a39c832/dior/contrast/seed_43/methods/LPLD/eval_full_contrast_ids_v1
DIOR,contrast,LPLD,44,done,0.28587,185,185,gpu-67,/mnt/shared/zechuan/iraod_artifacts/comparison/xaf_student_quant_20260908/formal_ports_runs_a39c832/dior/contrast/seed_44/methods/LPLD/eval_full_contrast_ids_v1
DIOR,contrast,SFUT,42,done,0.282698,185,185,gpu-67,/mnt/shared/zechuan/iraod_artifacts/comparison/xaf_student_quant_20260908/formal_ports_runs_a39c832/dior/contrast/seed_42/methods/SFUT/eval_full_contrast_ids_v1
DIOR,contrast,SFUT,43,done,0.282852,185,185,gpu-67,/mnt/shared/zechuan/iraod_artifacts/comparison/xaf_student_quant_20260908/formal_ports_runs_a39c832/dior/contrast/seed_43/methods/SFUT/eval_full_contrast_ids_v1
DIOR,contrast,SFUT,44,done,0.282809,185,185,gpu-67,/mnt/shared/zechuan/iraod_artifacts/comparison/xaf_student_quant_20260908/formal_ports_runs_a39c832/dior/contrast/seed_44/methods/SFUT/eval_full_contrast_ids_v1
DIOR,contrast,DRU,42,done,0.26923,185,185,gpu-67,/mnt/shared/zechuan/iraod_artifacts/comparison/dior/contrast/seed_42/dru20260919/methods/DRU/eval_full_contrast_ids_v1
DIOR,contrast,DRU,43,done,0.268785,185,185,gpu-68,/home/zechuan/iraod_jobs/ext_runs_e1/DRU_d17_s43/contrast/eval_full_contrast_ids_v1
DIOR,contrast,DRU,44,done,0.271984,185,185,gpu-68,/home/zechuan/iraod_jobs/ext_runs_e1/DRU_d17_s44/contrast/eval_full_contrast_ids_v1
DIOR,contrast,AASFOD,42,done,0.223947,185,185,gpu-138,/home/zechuan/iraod_artifacts/comparison/xaf_student_quant_20260908/aasfod_runs_36c2053/dior/contrast/seed_42/methods/AASFOD/eval_full_contrast_ids_v1
DIOR,contrast,AASFOD,43,done,0.233983,185,185,gpu-138,/home/zechuan/iraod_artifacts/comparison/xaf_student_quant_20260908/aasfod_runs_36c2053/dior/contrast/seed_43/methods/AASFOD/eval_full_contrast_ids_v1
DIOR,contrast,AASFOD,44,done,0.238919,185,185,gpu-138,/home/zechuan/iraod_artifacts/comparison/xaf_student_quant_20260908/aasfod_runs_36c2053/dior/contrast/seed_44/methods/AASFOD/eval_full_contrast_ids_v1
DIOR,contrast,SFYOLO,42,done,0.2693,369,369,gpu-67,/mnt/shared/zechuan/iraod_artifacts/comparison/xaf_student_quant_20260908/sfyolo_runs_84a1aeb/dior/contrast/seed_42/methods/SFYOLO/eval_full_contrast_ids_v1
DIOR,contrast,SFYOLO,43,done,0.270102,369,369,gpu-67,/mnt/shared/zechuan/iraod_artifacts/comparison/xaf_student_quant_20260908/sfyolo_runs_84a1aeb/dior/contrast/seed_43/methods/SFYOLO/eval_full_contrast_ids_v1
DIOR,contrast,SFYOLO,44,done,0.268107,369,369,gpu-67,/mnt/shared/zechuan/iraod_artifacts/comparison/xaf_student_quant_20260908/sfyolo_runs_84a1aeb/dior/contrast/seed_44/methods/SFYOLO/eval_full_contrast_ids_v1
DIOR,gaussian_noise,A,42,done,0.090508,,,gpu-67,/mnt/shared/zechuan/iraod_artifacts/comparison/dior/gaussian_noise/seed_42/dru20260919/methods/A/eval_gaussian_noise
DIOR,gaussian_noise,B,42,done,0.088811,185,185,gpu-67,/home/zechuan/iraod_jobs/dior_bf/B/gaussian_noise/eval
DIOR,gaussian_noise,B,43,done,0.087464,185,185,gpu-183,/home/zechuan/iraod_jobs/ext_runs_e1/B_d17_s43/gaussian_noise/eval_full_gaussian_noise_ids_v1
DIOR,gaussian_noise,B,44,done,0.089258,185,185,gpu-67,/home/zechuan/iraod_jobs/ext_runs_e1/B_d17_s44/gaussian_noise/eval_full_gaussian_noise_ids_v1
DIOR,gaussian_noise,C,42,done,0.091381,185,185,gpu-67,/home/zechuan/iraod_jobs/dior_bf/C/gaussian_noise/eval
DIOR,gaussian_noise,C,43,done,0.092092,185,185,gpu-68,/home/zechuan/iraod_jobs/ext_runs_e1/C_d17_s43/gaussian_noise/eval_full_gaussian_noise_ids_v1
DIOR,gaussian_noise,C,44,done,0.090793,185,185,gpu-183,/home/zechuan/iraod_jobs/ext_runs_e1/C_d17_s44/gaussian_noise/eval_full_gaussian_noise_ids_v1
DIOR,gaussian_noise,D,42,done,0.078384,185,185,gpu-67,/home/zechuan/iraod_jobs/dior_bf/D/gaussian_noise/eval
DIOR,gaussian_noise,D,43,done,0.079418,185,185,gpu-67,/home/zechuan/iraod_jobs/ext_runs_e1/D_d17_s43/gaussian_noise/eval_full_gaussian_noise_ids_v1
DIOR,gaussian_noise,D,44,done,0.078782,185,185,gpu-68,/home/zechuan/iraod_jobs/ext_runs_e1/D_d17_s44/gaussian_noise/eval_full_gaussian_noise_ids_v1
DIOR,gaussian_noise,E,42,done,0.088165,185,185,gpu-67,/home/zechuan/iraod_jobs/dior_bf/E/gaussian_noise/eval
DIOR,gaussian_noise,E,43,done,0.090124,185,185,gpu-183,/home/zechuan/iraod_jobs/ext_runs_e1/E_d17_s43/gaussian_noise/eval_full_gaussian_noise_ids_v1
DIOR,gaussian_noise,E,44,done,0.088978,185,185,gpu-183,/home/zechuan/iraod_jobs/ext_runs_e1/E_d17_s44/gaussian_noise/eval_full_gaussian_noise_ids_v1
DIOR,gaussian_noise,F,42,done,0.082842,185,185,gpu-67,/home/zechuan/iraod_jobs/dior_bf/F/gaussian_noise/eval
DIOR,gaussian_noise,F,43,done,0.082367,185,185,gpu-68,/home/zechuan/iraod_jobs/ext_runs_e1/F_d17_s43/gaussian_noise/eval_full_gaussian_noise_ids_v1
DIOR,gaussian_noise,F,44,done,0.079033,185,185,gpu-183,/home/zechuan/iraod_jobs/ext_runs_e1/F_d17_s44/gaussian_noise/eval_full_gaussian_noise_ids_v1
DIOR,gaussian_noise,IRG,42,done,0.090992,185,185,gpu-67,/mnt/shared/zechuan/iraod_artifacts/comparison/xaf_student_quant_20260908/formal_ports_runs_a39c832/dior/gaussian_noise/seed_42/methods/IRG/eval_gaussian_noise
DIOR,gaussian_noise,IRG,43,done,0.092612,185,185,gpu-68,/home/zechuan/iraod_jobs/ext_runs_e1/IRG_d17_s43/gaussian_noise/eval_full_gaussian_noise_ids_v1
DIOR,gaussian_noise,IRG,44,done,0.089909,185,185,gpu-183,/home/zechuan/iraod_jobs/ext_runs_e1/IRG_d17_s44/gaussian_noise/eval_full_gaussian_noise_ids_v1
DIOR,gaussian_noise,LPLD,42,done,0.087206,185,185,gpu-67,/mnt/shared/zechuan/iraod_artifacts/comparison/xaf_student_quant_20260908/formal_ports_runs_a39c832/dior/gaussian_noise/seed_42/methods/LPLD/eval_gaussian_noise
DIOR,gaussian_noise,LPLD,43,done,0.088387,185,185,gpu-68,/home/zechuan/iraod_jobs/ext_runs_e1/LPLD_d17_s43/gaussian_noise/eval_full_gaussian_noise_ids_v1
DIOR,gaussian_noise,LPLD,44,done,0.086591,185,185,gpu-68,/home/zechuan/iraod_jobs/ext_runs_e1/LPLD_d17_s44/gaussian_noise/eval_full_gaussian_noise_ids_v1
DIOR,gaussian_noise,SFUT,42,done,0.089847,185,185,gpu-67,/mnt/shared/zechuan/iraod_artifacts/comparison/xaf_student_quant_20260908/formal_ports_runs_a39c832/dior/gaussian_noise/seed_42/methods/SFUT/eval_gaussian_noise
DIOR,gaussian_noise,SFUT,43,done,0.089487,185,185,gpu-138,/home/zechuan/iraod_jobs/ext_runs_e1/SFUT_d17_s43/gaussian_noise/eval_full_gaussian_noise_ids_v1
DIOR,gaussian_noise,SFUT,44,done,0.089557,185,185,gpu-138,/home/zechuan/iraod_jobs/ext_runs_e1/SFUT_d17_s44/gaussian_noise/eval_full_gaussian_noise_ids_v1
DIOR,gaussian_noise,DRU,42,done,0.073263,185,185,gpu-67,/mnt/shared/zechuan/iraod_artifacts/comparison/dior/gaussian_noise/seed_42/dru20260919/methods/DRU/eval_gaussian_noise
DIOR,gaussian_noise,DRU,43,done,0.076016,185,185,gpu-138,/home/zechuan/iraod_jobs/ext_runs_e1/DRU_d17_s43/gaussian_noise/eval_full_gaussian_noise_ids_v1
DIOR,gaussian_noise,DRU,44,done,0.071824,185,185,gpu-68,/home/zechuan/iraod_jobs/ext_runs_e1/DRU_d17_s44/gaussian_noise/eval_full_gaussian_noise_ids_v1
DIOR,gaussian_noise,AASFOD,42,done,0.072667,185,185,gpu-67,/mnt/shared/zechuan/iraod_artifacts/comparison/xaf_student_quant_20260908/aasfod_runs_36c2053_std/dior/gaussian_noise/seed_42/methods/AASFOD/eval_full_gaussian_noise_ids_v1
DIOR,gaussian_noise,AASFOD,43,done,0.049627,185,185,gpu-67,/mnt/shared/zechuan/iraod_artifacts/comparison/xaf_student_quant_20260908/aasfod_runs_36c2053_std/dior/gaussian_noise/seed_43/methods/AASFOD/eval_full_gaussian_noise_ids_v1
DIOR,gaussian_noise,AASFOD,44,done,0.066894,185,185,gpu-67,/mnt/shared/zechuan/iraod_artifacts/comparison/xaf_student_quant_20260908/aasfod_runs_36c2053_std/dior/gaussian_noise/seed_44/methods/AASFOD/eval_full_gaussian_noise_ids_v1
DIOR,gaussian_noise,SFYOLO,42,done,0.086505,369,369,gpu-67,/mnt/shared/zechuan/iraod_artifacts/comparison/xaf_student_quant_20260908/sfyolo_runs_84a1aeb/dior/gaussian_noise/seed_42/methods/SFYOLO/eval_gaussian_noise
DIOR,gaussian_noise,SFYOLO,43,done,0.086431,369,369,gpu-67,/mnt/shared/zechuan/iraod_artifacts/comparison/xaf_student_quant_20260908/sfyolo_runs_84a1aeb/dior/gaussian_noise/seed_43/methods/SFYOLO/eval_full_gaussian_noise_ids_v1
DIOR,gaussian_noise,SFYOLO,44,done,0.086051,369,369,gpu-67,/mnt/shared/zechuan/iraod_artifacts/comparison/xaf_student_quant_20260908/sfyolo_runs_84a1aeb/dior/gaussian_noise/seed_44/methods/SFYOLO/eval_full_gaussian_noise_ids_v1
DIOR,shot_noise,A,42,done,0.081389,,,gpu-67,/mnt/shared/zechuan/iraod_artifacts/comparison/dior/shot_noise/seed_42/dru20260919/methods/A/eval_shot_noise
DIOR,shot_noise,B,42,done,0.074793,185,185,gpu-67,/home/zechuan/iraod_jobs/dior_bf/B/shot_noise/eval
DIOR,shot_noise,B,43,done,0.079492,185,185,gpu-183,/home/zechuan/iraod_jobs/ext_runs_e1/B_d17_s43/shot_noise/eval_full_shot_noise_ids_v1
DIOR,shot_noise,B,44,done,0.077305,185,185,gpu-67,/home/zechuan/iraod_jobs/ext_runs_e1/B_d17_s44/shot_noise/eval_full_shot_noise_ids_v1
DIOR,shot_noise,C,42,done,0.074776,185,185,gpu-67,/home/zechuan/iraod_jobs/dior_bf/C/shot_noise/eval
DIOR,shot_noise,C,43,done,0.077936,185,185,gpu-68,/home/zechuan/iraod_jobs/ext_runs_e1/C_d17_s43/shot_noise/eval_full_shot_noise_ids_v1
DIOR,shot_noise,C,44,done,0.072121,185,185,gpu-183,/home/zechuan/iraod_jobs/ext_runs_e1/C_d17_s44/shot_noise/eval_full_shot_noise_ids_v1
DIOR,shot_noise,D,42,done,0.066346,185,185,gpu-67,/home/zechuan/iraod_jobs/dior_bf/D/shot_noise/eval
DIOR,shot_noise,D,43,done,0.068529,185,185,gpu-183,/home/zechuan/iraod_jobs/ext_runs_e1/D_d17_s43/shot_noise/eval_full_shot_noise_ids_v1
DIOR,shot_noise,D,44,done,0.069343,185,185,gpu-67,/home/zechuan/iraod_jobs/ext_runs_e1/D_d17_s44/shot_noise/eval_full_shot_noise_ids_v1
DIOR,shot_noise,E,42,done,0.074643,185,185,gpu-67,/home/zechuan/iraod_jobs/dior_bf/E/shot_noise/eval
DIOR,shot_noise,E,43,done,0.078747,185,185,gpu-183,/home/zechuan/iraod_jobs/ext_runs_e1/E_d17_s43/shot_noise/eval_full_shot_noise_ids_v1
DIOR,shot_noise,E,44,done,0.077739,185,185,gpu-68,/home/zechuan/iraod_jobs/ext_runs_e1/E_d17_s44/shot_noise/eval_full_shot_noise_ids_v1
DIOR,shot_noise,F,42,done,0.070843,185,185,gpu-67,/home/zechuan/iraod_jobs/dior_bf/F/shot_noise/eval
DIOR,shot_noise,F,43,done,0.071621,185,185,gpu-67,/home/zechuan/iraod_jobs/ext_runs_e1/F_d17_s43/shot_noise/eval_full_shot_noise_ids_v1
DIOR,shot_noise,F,44,done,0.070936,185,185,gpu-183,/home/zechuan/iraod_jobs/ext_runs_e1/F_d17_s44/shot_noise/eval_full_shot_noise_ids_v1
DIOR,shot_noise,IRG,42,done,0.084217,185,185,gpu-67,/mnt/shared/zechuan/iraod_artifacts/comparison/xaf_student_quant_20260908/formal_ports_runs_a39c832/dior/shot_noise/seed_42/methods/IRG/eval_shot_noise
DIOR,shot_noise,IRG,43,done,0.084434,185,185,gpu-68,/home/zechuan/iraod_jobs/ext_runs_e1/IRG_d17_s43/shot_noise/eval_full_shot_noise_ids_v1
DIOR,shot_noise,IRG,44,done,0.084182,185,185,gpu-183,/home/zechuan/iraod_jobs/ext_runs_e1/IRG_d17_s44/shot_noise/eval_full_shot_noise_ids_v1
DIOR,shot_noise,LPLD,42,done,0.077836,185,185,gpu-67,/mnt/shared/zechuan/iraod_artifacts/comparison/xaf_student_quant_20260908/formal_ports_runs_a39c832/dior/shot_noise/seed_42/methods/LPLD/eval_shot_noise
DIOR,shot_noise,LPLD,43,done,0.08308,185,185,gpu-183,/home/zechuan/iraod_jobs/ext_runs_e1/LPLD_d17_s43/shot_noise/eval_full_shot_noise_ids_v1
DIOR,shot_noise,LPLD,44,done,0.079507,185,185,gpu-68,/home/zechuan/iraod_jobs/ext_runs_e1/LPLD_d17_s44/shot_noise/eval_full_shot_noise_ids_v1
DIOR,shot_noise,SFUT,42,done,0.082682,185,185,gpu-67,/mnt/shared/zechuan/iraod_artifacts/comparison/xaf_student_quant_20260908/formal_ports_runs_a39c832/dior/shot_noise/seed_42/methods/SFUT/eval_shot_noise
DIOR,shot_noise,SFUT,43,done,0.08279,185,185,gpu-68,/home/zechuan/iraod_jobs/ext_runs_e1/SFUT_d17_s43/shot_noise/eval_full_shot_noise_ids_v1
DIOR,shot_noise,SFUT,44,done,0.083797,185,185,gpu-138,/home/zechuan/iraod_jobs/ext_runs_e1/SFUT_d17_s44/shot_noise/eval_full_shot_noise_ids_v1
DIOR,shot_noise,DRU,42,done,0.063743,185,185,gpu-67,/mnt/shared/zechuan/iraod_artifacts/comparison/dior/shot_noise/seed_42/dru20260919/methods/DRU/eval_shot_noise
DIOR,shot_noise,DRU,43,done,0.060697,185,185,gpu-68,/home/zechuan/iraod_jobs/ext_runs_e1/DRU_d17_s43/shot_noise/eval_full_shot_noise_ids_v1
DIOR,shot_noise,DRU,44,done,0.057712,185,185,gpu-68,/home/zechuan/iraod_jobs/ext_runs_e1/DRU_d17_s44/shot_noise/eval_full_shot_noise_ids_v1
DIOR,shot_noise,AASFOD,42,done,0.052593,185,185,gpu-67,/mnt/shared/zechuan/iraod_artifacts/comparison/xaf_student_quant_20260908/aasfod_runs_36c2053_std/dior/shot_noise/seed_42/methods/AASFOD/eval_full_shot_noise_ids_v1
DIOR,shot_noise,AASFOD,43,done,0.062697,185,185,gpu-67,/mnt/shared/zechuan/iraod_artifacts/comparison/xaf_student_quant_20260908/aasfod_runs_36c2053_std/dior/shot_noise/seed_43/methods/AASFOD/eval_full_shot_noise_ids_v1
DIOR,shot_noise,AASFOD,44,done,0.053025,185,185,gpu-67,/mnt/shared/zechuan/iraod_artifacts/comparison/xaf_student_quant_20260908/aasfod_runs_36c2053_std/dior/shot_noise/seed_44/methods/AASFOD/eval_full_shot_noise_ids_v1
DIOR,shot_noise,SFYOLO,42,done,0.08093,369,369,gpu-67,/mnt/shared/zechuan/iraod_artifacts/comparison/xaf_student_quant_20260908/sfyolo_runs_84a1aeb/dior/shot_noise/seed_42/methods/SFYOLO/eval_shot_noise
DIOR,shot_noise,SFYOLO,43,done,0.0834,369,369,gpu-67,/mnt/shared/zechuan/iraod_artifacts/comparison/xaf_student_quant_20260908/sfyolo_runs_84a1aeb/dior/shot_noise/seed_43/methods/SFYOLO/eval_full_shot_noise_ids_v1
DIOR,shot_noise,SFYOLO,44,done,0.081429,369,369,gpu-67,/mnt/shared/zechuan/iraod_artifacts/comparison/xaf_student_quant_20260908/sfyolo_runs_84a1aeb/dior/shot_noise/seed_44/methods/SFYOLO/eval_full_shot_noise_ids_v1
DIOR,impulse_noise,A,42,done,0.098792,,,gpu-67,/mnt/shared/zechuan/iraod_artifacts/comparison/dior/impulse_noise/seed_42/dru20260919/methods/A/eval_impulse_noise
DIOR,impulse_noise,B,42,done,0.094366,185,185,gpu-67,/home/zechuan/iraod_jobs/dior_bf/B/impulse_noise/eval
DIOR,impulse_noise,B,43,done,0.093211,185,185,gpu-183,/home/zechuan/iraod_jobs/ext_runs_e1/B_d17_s43/impulse_noise/eval_full_impulse_noise_ids_v1
DIOR,impulse_noise,B,44,done,0.094184,185,185,gpu-67,/home/zechuan/iraod_jobs/ext_runs_e1/B_d17_s44/impulse_noise/eval_full_impulse_noise_ids_v1
DIOR,impulse_noise,C,42,done,0.093947,185,185,gpu-67,/home/zechuan/iraod_jobs/dior_bf/C/impulse_noise/eval
DIOR,impulse_noise,C,43,done,0.095033,185,185,gpu-68,/home/zechuan/iraod_jobs/ext_runs_e1/C_d17_s43/impulse_noise/eval_full_impulse_noise_ids_v1
DIOR,impulse_noise,C,44,done,0.098085,185,185,gpu-183,/home/zechuan/iraod_jobs/ext_runs_e1/C_d17_s44/impulse_noise/eval_full_impulse_noise_ids_v1
DIOR,impulse_noise,D,42,done,0.084098,185,185,gpu-67,/home/zechuan/iraod_jobs/dior_bf/D/impulse_noise/eval
DIOR,impulse_noise,D,43,done,0.085767,185,185,gpu-183,/home/zechuan/iraod_jobs/ext_runs_e1/D_d17_s43/impulse_noise/eval_full_impulse_noise_ids_v1
DIOR,impulse_noise,D,44,done,0.087518,185,185,gpu-67,/home/zechuan/iraod_jobs/ext_runs_e1/D_d17_s44/impulse_noise/eval_full_impulse_noise_ids_v1
DIOR,impulse_noise,E,42,done,0.094307,185,185,gpu-67,/home/zechuan/iraod_jobs/dior_bf/E/impulse_noise/eval
DIOR,impulse_noise,E,43,done,0.094452,185,185,gpu-68,/home/zechuan/iraod_jobs/ext_runs_e1/E_d17_s43/impulse_noise/eval_full_impulse_noise_ids_v1
DIOR,impulse_noise,E,44,done,0.093615,185,185,gpu-67,/home/zechuan/iraod_jobs/ext_runs_e1/E_d17_s44/impulse_noise/eval_full_impulse_noise_ids_v1
DIOR,impulse_noise,F,42,done,0.091155,185,185,gpu-67,/home/zechuan/iraod_jobs/dior_bf/F/impulse_noise/eval
DIOR,impulse_noise,F,43,done,0.09136,185,185,gpu-183,/home/zechuan/iraod_jobs/ext_runs_e1/F_d17_s43/impulse_noise/eval_full_impulse_noise_ids_v1
DIOR,impulse_noise,F,44,done,0.086419,185,185,gpu-183,/home/zechuan/iraod_jobs/ext_runs_e1/F_d17_s44/impulse_noise/eval_full_impulse_noise_ids_v1
DIOR,impulse_noise,IRG,42,done,0.099186,185,185,gpu-67,/mnt/shared/zechuan/iraod_artifacts/comparison/xaf_student_quant_20260908/formal_ports_runs_a39c832/dior/impulse_noise/seed_42/methods/IRG/eval_impulse_noise
DIOR,impulse_noise,IRG,43,done,0.101128,185,185,gpu-68,/home/zechuan/iraod_jobs/ext_runs_e1/IRG_d17_s43/impulse_noise/eval_full_impulse_noise_ids_v1
DIOR,impulse_noise,IRG,44,done,0.1002,185,185,gpu-183,/home/zechuan/iraod_jobs/ext_runs_e1/IRG_d17_s44/impulse_noise/eval_full_impulse_noise_ids_v1
DIOR,impulse_noise,LPLD,42,done,0.090946,185,185,gpu-67,/mnt/shared/zechuan/iraod_artifacts/comparison/xaf_student_quant_20260908/formal_ports_runs_a39c832/dior/impulse_noise/seed_42/methods/LPLD/eval_impulse_noise
DIOR,impulse_noise,LPLD,43,done,0.091752,185,185,gpu-183,/home/zechuan/iraod_jobs/ext_runs_e1/LPLD_d17_s43/impulse_noise/eval_full_impulse_noise_ids_v1
DIOR,impulse_noise,LPLD,44,done,0.095778,185,185,gpu-138,/home/zechuan/iraod_jobs/ext_runs_e1/LPLD_d17_s44/impulse_noise/eval_full_impulse_noise_ids_v1
DIOR,impulse_noise,SFUT,42,done,0.097142,185,185,gpu-67,/mnt/shared/zechuan/iraod_artifacts/comparison/xaf_student_quant_20260908/formal_ports_runs_a39c832/dior/impulse_noise/seed_42/methods/SFUT/eval_impulse_noise
DIOR,impulse_noise,SFUT,43,done,0.097071,185,185,gpu-68,/home/zechuan/iraod_jobs/ext_runs_e1/SFUT_d17_s43/impulse_noise/eval_full_impulse_noise_ids_v1
DIOR,impulse_noise,SFUT,44,done,0.097038,185,185,gpu-138,/home/zechuan/iraod_jobs/ext_runs_e1/SFUT_d17_s44/impulse_noise/eval_full_impulse_noise_ids_v1
DIOR,impulse_noise,DRU,42,done,0.082861,185,185,gpu-67,/mnt/shared/zechuan/iraod_artifacts/comparison/dior/impulse_noise/seed_42/dru20260919/methods/DRU/eval_impulse_noise
DIOR,impulse_noise,DRU,43,done,0.08473,185,185,gpu-183,/home/zechuan/iraod_jobs/ext_runs_e1/DRU_d17_s43/impulse_noise/eval_full_impulse_noise_ids_v1
DIOR,impulse_noise,DRU,44,done,0.082202,185,185,gpu-68,/home/zechuan/iraod_jobs/ext_runs_e1/DRU_d17_s44/impulse_noise/eval_full_impulse_noise_ids_v1
DIOR,impulse_noise,AASFOD,42,done,0.070544,185,185,gpu-67,/mnt/shared/zechuan/iraod_artifacts/comparison/xaf_student_quant_20260908/aasfod_runs_36c2053_std/dior/impulse_noise/seed_42/methods/AASFOD/eval_full_impulse_noise_ids_v1
DIOR,impulse_noise,AASFOD,43,done,0.072133,185,185,gpu-67,/mnt/shared/zechuan/iraod_artifacts/comparison/xaf_student_quant_20260908/aasfod_runs_36c2053_std/dior/impulse_noise/seed_43/methods/AASFOD/eval_full_impulse_noise_ids_v1
DIOR,impulse_noise,AASFOD,44,done,0.064186,185,185,gpu-67,/mnt/shared/zechuan/iraod_artifacts/comparison/xaf_student_quant_20260908/aasfod_runs_36c2053_std/dior/impulse_noise/seed_44/methods/AASFOD/eval_full_impulse_noise_ids_v1
DIOR,impulse_noise,SFYOLO,42,done,0.099625,369,369,gpu-67,/mnt/shared/zechuan/iraod_artifacts/comparison/xaf_student_quant_20260908/sfyolo_runs_84a1aeb/dior/impulse_noise/seed_42/methods/SFYOLO/eval_impulse_noise
DIOR,impulse_noise,SFYOLO,43,done,0.098496,369,369,gpu-67,/mnt/shared/zechuan/iraod_artifacts/comparison/xaf_student_quant_20260908/sfyolo_runs_84a1aeb/dior/impulse_noise/seed_43/methods/SFYOLO/eval_full_impulse_noise_ids_v1
DIOR,impulse_noise,SFYOLO,44,done,0.099293,369,369,gpu-67,/mnt/shared/zechuan/iraod_artifacts/comparison/xaf_student_quant_20260908/sfyolo_runs_84a1aeb/dior/impulse_noise/seed_44/methods/SFYOLO/eval_full_impulse_noise_ids_v1
DIOR,speckle_noise,A,42,done,0.106221,,,gpu-67,/mnt/shared/zechuan/iraod_artifacts/comparison/dior/speckle_noise/seed_42/dru20260919/methods/A/eval_speckle_noise
DIOR,speckle_noise,B,42,done,0.105979,185,185,gpu-67,/home/zechuan/iraod_jobs/dior_bf/B/speckle_noise/eval
DIOR,speckle_noise,B,43,done,0.107956,185,185,gpu-183,/home/zechuan/iraod_jobs/ext_runs_e1/B_d17_s43/speckle_noise/eval_full_speckle_noise_ids_v1
DIOR,speckle_noise,B,44,done,0.10477,185,185,gpu-67,/home/zechuan/iraod_jobs/ext_runs_e1/B_d17_s44/speckle_noise/eval_full_speckle_noise_ids_v1
DIOR,speckle_noise,C,42,done,0.101062,185,185,gpu-67,/home/zechuan/iraod_jobs/dior_bf/C/speckle_noise/eval
DIOR,speckle_noise,C,43,done,0.105736,185,185,gpu-68,/home/zechuan/iraod_jobs/ext_runs_e1/C_d17_s43/speckle_noise/eval_full_speckle_noise_ids_v1
DIOR,speckle_noise,C,44,done,0.105168,185,185,gpu-183,/home/zechuan/iraod_jobs/ext_runs_e1/C_d17_s44/speckle_noise/eval_full_speckle_noise_ids_v1
DIOR,speckle_noise,D,42,done,0.091943,185,185,gpu-67,/home/zechuan/iraod_jobs/dior_bf/D/speckle_noise/eval
DIOR,speckle_noise,D,43,done,0.099231,185,185,gpu-183,/home/zechuan/iraod_jobs/ext_runs_e1/D_d17_s43/speckle_noise/eval_full_speckle_noise_ids_v1
DIOR,speckle_noise,D,44,done,0.095989,185,185,gpu-67,/home/zechuan/iraod_jobs/ext_runs_e1/D_d17_s44/speckle_noise/eval_full_speckle_noise_ids_v1
DIOR,speckle_noise,E,42,done,0.105081,185,185,gpu-67,/home/zechuan/iraod_jobs/dior_bf/E/speckle_noise/eval
DIOR,speckle_noise,E,43,done,0.101179,185,185,gpu-67,/home/zechuan/iraod_jobs/ext_runs_e1/E_d17_s43/speckle_noise/eval_full_speckle_noise_ids_v1
DIOR,speckle_noise,E,44,done,0.106436,185,185,gpu-183,/home/zechuan/iraod_jobs/ext_runs_e1/E_d17_s44/speckle_noise/eval_full_speckle_noise_ids_v1
DIOR,speckle_noise,F,42,done,0.096926,185,185,gpu-67,/home/zechuan/iraod_jobs/dior_bf/F/speckle_noise/eval
DIOR,speckle_noise,F,43,done,0.0973,185,185,gpu-183,/home/zechuan/iraod_jobs/ext_runs_e1/F_d17_s43/speckle_noise/eval_full_speckle_noise_ids_v1
DIOR,speckle_noise,F,44,done,0.099245,185,185,gpu-68,/home/zechuan/iraod_jobs/ext_runs_e1/F_d17_s44/speckle_noise/eval_full_speckle_noise_ids_v1
DIOR,speckle_noise,IRG,42,done,0.106488,185,185,gpu-67,/mnt/shared/zechuan/iraod_artifacts/comparison/xaf_student_quant_20260908/formal_ports_runs_a39c832/dior/speckle_noise/seed_42/methods/IRG/eval_speckle_noise
DIOR,speckle_noise,IRG,43,done,0.10589,185,185,gpu-68,/home/zechuan/iraod_jobs/ext_runs_e1/IRG_d17_s43/speckle_noise/eval_full_speckle_noise_ids_v1
DIOR,speckle_noise,IRG,44,done,0.104948,185,185,gpu-183,/home/zechuan/iraod_jobs/ext_runs_e1/IRG_d17_s44/speckle_noise/eval_full_speckle_noise_ids_v1
DIOR,speckle_noise,LPLD,42,done,0.101936,185,185,gpu-67,/mnt/shared/zechuan/iraod_artifacts/comparison/xaf_student_quant_20260908/formal_ports_runs_a39c832/dior/speckle_noise/seed_42/methods/LPLD/eval_speckle_noise
DIOR,speckle_noise,LPLD,43,done,0.103004,185,185,gpu-183,/home/zechuan/iraod_jobs/ext_runs_e1/LPLD_d17_s43/speckle_noise/eval_full_speckle_noise_ids_v1
DIOR,speckle_noise,LPLD,44,done,0.104117,185,185,gpu-68,/home/zechuan/iraod_jobs/ext_runs_e1/LPLD_d17_s44/speckle_noise/eval_full_speckle_noise_ids_v1
DIOR,speckle_noise,SFUT,42,done,0.105038,185,185,gpu-67,/mnt/shared/zechuan/iraod_artifacts/comparison/xaf_student_quant_20260908/formal_ports_runs_a39c832/dior/speckle_noise/seed_42/methods/SFUT/eval_speckle_noise
DIOR,speckle_noise,SFUT,43,done,0.10593,185,185,gpu-68,/home/zechuan/iraod_jobs/ext_runs_e1/SFUT_d17_s43/speckle_noise/eval_full_speckle_noise_ids_v1
DIOR,speckle_noise,SFUT,44,done,0.105746,185,185,gpu-138,/home/zechuan/iraod_jobs/ext_runs_e1/SFUT_d17_s44/speckle_noise/eval_full_speckle_noise_ids_v1
DIOR,speckle_noise,DRU,42,done,0.098104,185,185,gpu-67,/mnt/shared/zechuan/iraod_artifacts/comparison/dior/speckle_noise/seed_42/dru20260919/methods/DRU/eval_speckle_noise
DIOR,speckle_noise,DRU,43,done,0.090342,185,185,gpu-138,/home/zechuan/iraod_jobs/ext_runs_e1/DRU_d17_s43/speckle_noise/eval_full_speckle_noise_ids_v1
DIOR,speckle_noise,DRU,44,done,0.087859,185,185,gpu-138,/home/zechuan/iraod_jobs/ext_runs_e1/DRU_d17_s44/speckle_noise/eval_full_speckle_noise_ids_v1
DIOR,speckle_noise,AASFOD,42,done,0.086171,185,185,gpu-67,/mnt/shared/zechuan/iraod_artifacts/comparison/xaf_student_quant_20260908/aasfod_runs_36c2053_std/dior/speckle_noise/seed_42/methods/AASFOD/eval_full_speckle_noise_ids_v1
DIOR,speckle_noise,AASFOD,43,done,0.081405,185,185,gpu-67,/mnt/shared/zechuan/iraod_artifacts/comparison/xaf_student_quant_20260908/aasfod_runs_36c2053_std/dior/speckle_noise/seed_43/methods/AASFOD/eval_full_speckle_noise_ids_v1
DIOR,speckle_noise,AASFOD,44,done,0.06275,185,185,gpu-67,/mnt/shared/zechuan/iraod_artifacts/comparison/xaf_student_quant_20260908/aasfod_runs_36c2053_std/dior/speckle_noise/seed_44/methods/AASFOD/eval_full_speckle_noise_ids_v1
DIOR,speckle_noise,SFYOLO,42,done,0.099922,369,369,gpu-67,/mnt/shared/zechuan/iraod_artifacts/comparison/xaf_student_quant_20260908/sfyolo_runs_84a1aeb/dior/speckle_noise/seed_42/methods/SFYOLO/eval_speckle_noise
DIOR,speckle_noise,SFYOLO,43,done,0.100384,369,369,gpu-67,/mnt/shared/zechuan/iraod_artifacts/comparison/xaf_student_quant_20260908/sfyolo_runs_84a1aeb/dior/speckle_noise/seed_43/methods/SFYOLO/eval_full_speckle_noise_ids_v1
DIOR,speckle_noise,SFYOLO,44,done,0.100336,369,369,gpu-67,/mnt/shared/zechuan/iraod_artifacts/comparison/xaf_student_quant_20260908/sfyolo_runs_84a1aeb/dior/speckle_noise/seed_44/methods/SFYOLO/eval_full_speckle_noise_ids_v1
DIOR,defocus_blur,A,42,done,0.08629,,,gpu-67,/mnt/shared/zechuan/iraod_artifacts/comparison/dior/defocus_blur/seed_42/dru20260919/methods/A/eval_defocus_blur
DIOR,defocus_blur,B,42,done,0.092745,185,185,gpu-67,/home/zechuan/iraod_jobs/dior_bf/B/defocus_blur/eval
DIOR,defocus_blur,B,43,done,0.090414,185,185,gpu-183,/home/zechuan/iraod_jobs/ext_runs_e1/B_d17_s43/defocus_blur/eval_full_defocus_blur_ids_v1
DIOR,defocus_blur,B,44,done,0.091203,185,185,gpu-67,/home/zechuan/iraod_jobs/ext_runs_e1/B_d17_s44/defocus_blur/eval_full_defocus_blur_ids_v1
DIOR,defocus_blur,C,42,done,0.091553,185,185,gpu-67,/home/zechuan/iraod_jobs/dior_bf/C/defocus_blur/eval
DIOR,defocus_blur,C,43,done,0.089091,185,185,gpu-68,/home/zechuan/iraod_jobs/ext_runs_e1/C_d17_s43/defocus_blur/eval_full_defocus_blur_ids_v1
DIOR,defocus_blur,C,44,done,0.092047,185,185,gpu-183,/home/zechuan/iraod_jobs/ext_runs_e1/C_d17_s44/defocus_blur/eval_full_defocus_blur_ids_v1
DIOR,defocus_blur,D,42,done,0.085786,185,185,gpu-67,/home/zechuan/iraod_jobs/dior_bf/D/defocus_blur/eval
DIOR,defocus_blur,D,43,done,0.085207,185,185,gpu-183,/home/zechuan/iraod_jobs/ext_runs_e1/D_d17_s43/defocus_blur/eval_full_defocus_blur_ids_v1
DIOR,defocus_blur,D,44,done,0.085922,185,185,gpu-67,/home/zechuan/iraod_jobs/ext_runs_e1/D_d17_s44/defocus_blur/eval_full_defocus_blur_ids_v1
DIOR,defocus_blur,E,42,done,0.090774,185,185,gpu-67,/home/zechuan/iraod_jobs/dior_bf/E/defocus_blur/eval
DIOR,defocus_blur,E,43,done,0.09263,185,185,gpu-183,/home/zechuan/iraod_jobs/ext_runs_e1/E_d17_s43/defocus_blur/eval_full_defocus_blur_ids_v1
DIOR,defocus_blur,E,44,done,0.090397,185,185,gpu-183,/home/zechuan/iraod_jobs/ext_runs_e1/E_d17_s44/defocus_blur/eval_full_defocus_blur_ids_v1
DIOR,defocus_blur,F,42,done,0.085984,185,185,gpu-67,/home/zechuan/iraod_jobs/dior_bf/F/defocus_blur/eval
DIOR,defocus_blur,F,43,done,0.083395,185,185,gpu-68,/home/zechuan/iraod_jobs/ext_runs_e1/F_d17_s43/defocus_blur/eval_full_defocus_blur_ids_v1
DIOR,defocus_blur,F,44,done,0.087846,185,185,gpu-183,/home/zechuan/iraod_jobs/ext_runs_e1/F_d17_s44/defocus_blur/eval_full_defocus_blur_ids_v1
DIOR,defocus_blur,IRG,42,done,0.095051,185,185,gpu-67,/mnt/shared/zechuan/iraod_artifacts/comparison/xaf_student_quant_20260908/formal_ports_runs_a39c832/dior/defocus_blur/seed_42/methods/IRG/eval_defocus_blur
DIOR,defocus_blur,IRG,43,done,0.090189,185,185,gpu-68,/home/zechuan/iraod_jobs/ext_runs_e1/IRG_d17_s43/defocus_blur/eval_full_defocus_blur_ids_v1
DIOR,defocus_blur,IRG,44,done,0.091831,185,185,gpu-183,/home/zechuan/iraod_jobs/ext_runs_e1/IRG_d17_s44/defocus_blur/eval_full_defocus_blur_ids_v1
DIOR,defocus_blur,LPLD,42,done,0.099227,185,185,gpu-67,/mnt/shared/zechuan/iraod_artifacts/comparison/xaf_student_quant_20260908/formal_ports_runs_a39c832/dior/defocus_blur/seed_42/methods/LPLD/eval_defocus_blur
DIOR,defocus_blur,LPLD,43,done,0.093248,185,185,gpu-183,/home/zechuan/iraod_jobs/ext_runs_e1/LPLD_d17_s43/defocus_blur/eval_full_defocus_blur_ids_v1
DIOR,defocus_blur,LPLD,44,done,0.093763,185,185,gpu-183,/home/zechuan/iraod_jobs/ext_runs_e1/LPLD_d17_s44/defocus_blur/eval_full_defocus_blur_ids_v1
DIOR,defocus_blur,SFUT,42,done,0.090424,185,185,gpu-67,/mnt/shared/zechuan/iraod_artifacts/comparison/xaf_student_quant_20260908/formal_ports_runs_a39c832/dior/defocus_blur/seed_42/methods/SFUT/eval_defocus_blur
DIOR,defocus_blur,SFUT,43,done,0.090699,185,185,gpu-68,/home/zechuan/iraod_jobs/ext_runs_e1/SFUT_d17_s43/defocus_blur/eval_full_defocus_blur_ids_v1
DIOR,defocus_blur,SFUT,44,done,0.090475,185,185,gpu-138,/home/zechuan/iraod_jobs/ext_runs_e1/SFUT_d17_s44/defocus_blur/eval_full_defocus_blur_ids_v1
DIOR,defocus_blur,DRU,42,done,0.108594,185,185,gpu-67,/mnt/shared/zechuan/iraod_artifacts/comparison/dior/defocus_blur/seed_42/dru20260919/methods/DRU/eval_defocus_blur
DIOR,defocus_blur,DRU,43,done,0.094898,185,185,gpu-138,/home/zechuan/iraod_jobs/ext_runs_e1/DRU_d17_s43/defocus_blur/eval_full_defocus_blur_ids_v1
DIOR,defocus_blur,DRU,44,done,0.099,185,185,gpu-68,/home/zechuan/iraod_jobs/ext_runs_e1/DRU_d17_s44/defocus_blur/eval_full_defocus_blur_ids_v1
DIOR,defocus_blur,AASFOD,42,done,0.101455,185,185,gpu-67,/mnt/shared/zechuan/iraod_artifacts/comparison/xaf_student_quant_20260908/aasfod_runs_36c2053_std/dior/defocus_blur/seed_42/methods/AASFOD/eval_full_defocus_blur_ids_v1
DIOR,defocus_blur,AASFOD,43,done,0.095623,185,185,gpu-67,/mnt/shared/zechuan/iraod_artifacts/comparison/xaf_student_quant_20260908/aasfod_runs_36c2053_std/dior/defocus_blur/seed_43/methods/AASFOD/eval_full_defocus_blur_ids_v1
DIOR,defocus_blur,AASFOD,44,done,0.091986,185,185,gpu-67,/mnt/shared/zechuan/iraod_artifacts/comparison/xaf_student_quant_20260908/aasfod_runs_36c2053_std/dior/defocus_blur/seed_44/methods/AASFOD/eval_full_defocus_blur_ids_v1
DIOR,defocus_blur,SFYOLO,42,done,0.098609,369,369,gpu-67,/mnt/shared/zechuan/iraod_artifacts/comparison/xaf_student_quant_20260908/sfyolo_runs_84a1aeb/dior/defocus_blur/seed_42/methods/SFYOLO/eval_defocus_blur
DIOR,defocus_blur,SFYOLO,43,done,0.098645,369,369,gpu-67,/mnt/shared/zechuan/iraod_artifacts/comparison/xaf_student_quant_20260908/sfyolo_runs_84a1aeb/dior/defocus_blur/seed_43/methods/SFYOLO/eval_full_defocus_blur_ids_v1
DIOR,defocus_blur,SFYOLO,44,done,0.099329,369,369,gpu-67,/mnt/shared/zechuan/iraod_artifacts/comparison/xaf_student_quant_20260908/sfyolo_runs_84a1aeb/dior/defocus_blur/seed_44/methods/SFYOLO/eval_full_defocus_blur_ids_v1
DIOR,glass_blur,A,42,done,0.138273,,,gpu-67,/mnt/shared/zechuan/iraod_artifacts/comparison/dior/glass_blur/seed_42/dru20260919/methods/A/eval_glass_blur
DIOR,glass_blur,B,42,done,0.148488,185,185,gpu-67,/home/zechuan/iraod_jobs/dior_bf/B/glass_blur/eval
DIOR,glass_blur,B,43,done,0.15163,185,185,gpu-183,/home/zechuan/iraod_jobs/ext_runs_e1/B_d17_s43/glass_blur/eval_full_glass_blur_ids_v1
DIOR,glass_blur,B,44,done,0.149847,185,185,gpu-67,/home/zechuan/iraod_jobs/ext_runs_e1/B_d17_s44/glass_blur/eval_full_glass_blur_ids_v1
DIOR,glass_blur,C,42,done,0.146526,185,185,gpu-67,/home/zechuan/iraod_jobs/dior_bf/C/glass_blur/eval
DIOR,glass_blur,C,43,done,0.149858,185,185,gpu-68,/home/zechuan/iraod_jobs/ext_runs_e1/C_d17_s43/glass_blur/eval_full_glass_blur_ids_v1
DIOR,glass_blur,C,44,done,0.150983,185,185,gpu-68,/home/zechuan/iraod_jobs/ext_runs_e1/C_d17_s44/glass_blur/eval_full_glass_blur_ids_v1
DIOR,glass_blur,D,42,done,0.142596,185,185,gpu-67,/home/zechuan/iraod_jobs/dior_bf/D/glass_blur/eval
DIOR,glass_blur,D,43,done,0.142303,185,185,gpu-183,/home/zechuan/iraod_jobs/ext_runs_e1/D_d17_s43/glass_blur/eval_full_glass_blur_ids_v1
DIOR,glass_blur,D,44,done,0.142611,185,185,gpu-67,/home/zechuan/iraod_jobs/ext_runs_e1/D_d17_s44/glass_blur/eval_full_glass_blur_ids_v1
DIOR,glass_blur,E,42,done,0.150658,185,185,gpu-67,/home/zechuan/iraod_jobs/dior_bf/E/glass_blur/eval
DIOR,glass_blur,E,43,done,0.146521,185,185,gpu-183,/home/zechuan/iraod_jobs/ext_runs_e1/E_d17_s43/glass_blur/eval_full_glass_blur_ids_v1
DIOR,glass_blur,E,44,done,0.151086,185,185,gpu-68,/home/zechuan/iraod_jobs/ext_runs_e1/E_d17_s44/glass_blur/eval_full_glass_blur_ids_v1
DIOR,glass_blur,F,42,done,0.143265,185,185,gpu-67,/home/zechuan/iraod_jobs/dior_bf/F/glass_blur/eval
DIOR,glass_blur,F,43,done,0.144917,185,185,gpu-67,/home/zechuan/iraod_jobs/ext_runs_e1/F_d17_s43/glass_blur/eval_full_glass_blur_ids_v1
DIOR,glass_blur,F,44,done,0.144114,185,185,gpu-183,/home/zechuan/iraod_jobs/ext_runs_e1/F_d17_s44/glass_blur/eval_full_glass_blur_ids_v1
DIOR,glass_blur,IRG,42,done,0.143276,185,185,gpu-67,/mnt/shared/zechuan/iraod_artifacts/comparison/xaf_student_quant_20260908/formal_ports_runs_a39c832/dior/glass_blur/seed_42/methods/IRG/eval_glass_blur
DIOR,glass_blur,IRG,43,done,0.140527,185,185,gpu-68,/home/zechuan/iraod_jobs/ext_runs_e1/IRG_d17_s43/glass_blur/eval_full_glass_blur_ids_v1
DIOR,glass_blur,IRG,44,done,0.144898,185,185,gpu-183,/home/zechuan/iraod_jobs/ext_runs_e1/IRG_d17_s44/glass_blur/eval_full_glass_blur_ids_v1
DIOR,glass_blur,LPLD,42,done,0.153906,185,185,gpu-67,/mnt/shared/zechuan/iraod_artifacts/comparison/xaf_student_quant_20260908/formal_ports_runs_a39c832/dior/glass_blur/seed_42/methods/LPLD/eval_glass_blur
DIOR,glass_blur,LPLD,43,done,0.14858,185,185,gpu-183,/home/zechuan/iraod_jobs/ext_runs_e1/LPLD_d17_s43/glass_blur/eval_full_glass_blur_ids_v1
DIOR,glass_blur,LPLD,44,done,0.153249,185,185,gpu-138,/home/zechuan/iraod_jobs/ext_runs_e1/LPLD_d17_s44/glass_blur/eval_full_glass_blur_ids_v1
DIOR,glass_blur,SFUT,42,done,0.139743,185,185,gpu-67,/mnt/shared/zechuan/iraod_artifacts/comparison/xaf_student_quant_20260908/formal_ports_runs_a39c832/dior/glass_blur/seed_42/methods/SFUT/eval_glass_blur
DIOR,glass_blur,SFUT,43,done,0.139335,185,185,gpu-68,/home/zechuan/iraod_jobs/ext_runs_e1/SFUT_d17_s43/glass_blur/eval_full_glass_blur_ids_v1
DIOR,glass_blur,SFUT,44,done,0.13961,185,185,gpu-138,/home/zechuan/iraod_jobs/ext_runs_e1/SFUT_d17_s44/glass_blur/eval_full_glass_blur_ids_v1
DIOR,glass_blur,DRU,42,done,0.152722,185,185,gpu-67,/mnt/shared/zechuan/iraod_artifacts/comparison/dior/glass_blur/seed_42/dru20260919/methods/DRU/eval_glass_blur
DIOR,glass_blur,DRU,43,done,0.155709,185,185,gpu-138,/home/zechuan/iraod_jobs/ext_runs_e1/DRU_d17_s43/glass_blur/eval_full_glass_blur_ids_v1
DIOR,glass_blur,DRU,44,done,0.154722,185,185,gpu-183,/home/zechuan/iraod_jobs/ext_runs_e1/DRU_d17_s44/glass_blur/eval_full_glass_blur_ids_v1
DIOR,glass_blur,AASFOD,42,done,0.145947,185,185,gpu-67,/mnt/shared/zechuan/iraod_artifacts/comparison/xaf_student_quant_20260908/aasfod_runs_36c2053_std/dior/glass_blur/seed_42/methods/AASFOD/eval_full_glass_blur_ids_v1
DIOR,glass_blur,AASFOD,43,done,0.145641,185,185,gpu-67,/mnt/shared/zechuan/iraod_artifacts/comparison/xaf_student_quant_20260908/aasfod_runs_36c2053_std/dior/glass_blur/seed_43/methods/AASFOD/eval_full_glass_blur_ids_v1
DIOR,glass_blur,AASFOD,44,done,0.143638,185,185,gpu-67,/mnt/shared/zechuan/iraod_artifacts/comparison/xaf_student_quant_20260908/aasfod_runs_36c2053_std/dior/glass_blur/seed_44/methods/AASFOD/eval_full_glass_blur_ids_v1
DIOR,glass_blur,SFYOLO,42,done,0.156204,369,369,gpu-67,/mnt/shared/zechuan/iraod_artifacts/comparison/xaf_student_quant_20260908/sfyolo_runs_84a1aeb/dior/glass_blur/seed_42/methods/SFYOLO/eval_glass_blur
DIOR,glass_blur,SFYOLO,43,done,0.154836,369,369,gpu-67,/mnt/shared/zechuan/iraod_artifacts/comparison/xaf_student_quant_20260908/sfyolo_runs_84a1aeb/dior/glass_blur/seed_43/methods/SFYOLO/eval_full_glass_blur_ids_v1
DIOR,glass_blur,SFYOLO,44,done,0.156799,369,369,gpu-67,/mnt/shared/zechuan/iraod_artifacts/comparison/xaf_student_quant_20260908/sfyolo_runs_84a1aeb/dior/glass_blur/seed_44/methods/SFYOLO/eval_full_glass_blur_ids_v1
DIOR,motion_blur,A,42,done,0.125332,,,gpu-67,/mnt/shared/zechuan/iraod_artifacts/comparison/dior/motion_blur/seed_42/dru20260919/methods/A/eval_motion_blur
DIOR,motion_blur,B,42,done,0.140799,185,185,gpu-67,/home/zechuan/iraod_jobs/dior_bf/B/motion_blur/eval
DIOR,motion_blur,B,43,done,0.139697,185,185,gpu-183,/home/zechuan/iraod_jobs/ext_runs_e1/B_d17_s43/motion_blur/eval_full_motion_blur_ids_v1
DIOR,motion_blur,B,44,done,0.141537,185,185,gpu-183,/home/zechuan/iraod_jobs/ext_runs_e1/B_d17_s44/motion_blur/eval_full_motion_blur_ids_v1
DIOR,motion_blur,C,42,done,0.136834,185,185,gpu-67,/home/zechuan/iraod_jobs/dior_bf/C/motion_blur/eval
DIOR,motion_blur,C,43,done,0.134127,185,185,gpu-67,/home/zechuan/iraod_jobs/ext_runs_e1/C_d17_s43/motion_blur/eval_full_motion_blur_ids_v1
DIOR,motion_blur,C,44,done,0.137829,185,185,gpu-68,/home/zechuan/iraod_jobs/ext_runs_e1/C_d17_s44/motion_blur/eval_full_motion_blur_ids_v1
DIOR,motion_blur,D,42,done,0.12495,185,185,gpu-67,/home/zechuan/iraod_jobs/dior_bf/D/motion_blur/eval
DIOR,motion_blur,D,43,done,0.125031,185,185,gpu-183,/home/zechuan/iraod_jobs/ext_runs_e1/D_d17_s43/motion_blur/eval_full_motion_blur_ids_v1
DIOR,motion_blur,D,44,done,0.124902,185,185,gpu-67,/home/zechuan/iraod_jobs/ext_runs_e1/D_d17_s44/motion_blur/eval_full_motion_blur_ids_v1
DIOR,motion_blur,E,42,done,0.139644,185,185,gpu-67,/home/zechuan/iraod_jobs/dior_bf/E/motion_blur/eval
DIOR,motion_blur,E,43,done,0.136376,185,185,gpu-68,/home/zechuan/iraod_jobs/ext_runs_e1/E_d17_s43/motion_blur/eval_full_motion_blur_ids_v1
DIOR,motion_blur,E,44,done,0.141399,185,185,gpu-67,/home/zechuan/iraod_jobs/ext_runs_e1/E_d17_s44/motion_blur/eval_full_motion_blur_ids_v1
DIOR,motion_blur,F,42,done,0.124806,185,185,gpu-67,/home/zechuan/iraod_jobs/dior_bf/F/motion_blur/eval
DIOR,motion_blur,F,43,done,0.121195,185,185,gpu-183,/home/zechuan/iraod_jobs/ext_runs_e1/F_d17_s43/motion_blur/eval_full_motion_blur_ids_v1
DIOR,motion_blur,F,44,done,0.132259,185,185,gpu-183,/home/zechuan/iraod_jobs/ext_runs_e1/F_d17_s44/motion_blur/eval_full_motion_blur_ids_v1
DIOR,motion_blur,IRG,42,done,0.129445,185,185,gpu-67,/mnt/shared/zechuan/iraod_artifacts/comparison/xaf_student_quant_20260908/formal_ports_runs_a39c832/dior/motion_blur/seed_42/methods/IRG/eval_motion_blur
DIOR,motion_blur,IRG,43,done,0.133959,185,185,gpu-68,/home/zechuan/iraod_jobs/ext_runs_e1/IRG_d17_s43/motion_blur/eval_full_motion_blur_ids_v1
DIOR,motion_blur,IRG,44,done,0.134577,185,185,gpu-68,/home/zechuan/iraod_jobs/ext_runs_e1/IRG_d17_s44/motion_blur/eval_full_motion_blur_ids_v1
DIOR,motion_blur,LPLD,42,done,0.138693,185,185,gpu-67,/mnt/shared/zechuan/iraod_artifacts/comparison/xaf_student_quant_20260908/formal_ports_runs_a39c832/dior/motion_blur/seed_42/methods/LPLD/eval_motion_blur
DIOR,motion_blur,LPLD,43,done,0.137236,185,185,gpu-183,/home/zechuan/iraod_jobs/ext_runs_e1/LPLD_d17_s43/motion_blur/eval_full_motion_blur_ids_v1
DIOR,motion_blur,LPLD,44,done,0.144739,185,185,gpu-68,/home/zechuan/iraod_jobs/ext_runs_e1/LPLD_d17_s44/motion_blur/eval_full_motion_blur_ids_v1
DIOR,motion_blur,SFUT,42,done,0.128422,185,185,gpu-67,/mnt/shared/zechuan/iraod_artifacts/comparison/xaf_student_quant_20260908/formal_ports_runs_a39c832/dior/motion_blur/seed_42/methods/SFUT/eval_motion_blur
DIOR,motion_blur,SFUT,43,done,0.128835,185,185,gpu-68,/home/zechuan/iraod_jobs/ext_runs_e1/SFUT_d17_s43/motion_blur/eval_full_motion_blur_ids_v1
DIOR,motion_blur,SFUT,44,done,0.12785,185,185,gpu-138,/home/zechuan/iraod_jobs/ext_runs_e1/SFUT_d17_s44/motion_blur/eval_full_motion_blur_ids_v1
DIOR,motion_blur,DRU,42,done,0.145227,185,185,gpu-67,/mnt/shared/zechuan/iraod_artifacts/comparison/dior/motion_blur/seed_42/dru20260919/methods/DRU/eval_motion_blur
DIOR,motion_blur,DRU,43,done,0.144375,185,185,gpu-138,/home/zechuan/iraod_jobs/ext_runs_e1/DRU_d17_s43/motion_blur/eval_full_motion_blur_ids_v1
DIOR,motion_blur,DRU,44,done,0.145075,185,185,gpu-138,/home/zechuan/iraod_jobs/ext_runs_e1/DRU_d17_s44/motion_blur/eval_full_motion_blur_ids_v1
DIOR,motion_blur,AASFOD,42,done,0.141641,185,185,gpu-67,/mnt/shared/zechuan/iraod_artifacts/comparison/xaf_student_quant_20260908/aasfod_runs_36c2053_std/dior/motion_blur/seed_42/methods/AASFOD/eval_full_motion_blur_ids_v1
DIOR,motion_blur,AASFOD,43,done,0.151741,185,185,gpu-67,/mnt/shared/zechuan/iraod_artifacts/comparison/xaf_student_quant_20260908/aasfod_runs_36c2053_std/dior/motion_blur/seed_43/methods/AASFOD/eval_full_motion_blur_ids_v1
DIOR,motion_blur,AASFOD,44,done,0.14627,185,185,gpu-67,/mnt/shared/zechuan/iraod_artifacts/comparison/xaf_student_quant_20260908/aasfod_runs_36c2053_std/dior/motion_blur/seed_44/methods/AASFOD/eval_full_motion_blur_ids_v1
DIOR,motion_blur,SFYOLO,42,done,0.140502,369,369,gpu-67,/mnt/shared/zechuan/iraod_artifacts/comparison/xaf_student_quant_20260908/sfyolo_runs_84a1aeb/dior/motion_blur/seed_42/methods/SFYOLO/eval_motion_blur
DIOR,motion_blur,SFYOLO,43,done,0.14001,369,369,gpu-67,/mnt/shared/zechuan/iraod_artifacts/comparison/xaf_student_quant_20260908/sfyolo_runs_84a1aeb/dior/motion_blur/seed_43/methods/SFYOLO/eval_full_motion_blur_ids_v1
DIOR,motion_blur,SFYOLO,44,done,0.138415,369,369,gpu-67,/mnt/shared/zechuan/iraod_artifacts/comparison/xaf_student_quant_20260908/sfyolo_runs_84a1aeb/dior/motion_blur/seed_44/methods/SFYOLO/eval_full_motion_blur_ids_v1
DIOR,zoom_blur,A,42,done,0.092148,,,gpu-67,/mnt/shared/zechuan/iraod_artifacts/comparison/dior/zoom_blur/seed_42/dru20260919/methods/A/eval_zoom_blur
DIOR,zoom_blur,B,42,done,0.096226,185,185,gpu-67,/home/zechuan/iraod_jobs/dior_bf/B/zoom_blur/eval
DIOR,zoom_blur,B,43,done,0.094008,185,185,gpu-183,/home/zechuan/iraod_jobs/ext_runs_e1/B_d17_s43/zoom_blur/eval_full_zoom_blur_ids_v1
DIOR,zoom_blur,B,44,done,0.095426,185,185,gpu-183,/home/zechuan/iraod_jobs/ext_runs_e1/B_d17_s44/zoom_blur/eval_full_zoom_blur_ids_v1
DIOR,zoom_blur,C,42,done,0.097008,185,185,gpu-67,/home/zechuan/iraod_jobs/dior_bf/C/zoom_blur/eval
DIOR,zoom_blur,C,43,done,0.097528,185,185,gpu-67,/home/zechuan/iraod_jobs/ext_runs_e1/C_d17_s43/zoom_blur/eval_full_zoom_blur_ids_v1
DIOR,zoom_blur,C,44,done,0.096104,185,185,gpu-68,/home/zechuan/iraod_jobs/ext_runs_e1/C_d17_s44/zoom_blur/eval_full_zoom_blur_ids_v1
DIOR,zoom_blur,D,42,done,0.09463,185,185,gpu-67,/home/zechuan/iraod_jobs/dior_bf/D/zoom_blur/eval
DIOR,zoom_blur,D,43,done,0.095768,185,185,gpu-183,/home/zechuan/iraod_jobs/ext_runs_e1/D_d17_s43/zoom_blur/eval_full_zoom_blur_ids_v1
DIOR,zoom_blur,D,44,done,0.094299,185,185,gpu-183,/home/zechuan/iraod_jobs/ext_runs_e1/D_d17_s44/zoom_blur/eval_full_zoom_blur_ids_v1
DIOR,zoom_blur,E,42,done,0.096873,185,185,gpu-67,/home/zechuan/iraod_jobs/dior_bf/E/zoom_blur/eval
DIOR,zoom_blur,E,43,done,0.092514,185,185,gpu-67,/home/zechuan/iraod_jobs/ext_runs_e1/E_d17_s43/zoom_blur/eval_full_zoom_blur_ids_v1
DIOR,zoom_blur,E,44,done,0.095931,185,185,gpu-183,/home/zechuan/iraod_jobs/ext_runs_e1/E_d17_s44/zoom_blur/eval_full_zoom_blur_ids_v1
DIOR,zoom_blur,F,42,done,0.095714,185,185,gpu-67,/home/zechuan/iraod_jobs/dior_bf/F/zoom_blur/eval
DIOR,zoom_blur,F,43,done,0.093781,185,185,gpu-183,/home/zechuan/iraod_jobs/ext_runs_e1/F_d17_s43/zoom_blur/eval_full_zoom_blur_ids_v1
DIOR,zoom_blur,F,44,done,0.093941,185,185,gpu-68,/home/zechuan/iraod_jobs/ext_runs_e1/F_d17_s44/zoom_blur/eval_full_zoom_blur_ids_v1
DIOR,zoom_blur,IRG,42,done,0.096468,185,185,gpu-67,/mnt/shared/zechuan/iraod_artifacts/comparison/xaf_student_quant_20260908/formal_ports_runs_a39c832/dior/zoom_blur/seed_42/methods/IRG/eval_zoom_blur
DIOR,zoom_blur,IRG,43,done,0.096693,185,185,gpu-67,/home/zechuan/iraod_jobs/ext_runs_e1/IRG_d17_s43/zoom_blur/eval_full_zoom_blur_ids_v1
DIOR,zoom_blur,IRG,44,done,0.09744,185,185,gpu-68,/home/zechuan/iraod_jobs/ext_runs_e1/IRG_d17_s44/zoom_blur/eval_full_zoom_blur_ids_v1
DIOR,zoom_blur,LPLD,42,done,0.098346,185,185,gpu-67,/mnt/shared/zechuan/iraod_artifacts/comparison/xaf_student_quant_20260908/formal_ports_runs_a39c832/dior/zoom_blur/seed_42/methods/LPLD/eval_zoom_blur
DIOR,zoom_blur,LPLD,43,done,0.096274,185,185,gpu-183,/home/zechuan/iraod_jobs/ext_runs_e1/LPLD_d17_s43/zoom_blur/eval_full_zoom_blur_ids_v1
DIOR,zoom_blur,LPLD,44,done,0.101166,185,185,gpu-183,/home/zechuan/iraod_jobs/ext_runs_e1/LPLD_d17_s44/zoom_blur/eval_full_zoom_blur_ids_v1
DIOR,zoom_blur,SFUT,42,done,0.093398,185,185,gpu-67,/mnt/shared/zechuan/iraod_artifacts/comparison/xaf_student_quant_20260908/formal_ports_runs_a39c832/dior/zoom_blur/seed_42/methods/SFUT/eval_zoom_blur
DIOR,zoom_blur,SFUT,43,done,0.093508,185,185,gpu-68,/home/zechuan/iraod_jobs/ext_runs_e1/SFUT_d17_s43/zoom_blur/eval_full_zoom_blur_ids_v1
DIOR,zoom_blur,SFUT,44,done,0.091949,185,185,gpu-68,/home/zechuan/iraod_jobs/ext_runs_e1/SFUT_d17_s44/zoom_blur/eval_full_zoom_blur_ids_v1
DIOR,zoom_blur,DRU,42,done,0.097999,185,185,gpu-67,/mnt/shared/zechuan/iraod_artifacts/comparison/dior/zoom_blur/seed_42/dru20260919/methods/DRU/eval_zoom_blur
DIOR,zoom_blur,DRU,43,done,0.099012,185,185,gpu-138,/home/zechuan/iraod_jobs/ext_runs_e1/DRU_d17_s43/zoom_blur/eval_full_zoom_blur_ids_v1
DIOR,zoom_blur,DRU,44,done,0.095997,185,185,gpu-68,/home/zechuan/iraod_jobs/ext_runs_e1/DRU_d17_s44/zoom_blur/eval_full_zoom_blur_ids_v1
DIOR,zoom_blur,AASFOD,42,done,0.100289,185,185,gpu-67,/mnt/shared/zechuan/iraod_artifacts/comparison/xaf_student_quant_20260908/aasfod_runs_36c2053_std/dior/zoom_blur/seed_42/methods/AASFOD/eval_full_zoom_blur_ids_v1
DIOR,zoom_blur,AASFOD,43,done,0.096354,185,185,gpu-67,/mnt/shared/zechuan/iraod_artifacts/comparison/xaf_student_quant_20260908/aasfod_runs_36c2053_std/dior/zoom_blur/seed_43/methods/AASFOD/eval_full_zoom_blur_ids_v1
DIOR,zoom_blur,AASFOD,44,done,0.095823,185,185,gpu-67,/mnt/shared/zechuan/iraod_artifacts/comparison/xaf_student_quant_20260908/aasfod_runs_36c2053_std/dior/zoom_blur/seed_44/methods/AASFOD/eval_full_zoom_blur_ids_v1
DIOR,zoom_blur,SFYOLO,42,done,0.096658,369,369,gpu-67,/mnt/shared/zechuan/iraod_artifacts/comparison/xaf_student_quant_20260908/sfyolo_runs_84a1aeb/dior/zoom_blur/seed_42/methods/SFYOLO/eval_zoom_blur
DIOR,zoom_blur,SFYOLO,43,done,0.096496,369,369,gpu-67,/mnt/shared/zechuan/iraod_artifacts/comparison/xaf_student_quant_20260908/sfyolo_runs_84a1aeb/dior/zoom_blur/seed_43/methods/SFYOLO/eval_full_zoom_blur_ids_v1
DIOR,zoom_blur,SFYOLO,44,done,0.099853,369,369,gpu-67,/mnt/shared/zechuan/iraod_artifacts/comparison/xaf_student_quant_20260908/sfyolo_runs_84a1aeb/dior/zoom_blur/seed_44/methods/SFYOLO/eval_full_zoom_blur_ids_v1
DIOR,gaussian_blur,A,42,done,0.091945,,,gpu-67,/mnt/shared/zechuan/iraod_artifacts/comparison/dior/gaussian_blur/seed_42/dru20260919/methods/A/eval_gaussian_blur
DIOR,gaussian_blur,B,42,done,0.09273,185,185,gpu-67,/home/zechuan/iraod_jobs/dior_bf/B/gaussian_blur/eval
DIOR,gaussian_blur,B,43,done,0.09374,185,185,gpu-183,/home/zechuan/iraod_jobs/ext_runs_e1/B_d17_s43/gaussian_blur/eval_full_gaussian_blur_ids_v1
DIOR,gaussian_blur,B,44,done,0.097233,185,185,gpu-183,/home/zechuan/iraod_jobs/ext_runs_e1/B_d17_s44/gaussian_blur/eval_full_gaussian_blur_ids_v1
DIOR,gaussian_blur,C,42,done,0.093915,185,185,gpu-67,/home/zechuan/iraod_jobs/dior_bf/C/gaussian_blur/eval
DIOR,gaussian_blur,C,43,done,0.093583,185,185,gpu-67,/home/zechuan/iraod_jobs/ext_runs_e1/C_d17_s43/gaussian_blur/eval_full_gaussian_blur_ids_v1
DIOR,gaussian_blur,C,44,done,0.093846,185,185,gpu-68,/home/zechuan/iraod_jobs/ext_runs_e1/C_d17_s44/gaussian_blur/eval_full_gaussian_blur_ids_v1
DIOR,gaussian_blur,D,42,done,0.094649,185,185,gpu-67,/home/zechuan/iraod_jobs/dior_bf/D/gaussian_blur/eval
DIOR,gaussian_blur,D,43,done,0.094768,185,185,gpu-183,/home/zechuan/iraod_jobs/ext_runs_e1/D_d17_s43/gaussian_blur/eval_full_gaussian_blur_ids_v1
DIOR,gaussian_blur,D,44,done,0.093242,185,185,gpu-183,/home/zechuan/iraod_jobs/ext_runs_e1/D_d17_s44/gaussian_blur/eval_full_gaussian_blur_ids_v1
DIOR,gaussian_blur,E,42,done,0.094406,185,185,gpu-67,/home/zechuan/iraod_jobs/dior_bf/E/gaussian_blur/eval
DIOR,gaussian_blur,E,43,done,0.089696,185,185,gpu-183,/home/zechuan/iraod_jobs/ext_runs_e1/E_d17_s43/gaussian_blur/eval_full_gaussian_blur_ids_v1
DIOR,gaussian_blur,E,44,done,0.095478,185,185,gpu-183,/home/zechuan/iraod_jobs/ext_runs_e1/E_d17_s44/gaussian_blur/eval_full_gaussian_blur_ids_v1
DIOR,gaussian_blur,F,42,done,0.094278,185,185,gpu-67,/home/zechuan/iraod_jobs/dior_bf/F/gaussian_blur/eval
DIOR,gaussian_blur,F,43,done,0.093784,185,185,gpu-68,/home/zechuan/iraod_jobs/ext_runs_e1/F_d17_s43/gaussian_blur/eval_full_gaussian_blur_ids_v1
DIOR,gaussian_blur,F,44,done,0.096374,185,185,gpu-183,/home/zechuan/iraod_jobs/ext_runs_e1/F_d17_s44/gaussian_blur/eval_full_gaussian_blur_ids_v1
DIOR,gaussian_blur,IRG,42,done,0.100092,185,185,gpu-67,/mnt/shared/zechuan/iraod_artifacts/comparison/xaf_student_quant_20260908/formal_ports_runs_a39c832/dior/gaussian_blur/seed_42/methods/IRG/eval_gaussian_blur
DIOR,gaussian_blur,IRG,43,done,0.096147,185,185,gpu-67,/home/zechuan/iraod_jobs/ext_runs_e1/IRG_d17_s43/gaussian_blur/eval_full_gaussian_blur_ids_v1
DIOR,gaussian_blur,IRG,44,done,0.097567,185,185,gpu-68,/home/zechuan/iraod_jobs/ext_runs_e1/IRG_d17_s44/gaussian_blur/eval_full_gaussian_blur_ids_v1
DIOR,gaussian_blur,LPLD,42,done,0.099395,185,185,gpu-67,/mnt/shared/zechuan/iraod_artifacts/comparison/xaf_student_quant_20260908/formal_ports_runs_a39c832/dior/gaussian_blur/seed_42/methods/LPLD/eval_gaussian_blur
DIOR,gaussian_blur,LPLD,43,done,0.101448,185,185,gpu-183,/home/zechuan/iraod_jobs/ext_runs_e1/LPLD_d17_s43/gaussian_blur/eval_full_gaussian_blur_ids_v1
DIOR,gaussian_blur,LPLD,44,done,0.099639,185,185,gpu-183,/home/zechuan/iraod_jobs/ext_runs_e1/LPLD_d17_s44/gaussian_blur/eval_full_gaussian_blur_ids_v1
DIOR,gaussian_blur,SFUT,42,done,0.094058,185,185,gpu-67,/mnt/shared/zechuan/iraod_artifacts/comparison/xaf_student_quant_20260908/formal_ports_runs_a39c832/dior/gaussian_blur/seed_42/methods/SFUT/eval_gaussian_blur
DIOR,gaussian_blur,SFUT,43,done,0.094549,185,185,gpu-138,/home/zechuan/iraod_jobs/ext_runs_e1/SFUT_d17_s43/gaussian_blur/eval_full_gaussian_blur_ids_v1
DIOR,gaussian_blur,SFUT,44,done,0.093637,185,185,gpu-68,/home/zechuan/iraod_jobs/ext_runs_e1/SFUT_d17_s44/gaussian_blur/eval_full_gaussian_blur_ids_v1
DIOR,gaussian_blur,DRU,42,done,0.108969,185,185,gpu-67,/mnt/shared/zechuan/iraod_artifacts/comparison/dior/gaussian_blur/seed_42/dru20260919/methods/DRU/eval_gaussian_blur
DIOR,gaussian_blur,DRU,43,done,0.101305,185,185,gpu-138,/home/zechuan/iraod_jobs/ext_runs_e1/DRU_d17_s43/gaussian_blur/eval_full_gaussian_blur_ids_v1
DIOR,gaussian_blur,DRU,44,done,0.101743,185,185,gpu-183,/home/zechuan/iraod_jobs/ext_runs_e1/DRU_d17_s44/gaussian_blur/eval_full_gaussian_blur_ids_v1
DIOR,gaussian_blur,AASFOD,42,done,0.111315,185,185,gpu-67,/mnt/shared/zechuan/iraod_artifacts/comparison/xaf_student_quant_20260908/aasfod_runs_36c2053_std/dior/gaussian_blur/seed_42/methods/AASFOD/eval_full_gaussian_blur_ids_v1
DIOR,gaussian_blur,AASFOD,43,done,0.120512,185,185,gpu-67,/mnt/shared/zechuan/iraod_artifacts/comparison/xaf_student_quant_20260908/aasfod_runs_36c2053_std/dior/gaussian_blur/seed_43/methods/AASFOD/eval_full_gaussian_blur_ids_v1
DIOR,gaussian_blur,AASFOD,44,done,0.095322,185,185,gpu-67,/mnt/shared/zechuan/iraod_artifacts/comparison/xaf_student_quant_20260908/aasfod_runs_36c2053_std/dior/gaussian_blur/seed_44/methods/AASFOD/eval_full_gaussian_blur_ids_v1
DIOR,gaussian_blur,SFYOLO,42,done,0.104929,369,369,gpu-67,/mnt/shared/zechuan/iraod_artifacts/comparison/xaf_student_quant_20260908/sfyolo_runs_84a1aeb/dior/gaussian_blur/seed_42/methods/SFYOLO/eval_gaussian_blur
DIOR,gaussian_blur,SFYOLO,43,done,0.102825,369,369,gpu-67,/mnt/shared/zechuan/iraod_artifacts/comparison/xaf_student_quant_20260908/sfyolo_runs_84a1aeb/dior/gaussian_blur/seed_43/methods/SFYOLO/eval_full_gaussian_blur_ids_v1
DIOR,gaussian_blur,SFYOLO,44,done,0.105497,369,369,gpu-67,/mnt/shared/zechuan/iraod_artifacts/comparison/xaf_student_quant_20260908/sfyolo_runs_84a1aeb/dior/gaussian_blur/seed_44/methods/SFYOLO/eval_full_gaussian_blur_ids_v1
DIOR,snow,A,42,done,0.082706,,,gpu-67,/mnt/shared/zechuan/iraod_artifacts/comparison/dior/snow/seed_42/dru20260919/methods/A/eval_snow
DIOR,snow,B,42,done,0.083876,185,185,gpu-67,/home/zechuan/iraod_jobs/dior_bf/B/snow/eval
DIOR,snow,B,43,done,0.084259,185,185,gpu-183,/home/zechuan/iraod_jobs/ext_runs_e1/B_d17_s43/snow/eval_full_snow_ids_v1
DIOR,snow,B,44,done,0.0847,185,185,gpu-183,/home/zechuan/iraod_jobs/ext_runs_e1/B_d17_s44/snow/eval_full_snow_ids_v1
DIOR,snow,C,42,done,0.08611,185,185,gpu-67,/home/zechuan/iraod_jobs/dior_bf/C/snow/eval
DIOR,snow,C,43,done,0.090207,185,185,gpu-67,/home/zechuan/iraod_jobs/ext_runs_e1/C_d17_s43/snow/eval_full_snow_ids_v1
DIOR,snow,C,44,done,0.086265,185,185,gpu-68,/home/zechuan/iraod_jobs/ext_runs_e1/C_d17_s44/snow/eval_full_snow_ids_v1
DIOR,snow,D,42,done,0.069216,185,185,gpu-67,/home/zechuan/iraod_jobs/dior_bf/D/snow/eval
DIOR,snow,D,43,done,0.069909,185,185,gpu-183,/home/zechuan/iraod_jobs/ext_runs_e1/D_d17_s43/snow/eval_full_snow_ids_v1
DIOR,snow,D,44,done,0.070114,185,185,gpu-183,/home/zechuan/iraod_jobs/ext_runs_e1/D_d17_s44/snow/eval_full_snow_ids_v1
DIOR,snow,E,42,done,0.08561,185,185,gpu-67,/home/zechuan/iraod_jobs/dior_bf/E/snow/eval
DIOR,snow,E,43,done,0.088103,185,185,gpu-183,/home/zechuan/iraod_jobs/ext_runs_e1/E_d17_s43/snow/eval_full_snow_ids_v1
DIOR,snow,E,44,done,0.092431,185,185,gpu-68,/home/zechuan/iraod_jobs/ext_runs_e1/E_d17_s44/snow/eval_full_snow_ids_v1
DIOR,snow,F,42,done,0.07134,185,185,gpu-67,/home/zechuan/iraod_jobs/dior_bf/F/snow/eval
DIOR,snow,F,43,done,0.0711,185,185,gpu-183,/home/zechuan/iraod_jobs/ext_runs_e1/F_d17_s43/snow/eval_full_snow_ids_v1
DIOR,snow,F,44,done,0.06801,185,185,gpu-183,/home/zechuan/iraod_jobs/ext_runs_e1/F_d17_s44/snow/eval_full_snow_ids_v1
DIOR,snow,IRG,42,done,0.08492,185,185,gpu-67,/mnt/shared/zechuan/iraod_artifacts/comparison/xaf_student_quant_20260908/formal_ports_runs_a39c832/dior/snow/seed_42/methods/IRG/eval_snow
DIOR,snow,IRG,43,done,0.084674,185,185,gpu-67,/home/zechuan/iraod_jobs/ext_runs_e1/IRG_d17_s43/snow/eval_full_snow_ids_v1
DIOR,snow,IRG,44,done,0.084805,185,185,gpu-68,/home/zechuan/iraod_jobs/ext_runs_e1/IRG_d17_s44/snow/eval_full_snow_ids_v1
DIOR,snow,LPLD,42,done,0.088908,185,185,gpu-67,/mnt/shared/zechuan/iraod_artifacts/comparison/xaf_student_quant_20260908/formal_ports_runs_a39c832/dior/snow/seed_42/methods/LPLD/eval_snow
DIOR,snow,LPLD,43,done,0.086769,185,185,gpu-183,/home/zechuan/iraod_jobs/ext_runs_e1/LPLD_d17_s43/snow/eval_full_snow_ids_v1
DIOR,snow,LPLD,44,done,0.087088,185,185,gpu-183,/home/zechuan/iraod_jobs/ext_runs_e1/LPLD_d17_s44/snow/eval_full_snow_ids_v1
DIOR,snow,SFUT,42,done,0.08257,185,185,gpu-67,/mnt/shared/zechuan/iraod_artifacts/comparison/xaf_student_quant_20260908/formal_ports_runs_a39c832/dior/snow/seed_42/methods/SFUT/eval_snow
DIOR,snow,SFUT,43,done,0.083427,185,185,gpu-68,/home/zechuan/iraod_jobs/ext_runs_e1/SFUT_d17_s43/snow/eval_full_snow_ids_v1
DIOR,snow,SFUT,44,done,0.083459,185,185,gpu-68,/home/zechuan/iraod_jobs/ext_runs_e1/SFUT_d17_s44/snow/eval_full_snow_ids_v1
DIOR,snow,DRU,42,done,0.085105,185,185,gpu-67,/mnt/shared/zechuan/iraod_artifacts/comparison/dior/snow/seed_42/dru20260919/methods/DRU/eval_snow
DIOR,snow,DRU,43,done,0.080194,185,185,gpu-138,/home/zechuan/iraod_jobs/ext_runs_e1/DRU_d17_s43/snow/eval_full_snow_ids_v1
DIOR,snow,DRU,44,done,0.077705,185,185,gpu-138,/home/zechuan/iraod_jobs/ext_runs_e1/DRU_d17_s44/snow/eval_full_snow_ids_v1
DIOR,snow,AASFOD,42,done,0.075532,185,185,gpu-67,/mnt/shared/zechuan/iraod_artifacts/comparison/xaf_student_quant_20260908/aasfod_runs_36c2053_std/dior/snow/seed_42/methods/AASFOD/eval_full_snow_ids_v1
DIOR,snow,AASFOD,43,done,0.06646,185,185,gpu-67,/mnt/shared/zechuan/iraod_artifacts/comparison/xaf_student_quant_20260908/aasfod_runs_36c2053_std/dior/snow/seed_43/methods/AASFOD/eval_full_snow_ids_v1
DIOR,snow,AASFOD,44,done,0.0717,185,185,gpu-138,/mnt/SSD_4TB/zechuan/iraod_artifacts/comparison/xaf_student_quant_20260908/aasfod_runs_36c2053_std/dior/snow/seed_44/methods/AASFOD/eval_full_snow_ids_v1
DIOR,snow,SFYOLO,42,done,0.084184,369,369,gpu-67,/mnt/shared/zechuan/iraod_artifacts/comparison/xaf_student_quant_20260908/sfyolo_runs_84a1aeb/dior/snow/seed_42/methods/SFYOLO/eval_snow
DIOR,snow,SFYOLO,43,done,0.085199,369,369,gpu-67,/mnt/shared/zechuan/iraod_artifacts/comparison/xaf_student_quant_20260908/sfyolo_runs_84a1aeb/dior/snow/seed_43/methods/SFYOLO/eval_full_snow_ids_v1
DIOR,snow,SFYOLO,44,done,0.084716,369,369,gpu-67,/mnt/shared/zechuan/iraod_artifacts/comparison/xaf_student_quant_20260908/sfyolo_runs_84a1aeb/dior/snow/seed_44/methods/SFYOLO/eval_full_snow_ids_v1
DIOR,frost,A,42,done,0.063233,,,gpu-67,/mnt/shared/zechuan/iraod_artifacts/comparison/dior/frost/seed_42/dru20260919/methods/A/eval_frost
DIOR,frost,B,42,done,0.065747,185,185,gpu-67,/home/zechuan/iraod_jobs/dior_bf/B/frost/eval
DIOR,frost,B,43,done,0.063085,185,185,gpu-68,/home/zechuan/iraod_jobs/ext_runs_e1/B_d17_s43/frost/eval_full_frost_ids_v1
DIOR,frost,B,44,done,0.069116,185,185,gpu-183,/home/zechuan/iraod_jobs/ext_runs_e1/B_d17_s44/frost/eval_full_frost_ids_v1
DIOR,frost,C,42,done,0.059663,185,185,gpu-67,/home/zechuan/iraod_jobs/dior_bf/C/frost/eval
DIOR,frost,C,43,done,0.05996,185,185,gpu-67,/home/zechuan/iraod_jobs/ext_runs_e1/C_d17_s43/frost/eval_full_frost_ids_v1
DIOR,frost,C,44,done,0.061252,185,185,gpu-68,/home/zechuan/iraod_jobs/ext_runs_e1/C_d17_s44/frost/eval_full_frost_ids_v1
DIOR,frost,D,42,done,0.053341,185,185,gpu-67,/home/zechuan/iraod_jobs/dior_bf/D/frost/eval
DIOR,frost,D,43,done,0.053076,185,185,gpu-183,/home/zechuan/iraod_jobs/ext_runs_e1/D_d17_s43/frost/eval_full_frost_ids_v1
DIOR,frost,D,44,done,0.051022,185,185,gpu-183,/home/zechuan/iraod_jobs/ext_runs_e1/D_d17_s44/frost/eval_full_frost_ids_v1
DIOR,frost,E,42,done,0.067641,185,185,gpu-67,/home/zechuan/iraod_jobs/dior_bf/E/frost/eval
DIOR,frost,E,43,done,0.063226,185,185,gpu-68,/home/zechuan/iraod_jobs/ext_runs_e1/E_d17_s43/frost/eval_full_frost_ids_v1
DIOR,frost,E,44,done,0.06571,185,185,gpu-67,/home/zechuan/iraod_jobs/ext_runs_e1/E_d17_s44/frost/eval_full_frost_ids_v1
DIOR,frost,F,42,done,0.056765,185,185,gpu-67,/home/zechuan/iraod_jobs/dior_bf/F/frost/eval
DIOR,frost,F,43,done,0.05297,185,185,gpu-183,/home/zechuan/iraod_jobs/ext_runs_e1/F_d17_s43/frost/eval_full_frost_ids_v1
DIOR,frost,F,44,done,0.055469,185,185,gpu-183,/home/zechuan/iraod_jobs/ext_runs_e1/F_d17_s44/frost/eval_full_frost_ids_v1
DIOR,frost,IRG,42,done,0.067437,185,185,gpu-67,/mnt/shared/zechuan/iraod_artifacts/comparison/xaf_student_quant_20260908/formal_ports_runs_a39c832/dior/frost/seed_42/methods/IRG/eval_frost
DIOR,frost,IRG,43,done,0.064817,185,185,gpu-67,/home/zechuan/iraod_jobs/ext_runs_e1/IRG_d17_s43/frost/eval_full_frost_ids_v1
DIOR,frost,IRG,44,done,0.064034,185,185,gpu-68,/home/zechuan/iraod_jobs/ext_runs_e1/IRG_d17_s44/frost/eval_full_frost_ids_v1
DIOR,frost,LPLD,42,done,0.066131,185,185,gpu-67,/mnt/shared/zechuan/iraod_artifacts/comparison/xaf_student_quant_20260908/formal_ports_runs_a39c832/dior/frost/seed_42/methods/LPLD/eval_frost
DIOR,frost,LPLD,43,done,0.061114,185,185,gpu-183,/home/zechuan/iraod_jobs/ext_runs_e1/LPLD_d17_s43/frost/eval_full_frost_ids_v1
DIOR,frost,LPLD,44,done,0.064632,185,185,gpu-183,/home/zechuan/iraod_jobs/ext_runs_e1/LPLD_d17_s44/frost/eval_full_frost_ids_v1
DIOR,frost,SFUT,42,done,0.062359,185,185,gpu-67,/mnt/shared/zechuan/iraod_artifacts/comparison/xaf_student_quant_20260908/formal_ports_runs_a39c832/dior/frost/seed_42/methods/SFUT/eval_frost
DIOR,frost,SFUT,43,done,0.062284,185,185,gpu-183,/home/zechuan/iraod_jobs/ext_runs_e1/SFUT_d17_s43/frost/eval_full_frost_ids_v1
DIOR,frost,SFUT,44,done,0.063517,185,185,gpu-68,/home/zechuan/iraod_jobs/ext_runs_e1/SFUT_d17_s44/frost/eval_full_frost_ids_v1
DIOR,frost,DRU,42,done,0.05595,185,185,gpu-67,/mnt/shared/zechuan/iraod_artifacts/comparison/dior/frost/seed_42/dru20260919/methods/DRU/eval_frost
DIOR,frost,DRU,43,done,0.058166,185,185,gpu-138,/home/zechuan/iraod_jobs/ext_runs_e1/DRU_d17_s43/frost/eval_full_frost_ids_v1
DIOR,frost,DRU,44,done,0.059428,185,185,gpu-138,/home/zechuan/iraod_jobs/ext_runs_e1/DRU_d17_s44/frost/eval_full_frost_ids_v1
DIOR,frost,AASFOD,42,done,0.041896,185,185,gpu-67,/mnt/shared/zechuan/iraod_artifacts/comparison/xaf_student_quant_20260908/aasfod_runs_36c2053_std/dior/frost/seed_42/methods/AASFOD/eval_full_frost_ids_v1
DIOR,frost,AASFOD,43,done,0.056205,185,185,gpu-67,/mnt/shared/zechuan/iraod_artifacts/comparison/xaf_student_quant_20260908/aasfod_runs_36c2053_std/dior/frost/seed_43/methods/AASFOD/eval_full_frost_ids_v1
DIOR,frost,AASFOD,44,done,0.066155,185,185,gpu-138,/mnt/SSD_4TB/zechuan/iraod_artifacts/comparison/xaf_student_quant_20260908/aasfod_runs_36c2053_std/dior/frost/seed_44/methods/AASFOD/eval_full_frost_ids_v1
DIOR,frost,SFYOLO,42,done,0.065304,369,369,gpu-67,/mnt/shared/zechuan/iraod_artifacts/comparison/xaf_student_quant_20260908/sfyolo_runs_84a1aeb/dior/frost/seed_42/methods/SFYOLO/eval_frost
DIOR,frost,SFYOLO,43,done,0.066201,369,369,gpu-67,/mnt/shared/zechuan/iraod_artifacts/comparison/xaf_student_quant_20260908/sfyolo_runs_84a1aeb/dior/frost/seed_43/methods/SFYOLO/eval_full_frost_ids_v1
DIOR,frost,SFYOLO,44,done,0.063935,369,369,gpu-67,/mnt/shared/zechuan/iraod_artifacts/comparison/xaf_student_quant_20260908/sfyolo_runs_84a1aeb/dior/frost/seed_44/methods/SFYOLO/eval_full_frost_ids_v1
DIOR,fog,A,42,done,0.040053,,,gpu-67,/mnt/shared/zechuan/iraod_artifacts/comparison/dior/fog/seed_42/dru20260919/methods/A/eval_fog
DIOR,fog,B,42,done,0.044344,185,185,gpu-67,/home/zechuan/iraod_jobs/dior_bf/B/fog/eval
DIOR,fog,B,43,done,0.042938,185,185,gpu-68,/home/zechuan/iraod_jobs/ext_runs_e1/B_d17_s43/fog/eval_full_fog_ids_v1
DIOR,fog,B,44,done,0.044803,185,185,gpu-183,/home/zechuan/iraod_jobs/ext_runs_e1/B_d17_s44/fog/eval_full_fog_ids_v1
DIOR,fog,C,42,done,0.044071,185,185,gpu-67,/home/zechuan/iraod_jobs/dior_bf/C/fog/eval
DIOR,fog,C,43,done,0.043908,185,185,gpu-67,/home/zechuan/iraod_jobs/ext_runs_e1/C_d17_s43/fog/eval_full_fog_ids_v1
DIOR,fog,C,44,done,0.04425,185,185,gpu-68,/home/zechuan/iraod_jobs/ext_runs_e1/C_d17_s44/fog/eval_full_fog_ids_v1
DIOR,fog,D,42,done,0.04239,185,185,gpu-67,/home/zechuan/iraod_jobs/dior_bf/D/fog/eval
DIOR,fog,D,43,done,0.042282,185,185,gpu-68,/home/zechuan/iraod_jobs/ext_runs_e1/D_d17_s43/fog/eval_full_fog_ids_v1
DIOR,fog,D,44,done,0.042466,185,185,gpu-183,/home/zechuan/iraod_jobs/ext_runs_e1/D_d17_s44/fog/eval_full_fog_ids_v1
DIOR,fog,E,42,done,0.047704,185,185,gpu-67,/home/zechuan/iraod_jobs/dior_bf/E/fog/eval
DIOR,fog,E,43,done,0.044515,185,185,gpu-67,/home/zechuan/iraod_jobs/ext_runs_e1/E_d17_s43/fog/eval_full_fog_ids_v1
DIOR,fog,E,44,done,0.040967,185,185,gpu-183,/home/zechuan/iraod_jobs/ext_runs_e1/E_d17_s44/fog/eval_full_fog_ids_v1
DIOR,fog,F,42,done,0.045716,185,185,gpu-67,/home/zechuan/iraod_jobs/dior_bf/F/fog/eval
DIOR,fog,F,43,done,0.044085,185,185,gpu-183,/home/zechuan/iraod_jobs/ext_runs_e1/F_d17_s43/fog/eval_full_fog_ids_v1
DIOR,fog,F,44,done,0.043815,185,185,gpu-68,/home/zechuan/iraod_jobs/ext_runs_e1/F_d17_s44/fog/eval_full_fog_ids_v1
DIOR,fog,IRG,42,done,0.041565,185,185,gpu-67,/mnt/shared/zechuan/iraod_artifacts/comparison/xaf_student_quant_20260908/formal_ports_runs_a39c832/dior/fog/seed_42/methods/IRG/eval_fog
DIOR,fog,IRG,43,done,0.04274,185,185,gpu-67,/home/zechuan/iraod_jobs/ext_runs_e1/IRG_d17_s43/fog/eval_full_fog_ids_v1
DIOR,fog,IRG,44,done,0.041744,185,185,gpu-68,/home/zechuan/iraod_jobs/ext_runs_e1/IRG_d17_s44/fog/eval_full_fog_ids_v1
DIOR,fog,LPLD,42,done,0.045996,185,185,gpu-67,/mnt/shared/zechuan/iraod_artifacts/comparison/xaf_student_quant_20260908/formal_ports_runs_a39c832/dior/fog/seed_42/methods/LPLD/eval_fog
DIOR,fog,LPLD,43,done,0.045307,185,185,gpu-183,/home/zechuan/iraod_jobs/ext_runs_e1/LPLD_d17_s43/fog/eval_full_fog_ids_v1
DIOR,fog,LPLD,44,done,0.04401,185,185,gpu-183,/home/zechuan/iraod_jobs/ext_runs_e1/LPLD_d17_s44/fog/eval_full_fog_ids_v1
DIOR,fog,SFUT,42,done,0.040548,185,185,gpu-67,/mnt/shared/zechuan/iraod_artifacts/comparison/xaf_student_quant_20260908/formal_ports_runs_a39c832/dior/fog/seed_42/methods/SFUT/eval_fog
DIOR,fog,SFUT,43,done,0.040536,185,185,gpu-138,/home/zechuan/iraod_jobs/ext_runs_e1/SFUT_d17_s43/fog/eval_full_fog_ids_v1
DIOR,fog,SFUT,44,done,0.040769,185,185,gpu-68,/home/zechuan/iraod_jobs/ext_runs_e1/SFUT_d17_s44/fog/eval_full_fog_ids_v1
DIOR,fog,DRU,42,done,0.048728,185,185,gpu-67,/mnt/shared/zechuan/iraod_artifacts/comparison/dior/fog/seed_42/dru20260919/methods/DRU/eval_fog
DIOR,fog,DRU,43,done,0.045506,185,185,gpu-138,/home/zechuan/iraod_jobs/ext_runs_e1/DRU_d17_s43/fog/eval_full_fog_ids_v1
DIOR,fog,DRU,44,done,0.045648,185,185,gpu-138,/home/zechuan/iraod_jobs/ext_runs_e1/DRU_d17_s44/fog/eval_full_fog_ids_v1
DIOR,fog,AASFOD,42,done,0.037525,185,185,gpu-67,/mnt/shared/zechuan/iraod_artifacts/comparison/xaf_student_quant_20260908/aasfod_runs_36c2053_std/dior/fog/seed_42/methods/AASFOD/eval_full_fog_ids_v1
DIOR,fog,AASFOD,43,done,0.050554,185,185,gpu-67,/mnt/shared/zechuan/iraod_artifacts/comparison/xaf_student_quant_20260908/aasfod_runs_36c2053_std/dior/fog/seed_43/methods/AASFOD/eval_full_fog_ids_v1
DIOR,fog,AASFOD,44,done,0.052191,185,185,gpu-138,/mnt/SSD_4TB/zechuan/iraod_artifacts/comparison/xaf_student_quant_20260908/aasfod_runs_36c2053_std/dior/fog/seed_44/methods/AASFOD/eval_full_fog_ids_v1
DIOR,fog,SFYOLO,42,done,0.045376,369,369,gpu-67,/mnt/shared/zechuan/iraod_artifacts/comparison/xaf_student_quant_20260908/sfyolo_runs_84a1aeb/dior/fog/seed_42/methods/SFYOLO/eval_fog
DIOR,fog,SFYOLO,43,done,0.044266,369,369,gpu-67,/mnt/shared/zechuan/iraod_artifacts/comparison/xaf_student_quant_20260908/sfyolo_runs_84a1aeb/dior/fog/seed_43/methods/SFYOLO/eval_full_fog_ids_v1
DIOR,fog,SFYOLO,44,done,0.04473,369,369,gpu-67,/mnt/shared/zechuan/iraod_artifacts/comparison/xaf_student_quant_20260908/sfyolo_runs_84a1aeb/dior/fog/seed_44/methods/SFYOLO/eval_full_fog_ids_v1
DIOR,spatter,A,42,done,0.199476,,,gpu-67,/mnt/shared/zechuan/iraod_artifacts/comparison/dior/spatter/seed_42/dru20260919/methods/A/eval_spatter
DIOR,spatter,B,42,done,0.199953,185,185,gpu-67,/home/zechuan/iraod_jobs/dior_bf/B/spatter/eval
DIOR,spatter,B,43,done,0.199488,185,185,gpu-68,/home/zechuan/iraod_jobs/ext_runs_e1/B_d17_s43/spatter/eval_full_spatter_ids_v1
DIOR,spatter,B,44,done,0.200924,185,185,gpu-183,/home/zechuan/iraod_jobs/ext_runs_e1/B_d17_s44/spatter/eval_full_spatter_ids_v1
DIOR,spatter,C,42,done,0.198934,185,185,gpu-67,/home/zechuan/iraod_jobs/dior_bf/C/spatter/eval
DIOR,spatter,C,43,done,0.200098,185,185,gpu-183,/home/zechuan/iraod_jobs/ext_runs_e1/C_d17_s43/spatter/eval_full_spatter_ids_v1
DIOR,spatter,C,44,done,0.200013,185,185,gpu-67,/home/zechuan/iraod_jobs/ext_runs_e1/C_d17_s44/spatter/eval_full_spatter_ids_v1
DIOR,spatter,D,42,done,0.181656,185,185,gpu-67,/home/zechuan/iraod_jobs/dior_bf/D/spatter/eval
DIOR,spatter,D,43,done,0.181853,185,185,gpu-68,/home/zechuan/iraod_jobs/ext_runs_e1/D_d17_s43/spatter/eval_full_spatter_ids_v1
DIOR,spatter,D,44,done,0.181542,185,185,gpu-183,/home/zechuan/iraod_jobs/ext_runs_e1/D_d17_s44/spatter/eval_full_spatter_ids_v1
DIOR,spatter,E,42,done,0.199829,185,185,gpu-67,/home/zechuan/iraod_jobs/dior_bf/E/spatter/eval
DIOR,spatter,E,43,done,0.200023,185,185,gpu-183,/home/zechuan/iraod_jobs/ext_runs_e1/E_d17_s43/spatter/eval_full_spatter_ids_v1
DIOR,spatter,E,44,done,0.199562,185,185,gpu-183,/home/zechuan/iraod_jobs/ext_runs_e1/E_d17_s44/spatter/eval_full_spatter_ids_v1
DIOR,spatter,F,42,done,0.184925,185,185,gpu-67,/home/zechuan/iraod_jobs/dior_bf/F/spatter/eval
DIOR,spatter,F,43,done,0.184798,185,185,gpu-68,/home/zechuan/iraod_jobs/ext_runs_e1/F_d17_s43/spatter/eval_full_spatter_ids_v1
DIOR,spatter,F,44,done,0.180978,185,185,gpu-183,/home/zechuan/iraod_jobs/ext_runs_e1/F_d17_s44/spatter/eval_full_spatter_ids_v1
DIOR,spatter,IRG,42,done,0.202307,185,185,gpu-67,/mnt/shared/zechuan/iraod_artifacts/comparison/xaf_student_quant_20260908/formal_ports_runs_a39c832/dior/spatter/seed_42/methods/IRG/eval_spatter
DIOR,spatter,IRG,43,done,0.201672,185,185,gpu-67,/home/zechuan/iraod_jobs/ext_runs_e1/IRG_d17_s43/spatter/eval_full_spatter_ids_v1
DIOR,spatter,IRG,44,done,0.200593,185,185,gpu-68,/home/zechuan/iraod_jobs/ext_runs_e1/IRG_d17_s44/spatter/eval_full_spatter_ids_v1
DIOR,spatter,LPLD,42,done,0.200887,185,185,gpu-67,/mnt/shared/zechuan/iraod_artifacts/comparison/xaf_student_quant_20260908/formal_ports_runs_a39c832/dior/spatter/seed_42/methods/LPLD/eval_spatter
DIOR,spatter,LPLD,43,done,0.203226,185,185,gpu-68,/home/zechuan/iraod_jobs/ext_runs_e1/LPLD_d17_s43/spatter/eval_full_spatter_ids_v1
DIOR,spatter,LPLD,44,done,0.200495,185,185,gpu-183,/home/zechuan/iraod_jobs/ext_runs_e1/LPLD_d17_s44/spatter/eval_full_spatter_ids_v1
DIOR,spatter,SFUT,42,done,0.199438,185,185,gpu-67,/mnt/shared/zechuan/iraod_artifacts/comparison/xaf_student_quant_20260908/formal_ports_runs_a39c832/dior/spatter/seed_42/methods/SFUT/eval_spatter
DIOR,spatter,SFUT,43,done,0.198946,185,185,gpu-68,/home/zechuan/iraod_jobs/ext_runs_e1/SFUT_d17_s43/spatter/eval_full_spatter_ids_v1
DIOR,spatter,SFUT,44,done,0.199208,185,185,gpu-68,/home/zechuan/iraod_jobs/ext_runs_e1/SFUT_d17_s44/spatter/eval_full_spatter_ids_v1
DIOR,spatter,DRU,42,done,0.199691,185,185,gpu-67,/mnt/shared/zechuan/iraod_artifacts/comparison/dior/spatter/seed_42/dru20260919/methods/DRU/eval_spatter
DIOR,spatter,DRU,43,done,0.200036,185,185,gpu-138,/home/zechuan/iraod_jobs/ext_runs_e1/DRU_d17_s43/spatter/eval_full_spatter_ids_v1
DIOR,spatter,DRU,44,done,0.196614,185,185,gpu-138,/home/zechuan/iraod_jobs/ext_runs_e1/DRU_d17_s44/spatter/eval_full_spatter_ids_v1
DIOR,spatter,AASFOD,42,done,0.166316,185,185,gpu-67,/mnt/shared/zechuan/iraod_artifacts/comparison/xaf_student_quant_20260908/aasfod_runs_36c2053_std/dior/spatter/seed_42/methods/AASFOD/eval_full_spatter_ids_v1
DIOR,spatter,AASFOD,43,done,0.151874,185,185,gpu-67,/mnt/shared/zechuan/iraod_artifacts/comparison/xaf_student_quant_20260908/aasfod_runs_36c2053_std/dior/spatter/seed_43/methods/AASFOD/eval_full_spatter_ids_v1
DIOR,spatter,AASFOD,44,done,0.174115,185,185,gpu-138,/mnt/SSD_4TB/zechuan/iraod_artifacts/comparison/xaf_student_quant_20260908/aasfod_runs_36c2053_std/dior/spatter/seed_44/methods/AASFOD/eval_full_spatter_ids_v1
DIOR,spatter,SFYOLO,42,done,0.204932,369,369,gpu-67,/mnt/shared/zechuan/iraod_artifacts/comparison/xaf_student_quant_20260908/sfyolo_runs_84a1aeb/dior/spatter/seed_42/methods/SFYOLO/eval_spatter
DIOR,spatter,SFYOLO,43,done,0.207289,369,369,gpu-67,/mnt/shared/zechuan/iraod_artifacts/comparison/xaf_student_quant_20260908/sfyolo_runs_84a1aeb/dior/spatter/seed_43/methods/SFYOLO/eval_full_spatter_ids_v1
DIOR,spatter,SFYOLO,44,done,0.206381,369,369,gpu-67,/mnt/shared/zechuan/iraod_artifacts/comparison/xaf_student_quant_20260908/sfyolo_runs_84a1aeb/dior/spatter/seed_44/methods/SFYOLO/eval_full_spatter_ids_v1
DIOR,elastic_transform,A,42,done,0.280332,,,gpu-67,/mnt/shared/zechuan/iraod_artifacts/comparison/dior/elastic_transform/seed_42/dru20260919/methods/A/eval_elastic_transform
DIOR,elastic_transform,B,42,done,0.286791,185,185,gpu-67,/home/zechuan/iraod_jobs/dior_bf/B/elastic_transform/eval
DIOR,elastic_transform,B,43,done,0.286304,185,185,gpu-68,/home/zechuan/iraod_jobs/ext_runs_e1/B_d17_s43/elastic_transform/eval_full_elastic_transform_ids_v1
DIOR,elastic_transform,B,44,done,0.284159,185,185,gpu-183,/home/zechuan/iraod_jobs/ext_runs_e1/B_d17_s44/elastic_transform/eval_full_elastic_transform_ids_v1
DIOR,elastic_transform,C,42,done,0.287563,185,185,gpu-67,/home/zechuan/iraod_jobs/dior_bf/C/elastic_transform/eval
DIOR,elastic_transform,C,43,done,0.287037,185,185,gpu-183,/home/zechuan/iraod_jobs/ext_runs_e1/C_d17_s43/elastic_transform/eval_full_elastic_transform_ids_v1
DIOR,elastic_transform,C,44,done,0.286161,185,185,gpu-67,/home/zechuan/iraod_jobs/ext_runs_e1/C_d17_s44/elastic_transform/eval_full_elastic_transform_ids_v1
DIOR,elastic_transform,D,42,done,0.279799,185,185,gpu-67,/home/zechuan/iraod_jobs/dior_bf/D/elastic_transform/eval
DIOR,elastic_transform,D,43,done,0.281694,185,185,gpu-68,/home/zechuan/iraod_jobs/ext_runs_e1/D_d17_s43/elastic_transform/eval_full_elastic_transform_ids_v1
DIOR,elastic_transform,D,44,done,0.279205,185,185,gpu-183,/home/zechuan/iraod_jobs/ext_runs_e1/D_d17_s44/elastic_transform/eval_full_elastic_transform_ids_v1
DIOR,elastic_transform,E,42,done,0.28676,185,185,gpu-67,/home/zechuan/iraod_jobs/dior_bf/E/elastic_transform/eval
DIOR,elastic_transform,E,43,done,0.28328,185,185,gpu-183,/home/zechuan/iraod_jobs/ext_runs_e1/E_d17_s43/elastic_transform/eval_full_elastic_transform_ids_v1
DIOR,elastic_transform,E,44,done,0.282899,185,185,gpu-68,/home/zechuan/iraod_jobs/ext_runs_e1/E_d17_s44/elastic_transform/eval_full_elastic_transform_ids_v1
DIOR,elastic_transform,F,42,done,0.281377,185,185,gpu-67,/home/zechuan/iraod_jobs/dior_bf/F/elastic_transform/eval
DIOR,elastic_transform,F,43,done,0.280532,185,185,gpu-183,/home/zechuan/iraod_jobs/ext_runs_e1/F_d17_s43/elastic_transform/eval_full_elastic_transform_ids_v1
DIOR,elastic_transform,F,44,done,0.280959,185,185,gpu-183,/home/zechuan/iraod_jobs/ext_runs_e1/F_d17_s44/elastic_transform/eval_full_elastic_transform_ids_v1
DIOR,elastic_transform,IRG,42,done,0.286405,185,185,gpu-67,/mnt/shared/zechuan/iraod_artifacts/comparison/xaf_student_quant_20260908/formal_ports_runs_a39c832/dior/elastic_transform/seed_42/methods/IRG/eval_elastic_transform
DIOR,elastic_transform,IRG,43,done,0.286726,185,185,gpu-183,/home/zechuan/iraod_jobs/ext_runs_e1/IRG_d17_s43/elastic_transform/eval_full_elastic_transform_ids_v1
DIOR,elastic_transform,IRG,44,done,0.286678,185,185,gpu-67,/home/zechuan/iraod_jobs/ext_runs_e1/IRG_d17_s44/elastic_transform/eval_full_elastic_transform_ids_v1
DIOR,elastic_transform,LPLD,42,done,0.283362,185,185,gpu-67,/mnt/shared/zechuan/iraod_artifacts/comparison/xaf_student_quant_20260908/formal_ports_runs_a39c832/dior/elastic_transform/seed_42/methods/LPLD/eval_elastic_transform
DIOR,elastic_transform,LPLD,43,done,0.28815,185,185,gpu-68,/home/zechuan/iraod_jobs/ext_runs_e1/LPLD_d17_s43/elastic_transform/eval_full_elastic_transform_ids_v1
DIOR,elastic_transform,LPLD,44,done,0.282241,185,185,gpu-183,/home/zechuan/iraod_jobs/ext_runs_e1/LPLD_d17_s44/elastic_transform/eval_full_elastic_transform_ids_v1
DIOR,elastic_transform,SFUT,42,done,0.283641,185,185,gpu-67,/mnt/shared/zechuan/iraod_artifacts/comparison/xaf_student_quant_20260908/formal_ports_runs_a39c832/dior/elastic_transform/seed_42/methods/SFUT/eval_elastic_transform
DIOR,elastic_transform,SFUT,43,done,0.283452,185,185,gpu-183,/home/zechuan/iraod_jobs/ext_runs_e1/SFUT_d17_s43/elastic_transform/eval_full_elastic_transform_ids_v1
DIOR,elastic_transform,SFUT,44,done,0.283856,185,185,gpu-68,/home/zechuan/iraod_jobs/ext_runs_e1/SFUT_d17_s44/elastic_transform/eval_full_elastic_transform_ids_v1
DIOR,elastic_transform,DRU,42,done,0.283831,185,185,gpu-67,/mnt/shared/zechuan/iraod_artifacts/comparison/dior/elastic_transform/seed_42/dru20260919/methods/DRU/eval_elastic_transform
DIOR,elastic_transform,DRU,43,done,0.278035,185,185,gpu-68,/home/zechuan/iraod_jobs/ext_runs_e1/DRU_d17_s43/elastic_transform/eval_full_elastic_transform_ids_v1
DIOR,elastic_transform,DRU,44,done,0.281538,185,185,gpu-138,/home/zechuan/iraod_jobs/ext_runs_e1/DRU_d17_s44/elastic_transform/eval_full_elastic_transform_ids_v1
DIOR,elastic_transform,AASFOD,42,done,0.238483,185,185,gpu-67,/mnt/shared/zechuan/iraod_artifacts/comparison/xaf_student_quant_20260908/aasfod_runs_36c2053_std/dior/elastic_transform/seed_42/methods/AASFOD/eval_full_elastic_transform_ids_v1
DIOR,elastic_transform,AASFOD,43,done,0.233199,185,185,gpu-67,/mnt/shared/zechuan/iraod_artifacts/comparison/xaf_student_quant_20260908/aasfod_runs_36c2053_std/dior/elastic_transform/seed_43/methods/AASFOD/eval_full_elastic_transform_ids_v1
DIOR,elastic_transform,AASFOD,44,done,0.219937,185,185,gpu-138,/mnt/SSD_4TB/zechuan/iraod_artifacts/comparison/xaf_student_quant_20260908/aasfod_runs_36c2053_std/dior/elastic_transform/seed_44/methods/AASFOD/eval_full_elastic_transform_ids_v1
DIOR,elastic_transform,SFYOLO,42,done,0.286233,369,369,gpu-67,/mnt/shared/zechuan/iraod_artifacts/comparison/xaf_student_quant_20260908/sfyolo_runs_84a1aeb/dior/elastic_transform/seed_42/methods/SFYOLO/eval_elastic_transform
DIOR,elastic_transform,SFYOLO,43,done,0.28383,369,369,gpu-67,/mnt/shared/zechuan/iraod_artifacts/comparison/xaf_student_quant_20260908/sfyolo_runs_84a1aeb/dior/elastic_transform/seed_43/methods/SFYOLO/eval_full_elastic_transform_ids_v1
DIOR,elastic_transform,SFYOLO,44,done,0.286964,369,369,gpu-183,/home/zechuan/iraod_jobs/ext_runs_rerun1/SFYOLO_s44/elastic_transform/eval
DIOR,pixelate,A,42,done,0.265519,,,gpu-67,/mnt/shared/zechuan/iraod_artifacts/comparison/dior/pixelate/seed_42/dru20260919/methods/A/eval_pixelate
DIOR,pixelate,B,42,done,0.267594,185,185,gpu-67,/home/zechuan/iraod_jobs/dior_bf/B/pixelate/eval
DIOR,pixelate,B,43,done,0.269377,185,185,gpu-68,/home/zechuan/iraod_jobs/ext_runs_e1/B_d17_s43/pixelate/eval_full_pixelate_ids_v1
DIOR,pixelate,B,44,done,0.26611,185,185,gpu-183,/home/zechuan/iraod_jobs/ext_runs_e1/B_d17_s44/pixelate/eval_full_pixelate_ids_v1
DIOR,pixelate,C,42,done,0.26789,185,185,gpu-67,/home/zechuan/iraod_jobs/dior_bf/C/pixelate/eval
DIOR,pixelate,C,43,done,0.266479,185,185,gpu-183,/home/zechuan/iraod_jobs/ext_runs_e1/C_d17_s43/pixelate/eval_full_pixelate_ids_v1
DIOR,pixelate,C,44,done,0.265779,185,185,gpu-67,/home/zechuan/iraod_jobs/ext_runs_e1/C_d17_s44/pixelate/eval_full_pixelate_ids_v1
DIOR,pixelate,D,42,done,0.261821,185,185,gpu-67,/home/zechuan/iraod_jobs/dior_bf/D/pixelate/eval
DIOR,pixelate,D,43,done,0.261763,185,185,gpu-68,/home/zechuan/iraod_jobs/ext_runs_e1/D_d17_s43/pixelate/eval_full_pixelate_ids_v1
DIOR,pixelate,D,44,done,0.26116,185,185,gpu-183,/home/zechuan/iraod_jobs/ext_runs_e1/D_d17_s44/pixelate/eval_full_pixelate_ids_v1
DIOR,pixelate,E,42,done,0.265606,185,185,gpu-67,/home/zechuan/iraod_jobs/dior_bf/E/pixelate/eval
DIOR,pixelate,E,43,done,0.267176,185,185,gpu-68,/home/zechuan/iraod_jobs/ext_runs_e1/E_d17_s43/pixelate/eval_full_pixelate_ids_v1
DIOR,pixelate,E,44,done,0.267274,185,185,gpu-67,/home/zechuan/iraod_jobs/ext_runs_e1/E_d17_s44/pixelate/eval_full_pixelate_ids_v1
DIOR,pixelate,F,42,done,0.261404,185,185,gpu-67,/home/zechuan/iraod_jobs/dior_bf/F/pixelate/eval
DIOR,pixelate,F,43,done,0.2588,185,185,gpu-183,/home/zechuan/iraod_jobs/ext_runs_e1/F_d17_s43/pixelate/eval_full_pixelate_ids_v1
DIOR,pixelate,F,44,done,0.262752,185,185,gpu-183,/home/zechuan/iraod_jobs/ext_runs_e1/F_d17_s44/pixelate/eval_full_pixelate_ids_v1
DIOR,pixelate,IRG,42,done,0.265958,185,185,gpu-67,/mnt/shared/zechuan/iraod_artifacts/comparison/xaf_student_quant_20260908/formal_ports_runs_a39c832/dior/pixelate/seed_42/methods/IRG/eval_pixelate
DIOR,pixelate,IRG,43,done,0.268917,185,185,gpu-183,/home/zechuan/iraod_jobs/ext_runs_e1/IRG_d17_s43/pixelate/eval_full_pixelate_ids_v1
DIOR,pixelate,IRG,44,done,0.267069,185,185,gpu-68,/home/zechuan/iraod_jobs/ext_runs_e1/IRG_d17_s44/pixelate/eval_full_pixelate_ids_v1
DIOR,pixelate,LPLD,42,done,0.271131,185,185,gpu-67,/mnt/shared/zechuan/iraod_artifacts/comparison/xaf_student_quant_20260908/formal_ports_runs_a39c832/dior/pixelate/seed_42/methods/LPLD/eval_pixelate
DIOR,pixelate,LPLD,43,done,0.268469,185,185,gpu-68,/home/zechuan/iraod_jobs/ext_runs_e1/LPLD_d17_s43/pixelate/eval_full_pixelate_ids_v1
DIOR,pixelate,LPLD,44,done,0.269132,185,185,gpu-183,/home/zechuan/iraod_jobs/ext_runs_e1/LPLD_d17_s44/pixelate/eval_full_pixelate_ids_v1
DIOR,pixelate,SFUT,42,done,0.266069,185,185,gpu-67,/mnt/shared/zechuan/iraod_artifacts/comparison/xaf_student_quant_20260908/formal_ports_runs_a39c832/dior/pixelate/seed_42/methods/SFUT/eval_pixelate
DIOR,pixelate,SFUT,43,done,0.265075,185,185,gpu-138,/home/zechuan/iraod_jobs/ext_runs_e1/SFUT_d17_s43/pixelate/eval_full_pixelate_ids_v1
DIOR,pixelate,SFUT,44,done,0.265152,185,185,gpu-138,/home/zechuan/iraod_jobs/ext_runs_e1/SFUT_d17_s44/pixelate/eval_full_pixelate_ids_v1
DIOR,pixelate,DRU,42,done,0.26439,185,185,gpu-67,/mnt/shared/zechuan/iraod_artifacts/comparison/dior/pixelate/seed_42/dru20260919/methods/DRU/eval_pixelate
DIOR,pixelate,DRU,43,done,0.264998,185,185,gpu-68,/home/zechuan/iraod_jobs/ext_runs_e1/DRU_d17_s43/pixelate/eval_full_pixelate_ids_v1
DIOR,pixelate,DRU,44,done,0.268028,185,185,gpu-138,/home/zechuan/iraod_jobs/ext_runs_e1/DRU_d17_s44/pixelate/eval_full_pixelate_ids_v1
DIOR,pixelate,AASFOD,42,done,0.227829,185,185,gpu-67,/mnt/shared/zechuan/iraod_artifacts/comparison/xaf_student_quant_20260908/aasfod_runs_36c2053_std/dior/pixelate/seed_42/methods/AASFOD/eval_full_pixelate_ids_v1
DIOR,pixelate,AASFOD,43,done,0.229443,185,185,gpu-67,/mnt/shared/zechuan/iraod_artifacts/comparison/xaf_student_quant_20260908/aasfod_runs_36c2053_std/dior/pixelate/seed_43/methods/AASFOD/eval_full_pixelate_ids_v1
DIOR,pixelate,AASFOD,44,done,0.220014,185,185,gpu-138,/mnt/SSD_4TB/zechuan/iraod_artifacts/comparison/xaf_student_quant_20260908/aasfod_runs_36c2053_std/dior/pixelate/seed_44/methods/AASFOD/eval_full_pixelate_ids_v1
DIOR,pixelate,SFYOLO,42,done,0.270172,369,369,gpu-67,/mnt/shared/zechuan/iraod_artifacts/comparison/xaf_student_quant_20260908/sfyolo_runs_84a1aeb/dior/pixelate/seed_42/methods/SFYOLO/eval_pixelate
DIOR,pixelate,SFYOLO,43,done,0.270591,369,369,gpu-67,/mnt/shared/zechuan/iraod_artifacts/comparison/xaf_student_quant_20260908/sfyolo_runs_84a1aeb/dior/pixelate/seed_43/methods/SFYOLO/eval_full_pixelate_ids_v1
DIOR,pixelate,SFYOLO,44,done,0.270478,369,369,gpu-67,/mnt/shared/zechuan/iraod_artifacts/comparison/xaf_student_quant_20260908/sfyolo_runs_84a1aeb/dior/pixelate/seed_44/methods/SFYOLO/eval_full_pixelate_ids_v1
DIOR,jpeg_compression,A,42,done,0.290625,,,gpu-67,/mnt/shared/zechuan/iraod_artifacts/comparison/dior/jpeg_compression/seed_42/dru20260919/methods/A/eval_jpeg_compression
DIOR,jpeg_compression,B,42,done,0.296229,185,185,gpu-67,/home/zechuan/iraod_jobs/dior_bf/B/jpeg_compression/eval
DIOR,jpeg_compression,B,43,done,0.296785,185,185,gpu-68,/home/zechuan/iraod_jobs/ext_runs_e1/B_d17_s43/jpeg_compression/eval_full_jpeg_compression_ids_v1
DIOR,jpeg_compression,B,44,done,0.29462,185,185,gpu-183,/home/zechuan/iraod_jobs/ext_runs_e1/B_d17_s44/jpeg_compression/eval_full_jpeg_compression_ids_v1
DIOR,jpeg_compression,C,42,done,0.296119,185,185,gpu-67,/home/zechuan/iraod_jobs/dior_bf/C/jpeg_compression/eval
DIOR,jpeg_compression,C,43,done,0.296993,185,185,gpu-183,/home/zechuan/iraod_jobs/ext_runs_e1/C_d17_s43/jpeg_compression/eval_full_jpeg_compression_ids_v1
DIOR,jpeg_compression,C,44,done,0.294081,185,185,gpu-67,/home/zechuan/iraod_jobs/ext_runs_e1/C_d17_s44/jpeg_compression/eval_full_jpeg_compression_ids_v1
DIOR,jpeg_compression,D,42,done,0.287602,185,185,gpu-67,/home/zechuan/iraod_jobs/dior_bf/D/jpeg_compression/eval
DIOR,jpeg_compression,D,43,done,0.287858,185,185,gpu-68,/home/zechuan/iraod_jobs/ext_runs_e1/D_d17_s43/jpeg_compression/eval_full_jpeg_compression_ids_v1
DIOR,jpeg_compression,D,44,done,0.289361,185,185,gpu-183,/home/zechuan/iraod_jobs/ext_runs_e1/D_d17_s44/jpeg_compression/eval_full_jpeg_compression_ids_v1
DIOR,jpeg_compression,E,42,done,0.296634,185,185,gpu-67,/home/zechuan/iraod_jobs/dior_bf/E/jpeg_compression/eval
DIOR,jpeg_compression,E,43,done,0.296347,185,185,gpu-67,/home/zechuan/iraod_jobs/ext_runs_e1/E_d17_s43/jpeg_compression/eval_full_jpeg_compression_ids_v1
DIOR,jpeg_compression,E,44,done,0.29638,185,185,gpu-183,/home/zechuan/iraod_jobs/ext_runs_e1/E_d17_s44/jpeg_compression/eval_full_jpeg_compression_ids_v1
DIOR,jpeg_compression,F,42,done,0.287339,185,185,gpu-67,/home/zechuan/iraod_jobs/dior_bf/F/jpeg_compression/eval
DIOR,jpeg_compression,F,43,done,0.288516,185,185,gpu-183,/home/zechuan/iraod_jobs/ext_runs_e1/F_d17_s43/jpeg_compression/eval_full_jpeg_compression_ids_v1
DIOR,jpeg_compression,F,44,done,0.288426,185,185,gpu-68,/home/zechuan/iraod_jobs/ext_runs_e1/F_d17_s44/jpeg_compression/eval_full_jpeg_compression_ids_v1
DIOR,jpeg_compression,IRG,42,done,0.292332,185,185,gpu-67,/mnt/shared/zechuan/iraod_artifacts/comparison/xaf_student_quant_20260908/formal_ports_runs_a39c832/dior/jpeg_compression/seed_42/methods/IRG/eval_jpeg_compression
DIOR,jpeg_compression,IRG,43,done,0.293557,185,185,gpu-183,/home/zechuan/iraod_jobs/ext_runs_e1/IRG_d17_s43/jpeg_compression/eval_full_jpeg_compression_ids_v1
DIOR,jpeg_compression,IRG,44,done,0.294649,185,185,gpu-183,/home/zechuan/iraod_jobs/ext_runs_e1/IRG_d17_s44/jpeg_compression/eval_full_jpeg_compression_ids_v1
DIOR,jpeg_compression,LPLD,42,done,0.291841,185,185,gpu-67,/mnt/shared/zechuan/iraod_artifacts/comparison/xaf_student_quant_20260908/formal_ports_runs_a39c832/dior/jpeg_compression/seed_42/methods/LPLD/eval_jpeg_compression
DIOR,jpeg_compression,LPLD,43,done,0.291932,185,185,gpu-68,/home/zechuan/iraod_jobs/ext_runs_e1/LPLD_d17_s43/jpeg_compression/eval_full_jpeg_compression_ids_v1
DIOR,jpeg_compression,LPLD,44,done,0.291081,185,185,gpu-183,/home/zechuan/iraod_jobs/ext_runs_e1/LPLD_d17_s44/jpeg_compression/eval_full_jpeg_compression_ids_v1
DIOR,jpeg_compression,SFUT,42,done,0.291743,185,185,gpu-67,/mnt/shared/zechuan/iraod_artifacts/comparison/xaf_student_quant_20260908/formal_ports_runs_a39c832/dior/jpeg_compression/seed_42/methods/SFUT/eval_jpeg_compression
DIOR,jpeg_compression,SFUT,43,done,0.29178,185,185,gpu-138,/home/zechuan/iraod_jobs/ext_runs_e1/SFUT_d17_s43/jpeg_compression/eval_full_jpeg_compression_ids_v1
DIOR,jpeg_compression,SFUT,44,done,0.291348,185,185,gpu-68,/home/zechuan/iraod_jobs/ext_runs_e1/SFUT_d17_s44/jpeg_compression/eval_full_jpeg_compression_ids_v1
DIOR,jpeg_compression,DRU,42,done,0.29113,185,185,gpu-67,/mnt/shared/zechuan/iraod_artifacts/comparison/dior/jpeg_compression/seed_42/dru20260919/methods/DRU/eval_jpeg_compression
DIOR,jpeg_compression,DRU,43,done,0.286982,185,185,gpu-68,/home/zechuan/iraod_jobs/ext_runs_e1/DRU_d17_s43/jpeg_compression/eval_full_jpeg_compression_ids_v1
DIOR,jpeg_compression,DRU,44,done,0.293529,185,185,gpu-138,/home/zechuan/iraod_jobs/ext_runs_e1/DRU_d17_s44/jpeg_compression/eval_full_jpeg_compression_ids_v1
DIOR,jpeg_compression,AASFOD,42,done,0.225671,185,185,gpu-67,/mnt/shared/zechuan/iraod_artifacts/comparison/xaf_student_quant_20260908/aasfod_runs_36c2053_std/dior/jpeg_compression/seed_42/methods/AASFOD/eval_full_jpeg_compression_ids_v1
DIOR,jpeg_compression,AASFOD,43,done,0.244854,185,185,gpu-67,/mnt/shared/zechuan/iraod_artifacts/comparison/xaf_student_quant_20260908/aasfod_runs_36c2053_std/dior/jpeg_compression/seed_43/methods/AASFOD/eval_full_jpeg_compression_ids_v1
DIOR,jpeg_compression,AASFOD,44,done,0.241788,185,185,gpu-138,/mnt/SSD_4TB/zechuan/iraod_artifacts/comparison/xaf_student_quant_20260908/aasfod_runs_36c2053_std/dior/jpeg_compression/seed_44/methods/AASFOD/eval_full_jpeg_compression_ids_v1
DIOR,jpeg_compression,SFYOLO,42,done,0.292082,369,369,gpu-67,/mnt/shared/zechuan/iraod_artifacts/comparison/xaf_student_quant_20260908/sfyolo_runs_84a1aeb/dior/jpeg_compression/seed_42/methods/SFYOLO/eval_jpeg_compression
DIOR,jpeg_compression,SFYOLO,43,done,0.293106,369,369,gpu-67,/mnt/shared/zechuan/iraod_artifacts/comparison/xaf_student_quant_20260908/sfyolo_runs_84a1aeb/dior/jpeg_compression/seed_43/methods/SFYOLO/eval_full_jpeg_compression_ids_v1
DIOR,jpeg_compression,SFYOLO,44,done,0.293985,369,369,gpu-67,/mnt/shared/zechuan/iraod_artifacts/comparison/xaf_student_quant_20260908/sfyolo_runs_84a1aeb/dior/jpeg_compression/seed_44/methods/SFYOLO/eval_full_jpeg_compression_ids_v1
DIOR,saturate,A,42,done,0.263659,,,gpu-67,/mnt/shared/zechuan/iraod_artifacts/comparison/dior/saturate/seed_42/dru20260919/methods/A/eval_saturate
DIOR,saturate,B,42,done,0.268325,185,185,gpu-67,/home/zechuan/iraod_jobs/dior_bf/B/saturate/eval
DIOR,saturate,B,43,done,0.268522,185,185,gpu-68,/home/zechuan/iraod_jobs/ext_runs_e1/B_d17_s43/saturate/eval_full_saturate_ids_v1
DIOR,saturate,B,44,done,0.266231,185,185,gpu-68,/home/zechuan/iraod_jobs/ext_runs_e1/B_d17_s44/saturate/eval_full_saturate_ids_v1
DIOR,saturate,C,42,done,0.269271,185,185,gpu-67,/home/zechuan/iraod_jobs/dior_bf/C/saturate/eval
DIOR,saturate,C,43,done,0.266747,185,185,gpu-183,/home/zechuan/iraod_jobs/ext_runs_e1/C_d17_s43/saturate/eval_full_saturate_ids_v1
DIOR,saturate,C,44,done,0.266582,185,185,gpu-67,/home/zechuan/iraod_jobs/ext_runs_e1/C_d17_s44/saturate/eval_full_saturate_ids_v1
DIOR,saturate,D,42,done,0.252183,185,185,gpu-67,/home/zechuan/iraod_jobs/dior_bf/D/saturate/eval
DIOR,saturate,D,43,done,0.253828,185,185,gpu-68,/home/zechuan/iraod_jobs/ext_runs_e1/D_d17_s43/saturate/eval_full_saturate_ids_v1
DIOR,saturate,D,44,done,0.252933,185,185,gpu-183,/home/zechuan/iraod_jobs/ext_runs_e1/D_d17_s44/saturate/eval_full_saturate_ids_v1
DIOR,saturate,E,42,done,0.268105,185,185,gpu-67,/home/zechuan/iraod_jobs/dior_bf/E/saturate/eval
DIOR,saturate,E,43,done,0.264131,185,185,gpu-183,/home/zechuan/iraod_jobs/ext_runs_e1/E_d17_s43/saturate/eval_full_saturate_ids_v1
DIOR,saturate,E,44,done,0.267683,185,185,gpu-183,/home/zechuan/iraod_jobs/ext_runs_e1/E_d17_s44/saturate/eval_full_saturate_ids_v1
DIOR,saturate,F,42,done,0.252299,185,185,gpu-67,/home/zechuan/iraod_jobs/dior_bf/F/saturate/eval
DIOR,saturate,F,43,done,0.254352,185,185,gpu-68,/home/zechuan/iraod_jobs/ext_runs_e1/F_d17_s43/saturate/eval_full_saturate_ids_v1
DIOR,saturate,F,44,done,0.25157,185,185,gpu-183,/home/zechuan/iraod_jobs/ext_runs_e1/F_d17_s44/saturate/eval_full_saturate_ids_v1
DIOR,saturate,IRG,42,done,0.267911,185,185,gpu-67,/mnt/shared/zechuan/iraod_artifacts/comparison/xaf_student_quant_20260908/formal_ports_runs_a39c832/dior/saturate/seed_42/methods/IRG/eval_saturate
DIOR,saturate,IRG,43,done,0.26708,185,185,gpu-183,/home/zechuan/iraod_jobs/ext_runs_e1/IRG_d17_s43/saturate/eval_full_saturate_ids_v1
DIOR,saturate,IRG,44,done,0.267997,185,185,gpu-138,/home/zechuan/iraod_jobs/ext_runs_e1/IRG_d17_s44/saturate/eval_full_saturate_ids_v1
DIOR,saturate,LPLD,42,done,0.266042,185,185,gpu-67,/mnt/shared/zechuan/iraod_artifacts/comparison/xaf_student_quant_20260908/formal_ports_runs_a39c832/dior/saturate/seed_42/methods/LPLD/eval_saturate
DIOR,saturate,LPLD,43,done,0.268369,185,185,gpu-68,/home/zechuan/iraod_jobs/ext_runs_e1/LPLD_d17_s43/saturate/eval_full_saturate_ids_v1
DIOR,saturate,LPLD,44,done,0.265712,185,185,gpu-138,/home/zechuan/iraod_jobs/ext_runs_e1/LPLD_d17_s44/saturate/eval_full_saturate_ids_v1
DIOR,saturate,SFUT,42,done,0.265652,185,185,gpu-67,/mnt/shared/zechuan/iraod_artifacts/comparison/xaf_student_quant_20260908/formal_ports_runs_a39c832/dior/saturate/seed_42/methods/SFUT/eval_saturate
DIOR,saturate,SFUT,43,done,0.26562,185,185,gpu-138,/home/zechuan/iraod_jobs/ext_runs_e1/SFUT_d17_s43/saturate/eval_full_saturate_ids_v1
DIOR,saturate,SFUT,44,done,0.265618,185,185,gpu-183,/home/zechuan/iraod_jobs/ext_runs_e1/SFUT_d17_s44/saturate/eval_full_saturate_ids_v1
DIOR,saturate,DRU,42,done,0.254111,185,185,gpu-67,/mnt/shared/zechuan/iraod_artifacts/comparison/dior/saturate/seed_42/dru20260919/methods/DRU/eval_saturate
DIOR,saturate,DRU,43,done,0.256014,185,185,gpu-68,/home/zechuan/iraod_jobs/ext_runs_e1/DRU_d17_s43/saturate/eval_full_saturate_ids_v1
DIOR,saturate,DRU,44,done,0.256327,185,185,gpu-138,/home/zechuan/iraod_jobs/ext_runs_e1/DRU_d17_s44/saturate/eval_full_saturate_ids_v1
DIOR,saturate,AASFOD,42,done,0.222839,185,185,gpu-67,/mnt/shared/zechuan/iraod_artifacts/comparison/xaf_student_quant_20260908/aasfod_runs_36c2053_std/dior/saturate/seed_42/methods/AASFOD/eval_full_saturate_ids_v1
DIOR,saturate,AASFOD,43,done,0.199417,185,185,gpu-67,/mnt/shared/zechuan/iraod_artifacts/comparison/xaf_student_quant_20260908/aasfod_runs_36c2053_std/dior/saturate/seed_43/methods/AASFOD/eval_full_saturate_ids_v1
DIOR,saturate,AASFOD,44,done,0.21596,185,185,gpu-138,/mnt/SSD_4TB/zechuan/iraod_artifacts/comparison/xaf_student_quant_20260908/aasfod_runs_36c2053_std/dior/saturate/seed_44/methods/AASFOD/eval_full_saturate_ids_v1
DIOR,saturate,SFYOLO,42,done,0.258696,369,369,gpu-67,/mnt/shared/zechuan/iraod_artifacts/comparison/xaf_student_quant_20260908/sfyolo_runs_84a1aeb/dior/saturate/seed_42/methods/SFYOLO/eval_saturate
DIOR,saturate,SFYOLO,43,done,0.258389,369,369,gpu-67,/mnt/shared/zechuan/iraod_artifacts/comparison/xaf_student_quant_20260908/sfyolo_runs_84a1aeb/dior/saturate/seed_43/methods/SFYOLO/eval_full_saturate_ids_v1
DIOR,saturate,SFYOLO,44,done,0.258678,369,369,gpu-67,/mnt/shared/zechuan/iraod_artifacts/comparison/xaf_student_quant_20260908/sfyolo_runs_84a1aeb/dior/saturate/seed_44/methods/SFYOLO/eval_full_saturate_ids_v1
DIOR,cloudy,A,42,done,0.290268,,,gpu-67,/mnt/shared/zechuan/iraod_artifacts/comparison/dior/cloudy/seed_42/0f98a48/methods/A/eval_cloudy
DIOR,cloudy,B,42,done,0.297174,185,185,gpu-67,/mnt/shared/zechuan/iraod_artifacts/comparison/dior/cloudy/seed_42/0f98a48/methods/B/eval_cloudy
DIOR,cloudy,B,43,done,0.295285,185,185,gpu-67,/mnt/shared/zechuan/iraod_artifacts/comparison/dior/cloudy/seed_43/0f98a48/methods/B/eval_full_cloudy_ids_v1
DIOR,cloudy,B,44,done,0.29704,185,185,gpu-67,/mnt/shared/zechuan/iraod_artifacts/comparison/dior/cloudy/seed_44/0f98a48/methods/B/eval_full_cloudy_ids_v1
DIOR,cloudy,C,42,done,0.29425,185,185,gpu-67,/mnt/shared/zechuan/iraod_artifacts/comparison/dior/cloudy/seed_42/0f98a48/methods/C/eval_cloudy
DIOR,cloudy,C,43,done,0.294329,185,185,gpu-67,/mnt/shared/zechuan/iraod_artifacts/comparison/dior/cloudy/seed_43/0f98a48/methods/C/eval_full_cloudy_ids_v1
DIOR,cloudy,C,44,done,0.294224,185,185,gpu-67,/mnt/shared/zechuan/iraod_artifacts/comparison/dior/cloudy/seed_44/0f98a48/methods/C/eval_full_cloudy_ids_v1
DIOR,cloudy,D,42,done,0.286702,185,185,gpu-67,/mnt/shared/zechuan/iraod_artifacts/comparison/dior/cloudy/seed_42/0f98a48/methods/D/eval_cloudy
DIOR,cloudy,D,43,done,0.285782,185,185,gpu-67,/mnt/shared/zechuan/iraod_artifacts/comparison/dior/cloudy/seed_43/0f98a48/methods/D/eval_full_cloudy_ids_v1
DIOR,cloudy,D,44,done,0.286402,185,185,gpu-67,/mnt/shared/zechuan/iraod_artifacts/comparison/dior/cloudy/seed_44/0f98a48/methods/D/eval_full_cloudy_ids_v1
DIOR,cloudy,E,42,done,0.297571,185,185,gpu-67,/mnt/shared/zechuan/iraod_artifacts/comparison/dior/cloudy/seed_42/0f98a48/methods/E/ddp2/eval_full_cloudy_ids_v1
DIOR,cloudy,E,43,done,0.297111,185,185,gpu-67,/mnt/shared/zechuan/iraod_artifacts/comparison/dior/cloudy/seed_43/0f98a48/methods/E/ddp2/eval_full_cloudy_ids_v1
DIOR,cloudy,E,44,done,0.295696,185,185,gpu-67,/mnt/shared/zechuan/iraod_artifacts/comparison/dior/cloudy/seed_44/0f98a48/methods/E/ddp2/eval_full_cloudy_ids_v1
DIOR,cloudy,F,42,done,0.28786,185,185,gpu-67,/mnt/shared/zechuan/iraod_artifacts/comparison/dior/cloudy/seed_42/0f98a48/methods/F/ddp2/eval_full_cloudy_ids_v1
DIOR,cloudy,F,43,done,0.283893,185,185,gpu-67,/mnt/shared/zechuan/iraod_artifacts/comparison/dior/cloudy/seed_43/0f98a48/methods/F/ddp2/eval_full_cloudy_ids_v1
DIOR,cloudy,F,44,done,0.284311,185,185,gpu-67,/mnt/shared/zechuan/iraod_artifacts/comparison/dior/cloudy/seed_44/0f98a48/methods/F/ddp2/eval_full_cloudy_ids_v1
DIOR,cloudy,IRG,42,done,0.293459,185,185,gpu-67,/mnt/shared/zechuan/iraod_artifacts/comparison/xaf_student_quant_20260908/formal_ports_runs_a39c832/dior/cloudy/seed_42/methods/IRG/eval_full_cloudy_ids_v1
DIOR,cloudy,IRG,43,done,0.291441,185,185,gpu-67,/mnt/shared/zechuan/iraod_artifacts/comparison/xaf_student_quant_20260908/formal_ports_runs_a39c832/dior/cloudy/seed_43/methods/IRG/eval_full_cloudy_ids_v1
DIOR,cloudy,IRG,44,done,0.295,185,185,gpu-67,/mnt/shared/zechuan/iraod_artifacts/comparison/xaf_student_quant_20260908/formal_ports_runs_a39c832/dior/cloudy/seed_44/methods/IRG/eval_full_cloudy_ids_v1
DIOR,cloudy,LPLD,42,done,0.291361,185,185,gpu-67,/mnt/shared/zechuan/iraod_artifacts/comparison/xaf_student_quant_20260908/formal_ports_runs_a39c832/dior/cloudy/seed_42/methods/LPLD/eval_full_cloudy_ids_v1
DIOR,cloudy,LPLD,43,done,0.295884,185,185,gpu-67,/mnt/shared/zechuan/iraod_artifacts/comparison/xaf_student_quant_20260908/formal_ports_runs_a39c832/dior/cloudy/seed_43/methods/LPLD/eval_full_cloudy_ids_v1
DIOR,cloudy,LPLD,44,done,0.292399,185,185,gpu-67,/mnt/shared/zechuan/iraod_artifacts/comparison/xaf_student_quant_20260908/formal_ports_runs_a39c832/dior/cloudy/seed_44/methods/LPLD/eval_full_cloudy_ids_v1
DIOR,cloudy,SFUT,42,done,0.293959,185,185,gpu-67,/mnt/shared/zechuan/iraod_artifacts/comparison/xaf_student_quant_20260908/formal_ports_runs_a39c832/dior/cloudy/seed_42/methods/SFUT/eval_full_cloudy_ids_v1
DIOR,cloudy,SFUT,43,done,0.294001,185,185,gpu-67,/mnt/shared/zechuan/iraod_artifacts/comparison/xaf_student_quant_20260908/formal_ports_runs_a39c832/dior/cloudy/seed_43/methods/SFUT/eval_full_cloudy_ids_v1
DIOR,cloudy,SFUT,44,done,0.293668,185,185,gpu-67,/mnt/shared/zechuan/iraod_artifacts/comparison/xaf_student_quant_20260908/formal_ports_runs_a39c832/dior/cloudy/seed_44/methods/SFUT/eval_full_cloudy_ids_v1
DIOR,cloudy,DRU,42,done,0.29537,185,185,gpu-67,/mnt/shared/zechuan/iraod_artifacts/comparison/dior/cloudy/seed_42/dru20260919/methods/DRU/eval_full_cloudy_ids_v1
DIOR,cloudy,DRU,43,done,0.28955,185,185,gpu-68,/home/zechuan/iraod_jobs/ext_runs_e1/DRU_d17_s43/cloudy/eval_full_cloudy_ids_v1
DIOR,cloudy,DRU,44,done,0.292072,185,185,gpu-68,/home/zechuan/iraod_jobs/ext_runs_e1/DRU_d17_s44/cloudy/eval_full_cloudy_ids_v1
DIOR,cloudy,AASFOD,42,done,0.246511,185,185,gpu-138,/home/zechuan/iraod_artifacts/comparison/xaf_student_quant_20260908/aasfod_runs_36c2053/dior/cloudy/seed_42/methods/AASFOD/eval_full_cloudy_ids_v1
DIOR,cloudy,AASFOD,43,done,0.237422,185,185,gpu-138,/home/zechuan/iraod_artifacts/comparison/xaf_student_quant_20260908/aasfod_runs_36c2053/dior/cloudy/seed_43/methods/AASFOD/eval_full_cloudy_ids_v1
DIOR,cloudy,AASFOD,44,done,0.252299,185,185,gpu-138,/home/zechuan/iraod_artifacts/comparison/xaf_student_quant_20260908/aasfod_runs_36c2053/dior/cloudy/seed_44/methods/AASFOD/eval_full_cloudy_ids_v1
DIOR,cloudy,SFYOLO,42,done,0.298658,369,369,gpu-67,/mnt/shared/zechuan/iraod_artifacts/comparison/xaf_student_quant_20260908/sfyolo_runs_84a1aeb/dior/cloudy/seed_42/methods/SFYOLO/eval_full_cloudy_ids_v1
DIOR,cloudy,SFYOLO,43,done,0.298477,369,369,gpu-67,/mnt/shared/zechuan/iraod_artifacts/comparison/xaf_student_quant_20260908/sfyolo_runs_84a1aeb/dior/cloudy/seed_43/methods/SFYOLO/eval_full_cloudy_ids_v1
DIOR,cloudy,SFYOLO,44,done,0.298962,369,369,gpu-67,/mnt/shared/zechuan/iraod_artifacts/comparison/xaf_student_quant_20260908/sfyolo_runs_84a1aeb/dior/cloudy/seed_44/methods/SFYOLO/eval_full_cloudy_ids_v1
