dataset,domain,method,seed,role,class_name,AP50,precision,historical_AP50,eval_AP50,status,evidence
RSAR,clean,A,42,source,ship,0.776,printed class_ap.txt (typically 3 decimals),0.776,0.776,complete,/home/zechuan/iraod_artifacts/comparison/rsar/clean/seed_42/0f98a48/methods/A/eval_full_clean_ids_v1/class_ap.txt
RSAR,clean,A,42,source,aircraft,0.622,printed class_ap.txt (typically 3 decimals),0.622,0.622,complete,/home/zechuan/iraod_artifacts/comparison/rsar/clean/seed_42/0f98a48/methods/A/eval_full_clean_ids_v1/class_ap.txt
RSAR,clean,A,42,source,car,0.784,printed class_ap.txt (typically 3 decimals),0.784,0.784,complete,/home/zechuan/iraod_artifacts/comparison/rsar/clean/seed_42/0f98a48/methods/A/eval_full_clean_ids_v1/class_ap.txt
RSAR,clean,A,42,source,tank,0.173,printed class_ap.txt (typically 3 decimals),0.173,0.173,complete,/home/zechuan/iraod_artifacts/comparison/rsar/clean/seed_42/0f98a48/methods/A/eval_full_clean_ids_v1/class_ap.txt
RSAR,clean,A,42,source,bridge,0.395,printed class_ap.txt (typically 3 decimals),0.395,0.395,complete,/home/zechuan/iraod_artifacts/comparison/rsar/clean/seed_42/0f98a48/methods/A/eval_full_clean_ids_v1/class_ap.txt
RSAR,clean,A,42,source,harbor,0.438,printed class_ap.txt (typically 3 decimals),0.438,0.438,complete,/home/zechuan/iraod_artifacts/comparison/rsar/clean/seed_42/0f98a48/methods/A/eval_full_clean_ids_v1/class_ap.txt
RSAR,clean,F_text_only,43,ema,ship,0.765,printed class_ap.txt (typically 3 decimals),,,complete,/home/zechuan/iraod_artifacts/comparison/xaf_student_quant_20260908/f_deletion_runs_daa3992/rsar/clean/seed_43/methods/F_text_only/ddp2/eval_full_clean_ids_v1/class_ap.txt
RSAR,clean,F_text_only,43,ema,aircraft,0.63,printed class_ap.txt (typically 3 decimals),,,complete,/home/zechuan/iraod_artifacts/comparison/xaf_student_quant_20260908/f_deletion_runs_daa3992/rsar/clean/seed_43/methods/F_text_only/ddp2/eval_full_clean_ids_v1/class_ap.txt
RSAR,clean,F_text_only,43,ema,car,0.755,printed class_ap.txt (typically 3 decimals),,,complete,/home/zechuan/iraod_artifacts/comparison/xaf_student_quant_20260908/f_deletion_runs_daa3992/rsar/clean/seed_43/methods/F_text_only/ddp2/eval_full_clean_ids_v1/class_ap.txt
RSAR,clean,F_text_only,43,ema,tank,0.144,printed class_ap.txt (typically 3 decimals),,,complete,/home/zechuan/iraod_artifacts/comparison/xaf_student_quant_20260908/f_deletion_runs_daa3992/rsar/clean/seed_43/methods/F_text_only/ddp2/eval_full_clean_ids_v1/class_ap.txt
RSAR,clean,F_text_only,43,ema,bridge,0.381,printed class_ap.txt (typically 3 decimals),,,complete,/home/zechuan/iraod_artifacts/comparison/xaf_student_quant_20260908/f_deletion_runs_daa3992/rsar/clean/seed_43/methods/F_text_only/ddp2/eval_full_clean_ids_v1/class_ap.txt
RSAR,clean,F_text_only,43,ema,harbor,0.393,printed class_ap.txt (typically 3 decimals),,,complete,/home/zechuan/iraod_artifacts/comparison/xaf_student_quant_20260908/f_deletion_runs_daa3992/rsar/clean/seed_43/methods/F_text_only/ddp2/eval_full_clean_ids_v1/class_ap.txt
RSAR,clean,F_text_only,44,ema,ship,0.768,printed class_ap.txt (typically 3 decimals),,,complete,/home/zechuan/iraod_artifacts/comparison/xaf_student_quant_20260908/f_deletion_runs_daa3992/rsar/clean/seed_44/methods/F_text_only/ddp2/eval_full_clean_ids_v1/class_ap.txt
RSAR,clean,F_text_only,44,ema,aircraft,0.624,printed class_ap.txt (typically 3 decimals),,,complete,/home/zechuan/iraod_artifacts/comparison/xaf_student_quant_20260908/f_deletion_runs_daa3992/rsar/clean/seed_44/methods/F_text_only/ddp2/eval_full_clean_ids_v1/class_ap.txt
RSAR,clean,F_text_only,44,ema,car,0.764,printed class_ap.txt (typically 3 decimals),,,complete,/home/zechuan/iraod_artifacts/comparison/xaf_student_quant_20260908/f_deletion_runs_daa3992/rsar/clean/seed_44/methods/F_text_only/ddp2/eval_full_clean_ids_v1/class_ap.txt
RSAR,clean,F_text_only,44,ema,tank,0.157,printed class_ap.txt (typically 3 decimals),,,complete,/home/zechuan/iraod_artifacts/comparison/xaf_student_quant_20260908/f_deletion_runs_daa3992/rsar/clean/seed_44/methods/F_text_only/ddp2/eval_full_clean_ids_v1/class_ap.txt
RSAR,clean,F_text_only,44,ema,bridge,0.387,printed class_ap.txt (typically 3 decimals),,,complete,/home/zechuan/iraod_artifacts/comparison/xaf_student_quant_20260908/f_deletion_runs_daa3992/rsar/clean/seed_44/methods/F_text_only/ddp2/eval_full_clean_ids_v1/class_ap.txt
RSAR,clean,F_text_only,44,ema,harbor,0.389,printed class_ap.txt (typically 3 decimals),,,complete,/home/zechuan/iraod_artifacts/comparison/xaf_student_quant_20260908/f_deletion_runs_daa3992/rsar/clean/seed_44/methods/F_text_only/ddp2/eval_full_clean_ids_v1/class_ap.txt
RSAR,clean,F_veto_only,44,ema,ship,0.758,printed class_ap.txt (typically 3 decimals),,,complete,/home/zechuan/iraod_artifacts/comparison/xaf_student_quant_20260908/f_deletion_runs_daa3992/rsar/clean/seed_44/methods/F_veto_only/ddp2/eval_full_clean_ids_v1/class_ap.txt
RSAR,clean,F_veto_only,44,ema,aircraft,0.686,printed class_ap.txt (typically 3 decimals),,,complete,/home/zechuan/iraod_artifacts/comparison/xaf_student_quant_20260908/f_deletion_runs_daa3992/rsar/clean/seed_44/methods/F_veto_only/ddp2/eval_full_clean_ids_v1/class_ap.txt
RSAR,clean,F_veto_only,44,ema,car,0.772,printed class_ap.txt (typically 3 decimals),,,complete,/home/zechuan/iraod_artifacts/comparison/xaf_student_quant_20260908/f_deletion_runs_daa3992/rsar/clean/seed_44/methods/F_veto_only/ddp2/eval_full_clean_ids_v1/class_ap.txt
RSAR,clean,F_veto_only,44,ema,tank,0.134,printed class_ap.txt (typically 3 decimals),,,complete,/home/zechuan/iraod_artifacts/comparison/xaf_student_quant_20260908/f_deletion_runs_daa3992/rsar/clean/seed_44/methods/F_veto_only/ddp2/eval_full_clean_ids_v1/class_ap.txt
RSAR,clean,F_veto_only,44,ema,bridge,0.383,printed class_ap.txt (typically 3 decimals),,,complete,/home/zechuan/iraod_artifacts/comparison/xaf_student_quant_20260908/f_deletion_runs_daa3992/rsar/clean/seed_44/methods/F_veto_only/ddp2/eval_full_clean_ids_v1/class_ap.txt
RSAR,clean,F_veto_only,44,ema,harbor,0.431,printed class_ap.txt (typically 3 decimals),,,complete,/home/zechuan/iraod_artifacts/comparison/xaf_student_quant_20260908/f_deletion_runs_daa3992/rsar/clean/seed_44/methods/F_veto_only/ddp2/eval_full_clean_ids_v1/class_ap.txt
RSAR,chaff,A,42,source,ship,0.679,printed class_ap.txt (typically 3 decimals),0.679,0.679,complete,/home/zechuan/iraod_artifacts/comparison/rsar/chaff/seed_42/f2145b4/methods/A/eval_full_chaff_ids_v1/class_ap.txt
RSAR,chaff,A,42,source,aircraft,0.601,printed class_ap.txt (typically 3 decimals),0.601,0.601,complete,/home/zechuan/iraod_artifacts/comparison/rsar/chaff/seed_42/f2145b4/methods/A/eval_full_chaff_ids_v1/class_ap.txt
RSAR,chaff,A,42,source,car,0.693,printed class_ap.txt (typically 3 decimals),0.693,0.693,complete,/home/zechuan/iraod_artifacts/comparison/rsar/chaff/seed_42/f2145b4/methods/A/eval_full_chaff_ids_v1/class_ap.txt
RSAR,chaff,A,42,source,tank,0.168,printed class_ap.txt (typically 3 decimals),0.168,0.168,complete,/home/zechuan/iraod_artifacts/comparison/rsar/chaff/seed_42/f2145b4/methods/A/eval_full_chaff_ids_v1/class_ap.txt
RSAR,chaff,A,42,source,bridge,0.368,printed class_ap.txt (typically 3 decimals),0.368,0.368,complete,/home/zechuan/iraod_artifacts/comparison/rsar/chaff/seed_42/f2145b4/methods/A/eval_full_chaff_ids_v1/class_ap.txt
RSAR,chaff,A,42,source,harbor,0.323,printed class_ap.txt (typically 3 decimals),0.323,0.323,complete,/home/zechuan/iraod_artifacts/comparison/rsar/chaff/seed_42/f2145b4/methods/A/eval_full_chaff_ids_v1/class_ap.txt
RSAR,chaff,F_text_only,42,ema,ship,0.666,printed class_ap.txt (typically 3 decimals),,,complete,/home/zechuan/iraod_artifacts/comparison/xaf_student_quant_20260908/f_deletion_runs_daa3992/rsar/chaff/seed_42/methods/F_text_only/ddp2/eval_full_chaff_ids_v1/class_ap.txt
RSAR,chaff,F_text_only,42,ema,aircraft,0.611,printed class_ap.txt (typically 3 decimals),,,complete,/home/zechuan/iraod_artifacts/comparison/xaf_student_quant_20260908/f_deletion_runs_daa3992/rsar/chaff/seed_42/methods/F_text_only/ddp2/eval_full_chaff_ids_v1/class_ap.txt
RSAR,chaff,F_text_only,42,ema,car,0.658,printed class_ap.txt (typically 3 decimals),,,complete,/home/zechuan/iraod_artifacts/comparison/xaf_student_quant_20260908/f_deletion_runs_daa3992/rsar/chaff/seed_42/methods/F_text_only/ddp2/eval_full_chaff_ids_v1/class_ap.txt
RSAR,chaff,F_text_only,42,ema,tank,0.114,printed class_ap.txt (typically 3 decimals),,,complete,/home/zechuan/iraod_artifacts/comparison/xaf_student_quant_20260908/f_deletion_runs_daa3992/rsar/chaff/seed_42/methods/F_text_only/ddp2/eval_full_chaff_ids_v1/class_ap.txt
RSAR,chaff,F_text_only,42,ema,bridge,0.328,printed class_ap.txt (typically 3 decimals),,,complete,/home/zechuan/iraod_artifacts/comparison/xaf_student_quant_20260908/f_deletion_runs_daa3992/rsar/chaff/seed_42/methods/F_text_only/ddp2/eval_full_chaff_ids_v1/class_ap.txt
RSAR,chaff,F_text_only,42,ema,harbor,0.306,printed class_ap.txt (typically 3 decimals),,,complete,/home/zechuan/iraod_artifacts/comparison/xaf_student_quant_20260908/f_deletion_runs_daa3992/rsar/chaff/seed_42/methods/F_text_only/ddp2/eval_full_chaff_ids_v1/class_ap.txt
RSAR,chaff,F_text_only,43,ema,ship,0.673,printed class_ap.txt (typically 3 decimals),,,complete,/home/zechuan/iraod_artifacts/comparison/xaf_student_quant_20260908/f_deletion_runs_daa3992/rsar/chaff/seed_43/methods/F_text_only/ddp2/eval_full_chaff_ids_v1/class_ap.txt
RSAR,chaff,F_text_only,43,ema,aircraft,0.585,printed class_ap.txt (typically 3 decimals),,,complete,/home/zechuan/iraod_artifacts/comparison/xaf_student_quant_20260908/f_deletion_runs_daa3992/rsar/chaff/seed_43/methods/F_text_only/ddp2/eval_full_chaff_ids_v1/class_ap.txt
RSAR,chaff,F_text_only,43,ema,car,0.671,printed class_ap.txt (typically 3 decimals),,,complete,/home/zechuan/iraod_artifacts/comparison/xaf_student_quant_20260908/f_deletion_runs_daa3992/rsar/chaff/seed_43/methods/F_text_only/ddp2/eval_full_chaff_ids_v1/class_ap.txt
RSAR,chaff,F_text_only,43,ema,tank,0.124,printed class_ap.txt (typically 3 decimals),,,complete,/home/zechuan/iraod_artifacts/comparison/xaf_student_quant_20260908/f_deletion_runs_daa3992/rsar/chaff/seed_43/methods/F_text_only/ddp2/eval_full_chaff_ids_v1/class_ap.txt
RSAR,chaff,F_text_only,43,ema,bridge,0.349,printed class_ap.txt (typically 3 decimals),,,complete,/home/zechuan/iraod_artifacts/comparison/xaf_student_quant_20260908/f_deletion_runs_daa3992/rsar/chaff/seed_43/methods/F_text_only/ddp2/eval_full_chaff_ids_v1/class_ap.txt
RSAR,chaff,F_text_only,43,ema,harbor,0.296,printed class_ap.txt (typically 3 decimals),,,complete,/home/zechuan/iraod_artifacts/comparison/xaf_student_quant_20260908/f_deletion_runs_daa3992/rsar/chaff/seed_43/methods/F_text_only/ddp2/eval_full_chaff_ids_v1/class_ap.txt
RSAR,chaff,F_text_only,44,ema,ship,0.674,printed class_ap.txt (typically 3 decimals),,,complete,/home/zechuan/iraod_artifacts/comparison/xaf_student_quant_20260908/f_deletion_runs_daa3992/rsar/chaff/seed_44/methods/F_text_only/ddp2/eval_full_chaff_ids_v1/class_ap.txt
RSAR,chaff,F_text_only,44,ema,aircraft,0.563,printed class_ap.txt (typically 3 decimals),,,complete,/home/zechuan/iraod_artifacts/comparison/xaf_student_quant_20260908/f_deletion_runs_daa3992/rsar/chaff/seed_44/methods/F_text_only/ddp2/eval_full_chaff_ids_v1/class_ap.txt
RSAR,chaff,F_text_only,44,ema,car,0.672,printed class_ap.txt (typically 3 decimals),,,complete,/home/zechuan/iraod_artifacts/comparison/xaf_student_quant_20260908/f_deletion_runs_daa3992/rsar/chaff/seed_44/methods/F_text_only/ddp2/eval_full_chaff_ids_v1/class_ap.txt
RSAR,chaff,F_text_only,44,ema,tank,0.138,printed class_ap.txt (typically 3 decimals),,,complete,/home/zechuan/iraod_artifacts/comparison/xaf_student_quant_20260908/f_deletion_runs_daa3992/rsar/chaff/seed_44/methods/F_text_only/ddp2/eval_full_chaff_ids_v1/class_ap.txt
RSAR,chaff,F_text_only,44,ema,bridge,0.339,printed class_ap.txt (typically 3 decimals),,,complete,/home/zechuan/iraod_artifacts/comparison/xaf_student_quant_20260908/f_deletion_runs_daa3992/rsar/chaff/seed_44/methods/F_text_only/ddp2/eval_full_chaff_ids_v1/class_ap.txt
RSAR,chaff,F_text_only,44,ema,harbor,0.325,printed class_ap.txt (typically 3 decimals),,,complete,/home/zechuan/iraod_artifacts/comparison/xaf_student_quant_20260908/f_deletion_runs_daa3992/rsar/chaff/seed_44/methods/F_text_only/ddp2/eval_full_chaff_ids_v1/class_ap.txt
RSAR,chaff,F_veto_only,42,ema,ship,0.675,printed class_ap.txt (typically 3 decimals),,,complete,/home/zechuan/iraod_artifacts/comparison/xaf_student_quant_20260908/f_deletion_runs_daa3992/rsar/chaff/seed_42/methods/F_veto_only/ddp2/eval_full_chaff_ids_v1/class_ap.txt
RSAR,chaff,F_veto_only,42,ema,aircraft,0.646,printed class_ap.txt (typically 3 decimals),,,complete,/home/zechuan/iraod_artifacts/comparison/xaf_student_quant_20260908/f_deletion_runs_daa3992/rsar/chaff/seed_42/methods/F_veto_only/ddp2/eval_full_chaff_ids_v1/class_ap.txt
RSAR,chaff,F_veto_only,42,ema,car,0.687,printed class_ap.txt (typically 3 decimals),,,complete,/home/zechuan/iraod_artifacts/comparison/xaf_student_quant_20260908/f_deletion_runs_daa3992/rsar/chaff/seed_42/methods/F_veto_only/ddp2/eval_full_chaff_ids_v1/class_ap.txt
RSAR,chaff,F_veto_only,42,ema,tank,0.126,printed class_ap.txt (typically 3 decimals),,,complete,/home/zechuan/iraod_artifacts/comparison/xaf_student_quant_20260908/f_deletion_runs_daa3992/rsar/chaff/seed_42/methods/F_veto_only/ddp2/eval_full_chaff_ids_v1/class_ap.txt
RSAR,chaff,F_veto_only,42,ema,bridge,0.338,printed class_ap.txt (typically 3 decimals),,,complete,/home/zechuan/iraod_artifacts/comparison/xaf_student_quant_20260908/f_deletion_runs_daa3992/rsar/chaff/seed_42/methods/F_veto_only/ddp2/eval_full_chaff_ids_v1/class_ap.txt
RSAR,chaff,F_veto_only,42,ema,harbor,0.313,printed class_ap.txt (typically 3 decimals),,,complete,/home/zechuan/iraod_artifacts/comparison/xaf_student_quant_20260908/f_deletion_runs_daa3992/rsar/chaff/seed_42/methods/F_veto_only/ddp2/eval_full_chaff_ids_v1/class_ap.txt
RSAR,chaff,F_veto_only,43,ema,ship,0.673,printed class_ap.txt (typically 3 decimals),,,complete,/home/zechuan/iraod_artifacts/comparison/xaf_student_quant_20260908/f_deletion_runs_daa3992/rsar/chaff/seed_43/methods/F_veto_only/ddp2/eval_full_chaff_ids_v1/class_ap.txt
RSAR,chaff,F_veto_only,43,ema,aircraft,0.635,printed class_ap.txt (typically 3 decimals),,,complete,/home/zechuan/iraod_artifacts/comparison/xaf_student_quant_20260908/f_deletion_runs_daa3992/rsar/chaff/seed_43/methods/F_veto_only/ddp2/eval_full_chaff_ids_v1/class_ap.txt
RSAR,chaff,F_veto_only,43,ema,car,0.681,printed class_ap.txt (typically 3 decimals),,,complete,/home/zechuan/iraod_artifacts/comparison/xaf_student_quant_20260908/f_deletion_runs_daa3992/rsar/chaff/seed_43/methods/F_veto_only/ddp2/eval_full_chaff_ids_v1/class_ap.txt
RSAR,chaff,F_veto_only,43,ema,tank,0.13,printed class_ap.txt (typically 3 decimals),,,complete,/home/zechuan/iraod_artifacts/comparison/xaf_student_quant_20260908/f_deletion_runs_daa3992/rsar/chaff/seed_43/methods/F_veto_only/ddp2/eval_full_chaff_ids_v1/class_ap.txt
RSAR,chaff,F_veto_only,43,ema,bridge,0.345,printed class_ap.txt (typically 3 decimals),,,complete,/home/zechuan/iraod_artifacts/comparison/xaf_student_quant_20260908/f_deletion_runs_daa3992/rsar/chaff/seed_43/methods/F_veto_only/ddp2/eval_full_chaff_ids_v1/class_ap.txt
RSAR,chaff,F_veto_only,43,ema,harbor,0.33,printed class_ap.txt (typically 3 decimals),,,complete,/home/zechuan/iraod_artifacts/comparison/xaf_student_quant_20260908/f_deletion_runs_daa3992/rsar/chaff/seed_43/methods/F_veto_only/ddp2/eval_full_chaff_ids_v1/class_ap.txt
RSAR,chaff,F_veto_only,44,ema,ship,0.673,printed class_ap.txt (typically 3 decimals),,,complete,/home/zechuan/iraod_artifacts/comparison/xaf_student_quant_20260908/f_deletion_runs_daa3992/rsar/chaff/seed_44/methods/F_veto_only/ddp2/eval_full_chaff_ids_v1/class_ap.txt
RSAR,chaff,F_veto_only,44,ema,aircraft,0.622,printed class_ap.txt (typically 3 decimals),,,complete,/home/zechuan/iraod_artifacts/comparison/xaf_student_quant_20260908/f_deletion_runs_daa3992/rsar/chaff/seed_44/methods/F_veto_only/ddp2/eval_full_chaff_ids_v1/class_ap.txt
RSAR,chaff,F_veto_only,44,ema,car,0.691,printed class_ap.txt (typically 3 decimals),,,complete,/home/zechuan/iraod_artifacts/comparison/xaf_student_quant_20260908/f_deletion_runs_daa3992/rsar/chaff/seed_44/methods/F_veto_only/ddp2/eval_full_chaff_ids_v1/class_ap.txt
RSAR,chaff,F_veto_only,44,ema,tank,0.126,printed class_ap.txt (typically 3 decimals),,,complete,/home/zechuan/iraod_artifacts/comparison/xaf_student_quant_20260908/f_deletion_runs_daa3992/rsar/chaff/seed_44/methods/F_veto_only/ddp2/eval_full_chaff_ids_v1/class_ap.txt
RSAR,chaff,F_veto_only,44,ema,bridge,0.345,printed class_ap.txt (typically 3 decimals),,,complete,/home/zechuan/iraod_artifacts/comparison/xaf_student_quant_20260908/f_deletion_runs_daa3992/rsar/chaff/seed_44/methods/F_veto_only/ddp2/eval_full_chaff_ids_v1/class_ap.txt
RSAR,chaff,F_veto_only,44,ema,harbor,0.345,printed class_ap.txt (typically 3 decimals),,,complete,/home/zechuan/iraod_artifacts/comparison/xaf_student_quant_20260908/f_deletion_runs_daa3992/rsar/chaff/seed_44/methods/F_veto_only/ddp2/eval_full_chaff_ids_v1/class_ap.txt
RSAR,gaussian_white_noise,A,42,source,ship,0.775,printed class_ap.txt (typically 3 decimals),0.775,0.775,complete,/home/zechuan/iraod_artifacts/comparison/rsar/gaussian_white_noise/seed_42/0f98a48/methods/A/eval_full_gaussian_white_noise_ids_v1/class_ap.txt
RSAR,gaussian_white_noise,A,42,source,aircraft,0.613,printed class_ap.txt (typically 3 decimals),0.613,0.613,complete,/home/zechuan/iraod_artifacts/comparison/rsar/gaussian_white_noise/seed_42/0f98a48/methods/A/eval_full_gaussian_white_noise_ids_v1/class_ap.txt
RSAR,gaussian_white_noise,A,42,source,car,0.783,printed class_ap.txt (typically 3 decimals),0.783,0.783,complete,/home/zechuan/iraod_artifacts/comparison/rsar/gaussian_white_noise/seed_42/0f98a48/methods/A/eval_full_gaussian_white_noise_ids_v1/class_ap.txt
RSAR,gaussian_white_noise,A,42,source,tank,0.174,printed class_ap.txt (typically 3 decimals),0.174,0.174,complete,/home/zechuan/iraod_artifacts/comparison/rsar/gaussian_white_noise/seed_42/0f98a48/methods/A/eval_full_gaussian_white_noise_ids_v1/class_ap.txt
RSAR,gaussian_white_noise,A,42,source,bridge,0.399,printed class_ap.txt (typically 3 decimals),0.399,0.399,complete,/home/zechuan/iraod_artifacts/comparison/rsar/gaussian_white_noise/seed_42/0f98a48/methods/A/eval_full_gaussian_white_noise_ids_v1/class_ap.txt
RSAR,gaussian_white_noise,A,42,source,harbor,0.426,printed class_ap.txt (typically 3 decimals),0.426,0.426,complete,/home/zechuan/iraod_artifacts/comparison/rsar/gaussian_white_noise/seed_42/0f98a48/methods/A/eval_full_gaussian_white_noise_ids_v1/class_ap.txt
RSAR,gaussian_white_noise,F_text_only,42,ema,ship,0.765,printed class_ap.txt (typically 3 decimals),,,complete,/home/zechuan/iraod_artifacts/comparison/xaf_student_quant_20260908/f_deletion_runs_daa3992/rsar/gaussian_white_noise/seed_42/methods/F_text_only/ddp2/eval_full_gaussian_white_noise_ids_v1/class_ap.txt
RSAR,gaussian_white_noise,F_text_only,42,ema,aircraft,0.637,printed class_ap.txt (typically 3 decimals),,,complete,/home/zechuan/iraod_artifacts/comparison/xaf_student_quant_20260908/f_deletion_runs_daa3992/rsar/gaussian_white_noise/seed_42/methods/F_text_only/ddp2/eval_full_gaussian_white_noise_ids_v1/class_ap.txt
RSAR,gaussian_white_noise,F_text_only,42,ema,car,0.753,printed class_ap.txt (typically 3 decimals),,,complete,/home/zechuan/iraod_artifacts/comparison/xaf_student_quant_20260908/f_deletion_runs_daa3992/rsar/gaussian_white_noise/seed_42/methods/F_text_only/ddp2/eval_full_gaussian_white_noise_ids_v1/class_ap.txt
RSAR,gaussian_white_noise,F_text_only,42,ema,tank,0.153,printed class_ap.txt (typically 3 decimals),,,complete,/home/zechuan/iraod_artifacts/comparison/xaf_student_quant_20260908/f_deletion_runs_daa3992/rsar/gaussian_white_noise/seed_42/methods/F_text_only/ddp2/eval_full_gaussian_white_noise_ids_v1/class_ap.txt
RSAR,gaussian_white_noise,F_text_only,42,ema,bridge,0.385,printed class_ap.txt (typically 3 decimals),,,complete,/home/zechuan/iraod_artifacts/comparison/xaf_student_quant_20260908/f_deletion_runs_daa3992/rsar/gaussian_white_noise/seed_42/methods/F_text_only/ddp2/eval_full_gaussian_white_noise_ids_v1/class_ap.txt
RSAR,gaussian_white_noise,F_text_only,42,ema,harbor,0.4,printed class_ap.txt (typically 3 decimals),,,complete,/home/zechuan/iraod_artifacts/comparison/xaf_student_quant_20260908/f_deletion_runs_daa3992/rsar/gaussian_white_noise/seed_42/methods/F_text_only/ddp2/eval_full_gaussian_white_noise_ids_v1/class_ap.txt
RSAR,gaussian_white_noise,F_text_only,43,ema,ship,0.761,printed class_ap.txt (typically 3 decimals),,,complete,/home/zechuan/iraod_artifacts/comparison/xaf_student_quant_20260908/f_deletion_runs_daa3992/rsar/gaussian_white_noise/seed_43/methods/F_text_only/ddp2/eval_full_gaussian_white_noise_ids_v1/class_ap.txt
RSAR,gaussian_white_noise,F_text_only,43,ema,aircraft,0.608,printed class_ap.txt (typically 3 decimals),,,complete,/home/zechuan/iraod_artifacts/comparison/xaf_student_quant_20260908/f_deletion_runs_daa3992/rsar/gaussian_white_noise/seed_43/methods/F_text_only/ddp2/eval_full_gaussian_white_noise_ids_v1/class_ap.txt
RSAR,gaussian_white_noise,F_text_only,43,ema,car,0.752,printed class_ap.txt (typically 3 decimals),,,complete,/home/zechuan/iraod_artifacts/comparison/xaf_student_quant_20260908/f_deletion_runs_daa3992/rsar/gaussian_white_noise/seed_43/methods/F_text_only/ddp2/eval_full_gaussian_white_noise_ids_v1/class_ap.txt
RSAR,gaussian_white_noise,F_text_only,43,ema,tank,0.14,printed class_ap.txt (typically 3 decimals),,,complete,/home/zechuan/iraod_artifacts/comparison/xaf_student_quant_20260908/f_deletion_runs_daa3992/rsar/gaussian_white_noise/seed_43/methods/F_text_only/ddp2/eval_full_gaussian_white_noise_ids_v1/class_ap.txt
RSAR,gaussian_white_noise,F_text_only,43,ema,bridge,0.376,printed class_ap.txt (typically 3 decimals),,,complete,/home/zechuan/iraod_artifacts/comparison/xaf_student_quant_20260908/f_deletion_runs_daa3992/rsar/gaussian_white_noise/seed_43/methods/F_text_only/ddp2/eval_full_gaussian_white_noise_ids_v1/class_ap.txt
RSAR,gaussian_white_noise,F_text_only,43,ema,harbor,0.397,printed class_ap.txt (typically 3 decimals),,,complete,/home/zechuan/iraod_artifacts/comparison/xaf_student_quant_20260908/f_deletion_runs_daa3992/rsar/gaussian_white_noise/seed_43/methods/F_text_only/ddp2/eval_full_gaussian_white_noise_ids_v1/class_ap.txt
RSAR,gaussian_white_noise,F_veto_only,43,ema,ship,0.756,printed class_ap.txt (typically 3 decimals),,,complete,/home/zechuan/iraod_artifacts/comparison/xaf_student_quant_20260908/f_deletion_runs_daa3992/rsar/gaussian_white_noise/seed_43/methods/F_veto_only/ddp2/eval_full_gaussian_white_noise_ids_v1/class_ap.txt
RSAR,gaussian_white_noise,F_veto_only,43,ema,aircraft,0.691,printed class_ap.txt (typically 3 decimals),,,complete,/home/zechuan/iraod_artifacts/comparison/xaf_student_quant_20260908/f_deletion_runs_daa3992/rsar/gaussian_white_noise/seed_43/methods/F_veto_only/ddp2/eval_full_gaussian_white_noise_ids_v1/class_ap.txt
RSAR,gaussian_white_noise,F_veto_only,43,ema,car,0.758,printed class_ap.txt (typically 3 decimals),,,complete,/home/zechuan/iraod_artifacts/comparison/xaf_student_quant_20260908/f_deletion_runs_daa3992/rsar/gaussian_white_noise/seed_43/methods/F_veto_only/ddp2/eval_full_gaussian_white_noise_ids_v1/class_ap.txt
RSAR,gaussian_white_noise,F_veto_only,43,ema,tank,0.142,printed class_ap.txt (typically 3 decimals),,,complete,/home/zechuan/iraod_artifacts/comparison/xaf_student_quant_20260908/f_deletion_runs_daa3992/rsar/gaussian_white_noise/seed_43/methods/F_veto_only/ddp2/eval_full_gaussian_white_noise_ids_v1/class_ap.txt
RSAR,gaussian_white_noise,F_veto_only,43,ema,bridge,0.368,printed class_ap.txt (typically 3 decimals),,,complete,/home/zechuan/iraod_artifacts/comparison/xaf_student_quant_20260908/f_deletion_runs_daa3992/rsar/gaussian_white_noise/seed_43/methods/F_veto_only/ddp2/eval_full_gaussian_white_noise_ids_v1/class_ap.txt
RSAR,gaussian_white_noise,F_veto_only,43,ema,harbor,0.388,printed class_ap.txt (typically 3 decimals),,,complete,/home/zechuan/iraod_artifacts/comparison/xaf_student_quant_20260908/f_deletion_runs_daa3992/rsar/gaussian_white_noise/seed_43/methods/F_veto_only/ddp2/eval_full_gaussian_white_noise_ids_v1/class_ap.txt
RSAR,gaussian_white_noise,F_veto_only,44,ema,ship,0.757,printed class_ap.txt (typically 3 decimals),,,complete,/home/zechuan/iraod_artifacts/comparison/xaf_student_quant_20260908/f_deletion_runs_daa3992/rsar/gaussian_white_noise/seed_44/methods/F_veto_only/ddp2/eval_full_gaussian_white_noise_ids_v1/class_ap.txt
RSAR,gaussian_white_noise,F_veto_only,44,ema,aircraft,0.69,printed class_ap.txt (typically 3 decimals),,,complete,/home/zechuan/iraod_artifacts/comparison/xaf_student_quant_20260908/f_deletion_runs_daa3992/rsar/gaussian_white_noise/seed_44/methods/F_veto_only/ddp2/eval_full_gaussian_white_noise_ids_v1/class_ap.txt
RSAR,gaussian_white_noise,F_veto_only,44,ema,car,0.767,printed class_ap.txt (typically 3 decimals),,,complete,/home/zechuan/iraod_artifacts/comparison/xaf_student_quant_20260908/f_deletion_runs_daa3992/rsar/gaussian_white_noise/seed_44/methods/F_veto_only/ddp2/eval_full_gaussian_white_noise_ids_v1/class_ap.txt
RSAR,gaussian_white_noise,F_veto_only,44,ema,tank,0.14,printed class_ap.txt (typically 3 decimals),,,complete,/home/zechuan/iraod_artifacts/comparison/xaf_student_quant_20260908/f_deletion_runs_daa3992/rsar/gaussian_white_noise/seed_44/methods/F_veto_only/ddp2/eval_full_gaussian_white_noise_ids_v1/class_ap.txt
RSAR,gaussian_white_noise,F_veto_only,44,ema,bridge,0.379,printed class_ap.txt (typically 3 decimals),,,complete,/home/zechuan/iraod_artifacts/comparison/xaf_student_quant_20260908/f_deletion_runs_daa3992/rsar/gaussian_white_noise/seed_44/methods/F_veto_only/ddp2/eval_full_gaussian_white_noise_ids_v1/class_ap.txt
RSAR,gaussian_white_noise,F_veto_only,44,ema,harbor,0.402,printed class_ap.txt (typically 3 decimals),,,complete,/home/zechuan/iraod_artifacts/comparison/xaf_student_quant_20260908/f_deletion_runs_daa3992/rsar/gaussian_white_noise/seed_44/methods/F_veto_only/ddp2/eval_full_gaussian_white_noise_ids_v1/class_ap.txt
RSAR,point_target,A,42,source,ship,0.747,printed class_ap.txt (typically 3 decimals),0.747,0.747,complete,/home/zechuan/iraod_artifacts/comparison/rsar/point_target/seed_42/0f98a48/methods/A/eval_full_point_target_ids_v1/class_ap.txt
RSAR,point_target,A,42,source,aircraft,0.6,printed class_ap.txt (typically 3 decimals),0.6,0.6,complete,/home/zechuan/iraod_artifacts/comparison/rsar/point_target/seed_42/0f98a48/methods/A/eval_full_point_target_ids_v1/class_ap.txt
RSAR,point_target,A,42,source,car,0.776,printed class_ap.txt (typically 3 decimals),0.776,0.776,complete,/home/zechuan/iraod_artifacts/comparison/rsar/point_target/seed_42/0f98a48/methods/A/eval_full_point_target_ids_v1/class_ap.txt
RSAR,point_target,A,42,source,tank,0.169,printed class_ap.txt (typically 3 decimals),0.169,0.169,complete,/home/zechuan/iraod_artifacts/comparison/rsar/point_target/seed_42/0f98a48/methods/A/eval_full_point_target_ids_v1/class_ap.txt
RSAR,point_target,A,42,source,bridge,0.378,printed class_ap.txt (typically 3 decimals),0.378,0.378,complete,/home/zechuan/iraod_artifacts/comparison/rsar/point_target/seed_42/0f98a48/methods/A/eval_full_point_target_ids_v1/class_ap.txt
RSAR,point_target,A,42,source,harbor,0.425,printed class_ap.txt (typically 3 decimals),0.425,0.425,complete,/home/zechuan/iraod_artifacts/comparison/rsar/point_target/seed_42/0f98a48/methods/A/eval_full_point_target_ids_v1/class_ap.txt
RSAR,point_target,F_text_only,42,ema,ship,0.746,printed class_ap.txt (typically 3 decimals),,,complete,/home/zechuan/iraod_artifacts/comparison/xaf_student_quant_20260908/f_deletion_runs_daa3992/rsar/point_target/seed_42/methods/F_text_only/ddp2/eval_full_point_target_ids_v1/class_ap.txt
RSAR,point_target,F_text_only,42,ema,aircraft,0.624,printed class_ap.txt (typically 3 decimals),,,complete,/home/zechuan/iraod_artifacts/comparison/xaf_student_quant_20260908/f_deletion_runs_daa3992/rsar/point_target/seed_42/methods/F_text_only/ddp2/eval_full_point_target_ids_v1/class_ap.txt
RSAR,point_target,F_text_only,42,ema,car,0.738,printed class_ap.txt (typically 3 decimals),,,complete,/home/zechuan/iraod_artifacts/comparison/xaf_student_quant_20260908/f_deletion_runs_daa3992/rsar/point_target/seed_42/methods/F_text_only/ddp2/eval_full_point_target_ids_v1/class_ap.txt
RSAR,point_target,F_text_only,42,ema,tank,0.148,printed class_ap.txt (typically 3 decimals),,,complete,/home/zechuan/iraod_artifacts/comparison/xaf_student_quant_20260908/f_deletion_runs_daa3992/rsar/point_target/seed_42/methods/F_text_only/ddp2/eval_full_point_target_ids_v1/class_ap.txt
RSAR,point_target,F_text_only,42,ema,bridge,0.368,printed class_ap.txt (typically 3 decimals),,,complete,/home/zechuan/iraod_artifacts/comparison/xaf_student_quant_20260908/f_deletion_runs_daa3992/rsar/point_target/seed_42/methods/F_text_only/ddp2/eval_full_point_target_ids_v1/class_ap.txt
RSAR,point_target,F_text_only,42,ema,harbor,0.399,printed class_ap.txt (typically 3 decimals),,,complete,/home/zechuan/iraod_artifacts/comparison/xaf_student_quant_20260908/f_deletion_runs_daa3992/rsar/point_target/seed_42/methods/F_text_only/ddp2/eval_full_point_target_ids_v1/class_ap.txt
RSAR,point_target,F_text_only,43,ema,ship,0.745,printed class_ap.txt (typically 3 decimals),,,complete,/home/zechuan/iraod_artifacts/comparison/xaf_student_quant_20260908/f_deletion_runs_daa3992/rsar/point_target/seed_43/methods/F_text_only/ddp2/eval_full_point_target_ids_v1/class_ap.txt
RSAR,point_target,F_text_only,43,ema,aircraft,0.593,printed class_ap.txt (typically 3 decimals),,,complete,/home/zechuan/iraod_artifacts/comparison/xaf_student_quant_20260908/f_deletion_runs_daa3992/rsar/point_target/seed_43/methods/F_text_only/ddp2/eval_full_point_target_ids_v1/class_ap.txt
RSAR,point_target,F_text_only,43,ema,car,0.722,printed class_ap.txt (typically 3 decimals),,,complete,/home/zechuan/iraod_artifacts/comparison/xaf_student_quant_20260908/f_deletion_runs_daa3992/rsar/point_target/seed_43/methods/F_text_only/ddp2/eval_full_point_target_ids_v1/class_ap.txt
RSAR,point_target,F_text_only,43,ema,tank,0.132,printed class_ap.txt (typically 3 decimals),,,complete,/home/zechuan/iraod_artifacts/comparison/xaf_student_quant_20260908/f_deletion_runs_daa3992/rsar/point_target/seed_43/methods/F_text_only/ddp2/eval_full_point_target_ids_v1/class_ap.txt
RSAR,point_target,F_text_only,43,ema,bridge,0.362,printed class_ap.txt (typically 3 decimals),,,complete,/home/zechuan/iraod_artifacts/comparison/xaf_student_quant_20260908/f_deletion_runs_daa3992/rsar/point_target/seed_43/methods/F_text_only/ddp2/eval_full_point_target_ids_v1/class_ap.txt
RSAR,point_target,F_text_only,43,ema,harbor,0.387,printed class_ap.txt (typically 3 decimals),,,complete,/home/zechuan/iraod_artifacts/comparison/xaf_student_quant_20260908/f_deletion_runs_daa3992/rsar/point_target/seed_43/methods/F_text_only/ddp2/eval_full_point_target_ids_v1/class_ap.txt
RSAR,point_target,F_text_only,44,ema,ship,0.752,printed class_ap.txt (typically 3 decimals),,,complete,/home/zechuan/iraod_artifacts/comparison/xaf_student_quant_20260908/f_deletion_runs_daa3992/rsar/point_target/seed_44/methods/F_text_only/ddp2/eval_full_point_target_ids_v1/class_ap.txt
RSAR,point_target,F_text_only,44,ema,aircraft,0.582,printed class_ap.txt (typically 3 decimals),,,complete,/home/zechuan/iraod_artifacts/comparison/xaf_student_quant_20260908/f_deletion_runs_daa3992/rsar/point_target/seed_44/methods/F_text_only/ddp2/eval_full_point_target_ids_v1/class_ap.txt
RSAR,point_target,F_text_only,44,ema,car,0.752,printed class_ap.txt (typically 3 decimals),,,complete,/home/zechuan/iraod_artifacts/comparison/xaf_student_quant_20260908/f_deletion_runs_daa3992/rsar/point_target/seed_44/methods/F_text_only/ddp2/eval_full_point_target_ids_v1/class_ap.txt
RSAR,point_target,F_text_only,44,ema,tank,0.16,printed class_ap.txt (typically 3 decimals),,,complete,/home/zechuan/iraod_artifacts/comparison/xaf_student_quant_20260908/f_deletion_runs_daa3992/rsar/point_target/seed_44/methods/F_text_only/ddp2/eval_full_point_target_ids_v1/class_ap.txt
RSAR,point_target,F_text_only,44,ema,bridge,0.37,printed class_ap.txt (typically 3 decimals),,,complete,/home/zechuan/iraod_artifacts/comparison/xaf_student_quant_20260908/f_deletion_runs_daa3992/rsar/point_target/seed_44/methods/F_text_only/ddp2/eval_full_point_target_ids_v1/class_ap.txt
RSAR,point_target,F_text_only,44,ema,harbor,0.393,printed class_ap.txt (typically 3 decimals),,,complete,/home/zechuan/iraod_artifacts/comparison/xaf_student_quant_20260908/f_deletion_runs_daa3992/rsar/point_target/seed_44/methods/F_text_only/ddp2/eval_full_point_target_ids_v1/class_ap.txt
RSAR,point_target,F_veto_only,42,ema,ship,0.739,printed class_ap.txt (typically 3 decimals),,,complete,/home/zechuan/iraod_artifacts/comparison/xaf_student_quant_20260908/f_deletion_runs_daa3992/rsar/point_target/seed_42/methods/F_veto_only/ddp2/eval_full_point_target_ids_v1/class_ap.txt
RSAR,point_target,F_veto_only,42,ema,aircraft,0.634,printed class_ap.txt (typically 3 decimals),,,complete,/home/zechuan/iraod_artifacts/comparison/xaf_student_quant_20260908/f_deletion_runs_daa3992/rsar/point_target/seed_42/methods/F_veto_only/ddp2/eval_full_point_target_ids_v1/class_ap.txt
RSAR,point_target,F_veto_only,42,ema,car,0.754,printed class_ap.txt (typically 3 decimals),,,complete,/home/zechuan/iraod_artifacts/comparison/xaf_student_quant_20260908/f_deletion_runs_daa3992/rsar/point_target/seed_42/methods/F_veto_only/ddp2/eval_full_point_target_ids_v1/class_ap.txt
RSAR,point_target,F_veto_only,42,ema,tank,0.13,printed class_ap.txt (typically 3 decimals),,,complete,/home/zechuan/iraod_artifacts/comparison/xaf_student_quant_20260908/f_deletion_runs_daa3992/rsar/point_target/seed_42/methods/F_veto_only/ddp2/eval_full_point_target_ids_v1/class_ap.txt
RSAR,point_target,F_veto_only,42,ema,bridge,0.366,printed class_ap.txt (typically 3 decimals),,,complete,/home/zechuan/iraod_artifacts/comparison/xaf_student_quant_20260908/f_deletion_runs_daa3992/rsar/point_target/seed_42/methods/F_veto_only/ddp2/eval_full_point_target_ids_v1/class_ap.txt
RSAR,point_target,F_veto_only,42,ema,harbor,0.402,printed class_ap.txt (typically 3 decimals),,,complete,/home/zechuan/iraod_artifacts/comparison/xaf_student_quant_20260908/f_deletion_runs_daa3992/rsar/point_target/seed_42/methods/F_veto_only/ddp2/eval_full_point_target_ids_v1/class_ap.txt
RSAR,point_target,F_veto_only,43,ema,ship,0.736,printed class_ap.txt (typically 3 decimals),,,complete,/home/zechuan/iraod_artifacts/comparison/xaf_student_quant_20260908/f_deletion_runs_daa3992/rsar/point_target/seed_43/methods/F_veto_only/ddp2/eval_full_point_target_ids_v1/class_ap.txt
RSAR,point_target,F_veto_only,43,ema,aircraft,0.631,printed class_ap.txt (typically 3 decimals),,,complete,/home/zechuan/iraod_artifacts/comparison/xaf_student_quant_20260908/f_deletion_runs_daa3992/rsar/point_target/seed_43/methods/F_veto_only/ddp2/eval_full_point_target_ids_v1/class_ap.txt
RSAR,point_target,F_veto_only,43,ema,car,0.752,printed class_ap.txt (typically 3 decimals),,,complete,/home/zechuan/iraod_artifacts/comparison/xaf_student_quant_20260908/f_deletion_runs_daa3992/rsar/point_target/seed_43/methods/F_veto_only/ddp2/eval_full_point_target_ids_v1/class_ap.txt
RSAR,point_target,F_veto_only,43,ema,tank,0.148,printed class_ap.txt (typically 3 decimals),,,complete,/home/zechuan/iraod_artifacts/comparison/xaf_student_quant_20260908/f_deletion_runs_daa3992/rsar/point_target/seed_43/methods/F_veto_only/ddp2/eval_full_point_target_ids_v1/class_ap.txt
RSAR,point_target,F_veto_only,43,ema,bridge,0.357,printed class_ap.txt (typically 3 decimals),,,complete,/home/zechuan/iraod_artifacts/comparison/xaf_student_quant_20260908/f_deletion_runs_daa3992/rsar/point_target/seed_43/methods/F_veto_only/ddp2/eval_full_point_target_ids_v1/class_ap.txt
RSAR,point_target,F_veto_only,43,ema,harbor,0.385,printed class_ap.txt (typically 3 decimals),,,complete,/home/zechuan/iraod_artifacts/comparison/xaf_student_quant_20260908/f_deletion_runs_daa3992/rsar/point_target/seed_43/methods/F_veto_only/ddp2/eval_full_point_target_ids_v1/class_ap.txt
RSAR,point_target,F_veto_only,44,ema,ship,0.736,printed class_ap.txt (typically 3 decimals),,,complete,/home/zechuan/iraod_artifacts/comparison/xaf_student_quant_20260908/f_deletion_runs_daa3992/rsar/point_target/seed_44/methods/F_veto_only/ddp2/eval_full_point_target_ids_v1/class_ap.txt
RSAR,point_target,F_veto_only,44,ema,aircraft,0.626,printed class_ap.txt (typically 3 decimals),,,complete,/home/zechuan/iraod_artifacts/comparison/xaf_student_quant_20260908/f_deletion_runs_daa3992/rsar/point_target/seed_44/methods/F_veto_only/ddp2/eval_full_point_target_ids_v1/class_ap.txt
RSAR,point_target,F_veto_only,44,ema,car,0.765,printed class_ap.txt (typically 3 decimals),,,complete,/home/zechuan/iraod_artifacts/comparison/xaf_student_quant_20260908/f_deletion_runs_daa3992/rsar/point_target/seed_44/methods/F_veto_only/ddp2/eval_full_point_target_ids_v1/class_ap.txt
RSAR,point_target,F_veto_only,44,ema,tank,0.141,printed class_ap.txt (typically 3 decimals),,,complete,/home/zechuan/iraod_artifacts/comparison/xaf_student_quant_20260908/f_deletion_runs_daa3992/rsar/point_target/seed_44/methods/F_veto_only/ddp2/eval_full_point_target_ids_v1/class_ap.txt
RSAR,point_target,F_veto_only,44,ema,bridge,0.37,printed class_ap.txt (typically 3 decimals),,,complete,/home/zechuan/iraod_artifacts/comparison/xaf_student_quant_20260908/f_deletion_runs_daa3992/rsar/point_target/seed_44/methods/F_veto_only/ddp2/eval_full_point_target_ids_v1/class_ap.txt
RSAR,point_target,F_veto_only,44,ema,harbor,0.422,printed class_ap.txt (typically 3 decimals),,,complete,/home/zechuan/iraod_artifacts/comparison/xaf_student_quant_20260908/f_deletion_runs_daa3992/rsar/point_target/seed_44/methods/F_veto_only/ddp2/eval_full_point_target_ids_v1/class_ap.txt
RSAR,noise_suppression,A,42,source,ship,0.466,printed class_ap.txt (typically 3 decimals),0.466,0.466,complete,/home/zechuan/iraod_artifacts/comparison/rsar/noise_suppression/seed_42/0f98a48/methods/A/eval_full_noise_suppression_ids_v1/class_ap.txt
RSAR,noise_suppression,A,42,source,aircraft,0.051,printed class_ap.txt (typically 3 decimals),0.051,0.051,complete,/home/zechuan/iraod_artifacts/comparison/rsar/noise_suppression/seed_42/0f98a48/methods/A/eval_full_noise_suppression_ids_v1/class_ap.txt
RSAR,noise_suppression,A,42,source,car,0.0,printed class_ap.txt (typically 3 decimals),0.0,0.0,complete,/home/zechuan/iraod_artifacts/comparison/rsar/noise_suppression/seed_42/0f98a48/methods/A/eval_full_noise_suppression_ids_v1/class_ap.txt
RSAR,noise_suppression,A,42,source,tank,0.001,printed class_ap.txt (typically 3 decimals),0.001,0.001,complete,/home/zechuan/iraod_artifacts/comparison/rsar/noise_suppression/seed_42/0f98a48/methods/A/eval_full_noise_suppression_ids_v1/class_ap.txt
RSAR,noise_suppression,A,42,source,bridge,0.346,printed class_ap.txt (typically 3 decimals),0.346,0.346,complete,/home/zechuan/iraod_artifacts/comparison/rsar/noise_suppression/seed_42/0f98a48/methods/A/eval_full_noise_suppression_ids_v1/class_ap.txt
RSAR,noise_suppression,A,42,source,harbor,0.116,printed class_ap.txt (typically 3 decimals),0.116,0.116,complete,/home/zechuan/iraod_artifacts/comparison/rsar/noise_suppression/seed_42/0f98a48/methods/A/eval_full_noise_suppression_ids_v1/class_ap.txt
RSAR,noise_suppression,F_text_only,43,ema,ship,0.467,printed class_ap.txt (typically 3 decimals),,,complete,/home/zechuan/iraod_artifacts/comparison/xaf_student_quant_20260908/f_deletion_runs_daa3992/rsar/noise_suppression/seed_43/methods/F_text_only/ddp2/eval_full_noise_suppression_ids_v1/class_ap.txt
RSAR,noise_suppression,F_text_only,43,ema,aircraft,0.101,printed class_ap.txt (typically 3 decimals),,,complete,/home/zechuan/iraod_artifacts/comparison/xaf_student_quant_20260908/f_deletion_runs_daa3992/rsar/noise_suppression/seed_43/methods/F_text_only/ddp2/eval_full_noise_suppression_ids_v1/class_ap.txt
RSAR,noise_suppression,F_text_only,43,ema,car,0.0,printed class_ap.txt (typically 3 decimals),,,complete,/home/zechuan/iraod_artifacts/comparison/xaf_student_quant_20260908/f_deletion_runs_daa3992/rsar/noise_suppression/seed_43/methods/F_text_only/ddp2/eval_full_noise_suppression_ids_v1/class_ap.txt
RSAR,noise_suppression,F_text_only,43,ema,tank,0.001,printed class_ap.txt (typically 3 decimals),,,complete,/home/zechuan/iraod_artifacts/comparison/xaf_student_quant_20260908/f_deletion_runs_daa3992/rsar/noise_suppression/seed_43/methods/F_text_only/ddp2/eval_full_noise_suppression_ids_v1/class_ap.txt
RSAR,noise_suppression,F_text_only,43,ema,bridge,0.306,printed class_ap.txt (typically 3 decimals),,,complete,/home/zechuan/iraod_artifacts/comparison/xaf_student_quant_20260908/f_deletion_runs_daa3992/rsar/noise_suppression/seed_43/methods/F_text_only/ddp2/eval_full_noise_suppression_ids_v1/class_ap.txt
RSAR,noise_suppression,F_text_only,43,ema,harbor,0.08,printed class_ap.txt (typically 3 decimals),,,complete,/home/zechuan/iraod_artifacts/comparison/xaf_student_quant_20260908/f_deletion_runs_daa3992/rsar/noise_suppression/seed_43/methods/F_text_only/ddp2/eval_full_noise_suppression_ids_v1/class_ap.txt
RSAR,noise_suppression,F_text_only,44,ema,ship,0.455,printed class_ap.txt (typically 3 decimals),,,complete,/home/zechuan/iraod_artifacts/comparison/xaf_student_quant_20260908/f_deletion_runs_daa3992/rsar/noise_suppression/seed_44/methods/F_text_only/ddp2/eval_full_noise_suppression_ids_v1/class_ap.txt
RSAR,noise_suppression,F_text_only,44,ema,aircraft,0.048,printed class_ap.txt (typically 3 decimals),,,complete,/home/zechuan/iraod_artifacts/comparison/xaf_student_quant_20260908/f_deletion_runs_daa3992/rsar/noise_suppression/seed_44/methods/F_text_only/ddp2/eval_full_noise_suppression_ids_v1/class_ap.txt
RSAR,noise_suppression,F_text_only,44,ema,car,0.0,printed class_ap.txt (typically 3 decimals),,,complete,/home/zechuan/iraod_artifacts/comparison/xaf_student_quant_20260908/f_deletion_runs_daa3992/rsar/noise_suppression/seed_44/methods/F_text_only/ddp2/eval_full_noise_suppression_ids_v1/class_ap.txt
RSAR,noise_suppression,F_text_only,44,ema,tank,0.001,printed class_ap.txt (typically 3 decimals),,,complete,/home/zechuan/iraod_artifacts/comparison/xaf_student_quant_20260908/f_deletion_runs_daa3992/rsar/noise_suppression/seed_44/methods/F_text_only/ddp2/eval_full_noise_suppression_ids_v1/class_ap.txt
RSAR,noise_suppression,F_text_only,44,ema,bridge,0.305,printed class_ap.txt (typically 3 decimals),,,complete,/home/zechuan/iraod_artifacts/comparison/xaf_student_quant_20260908/f_deletion_runs_daa3992/rsar/noise_suppression/seed_44/methods/F_text_only/ddp2/eval_full_noise_suppression_ids_v1/class_ap.txt
RSAR,noise_suppression,F_text_only,44,ema,harbor,0.086,printed class_ap.txt (typically 3 decimals),,,complete,/home/zechuan/iraod_artifacts/comparison/xaf_student_quant_20260908/f_deletion_runs_daa3992/rsar/noise_suppression/seed_44/methods/F_text_only/ddp2/eval_full_noise_suppression_ids_v1/class_ap.txt
RSAR,noise_suppression,F_veto_only,42,ema,ship,0.515,printed class_ap.txt (typically 3 decimals),,,complete,/home/zechuan/iraod_artifacts/comparison/xaf_student_quant_20260908/f_deletion_runs_daa3992/rsar/noise_suppression/seed_42/methods/F_veto_only/ddp2/eval_full_noise_suppression_ids_v1/class_ap.txt
RSAR,noise_suppression,F_veto_only,42,ema,aircraft,0.114,printed class_ap.txt (typically 3 decimals),,,complete,/home/zechuan/iraod_artifacts/comparison/xaf_student_quant_20260908/f_deletion_runs_daa3992/rsar/noise_suppression/seed_42/methods/F_veto_only/ddp2/eval_full_noise_suppression_ids_v1/class_ap.txt
RSAR,noise_suppression,F_veto_only,42,ema,car,0.0,printed class_ap.txt (typically 3 decimals),,,complete,/home/zechuan/iraod_artifacts/comparison/xaf_student_quant_20260908/f_deletion_runs_daa3992/rsar/noise_suppression/seed_42/methods/F_veto_only/ddp2/eval_full_noise_suppression_ids_v1/class_ap.txt
RSAR,noise_suppression,F_veto_only,42,ema,tank,0.002,printed class_ap.txt (typically 3 decimals),,,complete,/home/zechuan/iraod_artifacts/comparison/xaf_student_quant_20260908/f_deletion_runs_daa3992/rsar/noise_suppression/seed_42/methods/F_veto_only/ddp2/eval_full_noise_suppression_ids_v1/class_ap.txt
RSAR,noise_suppression,F_veto_only,42,ema,bridge,0.341,printed class_ap.txt (typically 3 decimals),,,complete,/home/zechuan/iraod_artifacts/comparison/xaf_student_quant_20260908/f_deletion_runs_daa3992/rsar/noise_suppression/seed_42/methods/F_veto_only/ddp2/eval_full_noise_suppression_ids_v1/class_ap.txt
RSAR,noise_suppression,F_veto_only,42,ema,harbor,0.081,printed class_ap.txt (typically 3 decimals),,,complete,/home/zechuan/iraod_artifacts/comparison/xaf_student_quant_20260908/f_deletion_runs_daa3992/rsar/noise_suppression/seed_42/methods/F_veto_only/ddp2/eval_full_noise_suppression_ids_v1/class_ap.txt
RSAR,noise_suppression,F_veto_only,43,ema,ship,0.523,printed class_ap.txt (typically 3 decimals),,,complete,/home/zechuan/iraod_artifacts/comparison/xaf_student_quant_20260908/f_deletion_runs_daa3992/rsar/noise_suppression/seed_43/methods/F_veto_only/ddp2/eval_full_noise_suppression_ids_v1/class_ap.txt
RSAR,noise_suppression,F_veto_only,43,ema,aircraft,0.048,printed class_ap.txt (typically 3 decimals),,,complete,/home/zechuan/iraod_artifacts/comparison/xaf_student_quant_20260908/f_deletion_runs_daa3992/rsar/noise_suppression/seed_43/methods/F_veto_only/ddp2/eval_full_noise_suppression_ids_v1/class_ap.txt
RSAR,noise_suppression,F_veto_only,43,ema,car,0.001,printed class_ap.txt (typically 3 decimals),,,complete,/home/zechuan/iraod_artifacts/comparison/xaf_student_quant_20260908/f_deletion_runs_daa3992/rsar/noise_suppression/seed_43/methods/F_veto_only/ddp2/eval_full_noise_suppression_ids_v1/class_ap.txt
RSAR,noise_suppression,F_veto_only,43,ema,tank,0.001,printed class_ap.txt (typically 3 decimals),,,complete,/home/zechuan/iraod_artifacts/comparison/xaf_student_quant_20260908/f_deletion_runs_daa3992/rsar/noise_suppression/seed_43/methods/F_veto_only/ddp2/eval_full_noise_suppression_ids_v1/class_ap.txt
RSAR,noise_suppression,F_veto_only,43,ema,bridge,0.35,printed class_ap.txt (typically 3 decimals),,,complete,/home/zechuan/iraod_artifacts/comparison/xaf_student_quant_20260908/f_deletion_runs_daa3992/rsar/noise_suppression/seed_43/methods/F_veto_only/ddp2/eval_full_noise_suppression_ids_v1/class_ap.txt
RSAR,noise_suppression,F_veto_only,43,ema,harbor,0.088,printed class_ap.txt (typically 3 decimals),,,complete,/home/zechuan/iraod_artifacts/comparison/xaf_student_quant_20260908/f_deletion_runs_daa3992/rsar/noise_suppression/seed_43/methods/F_veto_only/ddp2/eval_full_noise_suppression_ids_v1/class_ap.txt
RSAR,noise_suppression,F_veto_only,44,ema,ship,0.515,printed class_ap.txt (typically 3 decimals),,,complete,/home/zechuan/iraod_artifacts/comparison/xaf_student_quant_20260908/f_deletion_runs_daa3992/rsar/noise_suppression/seed_44/methods/F_veto_only/ddp2/eval_full_noise_suppression_ids_v1/class_ap.txt
RSAR,noise_suppression,F_veto_only,44,ema,aircraft,0.072,printed class_ap.txt (typically 3 decimals),,,complete,/home/zechuan/iraod_artifacts/comparison/xaf_student_quant_20260908/f_deletion_runs_daa3992/rsar/noise_suppression/seed_44/methods/F_veto_only/ddp2/eval_full_noise_suppression_ids_v1/class_ap.txt
RSAR,noise_suppression,F_veto_only,44,ema,car,0.0,printed class_ap.txt (typically 3 decimals),,,complete,/home/zechuan/iraod_artifacts/comparison/xaf_student_quant_20260908/f_deletion_runs_daa3992/rsar/noise_suppression/seed_44/methods/F_veto_only/ddp2/eval_full_noise_suppression_ids_v1/class_ap.txt
RSAR,noise_suppression,F_veto_only,44,ema,tank,0.001,printed class_ap.txt (typically 3 decimals),,,complete,/home/zechuan/iraod_artifacts/comparison/xaf_student_quant_20260908/f_deletion_runs_daa3992/rsar/noise_suppression/seed_44/methods/F_veto_only/ddp2/eval_full_noise_suppression_ids_v1/class_ap.txt
RSAR,noise_suppression,F_veto_only,44,ema,bridge,0.34,printed class_ap.txt (typically 3 decimals),,,complete,/home/zechuan/iraod_artifacts/comparison/xaf_student_quant_20260908/f_deletion_runs_daa3992/rsar/noise_suppression/seed_44/methods/F_veto_only/ddp2/eval_full_noise_suppression_ids_v1/class_ap.txt
RSAR,noise_suppression,F_veto_only,44,ema,harbor,0.156,printed class_ap.txt (typically 3 decimals),,,complete,/home/zechuan/iraod_artifacts/comparison/xaf_student_quant_20260908/f_deletion_runs_daa3992/rsar/noise_suppression/seed_44/methods/F_veto_only/ddp2/eval_full_noise_suppression_ids_v1/class_ap.txt
RSAR,am_noise_horizontal,A,42,source,ship,0.285,printed class_ap.txt (typically 3 decimals),0.285,0.285,complete,/home/zechuan/iraod_artifacts/comparison/rsar/am_noise_horizontal/seed_42/0f98a48/methods/A/eval_full_am_noise_horizontal_ids_v1/class_ap.txt
RSAR,am_noise_horizontal,A,42,source,aircraft,0.091,printed class_ap.txt (typically 3 decimals),0.091,0.091,complete,/home/zechuan/iraod_artifacts/comparison/rsar/am_noise_horizontal/seed_42/0f98a48/methods/A/eval_full_am_noise_horizontal_ids_v1/class_ap.txt
RSAR,am_noise_horizontal,A,42,source,car,0.448,printed class_ap.txt (typically 3 decimals),0.448,0.448,complete,/home/zechuan/iraod_artifacts/comparison/rsar/am_noise_horizontal/seed_42/0f98a48/methods/A/eval_full_am_noise_horizontal_ids_v1/class_ap.txt
RSAR,am_noise_horizontal,A,42,source,tank,0.094,printed class_ap.txt (typically 3 decimals),0.094,0.094,complete,/home/zechuan/iraod_artifacts/comparison/rsar/am_noise_horizontal/seed_42/0f98a48/methods/A/eval_full_am_noise_horizontal_ids_v1/class_ap.txt
RSAR,am_noise_horizontal,A,42,source,bridge,0.159,printed class_ap.txt (typically 3 decimals),0.159,0.159,complete,/home/zechuan/iraod_artifacts/comparison/rsar/am_noise_horizontal/seed_42/0f98a48/methods/A/eval_full_am_noise_horizontal_ids_v1/class_ap.txt
RSAR,am_noise_horizontal,A,42,source,harbor,0.16,printed class_ap.txt (typically 3 decimals),0.16,0.16,complete,/home/zechuan/iraod_artifacts/comparison/rsar/am_noise_horizontal/seed_42/0f98a48/methods/A/eval_full_am_noise_horizontal_ids_v1/class_ap.txt
RSAR,am_noise_horizontal,F_text_only,42,ema,ship,0.295,printed class_ap.txt (typically 3 decimals),,,complete,/home/zechuan/iraod_artifacts/comparison/xaf_student_quant_20260908/f_deletion_runs_daa3992/rsar/am_noise_horizontal/seed_42/methods/F_text_only/ddp2/eval_full_am_noise_horizontal_ids_v1/class_ap.txt
RSAR,am_noise_horizontal,F_text_only,42,ema,aircraft,0.0,printed class_ap.txt (typically 3 decimals),,,complete,/home/zechuan/iraod_artifacts/comparison/xaf_student_quant_20260908/f_deletion_runs_daa3992/rsar/am_noise_horizontal/seed_42/methods/F_text_only/ddp2/eval_full_am_noise_horizontal_ids_v1/class_ap.txt
RSAR,am_noise_horizontal,F_text_only,42,ema,car,0.338,printed class_ap.txt (typically 3 decimals),,,complete,/home/zechuan/iraod_artifacts/comparison/xaf_student_quant_20260908/f_deletion_runs_daa3992/rsar/am_noise_horizontal/seed_42/methods/F_text_only/ddp2/eval_full_am_noise_horizontal_ids_v1/class_ap.txt
RSAR,am_noise_horizontal,F_text_only,42,ema,tank,0.045,printed class_ap.txt (typically 3 decimals),,,complete,/home/zechuan/iraod_artifacts/comparison/xaf_student_quant_20260908/f_deletion_runs_daa3992/rsar/am_noise_horizontal/seed_42/methods/F_text_only/ddp2/eval_full_am_noise_horizontal_ids_v1/class_ap.txt
RSAR,am_noise_horizontal,F_text_only,42,ema,bridge,0.157,printed class_ap.txt (typically 3 decimals),,,complete,/home/zechuan/iraod_artifacts/comparison/xaf_student_quant_20260908/f_deletion_runs_daa3992/rsar/am_noise_horizontal/seed_42/methods/F_text_only/ddp2/eval_full_am_noise_horizontal_ids_v1/class_ap.txt
RSAR,am_noise_horizontal,F_text_only,42,ema,harbor,0.079,printed class_ap.txt (typically 3 decimals),,,complete,/home/zechuan/iraod_artifacts/comparison/xaf_student_quant_20260908/f_deletion_runs_daa3992/rsar/am_noise_horizontal/seed_42/methods/F_text_only/ddp2/eval_full_am_noise_horizontal_ids_v1/class_ap.txt
RSAR,am_noise_horizontal,F_veto_only,42,ema,ship,0.388,printed class_ap.txt (typically 3 decimals),,,complete,/home/zechuan/iraod_artifacts/comparison/xaf_student_quant_20260908/f_deletion_runs_daa3992/rsar/am_noise_horizontal/seed_42/methods/F_veto_only/ddp2/eval_full_am_noise_horizontal_ids_v1/class_ap.txt
RSAR,am_noise_horizontal,F_veto_only,42,ema,aircraft,0.091,printed class_ap.txt (typically 3 decimals),,,complete,/home/zechuan/iraod_artifacts/comparison/xaf_student_quant_20260908/f_deletion_runs_daa3992/rsar/am_noise_horizontal/seed_42/methods/F_veto_only/ddp2/eval_full_am_noise_horizontal_ids_v1/class_ap.txt
RSAR,am_noise_horizontal,F_veto_only,42,ema,car,0.547,printed class_ap.txt (typically 3 decimals),,,complete,/home/zechuan/iraod_artifacts/comparison/xaf_student_quant_20260908/f_deletion_runs_daa3992/rsar/am_noise_horizontal/seed_42/methods/F_veto_only/ddp2/eval_full_am_noise_horizontal_ids_v1/class_ap.txt
RSAR,am_noise_horizontal,F_veto_only,42,ema,tank,0.091,printed class_ap.txt (typically 3 decimals),,,complete,/home/zechuan/iraod_artifacts/comparison/xaf_student_quant_20260908/f_deletion_runs_daa3992/rsar/am_noise_horizontal/seed_42/methods/F_veto_only/ddp2/eval_full_am_noise_horizontal_ids_v1/class_ap.txt
RSAR,am_noise_horizontal,F_veto_only,42,ema,bridge,0.201,printed class_ap.txt (typically 3 decimals),,,complete,/home/zechuan/iraod_artifacts/comparison/xaf_student_quant_20260908/f_deletion_runs_daa3992/rsar/am_noise_horizontal/seed_42/methods/F_veto_only/ddp2/eval_full_am_noise_horizontal_ids_v1/class_ap.txt
RSAR,am_noise_horizontal,F_veto_only,42,ema,harbor,0.165,printed class_ap.txt (typically 3 decimals),,,complete,/home/zechuan/iraod_artifacts/comparison/xaf_student_quant_20260908/f_deletion_runs_daa3992/rsar/am_noise_horizontal/seed_42/methods/F_veto_only/ddp2/eval_full_am_noise_horizontal_ids_v1/class_ap.txt
RSAR,am_noise_horizontal,F_veto_only,44,ema,ship,0.371,printed class_ap.txt (typically 3 decimals),,,complete,/home/zechuan/iraod_artifacts/comparison/xaf_student_quant_20260908/f_deletion_runs_daa3992/rsar/am_noise_horizontal/seed_44/methods/F_veto_only/ddp2/eval_full_am_noise_horizontal_ids_v1/class_ap.txt
RSAR,am_noise_horizontal,F_veto_only,44,ema,aircraft,0.091,printed class_ap.txt (typically 3 decimals),,,complete,/home/zechuan/iraod_artifacts/comparison/xaf_student_quant_20260908/f_deletion_runs_daa3992/rsar/am_noise_horizontal/seed_44/methods/F_veto_only/ddp2/eval_full_am_noise_horizontal_ids_v1/class_ap.txt
RSAR,am_noise_horizontal,F_veto_only,44,ema,car,0.532,printed class_ap.txt (typically 3 decimals),,,complete,/home/zechuan/iraod_artifacts/comparison/xaf_student_quant_20260908/f_deletion_runs_daa3992/rsar/am_noise_horizontal/seed_44/methods/F_veto_only/ddp2/eval_full_am_noise_horizontal_ids_v1/class_ap.txt
RSAR,am_noise_horizontal,F_veto_only,44,ema,tank,0.091,printed class_ap.txt (typically 3 decimals),,,complete,/home/zechuan/iraod_artifacts/comparison/xaf_student_quant_20260908/f_deletion_runs_daa3992/rsar/am_noise_horizontal/seed_44/methods/F_veto_only/ddp2/eval_full_am_noise_horizontal_ids_v1/class_ap.txt
RSAR,am_noise_horizontal,F_veto_only,44,ema,bridge,0.196,printed class_ap.txt (typically 3 decimals),,,complete,/home/zechuan/iraod_artifacts/comparison/xaf_student_quant_20260908/f_deletion_runs_daa3992/rsar/am_noise_horizontal/seed_44/methods/F_veto_only/ddp2/eval_full_am_noise_horizontal_ids_v1/class_ap.txt
RSAR,am_noise_horizontal,F_veto_only,44,ema,harbor,0.157,printed class_ap.txt (typically 3 decimals),,,complete,/home/zechuan/iraod_artifacts/comparison/xaf_student_quant_20260908/f_deletion_runs_daa3992/rsar/am_noise_horizontal/seed_44/methods/F_veto_only/ddp2/eval_full_am_noise_horizontal_ids_v1/class_ap.txt
RSAR,smart_suppression,A,42,source,ship,0.419,printed class_ap.txt (typically 3 decimals),0.419,0.419,complete,/home/zechuan/iraod_artifacts/comparison/rsar/smart_suppression/seed_42/0f98a48/methods/A/eval_full_smart_suppression_ids_v1/class_ap.txt
RSAR,smart_suppression,A,42,source,aircraft,0.021,printed class_ap.txt (typically 3 decimals),0.021,0.021,complete,/home/zechuan/iraod_artifacts/comparison/rsar/smart_suppression/seed_42/0f98a48/methods/A/eval_full_smart_suppression_ids_v1/class_ap.txt
RSAR,smart_suppression,A,42,source,car,0.007,printed class_ap.txt (typically 3 decimals),0.007,0.007,complete,/home/zechuan/iraod_artifacts/comparison/rsar/smart_suppression/seed_42/0f98a48/methods/A/eval_full_smart_suppression_ids_v1/class_ap.txt
RSAR,smart_suppression,A,42,source,tank,0.008,printed class_ap.txt (typically 3 decimals),0.008,0.008,complete,/home/zechuan/iraod_artifacts/comparison/rsar/smart_suppression/seed_42/0f98a48/methods/A/eval_full_smart_suppression_ids_v1/class_ap.txt
RSAR,smart_suppression,A,42,source,bridge,0.298,printed class_ap.txt (typically 3 decimals),0.298,0.298,complete,/home/zechuan/iraod_artifacts/comparison/rsar/smart_suppression/seed_42/0f98a48/methods/A/eval_full_smart_suppression_ids_v1/class_ap.txt
RSAR,smart_suppression,A,42,source,harbor,0.11,printed class_ap.txt (typically 3 decimals),0.11,0.11,complete,/home/zechuan/iraod_artifacts/comparison/rsar/smart_suppression/seed_42/0f98a48/methods/A/eval_full_smart_suppression_ids_v1/class_ap.txt
RSAR,smart_suppression,F_text_only,42,ema,ship,0.408,printed class_ap.txt (typically 3 decimals),,,complete,/home/zechuan/iraod_artifacts/comparison/xaf_student_quant_20260908/f_deletion_runs_daa3992/rsar/smart_suppression/seed_42/methods/F_text_only/ddp2/eval_full_smart_suppression_ids_v1/class_ap.txt
RSAR,smart_suppression,F_text_only,42,ema,aircraft,0.097,printed class_ap.txt (typically 3 decimals),,,complete,/home/zechuan/iraod_artifacts/comparison/xaf_student_quant_20260908/f_deletion_runs_daa3992/rsar/smart_suppression/seed_42/methods/F_text_only/ddp2/eval_full_smart_suppression_ids_v1/class_ap.txt
RSAR,smart_suppression,F_text_only,42,ema,car,0.005,printed class_ap.txt (typically 3 decimals),,,complete,/home/zechuan/iraod_artifacts/comparison/xaf_student_quant_20260908/f_deletion_runs_daa3992/rsar/smart_suppression/seed_42/methods/F_text_only/ddp2/eval_full_smart_suppression_ids_v1/class_ap.txt
RSAR,smart_suppression,F_text_only,42,ema,tank,0.004,printed class_ap.txt (typically 3 decimals),,,complete,/home/zechuan/iraod_artifacts/comparison/xaf_student_quant_20260908/f_deletion_runs_daa3992/rsar/smart_suppression/seed_42/methods/F_text_only/ddp2/eval_full_smart_suppression_ids_v1/class_ap.txt
RSAR,smart_suppression,F_text_only,42,ema,bridge,0.289,printed class_ap.txt (typically 3 decimals),,,complete,/home/zechuan/iraod_artifacts/comparison/xaf_student_quant_20260908/f_deletion_runs_daa3992/rsar/smart_suppression/seed_42/methods/F_text_only/ddp2/eval_full_smart_suppression_ids_v1/class_ap.txt
RSAR,smart_suppression,F_text_only,42,ema,harbor,0.065,printed class_ap.txt (typically 3 decimals),,,complete,/home/zechuan/iraod_artifacts/comparison/xaf_student_quant_20260908/f_deletion_runs_daa3992/rsar/smart_suppression/seed_42/methods/F_text_only/ddp2/eval_full_smart_suppression_ids_v1/class_ap.txt
RSAR,smart_suppression,F_text_only,43,ema,ship,0.409,printed class_ap.txt (typically 3 decimals),,,complete,/home/zechuan/iraod_artifacts/comparison/xaf_student_quant_20260908/f_deletion_runs_daa3992/rsar/smart_suppression/seed_43/methods/F_text_only/ddp2/eval_full_smart_suppression_ids_v1/class_ap.txt
RSAR,smart_suppression,F_text_only,43,ema,aircraft,0.048,printed class_ap.txt (typically 3 decimals),,,complete,/home/zechuan/iraod_artifacts/comparison/xaf_student_quant_20260908/f_deletion_runs_daa3992/rsar/smart_suppression/seed_43/methods/F_text_only/ddp2/eval_full_smart_suppression_ids_v1/class_ap.txt
RSAR,smart_suppression,F_text_only,43,ema,car,0.006,printed class_ap.txt (typically 3 decimals),,,complete,/home/zechuan/iraod_artifacts/comparison/xaf_student_quant_20260908/f_deletion_runs_daa3992/rsar/smart_suppression/seed_43/methods/F_text_only/ddp2/eval_full_smart_suppression_ids_v1/class_ap.txt
RSAR,smart_suppression,F_text_only,43,ema,tank,0.004,printed class_ap.txt (typically 3 decimals),,,complete,/home/zechuan/iraod_artifacts/comparison/xaf_student_quant_20260908/f_deletion_runs_daa3992/rsar/smart_suppression/seed_43/methods/F_text_only/ddp2/eval_full_smart_suppression_ids_v1/class_ap.txt
RSAR,smart_suppression,F_text_only,43,ema,bridge,0.252,printed class_ap.txt (typically 3 decimals),,,complete,/home/zechuan/iraod_artifacts/comparison/xaf_student_quant_20260908/f_deletion_runs_daa3992/rsar/smart_suppression/seed_43/methods/F_text_only/ddp2/eval_full_smart_suppression_ids_v1/class_ap.txt
RSAR,smart_suppression,F_text_only,43,ema,harbor,0.059,printed class_ap.txt (typically 3 decimals),,,complete,/home/zechuan/iraod_artifacts/comparison/xaf_student_quant_20260908/f_deletion_runs_daa3992/rsar/smart_suppression/seed_43/methods/F_text_only/ddp2/eval_full_smart_suppression_ids_v1/class_ap.txt
RSAR,smart_suppression,F_text_only,44,ema,ship,0.393,printed class_ap.txt (typically 3 decimals),,,complete,/home/zechuan/iraod_artifacts/comparison/xaf_student_quant_20260908/f_deletion_runs_daa3992/rsar/smart_suppression/seed_44/methods/F_text_only/ddp2/eval_full_smart_suppression_ids_v1/class_ap.txt
RSAR,smart_suppression,F_text_only,44,ema,aircraft,0.098,printed class_ap.txt (typically 3 decimals),,,complete,/home/zechuan/iraod_artifacts/comparison/xaf_student_quant_20260908/f_deletion_runs_daa3992/rsar/smart_suppression/seed_44/methods/F_text_only/ddp2/eval_full_smart_suppression_ids_v1/class_ap.txt
RSAR,smart_suppression,F_text_only,44,ema,car,0.002,printed class_ap.txt (typically 3 decimals),,,complete,/home/zechuan/iraod_artifacts/comparison/xaf_student_quant_20260908/f_deletion_runs_daa3992/rsar/smart_suppression/seed_44/methods/F_text_only/ddp2/eval_full_smart_suppression_ids_v1/class_ap.txt
RSAR,smart_suppression,F_text_only,44,ema,tank,0.01,printed class_ap.txt (typically 3 decimals),,,complete,/home/zechuan/iraod_artifacts/comparison/xaf_student_quant_20260908/f_deletion_runs_daa3992/rsar/smart_suppression/seed_44/methods/F_text_only/ddp2/eval_full_smart_suppression_ids_v1/class_ap.txt
RSAR,smart_suppression,F_text_only,44,ema,bridge,0.271,printed class_ap.txt (typically 3 decimals),,,complete,/home/zechuan/iraod_artifacts/comparison/xaf_student_quant_20260908/f_deletion_runs_daa3992/rsar/smart_suppression/seed_44/methods/F_text_only/ddp2/eval_full_smart_suppression_ids_v1/class_ap.txt
RSAR,smart_suppression,F_text_only,44,ema,harbor,0.053,printed class_ap.txt (typically 3 decimals),,,complete,/home/zechuan/iraod_artifacts/comparison/xaf_student_quant_20260908/f_deletion_runs_daa3992/rsar/smart_suppression/seed_44/methods/F_text_only/ddp2/eval_full_smart_suppression_ids_v1/class_ap.txt
RSAR,smart_suppression,F_veto_only,42,ema,ship,0.425,printed class_ap.txt (typically 3 decimals),,,complete,/home/zechuan/iraod_artifacts/comparison/xaf_student_quant_20260908/f_deletion_runs_daa3992/rsar/smart_suppression/seed_42/methods/F_veto_only/ddp2/eval_full_smart_suppression_ids_v1/class_ap.txt
RSAR,smart_suppression,F_veto_only,42,ema,aircraft,0.1,printed class_ap.txt (typically 3 decimals),,,complete,/home/zechuan/iraod_artifacts/comparison/xaf_student_quant_20260908/f_deletion_runs_daa3992/rsar/smart_suppression/seed_42/methods/F_veto_only/ddp2/eval_full_smart_suppression_ids_v1/class_ap.txt
RSAR,smart_suppression,F_veto_only,42,ema,car,0.011,printed class_ap.txt (typically 3 decimals),,,complete,/home/zechuan/iraod_artifacts/comparison/xaf_student_quant_20260908/f_deletion_runs_daa3992/rsar/smart_suppression/seed_42/methods/F_veto_only/ddp2/eval_full_smart_suppression_ids_v1/class_ap.txt
RSAR,smart_suppression,F_veto_only,42,ema,tank,0.008,printed class_ap.txt (typically 3 decimals),,,complete,/home/zechuan/iraod_artifacts/comparison/xaf_student_quant_20260908/f_deletion_runs_daa3992/rsar/smart_suppression/seed_42/methods/F_veto_only/ddp2/eval_full_smart_suppression_ids_v1/class_ap.txt
RSAR,smart_suppression,F_veto_only,42,ema,bridge,0.281,printed class_ap.txt (typically 3 decimals),,,complete,/home/zechuan/iraod_artifacts/comparison/xaf_student_quant_20260908/f_deletion_runs_daa3992/rsar/smart_suppression/seed_42/methods/F_veto_only/ddp2/eval_full_smart_suppression_ids_v1/class_ap.txt
RSAR,smart_suppression,F_veto_only,42,ema,harbor,0.088,printed class_ap.txt (typically 3 decimals),,,complete,/home/zechuan/iraod_artifacts/comparison/xaf_student_quant_20260908/f_deletion_runs_daa3992/rsar/smart_suppression/seed_42/methods/F_veto_only/ddp2/eval_full_smart_suppression_ids_v1/class_ap.txt
RSAR,smart_suppression,F_veto_only,43,ema,ship,0.42,printed class_ap.txt (typically 3 decimals),,,complete,/home/zechuan/iraod_artifacts/comparison/xaf_student_quant_20260908/f_deletion_runs_daa3992/rsar/smart_suppression/seed_43/methods/F_veto_only/ddp2/eval_full_smart_suppression_ids_v1/class_ap.txt
RSAR,smart_suppression,F_veto_only,43,ema,aircraft,0.105,printed class_ap.txt (typically 3 decimals),,,complete,/home/zechuan/iraod_artifacts/comparison/xaf_student_quant_20260908/f_deletion_runs_daa3992/rsar/smart_suppression/seed_43/methods/F_veto_only/ddp2/eval_full_smart_suppression_ids_v1/class_ap.txt
RSAR,smart_suppression,F_veto_only,43,ema,car,0.015,printed class_ap.txt (typically 3 decimals),,,complete,/home/zechuan/iraod_artifacts/comparison/xaf_student_quant_20260908/f_deletion_runs_daa3992/rsar/smart_suppression/seed_43/methods/F_veto_only/ddp2/eval_full_smart_suppression_ids_v1/class_ap.txt
RSAR,smart_suppression,F_veto_only,43,ema,tank,0.01,printed class_ap.txt (typically 3 decimals),,,complete,/home/zechuan/iraod_artifacts/comparison/xaf_student_quant_20260908/f_deletion_runs_daa3992/rsar/smart_suppression/seed_43/methods/F_veto_only/ddp2/eval_full_smart_suppression_ids_v1/class_ap.txt
RSAR,smart_suppression,F_veto_only,43,ema,bridge,0.288,printed class_ap.txt (typically 3 decimals),,,complete,/home/zechuan/iraod_artifacts/comparison/xaf_student_quant_20260908/f_deletion_runs_daa3992/rsar/smart_suppression/seed_43/methods/F_veto_only/ddp2/eval_full_smart_suppression_ids_v1/class_ap.txt
RSAR,smart_suppression,F_veto_only,43,ema,harbor,0.093,printed class_ap.txt (typically 3 decimals),,,complete,/home/zechuan/iraod_artifacts/comparison/xaf_student_quant_20260908/f_deletion_runs_daa3992/rsar/smart_suppression/seed_43/methods/F_veto_only/ddp2/eval_full_smart_suppression_ids_v1/class_ap.txt
RSAR,smart_suppression,F_veto_only,44,ema,ship,0.424,printed class_ap.txt (typically 3 decimals),,,complete,/home/zechuan/iraod_artifacts/comparison/xaf_student_quant_20260908/f_deletion_runs_daa3992/rsar/smart_suppression/seed_44/methods/F_veto_only/ddp2/eval_full_smart_suppression_ids_v1/class_ap.txt
RSAR,smart_suppression,F_veto_only,44,ema,aircraft,0.098,printed class_ap.txt (typically 3 decimals),,,complete,/home/zechuan/iraod_artifacts/comparison/xaf_student_quant_20260908/f_deletion_runs_daa3992/rsar/smart_suppression/seed_44/methods/F_veto_only/ddp2/eval_full_smart_suppression_ids_v1/class_ap.txt
RSAR,smart_suppression,F_veto_only,44,ema,car,0.009,printed class_ap.txt (typically 3 decimals),,,complete,/home/zechuan/iraod_artifacts/comparison/xaf_student_quant_20260908/f_deletion_runs_daa3992/rsar/smart_suppression/seed_44/methods/F_veto_only/ddp2/eval_full_smart_suppression_ids_v1/class_ap.txt
RSAR,smart_suppression,F_veto_only,44,ema,tank,0.005,printed class_ap.txt (typically 3 decimals),,,complete,/home/zechuan/iraod_artifacts/comparison/xaf_student_quant_20260908/f_deletion_runs_daa3992/rsar/smart_suppression/seed_44/methods/F_veto_only/ddp2/eval_full_smart_suppression_ids_v1/class_ap.txt
RSAR,smart_suppression,F_veto_only,44,ema,bridge,0.282,printed class_ap.txt (typically 3 decimals),,,complete,/home/zechuan/iraod_artifacts/comparison/xaf_student_quant_20260908/f_deletion_runs_daa3992/rsar/smart_suppression/seed_44/methods/F_veto_only/ddp2/eval_full_smart_suppression_ids_v1/class_ap.txt
RSAR,smart_suppression,F_veto_only,44,ema,harbor,0.104,printed class_ap.txt (typically 3 decimals),,,complete,/home/zechuan/iraod_artifacts/comparison/xaf_student_quant_20260908/f_deletion_runs_daa3992/rsar/smart_suppression/seed_44/methods/F_veto_only/ddp2/eval_full_smart_suppression_ids_v1/class_ap.txt
RSAR,am_noise_vertical,A,42,source,ship,0.358,printed class_ap.txt (typically 3 decimals),0.358,0.358,complete,/home/zechuan/iraod_artifacts/comparison/rsar/am_noise_vertical/seed_42/0f98a48/methods/A/eval_full_am_noise_vertical_ids_v1/class_ap.txt
RSAR,am_noise_vertical,A,42,source,aircraft,0.016,printed class_ap.txt (typically 3 decimals),0.016,0.016,complete,/home/zechuan/iraod_artifacts/comparison/rsar/am_noise_vertical/seed_42/0f98a48/methods/A/eval_full_am_noise_vertical_ids_v1/class_ap.txt
RSAR,am_noise_vertical,A,42,source,car,0.429,printed class_ap.txt (typically 3 decimals),0.429,0.429,complete,/home/zechuan/iraod_artifacts/comparison/rsar/am_noise_vertical/seed_42/0f98a48/methods/A/eval_full_am_noise_vertical_ids_v1/class_ap.txt
RSAR,am_noise_vertical,A,42,source,tank,0.092,printed class_ap.txt (typically 3 decimals),0.092,0.092,complete,/home/zechuan/iraod_artifacts/comparison/rsar/am_noise_vertical/seed_42/0f98a48/methods/A/eval_full_am_noise_vertical_ids_v1/class_ap.txt
RSAR,am_noise_vertical,A,42,source,bridge,0.186,printed class_ap.txt (typically 3 decimals),0.186,0.186,complete,/home/zechuan/iraod_artifacts/comparison/rsar/am_noise_vertical/seed_42/0f98a48/methods/A/eval_full_am_noise_vertical_ids_v1/class_ap.txt
RSAR,am_noise_vertical,A,42,source,harbor,0.063,printed class_ap.txt (typically 3 decimals),0.063,0.063,complete,/home/zechuan/iraod_artifacts/comparison/rsar/am_noise_vertical/seed_42/0f98a48/methods/A/eval_full_am_noise_vertical_ids_v1/class_ap.txt
RSAR,am_noise_vertical,F_text_only,42,ema,ship,0.321,printed class_ap.txt (typically 3 decimals),,,complete,/home/zechuan/iraod_artifacts/comparison/xaf_student_quant_20260908/f_deletion_runs_daa3992/rsar/am_noise_vertical/seed_42/methods/F_text_only/ddp2/eval_full_am_noise_vertical_ids_v1/class_ap.txt
RSAR,am_noise_vertical,F_text_only,42,ema,aircraft,0.045,printed class_ap.txt (typically 3 decimals),,,complete,/home/zechuan/iraod_artifacts/comparison/xaf_student_quant_20260908/f_deletion_runs_daa3992/rsar/am_noise_vertical/seed_42/methods/F_text_only/ddp2/eval_full_am_noise_vertical_ids_v1/class_ap.txt
RSAR,am_noise_vertical,F_text_only,42,ema,car,0.358,printed class_ap.txt (typically 3 decimals),,,complete,/home/zechuan/iraod_artifacts/comparison/xaf_student_quant_20260908/f_deletion_runs_daa3992/rsar/am_noise_vertical/seed_42/methods/F_text_only/ddp2/eval_full_am_noise_vertical_ids_v1/class_ap.txt
RSAR,am_noise_vertical,F_text_only,42,ema,tank,0.091,printed class_ap.txt (typically 3 decimals),,,complete,/home/zechuan/iraod_artifacts/comparison/xaf_student_quant_20260908/f_deletion_runs_daa3992/rsar/am_noise_vertical/seed_42/methods/F_text_only/ddp2/eval_full_am_noise_vertical_ids_v1/class_ap.txt
RSAR,am_noise_vertical,F_text_only,42,ema,bridge,0.179,printed class_ap.txt (typically 3 decimals),,,complete,/home/zechuan/iraod_artifacts/comparison/xaf_student_quant_20260908/f_deletion_runs_daa3992/rsar/am_noise_vertical/seed_42/methods/F_text_only/ddp2/eval_full_am_noise_vertical_ids_v1/class_ap.txt
RSAR,am_noise_vertical,F_text_only,42,ema,harbor,0.019,printed class_ap.txt (typically 3 decimals),,,complete,/home/zechuan/iraod_artifacts/comparison/xaf_student_quant_20260908/f_deletion_runs_daa3992/rsar/am_noise_vertical/seed_42/methods/F_text_only/ddp2/eval_full_am_noise_vertical_ids_v1/class_ap.txt
RSAR,am_noise_vertical,F_text_only,43,ema,ship,0.305,printed class_ap.txt (typically 3 decimals),,,complete,/home/zechuan/iraod_artifacts/comparison/xaf_student_quant_20260908/f_deletion_runs_daa3992/rsar/am_noise_vertical/seed_43/methods/F_text_only/ddp2/eval_full_am_noise_vertical_ids_v1/class_ap.txt
RSAR,am_noise_vertical,F_text_only,43,ema,aircraft,0.0,printed class_ap.txt (typically 3 decimals),,,complete,/home/zechuan/iraod_artifacts/comparison/xaf_student_quant_20260908/f_deletion_runs_daa3992/rsar/am_noise_vertical/seed_43/methods/F_text_only/ddp2/eval_full_am_noise_vertical_ids_v1/class_ap.txt
RSAR,am_noise_vertical,F_text_only,43,ema,car,0.344,printed class_ap.txt (typically 3 decimals),,,complete,/home/zechuan/iraod_artifacts/comparison/xaf_student_quant_20260908/f_deletion_runs_daa3992/rsar/am_noise_vertical/seed_43/methods/F_text_only/ddp2/eval_full_am_noise_vertical_ids_v1/class_ap.txt
RSAR,am_noise_vertical,F_text_only,43,ema,tank,0.091,printed class_ap.txt (typically 3 decimals),,,complete,/home/zechuan/iraod_artifacts/comparison/xaf_student_quant_20260908/f_deletion_runs_daa3992/rsar/am_noise_vertical/seed_43/methods/F_text_only/ddp2/eval_full_am_noise_vertical_ids_v1/class_ap.txt
RSAR,am_noise_vertical,F_text_only,43,ema,bridge,0.151,printed class_ap.txt (typically 3 decimals),,,complete,/home/zechuan/iraod_artifacts/comparison/xaf_student_quant_20260908/f_deletion_runs_daa3992/rsar/am_noise_vertical/seed_43/methods/F_text_only/ddp2/eval_full_am_noise_vertical_ids_v1/class_ap.txt
RSAR,am_noise_vertical,F_text_only,43,ema,harbor,0.045,printed class_ap.txt (typically 3 decimals),,,complete,/home/zechuan/iraod_artifacts/comparison/xaf_student_quant_20260908/f_deletion_runs_daa3992/rsar/am_noise_vertical/seed_43/methods/F_text_only/ddp2/eval_full_am_noise_vertical_ids_v1/class_ap.txt
RSAR,am_noise_vertical,F_text_only,44,ema,ship,0.31,printed class_ap.txt (typically 3 decimals),,,complete,/home/zechuan/iraod_artifacts/comparison/xaf_student_quant_20260908/f_deletion_runs_daa3992/rsar/am_noise_vertical/seed_44/methods/F_text_only/ddp2/eval_full_am_noise_vertical_ids_v1/class_ap.txt
RSAR,am_noise_vertical,F_text_only,44,ema,aircraft,0.0,printed class_ap.txt (typically 3 decimals),,,complete,/home/zechuan/iraod_artifacts/comparison/xaf_student_quant_20260908/f_deletion_runs_daa3992/rsar/am_noise_vertical/seed_44/methods/F_text_only/ddp2/eval_full_am_noise_vertical_ids_v1/class_ap.txt
RSAR,am_noise_vertical,F_text_only,44,ema,car,0.323,printed class_ap.txt (typically 3 decimals),,,complete,/home/zechuan/iraod_artifacts/comparison/xaf_student_quant_20260908/f_deletion_runs_daa3992/rsar/am_noise_vertical/seed_44/methods/F_text_only/ddp2/eval_full_am_noise_vertical_ids_v1/class_ap.txt
RSAR,am_noise_vertical,F_text_only,44,ema,tank,0.091,printed class_ap.txt (typically 3 decimals),,,complete,/home/zechuan/iraod_artifacts/comparison/xaf_student_quant_20260908/f_deletion_runs_daa3992/rsar/am_noise_vertical/seed_44/methods/F_text_only/ddp2/eval_full_am_noise_vertical_ids_v1/class_ap.txt
RSAR,am_noise_vertical,F_text_only,44,ema,bridge,0.187,printed class_ap.txt (typically 3 decimals),,,complete,/home/zechuan/iraod_artifacts/comparison/xaf_student_quant_20260908/f_deletion_runs_daa3992/rsar/am_noise_vertical/seed_44/methods/F_text_only/ddp2/eval_full_am_noise_vertical_ids_v1/class_ap.txt
RSAR,am_noise_vertical,F_text_only,44,ema,harbor,0.009,printed class_ap.txt (typically 3 decimals),,,complete,/home/zechuan/iraod_artifacts/comparison/xaf_student_quant_20260908/f_deletion_runs_daa3992/rsar/am_noise_vertical/seed_44/methods/F_text_only/ddp2/eval_full_am_noise_vertical_ids_v1/class_ap.txt
RSAR,am_noise_vertical,F_veto_only,42,ema,ship,0.44,printed class_ap.txt (typically 3 decimals),,,complete,/home/zechuan/iraod_artifacts/comparison/xaf_student_quant_20260908/f_deletion_runs_daa3992/rsar/am_noise_vertical/seed_42/methods/F_veto_only/ddp2/eval_full_am_noise_vertical_ids_v1/class_ap.txt
RSAR,am_noise_vertical,F_veto_only,42,ema,aircraft,0.091,printed class_ap.txt (typically 3 decimals),,,complete,/home/zechuan/iraod_artifacts/comparison/xaf_student_quant_20260908/f_deletion_runs_daa3992/rsar/am_noise_vertical/seed_42/methods/F_veto_only/ddp2/eval_full_am_noise_vertical_ids_v1/class_ap.txt
RSAR,am_noise_vertical,F_veto_only,42,ema,car,0.517,printed class_ap.txt (typically 3 decimals),,,complete,/home/zechuan/iraod_artifacts/comparison/xaf_student_quant_20260908/f_deletion_runs_daa3992/rsar/am_noise_vertical/seed_42/methods/F_veto_only/ddp2/eval_full_am_noise_vertical_ids_v1/class_ap.txt
RSAR,am_noise_vertical,F_veto_only,42,ema,tank,0.091,printed class_ap.txt (typically 3 decimals),,,complete,/home/zechuan/iraod_artifacts/comparison/xaf_student_quant_20260908/f_deletion_runs_daa3992/rsar/am_noise_vertical/seed_42/methods/F_veto_only/ddp2/eval_full_am_noise_vertical_ids_v1/class_ap.txt
RSAR,am_noise_vertical,F_veto_only,42,ema,bridge,0.208,printed class_ap.txt (typically 3 decimals),,,complete,/home/zechuan/iraod_artifacts/comparison/xaf_student_quant_20260908/f_deletion_runs_daa3992/rsar/am_noise_vertical/seed_42/methods/F_veto_only/ddp2/eval_full_am_noise_vertical_ids_v1/class_ap.txt
RSAR,am_noise_vertical,F_veto_only,42,ema,harbor,0.127,printed class_ap.txt (typically 3 decimals),,,complete,/home/zechuan/iraod_artifacts/comparison/xaf_student_quant_20260908/f_deletion_runs_daa3992/rsar/am_noise_vertical/seed_42/methods/F_veto_only/ddp2/eval_full_am_noise_vertical_ids_v1/class_ap.txt
RSAR,am_noise_vertical,F_veto_only,43,ema,ship,0.43,printed class_ap.txt (typically 3 decimals),,,complete,/home/zechuan/iraod_artifacts/comparison/xaf_student_quant_20260908/f_deletion_runs_daa3992/rsar/am_noise_vertical/seed_43/methods/F_veto_only/ddp2/eval_full_am_noise_vertical_ids_v1/class_ap.txt
RSAR,am_noise_vertical,F_veto_only,43,ema,aircraft,0.091,printed class_ap.txt (typically 3 decimals),,,complete,/home/zechuan/iraod_artifacts/comparison/xaf_student_quant_20260908/f_deletion_runs_daa3992/rsar/am_noise_vertical/seed_43/methods/F_veto_only/ddp2/eval_full_am_noise_vertical_ids_v1/class_ap.txt
RSAR,am_noise_vertical,F_veto_only,43,ema,car,0.514,printed class_ap.txt (typically 3 decimals),,,complete,/home/zechuan/iraod_artifacts/comparison/xaf_student_quant_20260908/f_deletion_runs_daa3992/rsar/am_noise_vertical/seed_43/methods/F_veto_only/ddp2/eval_full_am_noise_vertical_ids_v1/class_ap.txt
RSAR,am_noise_vertical,F_veto_only,43,ema,tank,0.092,printed class_ap.txt (typically 3 decimals),,,complete,/home/zechuan/iraod_artifacts/comparison/xaf_student_quant_20260908/f_deletion_runs_daa3992/rsar/am_noise_vertical/seed_43/methods/F_veto_only/ddp2/eval_full_am_noise_vertical_ids_v1/class_ap.txt
RSAR,am_noise_vertical,F_veto_only,43,ema,bridge,0.206,printed class_ap.txt (typically 3 decimals),,,complete,/home/zechuan/iraod_artifacts/comparison/xaf_student_quant_20260908/f_deletion_runs_daa3992/rsar/am_noise_vertical/seed_43/methods/F_veto_only/ddp2/eval_full_am_noise_vertical_ids_v1/class_ap.txt
RSAR,am_noise_vertical,F_veto_only,43,ema,harbor,0.112,printed class_ap.txt (typically 3 decimals),,,complete,/home/zechuan/iraod_artifacts/comparison/xaf_student_quant_20260908/f_deletion_runs_daa3992/rsar/am_noise_vertical/seed_43/methods/F_veto_only/ddp2/eval_full_am_noise_vertical_ids_v1/class_ap.txt
RSAR,am_noise_vertical,F_veto_only,44,ema,ship,0.439,printed class_ap.txt (typically 3 decimals),,,complete,/home/zechuan/iraod_artifacts/comparison/xaf_student_quant_20260908/f_deletion_runs_daa3992/rsar/am_noise_vertical/seed_44/methods/F_veto_only/ddp2/eval_full_am_noise_vertical_ids_v1/class_ap.txt
RSAR,am_noise_vertical,F_veto_only,44,ema,aircraft,0.091,printed class_ap.txt (typically 3 decimals),,,complete,/home/zechuan/iraod_artifacts/comparison/xaf_student_quant_20260908/f_deletion_runs_daa3992/rsar/am_noise_vertical/seed_44/methods/F_veto_only/ddp2/eval_full_am_noise_vertical_ids_v1/class_ap.txt
RSAR,am_noise_vertical,F_veto_only,44,ema,car,0.527,printed class_ap.txt (typically 3 decimals),,,complete,/home/zechuan/iraod_artifacts/comparison/xaf_student_quant_20260908/f_deletion_runs_daa3992/rsar/am_noise_vertical/seed_44/methods/F_veto_only/ddp2/eval_full_am_noise_vertical_ids_v1/class_ap.txt
RSAR,am_noise_vertical,F_veto_only,44,ema,tank,0.091,printed class_ap.txt (typically 3 decimals),,,complete,/home/zechuan/iraod_artifacts/comparison/xaf_student_quant_20260908/f_deletion_runs_daa3992/rsar/am_noise_vertical/seed_44/methods/F_veto_only/ddp2/eval_full_am_noise_vertical_ids_v1/class_ap.txt
RSAR,am_noise_vertical,F_veto_only,44,ema,bridge,0.216,printed class_ap.txt (typically 3 decimals),,,complete,/home/zechuan/iraod_artifacts/comparison/xaf_student_quant_20260908/f_deletion_runs_daa3992/rsar/am_noise_vertical/seed_44/methods/F_veto_only/ddp2/eval_full_am_noise_vertical_ids_v1/class_ap.txt
RSAR,am_noise_vertical,F_veto_only,44,ema,harbor,0.114,printed class_ap.txt (typically 3 decimals),,,complete,/home/zechuan/iraod_artifacts/comparison/xaf_student_quant_20260908/f_deletion_runs_daa3992/rsar/am_noise_vertical/seed_44/methods/F_veto_only/ddp2/eval_full_am_noise_vertical_ids_v1/class_ap.txt
DIOR,clean,A,42,source,airplane,0.488,printed class_ap.txt (typically 3 decimals),0.488,0.488,complete,/home/zechuan/iraod_artifacts/comparison/dior/clean/seed_42/0f98a48/methods/A/eval_full_clean_ids_v1/class_ap.txt
DIOR,clean,A,42,source,airport,0.009,printed class_ap.txt (typically 3 decimals),0.009,0.009,complete,/home/zechuan/iraod_artifacts/comparison/dior/clean/seed_42/0f98a48/methods/A/eval_full_clean_ids_v1/class_ap.txt
DIOR,clean,A,42,source,baseballfield,0.532,printed class_ap.txt (typically 3 decimals),0.532,0.532,complete,/home/zechuan/iraod_artifacts/comparison/dior/clean/seed_42/0f98a48/methods/A/eval_full_clean_ids_v1/class_ap.txt
DIOR,clean,A,42,source,basketballcourt,0.367,printed class_ap.txt (typically 3 decimals),0.367,0.367,complete,/home/zechuan/iraod_artifacts/comparison/dior/clean/seed_42/0f98a48/methods/A/eval_full_clean_ids_v1/class_ap.txt
DIOR,clean,A,42,source,bridge,0.114,printed class_ap.txt (typically 3 decimals),0.114,0.114,complete,/home/zechuan/iraod_artifacts/comparison/dior/clean/seed_42/0f98a48/methods/A/eval_full_clean_ids_v1/class_ap.txt
DIOR,clean,A,42,source,chimney,0.418,printed class_ap.txt (typically 3 decimals),0.418,0.418,complete,/home/zechuan/iraod_artifacts/comparison/dior/clean/seed_42/0f98a48/methods/A/eval_full_clean_ids_v1/class_ap.txt
DIOR,clean,A,42,source,expressway-service-area,0.281,printed class_ap.txt (typically 3 decimals),0.281,0.281,complete,/home/zechuan/iraod_artifacts/comparison/dior/clean/seed_42/0f98a48/methods/A/eval_full_clean_ids_v1/class_ap.txt
DIOR,clean,A,42,source,expressway-toll-station,0.198,printed class_ap.txt (typically 3 decimals),0.198,0.198,complete,/home/zechuan/iraod_artifacts/comparison/dior/clean/seed_42/0f98a48/methods/A/eval_full_clean_ids_v1/class_ap.txt
DIOR,clean,A,42,source,dam,0.021,printed class_ap.txt (typically 3 decimals),0.021,0.021,complete,/home/zechuan/iraod_artifacts/comparison/dior/clean/seed_42/0f98a48/methods/A/eval_full_clean_ids_v1/class_ap.txt
DIOR,clean,A,42,source,golffield,0.277,printed class_ap.txt (typically 3 decimals),0.277,0.277,complete,/home/zechuan/iraod_artifacts/comparison/dior/clean/seed_42/0f98a48/methods/A/eval_full_clean_ids_v1/class_ap.txt
DIOR,clean,A,42,source,groundtrackfield,0.248,printed class_ap.txt (typically 3 decimals),0.248,0.248,complete,/home/zechuan/iraod_artifacts/comparison/dior/clean/seed_42/0f98a48/methods/A/eval_full_clean_ids_v1/class_ap.txt
DIOR,clean,A,42,source,harbor,0.118,printed class_ap.txt (typically 3 decimals),0.118,0.118,complete,/home/zechuan/iraod_artifacts/comparison/dior/clean/seed_42/0f98a48/methods/A/eval_full_clean_ids_v1/class_ap.txt
DIOR,clean,A,42,source,overpass,0.179,printed class_ap.txt (typically 3 decimals),0.179,0.179,complete,/home/zechuan/iraod_artifacts/comparison/dior/clean/seed_42/0f98a48/methods/A/eval_full_clean_ids_v1/class_ap.txt
DIOR,clean,A,42,source,ship,0.703,printed class_ap.txt (typically 3 decimals),0.703,0.703,complete,/home/zechuan/iraod_artifacts/comparison/dior/clean/seed_42/0f98a48/methods/A/eval_full_clean_ids_v1/class_ap.txt
DIOR,clean,A,42,source,stadium,0.264,printed class_ap.txt (typically 3 decimals),0.264,0.264,complete,/home/zechuan/iraod_artifacts/comparison/dior/clean/seed_42/0f98a48/methods/A/eval_full_clean_ids_v1/class_ap.txt
DIOR,clean,A,42,source,storagetank,0.485,printed class_ap.txt (typically 3 decimals),0.485,0.485,complete,/home/zechuan/iraod_artifacts/comparison/dior/clean/seed_42/0f98a48/methods/A/eval_full_clean_ids_v1/class_ap.txt
DIOR,clean,A,42,source,tenniscourt,0.618,printed class_ap.txt (typically 3 decimals),0.618,0.618,complete,/home/zechuan/iraod_artifacts/comparison/dior/clean/seed_42/0f98a48/methods/A/eval_full_clean_ids_v1/class_ap.txt
DIOR,clean,A,42,source,trainstation,0.081,printed class_ap.txt (typically 3 decimals),0.081,0.081,complete,/home/zechuan/iraod_artifacts/comparison/dior/clean/seed_42/0f98a48/methods/A/eval_full_clean_ids_v1/class_ap.txt
DIOR,clean,A,42,source,vehicle,0.303,printed class_ap.txt (typically 3 decimals),0.303,0.303,complete,/home/zechuan/iraod_artifacts/comparison/dior/clean/seed_42/0f98a48/methods/A/eval_full_clean_ids_v1/class_ap.txt
DIOR,clean,A,42,source,windmill,0.195,printed class_ap.txt (typically 3 decimals),0.195,0.195,complete,/home/zechuan/iraod_artifacts/comparison/dior/clean/seed_42/0f98a48/methods/A/eval_full_clean_ids_v1/class_ap.txt
DIOR,clean,B_REG,42,ema,airplane,0.488,printed class_ap.txt (typically 3 decimals),,,complete,/home/zechuan/iraod_artifacts/comparison/xaf_student_quant_20260908/b_reg_runs_0e5f8f7/dior/clean/seed_42/methods/B_REG/eval_full_clean_ids_v1/class_ap.txt
DIOR,clean,B_REG,42,ema,airport,0.045,printed class_ap.txt (typically 3 decimals),,,complete,/home/zechuan/iraod_artifacts/comparison/xaf_student_quant_20260908/b_reg_runs_0e5f8f7/dior/clean/seed_42/methods/B_REG/eval_full_clean_ids_v1/class_ap.txt
DIOR,clean,B_REG,42,ema,baseballfield,0.533,printed class_ap.txt (typically 3 decimals),,,complete,/home/zechuan/iraod_artifacts/comparison/xaf_student_quant_20260908/b_reg_runs_0e5f8f7/dior/clean/seed_42/methods/B_REG/eval_full_clean_ids_v1/class_ap.txt
DIOR,clean,B_REG,42,ema,basketballcourt,0.38,printed class_ap.txt (typically 3 decimals),,,complete,/home/zechuan/iraod_artifacts/comparison/xaf_student_quant_20260908/b_reg_runs_0e5f8f7/dior/clean/seed_42/methods/B_REG/eval_full_clean_ids_v1/class_ap.txt
DIOR,clean,B_REG,42,ema,bridge,0.113,printed class_ap.txt (typically 3 decimals),,,complete,/home/zechuan/iraod_artifacts/comparison/xaf_student_quant_20260908/b_reg_runs_0e5f8f7/dior/clean/seed_42/methods/B_REG/eval_full_clean_ids_v1/class_ap.txt
DIOR,clean,B_REG,42,ema,chimney,0.427,printed class_ap.txt (typically 3 decimals),,,complete,/home/zechuan/iraod_artifacts/comparison/xaf_student_quant_20260908/b_reg_runs_0e5f8f7/dior/clean/seed_42/methods/B_REG/eval_full_clean_ids_v1/class_ap.txt
DIOR,clean,B_REG,42,ema,expressway-service-area,0.285,printed class_ap.txt (typically 3 decimals),,,complete,/home/zechuan/iraod_artifacts/comparison/xaf_student_quant_20260908/b_reg_runs_0e5f8f7/dior/clean/seed_42/methods/B_REG/eval_full_clean_ids_v1/class_ap.txt
DIOR,clean,B_REG,42,ema,expressway-toll-station,0.199,printed class_ap.txt (typically 3 decimals),,,complete,/home/zechuan/iraod_artifacts/comparison/xaf_student_quant_20260908/b_reg_runs_0e5f8f7/dior/clean/seed_42/methods/B_REG/eval_full_clean_ids_v1/class_ap.txt
DIOR,clean,B_REG,42,ema,dam,0.032,printed class_ap.txt (typically 3 decimals),,,complete,/home/zechuan/iraod_artifacts/comparison/xaf_student_quant_20260908/b_reg_runs_0e5f8f7/dior/clean/seed_42/methods/B_REG/eval_full_clean_ids_v1/class_ap.txt
DIOR,clean,B_REG,42,ema,golffield,0.28,printed class_ap.txt (typically 3 decimals),,,complete,/home/zechuan/iraod_artifacts/comparison/xaf_student_quant_20260908/b_reg_runs_0e5f8f7/dior/clean/seed_42/methods/B_REG/eval_full_clean_ids_v1/class_ap.txt
DIOR,clean,B_REG,42,ema,groundtrackfield,0.248,printed class_ap.txt (typically 3 decimals),,,complete,/home/zechuan/iraod_artifacts/comparison/xaf_student_quant_20260908/b_reg_runs_0e5f8f7/dior/clean/seed_42/methods/B_REG/eval_full_clean_ids_v1/class_ap.txt
DIOR,clean,B_REG,42,ema,harbor,0.139,printed class_ap.txt (typically 3 decimals),,,complete,/home/zechuan/iraod_artifacts/comparison/xaf_student_quant_20260908/b_reg_runs_0e5f8f7/dior/clean/seed_42/methods/B_REG/eval_full_clean_ids_v1/class_ap.txt
DIOR,clean,B_REG,42,ema,overpass,0.179,printed class_ap.txt (typically 3 decimals),,,complete,/home/zechuan/iraod_artifacts/comparison/xaf_student_quant_20260908/b_reg_runs_0e5f8f7/dior/clean/seed_42/methods/B_REG/eval_full_clean_ids_v1/class_ap.txt
DIOR,clean,B_REG,42,ema,ship,0.702,printed class_ap.txt (typically 3 decimals),,,complete,/home/zechuan/iraod_artifacts/comparison/xaf_student_quant_20260908/b_reg_runs_0e5f8f7/dior/clean/seed_42/methods/B_REG/eval_full_clean_ids_v1/class_ap.txt
DIOR,clean,B_REG,42,ema,stadium,0.268,printed class_ap.txt (typically 3 decimals),,,complete,/home/zechuan/iraod_artifacts/comparison/xaf_student_quant_20260908/b_reg_runs_0e5f8f7/dior/clean/seed_42/methods/B_REG/eval_full_clean_ids_v1/class_ap.txt
DIOR,clean,B_REG,42,ema,storagetank,0.482,printed class_ap.txt (typically 3 decimals),,,complete,/home/zechuan/iraod_artifacts/comparison/xaf_student_quant_20260908/b_reg_runs_0e5f8f7/dior/clean/seed_42/methods/B_REG/eval_full_clean_ids_v1/class_ap.txt
DIOR,clean,B_REG,42,ema,tenniscourt,0.62,printed class_ap.txt (typically 3 decimals),,,complete,/home/zechuan/iraod_artifacts/comparison/xaf_student_quant_20260908/b_reg_runs_0e5f8f7/dior/clean/seed_42/methods/B_REG/eval_full_clean_ids_v1/class_ap.txt
DIOR,clean,B_REG,42,ema,trainstation,0.09,printed class_ap.txt (typically 3 decimals),,,complete,/home/zechuan/iraod_artifacts/comparison/xaf_student_quant_20260908/b_reg_runs_0e5f8f7/dior/clean/seed_42/methods/B_REG/eval_full_clean_ids_v1/class_ap.txt
DIOR,clean,B_REG,42,ema,vehicle,0.305,printed class_ap.txt (typically 3 decimals),,,complete,/home/zechuan/iraod_artifacts/comparison/xaf_student_quant_20260908/b_reg_runs_0e5f8f7/dior/clean/seed_42/methods/B_REG/eval_full_clean_ids_v1/class_ap.txt
DIOR,clean,B_REG,42,ema,windmill,0.191,printed class_ap.txt (typically 3 decimals),,,complete,/home/zechuan/iraod_artifacts/comparison/xaf_student_quant_20260908/b_reg_runs_0e5f8f7/dior/clean/seed_42/methods/B_REG/eval_full_clean_ids_v1/class_ap.txt
DIOR,clean,B_REG,43,ema,airplane,0.489,printed class_ap.txt (typically 3 decimals),,,complete,/home/zechuan/iraod_artifacts/comparison/xaf_student_quant_20260908/b_reg_runs_0e5f8f7/dior/clean/seed_43/methods/B_REG/eval_full_clean_ids_v1/class_ap.txt
DIOR,clean,B_REG,43,ema,airport,0.03,printed class_ap.txt (typically 3 decimals),,,complete,/home/zechuan/iraod_artifacts/comparison/xaf_student_quant_20260908/b_reg_runs_0e5f8f7/dior/clean/seed_43/methods/B_REG/eval_full_clean_ids_v1/class_ap.txt
DIOR,clean,B_REG,43,ema,baseballfield,0.532,printed class_ap.txt (typically 3 decimals),,,complete,/home/zechuan/iraod_artifacts/comparison/xaf_student_quant_20260908/b_reg_runs_0e5f8f7/dior/clean/seed_43/methods/B_REG/eval_full_clean_ids_v1/class_ap.txt
DIOR,clean,B_REG,43,ema,basketballcourt,0.38,printed class_ap.txt (typically 3 decimals),,,complete,/home/zechuan/iraod_artifacts/comparison/xaf_student_quant_20260908/b_reg_runs_0e5f8f7/dior/clean/seed_43/methods/B_REG/eval_full_clean_ids_v1/class_ap.txt
DIOR,clean,B_REG,43,ema,bridge,0.113,printed class_ap.txt (typically 3 decimals),,,complete,/home/zechuan/iraod_artifacts/comparison/xaf_student_quant_20260908/b_reg_runs_0e5f8f7/dior/clean/seed_43/methods/B_REG/eval_full_clean_ids_v1/class_ap.txt
DIOR,clean,B_REG,43,ema,chimney,0.429,printed class_ap.txt (typically 3 decimals),,,complete,/home/zechuan/iraod_artifacts/comparison/xaf_student_quant_20260908/b_reg_runs_0e5f8f7/dior/clean/seed_43/methods/B_REG/eval_full_clean_ids_v1/class_ap.txt
DIOR,clean,B_REG,43,ema,expressway-service-area,0.277,printed class_ap.txt (typically 3 decimals),,,complete,/home/zechuan/iraod_artifacts/comparison/xaf_student_quant_20260908/b_reg_runs_0e5f8f7/dior/clean/seed_43/methods/B_REG/eval_full_clean_ids_v1/class_ap.txt
DIOR,clean,B_REG,43,ema,expressway-toll-station,0.198,printed class_ap.txt (typically 3 decimals),,,complete,/home/zechuan/iraod_artifacts/comparison/xaf_student_quant_20260908/b_reg_runs_0e5f8f7/dior/clean/seed_43/methods/B_REG/eval_full_clean_ids_v1/class_ap.txt
DIOR,clean,B_REG,43,ema,dam,0.091,printed class_ap.txt (typically 3 decimals),,,complete,/home/zechuan/iraod_artifacts/comparison/xaf_student_quant_20260908/b_reg_runs_0e5f8f7/dior/clean/seed_43/methods/B_REG/eval_full_clean_ids_v1/class_ap.txt
DIOR,clean,B_REG,43,ema,golffield,0.285,printed class_ap.txt (typically 3 decimals),,,complete,/home/zechuan/iraod_artifacts/comparison/xaf_student_quant_20260908/b_reg_runs_0e5f8f7/dior/clean/seed_43/methods/B_REG/eval_full_clean_ids_v1/class_ap.txt
DIOR,clean,B_REG,43,ema,groundtrackfield,0.249,printed class_ap.txt (typically 3 decimals),,,complete,/home/zechuan/iraod_artifacts/comparison/xaf_student_quant_20260908/b_reg_runs_0e5f8f7/dior/clean/seed_43/methods/B_REG/eval_full_clean_ids_v1/class_ap.txt
DIOR,clean,B_REG,43,ema,harbor,0.108,printed class_ap.txt (typically 3 decimals),,,complete,/home/zechuan/iraod_artifacts/comparison/xaf_student_quant_20260908/b_reg_runs_0e5f8f7/dior/clean/seed_43/methods/B_REG/eval_full_clean_ids_v1/class_ap.txt
DIOR,clean,B_REG,43,ema,overpass,0.179,printed class_ap.txt (typically 3 decimals),,,complete,/home/zechuan/iraod_artifacts/comparison/xaf_student_quant_20260908/b_reg_runs_0e5f8f7/dior/clean/seed_43/methods/B_REG/eval_full_clean_ids_v1/class_ap.txt
DIOR,clean,B_REG,43,ema,ship,0.702,printed class_ap.txt (typically 3 decimals),,,complete,/home/zechuan/iraod_artifacts/comparison/xaf_student_quant_20260908/b_reg_runs_0e5f8f7/dior/clean/seed_43/methods/B_REG/eval_full_clean_ids_v1/class_ap.txt
DIOR,clean,B_REG,43,ema,stadium,0.262,printed class_ap.txt (typically 3 decimals),,,complete,/home/zechuan/iraod_artifacts/comparison/xaf_student_quant_20260908/b_reg_runs_0e5f8f7/dior/clean/seed_43/methods/B_REG/eval_full_clean_ids_v1/class_ap.txt
DIOR,clean,B_REG,43,ema,storagetank,0.48,printed class_ap.txt (typically 3 decimals),,,complete,/home/zechuan/iraod_artifacts/comparison/xaf_student_quant_20260908/b_reg_runs_0e5f8f7/dior/clean/seed_43/methods/B_REG/eval_full_clean_ids_v1/class_ap.txt
DIOR,clean,B_REG,43,ema,tenniscourt,0.62,printed class_ap.txt (typically 3 decimals),,,complete,/home/zechuan/iraod_artifacts/comparison/xaf_student_quant_20260908/b_reg_runs_0e5f8f7/dior/clean/seed_43/methods/B_REG/eval_full_clean_ids_v1/class_ap.txt
DIOR,clean,B_REG,43,ema,trainstation,0.084,printed class_ap.txt (typically 3 decimals),,,complete,/home/zechuan/iraod_artifacts/comparison/xaf_student_quant_20260908/b_reg_runs_0e5f8f7/dior/clean/seed_43/methods/B_REG/eval_full_clean_ids_v1/class_ap.txt
DIOR,clean,B_REG,43,ema,vehicle,0.304,printed class_ap.txt (typically 3 decimals),,,complete,/home/zechuan/iraod_artifacts/comparison/xaf_student_quant_20260908/b_reg_runs_0e5f8f7/dior/clean/seed_43/methods/B_REG/eval_full_clean_ids_v1/class_ap.txt
DIOR,clean,B_REG,43,ema,windmill,0.188,printed class_ap.txt (typically 3 decimals),,,complete,/home/zechuan/iraod_artifacts/comparison/xaf_student_quant_20260908/b_reg_runs_0e5f8f7/dior/clean/seed_43/methods/B_REG/eval_full_clean_ids_v1/class_ap.txt
DIOR,clean,B_REG,44,ema,airplane,0.488,printed class_ap.txt (typically 3 decimals),,,complete,/home/zechuan/iraod_artifacts/comparison/xaf_student_quant_20260908/b_reg_runs_0e5f8f7/dior/clean/seed_44/methods/B_REG/eval_full_clean_ids_v1/class_ap.txt
DIOR,clean,B_REG,44,ema,airport,0.045,printed class_ap.txt (typically 3 decimals),,,complete,/home/zechuan/iraod_artifacts/comparison/xaf_student_quant_20260908/b_reg_runs_0e5f8f7/dior/clean/seed_44/methods/B_REG/eval_full_clean_ids_v1/class_ap.txt
DIOR,clean,B_REG,44,ema,baseballfield,0.532,printed class_ap.txt (typically 3 decimals),,,complete,/home/zechuan/iraod_artifacts/comparison/xaf_student_quant_20260908/b_reg_runs_0e5f8f7/dior/clean/seed_44/methods/B_REG/eval_full_clean_ids_v1/class_ap.txt
DIOR,clean,B_REG,44,ema,basketballcourt,0.378,printed class_ap.txt (typically 3 decimals),,,complete,/home/zechuan/iraod_artifacts/comparison/xaf_student_quant_20260908/b_reg_runs_0e5f8f7/dior/clean/seed_44/methods/B_REG/eval_full_clean_ids_v1/class_ap.txt
DIOR,clean,B_REG,44,ema,bridge,0.079,printed class_ap.txt (typically 3 decimals),,,complete,/home/zechuan/iraod_artifacts/comparison/xaf_student_quant_20260908/b_reg_runs_0e5f8f7/dior/clean/seed_44/methods/B_REG/eval_full_clean_ids_v1/class_ap.txt
DIOR,clean,B_REG,44,ema,chimney,0.424,printed class_ap.txt (typically 3 decimals),,,complete,/home/zechuan/iraod_artifacts/comparison/xaf_student_quant_20260908/b_reg_runs_0e5f8f7/dior/clean/seed_44/methods/B_REG/eval_full_clean_ids_v1/class_ap.txt
DIOR,clean,B_REG,44,ema,expressway-service-area,0.281,printed class_ap.txt (typically 3 decimals),,,complete,/home/zechuan/iraod_artifacts/comparison/xaf_student_quant_20260908/b_reg_runs_0e5f8f7/dior/clean/seed_44/methods/B_REG/eval_full_clean_ids_v1/class_ap.txt
DIOR,clean,B_REG,44,ema,expressway-toll-station,0.198,printed class_ap.txt (typically 3 decimals),,,complete,/home/zechuan/iraod_artifacts/comparison/xaf_student_quant_20260908/b_reg_runs_0e5f8f7/dior/clean/seed_44/methods/B_REG/eval_full_clean_ids_v1/class_ap.txt
DIOR,clean,B_REG,44,ema,dam,0.091,printed class_ap.txt (typically 3 decimals),,,complete,/home/zechuan/iraod_artifacts/comparison/xaf_student_quant_20260908/b_reg_runs_0e5f8f7/dior/clean/seed_44/methods/B_REG/eval_full_clean_ids_v1/class_ap.txt
DIOR,clean,B_REG,44,ema,golffield,0.281,printed class_ap.txt (typically 3 decimals),,,complete,/home/zechuan/iraod_artifacts/comparison/xaf_student_quant_20260908/b_reg_runs_0e5f8f7/dior/clean/seed_44/methods/B_REG/eval_full_clean_ids_v1/class_ap.txt
DIOR,clean,B_REG,44,ema,groundtrackfield,0.248,printed class_ap.txt (typically 3 decimals),,,complete,/home/zechuan/iraod_artifacts/comparison/xaf_student_quant_20260908/b_reg_runs_0e5f8f7/dior/clean/seed_44/methods/B_REG/eval_full_clean_ids_v1/class_ap.txt
DIOR,clean,B_REG,44,ema,harbor,0.111,printed class_ap.txt (typically 3 decimals),,,complete,/home/zechuan/iraod_artifacts/comparison/xaf_student_quant_20260908/b_reg_runs_0e5f8f7/dior/clean/seed_44/methods/B_REG/eval_full_clean_ids_v1/class_ap.txt
DIOR,clean,B_REG,44,ema,overpass,0.179,printed class_ap.txt (typically 3 decimals),,,complete,/home/zechuan/iraod_artifacts/comparison/xaf_student_quant_20260908/b_reg_runs_0e5f8f7/dior/clean/seed_44/methods/B_REG/eval_full_clean_ids_v1/class_ap.txt
DIOR,clean,B_REG,44,ema,ship,0.702,printed class_ap.txt (typically 3 decimals),,,complete,/home/zechuan/iraod_artifacts/comparison/xaf_student_quant_20260908/b_reg_runs_0e5f8f7/dior/clean/seed_44/methods/B_REG/eval_full_clean_ids_v1/class_ap.txt
DIOR,clean,B_REG,44,ema,stadium,0.264,printed class_ap.txt (typically 3 decimals),,,complete,/home/zechuan/iraod_artifacts/comparison/xaf_student_quant_20260908/b_reg_runs_0e5f8f7/dior/clean/seed_44/methods/B_REG/eval_full_clean_ids_v1/class_ap.txt
DIOR,clean,B_REG,44,ema,storagetank,0.481,printed class_ap.txt (typically 3 decimals),,,complete,/home/zechuan/iraod_artifacts/comparison/xaf_student_quant_20260908/b_reg_runs_0e5f8f7/dior/clean/seed_44/methods/B_REG/eval_full_clean_ids_v1/class_ap.txt
DIOR,clean,B_REG,44,ema,tenniscourt,0.619,printed class_ap.txt (typically 3 decimals),,,complete,/home/zechuan/iraod_artifacts/comparison/xaf_student_quant_20260908/b_reg_runs_0e5f8f7/dior/clean/seed_44/methods/B_REG/eval_full_clean_ids_v1/class_ap.txt
DIOR,clean,B_REG,44,ema,trainstation,0.087,printed class_ap.txt (typically 3 decimals),,,complete,/home/zechuan/iraod_artifacts/comparison/xaf_student_quant_20260908/b_reg_runs_0e5f8f7/dior/clean/seed_44/methods/B_REG/eval_full_clean_ids_v1/class_ap.txt
DIOR,clean,B_REG,44,ema,vehicle,0.305,printed class_ap.txt (typically 3 decimals),,,complete,/home/zechuan/iraod_artifacts/comparison/xaf_student_quant_20260908/b_reg_runs_0e5f8f7/dior/clean/seed_44/methods/B_REG/eval_full_clean_ids_v1/class_ap.txt
DIOR,clean,B_REG,44,ema,windmill,0.193,printed class_ap.txt (typically 3 decimals),,,complete,/home/zechuan/iraod_artifacts/comparison/xaf_student_quant_20260908/b_reg_runs_0e5f8f7/dior/clean/seed_44/methods/B_REG/eval_full_clean_ids_v1/class_ap.txt
DIOR,clean,F_text_only,42,ema,airplane,0.474,printed class_ap.txt (typically 3 decimals),,,complete,/home/zechuan/iraod_artifacts/comparison/xaf_student_quant_20260908/f_deletion_runs_daa3992/dior/clean/seed_42/methods/F_text_only/ddp2/eval_full_clean_ids_v1/class_ap.txt
DIOR,clean,F_text_only,42,ema,airport,0.091,printed class_ap.txt (typically 3 decimals),,,complete,/home/zechuan/iraod_artifacts/comparison/xaf_student_quant_20260908/f_deletion_runs_daa3992/dior/clean/seed_42/methods/F_text_only/ddp2/eval_full_clean_ids_v1/class_ap.txt
DIOR,clean,F_text_only,42,ema,baseballfield,0.529,printed class_ap.txt (typically 3 decimals),,,complete,/home/zechuan/iraod_artifacts/comparison/xaf_student_quant_20260908/f_deletion_runs_daa3992/dior/clean/seed_42/methods/F_text_only/ddp2/eval_full_clean_ids_v1/class_ap.txt
DIOR,clean,F_text_only,42,ema,basketballcourt,0.37,printed class_ap.txt (typically 3 decimals),,,complete,/home/zechuan/iraod_artifacts/comparison/xaf_student_quant_20260908/f_deletion_runs_daa3992/dior/clean/seed_42/methods/F_text_only/ddp2/eval_full_clean_ids_v1/class_ap.txt
DIOR,clean,F_text_only,42,ema,bridge,0.089,printed class_ap.txt (typically 3 decimals),,,complete,/home/zechuan/iraod_artifacts/comparison/xaf_student_quant_20260908/f_deletion_runs_daa3992/dior/clean/seed_42/methods/F_text_only/ddp2/eval_full_clean_ids_v1/class_ap.txt
DIOR,clean,F_text_only,42,ema,chimney,0.438,printed class_ap.txt (typically 3 decimals),,,complete,/home/zechuan/iraod_artifacts/comparison/xaf_student_quant_20260908/f_deletion_runs_daa3992/dior/clean/seed_42/methods/F_text_only/ddp2/eval_full_clean_ids_v1/class_ap.txt
DIOR,clean,F_text_only,42,ema,expressway-service-area,0.272,printed class_ap.txt (typically 3 decimals),,,complete,/home/zechuan/iraod_artifacts/comparison/xaf_student_quant_20260908/f_deletion_runs_daa3992/dior/clean/seed_42/methods/F_text_only/ddp2/eval_full_clean_ids_v1/class_ap.txt
DIOR,clean,F_text_only,42,ema,expressway-toll-station,0.188,printed class_ap.txt (typically 3 decimals),,,complete,/home/zechuan/iraod_artifacts/comparison/xaf_student_quant_20260908/f_deletion_runs_daa3992/dior/clean/seed_42/methods/F_text_only/ddp2/eval_full_clean_ids_v1/class_ap.txt
DIOR,clean,F_text_only,42,ema,dam,0.024,printed class_ap.txt (typically 3 decimals),,,complete,/home/zechuan/iraod_artifacts/comparison/xaf_student_quant_20260908/f_deletion_runs_daa3992/dior/clean/seed_42/methods/F_text_only/ddp2/eval_full_clean_ids_v1/class_ap.txt
DIOR,clean,F_text_only,42,ema,golffield,0.257,printed class_ap.txt (typically 3 decimals),,,complete,/home/zechuan/iraod_artifacts/comparison/xaf_student_quant_20260908/f_deletion_runs_daa3992/dior/clean/seed_42/methods/F_text_only/ddp2/eval_full_clean_ids_v1/class_ap.txt
DIOR,clean,F_text_only,42,ema,groundtrackfield,0.252,printed class_ap.txt (typically 3 decimals),,,complete,/home/zechuan/iraod_artifacts/comparison/xaf_student_quant_20260908/f_deletion_runs_daa3992/dior/clean/seed_42/methods/F_text_only/ddp2/eval_full_clean_ids_v1/class_ap.txt
DIOR,clean,F_text_only,42,ema,harbor,0.089,printed class_ap.txt (typically 3 decimals),,,complete,/home/zechuan/iraod_artifacts/comparison/xaf_student_quant_20260908/f_deletion_runs_daa3992/dior/clean/seed_42/methods/F_text_only/ddp2/eval_full_clean_ids_v1/class_ap.txt
DIOR,clean,F_text_only,42,ema,overpass,0.181,printed class_ap.txt (typically 3 decimals),,,complete,/home/zechuan/iraod_artifacts/comparison/xaf_student_quant_20260908/f_deletion_runs_daa3992/dior/clean/seed_42/methods/F_text_only/ddp2/eval_full_clean_ids_v1/class_ap.txt
DIOR,clean,F_text_only,42,ema,ship,0.698,printed class_ap.txt (typically 3 decimals),,,complete,/home/zechuan/iraod_artifacts/comparison/xaf_student_quant_20260908/f_deletion_runs_daa3992/dior/clean/seed_42/methods/F_text_only/ddp2/eval_full_clean_ids_v1/class_ap.txt
DIOR,clean,F_text_only,42,ema,stadium,0.265,printed class_ap.txt (typically 3 decimals),,,complete,/home/zechuan/iraod_artifacts/comparison/xaf_student_quant_20260908/f_deletion_runs_daa3992/dior/clean/seed_42/methods/F_text_only/ddp2/eval_full_clean_ids_v1/class_ap.txt
DIOR,clean,F_text_only,42,ema,storagetank,0.474,printed class_ap.txt (typically 3 decimals),,,complete,/home/zechuan/iraod_artifacts/comparison/xaf_student_quant_20260908/f_deletion_runs_daa3992/dior/clean/seed_42/methods/F_text_only/ddp2/eval_full_clean_ids_v1/class_ap.txt
DIOR,clean,F_text_only,42,ema,tenniscourt,0.617,printed class_ap.txt (typically 3 decimals),,,complete,/home/zechuan/iraod_artifacts/comparison/xaf_student_quant_20260908/f_deletion_runs_daa3992/dior/clean/seed_42/methods/F_text_only/ddp2/eval_full_clean_ids_v1/class_ap.txt
DIOR,clean,F_text_only,42,ema,trainstation,0.13,printed class_ap.txt (typically 3 decimals),,,complete,/home/zechuan/iraod_artifacts/comparison/xaf_student_quant_20260908/f_deletion_runs_daa3992/dior/clean/seed_42/methods/F_text_only/ddp2/eval_full_clean_ids_v1/class_ap.txt
DIOR,clean,F_text_only,42,ema,vehicle,0.298,printed class_ap.txt (typically 3 decimals),,,complete,/home/zechuan/iraod_artifacts/comparison/xaf_student_quant_20260908/f_deletion_runs_daa3992/dior/clean/seed_42/methods/F_text_only/ddp2/eval_full_clean_ids_v1/class_ap.txt
DIOR,clean,F_text_only,42,ema,windmill,0.206,printed class_ap.txt (typically 3 decimals),,,complete,/home/zechuan/iraod_artifacts/comparison/xaf_student_quant_20260908/f_deletion_runs_daa3992/dior/clean/seed_42/methods/F_text_only/ddp2/eval_full_clean_ids_v1/class_ap.txt
DIOR,clean,F_text_only,43,ema,airplane,0.472,printed class_ap.txt (typically 3 decimals),,,complete,/home/zechuan/iraod_artifacts/comparison/xaf_student_quant_20260908/f_deletion_runs_daa3992/dior/clean/seed_43/methods/F_text_only/ddp2/eval_full_clean_ids_v1/class_ap.txt
DIOR,clean,F_text_only,43,ema,airport,0.091,printed class_ap.txt (typically 3 decimals),,,complete,/home/zechuan/iraod_artifacts/comparison/xaf_student_quant_20260908/f_deletion_runs_daa3992/dior/clean/seed_43/methods/F_text_only/ddp2/eval_full_clean_ids_v1/class_ap.txt
DIOR,clean,F_text_only,43,ema,baseballfield,0.53,printed class_ap.txt (typically 3 decimals),,,complete,/home/zechuan/iraod_artifacts/comparison/xaf_student_quant_20260908/f_deletion_runs_daa3992/dior/clean/seed_43/methods/F_text_only/ddp2/eval_full_clean_ids_v1/class_ap.txt
DIOR,clean,F_text_only,43,ema,basketballcourt,0.372,printed class_ap.txt (typically 3 decimals),,,complete,/home/zechuan/iraod_artifacts/comparison/xaf_student_quant_20260908/f_deletion_runs_daa3992/dior/clean/seed_43/methods/F_text_only/ddp2/eval_full_clean_ids_v1/class_ap.txt
DIOR,clean,F_text_only,43,ema,bridge,0.097,printed class_ap.txt (typically 3 decimals),,,complete,/home/zechuan/iraod_artifacts/comparison/xaf_student_quant_20260908/f_deletion_runs_daa3992/dior/clean/seed_43/methods/F_text_only/ddp2/eval_full_clean_ids_v1/class_ap.txt
DIOR,clean,F_text_only,43,ema,chimney,0.432,printed class_ap.txt (typically 3 decimals),,,complete,/home/zechuan/iraod_artifacts/comparison/xaf_student_quant_20260908/f_deletion_runs_daa3992/dior/clean/seed_43/methods/F_text_only/ddp2/eval_full_clean_ids_v1/class_ap.txt
DIOR,clean,F_text_only,43,ema,expressway-service-area,0.277,printed class_ap.txt (typically 3 decimals),,,complete,/home/zechuan/iraod_artifacts/comparison/xaf_student_quant_20260908/f_deletion_runs_daa3992/dior/clean/seed_43/methods/F_text_only/ddp2/eval_full_clean_ids_v1/class_ap.txt
DIOR,clean,F_text_only,43,ema,expressway-toll-station,0.193,printed class_ap.txt (typically 3 decimals),,,complete,/home/zechuan/iraod_artifacts/comparison/xaf_student_quant_20260908/f_deletion_runs_daa3992/dior/clean/seed_43/methods/F_text_only/ddp2/eval_full_clean_ids_v1/class_ap.txt
DIOR,clean,F_text_only,43,ema,dam,0.025,printed class_ap.txt (typically 3 decimals),,,complete,/home/zechuan/iraod_artifacts/comparison/xaf_student_quant_20260908/f_deletion_runs_daa3992/dior/clean/seed_43/methods/F_text_only/ddp2/eval_full_clean_ids_v1/class_ap.txt
DIOR,clean,F_text_only,43,ema,golffield,0.266,printed class_ap.txt (typically 3 decimals),,,complete,/home/zechuan/iraod_artifacts/comparison/xaf_student_quant_20260908/f_deletion_runs_daa3992/dior/clean/seed_43/methods/F_text_only/ddp2/eval_full_clean_ids_v1/class_ap.txt
DIOR,clean,F_text_only,43,ema,groundtrackfield,0.255,printed class_ap.txt (typically 3 decimals),,,complete,/home/zechuan/iraod_artifacts/comparison/xaf_student_quant_20260908/f_deletion_runs_daa3992/dior/clean/seed_43/methods/F_text_only/ddp2/eval_full_clean_ids_v1/class_ap.txt
DIOR,clean,F_text_only,43,ema,harbor,0.091,printed class_ap.txt (typically 3 decimals),,,complete,/home/zechuan/iraod_artifacts/comparison/xaf_student_quant_20260908/f_deletion_runs_daa3992/dior/clean/seed_43/methods/F_text_only/ddp2/eval_full_clean_ids_v1/class_ap.txt
DIOR,clean,F_text_only,43,ema,overpass,0.18,printed class_ap.txt (typically 3 decimals),,,complete,/home/zechuan/iraod_artifacts/comparison/xaf_student_quant_20260908/f_deletion_runs_daa3992/dior/clean/seed_43/methods/F_text_only/ddp2/eval_full_clean_ids_v1/class_ap.txt
DIOR,clean,F_text_only,43,ema,ship,0.698,printed class_ap.txt (typically 3 decimals),,,complete,/home/zechuan/iraod_artifacts/comparison/xaf_student_quant_20260908/f_deletion_runs_daa3992/dior/clean/seed_43/methods/F_text_only/ddp2/eval_full_clean_ids_v1/class_ap.txt
DIOR,clean,F_text_only,43,ema,stadium,0.262,printed class_ap.txt (typically 3 decimals),,,complete,/home/zechuan/iraod_artifacts/comparison/xaf_student_quant_20260908/f_deletion_runs_daa3992/dior/clean/seed_43/methods/F_text_only/ddp2/eval_full_clean_ids_v1/class_ap.txt
DIOR,clean,F_text_only,43,ema,storagetank,0.472,printed class_ap.txt (typically 3 decimals),,,complete,/home/zechuan/iraod_artifacts/comparison/xaf_student_quant_20260908/f_deletion_runs_daa3992/dior/clean/seed_43/methods/F_text_only/ddp2/eval_full_clean_ids_v1/class_ap.txt
DIOR,clean,F_text_only,43,ema,tenniscourt,0.617,printed class_ap.txt (typically 3 decimals),,,complete,/home/zechuan/iraod_artifacts/comparison/xaf_student_quant_20260908/f_deletion_runs_daa3992/dior/clean/seed_43/methods/F_text_only/ddp2/eval_full_clean_ids_v1/class_ap.txt
DIOR,clean,F_text_only,43,ema,trainstation,0.135,printed class_ap.txt (typically 3 decimals),,,complete,/home/zechuan/iraod_artifacts/comparison/xaf_student_quant_20260908/f_deletion_runs_daa3992/dior/clean/seed_43/methods/F_text_only/ddp2/eval_full_clean_ids_v1/class_ap.txt
DIOR,clean,F_text_only,43,ema,vehicle,0.297,printed class_ap.txt (typically 3 decimals),,,complete,/home/zechuan/iraod_artifacts/comparison/xaf_student_quant_20260908/f_deletion_runs_daa3992/dior/clean/seed_43/methods/F_text_only/ddp2/eval_full_clean_ids_v1/class_ap.txt
DIOR,clean,F_text_only,43,ema,windmill,0.21,printed class_ap.txt (typically 3 decimals),,,complete,/home/zechuan/iraod_artifacts/comparison/xaf_student_quant_20260908/f_deletion_runs_daa3992/dior/clean/seed_43/methods/F_text_only/ddp2/eval_full_clean_ids_v1/class_ap.txt
DIOR,clean,F_text_only,44,ema,airplane,0.471,printed class_ap.txt (typically 3 decimals),,,complete,/home/zechuan/iraod_artifacts/comparison/xaf_student_quant_20260908/f_deletion_runs_daa3992/dior/clean/seed_44/methods/F_text_only/ddp2/eval_full_clean_ids_v1/class_ap.txt
DIOR,clean,F_text_only,44,ema,airport,0.091,printed class_ap.txt (typically 3 decimals),,,complete,/home/zechuan/iraod_artifacts/comparison/xaf_student_quant_20260908/f_deletion_runs_daa3992/dior/clean/seed_44/methods/F_text_only/ddp2/eval_full_clean_ids_v1/class_ap.txt
DIOR,clean,F_text_only,44,ema,baseballfield,0.529,printed class_ap.txt (typically 3 decimals),,,complete,/home/zechuan/iraod_artifacts/comparison/xaf_student_quant_20260908/f_deletion_runs_daa3992/dior/clean/seed_44/methods/F_text_only/ddp2/eval_full_clean_ids_v1/class_ap.txt
DIOR,clean,F_text_only,44,ema,basketballcourt,0.372,printed class_ap.txt (typically 3 decimals),,,complete,/home/zechuan/iraod_artifacts/comparison/xaf_student_quant_20260908/f_deletion_runs_daa3992/dior/clean/seed_44/methods/F_text_only/ddp2/eval_full_clean_ids_v1/class_ap.txt
DIOR,clean,F_text_only,44,ema,bridge,0.089,printed class_ap.txt (typically 3 decimals),,,complete,/home/zechuan/iraod_artifacts/comparison/xaf_student_quant_20260908/f_deletion_runs_daa3992/dior/clean/seed_44/methods/F_text_only/ddp2/eval_full_clean_ids_v1/class_ap.txt
DIOR,clean,F_text_only,44,ema,chimney,0.435,printed class_ap.txt (typically 3 decimals),,,complete,/home/zechuan/iraod_artifacts/comparison/xaf_student_quant_20260908/f_deletion_runs_daa3992/dior/clean/seed_44/methods/F_text_only/ddp2/eval_full_clean_ids_v1/class_ap.txt
DIOR,clean,F_text_only,44,ema,expressway-service-area,0.276,printed class_ap.txt (typically 3 decimals),,,complete,/home/zechuan/iraod_artifacts/comparison/xaf_student_quant_20260908/f_deletion_runs_daa3992/dior/clean/seed_44/methods/F_text_only/ddp2/eval_full_clean_ids_v1/class_ap.txt
DIOR,clean,F_text_only,44,ema,expressway-toll-station,0.187,printed class_ap.txt (typically 3 decimals),,,complete,/home/zechuan/iraod_artifacts/comparison/xaf_student_quant_20260908/f_deletion_runs_daa3992/dior/clean/seed_44/methods/F_text_only/ddp2/eval_full_clean_ids_v1/class_ap.txt
DIOR,clean,F_text_only,44,ema,dam,0.027,printed class_ap.txt (typically 3 decimals),,,complete,/home/zechuan/iraod_artifacts/comparison/xaf_student_quant_20260908/f_deletion_runs_daa3992/dior/clean/seed_44/methods/F_text_only/ddp2/eval_full_clean_ids_v1/class_ap.txt
DIOR,clean,F_text_only,44,ema,golffield,0.264,printed class_ap.txt (typically 3 decimals),,,complete,/home/zechuan/iraod_artifacts/comparison/xaf_student_quant_20260908/f_deletion_runs_daa3992/dior/clean/seed_44/methods/F_text_only/ddp2/eval_full_clean_ids_v1/class_ap.txt
DIOR,clean,F_text_only,44,ema,groundtrackfield,0.252,printed class_ap.txt (typically 3 decimals),,,complete,/home/zechuan/iraod_artifacts/comparison/xaf_student_quant_20260908/f_deletion_runs_daa3992/dior/clean/seed_44/methods/F_text_only/ddp2/eval_full_clean_ids_v1/class_ap.txt
DIOR,clean,F_text_only,44,ema,harbor,0.123,printed class_ap.txt (typically 3 decimals),,,complete,/home/zechuan/iraod_artifacts/comparison/xaf_student_quant_20260908/f_deletion_runs_daa3992/dior/clean/seed_44/methods/F_text_only/ddp2/eval_full_clean_ids_v1/class_ap.txt
DIOR,clean,F_text_only,44,ema,overpass,0.18,printed class_ap.txt (typically 3 decimals),,,complete,/home/zechuan/iraod_artifacts/comparison/xaf_student_quant_20260908/f_deletion_runs_daa3992/dior/clean/seed_44/methods/F_text_only/ddp2/eval_full_clean_ids_v1/class_ap.txt
DIOR,clean,F_text_only,44,ema,ship,0.7,printed class_ap.txt (typically 3 decimals),,,complete,/home/zechuan/iraod_artifacts/comparison/xaf_student_quant_20260908/f_deletion_runs_daa3992/dior/clean/seed_44/methods/F_text_only/ddp2/eval_full_clean_ids_v1/class_ap.txt
DIOR,clean,F_text_only,44,ema,stadium,0.277,printed class_ap.txt (typically 3 decimals),,,complete,/home/zechuan/iraod_artifacts/comparison/xaf_student_quant_20260908/f_deletion_runs_daa3992/dior/clean/seed_44/methods/F_text_only/ddp2/eval_full_clean_ids_v1/class_ap.txt
DIOR,clean,F_text_only,44,ema,storagetank,0.472,printed class_ap.txt (typically 3 decimals),,,complete,/home/zechuan/iraod_artifacts/comparison/xaf_student_quant_20260908/f_deletion_runs_daa3992/dior/clean/seed_44/methods/F_text_only/ddp2/eval_full_clean_ids_v1/class_ap.txt
DIOR,clean,F_text_only,44,ema,tenniscourt,0.617,printed class_ap.txt (typically 3 decimals),,,complete,/home/zechuan/iraod_artifacts/comparison/xaf_student_quant_20260908/f_deletion_runs_daa3992/dior/clean/seed_44/methods/F_text_only/ddp2/eval_full_clean_ids_v1/class_ap.txt
DIOR,clean,F_text_only,44,ema,trainstation,0.119,printed class_ap.txt (typically 3 decimals),,,complete,/home/zechuan/iraod_artifacts/comparison/xaf_student_quant_20260908/f_deletion_runs_daa3992/dior/clean/seed_44/methods/F_text_only/ddp2/eval_full_clean_ids_v1/class_ap.txt
DIOR,clean,F_text_only,44,ema,vehicle,0.3,printed class_ap.txt (typically 3 decimals),,,complete,/home/zechuan/iraod_artifacts/comparison/xaf_student_quant_20260908/f_deletion_runs_daa3992/dior/clean/seed_44/methods/F_text_only/ddp2/eval_full_clean_ids_v1/class_ap.txt
DIOR,clean,F_text_only,44,ema,windmill,0.2,printed class_ap.txt (typically 3 decimals),,,complete,/home/zechuan/iraod_artifacts/comparison/xaf_student_quant_20260908/f_deletion_runs_daa3992/dior/clean/seed_44/methods/F_text_only/ddp2/eval_full_clean_ids_v1/class_ap.txt
DIOR,clean,F_veto_only,42,ema,airplane,0.489,printed class_ap.txt (typically 3 decimals),,,complete,/home/zechuan/iraod_artifacts/comparison/xaf_student_quant_20260908/f_deletion_runs_daa3992/dior/clean/seed_42/methods/F_veto_only/ddp2/eval_full_clean_ids_v1/class_ap.txt
DIOR,clean,F_veto_only,42,ema,airport,0.045,printed class_ap.txt (typically 3 decimals),,,complete,/home/zechuan/iraod_artifacts/comparison/xaf_student_quant_20260908/f_deletion_runs_daa3992/dior/clean/seed_42/methods/F_veto_only/ddp2/eval_full_clean_ids_v1/class_ap.txt
DIOR,clean,F_veto_only,42,ema,baseballfield,0.531,printed class_ap.txt (typically 3 decimals),,,complete,/home/zechuan/iraod_artifacts/comparison/xaf_student_quant_20260908/f_deletion_runs_daa3992/dior/clean/seed_42/methods/F_veto_only/ddp2/eval_full_clean_ids_v1/class_ap.txt
DIOR,clean,F_veto_only,42,ema,basketballcourt,0.377,printed class_ap.txt (typically 3 decimals),,,complete,/home/zechuan/iraod_artifacts/comparison/xaf_student_quant_20260908/f_deletion_runs_daa3992/dior/clean/seed_42/methods/F_veto_only/ddp2/eval_full_clean_ids_v1/class_ap.txt
DIOR,clean,F_veto_only,42,ema,bridge,0.115,printed class_ap.txt (typically 3 decimals),,,complete,/home/zechuan/iraod_artifacts/comparison/xaf_student_quant_20260908/f_deletion_runs_daa3992/dior/clean/seed_42/methods/F_veto_only/ddp2/eval_full_clean_ids_v1/class_ap.txt
DIOR,clean,F_veto_only,42,ema,chimney,0.429,printed class_ap.txt (typically 3 decimals),,,complete,/home/zechuan/iraod_artifacts/comparison/xaf_student_quant_20260908/f_deletion_runs_daa3992/dior/clean/seed_42/methods/F_veto_only/ddp2/eval_full_clean_ids_v1/class_ap.txt
DIOR,clean,F_veto_only,42,ema,expressway-service-area,0.279,printed class_ap.txt (typically 3 decimals),,,complete,/home/zechuan/iraod_artifacts/comparison/xaf_student_quant_20260908/f_deletion_runs_daa3992/dior/clean/seed_42/methods/F_veto_only/ddp2/eval_full_clean_ids_v1/class_ap.txt
DIOR,clean,F_veto_only,42,ema,expressway-toll-station,0.195,printed class_ap.txt (typically 3 decimals),,,complete,/home/zechuan/iraod_artifacts/comparison/xaf_student_quant_20260908/f_deletion_runs_daa3992/dior/clean/seed_42/methods/F_veto_only/ddp2/eval_full_clean_ids_v1/class_ap.txt
DIOR,clean,F_veto_only,42,ema,dam,0.025,printed class_ap.txt (typically 3 decimals),,,complete,/home/zechuan/iraod_artifacts/comparison/xaf_student_quant_20260908/f_deletion_runs_daa3992/dior/clean/seed_42/methods/F_veto_only/ddp2/eval_full_clean_ids_v1/class_ap.txt
DIOR,clean,F_veto_only,42,ema,golffield,0.274,printed class_ap.txt (typically 3 decimals),,,complete,/home/zechuan/iraod_artifacts/comparison/xaf_student_quant_20260908/f_deletion_runs_daa3992/dior/clean/seed_42/methods/F_veto_only/ddp2/eval_full_clean_ids_v1/class_ap.txt
DIOR,clean,F_veto_only,42,ema,groundtrackfield,0.247,printed class_ap.txt (typically 3 decimals),,,complete,/home/zechuan/iraod_artifacts/comparison/xaf_student_quant_20260908/f_deletion_runs_daa3992/dior/clean/seed_42/methods/F_veto_only/ddp2/eval_full_clean_ids_v1/class_ap.txt
DIOR,clean,F_veto_only,42,ema,harbor,0.139,printed class_ap.txt (typically 3 decimals),,,complete,/home/zechuan/iraod_artifacts/comparison/xaf_student_quant_20260908/f_deletion_runs_daa3992/dior/clean/seed_42/methods/F_veto_only/ddp2/eval_full_clean_ids_v1/class_ap.txt
DIOR,clean,F_veto_only,42,ema,overpass,0.18,printed class_ap.txt (typically 3 decimals),,,complete,/home/zechuan/iraod_artifacts/comparison/xaf_student_quant_20260908/f_deletion_runs_daa3992/dior/clean/seed_42/methods/F_veto_only/ddp2/eval_full_clean_ids_v1/class_ap.txt
DIOR,clean,F_veto_only,42,ema,ship,0.702,printed class_ap.txt (typically 3 decimals),,,complete,/home/zechuan/iraod_artifacts/comparison/xaf_student_quant_20260908/f_deletion_runs_daa3992/dior/clean/seed_42/methods/F_veto_only/ddp2/eval_full_clean_ids_v1/class_ap.txt
DIOR,clean,F_veto_only,42,ema,stadium,0.272,printed class_ap.txt (typically 3 decimals),,,complete,/home/zechuan/iraod_artifacts/comparison/xaf_student_quant_20260908/f_deletion_runs_daa3992/dior/clean/seed_42/methods/F_veto_only/ddp2/eval_full_clean_ids_v1/class_ap.txt
DIOR,clean,F_veto_only,42,ema,storagetank,0.481,printed class_ap.txt (typically 3 decimals),,,complete,/home/zechuan/iraod_artifacts/comparison/xaf_student_quant_20260908/f_deletion_runs_daa3992/dior/clean/seed_42/methods/F_veto_only/ddp2/eval_full_clean_ids_v1/class_ap.txt
DIOR,clean,F_veto_only,42,ema,tenniscourt,0.618,printed class_ap.txt (typically 3 decimals),,,complete,/home/zechuan/iraod_artifacts/comparison/xaf_student_quant_20260908/f_deletion_runs_daa3992/dior/clean/seed_42/methods/F_veto_only/ddp2/eval_full_clean_ids_v1/class_ap.txt
DIOR,clean,F_veto_only,42,ema,trainstation,0.104,printed class_ap.txt (typically 3 decimals),,,complete,/home/zechuan/iraod_artifacts/comparison/xaf_student_quant_20260908/f_deletion_runs_daa3992/dior/clean/seed_42/methods/F_veto_only/ddp2/eval_full_clean_ids_v1/class_ap.txt
DIOR,clean,F_veto_only,42,ema,vehicle,0.304,printed class_ap.txt (typically 3 decimals),,,complete,/home/zechuan/iraod_artifacts/comparison/xaf_student_quant_20260908/f_deletion_runs_daa3992/dior/clean/seed_42/methods/F_veto_only/ddp2/eval_full_clean_ids_v1/class_ap.txt
DIOR,clean,F_veto_only,42,ema,windmill,0.186,printed class_ap.txt (typically 3 decimals),,,complete,/home/zechuan/iraod_artifacts/comparison/xaf_student_quant_20260908/f_deletion_runs_daa3992/dior/clean/seed_42/methods/F_veto_only/ddp2/eval_full_clean_ids_v1/class_ap.txt
DIOR,clean,F_veto_only,43,ema,airplane,0.487,printed class_ap.txt (typically 3 decimals),,,complete,/home/zechuan/iraod_artifacts/comparison/xaf_student_quant_20260908/f_deletion_runs_daa3992/dior/clean/seed_43/methods/F_veto_only/ddp2/eval_full_clean_ids_v1/class_ap.txt
DIOR,clean,F_veto_only,43,ema,airport,0.013,printed class_ap.txt (typically 3 decimals),,,complete,/home/zechuan/iraod_artifacts/comparison/xaf_student_quant_20260908/f_deletion_runs_daa3992/dior/clean/seed_43/methods/F_veto_only/ddp2/eval_full_clean_ids_v1/class_ap.txt
DIOR,clean,F_veto_only,43,ema,baseballfield,0.531,printed class_ap.txt (typically 3 decimals),,,complete,/home/zechuan/iraod_artifacts/comparison/xaf_student_quant_20260908/f_deletion_runs_daa3992/dior/clean/seed_43/methods/F_veto_only/ddp2/eval_full_clean_ids_v1/class_ap.txt
DIOR,clean,F_veto_only,43,ema,basketballcourt,0.367,printed class_ap.txt (typically 3 decimals),,,complete,/home/zechuan/iraod_artifacts/comparison/xaf_student_quant_20260908/f_deletion_runs_daa3992/dior/clean/seed_43/methods/F_veto_only/ddp2/eval_full_clean_ids_v1/class_ap.txt
DIOR,clean,F_veto_only,43,ema,bridge,0.116,printed class_ap.txt (typically 3 decimals),,,complete,/home/zechuan/iraod_artifacts/comparison/xaf_student_quant_20260908/f_deletion_runs_daa3992/dior/clean/seed_43/methods/F_veto_only/ddp2/eval_full_clean_ids_v1/class_ap.txt
DIOR,clean,F_veto_only,43,ema,chimney,0.43,printed class_ap.txt (typically 3 decimals),,,complete,/home/zechuan/iraod_artifacts/comparison/xaf_student_quant_20260908/f_deletion_runs_daa3992/dior/clean/seed_43/methods/F_veto_only/ddp2/eval_full_clean_ids_v1/class_ap.txt
DIOR,clean,F_veto_only,43,ema,expressway-service-area,0.289,printed class_ap.txt (typically 3 decimals),,,complete,/home/zechuan/iraod_artifacts/comparison/xaf_student_quant_20260908/f_deletion_runs_daa3992/dior/clean/seed_43/methods/F_veto_only/ddp2/eval_full_clean_ids_v1/class_ap.txt
DIOR,clean,F_veto_only,43,ema,expressway-toll-station,0.199,printed class_ap.txt (typically 3 decimals),,,complete,/home/zechuan/iraod_artifacts/comparison/xaf_student_quant_20260908/f_deletion_runs_daa3992/dior/clean/seed_43/methods/F_veto_only/ddp2/eval_full_clean_ids_v1/class_ap.txt
DIOR,clean,F_veto_only,43,ema,dam,0.023,printed class_ap.txt (typically 3 decimals),,,complete,/home/zechuan/iraod_artifacts/comparison/xaf_student_quant_20260908/f_deletion_runs_daa3992/dior/clean/seed_43/methods/F_veto_only/ddp2/eval_full_clean_ids_v1/class_ap.txt
DIOR,clean,F_veto_only,43,ema,golffield,0.28,printed class_ap.txt (typically 3 decimals),,,complete,/home/zechuan/iraod_artifacts/comparison/xaf_student_quant_20260908/f_deletion_runs_daa3992/dior/clean/seed_43/methods/F_veto_only/ddp2/eval_full_clean_ids_v1/class_ap.txt
DIOR,clean,F_veto_only,43,ema,groundtrackfield,0.248,printed class_ap.txt (typically 3 decimals),,,complete,/home/zechuan/iraod_artifacts/comparison/xaf_student_quant_20260908/f_deletion_runs_daa3992/dior/clean/seed_43/methods/F_veto_only/ddp2/eval_full_clean_ids_v1/class_ap.txt
DIOR,clean,F_veto_only,43,ema,harbor,0.139,printed class_ap.txt (typically 3 decimals),,,complete,/home/zechuan/iraod_artifacts/comparison/xaf_student_quant_20260908/f_deletion_runs_daa3992/dior/clean/seed_43/methods/F_veto_only/ddp2/eval_full_clean_ids_v1/class_ap.txt
DIOR,clean,F_veto_only,43,ema,overpass,0.179,printed class_ap.txt (typically 3 decimals),,,complete,/home/zechuan/iraod_artifacts/comparison/xaf_student_quant_20260908/f_deletion_runs_daa3992/dior/clean/seed_43/methods/F_veto_only/ddp2/eval_full_clean_ids_v1/class_ap.txt
DIOR,clean,F_veto_only,43,ema,ship,0.703,printed class_ap.txt (typically 3 decimals),,,complete,/home/zechuan/iraod_artifacts/comparison/xaf_student_quant_20260908/f_deletion_runs_daa3992/dior/clean/seed_43/methods/F_veto_only/ddp2/eval_full_clean_ids_v1/class_ap.txt
DIOR,clean,F_veto_only,43,ema,stadium,0.269,printed class_ap.txt (typically 3 decimals),,,complete,/home/zechuan/iraod_artifacts/comparison/xaf_student_quant_20260908/f_deletion_runs_daa3992/dior/clean/seed_43/methods/F_veto_only/ddp2/eval_full_clean_ids_v1/class_ap.txt
DIOR,clean,F_veto_only,43,ema,storagetank,0.479,printed class_ap.txt (typically 3 decimals),,,complete,/home/zechuan/iraod_artifacts/comparison/xaf_student_quant_20260908/f_deletion_runs_daa3992/dior/clean/seed_43/methods/F_veto_only/ddp2/eval_full_clean_ids_v1/class_ap.txt
DIOR,clean,F_veto_only,43,ema,tenniscourt,0.618,printed class_ap.txt (typically 3 decimals),,,complete,/home/zechuan/iraod_artifacts/comparison/xaf_student_quant_20260908/f_deletion_runs_daa3992/dior/clean/seed_43/methods/F_veto_only/ddp2/eval_full_clean_ids_v1/class_ap.txt
DIOR,clean,F_veto_only,43,ema,trainstation,0.099,printed class_ap.txt (typically 3 decimals),,,complete,/home/zechuan/iraod_artifacts/comparison/xaf_student_quant_20260908/f_deletion_runs_daa3992/dior/clean/seed_43/methods/F_veto_only/ddp2/eval_full_clean_ids_v1/class_ap.txt
DIOR,clean,F_veto_only,43,ema,vehicle,0.304,printed class_ap.txt (typically 3 decimals),,,complete,/home/zechuan/iraod_artifacts/comparison/xaf_student_quant_20260908/f_deletion_runs_daa3992/dior/clean/seed_43/methods/F_veto_only/ddp2/eval_full_clean_ids_v1/class_ap.txt
DIOR,clean,F_veto_only,43,ema,windmill,0.197,printed class_ap.txt (typically 3 decimals),,,complete,/home/zechuan/iraod_artifacts/comparison/xaf_student_quant_20260908/f_deletion_runs_daa3992/dior/clean/seed_43/methods/F_veto_only/ddp2/eval_full_clean_ids_v1/class_ap.txt
DIOR,clean,F_veto_only,44,ema,airplane,0.487,printed class_ap.txt (typically 3 decimals),,,complete,/home/zechuan/iraod_artifacts/comparison/xaf_student_quant_20260908/f_deletion_runs_daa3992/dior/clean/seed_44/methods/F_veto_only/ddp2/eval_full_clean_ids_v1/class_ap.txt
DIOR,clean,F_veto_only,44,ema,airport,0.045,printed class_ap.txt (typically 3 decimals),,,complete,/home/zechuan/iraod_artifacts/comparison/xaf_student_quant_20260908/f_deletion_runs_daa3992/dior/clean/seed_44/methods/F_veto_only/ddp2/eval_full_clean_ids_v1/class_ap.txt
DIOR,clean,F_veto_only,44,ema,baseballfield,0.53,printed class_ap.txt (typically 3 decimals),,,complete,/home/zechuan/iraod_artifacts/comparison/xaf_student_quant_20260908/f_deletion_runs_daa3992/dior/clean/seed_44/methods/F_veto_only/ddp2/eval_full_clean_ids_v1/class_ap.txt
DIOR,clean,F_veto_only,44,ema,basketballcourt,0.377,printed class_ap.txt (typically 3 decimals),,,complete,/home/zechuan/iraod_artifacts/comparison/xaf_student_quant_20260908/f_deletion_runs_daa3992/dior/clean/seed_44/methods/F_veto_only/ddp2/eval_full_clean_ids_v1/class_ap.txt
DIOR,clean,F_veto_only,44,ema,bridge,0.118,printed class_ap.txt (typically 3 decimals),,,complete,/home/zechuan/iraod_artifacts/comparison/xaf_student_quant_20260908/f_deletion_runs_daa3992/dior/clean/seed_44/methods/F_veto_only/ddp2/eval_full_clean_ids_v1/class_ap.txt
DIOR,clean,F_veto_only,44,ema,chimney,0.431,printed class_ap.txt (typically 3 decimals),,,complete,/home/zechuan/iraod_artifacts/comparison/xaf_student_quant_20260908/f_deletion_runs_daa3992/dior/clean/seed_44/methods/F_veto_only/ddp2/eval_full_clean_ids_v1/class_ap.txt
DIOR,clean,F_veto_only,44,ema,expressway-service-area,0.273,printed class_ap.txt (typically 3 decimals),,,complete,/home/zechuan/iraod_artifacts/comparison/xaf_student_quant_20260908/f_deletion_runs_daa3992/dior/clean/seed_44/methods/F_veto_only/ddp2/eval_full_clean_ids_v1/class_ap.txt
DIOR,clean,F_veto_only,44,ema,expressway-toll-station,0.19,printed class_ap.txt (typically 3 decimals),,,complete,/home/zechuan/iraod_artifacts/comparison/xaf_student_quant_20260908/f_deletion_runs_daa3992/dior/clean/seed_44/methods/F_veto_only/ddp2/eval_full_clean_ids_v1/class_ap.txt
DIOR,clean,F_veto_only,44,ema,dam,0.025,printed class_ap.txt (typically 3 decimals),,,complete,/home/zechuan/iraod_artifacts/comparison/xaf_student_quant_20260908/f_deletion_runs_daa3992/dior/clean/seed_44/methods/F_veto_only/ddp2/eval_full_clean_ids_v1/class_ap.txt
DIOR,clean,F_veto_only,44,ema,golffield,0.273,printed class_ap.txt (typically 3 decimals),,,complete,/home/zechuan/iraod_artifacts/comparison/xaf_student_quant_20260908/f_deletion_runs_daa3992/dior/clean/seed_44/methods/F_veto_only/ddp2/eval_full_clean_ids_v1/class_ap.txt
DIOR,clean,F_veto_only,44,ema,groundtrackfield,0.246,printed class_ap.txt (typically 3 decimals),,,complete,/home/zechuan/iraod_artifacts/comparison/xaf_student_quant_20260908/f_deletion_runs_daa3992/dior/clean/seed_44/methods/F_veto_only/ddp2/eval_full_clean_ids_v1/class_ap.txt
DIOR,clean,F_veto_only,44,ema,harbor,0.14,printed class_ap.txt (typically 3 decimals),,,complete,/home/zechuan/iraod_artifacts/comparison/xaf_student_quant_20260908/f_deletion_runs_daa3992/dior/clean/seed_44/methods/F_veto_only/ddp2/eval_full_clean_ids_v1/class_ap.txt
DIOR,clean,F_veto_only,44,ema,overpass,0.175,printed class_ap.txt (typically 3 decimals),,,complete,/home/zechuan/iraod_artifacts/comparison/xaf_student_quant_20260908/f_deletion_runs_daa3992/dior/clean/seed_44/methods/F_veto_only/ddp2/eval_full_clean_ids_v1/class_ap.txt
DIOR,clean,F_veto_only,44,ema,ship,0.702,printed class_ap.txt (typically 3 decimals),,,complete,/home/zechuan/iraod_artifacts/comparison/xaf_student_quant_20260908/f_deletion_runs_daa3992/dior/clean/seed_44/methods/F_veto_only/ddp2/eval_full_clean_ids_v1/class_ap.txt
DIOR,clean,F_veto_only,44,ema,stadium,0.266,printed class_ap.txt (typically 3 decimals),,,complete,/home/zechuan/iraod_artifacts/comparison/xaf_student_quant_20260908/f_deletion_runs_daa3992/dior/clean/seed_44/methods/F_veto_only/ddp2/eval_full_clean_ids_v1/class_ap.txt
DIOR,clean,F_veto_only,44,ema,storagetank,0.479,printed class_ap.txt (typically 3 decimals),,,complete,/home/zechuan/iraod_artifacts/comparison/xaf_student_quant_20260908/f_deletion_runs_daa3992/dior/clean/seed_44/methods/F_veto_only/ddp2/eval_full_clean_ids_v1/class_ap.txt
DIOR,clean,F_veto_only,44,ema,tenniscourt,0.62,printed class_ap.txt (typically 3 decimals),,,complete,/home/zechuan/iraod_artifacts/comparison/xaf_student_quant_20260908/f_deletion_runs_daa3992/dior/clean/seed_44/methods/F_veto_only/ddp2/eval_full_clean_ids_v1/class_ap.txt
DIOR,clean,F_veto_only,44,ema,trainstation,0.105,printed class_ap.txt (typically 3 decimals),,,complete,/home/zechuan/iraod_artifacts/comparison/xaf_student_quant_20260908/f_deletion_runs_daa3992/dior/clean/seed_44/methods/F_veto_only/ddp2/eval_full_clean_ids_v1/class_ap.txt
DIOR,clean,F_veto_only,44,ema,vehicle,0.305,printed class_ap.txt (typically 3 decimals),,,complete,/home/zechuan/iraod_artifacts/comparison/xaf_student_quant_20260908/f_deletion_runs_daa3992/dior/clean/seed_44/methods/F_veto_only/ddp2/eval_full_clean_ids_v1/class_ap.txt
DIOR,clean,F_veto_only,44,ema,windmill,0.197,printed class_ap.txt (typically 3 decimals),,,complete,/home/zechuan/iraod_artifacts/comparison/xaf_student_quant_20260908/f_deletion_runs_daa3992/dior/clean/seed_44/methods/F_veto_only/ddp2/eval_full_clean_ids_v1/class_ap.txt
DIOR,brightness,A,42,source,airplane,0.334,printed class_ap.txt (typically 3 decimals),0.334,0.334,complete,/home/zechuan/iraod_artifacts/comparison/dior/brightness/seed_42/0f98a48/methods/A/eval_full_brightness_ids_v1/class_ap.txt
DIOR,brightness,A,42,source,airport,0.01,printed class_ap.txt (typically 3 decimals),0.01,0.01,complete,/home/zechuan/iraod_artifacts/comparison/dior/brightness/seed_42/0f98a48/methods/A/eval_full_brightness_ids_v1/class_ap.txt
DIOR,brightness,A,42,source,baseballfield,0.482,printed class_ap.txt (typically 3 decimals),0.482,0.482,complete,/home/zechuan/iraod_artifacts/comparison/dior/brightness/seed_42/0f98a48/methods/A/eval_full_brightness_ids_v1/class_ap.txt
DIOR,brightness,A,42,source,basketballcourt,0.282,printed class_ap.txt (typically 3 decimals),0.282,0.282,complete,/home/zechuan/iraod_artifacts/comparison/dior/brightness/seed_42/0f98a48/methods/A/eval_full_brightness_ids_v1/class_ap.txt
DIOR,brightness,A,42,source,bridge,0.104,printed class_ap.txt (typically 3 decimals),0.104,0.104,complete,/home/zechuan/iraod_artifacts/comparison/dior/brightness/seed_42/0f98a48/methods/A/eval_full_brightness_ids_v1/class_ap.txt
DIOR,brightness,A,42,source,chimney,0.344,printed class_ap.txt (typically 3 decimals),0.344,0.344,complete,/home/zechuan/iraod_artifacts/comparison/dior/brightness/seed_42/0f98a48/methods/A/eval_full_brightness_ids_v1/class_ap.txt
DIOR,brightness,A,42,source,expressway-service-area,0.216,printed class_ap.txt (typically 3 decimals),0.216,0.216,complete,/home/zechuan/iraod_artifacts/comparison/dior/brightness/seed_42/0f98a48/methods/A/eval_full_brightness_ids_v1/class_ap.txt
DIOR,brightness,A,42,source,expressway-toll-station,0.146,printed class_ap.txt (typically 3 decimals),0.146,0.146,complete,/home/zechuan/iraod_artifacts/comparison/dior/brightness/seed_42/0f98a48/methods/A/eval_full_brightness_ids_v1/class_ap.txt
DIOR,brightness,A,42,source,dam,0.091,printed class_ap.txt (typically 3 decimals),0.091,0.091,complete,/home/zechuan/iraod_artifacts/comparison/dior/brightness/seed_42/0f98a48/methods/A/eval_full_brightness_ids_v1/class_ap.txt
DIOR,brightness,A,42,source,golffield,0.119,printed class_ap.txt (typically 3 decimals),0.119,0.119,complete,/home/zechuan/iraod_artifacts/comparison/dior/brightness/seed_42/0f98a48/methods/A/eval_full_brightness_ids_v1/class_ap.txt
DIOR,brightness,A,42,source,groundtrackfield,0.217,printed class_ap.txt (typically 3 decimals),0.217,0.217,complete,/home/zechuan/iraod_artifacts/comparison/dior/brightness/seed_42/0f98a48/methods/A/eval_full_brightness_ids_v1/class_ap.txt
DIOR,brightness,A,42,source,harbor,0.15,printed class_ap.txt (typically 3 decimals),0.15,0.15,complete,/home/zechuan/iraod_artifacts/comparison/dior/brightness/seed_42/0f98a48/methods/A/eval_full_brightness_ids_v1/class_ap.txt
DIOR,brightness,A,42,source,overpass,0.15,printed class_ap.txt (typically 3 decimals),0.15,0.15,complete,/home/zechuan/iraod_artifacts/comparison/dior/brightness/seed_42/0f98a48/methods/A/eval_full_brightness_ids_v1/class_ap.txt
DIOR,brightness,A,42,source,ship,0.654,printed class_ap.txt (typically 3 decimals),0.654,0.654,complete,/home/zechuan/iraod_artifacts/comparison/dior/brightness/seed_42/0f98a48/methods/A/eval_full_brightness_ids_v1/class_ap.txt
DIOR,brightness,A,42,source,stadium,0.196,printed class_ap.txt (typically 3 decimals),0.196,0.196,complete,/home/zechuan/iraod_artifacts/comparison/dior/brightness/seed_42/0f98a48/methods/A/eval_full_brightness_ids_v1/class_ap.txt
DIOR,brightness,A,42,source,storagetank,0.339,printed class_ap.txt (typically 3 decimals),0.339,0.339,complete,/home/zechuan/iraod_artifacts/comparison/dior/brightness/seed_42/0f98a48/methods/A/eval_full_brightness_ids_v1/class_ap.txt
DIOR,brightness,A,42,source,tenniscourt,0.521,printed class_ap.txt (typically 3 decimals),0.521,0.521,complete,/home/zechuan/iraod_artifacts/comparison/dior/brightness/seed_42/0f98a48/methods/A/eval_full_brightness_ids_v1/class_ap.txt
DIOR,brightness,A,42,source,trainstation,0.125,printed class_ap.txt (typically 3 decimals),0.125,0.125,complete,/home/zechuan/iraod_artifacts/comparison/dior/brightness/seed_42/0f98a48/methods/A/eval_full_brightness_ids_v1/class_ap.txt
DIOR,brightness,A,42,source,vehicle,0.265,printed class_ap.txt (typically 3 decimals),0.265,0.265,complete,/home/zechuan/iraod_artifacts/comparison/dior/brightness/seed_42/0f98a48/methods/A/eval_full_brightness_ids_v1/class_ap.txt
DIOR,brightness,A,42,source,windmill,0.089,printed class_ap.txt (typically 3 decimals),0.089,0.089,complete,/home/zechuan/iraod_artifacts/comparison/dior/brightness/seed_42/0f98a48/methods/A/eval_full_brightness_ids_v1/class_ap.txt
DIOR,brightness,B_REG,42,ema,airplane,0.346,printed class_ap.txt (typically 3 decimals),,,complete,/home/zechuan/iraod_artifacts/comparison/xaf_student_quant_20260908/b_reg_runs_0e5f8f7/dior/brightness/seed_42/methods/B_REG/eval_full_brightness_ids_v1/class_ap.txt
DIOR,brightness,B_REG,42,ema,airport,0.021,printed class_ap.txt (typically 3 decimals),,,complete,/home/zechuan/iraod_artifacts/comparison/xaf_student_quant_20260908/b_reg_runs_0e5f8f7/dior/brightness/seed_42/methods/B_REG/eval_full_brightness_ids_v1/class_ap.txt
DIOR,brightness,B_REG,42,ema,baseballfield,0.488,printed class_ap.txt (typically 3 decimals),,,complete,/home/zechuan/iraod_artifacts/comparison/xaf_student_quant_20260908/b_reg_runs_0e5f8f7/dior/brightness/seed_42/methods/B_REG/eval_full_brightness_ids_v1/class_ap.txt
DIOR,brightness,B_REG,42,ema,basketballcourt,0.295,printed class_ap.txt (typically 3 decimals),,,complete,/home/zechuan/iraod_artifacts/comparison/xaf_student_quant_20260908/b_reg_runs_0e5f8f7/dior/brightness/seed_42/methods/B_REG/eval_full_brightness_ids_v1/class_ap.txt
DIOR,brightness,B_REG,42,ema,bridge,0.108,printed class_ap.txt (typically 3 decimals),,,complete,/home/zechuan/iraod_artifacts/comparison/xaf_student_quant_20260908/b_reg_runs_0e5f8f7/dior/brightness/seed_42/methods/B_REG/eval_full_brightness_ids_v1/class_ap.txt
DIOR,brightness,B_REG,42,ema,chimney,0.375,printed class_ap.txt (typically 3 decimals),,,complete,/home/zechuan/iraod_artifacts/comparison/xaf_student_quant_20260908/b_reg_runs_0e5f8f7/dior/brightness/seed_42/methods/B_REG/eval_full_brightness_ids_v1/class_ap.txt
DIOR,brightness,B_REG,42,ema,expressway-service-area,0.225,printed class_ap.txt (typically 3 decimals),,,complete,/home/zechuan/iraod_artifacts/comparison/xaf_student_quant_20260908/b_reg_runs_0e5f8f7/dior/brightness/seed_42/methods/B_REG/eval_full_brightness_ids_v1/class_ap.txt
DIOR,brightness,B_REG,42,ema,expressway-toll-station,0.135,printed class_ap.txt (typically 3 decimals),,,complete,/home/zechuan/iraod_artifacts/comparison/xaf_student_quant_20260908/b_reg_runs_0e5f8f7/dior/brightness/seed_42/methods/B_REG/eval_full_brightness_ids_v1/class_ap.txt
DIOR,brightness,B_REG,42,ema,dam,0.091,printed class_ap.txt (typically 3 decimals),,,complete,/home/zechuan/iraod_artifacts/comparison/xaf_student_quant_20260908/b_reg_runs_0e5f8f7/dior/brightness/seed_42/methods/B_REG/eval_full_brightness_ids_v1/class_ap.txt
DIOR,brightness,B_REG,42,ema,golffield,0.11,printed class_ap.txt (typically 3 decimals),,,complete,/home/zechuan/iraod_artifacts/comparison/xaf_student_quant_20260908/b_reg_runs_0e5f8f7/dior/brightness/seed_42/methods/B_REG/eval_full_brightness_ids_v1/class_ap.txt
DIOR,brightness,B_REG,42,ema,groundtrackfield,0.222,printed class_ap.txt (typically 3 decimals),,,complete,/home/zechuan/iraod_artifacts/comparison/xaf_student_quant_20260908/b_reg_runs_0e5f8f7/dior/brightness/seed_42/methods/B_REG/eval_full_brightness_ids_v1/class_ap.txt
DIOR,brightness,B_REG,42,ema,harbor,0.107,printed class_ap.txt (typically 3 decimals),,,complete,/home/zechuan/iraod_artifacts/comparison/xaf_student_quant_20260908/b_reg_runs_0e5f8f7/dior/brightness/seed_42/methods/B_REG/eval_full_brightness_ids_v1/class_ap.txt
DIOR,brightness,B_REG,42,ema,overpass,0.157,printed class_ap.txt (typically 3 decimals),,,complete,/home/zechuan/iraod_artifacts/comparison/xaf_student_quant_20260908/b_reg_runs_0e5f8f7/dior/brightness/seed_42/methods/B_REG/eval_full_brightness_ids_v1/class_ap.txt
DIOR,brightness,B_REG,42,ema,ship,0.667,printed class_ap.txt (typically 3 decimals),,,complete,/home/zechuan/iraod_artifacts/comparison/xaf_student_quant_20260908/b_reg_runs_0e5f8f7/dior/brightness/seed_42/methods/B_REG/eval_full_brightness_ids_v1/class_ap.txt
DIOR,brightness,B_REG,42,ema,stadium,0.2,printed class_ap.txt (typically 3 decimals),,,complete,/home/zechuan/iraod_artifacts/comparison/xaf_student_quant_20260908/b_reg_runs_0e5f8f7/dior/brightness/seed_42/methods/B_REG/eval_full_brightness_ids_v1/class_ap.txt
DIOR,brightness,B_REG,42,ema,storagetank,0.351,printed class_ap.txt (typically 3 decimals),,,complete,/home/zechuan/iraod_artifacts/comparison/xaf_student_quant_20260908/b_reg_runs_0e5f8f7/dior/brightness/seed_42/methods/B_REG/eval_full_brightness_ids_v1/class_ap.txt
DIOR,brightness,B_REG,42,ema,tenniscourt,0.534,printed class_ap.txt (typically 3 decimals),,,complete,/home/zechuan/iraod_artifacts/comparison/xaf_student_quant_20260908/b_reg_runs_0e5f8f7/dior/brightness/seed_42/methods/B_REG/eval_full_brightness_ids_v1/class_ap.txt
DIOR,brightness,B_REG,42,ema,trainstation,0.132,printed class_ap.txt (typically 3 decimals),,,complete,/home/zechuan/iraod_artifacts/comparison/xaf_student_quant_20260908/b_reg_runs_0e5f8f7/dior/brightness/seed_42/methods/B_REG/eval_full_brightness_ids_v1/class_ap.txt
DIOR,brightness,B_REG,42,ema,vehicle,0.277,printed class_ap.txt (typically 3 decimals),,,complete,/home/zechuan/iraod_artifacts/comparison/xaf_student_quant_20260908/b_reg_runs_0e5f8f7/dior/brightness/seed_42/methods/B_REG/eval_full_brightness_ids_v1/class_ap.txt
DIOR,brightness,B_REG,42,ema,windmill,0.089,printed class_ap.txt (typically 3 decimals),,,complete,/home/zechuan/iraod_artifacts/comparison/xaf_student_quant_20260908/b_reg_runs_0e5f8f7/dior/brightness/seed_42/methods/B_REG/eval_full_brightness_ids_v1/class_ap.txt
DIOR,brightness,B_REG,43,ema,airplane,0.345,printed class_ap.txt (typically 3 decimals),,,complete,/home/zechuan/iraod_artifacts/comparison/xaf_student_quant_20260908/b_reg_runs_0e5f8f7/dior/brightness/seed_43/methods/B_REG/eval_full_brightness_ids_v1/class_ap.txt
DIOR,brightness,B_REG,43,ema,airport,0.016,printed class_ap.txt (typically 3 decimals),,,complete,/home/zechuan/iraod_artifacts/comparison/xaf_student_quant_20260908/b_reg_runs_0e5f8f7/dior/brightness/seed_43/methods/B_REG/eval_full_brightness_ids_v1/class_ap.txt
DIOR,brightness,B_REG,43,ema,baseballfield,0.489,printed class_ap.txt (typically 3 decimals),,,complete,/home/zechuan/iraod_artifacts/comparison/xaf_student_quant_20260908/b_reg_runs_0e5f8f7/dior/brightness/seed_43/methods/B_REG/eval_full_brightness_ids_v1/class_ap.txt
DIOR,brightness,B_REG,43,ema,basketballcourt,0.294,printed class_ap.txt (typically 3 decimals),,,complete,/home/zechuan/iraod_artifacts/comparison/xaf_student_quant_20260908/b_reg_runs_0e5f8f7/dior/brightness/seed_43/methods/B_REG/eval_full_brightness_ids_v1/class_ap.txt
DIOR,brightness,B_REG,43,ema,bridge,0.107,printed class_ap.txt (typically 3 decimals),,,complete,/home/zechuan/iraod_artifacts/comparison/xaf_student_quant_20260908/b_reg_runs_0e5f8f7/dior/brightness/seed_43/methods/B_REG/eval_full_brightness_ids_v1/class_ap.txt
DIOR,brightness,B_REG,43,ema,chimney,0.379,printed class_ap.txt (typically 3 decimals),,,complete,/home/zechuan/iraod_artifacts/comparison/xaf_student_quant_20260908/b_reg_runs_0e5f8f7/dior/brightness/seed_43/methods/B_REG/eval_full_brightness_ids_v1/class_ap.txt
DIOR,brightness,B_REG,43,ema,expressway-service-area,0.214,printed class_ap.txt (typically 3 decimals),,,complete,/home/zechuan/iraod_artifacts/comparison/xaf_student_quant_20260908/b_reg_runs_0e5f8f7/dior/brightness/seed_43/methods/B_REG/eval_full_brightness_ids_v1/class_ap.txt
DIOR,brightness,B_REG,43,ema,expressway-toll-station,0.136,printed class_ap.txt (typically 3 decimals),,,complete,/home/zechuan/iraod_artifacts/comparison/xaf_student_quant_20260908/b_reg_runs_0e5f8f7/dior/brightness/seed_43/methods/B_REG/eval_full_brightness_ids_v1/class_ap.txt
DIOR,brightness,B_REG,43,ema,dam,0.091,printed class_ap.txt (typically 3 decimals),,,complete,/home/zechuan/iraod_artifacts/comparison/xaf_student_quant_20260908/b_reg_runs_0e5f8f7/dior/brightness/seed_43/methods/B_REG/eval_full_brightness_ids_v1/class_ap.txt
DIOR,brightness,B_REG,43,ema,golffield,0.116,printed class_ap.txt (typically 3 decimals),,,complete,/home/zechuan/iraod_artifacts/comparison/xaf_student_quant_20260908/b_reg_runs_0e5f8f7/dior/brightness/seed_43/methods/B_REG/eval_full_brightness_ids_v1/class_ap.txt
DIOR,brightness,B_REG,43,ema,groundtrackfield,0.221,printed class_ap.txt (typically 3 decimals),,,complete,/home/zechuan/iraod_artifacts/comparison/xaf_student_quant_20260908/b_reg_runs_0e5f8f7/dior/brightness/seed_43/methods/B_REG/eval_full_brightness_ids_v1/class_ap.txt
DIOR,brightness,B_REG,43,ema,harbor,0.104,printed class_ap.txt (typically 3 decimals),,,complete,/home/zechuan/iraod_artifacts/comparison/xaf_student_quant_20260908/b_reg_runs_0e5f8f7/dior/brightness/seed_43/methods/B_REG/eval_full_brightness_ids_v1/class_ap.txt
DIOR,brightness,B_REG,43,ema,overpass,0.159,printed class_ap.txt (typically 3 decimals),,,complete,/home/zechuan/iraod_artifacts/comparison/xaf_student_quant_20260908/b_reg_runs_0e5f8f7/dior/brightness/seed_43/methods/B_REG/eval_full_brightness_ids_v1/class_ap.txt
DIOR,brightness,B_REG,43,ema,ship,0.665,printed class_ap.txt (typically 3 decimals),,,complete,/home/zechuan/iraod_artifacts/comparison/xaf_student_quant_20260908/b_reg_runs_0e5f8f7/dior/brightness/seed_43/methods/B_REG/eval_full_brightness_ids_v1/class_ap.txt
DIOR,brightness,B_REG,43,ema,stadium,0.2,printed class_ap.txt (typically 3 decimals),,,complete,/home/zechuan/iraod_artifacts/comparison/xaf_student_quant_20260908/b_reg_runs_0e5f8f7/dior/brightness/seed_43/methods/B_REG/eval_full_brightness_ids_v1/class_ap.txt
DIOR,brightness,B_REG,43,ema,storagetank,0.349,printed class_ap.txt (typically 3 decimals),,,complete,/home/zechuan/iraod_artifacts/comparison/xaf_student_quant_20260908/b_reg_runs_0e5f8f7/dior/brightness/seed_43/methods/B_REG/eval_full_brightness_ids_v1/class_ap.txt
DIOR,brightness,B_REG,43,ema,tenniscourt,0.534,printed class_ap.txt (typically 3 decimals),,,complete,/home/zechuan/iraod_artifacts/comparison/xaf_student_quant_20260908/b_reg_runs_0e5f8f7/dior/brightness/seed_43/methods/B_REG/eval_full_brightness_ids_v1/class_ap.txt
DIOR,brightness,B_REG,43,ema,trainstation,0.13,printed class_ap.txt (typically 3 decimals),,,complete,/home/zechuan/iraod_artifacts/comparison/xaf_student_quant_20260908/b_reg_runs_0e5f8f7/dior/brightness/seed_43/methods/B_REG/eval_full_brightness_ids_v1/class_ap.txt
DIOR,brightness,B_REG,43,ema,vehicle,0.275,printed class_ap.txt (typically 3 decimals),,,complete,/home/zechuan/iraod_artifacts/comparison/xaf_student_quant_20260908/b_reg_runs_0e5f8f7/dior/brightness/seed_43/methods/B_REG/eval_full_brightness_ids_v1/class_ap.txt
DIOR,brightness,B_REG,43,ema,windmill,0.089,printed class_ap.txt (typically 3 decimals),,,complete,/home/zechuan/iraod_artifacts/comparison/xaf_student_quant_20260908/b_reg_runs_0e5f8f7/dior/brightness/seed_43/methods/B_REG/eval_full_brightness_ids_v1/class_ap.txt
DIOR,brightness,B_REG,44,ema,airplane,0.346,printed class_ap.txt (typically 3 decimals),,,complete,/home/zechuan/iraod_artifacts/comparison/xaf_student_quant_20260908/b_reg_runs_0e5f8f7/dior/brightness/seed_44/methods/B_REG/eval_full_brightness_ids_v1/class_ap.txt
DIOR,brightness,B_REG,44,ema,airport,0.015,printed class_ap.txt (typically 3 decimals),,,complete,/home/zechuan/iraod_artifacts/comparison/xaf_student_quant_20260908/b_reg_runs_0e5f8f7/dior/brightness/seed_44/methods/B_REG/eval_full_brightness_ids_v1/class_ap.txt
DIOR,brightness,B_REG,44,ema,baseballfield,0.49,printed class_ap.txt (typically 3 decimals),,,complete,/home/zechuan/iraod_artifacts/comparison/xaf_student_quant_20260908/b_reg_runs_0e5f8f7/dior/brightness/seed_44/methods/B_REG/eval_full_brightness_ids_v1/class_ap.txt
DIOR,brightness,B_REG,44,ema,basketballcourt,0.296,printed class_ap.txt (typically 3 decimals),,,complete,/home/zechuan/iraod_artifacts/comparison/xaf_student_quant_20260908/b_reg_runs_0e5f8f7/dior/brightness/seed_44/methods/B_REG/eval_full_brightness_ids_v1/class_ap.txt
DIOR,brightness,B_REG,44,ema,bridge,0.107,printed class_ap.txt (typically 3 decimals),,,complete,/home/zechuan/iraod_artifacts/comparison/xaf_student_quant_20260908/b_reg_runs_0e5f8f7/dior/brightness/seed_44/methods/B_REG/eval_full_brightness_ids_v1/class_ap.txt
DIOR,brightness,B_REG,44,ema,chimney,0.376,printed class_ap.txt (typically 3 decimals),,,complete,/home/zechuan/iraod_artifacts/comparison/xaf_student_quant_20260908/b_reg_runs_0e5f8f7/dior/brightness/seed_44/methods/B_REG/eval_full_brightness_ids_v1/class_ap.txt
DIOR,brightness,B_REG,44,ema,expressway-service-area,0.216,printed class_ap.txt (typically 3 decimals),,,complete,/home/zechuan/iraod_artifacts/comparison/xaf_student_quant_20260908/b_reg_runs_0e5f8f7/dior/brightness/seed_44/methods/B_REG/eval_full_brightness_ids_v1/class_ap.txt
DIOR,brightness,B_REG,44,ema,expressway-toll-station,0.143,printed class_ap.txt (typically 3 decimals),,,complete,/home/zechuan/iraod_artifacts/comparison/xaf_student_quant_20260908/b_reg_runs_0e5f8f7/dior/brightness/seed_44/methods/B_REG/eval_full_brightness_ids_v1/class_ap.txt
DIOR,brightness,B_REG,44,ema,dam,0.091,printed class_ap.txt (typically 3 decimals),,,complete,/home/zechuan/iraod_artifacts/comparison/xaf_student_quant_20260908/b_reg_runs_0e5f8f7/dior/brightness/seed_44/methods/B_REG/eval_full_brightness_ids_v1/class_ap.txt
DIOR,brightness,B_REG,44,ema,golffield,0.119,printed class_ap.txt (typically 3 decimals),,,complete,/home/zechuan/iraod_artifacts/comparison/xaf_student_quant_20260908/b_reg_runs_0e5f8f7/dior/brightness/seed_44/methods/B_REG/eval_full_brightness_ids_v1/class_ap.txt
DIOR,brightness,B_REG,44,ema,groundtrackfield,0.222,printed class_ap.txt (typically 3 decimals),,,complete,/home/zechuan/iraod_artifacts/comparison/xaf_student_quant_20260908/b_reg_runs_0e5f8f7/dior/brightness/seed_44/methods/B_REG/eval_full_brightness_ids_v1/class_ap.txt
DIOR,brightness,B_REG,44,ema,harbor,0.103,printed class_ap.txt (typically 3 decimals),,,complete,/home/zechuan/iraod_artifacts/comparison/xaf_student_quant_20260908/b_reg_runs_0e5f8f7/dior/brightness/seed_44/methods/B_REG/eval_full_brightness_ids_v1/class_ap.txt
DIOR,brightness,B_REG,44,ema,overpass,0.158,printed class_ap.txt (typically 3 decimals),,,complete,/home/zechuan/iraod_artifacts/comparison/xaf_student_quant_20260908/b_reg_runs_0e5f8f7/dior/brightness/seed_44/methods/B_REG/eval_full_brightness_ids_v1/class_ap.txt
DIOR,brightness,B_REG,44,ema,ship,0.668,printed class_ap.txt (typically 3 decimals),,,complete,/home/zechuan/iraod_artifacts/comparison/xaf_student_quant_20260908/b_reg_runs_0e5f8f7/dior/brightness/seed_44/methods/B_REG/eval_full_brightness_ids_v1/class_ap.txt
DIOR,brightness,B_REG,44,ema,stadium,0.199,printed class_ap.txt (typically 3 decimals),,,complete,/home/zechuan/iraod_artifacts/comparison/xaf_student_quant_20260908/b_reg_runs_0e5f8f7/dior/brightness/seed_44/methods/B_REG/eval_full_brightness_ids_v1/class_ap.txt
DIOR,brightness,B_REG,44,ema,storagetank,0.354,printed class_ap.txt (typically 3 decimals),,,complete,/home/zechuan/iraod_artifacts/comparison/xaf_student_quant_20260908/b_reg_runs_0e5f8f7/dior/brightness/seed_44/methods/B_REG/eval_full_brightness_ids_v1/class_ap.txt
DIOR,brightness,B_REG,44,ema,tenniscourt,0.535,printed class_ap.txt (typically 3 decimals),,,complete,/home/zechuan/iraod_artifacts/comparison/xaf_student_quant_20260908/b_reg_runs_0e5f8f7/dior/brightness/seed_44/methods/B_REG/eval_full_brightness_ids_v1/class_ap.txt
DIOR,brightness,B_REG,44,ema,trainstation,0.129,printed class_ap.txt (typically 3 decimals),,,complete,/home/zechuan/iraod_artifacts/comparison/xaf_student_quant_20260908/b_reg_runs_0e5f8f7/dior/brightness/seed_44/methods/B_REG/eval_full_brightness_ids_v1/class_ap.txt
DIOR,brightness,B_REG,44,ema,vehicle,0.277,printed class_ap.txt (typically 3 decimals),,,complete,/home/zechuan/iraod_artifacts/comparison/xaf_student_quant_20260908/b_reg_runs_0e5f8f7/dior/brightness/seed_44/methods/B_REG/eval_full_brightness_ids_v1/class_ap.txt
DIOR,brightness,B_REG,44,ema,windmill,0.089,printed class_ap.txt (typically 3 decimals),,,complete,/home/zechuan/iraod_artifacts/comparison/xaf_student_quant_20260908/b_reg_runs_0e5f8f7/dior/brightness/seed_44/methods/B_REG/eval_full_brightness_ids_v1/class_ap.txt
DIOR,brightness,F_text_only,42,ema,airplane,0.317,printed class_ap.txt (typically 3 decimals),,,complete,/home/zechuan/iraod_artifacts/comparison/xaf_student_quant_20260908/f_deletion_runs_daa3992/dior/brightness/seed_42/methods/F_text_only/ddp2/eval_full_brightness_ids_v1/class_ap.txt
DIOR,brightness,F_text_only,42,ema,airport,0.018,printed class_ap.txt (typically 3 decimals),,,complete,/home/zechuan/iraod_artifacts/comparison/xaf_student_quant_20260908/f_deletion_runs_daa3992/dior/brightness/seed_42/methods/F_text_only/ddp2/eval_full_brightness_ids_v1/class_ap.txt
DIOR,brightness,F_text_only,42,ema,baseballfield,0.488,printed class_ap.txt (typically 3 decimals),,,complete,/home/zechuan/iraod_artifacts/comparison/xaf_student_quant_20260908/f_deletion_runs_daa3992/dior/brightness/seed_42/methods/F_text_only/ddp2/eval_full_brightness_ids_v1/class_ap.txt
DIOR,brightness,F_text_only,42,ema,basketballcourt,0.292,printed class_ap.txt (typically 3 decimals),,,complete,/home/zechuan/iraod_artifacts/comparison/xaf_student_quant_20260908/f_deletion_runs_daa3992/dior/brightness/seed_42/methods/F_text_only/ddp2/eval_full_brightness_ids_v1/class_ap.txt
DIOR,brightness,F_text_only,42,ema,bridge,0.107,printed class_ap.txt (typically 3 decimals),,,complete,/home/zechuan/iraod_artifacts/comparison/xaf_student_quant_20260908/f_deletion_runs_daa3992/dior/brightness/seed_42/methods/F_text_only/ddp2/eval_full_brightness_ids_v1/class_ap.txt
DIOR,brightness,F_text_only,42,ema,chimney,0.358,printed class_ap.txt (typically 3 decimals),,,complete,/home/zechuan/iraod_artifacts/comparison/xaf_student_quant_20260908/f_deletion_runs_daa3992/dior/brightness/seed_42/methods/F_text_only/ddp2/eval_full_brightness_ids_v1/class_ap.txt
DIOR,brightness,F_text_only,42,ema,expressway-service-area,0.221,printed class_ap.txt (typically 3 decimals),,,complete,/home/zechuan/iraod_artifacts/comparison/xaf_student_quant_20260908/f_deletion_runs_daa3992/dior/brightness/seed_42/methods/F_text_only/ddp2/eval_full_brightness_ids_v1/class_ap.txt
DIOR,brightness,F_text_only,42,ema,expressway-toll-station,0.143,printed class_ap.txt (typically 3 decimals),,,complete,/home/zechuan/iraod_artifacts/comparison/xaf_student_quant_20260908/f_deletion_runs_daa3992/dior/brightness/seed_42/methods/F_text_only/ddp2/eval_full_brightness_ids_v1/class_ap.txt
DIOR,brightness,F_text_only,42,ema,dam,0.091,printed class_ap.txt (typically 3 decimals),,,complete,/home/zechuan/iraod_artifacts/comparison/xaf_student_quant_20260908/f_deletion_runs_daa3992/dior/brightness/seed_42/methods/F_text_only/ddp2/eval_full_brightness_ids_v1/class_ap.txt
DIOR,brightness,F_text_only,42,ema,golffield,0.124,printed class_ap.txt (typically 3 decimals),,,complete,/home/zechuan/iraod_artifacts/comparison/xaf_student_quant_20260908/f_deletion_runs_daa3992/dior/brightness/seed_42/methods/F_text_only/ddp2/eval_full_brightness_ids_v1/class_ap.txt
DIOR,brightness,F_text_only,42,ema,groundtrackfield,0.218,printed class_ap.txt (typically 3 decimals),,,complete,/home/zechuan/iraod_artifacts/comparison/xaf_student_quant_20260908/f_deletion_runs_daa3992/dior/brightness/seed_42/methods/F_text_only/ddp2/eval_full_brightness_ids_v1/class_ap.txt
DIOR,brightness,F_text_only,42,ema,harbor,0.104,printed class_ap.txt (typically 3 decimals),,,complete,/home/zechuan/iraod_artifacts/comparison/xaf_student_quant_20260908/f_deletion_runs_daa3992/dior/brightness/seed_42/methods/F_text_only/ddp2/eval_full_brightness_ids_v1/class_ap.txt
DIOR,brightness,F_text_only,42,ema,overpass,0.153,printed class_ap.txt (typically 3 decimals),,,complete,/home/zechuan/iraod_artifacts/comparison/xaf_student_quant_20260908/f_deletion_runs_daa3992/dior/brightness/seed_42/methods/F_text_only/ddp2/eval_full_brightness_ids_v1/class_ap.txt
DIOR,brightness,F_text_only,42,ema,ship,0.617,printed class_ap.txt (typically 3 decimals),,,complete,/home/zechuan/iraod_artifacts/comparison/xaf_student_quant_20260908/f_deletion_runs_daa3992/dior/brightness/seed_42/methods/F_text_only/ddp2/eval_full_brightness_ids_v1/class_ap.txt
DIOR,brightness,F_text_only,42,ema,stadium,0.203,printed class_ap.txt (typically 3 decimals),,,complete,/home/zechuan/iraod_artifacts/comparison/xaf_student_quant_20260908/f_deletion_runs_daa3992/dior/brightness/seed_42/methods/F_text_only/ddp2/eval_full_brightness_ids_v1/class_ap.txt
DIOR,brightness,F_text_only,42,ema,storagetank,0.34,printed class_ap.txt (typically 3 decimals),,,complete,/home/zechuan/iraod_artifacts/comparison/xaf_student_quant_20260908/f_deletion_runs_daa3992/dior/brightness/seed_42/methods/F_text_only/ddp2/eval_full_brightness_ids_v1/class_ap.txt
DIOR,brightness,F_text_only,42,ema,tenniscourt,0.533,printed class_ap.txt (typically 3 decimals),,,complete,/home/zechuan/iraod_artifacts/comparison/xaf_student_quant_20260908/f_deletion_runs_daa3992/dior/brightness/seed_42/methods/F_text_only/ddp2/eval_full_brightness_ids_v1/class_ap.txt
DIOR,brightness,F_text_only,42,ema,trainstation,0.132,printed class_ap.txt (typically 3 decimals),,,complete,/home/zechuan/iraod_artifacts/comparison/xaf_student_quant_20260908/f_deletion_runs_daa3992/dior/brightness/seed_42/methods/F_text_only/ddp2/eval_full_brightness_ids_v1/class_ap.txt
DIOR,brightness,F_text_only,42,ema,vehicle,0.249,printed class_ap.txt (typically 3 decimals),,,complete,/home/zechuan/iraod_artifacts/comparison/xaf_student_quant_20260908/f_deletion_runs_daa3992/dior/brightness/seed_42/methods/F_text_only/ddp2/eval_full_brightness_ids_v1/class_ap.txt
DIOR,brightness,F_text_only,42,ema,windmill,0.084,printed class_ap.txt (typically 3 decimals),,,complete,/home/zechuan/iraod_artifacts/comparison/xaf_student_quant_20260908/f_deletion_runs_daa3992/dior/brightness/seed_42/methods/F_text_only/ddp2/eval_full_brightness_ids_v1/class_ap.txt
DIOR,brightness,F_text_only,43,ema,airplane,0.317,printed class_ap.txt (typically 3 decimals),,,complete,/home/zechuan/iraod_artifacts/comparison/xaf_student_quant_20260908/f_deletion_runs_daa3992/dior/brightness/seed_43/methods/F_text_only/ddp2/eval_full_brightness_ids_v1/class_ap.txt
DIOR,brightness,F_text_only,43,ema,airport,0.018,printed class_ap.txt (typically 3 decimals),,,complete,/home/zechuan/iraod_artifacts/comparison/xaf_student_quant_20260908/f_deletion_runs_daa3992/dior/brightness/seed_43/methods/F_text_only/ddp2/eval_full_brightness_ids_v1/class_ap.txt
DIOR,brightness,F_text_only,43,ema,baseballfield,0.49,printed class_ap.txt (typically 3 decimals),,,complete,/home/zechuan/iraod_artifacts/comparison/xaf_student_quant_20260908/f_deletion_runs_daa3992/dior/brightness/seed_43/methods/F_text_only/ddp2/eval_full_brightness_ids_v1/class_ap.txt
DIOR,brightness,F_text_only,43,ema,basketballcourt,0.293,printed class_ap.txt (typically 3 decimals),,,complete,/home/zechuan/iraod_artifacts/comparison/xaf_student_quant_20260908/f_deletion_runs_daa3992/dior/brightness/seed_43/methods/F_text_only/ddp2/eval_full_brightness_ids_v1/class_ap.txt
DIOR,brightness,F_text_only,43,ema,bridge,0.109,printed class_ap.txt (typically 3 decimals),,,complete,/home/zechuan/iraod_artifacts/comparison/xaf_student_quant_20260908/f_deletion_runs_daa3992/dior/brightness/seed_43/methods/F_text_only/ddp2/eval_full_brightness_ids_v1/class_ap.txt
DIOR,brightness,F_text_only,43,ema,chimney,0.36,printed class_ap.txt (typically 3 decimals),,,complete,/home/zechuan/iraod_artifacts/comparison/xaf_student_quant_20260908/f_deletion_runs_daa3992/dior/brightness/seed_43/methods/F_text_only/ddp2/eval_full_brightness_ids_v1/class_ap.txt
DIOR,brightness,F_text_only,43,ema,expressway-service-area,0.226,printed class_ap.txt (typically 3 decimals),,,complete,/home/zechuan/iraod_artifacts/comparison/xaf_student_quant_20260908/f_deletion_runs_daa3992/dior/brightness/seed_43/methods/F_text_only/ddp2/eval_full_brightness_ids_v1/class_ap.txt
DIOR,brightness,F_text_only,43,ema,expressway-toll-station,0.139,printed class_ap.txt (typically 3 decimals),,,complete,/home/zechuan/iraod_artifacts/comparison/xaf_student_quant_20260908/f_deletion_runs_daa3992/dior/brightness/seed_43/methods/F_text_only/ddp2/eval_full_brightness_ids_v1/class_ap.txt
DIOR,brightness,F_text_only,43,ema,dam,0.091,printed class_ap.txt (typically 3 decimals),,,complete,/home/zechuan/iraod_artifacts/comparison/xaf_student_quant_20260908/f_deletion_runs_daa3992/dior/brightness/seed_43/methods/F_text_only/ddp2/eval_full_brightness_ids_v1/class_ap.txt
DIOR,brightness,F_text_only,43,ema,golffield,0.109,printed class_ap.txt (typically 3 decimals),,,complete,/home/zechuan/iraod_artifacts/comparison/xaf_student_quant_20260908/f_deletion_runs_daa3992/dior/brightness/seed_43/methods/F_text_only/ddp2/eval_full_brightness_ids_v1/class_ap.txt
DIOR,brightness,F_text_only,43,ema,groundtrackfield,0.218,printed class_ap.txt (typically 3 decimals),,,complete,/home/zechuan/iraod_artifacts/comparison/xaf_student_quant_20260908/f_deletion_runs_daa3992/dior/brightness/seed_43/methods/F_text_only/ddp2/eval_full_brightness_ids_v1/class_ap.txt
DIOR,brightness,F_text_only,43,ema,harbor,0.101,printed class_ap.txt (typically 3 decimals),,,complete,/home/zechuan/iraod_artifacts/comparison/xaf_student_quant_20260908/f_deletion_runs_daa3992/dior/brightness/seed_43/methods/F_text_only/ddp2/eval_full_brightness_ids_v1/class_ap.txt
DIOR,brightness,F_text_only,43,ema,overpass,0.153,printed class_ap.txt (typically 3 decimals),,,complete,/home/zechuan/iraod_artifacts/comparison/xaf_student_quant_20260908/f_deletion_runs_daa3992/dior/brightness/seed_43/methods/F_text_only/ddp2/eval_full_brightness_ids_v1/class_ap.txt
DIOR,brightness,F_text_only,43,ema,ship,0.618,printed class_ap.txt (typically 3 decimals),,,complete,/home/zechuan/iraod_artifacts/comparison/xaf_student_quant_20260908/f_deletion_runs_daa3992/dior/brightness/seed_43/methods/F_text_only/ddp2/eval_full_brightness_ids_v1/class_ap.txt
DIOR,brightness,F_text_only,43,ema,stadium,0.199,printed class_ap.txt (typically 3 decimals),,,complete,/home/zechuan/iraod_artifacts/comparison/xaf_student_quant_20260908/f_deletion_runs_daa3992/dior/brightness/seed_43/methods/F_text_only/ddp2/eval_full_brightness_ids_v1/class_ap.txt
DIOR,brightness,F_text_only,43,ema,storagetank,0.343,printed class_ap.txt (typically 3 decimals),,,complete,/home/zechuan/iraod_artifacts/comparison/xaf_student_quant_20260908/f_deletion_runs_daa3992/dior/brightness/seed_43/methods/F_text_only/ddp2/eval_full_brightness_ids_v1/class_ap.txt
DIOR,brightness,F_text_only,43,ema,tenniscourt,0.533,printed class_ap.txt (typically 3 decimals),,,complete,/home/zechuan/iraod_artifacts/comparison/xaf_student_quant_20260908/f_deletion_runs_daa3992/dior/brightness/seed_43/methods/F_text_only/ddp2/eval_full_brightness_ids_v1/class_ap.txt
DIOR,brightness,F_text_only,43,ema,trainstation,0.129,printed class_ap.txt (typically 3 decimals),,,complete,/home/zechuan/iraod_artifacts/comparison/xaf_student_quant_20260908/f_deletion_runs_daa3992/dior/brightness/seed_43/methods/F_text_only/ddp2/eval_full_brightness_ids_v1/class_ap.txt
DIOR,brightness,F_text_only,43,ema,vehicle,0.249,printed class_ap.txt (typically 3 decimals),,,complete,/home/zechuan/iraod_artifacts/comparison/xaf_student_quant_20260908/f_deletion_runs_daa3992/dior/brightness/seed_43/methods/F_text_only/ddp2/eval_full_brightness_ids_v1/class_ap.txt
DIOR,brightness,F_text_only,43,ema,windmill,0.084,printed class_ap.txt (typically 3 decimals),,,complete,/home/zechuan/iraod_artifacts/comparison/xaf_student_quant_20260908/f_deletion_runs_daa3992/dior/brightness/seed_43/methods/F_text_only/ddp2/eval_full_brightness_ids_v1/class_ap.txt
DIOR,brightness,F_text_only,44,ema,airplane,0.314,printed class_ap.txt (typically 3 decimals),,,complete,/home/zechuan/iraod_artifacts/comparison/xaf_student_quant_20260908/f_deletion_runs_daa3992/dior/brightness/seed_44/methods/F_text_only/ddp2/eval_full_brightness_ids_v1/class_ap.txt
DIOR,brightness,F_text_only,44,ema,airport,0.023,printed class_ap.txt (typically 3 decimals),,,complete,/home/zechuan/iraod_artifacts/comparison/xaf_student_quant_20260908/f_deletion_runs_daa3992/dior/brightness/seed_44/methods/F_text_only/ddp2/eval_full_brightness_ids_v1/class_ap.txt
DIOR,brightness,F_text_only,44,ema,baseballfield,0.485,printed class_ap.txt (typically 3 decimals),,,complete,/home/zechuan/iraod_artifacts/comparison/xaf_student_quant_20260908/f_deletion_runs_daa3992/dior/brightness/seed_44/methods/F_text_only/ddp2/eval_full_brightness_ids_v1/class_ap.txt
DIOR,brightness,F_text_only,44,ema,basketballcourt,0.288,printed class_ap.txt (typically 3 decimals),,,complete,/home/zechuan/iraod_artifacts/comparison/xaf_student_quant_20260908/f_deletion_runs_daa3992/dior/brightness/seed_44/methods/F_text_only/ddp2/eval_full_brightness_ids_v1/class_ap.txt
DIOR,brightness,F_text_only,44,ema,bridge,0.107,printed class_ap.txt (typically 3 decimals),,,complete,/home/zechuan/iraod_artifacts/comparison/xaf_student_quant_20260908/f_deletion_runs_daa3992/dior/brightness/seed_44/methods/F_text_only/ddp2/eval_full_brightness_ids_v1/class_ap.txt
DIOR,brightness,F_text_only,44,ema,chimney,0.36,printed class_ap.txt (typically 3 decimals),,,complete,/home/zechuan/iraod_artifacts/comparison/xaf_student_quant_20260908/f_deletion_runs_daa3992/dior/brightness/seed_44/methods/F_text_only/ddp2/eval_full_brightness_ids_v1/class_ap.txt
DIOR,brightness,F_text_only,44,ema,expressway-service-area,0.227,printed class_ap.txt (typically 3 decimals),,,complete,/home/zechuan/iraod_artifacts/comparison/xaf_student_quant_20260908/f_deletion_runs_daa3992/dior/brightness/seed_44/methods/F_text_only/ddp2/eval_full_brightness_ids_v1/class_ap.txt
DIOR,brightness,F_text_only,44,ema,expressway-toll-station,0.136,printed class_ap.txt (typically 3 decimals),,,complete,/home/zechuan/iraod_artifacts/comparison/xaf_student_quant_20260908/f_deletion_runs_daa3992/dior/brightness/seed_44/methods/F_text_only/ddp2/eval_full_brightness_ids_v1/class_ap.txt
DIOR,brightness,F_text_only,44,ema,dam,0.091,printed class_ap.txt (typically 3 decimals),,,complete,/home/zechuan/iraod_artifacts/comparison/xaf_student_quant_20260908/f_deletion_runs_daa3992/dior/brightness/seed_44/methods/F_text_only/ddp2/eval_full_brightness_ids_v1/class_ap.txt
DIOR,brightness,F_text_only,44,ema,golffield,0.125,printed class_ap.txt (typically 3 decimals),,,complete,/home/zechuan/iraod_artifacts/comparison/xaf_student_quant_20260908/f_deletion_runs_daa3992/dior/brightness/seed_44/methods/F_text_only/ddp2/eval_full_brightness_ids_v1/class_ap.txt
DIOR,brightness,F_text_only,44,ema,groundtrackfield,0.218,printed class_ap.txt (typically 3 decimals),,,complete,/home/zechuan/iraod_artifacts/comparison/xaf_student_quant_20260908/f_deletion_runs_daa3992/dior/brightness/seed_44/methods/F_text_only/ddp2/eval_full_brightness_ids_v1/class_ap.txt
DIOR,brightness,F_text_only,44,ema,harbor,0.106,printed class_ap.txt (typically 3 decimals),,,complete,/home/zechuan/iraod_artifacts/comparison/xaf_student_quant_20260908/f_deletion_runs_daa3992/dior/brightness/seed_44/methods/F_text_only/ddp2/eval_full_brightness_ids_v1/class_ap.txt
DIOR,brightness,F_text_only,44,ema,overpass,0.154,printed class_ap.txt (typically 3 decimals),,,complete,/home/zechuan/iraod_artifacts/comparison/xaf_student_quant_20260908/f_deletion_runs_daa3992/dior/brightness/seed_44/methods/F_text_only/ddp2/eval_full_brightness_ids_v1/class_ap.txt
DIOR,brightness,F_text_only,44,ema,ship,0.618,printed class_ap.txt (typically 3 decimals),,,complete,/home/zechuan/iraod_artifacts/comparison/xaf_student_quant_20260908/f_deletion_runs_daa3992/dior/brightness/seed_44/methods/F_text_only/ddp2/eval_full_brightness_ids_v1/class_ap.txt
DIOR,brightness,F_text_only,44,ema,stadium,0.2,printed class_ap.txt (typically 3 decimals),,,complete,/home/zechuan/iraod_artifacts/comparison/xaf_student_quant_20260908/f_deletion_runs_daa3992/dior/brightness/seed_44/methods/F_text_only/ddp2/eval_full_brightness_ids_v1/class_ap.txt
DIOR,brightness,F_text_only,44,ema,storagetank,0.34,printed class_ap.txt (typically 3 decimals),,,complete,/home/zechuan/iraod_artifacts/comparison/xaf_student_quant_20260908/f_deletion_runs_daa3992/dior/brightness/seed_44/methods/F_text_only/ddp2/eval_full_brightness_ids_v1/class_ap.txt
DIOR,brightness,F_text_only,44,ema,tenniscourt,0.533,printed class_ap.txt (typically 3 decimals),,,complete,/home/zechuan/iraod_artifacts/comparison/xaf_student_quant_20260908/f_deletion_runs_daa3992/dior/brightness/seed_44/methods/F_text_only/ddp2/eval_full_brightness_ids_v1/class_ap.txt
DIOR,brightness,F_text_only,44,ema,trainstation,0.131,printed class_ap.txt (typically 3 decimals),,,complete,/home/zechuan/iraod_artifacts/comparison/xaf_student_quant_20260908/f_deletion_runs_daa3992/dior/brightness/seed_44/methods/F_text_only/ddp2/eval_full_brightness_ids_v1/class_ap.txt
DIOR,brightness,F_text_only,44,ema,vehicle,0.25,printed class_ap.txt (typically 3 decimals),,,complete,/home/zechuan/iraod_artifacts/comparison/xaf_student_quant_20260908/f_deletion_runs_daa3992/dior/brightness/seed_44/methods/F_text_only/ddp2/eval_full_brightness_ids_v1/class_ap.txt
DIOR,brightness,F_text_only,44,ema,windmill,0.089,printed class_ap.txt (typically 3 decimals),,,complete,/home/zechuan/iraod_artifacts/comparison/xaf_student_quant_20260908/f_deletion_runs_daa3992/dior/brightness/seed_44/methods/F_text_only/ddp2/eval_full_brightness_ids_v1/class_ap.txt
DIOR,brightness,F_veto_only,42,ema,airplane,0.341,printed class_ap.txt (typically 3 decimals),,,complete,/home/zechuan/iraod_artifacts/comparison/xaf_student_quant_20260908/f_deletion_runs_daa3992/dior/brightness/seed_42/methods/F_veto_only/ddp2/eval_full_brightness_ids_v1/class_ap.txt
DIOR,brightness,F_veto_only,42,ema,airport,0.014,printed class_ap.txt (typically 3 decimals),,,complete,/home/zechuan/iraod_artifacts/comparison/xaf_student_quant_20260908/f_deletion_runs_daa3992/dior/brightness/seed_42/methods/F_veto_only/ddp2/eval_full_brightness_ids_v1/class_ap.txt
DIOR,brightness,F_veto_only,42,ema,baseballfield,0.491,printed class_ap.txt (typically 3 decimals),,,complete,/home/zechuan/iraod_artifacts/comparison/xaf_student_quant_20260908/f_deletion_runs_daa3992/dior/brightness/seed_42/methods/F_veto_only/ddp2/eval_full_brightness_ids_v1/class_ap.txt
DIOR,brightness,F_veto_only,42,ema,basketballcourt,0.292,printed class_ap.txt (typically 3 decimals),,,complete,/home/zechuan/iraod_artifacts/comparison/xaf_student_quant_20260908/f_deletion_runs_daa3992/dior/brightness/seed_42/methods/F_veto_only/ddp2/eval_full_brightness_ids_v1/class_ap.txt
DIOR,brightness,F_veto_only,42,ema,bridge,0.107,printed class_ap.txt (typically 3 decimals),,,complete,/home/zechuan/iraod_artifacts/comparison/xaf_student_quant_20260908/f_deletion_runs_daa3992/dior/brightness/seed_42/methods/F_veto_only/ddp2/eval_full_brightness_ids_v1/class_ap.txt
DIOR,brightness,F_veto_only,42,ema,chimney,0.352,printed class_ap.txt (typically 3 decimals),,,complete,/home/zechuan/iraod_artifacts/comparison/xaf_student_quant_20260908/f_deletion_runs_daa3992/dior/brightness/seed_42/methods/F_veto_only/ddp2/eval_full_brightness_ids_v1/class_ap.txt
DIOR,brightness,F_veto_only,42,ema,expressway-service-area,0.23,printed class_ap.txt (typically 3 decimals),,,complete,/home/zechuan/iraod_artifacts/comparison/xaf_student_quant_20260908/f_deletion_runs_daa3992/dior/brightness/seed_42/methods/F_veto_only/ddp2/eval_full_brightness_ids_v1/class_ap.txt
DIOR,brightness,F_veto_only,42,ema,expressway-toll-station,0.143,printed class_ap.txt (typically 3 decimals),,,complete,/home/zechuan/iraod_artifacts/comparison/xaf_student_quant_20260908/f_deletion_runs_daa3992/dior/brightness/seed_42/methods/F_veto_only/ddp2/eval_full_brightness_ids_v1/class_ap.txt
DIOR,brightness,F_veto_only,42,ema,dam,0.091,printed class_ap.txt (typically 3 decimals),,,complete,/home/zechuan/iraod_artifacts/comparison/xaf_student_quant_20260908/f_deletion_runs_daa3992/dior/brightness/seed_42/methods/F_veto_only/ddp2/eval_full_brightness_ids_v1/class_ap.txt
DIOR,brightness,F_veto_only,42,ema,golffield,0.127,printed class_ap.txt (typically 3 decimals),,,complete,/home/zechuan/iraod_artifacts/comparison/xaf_student_quant_20260908/f_deletion_runs_daa3992/dior/brightness/seed_42/methods/F_veto_only/ddp2/eval_full_brightness_ids_v1/class_ap.txt
DIOR,brightness,F_veto_only,42,ema,groundtrackfield,0.221,printed class_ap.txt (typically 3 decimals),,,complete,/home/zechuan/iraod_artifacts/comparison/xaf_student_quant_20260908/f_deletion_runs_daa3992/dior/brightness/seed_42/methods/F_veto_only/ddp2/eval_full_brightness_ids_v1/class_ap.txt
DIOR,brightness,F_veto_only,42,ema,harbor,0.103,printed class_ap.txt (typically 3 decimals),,,complete,/home/zechuan/iraod_artifacts/comparison/xaf_student_quant_20260908/f_deletion_runs_daa3992/dior/brightness/seed_42/methods/F_veto_only/ddp2/eval_full_brightness_ids_v1/class_ap.txt
DIOR,brightness,F_veto_only,42,ema,overpass,0.156,printed class_ap.txt (typically 3 decimals),,,complete,/home/zechuan/iraod_artifacts/comparison/xaf_student_quant_20260908/f_deletion_runs_daa3992/dior/brightness/seed_42/methods/F_veto_only/ddp2/eval_full_brightness_ids_v1/class_ap.txt
DIOR,brightness,F_veto_only,42,ema,ship,0.664,printed class_ap.txt (typically 3 decimals),,,complete,/home/zechuan/iraod_artifacts/comparison/xaf_student_quant_20260908/f_deletion_runs_daa3992/dior/brightness/seed_42/methods/F_veto_only/ddp2/eval_full_brightness_ids_v1/class_ap.txt
DIOR,brightness,F_veto_only,42,ema,stadium,0.191,printed class_ap.txt (typically 3 decimals),,,complete,/home/zechuan/iraod_artifacts/comparison/xaf_student_quant_20260908/f_deletion_runs_daa3992/dior/brightness/seed_42/methods/F_veto_only/ddp2/eval_full_brightness_ids_v1/class_ap.txt
DIOR,brightness,F_veto_only,42,ema,storagetank,0.347,printed class_ap.txt (typically 3 decimals),,,complete,/home/zechuan/iraod_artifacts/comparison/xaf_student_quant_20260908/f_deletion_runs_daa3992/dior/brightness/seed_42/methods/F_veto_only/ddp2/eval_full_brightness_ids_v1/class_ap.txt
DIOR,brightness,F_veto_only,42,ema,tenniscourt,0.534,printed class_ap.txt (typically 3 decimals),,,complete,/home/zechuan/iraod_artifacts/comparison/xaf_student_quant_20260908/f_deletion_runs_daa3992/dior/brightness/seed_42/methods/F_veto_only/ddp2/eval_full_brightness_ids_v1/class_ap.txt
DIOR,brightness,F_veto_only,42,ema,trainstation,0.131,printed class_ap.txt (typically 3 decimals),,,complete,/home/zechuan/iraod_artifacts/comparison/xaf_student_quant_20260908/f_deletion_runs_daa3992/dior/brightness/seed_42/methods/F_veto_only/ddp2/eval_full_brightness_ids_v1/class_ap.txt
DIOR,brightness,F_veto_only,42,ema,vehicle,0.275,printed class_ap.txt (typically 3 decimals),,,complete,/home/zechuan/iraod_artifacts/comparison/xaf_student_quant_20260908/f_deletion_runs_daa3992/dior/brightness/seed_42/methods/F_veto_only/ddp2/eval_full_brightness_ids_v1/class_ap.txt
DIOR,brightness,F_veto_only,42,ema,windmill,0.089,printed class_ap.txt (typically 3 decimals),,,complete,/home/zechuan/iraod_artifacts/comparison/xaf_student_quant_20260908/f_deletion_runs_daa3992/dior/brightness/seed_42/methods/F_veto_only/ddp2/eval_full_brightness_ids_v1/class_ap.txt
DIOR,brightness,F_veto_only,43,ema,airplane,0.34,printed class_ap.txt (typically 3 decimals),,,complete,/home/zechuan/iraod_artifacts/comparison/xaf_student_quant_20260908/f_deletion_runs_daa3992/dior/brightness/seed_43/methods/F_veto_only/ddp2/eval_full_brightness_ids_v1/class_ap.txt
DIOR,brightness,F_veto_only,43,ema,airport,0.014,printed class_ap.txt (typically 3 decimals),,,complete,/home/zechuan/iraod_artifacts/comparison/xaf_student_quant_20260908/f_deletion_runs_daa3992/dior/brightness/seed_43/methods/F_veto_only/ddp2/eval_full_brightness_ids_v1/class_ap.txt
DIOR,brightness,F_veto_only,43,ema,baseballfield,0.49,printed class_ap.txt (typically 3 decimals),,,complete,/home/zechuan/iraod_artifacts/comparison/xaf_student_quant_20260908/f_deletion_runs_daa3992/dior/brightness/seed_43/methods/F_veto_only/ddp2/eval_full_brightness_ids_v1/class_ap.txt
DIOR,brightness,F_veto_only,43,ema,basketballcourt,0.291,printed class_ap.txt (typically 3 decimals),,,complete,/home/zechuan/iraod_artifacts/comparison/xaf_student_quant_20260908/f_deletion_runs_daa3992/dior/brightness/seed_43/methods/F_veto_only/ddp2/eval_full_brightness_ids_v1/class_ap.txt
DIOR,brightness,F_veto_only,43,ema,bridge,0.108,printed class_ap.txt (typically 3 decimals),,,complete,/home/zechuan/iraod_artifacts/comparison/xaf_student_quant_20260908/f_deletion_runs_daa3992/dior/brightness/seed_43/methods/F_veto_only/ddp2/eval_full_brightness_ids_v1/class_ap.txt
DIOR,brightness,F_veto_only,43,ema,chimney,0.371,printed class_ap.txt (typically 3 decimals),,,complete,/home/zechuan/iraod_artifacts/comparison/xaf_student_quant_20260908/f_deletion_runs_daa3992/dior/brightness/seed_43/methods/F_veto_only/ddp2/eval_full_brightness_ids_v1/class_ap.txt
DIOR,brightness,F_veto_only,43,ema,expressway-service-area,0.223,printed class_ap.txt (typically 3 decimals),,,complete,/home/zechuan/iraod_artifacts/comparison/xaf_student_quant_20260908/f_deletion_runs_daa3992/dior/brightness/seed_43/methods/F_veto_only/ddp2/eval_full_brightness_ids_v1/class_ap.txt
DIOR,brightness,F_veto_only,43,ema,expressway-toll-station,0.143,printed class_ap.txt (typically 3 decimals),,,complete,/home/zechuan/iraod_artifacts/comparison/xaf_student_quant_20260908/f_deletion_runs_daa3992/dior/brightness/seed_43/methods/F_veto_only/ddp2/eval_full_brightness_ids_v1/class_ap.txt
DIOR,brightness,F_veto_only,43,ema,dam,0.091,printed class_ap.txt (typically 3 decimals),,,complete,/home/zechuan/iraod_artifacts/comparison/xaf_student_quant_20260908/f_deletion_runs_daa3992/dior/brightness/seed_43/methods/F_veto_only/ddp2/eval_full_brightness_ids_v1/class_ap.txt
DIOR,brightness,F_veto_only,43,ema,golffield,0.121,printed class_ap.txt (typically 3 decimals),,,complete,/home/zechuan/iraod_artifacts/comparison/xaf_student_quant_20260908/f_deletion_runs_daa3992/dior/brightness/seed_43/methods/F_veto_only/ddp2/eval_full_brightness_ids_v1/class_ap.txt
DIOR,brightness,F_veto_only,43,ema,groundtrackfield,0.221,printed class_ap.txt (typically 3 decimals),,,complete,/home/zechuan/iraod_artifacts/comparison/xaf_student_quant_20260908/f_deletion_runs_daa3992/dior/brightness/seed_43/methods/F_veto_only/ddp2/eval_full_brightness_ids_v1/class_ap.txt
DIOR,brightness,F_veto_only,43,ema,harbor,0.132,printed class_ap.txt (typically 3 decimals),,,complete,/home/zechuan/iraod_artifacts/comparison/xaf_student_quant_20260908/f_deletion_runs_daa3992/dior/brightness/seed_43/methods/F_veto_only/ddp2/eval_full_brightness_ids_v1/class_ap.txt
DIOR,brightness,F_veto_only,43,ema,overpass,0.157,printed class_ap.txt (typically 3 decimals),,,complete,/home/zechuan/iraod_artifacts/comparison/xaf_student_quant_20260908/f_deletion_runs_daa3992/dior/brightness/seed_43/methods/F_veto_only/ddp2/eval_full_brightness_ids_v1/class_ap.txt
DIOR,brightness,F_veto_only,43,ema,ship,0.666,printed class_ap.txt (typically 3 decimals),,,complete,/home/zechuan/iraod_artifacts/comparison/xaf_student_quant_20260908/f_deletion_runs_daa3992/dior/brightness/seed_43/methods/F_veto_only/ddp2/eval_full_brightness_ids_v1/class_ap.txt
DIOR,brightness,F_veto_only,43,ema,stadium,0.197,printed class_ap.txt (typically 3 decimals),,,complete,/home/zechuan/iraod_artifacts/comparison/xaf_student_quant_20260908/f_deletion_runs_daa3992/dior/brightness/seed_43/methods/F_veto_only/ddp2/eval_full_brightness_ids_v1/class_ap.txt
DIOR,brightness,F_veto_only,43,ema,storagetank,0.35,printed class_ap.txt (typically 3 decimals),,,complete,/home/zechuan/iraod_artifacts/comparison/xaf_student_quant_20260908/f_deletion_runs_daa3992/dior/brightness/seed_43/methods/F_veto_only/ddp2/eval_full_brightness_ids_v1/class_ap.txt
DIOR,brightness,F_veto_only,43,ema,tenniscourt,0.533,printed class_ap.txt (typically 3 decimals),,,complete,/home/zechuan/iraod_artifacts/comparison/xaf_student_quant_20260908/f_deletion_runs_daa3992/dior/brightness/seed_43/methods/F_veto_only/ddp2/eval_full_brightness_ids_v1/class_ap.txt
DIOR,brightness,F_veto_only,43,ema,trainstation,0.127,printed class_ap.txt (typically 3 decimals),,,complete,/home/zechuan/iraod_artifacts/comparison/xaf_student_quant_20260908/f_deletion_runs_daa3992/dior/brightness/seed_43/methods/F_veto_only/ddp2/eval_full_brightness_ids_v1/class_ap.txt
DIOR,brightness,F_veto_only,43,ema,vehicle,0.276,printed class_ap.txt (typically 3 decimals),,,complete,/home/zechuan/iraod_artifacts/comparison/xaf_student_quant_20260908/f_deletion_runs_daa3992/dior/brightness/seed_43/methods/F_veto_only/ddp2/eval_full_brightness_ids_v1/class_ap.txt
DIOR,brightness,F_veto_only,43,ema,windmill,0.089,printed class_ap.txt (typically 3 decimals),,,complete,/home/zechuan/iraod_artifacts/comparison/xaf_student_quant_20260908/f_deletion_runs_daa3992/dior/brightness/seed_43/methods/F_veto_only/ddp2/eval_full_brightness_ids_v1/class_ap.txt
DIOR,brightness,F_veto_only,44,ema,airplane,0.339,printed class_ap.txt (typically 3 decimals),,,complete,/home/zechuan/iraod_artifacts/comparison/xaf_student_quant_20260908/f_deletion_runs_daa3992/dior/brightness/seed_44/methods/F_veto_only/ddp2/eval_full_brightness_ids_v1/class_ap.txt
DIOR,brightness,F_veto_only,44,ema,airport,0.016,printed class_ap.txt (typically 3 decimals),,,complete,/home/zechuan/iraod_artifacts/comparison/xaf_student_quant_20260908/f_deletion_runs_daa3992/dior/brightness/seed_44/methods/F_veto_only/ddp2/eval_full_brightness_ids_v1/class_ap.txt
DIOR,brightness,F_veto_only,44,ema,baseballfield,0.487,printed class_ap.txt (typically 3 decimals),,,complete,/home/zechuan/iraod_artifacts/comparison/xaf_student_quant_20260908/f_deletion_runs_daa3992/dior/brightness/seed_44/methods/F_veto_only/ddp2/eval_full_brightness_ids_v1/class_ap.txt
DIOR,brightness,F_veto_only,44,ema,basketballcourt,0.29,printed class_ap.txt (typically 3 decimals),,,complete,/home/zechuan/iraod_artifacts/comparison/xaf_student_quant_20260908/f_deletion_runs_daa3992/dior/brightness/seed_44/methods/F_veto_only/ddp2/eval_full_brightness_ids_v1/class_ap.txt
DIOR,brightness,F_veto_only,44,ema,bridge,0.107,printed class_ap.txt (typically 3 decimals),,,complete,/home/zechuan/iraod_artifacts/comparison/xaf_student_quant_20260908/f_deletion_runs_daa3992/dior/brightness/seed_44/methods/F_veto_only/ddp2/eval_full_brightness_ids_v1/class_ap.txt
DIOR,brightness,F_veto_only,44,ema,chimney,0.357,printed class_ap.txt (typically 3 decimals),,,complete,/home/zechuan/iraod_artifacts/comparison/xaf_student_quant_20260908/f_deletion_runs_daa3992/dior/brightness/seed_44/methods/F_veto_only/ddp2/eval_full_brightness_ids_v1/class_ap.txt
DIOR,brightness,F_veto_only,44,ema,expressway-service-area,0.225,printed class_ap.txt (typically 3 decimals),,,complete,/home/zechuan/iraod_artifacts/comparison/xaf_student_quant_20260908/f_deletion_runs_daa3992/dior/brightness/seed_44/methods/F_veto_only/ddp2/eval_full_brightness_ids_v1/class_ap.txt
DIOR,brightness,F_veto_only,44,ema,expressway-toll-station,0.143,printed class_ap.txt (typically 3 decimals),,,complete,/home/zechuan/iraod_artifacts/comparison/xaf_student_quant_20260908/f_deletion_runs_daa3992/dior/brightness/seed_44/methods/F_veto_only/ddp2/eval_full_brightness_ids_v1/class_ap.txt
DIOR,brightness,F_veto_only,44,ema,dam,0.091,printed class_ap.txt (typically 3 decimals),,,complete,/home/zechuan/iraod_artifacts/comparison/xaf_student_quant_20260908/f_deletion_runs_daa3992/dior/brightness/seed_44/methods/F_veto_only/ddp2/eval_full_brightness_ids_v1/class_ap.txt
DIOR,brightness,F_veto_only,44,ema,golffield,0.119,printed class_ap.txt (typically 3 decimals),,,complete,/home/zechuan/iraod_artifacts/comparison/xaf_student_quant_20260908/f_deletion_runs_daa3992/dior/brightness/seed_44/methods/F_veto_only/ddp2/eval_full_brightness_ids_v1/class_ap.txt
DIOR,brightness,F_veto_only,44,ema,groundtrackfield,0.218,printed class_ap.txt (typically 3 decimals),,,complete,/home/zechuan/iraod_artifacts/comparison/xaf_student_quant_20260908/f_deletion_runs_daa3992/dior/brightness/seed_44/methods/F_veto_only/ddp2/eval_full_brightness_ids_v1/class_ap.txt
DIOR,brightness,F_veto_only,44,ema,harbor,0.132,printed class_ap.txt (typically 3 decimals),,,complete,/home/zechuan/iraod_artifacts/comparison/xaf_student_quant_20260908/f_deletion_runs_daa3992/dior/brightness/seed_44/methods/F_veto_only/ddp2/eval_full_brightness_ids_v1/class_ap.txt
DIOR,brightness,F_veto_only,44,ema,overpass,0.157,printed class_ap.txt (typically 3 decimals),,,complete,/home/zechuan/iraod_artifacts/comparison/xaf_student_quant_20260908/f_deletion_runs_daa3992/dior/brightness/seed_44/methods/F_veto_only/ddp2/eval_full_brightness_ids_v1/class_ap.txt
DIOR,brightness,F_veto_only,44,ema,ship,0.665,printed class_ap.txt (typically 3 decimals),,,complete,/home/zechuan/iraod_artifacts/comparison/xaf_student_quant_20260908/f_deletion_runs_daa3992/dior/brightness/seed_44/methods/F_veto_only/ddp2/eval_full_brightness_ids_v1/class_ap.txt
DIOR,brightness,F_veto_only,44,ema,stadium,0.196,printed class_ap.txt (typically 3 decimals),,,complete,/home/zechuan/iraod_artifacts/comparison/xaf_student_quant_20260908/f_deletion_runs_daa3992/dior/brightness/seed_44/methods/F_veto_only/ddp2/eval_full_brightness_ids_v1/class_ap.txt
DIOR,brightness,F_veto_only,44,ema,storagetank,0.343,printed class_ap.txt (typically 3 decimals),,,complete,/home/zechuan/iraod_artifacts/comparison/xaf_student_quant_20260908/f_deletion_runs_daa3992/dior/brightness/seed_44/methods/F_veto_only/ddp2/eval_full_brightness_ids_v1/class_ap.txt
DIOR,brightness,F_veto_only,44,ema,tenniscourt,0.534,printed class_ap.txt (typically 3 decimals),,,complete,/home/zechuan/iraod_artifacts/comparison/xaf_student_quant_20260908/f_deletion_runs_daa3992/dior/brightness/seed_44/methods/F_veto_only/ddp2/eval_full_brightness_ids_v1/class_ap.txt
DIOR,brightness,F_veto_only,44,ema,trainstation,0.132,printed class_ap.txt (typically 3 decimals),,,complete,/home/zechuan/iraod_artifacts/comparison/xaf_student_quant_20260908/f_deletion_runs_daa3992/dior/brightness/seed_44/methods/F_veto_only/ddp2/eval_full_brightness_ids_v1/class_ap.txt
DIOR,brightness,F_veto_only,44,ema,vehicle,0.276,printed class_ap.txt (typically 3 decimals),,,complete,/home/zechuan/iraod_artifacts/comparison/xaf_student_quant_20260908/f_deletion_runs_daa3992/dior/brightness/seed_44/methods/F_veto_only/ddp2/eval_full_brightness_ids_v1/class_ap.txt
DIOR,brightness,F_veto_only,44,ema,windmill,0.093,printed class_ap.txt (typically 3 decimals),,,complete,/home/zechuan/iraod_artifacts/comparison/xaf_student_quant_20260908/f_deletion_runs_daa3992/dior/brightness/seed_44/methods/F_veto_only/ddp2/eval_full_brightness_ids_v1/class_ap.txt
DIOR,cloudy,A,42,source,airplane,0.468,printed class_ap.txt (typically 3 decimals),0.468,0.468,complete,/home/zechuan/iraod_artifacts/comparison/dior/cloudy/seed_42/0f98a48/methods/A/eval_full_cloudy_ids_v1/class_ap.txt
DIOR,cloudy,A,42,source,airport,0.011,printed class_ap.txt (typically 3 decimals),0.011,0.011,complete,/home/zechuan/iraod_artifacts/comparison/dior/cloudy/seed_42/0f98a48/methods/A/eval_full_cloudy_ids_v1/class_ap.txt
DIOR,cloudy,A,42,source,baseballfield,0.526,printed class_ap.txt (typically 3 decimals),0.526,0.526,complete,/home/zechuan/iraod_artifacts/comparison/dior/cloudy/seed_42/0f98a48/methods/A/eval_full_cloudy_ids_v1/class_ap.txt
DIOR,cloudy,A,42,source,basketballcourt,0.359,printed class_ap.txt (typically 3 decimals),0.359,0.359,complete,/home/zechuan/iraod_artifacts/comparison/dior/cloudy/seed_42/0f98a48/methods/A/eval_full_cloudy_ids_v1/class_ap.txt
DIOR,cloudy,A,42,source,bridge,0.084,printed class_ap.txt (typically 3 decimals),0.084,0.084,complete,/home/zechuan/iraod_artifacts/comparison/dior/cloudy/seed_42/0f98a48/methods/A/eval_full_cloudy_ids_v1/class_ap.txt
DIOR,cloudy,A,42,source,chimney,0.417,printed class_ap.txt (typically 3 decimals),0.417,0.417,complete,/home/zechuan/iraod_artifacts/comparison/dior/cloudy/seed_42/0f98a48/methods/A/eval_full_cloudy_ids_v1/class_ap.txt
DIOR,cloudy,A,42,source,expressway-service-area,0.286,printed class_ap.txt (typically 3 decimals),0.286,0.286,complete,/home/zechuan/iraod_artifacts/comparison/dior/cloudy/seed_42/0f98a48/methods/A/eval_full_cloudy_ids_v1/class_ap.txt
DIOR,cloudy,A,42,source,expressway-toll-station,0.19,printed class_ap.txt (typically 3 decimals),0.19,0.19,complete,/home/zechuan/iraod_artifacts/comparison/dior/cloudy/seed_42/0f98a48/methods/A/eval_full_cloudy_ids_v1/class_ap.txt
DIOR,cloudy,A,42,source,dam,0.014,printed class_ap.txt (typically 3 decimals),0.014,0.014,complete,/home/zechuan/iraod_artifacts/comparison/dior/cloudy/seed_42/0f98a48/methods/A/eval_full_cloudy_ids_v1/class_ap.txt
DIOR,cloudy,A,42,source,golffield,0.278,printed class_ap.txt (typically 3 decimals),0.278,0.278,complete,/home/zechuan/iraod_artifacts/comparison/dior/cloudy/seed_42/0f98a48/methods/A/eval_full_cloudy_ids_v1/class_ap.txt
DIOR,cloudy,A,42,source,groundtrackfield,0.241,printed class_ap.txt (typically 3 decimals),0.241,0.241,complete,/home/zechuan/iraod_artifacts/comparison/dior/cloudy/seed_42/0f98a48/methods/A/eval_full_cloudy_ids_v1/class_ap.txt
DIOR,cloudy,A,42,source,harbor,0.099,printed class_ap.txt (typically 3 decimals),0.099,0.099,complete,/home/zechuan/iraod_artifacts/comparison/dior/cloudy/seed_42/0f98a48/methods/A/eval_full_cloudy_ids_v1/class_ap.txt
DIOR,cloudy,A,42,source,overpass,0.179,printed class_ap.txt (typically 3 decimals),0.179,0.179,complete,/home/zechuan/iraod_artifacts/comparison/dior/cloudy/seed_42/0f98a48/methods/A/eval_full_cloudy_ids_v1/class_ap.txt
DIOR,cloudy,A,42,source,ship,0.697,printed class_ap.txt (typically 3 decimals),0.697,0.697,complete,/home/zechuan/iraod_artifacts/comparison/dior/cloudy/seed_42/0f98a48/methods/A/eval_full_cloudy_ids_v1/class_ap.txt
DIOR,cloudy,A,42,source,stadium,0.258,printed class_ap.txt (typically 3 decimals),0.258,0.258,complete,/home/zechuan/iraod_artifacts/comparison/dior/cloudy/seed_42/0f98a48/methods/A/eval_full_cloudy_ids_v1/class_ap.txt
DIOR,cloudy,A,42,source,storagetank,0.476,printed class_ap.txt (typically 3 decimals),0.476,0.476,complete,/home/zechuan/iraod_artifacts/comparison/dior/cloudy/seed_42/0f98a48/methods/A/eval_full_cloudy_ids_v1/class_ap.txt
DIOR,cloudy,A,42,source,tenniscourt,0.612,printed class_ap.txt (typically 3 decimals),0.612,0.612,complete,/home/zechuan/iraod_artifacts/comparison/dior/cloudy/seed_42/0f98a48/methods/A/eval_full_cloudy_ids_v1/class_ap.txt
DIOR,cloudy,A,42,source,trainstation,0.096,printed class_ap.txt (typically 3 decimals),0.096,0.096,complete,/home/zechuan/iraod_artifacts/comparison/dior/cloudy/seed_42/0f98a48/methods/A/eval_full_cloudy_ids_v1/class_ap.txt
DIOR,cloudy,A,42,source,vehicle,0.295,printed class_ap.txt (typically 3 decimals),0.295,0.295,complete,/home/zechuan/iraod_artifacts/comparison/dior/cloudy/seed_42/0f98a48/methods/A/eval_full_cloudy_ids_v1/class_ap.txt
DIOR,cloudy,A,42,source,windmill,0.221,printed class_ap.txt (typically 3 decimals),0.221,0.221,complete,/home/zechuan/iraod_artifacts/comparison/dior/cloudy/seed_42/0f98a48/methods/A/eval_full_cloudy_ids_v1/class_ap.txt
DIOR,cloudy,B_REG,42,ema,airplane,0.471,printed class_ap.txt (typically 3 decimals),,,complete,/home/zechuan/iraod_artifacts/comparison/xaf_student_quant_20260908/b_reg_runs_0e5f8f7/dior/cloudy/seed_42/methods/B_REG/eval_full_cloudy_ids_v1/class_ap.txt
DIOR,cloudy,B_REG,42,ema,airport,0.091,printed class_ap.txt (typically 3 decimals),,,complete,/home/zechuan/iraod_artifacts/comparison/xaf_student_quant_20260908/b_reg_runs_0e5f8f7/dior/cloudy/seed_42/methods/B_REG/eval_full_cloudy_ids_v1/class_ap.txt
DIOR,cloudy,B_REG,42,ema,baseballfield,0.528,printed class_ap.txt (typically 3 decimals),,,complete,/home/zechuan/iraod_artifacts/comparison/xaf_student_quant_20260908/b_reg_runs_0e5f8f7/dior/cloudy/seed_42/methods/B_REG/eval_full_cloudy_ids_v1/class_ap.txt
DIOR,cloudy,B_REG,42,ema,basketballcourt,0.357,printed class_ap.txt (typically 3 decimals),,,complete,/home/zechuan/iraod_artifacts/comparison/xaf_student_quant_20260908/b_reg_runs_0e5f8f7/dior/cloudy/seed_42/methods/B_REG/eval_full_cloudy_ids_v1/class_ap.txt
DIOR,cloudy,B_REG,42,ema,bridge,0.066,printed class_ap.txt (typically 3 decimals),,,complete,/home/zechuan/iraod_artifacts/comparison/xaf_student_quant_20260908/b_reg_runs_0e5f8f7/dior/cloudy/seed_42/methods/B_REG/eval_full_cloudy_ids_v1/class_ap.txt
DIOR,cloudy,B_REG,42,ema,chimney,0.422,printed class_ap.txt (typically 3 decimals),,,complete,/home/zechuan/iraod_artifacts/comparison/xaf_student_quant_20260908/b_reg_runs_0e5f8f7/dior/cloudy/seed_42/methods/B_REG/eval_full_cloudy_ids_v1/class_ap.txt
DIOR,cloudy,B_REG,42,ema,expressway-service-area,0.284,printed class_ap.txt (typically 3 decimals),,,complete,/home/zechuan/iraod_artifacts/comparison/xaf_student_quant_20260908/b_reg_runs_0e5f8f7/dior/cloudy/seed_42/methods/B_REG/eval_full_cloudy_ids_v1/class_ap.txt
DIOR,cloudy,B_REG,42,ema,expressway-toll-station,0.196,printed class_ap.txt (typically 3 decimals),,,complete,/home/zechuan/iraod_artifacts/comparison/xaf_student_quant_20260908/b_reg_runs_0e5f8f7/dior/cloudy/seed_42/methods/B_REG/eval_full_cloudy_ids_v1/class_ap.txt
DIOR,cloudy,B_REG,42,ema,dam,0.091,printed class_ap.txt (typically 3 decimals),,,complete,/home/zechuan/iraod_artifacts/comparison/xaf_student_quant_20260908/b_reg_runs_0e5f8f7/dior/cloudy/seed_42/methods/B_REG/eval_full_cloudy_ids_v1/class_ap.txt
DIOR,cloudy,B_REG,42,ema,golffield,0.275,printed class_ap.txt (typically 3 decimals),,,complete,/home/zechuan/iraod_artifacts/comparison/xaf_student_quant_20260908/b_reg_runs_0e5f8f7/dior/cloudy/seed_42/methods/B_REG/eval_full_cloudy_ids_v1/class_ap.txt
DIOR,cloudy,B_REG,42,ema,groundtrackfield,0.238,printed class_ap.txt (typically 3 decimals),,,complete,/home/zechuan/iraod_artifacts/comparison/xaf_student_quant_20260908/b_reg_runs_0e5f8f7/dior/cloudy/seed_42/methods/B_REG/eval_full_cloudy_ids_v1/class_ap.txt
DIOR,cloudy,B_REG,42,ema,harbor,0.094,printed class_ap.txt (typically 3 decimals),,,complete,/home/zechuan/iraod_artifacts/comparison/xaf_student_quant_20260908/b_reg_runs_0e5f8f7/dior/cloudy/seed_42/methods/B_REG/eval_full_cloudy_ids_v1/class_ap.txt
DIOR,cloudy,B_REG,42,ema,overpass,0.182,printed class_ap.txt (typically 3 decimals),,,complete,/home/zechuan/iraod_artifacts/comparison/xaf_student_quant_20260908/b_reg_runs_0e5f8f7/dior/cloudy/seed_42/methods/B_REG/eval_full_cloudy_ids_v1/class_ap.txt
DIOR,cloudy,B_REG,42,ema,ship,0.7,printed class_ap.txt (typically 3 decimals),,,complete,/home/zechuan/iraod_artifacts/comparison/xaf_student_quant_20260908/b_reg_runs_0e5f8f7/dior/cloudy/seed_42/methods/B_REG/eval_full_cloudy_ids_v1/class_ap.txt
DIOR,cloudy,B_REG,42,ema,stadium,0.267,printed class_ap.txt (typically 3 decimals),,,complete,/home/zechuan/iraod_artifacts/comparison/xaf_student_quant_20260908/b_reg_runs_0e5f8f7/dior/cloudy/seed_42/methods/B_REG/eval_full_cloudy_ids_v1/class_ap.txt
DIOR,cloudy,B_REG,42,ema,storagetank,0.474,printed class_ap.txt (typically 3 decimals),,,complete,/home/zechuan/iraod_artifacts/comparison/xaf_student_quant_20260908/b_reg_runs_0e5f8f7/dior/cloudy/seed_42/methods/B_REG/eval_full_cloudy_ids_v1/class_ap.txt
DIOR,cloudy,B_REG,42,ema,tenniscourt,0.617,printed class_ap.txt (typically 3 decimals),,,complete,/home/zechuan/iraod_artifacts/comparison/xaf_student_quant_20260908/b_reg_runs_0e5f8f7/dior/cloudy/seed_42/methods/B_REG/eval_full_cloudy_ids_v1/class_ap.txt
DIOR,cloudy,B_REG,42,ema,trainstation,0.093,printed class_ap.txt (typically 3 decimals),,,complete,/home/zechuan/iraod_artifacts/comparison/xaf_student_quant_20260908/b_reg_runs_0e5f8f7/dior/cloudy/seed_42/methods/B_REG/eval_full_cloudy_ids_v1/class_ap.txt
DIOR,cloudy,B_REG,42,ema,vehicle,0.302,printed class_ap.txt (typically 3 decimals),,,complete,/home/zechuan/iraod_artifacts/comparison/xaf_student_quant_20260908/b_reg_runs_0e5f8f7/dior/cloudy/seed_42/methods/B_REG/eval_full_cloudy_ids_v1/class_ap.txt
DIOR,cloudy,B_REG,42,ema,windmill,0.198,printed class_ap.txt (typically 3 decimals),,,complete,/home/zechuan/iraod_artifacts/comparison/xaf_student_quant_20260908/b_reg_runs_0e5f8f7/dior/cloudy/seed_42/methods/B_REG/eval_full_cloudy_ids_v1/class_ap.txt
DIOR,cloudy,B_REG,43,ema,airplane,0.473,printed class_ap.txt (typically 3 decimals),,,complete,/home/zechuan/iraod_artifacts/comparison/xaf_student_quant_20260908/b_reg_runs_0e5f8f7/dior/cloudy/seed_43/methods/B_REG/eval_full_cloudy_ids_v1/class_ap.txt
DIOR,cloudy,B_REG,43,ema,airport,0.091,printed class_ap.txt (typically 3 decimals),,,complete,/home/zechuan/iraod_artifacts/comparison/xaf_student_quant_20260908/b_reg_runs_0e5f8f7/dior/cloudy/seed_43/methods/B_REG/eval_full_cloudy_ids_v1/class_ap.txt
DIOR,cloudy,B_REG,43,ema,baseballfield,0.528,printed class_ap.txt (typically 3 decimals),,,complete,/home/zechuan/iraod_artifacts/comparison/xaf_student_quant_20260908/b_reg_runs_0e5f8f7/dior/cloudy/seed_43/methods/B_REG/eval_full_cloudy_ids_v1/class_ap.txt
DIOR,cloudy,B_REG,43,ema,basketballcourt,0.357,printed class_ap.txt (typically 3 decimals),,,complete,/home/zechuan/iraod_artifacts/comparison/xaf_student_quant_20260908/b_reg_runs_0e5f8f7/dior/cloudy/seed_43/methods/B_REG/eval_full_cloudy_ids_v1/class_ap.txt
DIOR,cloudy,B_REG,43,ema,bridge,0.072,printed class_ap.txt (typically 3 decimals),,,complete,/home/zechuan/iraod_artifacts/comparison/xaf_student_quant_20260908/b_reg_runs_0e5f8f7/dior/cloudy/seed_43/methods/B_REG/eval_full_cloudy_ids_v1/class_ap.txt
DIOR,cloudy,B_REG,43,ema,chimney,0.423,printed class_ap.txt (typically 3 decimals),,,complete,/home/zechuan/iraod_artifacts/comparison/xaf_student_quant_20260908/b_reg_runs_0e5f8f7/dior/cloudy/seed_43/methods/B_REG/eval_full_cloudy_ids_v1/class_ap.txt
DIOR,cloudy,B_REG,43,ema,expressway-service-area,0.283,printed class_ap.txt (typically 3 decimals),,,complete,/home/zechuan/iraod_artifacts/comparison/xaf_student_quant_20260908/b_reg_runs_0e5f8f7/dior/cloudy/seed_43/methods/B_REG/eval_full_cloudy_ids_v1/class_ap.txt
DIOR,cloudy,B_REG,43,ema,expressway-toll-station,0.192,printed class_ap.txt (typically 3 decimals),,,complete,/home/zechuan/iraod_artifacts/comparison/xaf_student_quant_20260908/b_reg_runs_0e5f8f7/dior/cloudy/seed_43/methods/B_REG/eval_full_cloudy_ids_v1/class_ap.txt
DIOR,cloudy,B_REG,43,ema,dam,0.091,printed class_ap.txt (typically 3 decimals),,,complete,/home/zechuan/iraod_artifacts/comparison/xaf_student_quant_20260908/b_reg_runs_0e5f8f7/dior/cloudy/seed_43/methods/B_REG/eval_full_cloudy_ids_v1/class_ap.txt
DIOR,cloudy,B_REG,43,ema,golffield,0.273,printed class_ap.txt (typically 3 decimals),,,complete,/home/zechuan/iraod_artifacts/comparison/xaf_student_quant_20260908/b_reg_runs_0e5f8f7/dior/cloudy/seed_43/methods/B_REG/eval_full_cloudy_ids_v1/class_ap.txt
DIOR,cloudy,B_REG,43,ema,groundtrackfield,0.237,printed class_ap.txt (typically 3 decimals),,,complete,/home/zechuan/iraod_artifacts/comparison/xaf_student_quant_20260908/b_reg_runs_0e5f8f7/dior/cloudy/seed_43/methods/B_REG/eval_full_cloudy_ids_v1/class_ap.txt
DIOR,cloudy,B_REG,43,ema,harbor,0.092,printed class_ap.txt (typically 3 decimals),,,complete,/home/zechuan/iraod_artifacts/comparison/xaf_student_quant_20260908/b_reg_runs_0e5f8f7/dior/cloudy/seed_43/methods/B_REG/eval_full_cloudy_ids_v1/class_ap.txt
DIOR,cloudy,B_REG,43,ema,overpass,0.181,printed class_ap.txt (typically 3 decimals),,,complete,/home/zechuan/iraod_artifacts/comparison/xaf_student_quant_20260908/b_reg_runs_0e5f8f7/dior/cloudy/seed_43/methods/B_REG/eval_full_cloudy_ids_v1/class_ap.txt
DIOR,cloudy,B_REG,43,ema,ship,0.7,printed class_ap.txt (typically 3 decimals),,,complete,/home/zechuan/iraod_artifacts/comparison/xaf_student_quant_20260908/b_reg_runs_0e5f8f7/dior/cloudy/seed_43/methods/B_REG/eval_full_cloudy_ids_v1/class_ap.txt
DIOR,cloudy,B_REG,43,ema,stadium,0.257,printed class_ap.txt (typically 3 decimals),,,complete,/home/zechuan/iraod_artifacts/comparison/xaf_student_quant_20260908/b_reg_runs_0e5f8f7/dior/cloudy/seed_43/methods/B_REG/eval_full_cloudy_ids_v1/class_ap.txt
DIOR,cloudy,B_REG,43,ema,storagetank,0.474,printed class_ap.txt (typically 3 decimals),,,complete,/home/zechuan/iraod_artifacts/comparison/xaf_student_quant_20260908/b_reg_runs_0e5f8f7/dior/cloudy/seed_43/methods/B_REG/eval_full_cloudy_ids_v1/class_ap.txt
DIOR,cloudy,B_REG,43,ema,tenniscourt,0.616,printed class_ap.txt (typically 3 decimals),,,complete,/home/zechuan/iraod_artifacts/comparison/xaf_student_quant_20260908/b_reg_runs_0e5f8f7/dior/cloudy/seed_43/methods/B_REG/eval_full_cloudy_ids_v1/class_ap.txt
DIOR,cloudy,B_REG,43,ema,trainstation,0.08,printed class_ap.txt (typically 3 decimals),,,complete,/home/zechuan/iraod_artifacts/comparison/xaf_student_quant_20260908/b_reg_runs_0e5f8f7/dior/cloudy/seed_43/methods/B_REG/eval_full_cloudy_ids_v1/class_ap.txt
DIOR,cloudy,B_REG,43,ema,vehicle,0.3,printed class_ap.txt (typically 3 decimals),,,complete,/home/zechuan/iraod_artifacts/comparison/xaf_student_quant_20260908/b_reg_runs_0e5f8f7/dior/cloudy/seed_43/methods/B_REG/eval_full_cloudy_ids_v1/class_ap.txt
DIOR,cloudy,B_REG,43,ema,windmill,0.223,printed class_ap.txt (typically 3 decimals),,,complete,/home/zechuan/iraod_artifacts/comparison/xaf_student_quant_20260908/b_reg_runs_0e5f8f7/dior/cloudy/seed_43/methods/B_REG/eval_full_cloudy_ids_v1/class_ap.txt
DIOR,cloudy,B_REG,44,ema,airplane,0.472,printed class_ap.txt (typically 3 decimals),,,complete,/home/zechuan/iraod_artifacts/comparison/xaf_student_quant_20260908/b_reg_runs_0e5f8f7/dior/cloudy/seed_44/methods/B_REG/eval_full_cloudy_ids_v1/class_ap.txt
DIOR,cloudy,B_REG,44,ema,airport,0.091,printed class_ap.txt (typically 3 decimals),,,complete,/home/zechuan/iraod_artifacts/comparison/xaf_student_quant_20260908/b_reg_runs_0e5f8f7/dior/cloudy/seed_44/methods/B_REG/eval_full_cloudy_ids_v1/class_ap.txt
DIOR,cloudy,B_REG,44,ema,baseballfield,0.528,printed class_ap.txt (typically 3 decimals),,,complete,/home/zechuan/iraod_artifacts/comparison/xaf_student_quant_20260908/b_reg_runs_0e5f8f7/dior/cloudy/seed_44/methods/B_REG/eval_full_cloudy_ids_v1/class_ap.txt
DIOR,cloudy,B_REG,44,ema,basketballcourt,0.369,printed class_ap.txt (typically 3 decimals),,,complete,/home/zechuan/iraod_artifacts/comparison/xaf_student_quant_20260908/b_reg_runs_0e5f8f7/dior/cloudy/seed_44/methods/B_REG/eval_full_cloudy_ids_v1/class_ap.txt
DIOR,cloudy,B_REG,44,ema,bridge,0.071,printed class_ap.txt (typically 3 decimals),,,complete,/home/zechuan/iraod_artifacts/comparison/xaf_student_quant_20260908/b_reg_runs_0e5f8f7/dior/cloudy/seed_44/methods/B_REG/eval_full_cloudy_ids_v1/class_ap.txt
DIOR,cloudy,B_REG,44,ema,chimney,0.422,printed class_ap.txt (typically 3 decimals),,,complete,/home/zechuan/iraod_artifacts/comparison/xaf_student_quant_20260908/b_reg_runs_0e5f8f7/dior/cloudy/seed_44/methods/B_REG/eval_full_cloudy_ids_v1/class_ap.txt
DIOR,cloudy,B_REG,44,ema,expressway-service-area,0.279,printed class_ap.txt (typically 3 decimals),,,complete,/home/zechuan/iraod_artifacts/comparison/xaf_student_quant_20260908/b_reg_runs_0e5f8f7/dior/cloudy/seed_44/methods/B_REG/eval_full_cloudy_ids_v1/class_ap.txt
DIOR,cloudy,B_REG,44,ema,expressway-toll-station,0.199,printed class_ap.txt (typically 3 decimals),,,complete,/home/zechuan/iraod_artifacts/comparison/xaf_student_quant_20260908/b_reg_runs_0e5f8f7/dior/cloudy/seed_44/methods/B_REG/eval_full_cloudy_ids_v1/class_ap.txt
DIOR,cloudy,B_REG,44,ema,dam,0.091,printed class_ap.txt (typically 3 decimals),,,complete,/home/zechuan/iraod_artifacts/comparison/xaf_student_quant_20260908/b_reg_runs_0e5f8f7/dior/cloudy/seed_44/methods/B_REG/eval_full_cloudy_ids_v1/class_ap.txt
DIOR,cloudy,B_REG,44,ema,golffield,0.276,printed class_ap.txt (typically 3 decimals),,,complete,/home/zechuan/iraod_artifacts/comparison/xaf_student_quant_20260908/b_reg_runs_0e5f8f7/dior/cloudy/seed_44/methods/B_REG/eval_full_cloudy_ids_v1/class_ap.txt
DIOR,cloudy,B_REG,44,ema,groundtrackfield,0.237,printed class_ap.txt (typically 3 decimals),,,complete,/home/zechuan/iraod_artifacts/comparison/xaf_student_quant_20260908/b_reg_runs_0e5f8f7/dior/cloudy/seed_44/methods/B_REG/eval_full_cloudy_ids_v1/class_ap.txt
DIOR,cloudy,B_REG,44,ema,harbor,0.096,printed class_ap.txt (typically 3 decimals),,,complete,/home/zechuan/iraod_artifacts/comparison/xaf_student_quant_20260908/b_reg_runs_0e5f8f7/dior/cloudy/seed_44/methods/B_REG/eval_full_cloudy_ids_v1/class_ap.txt
DIOR,cloudy,B_REG,44,ema,overpass,0.182,printed class_ap.txt (typically 3 decimals),,,complete,/home/zechuan/iraod_artifacts/comparison/xaf_student_quant_20260908/b_reg_runs_0e5f8f7/dior/cloudy/seed_44/methods/B_REG/eval_full_cloudy_ids_v1/class_ap.txt
DIOR,cloudy,B_REG,44,ema,ship,0.7,printed class_ap.txt (typically 3 decimals),,,complete,/home/zechuan/iraod_artifacts/comparison/xaf_student_quant_20260908/b_reg_runs_0e5f8f7/dior/cloudy/seed_44/methods/B_REG/eval_full_cloudy_ids_v1/class_ap.txt
DIOR,cloudy,B_REG,44,ema,stadium,0.258,printed class_ap.txt (typically 3 decimals),,,complete,/home/zechuan/iraod_artifacts/comparison/xaf_student_quant_20260908/b_reg_runs_0e5f8f7/dior/cloudy/seed_44/methods/B_REG/eval_full_cloudy_ids_v1/class_ap.txt
DIOR,cloudy,B_REG,44,ema,storagetank,0.475,printed class_ap.txt (typically 3 decimals),,,complete,/home/zechuan/iraod_artifacts/comparison/xaf_student_quant_20260908/b_reg_runs_0e5f8f7/dior/cloudy/seed_44/methods/B_REG/eval_full_cloudy_ids_v1/class_ap.txt
DIOR,cloudy,B_REG,44,ema,tenniscourt,0.617,printed class_ap.txt (typically 3 decimals),,,complete,/home/zechuan/iraod_artifacts/comparison/xaf_student_quant_20260908/b_reg_runs_0e5f8f7/dior/cloudy/seed_44/methods/B_REG/eval_full_cloudy_ids_v1/class_ap.txt
DIOR,cloudy,B_REG,44,ema,trainstation,0.096,printed class_ap.txt (typically 3 decimals),,,complete,/home/zechuan/iraod_artifacts/comparison/xaf_student_quant_20260908/b_reg_runs_0e5f8f7/dior/cloudy/seed_44/methods/B_REG/eval_full_cloudy_ids_v1/class_ap.txt
DIOR,cloudy,B_REG,44,ema,vehicle,0.301,printed class_ap.txt (typically 3 decimals),,,complete,/home/zechuan/iraod_artifacts/comparison/xaf_student_quant_20260908/b_reg_runs_0e5f8f7/dior/cloudy/seed_44/methods/B_REG/eval_full_cloudy_ids_v1/class_ap.txt
DIOR,cloudy,B_REG,44,ema,windmill,0.203,printed class_ap.txt (typically 3 decimals),,,complete,/home/zechuan/iraod_artifacts/comparison/xaf_student_quant_20260908/b_reg_runs_0e5f8f7/dior/cloudy/seed_44/methods/B_REG/eval_full_cloudy_ids_v1/class_ap.txt
DIOR,cloudy,F_text_only,42,ema,airplane,0.422,printed class_ap.txt (typically 3 decimals),,,complete,/home/zechuan/iraod_artifacts/comparison/xaf_student_quant_20260908/f_deletion_runs_daa3992/dior/cloudy/seed_42/methods/F_text_only/ddp2/eval_full_cloudy_ids_v1/class_ap.txt
DIOR,cloudy,F_text_only,42,ema,airport,0.03,printed class_ap.txt (typically 3 decimals),,,complete,/home/zechuan/iraod_artifacts/comparison/xaf_student_quant_20260908/f_deletion_runs_daa3992/dior/cloudy/seed_42/methods/F_text_only/ddp2/eval_full_cloudy_ids_v1/class_ap.txt
DIOR,cloudy,F_text_only,42,ema,baseballfield,0.525,printed class_ap.txt (typically 3 decimals),,,complete,/home/zechuan/iraod_artifacts/comparison/xaf_student_quant_20260908/f_deletion_runs_daa3992/dior/cloudy/seed_42/methods/F_text_only/ddp2/eval_full_cloudy_ids_v1/class_ap.txt
DIOR,cloudy,F_text_only,42,ema,basketballcourt,0.36,printed class_ap.txt (typically 3 decimals),,,complete,/home/zechuan/iraod_artifacts/comparison/xaf_student_quant_20260908/f_deletion_runs_daa3992/dior/cloudy/seed_42/methods/F_text_only/ddp2/eval_full_cloudy_ids_v1/class_ap.txt
DIOR,cloudy,F_text_only,42,ema,bridge,0.07,printed class_ap.txt (typically 3 decimals),,,complete,/home/zechuan/iraod_artifacts/comparison/xaf_student_quant_20260908/f_deletion_runs_daa3992/dior/cloudy/seed_42/methods/F_text_only/ddp2/eval_full_cloudy_ids_v1/class_ap.txt
DIOR,cloudy,F_text_only,42,ema,chimney,0.431,printed class_ap.txt (typically 3 decimals),,,complete,/home/zechuan/iraod_artifacts/comparison/xaf_student_quant_20260908/f_deletion_runs_daa3992/dior/cloudy/seed_42/methods/F_text_only/ddp2/eval_full_cloudy_ids_v1/class_ap.txt
DIOR,cloudy,F_text_only,42,ema,expressway-service-area,0.269,printed class_ap.txt (typically 3 decimals),,,complete,/home/zechuan/iraod_artifacts/comparison/xaf_student_quant_20260908/f_deletion_runs_daa3992/dior/cloudy/seed_42/methods/F_text_only/ddp2/eval_full_cloudy_ids_v1/class_ap.txt
DIOR,cloudy,F_text_only,42,ema,expressway-toll-station,0.177,printed class_ap.txt (typically 3 decimals),,,complete,/home/zechuan/iraod_artifacts/comparison/xaf_student_quant_20260908/f_deletion_runs_daa3992/dior/cloudy/seed_42/methods/F_text_only/ddp2/eval_full_cloudy_ids_v1/class_ap.txt
DIOR,cloudy,F_text_only,42,ema,dam,0.091,printed class_ap.txt (typically 3 decimals),,,complete,/home/zechuan/iraod_artifacts/comparison/xaf_student_quant_20260908/f_deletion_runs_daa3992/dior/cloudy/seed_42/methods/F_text_only/ddp2/eval_full_cloudy_ids_v1/class_ap.txt
DIOR,cloudy,F_text_only,42,ema,golffield,0.244,printed class_ap.txt (typically 3 decimals),,,complete,/home/zechuan/iraod_artifacts/comparison/xaf_student_quant_20260908/f_deletion_runs_daa3992/dior/cloudy/seed_42/methods/F_text_only/ddp2/eval_full_cloudy_ids_v1/class_ap.txt
DIOR,cloudy,F_text_only,42,ema,groundtrackfield,0.24,printed class_ap.txt (typically 3 decimals),,,complete,/home/zechuan/iraod_artifacts/comparison/xaf_student_quant_20260908/f_deletion_runs_daa3992/dior/cloudy/seed_42/methods/F_text_only/ddp2/eval_full_cloudy_ids_v1/class_ap.txt
DIOR,cloudy,F_text_only,42,ema,harbor,0.094,printed class_ap.txt (typically 3 decimals),,,complete,/home/zechuan/iraod_artifacts/comparison/xaf_student_quant_20260908/f_deletion_runs_daa3992/dior/cloudy/seed_42/methods/F_text_only/ddp2/eval_full_cloudy_ids_v1/class_ap.txt
DIOR,cloudy,F_text_only,42,ema,overpass,0.18,printed class_ap.txt (typically 3 decimals),,,complete,/home/zechuan/iraod_artifacts/comparison/xaf_student_quant_20260908/f_deletion_runs_daa3992/dior/cloudy/seed_42/methods/F_text_only/ddp2/eval_full_cloudy_ids_v1/class_ap.txt
DIOR,cloudy,F_text_only,42,ema,ship,0.628,printed class_ap.txt (typically 3 decimals),,,complete,/home/zechuan/iraod_artifacts/comparison/xaf_student_quant_20260908/f_deletion_runs_daa3992/dior/cloudy/seed_42/methods/F_text_only/ddp2/eval_full_cloudy_ids_v1/class_ap.txt
DIOR,cloudy,F_text_only,42,ema,stadium,0.265,printed class_ap.txt (typically 3 decimals),,,complete,/home/zechuan/iraod_artifacts/comparison/xaf_student_quant_20260908/f_deletion_runs_daa3992/dior/cloudy/seed_42/methods/F_text_only/ddp2/eval_full_cloudy_ids_v1/class_ap.txt
DIOR,cloudy,F_text_only,42,ema,storagetank,0.463,printed class_ap.txt (typically 3 decimals),,,complete,/home/zechuan/iraod_artifacts/comparison/xaf_student_quant_20260908/f_deletion_runs_daa3992/dior/cloudy/seed_42/methods/F_text_only/ddp2/eval_full_cloudy_ids_v1/class_ap.txt
DIOR,cloudy,F_text_only,42,ema,tenniscourt,0.613,printed class_ap.txt (typically 3 decimals),,,complete,/home/zechuan/iraod_artifacts/comparison/xaf_student_quant_20260908/f_deletion_runs_daa3992/dior/cloudy/seed_42/methods/F_text_only/ddp2/eval_full_cloudy_ids_v1/class_ap.txt
DIOR,cloudy,F_text_only,42,ema,trainstation,0.108,printed class_ap.txt (typically 3 decimals),,,complete,/home/zechuan/iraod_artifacts/comparison/xaf_student_quant_20260908/f_deletion_runs_daa3992/dior/cloudy/seed_42/methods/F_text_only/ddp2/eval_full_cloudy_ids_v1/class_ap.txt
DIOR,cloudy,F_text_only,42,ema,vehicle,0.288,printed class_ap.txt (typically 3 decimals),,,complete,/home/zechuan/iraod_artifacts/comparison/xaf_student_quant_20260908/f_deletion_runs_daa3992/dior/cloudy/seed_42/methods/F_text_only/ddp2/eval_full_cloudy_ids_v1/class_ap.txt
DIOR,cloudy,F_text_only,42,ema,windmill,0.204,printed class_ap.txt (typically 3 decimals),,,complete,/home/zechuan/iraod_artifacts/comparison/xaf_student_quant_20260908/f_deletion_runs_daa3992/dior/cloudy/seed_42/methods/F_text_only/ddp2/eval_full_cloudy_ids_v1/class_ap.txt
DIOR,cloudy,F_text_only,43,ema,airplane,0.423,printed class_ap.txt (typically 3 decimals),,,complete,/home/zechuan/iraod_artifacts/comparison/xaf_student_quant_20260908/f_deletion_runs_daa3992/dior/cloudy/seed_43/methods/F_text_only/ddp2/eval_full_cloudy_ids_v1/class_ap.txt
DIOR,cloudy,F_text_only,43,ema,airport,0.03,printed class_ap.txt (typically 3 decimals),,,complete,/home/zechuan/iraod_artifacts/comparison/xaf_student_quant_20260908/f_deletion_runs_daa3992/dior/cloudy/seed_43/methods/F_text_only/ddp2/eval_full_cloudy_ids_v1/class_ap.txt
DIOR,cloudy,F_text_only,43,ema,baseballfield,0.525,printed class_ap.txt (typically 3 decimals),,,complete,/home/zechuan/iraod_artifacts/comparison/xaf_student_quant_20260908/f_deletion_runs_daa3992/dior/cloudy/seed_43/methods/F_text_only/ddp2/eval_full_cloudy_ids_v1/class_ap.txt
DIOR,cloudy,F_text_only,43,ema,basketballcourt,0.356,printed class_ap.txt (typically 3 decimals),,,complete,/home/zechuan/iraod_artifacts/comparison/xaf_student_quant_20260908/f_deletion_runs_daa3992/dior/cloudy/seed_43/methods/F_text_only/ddp2/eval_full_cloudy_ids_v1/class_ap.txt
DIOR,cloudy,F_text_only,43,ema,bridge,0.069,printed class_ap.txt (typically 3 decimals),,,complete,/home/zechuan/iraod_artifacts/comparison/xaf_student_quant_20260908/f_deletion_runs_daa3992/dior/cloudy/seed_43/methods/F_text_only/ddp2/eval_full_cloudy_ids_v1/class_ap.txt
DIOR,cloudy,F_text_only,43,ema,chimney,0.424,printed class_ap.txt (typically 3 decimals),,,complete,/home/zechuan/iraod_artifacts/comparison/xaf_student_quant_20260908/f_deletion_runs_daa3992/dior/cloudy/seed_43/methods/F_text_only/ddp2/eval_full_cloudy_ids_v1/class_ap.txt
DIOR,cloudy,F_text_only,43,ema,expressway-service-area,0.27,printed class_ap.txt (typically 3 decimals),,,complete,/home/zechuan/iraod_artifacts/comparison/xaf_student_quant_20260908/f_deletion_runs_daa3992/dior/cloudy/seed_43/methods/F_text_only/ddp2/eval_full_cloudy_ids_v1/class_ap.txt
DIOR,cloudy,F_text_only,43,ema,expressway-toll-station,0.183,printed class_ap.txt (typically 3 decimals),,,complete,/home/zechuan/iraod_artifacts/comparison/xaf_student_quant_20260908/f_deletion_runs_daa3992/dior/cloudy/seed_43/methods/F_text_only/ddp2/eval_full_cloudy_ids_v1/class_ap.txt
DIOR,cloudy,F_text_only,43,ema,dam,0.091,printed class_ap.txt (typically 3 decimals),,,complete,/home/zechuan/iraod_artifacts/comparison/xaf_student_quant_20260908/f_deletion_runs_daa3992/dior/cloudy/seed_43/methods/F_text_only/ddp2/eval_full_cloudy_ids_v1/class_ap.txt
DIOR,cloudy,F_text_only,43,ema,golffield,0.247,printed class_ap.txt (typically 3 decimals),,,complete,/home/zechuan/iraod_artifacts/comparison/xaf_student_quant_20260908/f_deletion_runs_daa3992/dior/cloudy/seed_43/methods/F_text_only/ddp2/eval_full_cloudy_ids_v1/class_ap.txt
DIOR,cloudy,F_text_only,43,ema,groundtrackfield,0.242,printed class_ap.txt (typically 3 decimals),,,complete,/home/zechuan/iraod_artifacts/comparison/xaf_student_quant_20260908/f_deletion_runs_daa3992/dior/cloudy/seed_43/methods/F_text_only/ddp2/eval_full_cloudy_ids_v1/class_ap.txt
DIOR,cloudy,F_text_only,43,ema,harbor,0.095,printed class_ap.txt (typically 3 decimals),,,complete,/home/zechuan/iraod_artifacts/comparison/xaf_student_quant_20260908/f_deletion_runs_daa3992/dior/cloudy/seed_43/methods/F_text_only/ddp2/eval_full_cloudy_ids_v1/class_ap.txt
DIOR,cloudy,F_text_only,43,ema,overpass,0.179,printed class_ap.txt (typically 3 decimals),,,complete,/home/zechuan/iraod_artifacts/comparison/xaf_student_quant_20260908/f_deletion_runs_daa3992/dior/cloudy/seed_43/methods/F_text_only/ddp2/eval_full_cloudy_ids_v1/class_ap.txt
DIOR,cloudy,F_text_only,43,ema,ship,0.628,printed class_ap.txt (typically 3 decimals),,,complete,/home/zechuan/iraod_artifacts/comparison/xaf_student_quant_20260908/f_deletion_runs_daa3992/dior/cloudy/seed_43/methods/F_text_only/ddp2/eval_full_cloudy_ids_v1/class_ap.txt
DIOR,cloudy,F_text_only,43,ema,stadium,0.263,printed class_ap.txt (typically 3 decimals),,,complete,/home/zechuan/iraod_artifacts/comparison/xaf_student_quant_20260908/f_deletion_runs_daa3992/dior/cloudy/seed_43/methods/F_text_only/ddp2/eval_full_cloudy_ids_v1/class_ap.txt
DIOR,cloudy,F_text_only,43,ema,storagetank,0.462,printed class_ap.txt (typically 3 decimals),,,complete,/home/zechuan/iraod_artifacts/comparison/xaf_student_quant_20260908/f_deletion_runs_daa3992/dior/cloudy/seed_43/methods/F_text_only/ddp2/eval_full_cloudy_ids_v1/class_ap.txt
DIOR,cloudy,F_text_only,43,ema,tenniscourt,0.614,printed class_ap.txt (typically 3 decimals),,,complete,/home/zechuan/iraod_artifacts/comparison/xaf_student_quant_20260908/f_deletion_runs_daa3992/dior/cloudy/seed_43/methods/F_text_only/ddp2/eval_full_cloudy_ids_v1/class_ap.txt
DIOR,cloudy,F_text_only,43,ema,trainstation,0.085,printed class_ap.txt (typically 3 decimals),,,complete,/home/zechuan/iraod_artifacts/comparison/xaf_student_quant_20260908/f_deletion_runs_daa3992/dior/cloudy/seed_43/methods/F_text_only/ddp2/eval_full_cloudy_ids_v1/class_ap.txt
DIOR,cloudy,F_text_only,43,ema,vehicle,0.286,printed class_ap.txt (typically 3 decimals),,,complete,/home/zechuan/iraod_artifacts/comparison/xaf_student_quant_20260908/f_deletion_runs_daa3992/dior/cloudy/seed_43/methods/F_text_only/ddp2/eval_full_cloudy_ids_v1/class_ap.txt
DIOR,cloudy,F_text_only,43,ema,windmill,0.21,printed class_ap.txt (typically 3 decimals),,,complete,/home/zechuan/iraod_artifacts/comparison/xaf_student_quant_20260908/f_deletion_runs_daa3992/dior/cloudy/seed_43/methods/F_text_only/ddp2/eval_full_cloudy_ids_v1/class_ap.txt
DIOR,cloudy,F_text_only,44,ema,airplane,0.422,printed class_ap.txt (typically 3 decimals),,,complete,/home/zechuan/iraod_artifacts/comparison/xaf_student_quant_20260908/f_deletion_runs_daa3992/dior/cloudy/seed_44/methods/F_text_only/ddp2/eval_full_cloudy_ids_v1/class_ap.txt
DIOR,cloudy,F_text_only,44,ema,airport,0.03,printed class_ap.txt (typically 3 decimals),,,complete,/home/zechuan/iraod_artifacts/comparison/xaf_student_quant_20260908/f_deletion_runs_daa3992/dior/cloudy/seed_44/methods/F_text_only/ddp2/eval_full_cloudy_ids_v1/class_ap.txt
DIOR,cloudy,F_text_only,44,ema,baseballfield,0.525,printed class_ap.txt (typically 3 decimals),,,complete,/home/zechuan/iraod_artifacts/comparison/xaf_student_quant_20260908/f_deletion_runs_daa3992/dior/cloudy/seed_44/methods/F_text_only/ddp2/eval_full_cloudy_ids_v1/class_ap.txt
DIOR,cloudy,F_text_only,44,ema,basketballcourt,0.357,printed class_ap.txt (typically 3 decimals),,,complete,/home/zechuan/iraod_artifacts/comparison/xaf_student_quant_20260908/f_deletion_runs_daa3992/dior/cloudy/seed_44/methods/F_text_only/ddp2/eval_full_cloudy_ids_v1/class_ap.txt
DIOR,cloudy,F_text_only,44,ema,bridge,0.072,printed class_ap.txt (typically 3 decimals),,,complete,/home/zechuan/iraod_artifacts/comparison/xaf_student_quant_20260908/f_deletion_runs_daa3992/dior/cloudy/seed_44/methods/F_text_only/ddp2/eval_full_cloudy_ids_v1/class_ap.txt
DIOR,cloudy,F_text_only,44,ema,chimney,0.429,printed class_ap.txt (typically 3 decimals),,,complete,/home/zechuan/iraod_artifacts/comparison/xaf_student_quant_20260908/f_deletion_runs_daa3992/dior/cloudy/seed_44/methods/F_text_only/ddp2/eval_full_cloudy_ids_v1/class_ap.txt
DIOR,cloudy,F_text_only,44,ema,expressway-service-area,0.272,printed class_ap.txt (typically 3 decimals),,,complete,/home/zechuan/iraod_artifacts/comparison/xaf_student_quant_20260908/f_deletion_runs_daa3992/dior/cloudy/seed_44/methods/F_text_only/ddp2/eval_full_cloudy_ids_v1/class_ap.txt
DIOR,cloudy,F_text_only,44,ema,expressway-toll-station,0.182,printed class_ap.txt (typically 3 decimals),,,complete,/home/zechuan/iraod_artifacts/comparison/xaf_student_quant_20260908/f_deletion_runs_daa3992/dior/cloudy/seed_44/methods/F_text_only/ddp2/eval_full_cloudy_ids_v1/class_ap.txt
DIOR,cloudy,F_text_only,44,ema,dam,0.091,printed class_ap.txt (typically 3 decimals),,,complete,/home/zechuan/iraod_artifacts/comparison/xaf_student_quant_20260908/f_deletion_runs_daa3992/dior/cloudy/seed_44/methods/F_text_only/ddp2/eval_full_cloudy_ids_v1/class_ap.txt
DIOR,cloudy,F_text_only,44,ema,golffield,0.253,printed class_ap.txt (typically 3 decimals),,,complete,/home/zechuan/iraod_artifacts/comparison/xaf_student_quant_20260908/f_deletion_runs_daa3992/dior/cloudy/seed_44/methods/F_text_only/ddp2/eval_full_cloudy_ids_v1/class_ap.txt
DIOR,cloudy,F_text_only,44,ema,groundtrackfield,0.241,printed class_ap.txt (typically 3 decimals),,,complete,/home/zechuan/iraod_artifacts/comparison/xaf_student_quant_20260908/f_deletion_runs_daa3992/dior/cloudy/seed_44/methods/F_text_only/ddp2/eval_full_cloudy_ids_v1/class_ap.txt
DIOR,cloudy,F_text_only,44,ema,harbor,0.12,printed class_ap.txt (typically 3 decimals),,,complete,/home/zechuan/iraod_artifacts/comparison/xaf_student_quant_20260908/f_deletion_runs_daa3992/dior/cloudy/seed_44/methods/F_text_only/ddp2/eval_full_cloudy_ids_v1/class_ap.txt
DIOR,cloudy,F_text_only,44,ema,overpass,0.18,printed class_ap.txt (typically 3 decimals),,,complete,/home/zechuan/iraod_artifacts/comparison/xaf_student_quant_20260908/f_deletion_runs_daa3992/dior/cloudy/seed_44/methods/F_text_only/ddp2/eval_full_cloudy_ids_v1/class_ap.txt
DIOR,cloudy,F_text_only,44,ema,ship,0.628,printed class_ap.txt (typically 3 decimals),,,complete,/home/zechuan/iraod_artifacts/comparison/xaf_student_quant_20260908/f_deletion_runs_daa3992/dior/cloudy/seed_44/methods/F_text_only/ddp2/eval_full_cloudy_ids_v1/class_ap.txt
DIOR,cloudy,F_text_only,44,ema,stadium,0.273,printed class_ap.txt (typically 3 decimals),,,complete,/home/zechuan/iraod_artifacts/comparison/xaf_student_quant_20260908/f_deletion_runs_daa3992/dior/cloudy/seed_44/methods/F_text_only/ddp2/eval_full_cloudy_ids_v1/class_ap.txt
DIOR,cloudy,F_text_only,44,ema,storagetank,0.462,printed class_ap.txt (typically 3 decimals),,,complete,/home/zechuan/iraod_artifacts/comparison/xaf_student_quant_20260908/f_deletion_runs_daa3992/dior/cloudy/seed_44/methods/F_text_only/ddp2/eval_full_cloudy_ids_v1/class_ap.txt
DIOR,cloudy,F_text_only,44,ema,tenniscourt,0.614,printed class_ap.txt (typically 3 decimals),,,complete,/home/zechuan/iraod_artifacts/comparison/xaf_student_quant_20260908/f_deletion_runs_daa3992/dior/cloudy/seed_44/methods/F_text_only/ddp2/eval_full_cloudy_ids_v1/class_ap.txt
DIOR,cloudy,F_text_only,44,ema,trainstation,0.093,printed class_ap.txt (typically 3 decimals),,,complete,/home/zechuan/iraod_artifacts/comparison/xaf_student_quant_20260908/f_deletion_runs_daa3992/dior/cloudy/seed_44/methods/F_text_only/ddp2/eval_full_cloudy_ids_v1/class_ap.txt
DIOR,cloudy,F_text_only,44,ema,vehicle,0.288,printed class_ap.txt (typically 3 decimals),,,complete,/home/zechuan/iraod_artifacts/comparison/xaf_student_quant_20260908/f_deletion_runs_daa3992/dior/cloudy/seed_44/methods/F_text_only/ddp2/eval_full_cloudy_ids_v1/class_ap.txt
DIOR,cloudy,F_text_only,44,ema,windmill,0.203,printed class_ap.txt (typically 3 decimals),,,complete,/home/zechuan/iraod_artifacts/comparison/xaf_student_quant_20260908/f_deletion_runs_daa3992/dior/cloudy/seed_44/methods/F_text_only/ddp2/eval_full_cloudy_ids_v1/class_ap.txt
DIOR,cloudy,F_veto_only,42,ema,airplane,0.471,printed class_ap.txt (typically 3 decimals),,,complete,/home/zechuan/iraod_artifacts/comparison/xaf_student_quant_20260908/f_deletion_runs_daa3992/dior/cloudy/seed_42/methods/F_veto_only/ddp2/eval_full_cloudy_ids_v1/class_ap.txt
DIOR,cloudy,F_veto_only,42,ema,airport,0.091,printed class_ap.txt (typically 3 decimals),,,complete,/home/zechuan/iraod_artifacts/comparison/xaf_student_quant_20260908/f_deletion_runs_daa3992/dior/cloudy/seed_42/methods/F_veto_only/ddp2/eval_full_cloudy_ids_v1/class_ap.txt
DIOR,cloudy,F_veto_only,42,ema,baseballfield,0.527,printed class_ap.txt (typically 3 decimals),,,complete,/home/zechuan/iraod_artifacts/comparison/xaf_student_quant_20260908/f_deletion_runs_daa3992/dior/cloudy/seed_42/methods/F_veto_only/ddp2/eval_full_cloudy_ids_v1/class_ap.txt
DIOR,cloudy,F_veto_only,42,ema,basketballcourt,0.359,printed class_ap.txt (typically 3 decimals),,,complete,/home/zechuan/iraod_artifacts/comparison/xaf_student_quant_20260908/f_deletion_runs_daa3992/dior/cloudy/seed_42/methods/F_veto_only/ddp2/eval_full_cloudy_ids_v1/class_ap.txt
DIOR,cloudy,F_veto_only,42,ema,bridge,0.07,printed class_ap.txt (typically 3 decimals),,,complete,/home/zechuan/iraod_artifacts/comparison/xaf_student_quant_20260908/f_deletion_runs_daa3992/dior/cloudy/seed_42/methods/F_veto_only/ddp2/eval_full_cloudy_ids_v1/class_ap.txt
DIOR,cloudy,F_veto_only,42,ema,chimney,0.428,printed class_ap.txt (typically 3 decimals),,,complete,/home/zechuan/iraod_artifacts/comparison/xaf_student_quant_20260908/f_deletion_runs_daa3992/dior/cloudy/seed_42/methods/F_veto_only/ddp2/eval_full_cloudy_ids_v1/class_ap.txt
DIOR,cloudy,F_veto_only,42,ema,expressway-service-area,0.279,printed class_ap.txt (typically 3 decimals),,,complete,/home/zechuan/iraod_artifacts/comparison/xaf_student_quant_20260908/f_deletion_runs_daa3992/dior/cloudy/seed_42/methods/F_veto_only/ddp2/eval_full_cloudy_ids_v1/class_ap.txt
DIOR,cloudy,F_veto_only,42,ema,expressway-toll-station,0.188,printed class_ap.txt (typically 3 decimals),,,complete,/home/zechuan/iraod_artifacts/comparison/xaf_student_quant_20260908/f_deletion_runs_daa3992/dior/cloudy/seed_42/methods/F_veto_only/ddp2/eval_full_cloudy_ids_v1/class_ap.txt
DIOR,cloudy,F_veto_only,42,ema,dam,0.091,printed class_ap.txt (typically 3 decimals),,,complete,/home/zechuan/iraod_artifacts/comparison/xaf_student_quant_20260908/f_deletion_runs_daa3992/dior/cloudy/seed_42/methods/F_veto_only/ddp2/eval_full_cloudy_ids_v1/class_ap.txt
DIOR,cloudy,F_veto_only,42,ema,golffield,0.27,printed class_ap.txt (typically 3 decimals),,,complete,/home/zechuan/iraod_artifacts/comparison/xaf_student_quant_20260908/f_deletion_runs_daa3992/dior/cloudy/seed_42/methods/F_veto_only/ddp2/eval_full_cloudy_ids_v1/class_ap.txt
DIOR,cloudy,F_veto_only,42,ema,groundtrackfield,0.239,printed class_ap.txt (typically 3 decimals),,,complete,/home/zechuan/iraod_artifacts/comparison/xaf_student_quant_20260908/f_deletion_runs_daa3992/dior/cloudy/seed_42/methods/F_veto_only/ddp2/eval_full_cloudy_ids_v1/class_ap.txt
DIOR,cloudy,F_veto_only,42,ema,harbor,0.103,printed class_ap.txt (typically 3 decimals),,,complete,/home/zechuan/iraod_artifacts/comparison/xaf_student_quant_20260908/f_deletion_runs_daa3992/dior/cloudy/seed_42/methods/F_veto_only/ddp2/eval_full_cloudy_ids_v1/class_ap.txt
DIOR,cloudy,F_veto_only,42,ema,overpass,0.181,printed class_ap.txt (typically 3 decimals),,,complete,/home/zechuan/iraod_artifacts/comparison/xaf_student_quant_20260908/f_deletion_runs_daa3992/dior/cloudy/seed_42/methods/F_veto_only/ddp2/eval_full_cloudy_ids_v1/class_ap.txt
DIOR,cloudy,F_veto_only,42,ema,ship,0.7,printed class_ap.txt (typically 3 decimals),,,complete,/home/zechuan/iraod_artifacts/comparison/xaf_student_quant_20260908/f_deletion_runs_daa3992/dior/cloudy/seed_42/methods/F_veto_only/ddp2/eval_full_cloudy_ids_v1/class_ap.txt
DIOR,cloudy,F_veto_only,42,ema,stadium,0.257,printed class_ap.txt (typically 3 decimals),,,complete,/home/zechuan/iraod_artifacts/comparison/xaf_student_quant_20260908/f_deletion_runs_daa3992/dior/cloudy/seed_42/methods/F_veto_only/ddp2/eval_full_cloudy_ids_v1/class_ap.txt
DIOR,cloudy,F_veto_only,42,ema,storagetank,0.476,printed class_ap.txt (typically 3 decimals),,,complete,/home/zechuan/iraod_artifacts/comparison/xaf_student_quant_20260908/f_deletion_runs_daa3992/dior/cloudy/seed_42/methods/F_veto_only/ddp2/eval_full_cloudy_ids_v1/class_ap.txt
DIOR,cloudy,F_veto_only,42,ema,tenniscourt,0.616,printed class_ap.txt (typically 3 decimals),,,complete,/home/zechuan/iraod_artifacts/comparison/xaf_student_quant_20260908/f_deletion_runs_daa3992/dior/cloudy/seed_42/methods/F_veto_only/ddp2/eval_full_cloudy_ids_v1/class_ap.txt
DIOR,cloudy,F_veto_only,42,ema,trainstation,0.089,printed class_ap.txt (typically 3 decimals),,,complete,/home/zechuan/iraod_artifacts/comparison/xaf_student_quant_20260908/f_deletion_runs_daa3992/dior/cloudy/seed_42/methods/F_veto_only/ddp2/eval_full_cloudy_ids_v1/class_ap.txt
DIOR,cloudy,F_veto_only,42,ema,vehicle,0.299,printed class_ap.txt (typically 3 decimals),,,complete,/home/zechuan/iraod_artifacts/comparison/xaf_student_quant_20260908/f_deletion_runs_daa3992/dior/cloudy/seed_42/methods/F_veto_only/ddp2/eval_full_cloudy_ids_v1/class_ap.txt
DIOR,cloudy,F_veto_only,42,ema,windmill,0.216,printed class_ap.txt (typically 3 decimals),,,complete,/home/zechuan/iraod_artifacts/comparison/xaf_student_quant_20260908/f_deletion_runs_daa3992/dior/cloudy/seed_42/methods/F_veto_only/ddp2/eval_full_cloudy_ids_v1/class_ap.txt
DIOR,cloudy,F_veto_only,43,ema,airplane,0.469,printed class_ap.txt (typically 3 decimals),,,complete,/home/zechuan/iraod_artifacts/comparison/xaf_student_quant_20260908/f_deletion_runs_daa3992/dior/cloudy/seed_43/methods/F_veto_only/ddp2/eval_full_cloudy_ids_v1/class_ap.txt
DIOR,cloudy,F_veto_only,43,ema,airport,0.091,printed class_ap.txt (typically 3 decimals),,,complete,/home/zechuan/iraod_artifacts/comparison/xaf_student_quant_20260908/f_deletion_runs_daa3992/dior/cloudy/seed_43/methods/F_veto_only/ddp2/eval_full_cloudy_ids_v1/class_ap.txt
DIOR,cloudy,F_veto_only,43,ema,baseballfield,0.527,printed class_ap.txt (typically 3 decimals),,,complete,/home/zechuan/iraod_artifacts/comparison/xaf_student_quant_20260908/f_deletion_runs_daa3992/dior/cloudy/seed_43/methods/F_veto_only/ddp2/eval_full_cloudy_ids_v1/class_ap.txt
DIOR,cloudy,F_veto_only,43,ema,basketballcourt,0.361,printed class_ap.txt (typically 3 decimals),,,complete,/home/zechuan/iraod_artifacts/comparison/xaf_student_quant_20260908/f_deletion_runs_daa3992/dior/cloudy/seed_43/methods/F_veto_only/ddp2/eval_full_cloudy_ids_v1/class_ap.txt
DIOR,cloudy,F_veto_only,43,ema,bridge,0.071,printed class_ap.txt (typically 3 decimals),,,complete,/home/zechuan/iraod_artifacts/comparison/xaf_student_quant_20260908/f_deletion_runs_daa3992/dior/cloudy/seed_43/methods/F_veto_only/ddp2/eval_full_cloudy_ids_v1/class_ap.txt
DIOR,cloudy,F_veto_only,43,ema,chimney,0.424,printed class_ap.txt (typically 3 decimals),,,complete,/home/zechuan/iraod_artifacts/comparison/xaf_student_quant_20260908/f_deletion_runs_daa3992/dior/cloudy/seed_43/methods/F_veto_only/ddp2/eval_full_cloudy_ids_v1/class_ap.txt
DIOR,cloudy,F_veto_only,43,ema,expressway-service-area,0.281,printed class_ap.txt (typically 3 decimals),,,complete,/home/zechuan/iraod_artifacts/comparison/xaf_student_quant_20260908/f_deletion_runs_daa3992/dior/cloudy/seed_43/methods/F_veto_only/ddp2/eval_full_cloudy_ids_v1/class_ap.txt
DIOR,cloudy,F_veto_only,43,ema,expressway-toll-station,0.19,printed class_ap.txt (typically 3 decimals),,,complete,/home/zechuan/iraod_artifacts/comparison/xaf_student_quant_20260908/f_deletion_runs_daa3992/dior/cloudy/seed_43/methods/F_veto_only/ddp2/eval_full_cloudy_ids_v1/class_ap.txt
DIOR,cloudy,F_veto_only,43,ema,dam,0.091,printed class_ap.txt (typically 3 decimals),,,complete,/home/zechuan/iraod_artifacts/comparison/xaf_student_quant_20260908/f_deletion_runs_daa3992/dior/cloudy/seed_43/methods/F_veto_only/ddp2/eval_full_cloudy_ids_v1/class_ap.txt
DIOR,cloudy,F_veto_only,43,ema,golffield,0.271,printed class_ap.txt (typically 3 decimals),,,complete,/home/zechuan/iraod_artifacts/comparison/xaf_student_quant_20260908/f_deletion_runs_daa3992/dior/cloudy/seed_43/methods/F_veto_only/ddp2/eval_full_cloudy_ids_v1/class_ap.txt
DIOR,cloudy,F_veto_only,43,ema,groundtrackfield,0.24,printed class_ap.txt (typically 3 decimals),,,complete,/home/zechuan/iraod_artifacts/comparison/xaf_student_quant_20260908/f_deletion_runs_daa3992/dior/cloudy/seed_43/methods/F_veto_only/ddp2/eval_full_cloudy_ids_v1/class_ap.txt
DIOR,cloudy,F_veto_only,43,ema,harbor,0.124,printed class_ap.txt (typically 3 decimals),,,complete,/home/zechuan/iraod_artifacts/comparison/xaf_student_quant_20260908/f_deletion_runs_daa3992/dior/cloudy/seed_43/methods/F_veto_only/ddp2/eval_full_cloudy_ids_v1/class_ap.txt
DIOR,cloudy,F_veto_only,43,ema,overpass,0.182,printed class_ap.txt (typically 3 decimals),,,complete,/home/zechuan/iraod_artifacts/comparison/xaf_student_quant_20260908/f_deletion_runs_daa3992/dior/cloudy/seed_43/methods/F_veto_only/ddp2/eval_full_cloudy_ids_v1/class_ap.txt
DIOR,cloudy,F_veto_only,43,ema,ship,0.7,printed class_ap.txt (typically 3 decimals),,,complete,/home/zechuan/iraod_artifacts/comparison/xaf_student_quant_20260908/f_deletion_runs_daa3992/dior/cloudy/seed_43/methods/F_veto_only/ddp2/eval_full_cloudy_ids_v1/class_ap.txt
DIOR,cloudy,F_veto_only,43,ema,stadium,0.258,printed class_ap.txt (typically 3 decimals),,,complete,/home/zechuan/iraod_artifacts/comparison/xaf_student_quant_20260908/f_deletion_runs_daa3992/dior/cloudy/seed_43/methods/F_veto_only/ddp2/eval_full_cloudy_ids_v1/class_ap.txt
DIOR,cloudy,F_veto_only,43,ema,storagetank,0.473,printed class_ap.txt (typically 3 decimals),,,complete,/home/zechuan/iraod_artifacts/comparison/xaf_student_quant_20260908/f_deletion_runs_daa3992/dior/cloudy/seed_43/methods/F_veto_only/ddp2/eval_full_cloudy_ids_v1/class_ap.txt
DIOR,cloudy,F_veto_only,43,ema,tenniscourt,0.616,printed class_ap.txt (typically 3 decimals),,,complete,/home/zechuan/iraod_artifacts/comparison/xaf_student_quant_20260908/f_deletion_runs_daa3992/dior/cloudy/seed_43/methods/F_veto_only/ddp2/eval_full_cloudy_ids_v1/class_ap.txt
DIOR,cloudy,F_veto_only,43,ema,trainstation,0.088,printed class_ap.txt (typically 3 decimals),,,complete,/home/zechuan/iraod_artifacts/comparison/xaf_student_quant_20260908/f_deletion_runs_daa3992/dior/cloudy/seed_43/methods/F_veto_only/ddp2/eval_full_cloudy_ids_v1/class_ap.txt
DIOR,cloudy,F_veto_only,43,ema,vehicle,0.3,printed class_ap.txt (typically 3 decimals),,,complete,/home/zechuan/iraod_artifacts/comparison/xaf_student_quant_20260908/f_deletion_runs_daa3992/dior/cloudy/seed_43/methods/F_veto_only/ddp2/eval_full_cloudy_ids_v1/class_ap.txt
DIOR,cloudy,F_veto_only,43,ema,windmill,0.197,printed class_ap.txt (typically 3 decimals),,,complete,/home/zechuan/iraod_artifacts/comparison/xaf_student_quant_20260908/f_deletion_runs_daa3992/dior/cloudy/seed_43/methods/F_veto_only/ddp2/eval_full_cloudy_ids_v1/class_ap.txt
DIOR,cloudy,F_veto_only,44,ema,airplane,0.469,printed class_ap.txt (typically 3 decimals),,,complete,/home/zechuan/iraod_artifacts/comparison/xaf_student_quant_20260908/f_deletion_runs_daa3992/dior/cloudy/seed_44/methods/F_veto_only/ddp2/eval_full_cloudy_ids_v1/class_ap.txt
DIOR,cloudy,F_veto_only,44,ema,airport,0.091,printed class_ap.txt (typically 3 decimals),,,complete,/home/zechuan/iraod_artifacts/comparison/xaf_student_quant_20260908/f_deletion_runs_daa3992/dior/cloudy/seed_44/methods/F_veto_only/ddp2/eval_full_cloudy_ids_v1/class_ap.txt
DIOR,cloudy,F_veto_only,44,ema,baseballfield,0.527,printed class_ap.txt (typically 3 decimals),,,complete,/home/zechuan/iraod_artifacts/comparison/xaf_student_quant_20260908/f_deletion_runs_daa3992/dior/cloudy/seed_44/methods/F_veto_only/ddp2/eval_full_cloudy_ids_v1/class_ap.txt
DIOR,cloudy,F_veto_only,44,ema,basketballcourt,0.362,printed class_ap.txt (typically 3 decimals),,,complete,/home/zechuan/iraod_artifacts/comparison/xaf_student_quant_20260908/f_deletion_runs_daa3992/dior/cloudy/seed_44/methods/F_veto_only/ddp2/eval_full_cloudy_ids_v1/class_ap.txt
DIOR,cloudy,F_veto_only,44,ema,bridge,0.067,printed class_ap.txt (typically 3 decimals),,,complete,/home/zechuan/iraod_artifacts/comparison/xaf_student_quant_20260908/f_deletion_runs_daa3992/dior/cloudy/seed_44/methods/F_veto_only/ddp2/eval_full_cloudy_ids_v1/class_ap.txt
DIOR,cloudy,F_veto_only,44,ema,chimney,0.422,printed class_ap.txt (typically 3 decimals),,,complete,/home/zechuan/iraod_artifacts/comparison/xaf_student_quant_20260908/f_deletion_runs_daa3992/dior/cloudy/seed_44/methods/F_veto_only/ddp2/eval_full_cloudy_ids_v1/class_ap.txt
DIOR,cloudy,F_veto_only,44,ema,expressway-service-area,0.274,printed class_ap.txt (typically 3 decimals),,,complete,/home/zechuan/iraod_artifacts/comparison/xaf_student_quant_20260908/f_deletion_runs_daa3992/dior/cloudy/seed_44/methods/F_veto_only/ddp2/eval_full_cloudy_ids_v1/class_ap.txt
DIOR,cloudy,F_veto_only,44,ema,expressway-toll-station,0.185,printed class_ap.txt (typically 3 decimals),,,complete,/home/zechuan/iraod_artifacts/comparison/xaf_student_quant_20260908/f_deletion_runs_daa3992/dior/cloudy/seed_44/methods/F_veto_only/ddp2/eval_full_cloudy_ids_v1/class_ap.txt
DIOR,cloudy,F_veto_only,44,ema,dam,0.091,printed class_ap.txt (typically 3 decimals),,,complete,/home/zechuan/iraod_artifacts/comparison/xaf_student_quant_20260908/f_deletion_runs_daa3992/dior/cloudy/seed_44/methods/F_veto_only/ddp2/eval_full_cloudy_ids_v1/class_ap.txt
DIOR,cloudy,F_veto_only,44,ema,golffield,0.271,printed class_ap.txt (typically 3 decimals),,,complete,/home/zechuan/iraod_artifacts/comparison/xaf_student_quant_20260908/f_deletion_runs_daa3992/dior/cloudy/seed_44/methods/F_veto_only/ddp2/eval_full_cloudy_ids_v1/class_ap.txt
DIOR,cloudy,F_veto_only,44,ema,groundtrackfield,0.239,printed class_ap.txt (typically 3 decimals),,,complete,/home/zechuan/iraod_artifacts/comparison/xaf_student_quant_20260908/f_deletion_runs_daa3992/dior/cloudy/seed_44/methods/F_veto_only/ddp2/eval_full_cloudy_ids_v1/class_ap.txt
DIOR,cloudy,F_veto_only,44,ema,harbor,0.094,printed class_ap.txt (typically 3 decimals),,,complete,/home/zechuan/iraod_artifacts/comparison/xaf_student_quant_20260908/f_deletion_runs_daa3992/dior/cloudy/seed_44/methods/F_veto_only/ddp2/eval_full_cloudy_ids_v1/class_ap.txt
DIOR,cloudy,F_veto_only,44,ema,overpass,0.181,printed class_ap.txt (typically 3 decimals),,,complete,/home/zechuan/iraod_artifacts/comparison/xaf_student_quant_20260908/f_deletion_runs_daa3992/dior/cloudy/seed_44/methods/F_veto_only/ddp2/eval_full_cloudy_ids_v1/class_ap.txt
DIOR,cloudy,F_veto_only,44,ema,ship,0.7,printed class_ap.txt (typically 3 decimals),,,complete,/home/zechuan/iraod_artifacts/comparison/xaf_student_quant_20260908/f_deletion_runs_daa3992/dior/cloudy/seed_44/methods/F_veto_only/ddp2/eval_full_cloudy_ids_v1/class_ap.txt
DIOR,cloudy,F_veto_only,44,ema,stadium,0.255,printed class_ap.txt (typically 3 decimals),,,complete,/home/zechuan/iraod_artifacts/comparison/xaf_student_quant_20260908/f_deletion_runs_daa3992/dior/cloudy/seed_44/methods/F_veto_only/ddp2/eval_full_cloudy_ids_v1/class_ap.txt
DIOR,cloudy,F_veto_only,44,ema,storagetank,0.472,printed class_ap.txt (typically 3 decimals),,,complete,/home/zechuan/iraod_artifacts/comparison/xaf_student_quant_20260908/f_deletion_runs_daa3992/dior/cloudy/seed_44/methods/F_veto_only/ddp2/eval_full_cloudy_ids_v1/class_ap.txt
DIOR,cloudy,F_veto_only,44,ema,tenniscourt,0.616,printed class_ap.txt (typically 3 decimals),,,complete,/home/zechuan/iraod_artifacts/comparison/xaf_student_quant_20260908/f_deletion_runs_daa3992/dior/cloudy/seed_44/methods/F_veto_only/ddp2/eval_full_cloudy_ids_v1/class_ap.txt
DIOR,cloudy,F_veto_only,44,ema,trainstation,0.091,printed class_ap.txt (typically 3 decimals),,,complete,/home/zechuan/iraod_artifacts/comparison/xaf_student_quant_20260908/f_deletion_runs_daa3992/dior/cloudy/seed_44/methods/F_veto_only/ddp2/eval_full_cloudy_ids_v1/class_ap.txt
DIOR,cloudy,F_veto_only,44,ema,vehicle,0.3,printed class_ap.txt (typically 3 decimals),,,complete,/home/zechuan/iraod_artifacts/comparison/xaf_student_quant_20260908/f_deletion_runs_daa3992/dior/cloudy/seed_44/methods/F_veto_only/ddp2/eval_full_cloudy_ids_v1/class_ap.txt
DIOR,cloudy,F_veto_only,44,ema,windmill,0.201,printed class_ap.txt (typically 3 decimals),,,complete,/home/zechuan/iraod_artifacts/comparison/xaf_student_quant_20260908/f_deletion_runs_daa3992/dior/cloudy/seed_44/methods/F_veto_only/ddp2/eval_full_cloudy_ids_v1/class_ap.txt
DIOR,contrast,A,42,source,airplane,0.493,printed class_ap.txt (typically 3 decimals),0.493,0.493,complete,/home/zechuan/iraod_artifacts/comparison/dior/contrast/seed_42/0f98a48/methods/A/eval_full_contrast_ids_v1/class_ap.txt
DIOR,contrast,A,42,source,airport,0.011,printed class_ap.txt (typically 3 decimals),0.011,0.011,complete,/home/zechuan/iraod_artifacts/comparison/dior/contrast/seed_42/0f98a48/methods/A/eval_full_contrast_ids_v1/class_ap.txt
DIOR,contrast,A,42,source,baseballfield,0.525,printed class_ap.txt (typically 3 decimals),0.525,0.525,complete,/home/zechuan/iraod_artifacts/comparison/dior/contrast/seed_42/0f98a48/methods/A/eval_full_contrast_ids_v1/class_ap.txt
DIOR,contrast,A,42,source,basketballcourt,0.355,printed class_ap.txt (typically 3 decimals),0.355,0.355,complete,/home/zechuan/iraod_artifacts/comparison/dior/contrast/seed_42/0f98a48/methods/A/eval_full_contrast_ids_v1/class_ap.txt
DIOR,contrast,A,42,source,bridge,0.113,printed class_ap.txt (typically 3 decimals),0.113,0.113,complete,/home/zechuan/iraod_artifacts/comparison/dior/contrast/seed_42/0f98a48/methods/A/eval_full_contrast_ids_v1/class_ap.txt
DIOR,contrast,A,42,source,chimney,0.375,printed class_ap.txt (typically 3 decimals),0.375,0.375,complete,/home/zechuan/iraod_artifacts/comparison/dior/contrast/seed_42/0f98a48/methods/A/eval_full_contrast_ids_v1/class_ap.txt
DIOR,contrast,A,42,source,expressway-service-area,0.244,printed class_ap.txt (typically 3 decimals),0.244,0.244,complete,/home/zechuan/iraod_artifacts/comparison/dior/contrast/seed_42/0f98a48/methods/A/eval_full_contrast_ids_v1/class_ap.txt
DIOR,contrast,A,42,source,expressway-toll-station,0.19,printed class_ap.txt (typically 3 decimals),0.19,0.19,complete,/home/zechuan/iraod_artifacts/comparison/dior/contrast/seed_42/0f98a48/methods/A/eval_full_contrast_ids_v1/class_ap.txt
DIOR,contrast,A,42,source,dam,0.091,printed class_ap.txt (typically 3 decimals),0.091,0.091,complete,/home/zechuan/iraod_artifacts/comparison/dior/contrast/seed_42/0f98a48/methods/A/eval_full_contrast_ids_v1/class_ap.txt
DIOR,contrast,A,42,source,golffield,0.235,printed class_ap.txt (typically 3 decimals),0.235,0.235,complete,/home/zechuan/iraod_artifacts/comparison/dior/contrast/seed_42/0f98a48/methods/A/eval_full_contrast_ids_v1/class_ap.txt
DIOR,contrast,A,42,source,groundtrackfield,0.223,printed class_ap.txt (typically 3 decimals),0.223,0.223,complete,/home/zechuan/iraod_artifacts/comparison/dior/contrast/seed_42/0f98a48/methods/A/eval_full_contrast_ids_v1/class_ap.txt
DIOR,contrast,A,42,source,harbor,0.136,printed class_ap.txt (typically 3 decimals),0.136,0.136,complete,/home/zechuan/iraod_artifacts/comparison/dior/contrast/seed_42/0f98a48/methods/A/eval_full_contrast_ids_v1/class_ap.txt
DIOR,contrast,A,42,source,overpass,0.162,printed class_ap.txt (typically 3 decimals),0.162,0.162,complete,/home/zechuan/iraod_artifacts/comparison/dior/contrast/seed_42/0f98a48/methods/A/eval_full_contrast_ids_v1/class_ap.txt
DIOR,contrast,A,42,source,ship,0.676,printed class_ap.txt (typically 3 decimals),0.676,0.676,complete,/home/zechuan/iraod_artifacts/comparison/dior/contrast/seed_42/0f98a48/methods/A/eval_full_contrast_ids_v1/class_ap.txt
DIOR,contrast,A,42,source,stadium,0.205,printed class_ap.txt (typically 3 decimals),0.205,0.205,complete,/home/zechuan/iraod_artifacts/comparison/dior/contrast/seed_42/0f98a48/methods/A/eval_full_contrast_ids_v1/class_ap.txt
DIOR,contrast,A,42,source,storagetank,0.466,printed class_ap.txt (typically 3 decimals),0.466,0.466,complete,/home/zechuan/iraod_artifacts/comparison/dior/contrast/seed_42/0f98a48/methods/A/eval_full_contrast_ids_v1/class_ap.txt
DIOR,contrast,A,42,source,tenniscourt,0.606,printed class_ap.txt (typically 3 decimals),0.606,0.606,complete,/home/zechuan/iraod_artifacts/comparison/dior/contrast/seed_42/0f98a48/methods/A/eval_full_contrast_ids_v1/class_ap.txt
DIOR,contrast,A,42,source,trainstation,0.08,printed class_ap.txt (typically 3 decimals),0.08,0.08,complete,/home/zechuan/iraod_artifacts/comparison/dior/contrast/seed_42/0f98a48/methods/A/eval_full_contrast_ids_v1/class_ap.txt
DIOR,contrast,A,42,source,vehicle,0.284,printed class_ap.txt (typically 3 decimals),0.284,0.284,complete,/home/zechuan/iraod_artifacts/comparison/dior/contrast/seed_42/0f98a48/methods/A/eval_full_contrast_ids_v1/class_ap.txt
DIOR,contrast,A,42,source,windmill,0.161,printed class_ap.txt (typically 3 decimals),0.161,0.161,complete,/home/zechuan/iraod_artifacts/comparison/dior/contrast/seed_42/0f98a48/methods/A/eval_full_contrast_ids_v1/class_ap.txt
DIOR,contrast,B_REG,42,ema,airplane,0.492,printed class_ap.txt (typically 3 decimals),,,complete,/home/zechuan/iraod_artifacts/comparison/xaf_student_quant_20260908/b_reg_runs_0e5f8f7/dior/contrast/seed_42/methods/B_REG/eval_full_contrast_ids_v1/class_ap.txt
DIOR,contrast,B_REG,42,ema,airport,0.006,printed class_ap.txt (typically 3 decimals),,,complete,/home/zechuan/iraod_artifacts/comparison/xaf_student_quant_20260908/b_reg_runs_0e5f8f7/dior/contrast/seed_42/methods/B_REG/eval_full_contrast_ids_v1/class_ap.txt
DIOR,contrast,B_REG,42,ema,baseballfield,0.527,printed class_ap.txt (typically 3 decimals),,,complete,/home/zechuan/iraod_artifacts/comparison/xaf_student_quant_20260908/b_reg_runs_0e5f8f7/dior/contrast/seed_42/methods/B_REG/eval_full_contrast_ids_v1/class_ap.txt
DIOR,contrast,B_REG,42,ema,basketballcourt,0.358,printed class_ap.txt (typically 3 decimals),,,complete,/home/zechuan/iraod_artifacts/comparison/xaf_student_quant_20260908/b_reg_runs_0e5f8f7/dior/contrast/seed_42/methods/B_REG/eval_full_contrast_ids_v1/class_ap.txt
DIOR,contrast,B_REG,42,ema,bridge,0.113,printed class_ap.txt (typically 3 decimals),,,complete,/home/zechuan/iraod_artifacts/comparison/xaf_student_quant_20260908/b_reg_runs_0e5f8f7/dior/contrast/seed_42/methods/B_REG/eval_full_contrast_ids_v1/class_ap.txt
DIOR,contrast,B_REG,42,ema,chimney,0.392,printed class_ap.txt (typically 3 decimals),,,complete,/home/zechuan/iraod_artifacts/comparison/xaf_student_quant_20260908/b_reg_runs_0e5f8f7/dior/contrast/seed_42/methods/B_REG/eval_full_contrast_ids_v1/class_ap.txt
DIOR,contrast,B_REG,42,ema,expressway-service-area,0.245,printed class_ap.txt (typically 3 decimals),,,complete,/home/zechuan/iraod_artifacts/comparison/xaf_student_quant_20260908/b_reg_runs_0e5f8f7/dior/contrast/seed_42/methods/B_REG/eval_full_contrast_ids_v1/class_ap.txt
DIOR,contrast,B_REG,42,ema,expressway-toll-station,0.201,printed class_ap.txt (typically 3 decimals),,,complete,/home/zechuan/iraod_artifacts/comparison/xaf_student_quant_20260908/b_reg_runs_0e5f8f7/dior/contrast/seed_42/methods/B_REG/eval_full_contrast_ids_v1/class_ap.txt
DIOR,contrast,B_REG,42,ema,dam,0.091,printed class_ap.txt (typically 3 decimals),,,complete,/home/zechuan/iraod_artifacts/comparison/xaf_student_quant_20260908/b_reg_runs_0e5f8f7/dior/contrast/seed_42/methods/B_REG/eval_full_contrast_ids_v1/class_ap.txt
DIOR,contrast,B_REG,42,ema,golffield,0.239,printed class_ap.txt (typically 3 decimals),,,complete,/home/zechuan/iraod_artifacts/comparison/xaf_student_quant_20260908/b_reg_runs_0e5f8f7/dior/contrast/seed_42/methods/B_REG/eval_full_contrast_ids_v1/class_ap.txt
DIOR,contrast,B_REG,42,ema,groundtrackfield,0.236,printed class_ap.txt (typically 3 decimals),,,complete,/home/zechuan/iraod_artifacts/comparison/xaf_student_quant_20260908/b_reg_runs_0e5f8f7/dior/contrast/seed_42/methods/B_REG/eval_full_contrast_ids_v1/class_ap.txt
DIOR,contrast,B_REG,42,ema,harbor,0.117,printed class_ap.txt (typically 3 decimals),,,complete,/home/zechuan/iraod_artifacts/comparison/xaf_student_quant_20260908/b_reg_runs_0e5f8f7/dior/contrast/seed_42/methods/B_REG/eval_full_contrast_ids_v1/class_ap.txt
DIOR,contrast,B_REG,42,ema,overpass,0.163,printed class_ap.txt (typically 3 decimals),,,complete,/home/zechuan/iraod_artifacts/comparison/xaf_student_quant_20260908/b_reg_runs_0e5f8f7/dior/contrast/seed_42/methods/B_REG/eval_full_contrast_ids_v1/class_ap.txt
DIOR,contrast,B_REG,42,ema,ship,0.677,printed class_ap.txt (typically 3 decimals),,,complete,/home/zechuan/iraod_artifacts/comparison/xaf_student_quant_20260908/b_reg_runs_0e5f8f7/dior/contrast/seed_42/methods/B_REG/eval_full_contrast_ids_v1/class_ap.txt
DIOR,contrast,B_REG,42,ema,stadium,0.223,printed class_ap.txt (typically 3 decimals),,,complete,/home/zechuan/iraod_artifacts/comparison/xaf_student_quant_20260908/b_reg_runs_0e5f8f7/dior/contrast/seed_42/methods/B_REG/eval_full_contrast_ids_v1/class_ap.txt
DIOR,contrast,B_REG,42,ema,storagetank,0.465,printed class_ap.txt (typically 3 decimals),,,complete,/home/zechuan/iraod_artifacts/comparison/xaf_student_quant_20260908/b_reg_runs_0e5f8f7/dior/contrast/seed_42/methods/B_REG/eval_full_contrast_ids_v1/class_ap.txt
DIOR,contrast,B_REG,42,ema,tenniscourt,0.612,printed class_ap.txt (typically 3 decimals),,,complete,/home/zechuan/iraod_artifacts/comparison/xaf_student_quant_20260908/b_reg_runs_0e5f8f7/dior/contrast/seed_42/methods/B_REG/eval_full_contrast_ids_v1/class_ap.txt
DIOR,contrast,B_REG,42,ema,trainstation,0.091,printed class_ap.txt (typically 3 decimals),,,complete,/home/zechuan/iraod_artifacts/comparison/xaf_student_quant_20260908/b_reg_runs_0e5f8f7/dior/contrast/seed_42/methods/B_REG/eval_full_contrast_ids_v1/class_ap.txt
DIOR,contrast,B_REG,42,ema,vehicle,0.287,printed class_ap.txt (typically 3 decimals),,,complete,/home/zechuan/iraod_artifacts/comparison/xaf_student_quant_20260908/b_reg_runs_0e5f8f7/dior/contrast/seed_42/methods/B_REG/eval_full_contrast_ids_v1/class_ap.txt
DIOR,contrast,B_REG,42,ema,windmill,0.161,printed class_ap.txt (typically 3 decimals),,,complete,/home/zechuan/iraod_artifacts/comparison/xaf_student_quant_20260908/b_reg_runs_0e5f8f7/dior/contrast/seed_42/methods/B_REG/eval_full_contrast_ids_v1/class_ap.txt
DIOR,contrast,B_REG,43,ema,airplane,0.491,printed class_ap.txt (typically 3 decimals),,,complete,/home/zechuan/iraod_artifacts/comparison/xaf_student_quant_20260908/b_reg_runs_0e5f8f7/dior/contrast/seed_43/methods/B_REG/eval_full_contrast_ids_v1/class_ap.txt
DIOR,contrast,B_REG,43,ema,airport,0.007,printed class_ap.txt (typically 3 decimals),,,complete,/home/zechuan/iraod_artifacts/comparison/xaf_student_quant_20260908/b_reg_runs_0e5f8f7/dior/contrast/seed_43/methods/B_REG/eval_full_contrast_ids_v1/class_ap.txt
DIOR,contrast,B_REG,43,ema,baseballfield,0.527,printed class_ap.txt (typically 3 decimals),,,complete,/home/zechuan/iraod_artifacts/comparison/xaf_student_quant_20260908/b_reg_runs_0e5f8f7/dior/contrast/seed_43/methods/B_REG/eval_full_contrast_ids_v1/class_ap.txt
DIOR,contrast,B_REG,43,ema,basketballcourt,0.358,printed class_ap.txt (typically 3 decimals),,,complete,/home/zechuan/iraod_artifacts/comparison/xaf_student_quant_20260908/b_reg_runs_0e5f8f7/dior/contrast/seed_43/methods/B_REG/eval_full_contrast_ids_v1/class_ap.txt
DIOR,contrast,B_REG,43,ema,bridge,0.083,printed class_ap.txt (typically 3 decimals),,,complete,/home/zechuan/iraod_artifacts/comparison/xaf_student_quant_20260908/b_reg_runs_0e5f8f7/dior/contrast/seed_43/methods/B_REG/eval_full_contrast_ids_v1/class_ap.txt
DIOR,contrast,B_REG,43,ema,chimney,0.392,printed class_ap.txt (typically 3 decimals),,,complete,/home/zechuan/iraod_artifacts/comparison/xaf_student_quant_20260908/b_reg_runs_0e5f8f7/dior/contrast/seed_43/methods/B_REG/eval_full_contrast_ids_v1/class_ap.txt
DIOR,contrast,B_REG,43,ema,expressway-service-area,0.245,printed class_ap.txt (typically 3 decimals),,,complete,/home/zechuan/iraod_artifacts/comparison/xaf_student_quant_20260908/b_reg_runs_0e5f8f7/dior/contrast/seed_43/methods/B_REG/eval_full_contrast_ids_v1/class_ap.txt
DIOR,contrast,B_REG,43,ema,expressway-toll-station,0.196,printed class_ap.txt (typically 3 decimals),,,complete,/home/zechuan/iraod_artifacts/comparison/xaf_student_quant_20260908/b_reg_runs_0e5f8f7/dior/contrast/seed_43/methods/B_REG/eval_full_contrast_ids_v1/class_ap.txt
DIOR,contrast,B_REG,43,ema,dam,0.091,printed class_ap.txt (typically 3 decimals),,,complete,/home/zechuan/iraod_artifacts/comparison/xaf_student_quant_20260908/b_reg_runs_0e5f8f7/dior/contrast/seed_43/methods/B_REG/eval_full_contrast_ids_v1/class_ap.txt
DIOR,contrast,B_REG,43,ema,golffield,0.234,printed class_ap.txt (typically 3 decimals),,,complete,/home/zechuan/iraod_artifacts/comparison/xaf_student_quant_20260908/b_reg_runs_0e5f8f7/dior/contrast/seed_43/methods/B_REG/eval_full_contrast_ids_v1/class_ap.txt
DIOR,contrast,B_REG,43,ema,groundtrackfield,0.237,printed class_ap.txt (typically 3 decimals),,,complete,/home/zechuan/iraod_artifacts/comparison/xaf_student_quant_20260908/b_reg_runs_0e5f8f7/dior/contrast/seed_43/methods/B_REG/eval_full_contrast_ids_v1/class_ap.txt
DIOR,contrast,B_REG,43,ema,harbor,0.132,printed class_ap.txt (typically 3 decimals),,,complete,/home/zechuan/iraod_artifacts/comparison/xaf_student_quant_20260908/b_reg_runs_0e5f8f7/dior/contrast/seed_43/methods/B_REG/eval_full_contrast_ids_v1/class_ap.txt
DIOR,contrast,B_REG,43,ema,overpass,0.164,printed class_ap.txt (typically 3 decimals),,,complete,/home/zechuan/iraod_artifacts/comparison/xaf_student_quant_20260908/b_reg_runs_0e5f8f7/dior/contrast/seed_43/methods/B_REG/eval_full_contrast_ids_v1/class_ap.txt
DIOR,contrast,B_REG,43,ema,ship,0.676,printed class_ap.txt (typically 3 decimals),,,complete,/home/zechuan/iraod_artifacts/comparison/xaf_student_quant_20260908/b_reg_runs_0e5f8f7/dior/contrast/seed_43/methods/B_REG/eval_full_contrast_ids_v1/class_ap.txt
DIOR,contrast,B_REG,43,ema,stadium,0.213,printed class_ap.txt (typically 3 decimals),,,complete,/home/zechuan/iraod_artifacts/comparison/xaf_student_quant_20260908/b_reg_runs_0e5f8f7/dior/contrast/seed_43/methods/B_REG/eval_full_contrast_ids_v1/class_ap.txt
DIOR,contrast,B_REG,43,ema,storagetank,0.463,printed class_ap.txt (typically 3 decimals),,,complete,/home/zechuan/iraod_artifacts/comparison/xaf_student_quant_20260908/b_reg_runs_0e5f8f7/dior/contrast/seed_43/methods/B_REG/eval_full_contrast_ids_v1/class_ap.txt
DIOR,contrast,B_REG,43,ema,tenniscourt,0.612,printed class_ap.txt (typically 3 decimals),,,complete,/home/zechuan/iraod_artifacts/comparison/xaf_student_quant_20260908/b_reg_runs_0e5f8f7/dior/contrast/seed_43/methods/B_REG/eval_full_contrast_ids_v1/class_ap.txt
DIOR,contrast,B_REG,43,ema,trainstation,0.085,printed class_ap.txt (typically 3 decimals),,,complete,/home/zechuan/iraod_artifacts/comparison/xaf_student_quant_20260908/b_reg_runs_0e5f8f7/dior/contrast/seed_43/methods/B_REG/eval_full_contrast_ids_v1/class_ap.txt
DIOR,contrast,B_REG,43,ema,vehicle,0.287,printed class_ap.txt (typically 3 decimals),,,complete,/home/zechuan/iraod_artifacts/comparison/xaf_student_quant_20260908/b_reg_runs_0e5f8f7/dior/contrast/seed_43/methods/B_REG/eval_full_contrast_ids_v1/class_ap.txt
DIOR,contrast,B_REG,43,ema,windmill,0.158,printed class_ap.txt (typically 3 decimals),,,complete,/home/zechuan/iraod_artifacts/comparison/xaf_student_quant_20260908/b_reg_runs_0e5f8f7/dior/contrast/seed_43/methods/B_REG/eval_full_contrast_ids_v1/class_ap.txt
DIOR,contrast,B_REG,44,ema,airplane,0.49,printed class_ap.txt (typically 3 decimals),,,complete,/home/zechuan/iraod_artifacts/comparison/xaf_student_quant_20260908/b_reg_runs_0e5f8f7/dior/contrast/seed_44/methods/B_REG/eval_full_contrast_ids_v1/class_ap.txt
DIOR,contrast,B_REG,44,ema,airport,0.007,printed class_ap.txt (typically 3 decimals),,,complete,/home/zechuan/iraod_artifacts/comparison/xaf_student_quant_20260908/b_reg_runs_0e5f8f7/dior/contrast/seed_44/methods/B_REG/eval_full_contrast_ids_v1/class_ap.txt
DIOR,contrast,B_REG,44,ema,baseballfield,0.527,printed class_ap.txt (typically 3 decimals),,,complete,/home/zechuan/iraod_artifacts/comparison/xaf_student_quant_20260908/b_reg_runs_0e5f8f7/dior/contrast/seed_44/methods/B_REG/eval_full_contrast_ids_v1/class_ap.txt
DIOR,contrast,B_REG,44,ema,basketballcourt,0.359,printed class_ap.txt (typically 3 decimals),,,complete,/home/zechuan/iraod_artifacts/comparison/xaf_student_quant_20260908/b_reg_runs_0e5f8f7/dior/contrast/seed_44/methods/B_REG/eval_full_contrast_ids_v1/class_ap.txt
DIOR,contrast,B_REG,44,ema,bridge,0.072,printed class_ap.txt (typically 3 decimals),,,complete,/home/zechuan/iraod_artifacts/comparison/xaf_student_quant_20260908/b_reg_runs_0e5f8f7/dior/contrast/seed_44/methods/B_REG/eval_full_contrast_ids_v1/class_ap.txt
DIOR,contrast,B_REG,44,ema,chimney,0.391,printed class_ap.txt (typically 3 decimals),,,complete,/home/zechuan/iraod_artifacts/comparison/xaf_student_quant_20260908/b_reg_runs_0e5f8f7/dior/contrast/seed_44/methods/B_REG/eval_full_contrast_ids_v1/class_ap.txt
DIOR,contrast,B_REG,44,ema,expressway-service-area,0.249,printed class_ap.txt (typically 3 decimals),,,complete,/home/zechuan/iraod_artifacts/comparison/xaf_student_quant_20260908/b_reg_runs_0e5f8f7/dior/contrast/seed_44/methods/B_REG/eval_full_contrast_ids_v1/class_ap.txt
DIOR,contrast,B_REG,44,ema,expressway-toll-station,0.206,printed class_ap.txt (typically 3 decimals),,,complete,/home/zechuan/iraod_artifacts/comparison/xaf_student_quant_20260908/b_reg_runs_0e5f8f7/dior/contrast/seed_44/methods/B_REG/eval_full_contrast_ids_v1/class_ap.txt
DIOR,contrast,B_REG,44,ema,dam,0.091,printed class_ap.txt (typically 3 decimals),,,complete,/home/zechuan/iraod_artifacts/comparison/xaf_student_quant_20260908/b_reg_runs_0e5f8f7/dior/contrast/seed_44/methods/B_REG/eval_full_contrast_ids_v1/class_ap.txt
DIOR,contrast,B_REG,44,ema,golffield,0.23,printed class_ap.txt (typically 3 decimals),,,complete,/home/zechuan/iraod_artifacts/comparison/xaf_student_quant_20260908/b_reg_runs_0e5f8f7/dior/contrast/seed_44/methods/B_REG/eval_full_contrast_ids_v1/class_ap.txt
DIOR,contrast,B_REG,44,ema,groundtrackfield,0.235,printed class_ap.txt (typically 3 decimals),,,complete,/home/zechuan/iraod_artifacts/comparison/xaf_student_quant_20260908/b_reg_runs_0e5f8f7/dior/contrast/seed_44/methods/B_REG/eval_full_contrast_ids_v1/class_ap.txt
DIOR,contrast,B_REG,44,ema,harbor,0.12,printed class_ap.txt (typically 3 decimals),,,complete,/home/zechuan/iraod_artifacts/comparison/xaf_student_quant_20260908/b_reg_runs_0e5f8f7/dior/contrast/seed_44/methods/B_REG/eval_full_contrast_ids_v1/class_ap.txt
DIOR,contrast,B_REG,44,ema,overpass,0.161,printed class_ap.txt (typically 3 decimals),,,complete,/home/zechuan/iraod_artifacts/comparison/xaf_student_quant_20260908/b_reg_runs_0e5f8f7/dior/contrast/seed_44/methods/B_REG/eval_full_contrast_ids_v1/class_ap.txt
DIOR,contrast,B_REG,44,ema,ship,0.678,printed class_ap.txt (typically 3 decimals),,,complete,/home/zechuan/iraod_artifacts/comparison/xaf_student_quant_20260908/b_reg_runs_0e5f8f7/dior/contrast/seed_44/methods/B_REG/eval_full_contrast_ids_v1/class_ap.txt
DIOR,contrast,B_REG,44,ema,stadium,0.217,printed class_ap.txt (typically 3 decimals),,,complete,/home/zechuan/iraod_artifacts/comparison/xaf_student_quant_20260908/b_reg_runs_0e5f8f7/dior/contrast/seed_44/methods/B_REG/eval_full_contrast_ids_v1/class_ap.txt
DIOR,contrast,B_REG,44,ema,storagetank,0.463,printed class_ap.txt (typically 3 decimals),,,complete,/home/zechuan/iraod_artifacts/comparison/xaf_student_quant_20260908/b_reg_runs_0e5f8f7/dior/contrast/seed_44/methods/B_REG/eval_full_contrast_ids_v1/class_ap.txt
DIOR,contrast,B_REG,44,ema,tenniscourt,0.613,printed class_ap.txt (typically 3 decimals),,,complete,/home/zechuan/iraod_artifacts/comparison/xaf_student_quant_20260908/b_reg_runs_0e5f8f7/dior/contrast/seed_44/methods/B_REG/eval_full_contrast_ids_v1/class_ap.txt
DIOR,contrast,B_REG,44,ema,trainstation,0.085,printed class_ap.txt (typically 3 decimals),,,complete,/home/zechuan/iraod_artifacts/comparison/xaf_student_quant_20260908/b_reg_runs_0e5f8f7/dior/contrast/seed_44/methods/B_REG/eval_full_contrast_ids_v1/class_ap.txt
DIOR,contrast,B_REG,44,ema,vehicle,0.288,printed class_ap.txt (typically 3 decimals),,,complete,/home/zechuan/iraod_artifacts/comparison/xaf_student_quant_20260908/b_reg_runs_0e5f8f7/dior/contrast/seed_44/methods/B_REG/eval_full_contrast_ids_v1/class_ap.txt
DIOR,contrast,B_REG,44,ema,windmill,0.157,printed class_ap.txt (typically 3 decimals),,,complete,/home/zechuan/iraod_artifacts/comparison/xaf_student_quant_20260908/b_reg_runs_0e5f8f7/dior/contrast/seed_44/methods/B_REG/eval_full_contrast_ids_v1/class_ap.txt
DIOR,contrast,F_text_only,42,ema,airplane,0.477,printed class_ap.txt (typically 3 decimals),,,complete,/home/zechuan/iraod_artifacts/comparison/xaf_student_quant_20260908/f_deletion_runs_daa3992/dior/contrast/seed_42/methods/F_text_only/ddp2/eval_full_contrast_ids_v1/class_ap.txt
DIOR,contrast,F_text_only,42,ema,airport,0.006,printed class_ap.txt (typically 3 decimals),,,complete,/home/zechuan/iraod_artifacts/comparison/xaf_student_quant_20260908/f_deletion_runs_daa3992/dior/contrast/seed_42/methods/F_text_only/ddp2/eval_full_contrast_ids_v1/class_ap.txt
DIOR,contrast,F_text_only,42,ema,baseballfield,0.523,printed class_ap.txt (typically 3 decimals),,,complete,/home/zechuan/iraod_artifacts/comparison/xaf_student_quant_20260908/f_deletion_runs_daa3992/dior/contrast/seed_42/methods/F_text_only/ddp2/eval_full_contrast_ids_v1/class_ap.txt
DIOR,contrast,F_text_only,42,ema,basketballcourt,0.357,printed class_ap.txt (typically 3 decimals),,,complete,/home/zechuan/iraod_artifacts/comparison/xaf_student_quant_20260908/f_deletion_runs_daa3992/dior/contrast/seed_42/methods/F_text_only/ddp2/eval_full_contrast_ids_v1/class_ap.txt
DIOR,contrast,F_text_only,42,ema,bridge,0.111,printed class_ap.txt (typically 3 decimals),,,complete,/home/zechuan/iraod_artifacts/comparison/xaf_student_quant_20260908/f_deletion_runs_daa3992/dior/contrast/seed_42/methods/F_text_only/ddp2/eval_full_contrast_ids_v1/class_ap.txt
DIOR,contrast,F_text_only,42,ema,chimney,0.379,printed class_ap.txt (typically 3 decimals),,,complete,/home/zechuan/iraod_artifacts/comparison/xaf_student_quant_20260908/f_deletion_runs_daa3992/dior/contrast/seed_42/methods/F_text_only/ddp2/eval_full_contrast_ids_v1/class_ap.txt
DIOR,contrast,F_text_only,42,ema,expressway-service-area,0.24,printed class_ap.txt (typically 3 decimals),,,complete,/home/zechuan/iraod_artifacts/comparison/xaf_student_quant_20260908/f_deletion_runs_daa3992/dior/contrast/seed_42/methods/F_text_only/ddp2/eval_full_contrast_ids_v1/class_ap.txt
DIOR,contrast,F_text_only,42,ema,expressway-toll-station,0.191,printed class_ap.txt (typically 3 decimals),,,complete,/home/zechuan/iraod_artifacts/comparison/xaf_student_quant_20260908/f_deletion_runs_daa3992/dior/contrast/seed_42/methods/F_text_only/ddp2/eval_full_contrast_ids_v1/class_ap.txt
DIOR,contrast,F_text_only,42,ema,dam,0.091,printed class_ap.txt (typically 3 decimals),,,complete,/home/zechuan/iraod_artifacts/comparison/xaf_student_quant_20260908/f_deletion_runs_daa3992/dior/contrast/seed_42/methods/F_text_only/ddp2/eval_full_contrast_ids_v1/class_ap.txt
DIOR,contrast,F_text_only,42,ema,golffield,0.224,printed class_ap.txt (typically 3 decimals),,,complete,/home/zechuan/iraod_artifacts/comparison/xaf_student_quant_20260908/f_deletion_runs_daa3992/dior/contrast/seed_42/methods/F_text_only/ddp2/eval_full_contrast_ids_v1/class_ap.txt
DIOR,contrast,F_text_only,42,ema,groundtrackfield,0.237,printed class_ap.txt (typically 3 decimals),,,complete,/home/zechuan/iraod_artifacts/comparison/xaf_student_quant_20260908/f_deletion_runs_daa3992/dior/contrast/seed_42/methods/F_text_only/ddp2/eval_full_contrast_ids_v1/class_ap.txt
DIOR,contrast,F_text_only,42,ema,harbor,0.119,printed class_ap.txt (typically 3 decimals),,,complete,/home/zechuan/iraod_artifacts/comparison/xaf_student_quant_20260908/f_deletion_runs_daa3992/dior/contrast/seed_42/methods/F_text_only/ddp2/eval_full_contrast_ids_v1/class_ap.txt
DIOR,contrast,F_text_only,42,ema,overpass,0.167,printed class_ap.txt (typically 3 decimals),,,complete,/home/zechuan/iraod_artifacts/comparison/xaf_student_quant_20260908/f_deletion_runs_daa3992/dior/contrast/seed_42/methods/F_text_only/ddp2/eval_full_contrast_ids_v1/class_ap.txt
DIOR,contrast,F_text_only,42,ema,ship,0.671,printed class_ap.txt (typically 3 decimals),,,complete,/home/zechuan/iraod_artifacts/comparison/xaf_student_quant_20260908/f_deletion_runs_daa3992/dior/contrast/seed_42/methods/F_text_only/ddp2/eval_full_contrast_ids_v1/class_ap.txt
DIOR,contrast,F_text_only,42,ema,stadium,0.221,printed class_ap.txt (typically 3 decimals),,,complete,/home/zechuan/iraod_artifacts/comparison/xaf_student_quant_20260908/f_deletion_runs_daa3992/dior/contrast/seed_42/methods/F_text_only/ddp2/eval_full_contrast_ids_v1/class_ap.txt
DIOR,contrast,F_text_only,42,ema,storagetank,0.458,printed class_ap.txt (typically 3 decimals),,,complete,/home/zechuan/iraod_artifacts/comparison/xaf_student_quant_20260908/f_deletion_runs_daa3992/dior/contrast/seed_42/methods/F_text_only/ddp2/eval_full_contrast_ids_v1/class_ap.txt
DIOR,contrast,F_text_only,42,ema,tenniscourt,0.612,printed class_ap.txt (typically 3 decimals),,,complete,/home/zechuan/iraod_artifacts/comparison/xaf_student_quant_20260908/f_deletion_runs_daa3992/dior/contrast/seed_42/methods/F_text_only/ddp2/eval_full_contrast_ids_v1/class_ap.txt
DIOR,contrast,F_text_only,42,ema,trainstation,0.091,printed class_ap.txt (typically 3 decimals),,,complete,/home/zechuan/iraod_artifacts/comparison/xaf_student_quant_20260908/f_deletion_runs_daa3992/dior/contrast/seed_42/methods/F_text_only/ddp2/eval_full_contrast_ids_v1/class_ap.txt
DIOR,contrast,F_text_only,42,ema,vehicle,0.283,printed class_ap.txt (typically 3 decimals),,,complete,/home/zechuan/iraod_artifacts/comparison/xaf_student_quant_20260908/f_deletion_runs_daa3992/dior/contrast/seed_42/methods/F_text_only/ddp2/eval_full_contrast_ids_v1/class_ap.txt
DIOR,contrast,F_text_only,42,ema,windmill,0.177,printed class_ap.txt (typically 3 decimals),,,complete,/home/zechuan/iraod_artifacts/comparison/xaf_student_quant_20260908/f_deletion_runs_daa3992/dior/contrast/seed_42/methods/F_text_only/ddp2/eval_full_contrast_ids_v1/class_ap.txt
DIOR,contrast,F_text_only,43,ema,airplane,0.477,printed class_ap.txt (typically 3 decimals),,,complete,/home/zechuan/iraod_artifacts/comparison/xaf_student_quant_20260908/f_deletion_runs_daa3992/dior/contrast/seed_43/methods/F_text_only/ddp2/eval_full_contrast_ids_v1/class_ap.txt
DIOR,contrast,F_text_only,43,ema,airport,0.006,printed class_ap.txt (typically 3 decimals),,,complete,/home/zechuan/iraod_artifacts/comparison/xaf_student_quant_20260908/f_deletion_runs_daa3992/dior/contrast/seed_43/methods/F_text_only/ddp2/eval_full_contrast_ids_v1/class_ap.txt
DIOR,contrast,F_text_only,43,ema,baseballfield,0.523,printed class_ap.txt (typically 3 decimals),,,complete,/home/zechuan/iraod_artifacts/comparison/xaf_student_quant_20260908/f_deletion_runs_daa3992/dior/contrast/seed_43/methods/F_text_only/ddp2/eval_full_contrast_ids_v1/class_ap.txt
DIOR,contrast,F_text_only,43,ema,basketballcourt,0.356,printed class_ap.txt (typically 3 decimals),,,complete,/home/zechuan/iraod_artifacts/comparison/xaf_student_quant_20260908/f_deletion_runs_daa3992/dior/contrast/seed_43/methods/F_text_only/ddp2/eval_full_contrast_ids_v1/class_ap.txt
DIOR,contrast,F_text_only,43,ema,bridge,0.072,printed class_ap.txt (typically 3 decimals),,,complete,/home/zechuan/iraod_artifacts/comparison/xaf_student_quant_20260908/f_deletion_runs_daa3992/dior/contrast/seed_43/methods/F_text_only/ddp2/eval_full_contrast_ids_v1/class_ap.txt
DIOR,contrast,F_text_only,43,ema,chimney,0.375,printed class_ap.txt (typically 3 decimals),,,complete,/home/zechuan/iraod_artifacts/comparison/xaf_student_quant_20260908/f_deletion_runs_daa3992/dior/contrast/seed_43/methods/F_text_only/ddp2/eval_full_contrast_ids_v1/class_ap.txt
DIOR,contrast,F_text_only,43,ema,expressway-service-area,0.237,printed class_ap.txt (typically 3 decimals),,,complete,/home/zechuan/iraod_artifacts/comparison/xaf_student_quant_20260908/f_deletion_runs_daa3992/dior/contrast/seed_43/methods/F_text_only/ddp2/eval_full_contrast_ids_v1/class_ap.txt
DIOR,contrast,F_text_only,43,ema,expressway-toll-station,0.192,printed class_ap.txt (typically 3 decimals),,,complete,/home/zechuan/iraod_artifacts/comparison/xaf_student_quant_20260908/f_deletion_runs_daa3992/dior/contrast/seed_43/methods/F_text_only/ddp2/eval_full_contrast_ids_v1/class_ap.txt
DIOR,contrast,F_text_only,43,ema,dam,0.091,printed class_ap.txt (typically 3 decimals),,,complete,/home/zechuan/iraod_artifacts/comparison/xaf_student_quant_20260908/f_deletion_runs_daa3992/dior/contrast/seed_43/methods/F_text_only/ddp2/eval_full_contrast_ids_v1/class_ap.txt
DIOR,contrast,F_text_only,43,ema,golffield,0.219,printed class_ap.txt (typically 3 decimals),,,complete,/home/zechuan/iraod_artifacts/comparison/xaf_student_quant_20260908/f_deletion_runs_daa3992/dior/contrast/seed_43/methods/F_text_only/ddp2/eval_full_contrast_ids_v1/class_ap.txt
DIOR,contrast,F_text_only,43,ema,groundtrackfield,0.236,printed class_ap.txt (typically 3 decimals),,,complete,/home/zechuan/iraod_artifacts/comparison/xaf_student_quant_20260908/f_deletion_runs_daa3992/dior/contrast/seed_43/methods/F_text_only/ddp2/eval_full_contrast_ids_v1/class_ap.txt
DIOR,contrast,F_text_only,43,ema,harbor,0.119,printed class_ap.txt (typically 3 decimals),,,complete,/home/zechuan/iraod_artifacts/comparison/xaf_student_quant_20260908/f_deletion_runs_daa3992/dior/contrast/seed_43/methods/F_text_only/ddp2/eval_full_contrast_ids_v1/class_ap.txt
DIOR,contrast,F_text_only,43,ema,overpass,0.162,printed class_ap.txt (typically 3 decimals),,,complete,/home/zechuan/iraod_artifacts/comparison/xaf_student_quant_20260908/f_deletion_runs_daa3992/dior/contrast/seed_43/methods/F_text_only/ddp2/eval_full_contrast_ids_v1/class_ap.txt
DIOR,contrast,F_text_only,43,ema,ship,0.675,printed class_ap.txt (typically 3 decimals),,,complete,/home/zechuan/iraod_artifacts/comparison/xaf_student_quant_20260908/f_deletion_runs_daa3992/dior/contrast/seed_43/methods/F_text_only/ddp2/eval_full_contrast_ids_v1/class_ap.txt
DIOR,contrast,F_text_only,43,ema,stadium,0.225,printed class_ap.txt (typically 3 decimals),,,complete,/home/zechuan/iraod_artifacts/comparison/xaf_student_quant_20260908/f_deletion_runs_daa3992/dior/contrast/seed_43/methods/F_text_only/ddp2/eval_full_contrast_ids_v1/class_ap.txt
DIOR,contrast,F_text_only,43,ema,storagetank,0.457,printed class_ap.txt (typically 3 decimals),,,complete,/home/zechuan/iraod_artifacts/comparison/xaf_student_quant_20260908/f_deletion_runs_daa3992/dior/contrast/seed_43/methods/F_text_only/ddp2/eval_full_contrast_ids_v1/class_ap.txt
DIOR,contrast,F_text_only,43,ema,tenniscourt,0.612,printed class_ap.txt (typically 3 decimals),,,complete,/home/zechuan/iraod_artifacts/comparison/xaf_student_quant_20260908/f_deletion_runs_daa3992/dior/contrast/seed_43/methods/F_text_only/ddp2/eval_full_contrast_ids_v1/class_ap.txt
DIOR,contrast,F_text_only,43,ema,trainstation,0.092,printed class_ap.txt (typically 3 decimals),,,complete,/home/zechuan/iraod_artifacts/comparison/xaf_student_quant_20260908/f_deletion_runs_daa3992/dior/contrast/seed_43/methods/F_text_only/ddp2/eval_full_contrast_ids_v1/class_ap.txt
DIOR,contrast,F_text_only,43,ema,vehicle,0.282,printed class_ap.txt (typically 3 decimals),,,complete,/home/zechuan/iraod_artifacts/comparison/xaf_student_quant_20260908/f_deletion_runs_daa3992/dior/contrast/seed_43/methods/F_text_only/ddp2/eval_full_contrast_ids_v1/class_ap.txt
DIOR,contrast,F_text_only,43,ema,windmill,0.177,printed class_ap.txt (typically 3 decimals),,,complete,/home/zechuan/iraod_artifacts/comparison/xaf_student_quant_20260908/f_deletion_runs_daa3992/dior/contrast/seed_43/methods/F_text_only/ddp2/eval_full_contrast_ids_v1/class_ap.txt
DIOR,contrast,F_text_only,44,ema,airplane,0.475,printed class_ap.txt (typically 3 decimals),,,complete,/home/zechuan/iraod_artifacts/comparison/xaf_student_quant_20260908/f_deletion_runs_daa3992/dior/contrast/seed_44/methods/F_text_only/ddp2/eval_full_contrast_ids_v1/class_ap.txt
DIOR,contrast,F_text_only,44,ema,airport,0.011,printed class_ap.txt (typically 3 decimals),,,complete,/home/zechuan/iraod_artifacts/comparison/xaf_student_quant_20260908/f_deletion_runs_daa3992/dior/contrast/seed_44/methods/F_text_only/ddp2/eval_full_contrast_ids_v1/class_ap.txt
DIOR,contrast,F_text_only,44,ema,baseballfield,0.522,printed class_ap.txt (typically 3 decimals),,,complete,/home/zechuan/iraod_artifacts/comparison/xaf_student_quant_20260908/f_deletion_runs_daa3992/dior/contrast/seed_44/methods/F_text_only/ddp2/eval_full_contrast_ids_v1/class_ap.txt
DIOR,contrast,F_text_only,44,ema,basketballcourt,0.358,printed class_ap.txt (typically 3 decimals),,,complete,/home/zechuan/iraod_artifacts/comparison/xaf_student_quant_20260908/f_deletion_runs_daa3992/dior/contrast/seed_44/methods/F_text_only/ddp2/eval_full_contrast_ids_v1/class_ap.txt
DIOR,contrast,F_text_only,44,ema,bridge,0.071,printed class_ap.txt (typically 3 decimals),,,complete,/home/zechuan/iraod_artifacts/comparison/xaf_student_quant_20260908/f_deletion_runs_daa3992/dior/contrast/seed_44/methods/F_text_only/ddp2/eval_full_contrast_ids_v1/class_ap.txt
DIOR,contrast,F_text_only,44,ema,chimney,0.378,printed class_ap.txt (typically 3 decimals),,,complete,/home/zechuan/iraod_artifacts/comparison/xaf_student_quant_20260908/f_deletion_runs_daa3992/dior/contrast/seed_44/methods/F_text_only/ddp2/eval_full_contrast_ids_v1/class_ap.txt
DIOR,contrast,F_text_only,44,ema,expressway-service-area,0.239,printed class_ap.txt (typically 3 decimals),,,complete,/home/zechuan/iraod_artifacts/comparison/xaf_student_quant_20260908/f_deletion_runs_daa3992/dior/contrast/seed_44/methods/F_text_only/ddp2/eval_full_contrast_ids_v1/class_ap.txt
DIOR,contrast,F_text_only,44,ema,expressway-toll-station,0.191,printed class_ap.txt (typically 3 decimals),,,complete,/home/zechuan/iraod_artifacts/comparison/xaf_student_quant_20260908/f_deletion_runs_daa3992/dior/contrast/seed_44/methods/F_text_only/ddp2/eval_full_contrast_ids_v1/class_ap.txt
DIOR,contrast,F_text_only,44,ema,dam,0.091,printed class_ap.txt (typically 3 decimals),,,complete,/home/zechuan/iraod_artifacts/comparison/xaf_student_quant_20260908/f_deletion_runs_daa3992/dior/contrast/seed_44/methods/F_text_only/ddp2/eval_full_contrast_ids_v1/class_ap.txt
DIOR,contrast,F_text_only,44,ema,golffield,0.221,printed class_ap.txt (typically 3 decimals),,,complete,/home/zechuan/iraod_artifacts/comparison/xaf_student_quant_20260908/f_deletion_runs_daa3992/dior/contrast/seed_44/methods/F_text_only/ddp2/eval_full_contrast_ids_v1/class_ap.txt
DIOR,contrast,F_text_only,44,ema,groundtrackfield,0.224,printed class_ap.txt (typically 3 decimals),,,complete,/home/zechuan/iraod_artifacts/comparison/xaf_student_quant_20260908/f_deletion_runs_daa3992/dior/contrast/seed_44/methods/F_text_only/ddp2/eval_full_contrast_ids_v1/class_ap.txt
DIOR,contrast,F_text_only,44,ema,harbor,0.12,printed class_ap.txt (typically 3 decimals),,,complete,/home/zechuan/iraod_artifacts/comparison/xaf_student_quant_20260908/f_deletion_runs_daa3992/dior/contrast/seed_44/methods/F_text_only/ddp2/eval_full_contrast_ids_v1/class_ap.txt
DIOR,contrast,F_text_only,44,ema,overpass,0.162,printed class_ap.txt (typically 3 decimals),,,complete,/home/zechuan/iraod_artifacts/comparison/xaf_student_quant_20260908/f_deletion_runs_daa3992/dior/contrast/seed_44/methods/F_text_only/ddp2/eval_full_contrast_ids_v1/class_ap.txt
DIOR,contrast,F_text_only,44,ema,ship,0.674,printed class_ap.txt (typically 3 decimals),,,complete,/home/zechuan/iraod_artifacts/comparison/xaf_student_quant_20260908/f_deletion_runs_daa3992/dior/contrast/seed_44/methods/F_text_only/ddp2/eval_full_contrast_ids_v1/class_ap.txt
DIOR,contrast,F_text_only,44,ema,stadium,0.217,printed class_ap.txt (typically 3 decimals),,,complete,/home/zechuan/iraod_artifacts/comparison/xaf_student_quant_20260908/f_deletion_runs_daa3992/dior/contrast/seed_44/methods/F_text_only/ddp2/eval_full_contrast_ids_v1/class_ap.txt
DIOR,contrast,F_text_only,44,ema,storagetank,0.459,printed class_ap.txt (typically 3 decimals),,,complete,/home/zechuan/iraod_artifacts/comparison/xaf_student_quant_20260908/f_deletion_runs_daa3992/dior/contrast/seed_44/methods/F_text_only/ddp2/eval_full_contrast_ids_v1/class_ap.txt
DIOR,contrast,F_text_only,44,ema,tenniscourt,0.613,printed class_ap.txt (typically 3 decimals),,,complete,/home/zechuan/iraod_artifacts/comparison/xaf_student_quant_20260908/f_deletion_runs_daa3992/dior/contrast/seed_44/methods/F_text_only/ddp2/eval_full_contrast_ids_v1/class_ap.txt
DIOR,contrast,F_text_only,44,ema,trainstation,0.09,printed class_ap.txt (typically 3 decimals),,,complete,/home/zechuan/iraod_artifacts/comparison/xaf_student_quant_20260908/f_deletion_runs_daa3992/dior/contrast/seed_44/methods/F_text_only/ddp2/eval_full_contrast_ids_v1/class_ap.txt
DIOR,contrast,F_text_only,44,ema,vehicle,0.285,printed class_ap.txt (typically 3 decimals),,,complete,/home/zechuan/iraod_artifacts/comparison/xaf_student_quant_20260908/f_deletion_runs_daa3992/dior/contrast/seed_44/methods/F_text_only/ddp2/eval_full_contrast_ids_v1/class_ap.txt
DIOR,contrast,F_text_only,44,ema,windmill,0.176,printed class_ap.txt (typically 3 decimals),,,complete,/home/zechuan/iraod_artifacts/comparison/xaf_student_quant_20260908/f_deletion_runs_daa3992/dior/contrast/seed_44/methods/F_text_only/ddp2/eval_full_contrast_ids_v1/class_ap.txt
DIOR,contrast,F_veto_only,42,ema,airplane,0.489,printed class_ap.txt (typically 3 decimals),,,complete,/home/zechuan/iraod_artifacts/comparison/xaf_student_quant_20260908/f_deletion_runs_daa3992/dior/contrast/seed_42/methods/F_veto_only/ddp2/eval_full_contrast_ids_v1/class_ap.txt
DIOR,contrast,F_veto_only,42,ema,airport,0.011,printed class_ap.txt (typically 3 decimals),,,complete,/home/zechuan/iraod_artifacts/comparison/xaf_student_quant_20260908/f_deletion_runs_daa3992/dior/contrast/seed_42/methods/F_veto_only/ddp2/eval_full_contrast_ids_v1/class_ap.txt
DIOR,contrast,F_veto_only,42,ema,baseballfield,0.525,printed class_ap.txt (typically 3 decimals),,,complete,/home/zechuan/iraod_artifacts/comparison/xaf_student_quant_20260908/f_deletion_runs_daa3992/dior/contrast/seed_42/methods/F_veto_only/ddp2/eval_full_contrast_ids_v1/class_ap.txt
DIOR,contrast,F_veto_only,42,ema,basketballcourt,0.357,printed class_ap.txt (typically 3 decimals),,,complete,/home/zechuan/iraod_artifacts/comparison/xaf_student_quant_20260908/f_deletion_runs_daa3992/dior/contrast/seed_42/methods/F_veto_only/ddp2/eval_full_contrast_ids_v1/class_ap.txt
DIOR,contrast,F_veto_only,42,ema,bridge,0.111,printed class_ap.txt (typically 3 decimals),,,complete,/home/zechuan/iraod_artifacts/comparison/xaf_student_quant_20260908/f_deletion_runs_daa3992/dior/contrast/seed_42/methods/F_veto_only/ddp2/eval_full_contrast_ids_v1/class_ap.txt
DIOR,contrast,F_veto_only,42,ema,chimney,0.39,printed class_ap.txt (typically 3 decimals),,,complete,/home/zechuan/iraod_artifacts/comparison/xaf_student_quant_20260908/f_deletion_runs_daa3992/dior/contrast/seed_42/methods/F_veto_only/ddp2/eval_full_contrast_ids_v1/class_ap.txt
DIOR,contrast,F_veto_only,42,ema,expressway-service-area,0.239,printed class_ap.txt (typically 3 decimals),,,complete,/home/zechuan/iraod_artifacts/comparison/xaf_student_quant_20260908/f_deletion_runs_daa3992/dior/contrast/seed_42/methods/F_veto_only/ddp2/eval_full_contrast_ids_v1/class_ap.txt
DIOR,contrast,F_veto_only,42,ema,expressway-toll-station,0.202,printed class_ap.txt (typically 3 decimals),,,complete,/home/zechuan/iraod_artifacts/comparison/xaf_student_quant_20260908/f_deletion_runs_daa3992/dior/contrast/seed_42/methods/F_veto_only/ddp2/eval_full_contrast_ids_v1/class_ap.txt
DIOR,contrast,F_veto_only,42,ema,dam,0.091,printed class_ap.txt (typically 3 decimals),,,complete,/home/zechuan/iraod_artifacts/comparison/xaf_student_quant_20260908/f_deletion_runs_daa3992/dior/contrast/seed_42/methods/F_veto_only/ddp2/eval_full_contrast_ids_v1/class_ap.txt
DIOR,contrast,F_veto_only,42,ema,golffield,0.235,printed class_ap.txt (typically 3 decimals),,,complete,/home/zechuan/iraod_artifacts/comparison/xaf_student_quant_20260908/f_deletion_runs_daa3992/dior/contrast/seed_42/methods/F_veto_only/ddp2/eval_full_contrast_ids_v1/class_ap.txt
DIOR,contrast,F_veto_only,42,ema,groundtrackfield,0.223,printed class_ap.txt (typically 3 decimals),,,complete,/home/zechuan/iraod_artifacts/comparison/xaf_student_quant_20260908/f_deletion_runs_daa3992/dior/contrast/seed_42/methods/F_veto_only/ddp2/eval_full_contrast_ids_v1/class_ap.txt
DIOR,contrast,F_veto_only,42,ema,harbor,0.133,printed class_ap.txt (typically 3 decimals),,,complete,/home/zechuan/iraod_artifacts/comparison/xaf_student_quant_20260908/f_deletion_runs_daa3992/dior/contrast/seed_42/methods/F_veto_only/ddp2/eval_full_contrast_ids_v1/class_ap.txt
DIOR,contrast,F_veto_only,42,ema,overpass,0.163,printed class_ap.txt (typically 3 decimals),,,complete,/home/zechuan/iraod_artifacts/comparison/xaf_student_quant_20260908/f_deletion_runs_daa3992/dior/contrast/seed_42/methods/F_veto_only/ddp2/eval_full_contrast_ids_v1/class_ap.txt
DIOR,contrast,F_veto_only,42,ema,ship,0.675,printed class_ap.txt (typically 3 decimals),,,complete,/home/zechuan/iraod_artifacts/comparison/xaf_student_quant_20260908/f_deletion_runs_daa3992/dior/contrast/seed_42/methods/F_veto_only/ddp2/eval_full_contrast_ids_v1/class_ap.txt
DIOR,contrast,F_veto_only,42,ema,stadium,0.223,printed class_ap.txt (typically 3 decimals),,,complete,/home/zechuan/iraod_artifacts/comparison/xaf_student_quant_20260908/f_deletion_runs_daa3992/dior/contrast/seed_42/methods/F_veto_only/ddp2/eval_full_contrast_ids_v1/class_ap.txt
DIOR,contrast,F_veto_only,42,ema,storagetank,0.461,printed class_ap.txt (typically 3 decimals),,,complete,/home/zechuan/iraod_artifacts/comparison/xaf_student_quant_20260908/f_deletion_runs_daa3992/dior/contrast/seed_42/methods/F_veto_only/ddp2/eval_full_contrast_ids_v1/class_ap.txt
DIOR,contrast,F_veto_only,42,ema,tenniscourt,0.611,printed class_ap.txt (typically 3 decimals),,,complete,/home/zechuan/iraod_artifacts/comparison/xaf_student_quant_20260908/f_deletion_runs_daa3992/dior/contrast/seed_42/methods/F_veto_only/ddp2/eval_full_contrast_ids_v1/class_ap.txt
DIOR,contrast,F_veto_only,42,ema,trainstation,0.095,printed class_ap.txt (typically 3 decimals),,,complete,/home/zechuan/iraod_artifacts/comparison/xaf_student_quant_20260908/f_deletion_runs_daa3992/dior/contrast/seed_42/methods/F_veto_only/ddp2/eval_full_contrast_ids_v1/class_ap.txt
DIOR,contrast,F_veto_only,42,ema,vehicle,0.286,printed class_ap.txt (typically 3 decimals),,,complete,/home/zechuan/iraod_artifacts/comparison/xaf_student_quant_20260908/f_deletion_runs_daa3992/dior/contrast/seed_42/methods/F_veto_only/ddp2/eval_full_contrast_ids_v1/class_ap.txt
DIOR,contrast,F_veto_only,42,ema,windmill,0.18,printed class_ap.txt (typically 3 decimals),,,complete,/home/zechuan/iraod_artifacts/comparison/xaf_student_quant_20260908/f_deletion_runs_daa3992/dior/contrast/seed_42/methods/F_veto_only/ddp2/eval_full_contrast_ids_v1/class_ap.txt
DIOR,contrast,F_veto_only,43,ema,airplane,0.489,printed class_ap.txt (typically 3 decimals),,,complete,/home/zechuan/iraod_artifacts/comparison/xaf_student_quant_20260908/f_deletion_runs_daa3992/dior/contrast/seed_43/methods/F_veto_only/ddp2/eval_full_contrast_ids_v1/class_ap.txt
DIOR,contrast,F_veto_only,43,ema,airport,0.011,printed class_ap.txt (typically 3 decimals),,,complete,/home/zechuan/iraod_artifacts/comparison/xaf_student_quant_20260908/f_deletion_runs_daa3992/dior/contrast/seed_43/methods/F_veto_only/ddp2/eval_full_contrast_ids_v1/class_ap.txt
DIOR,contrast,F_veto_only,43,ema,baseballfield,0.525,printed class_ap.txt (typically 3 decimals),,,complete,/home/zechuan/iraod_artifacts/comparison/xaf_student_quant_20260908/f_deletion_runs_daa3992/dior/contrast/seed_43/methods/F_veto_only/ddp2/eval_full_contrast_ids_v1/class_ap.txt
DIOR,contrast,F_veto_only,43,ema,basketballcourt,0.356,printed class_ap.txt (typically 3 decimals),,,complete,/home/zechuan/iraod_artifacts/comparison/xaf_student_quant_20260908/f_deletion_runs_daa3992/dior/contrast/seed_43/methods/F_veto_only/ddp2/eval_full_contrast_ids_v1/class_ap.txt
DIOR,contrast,F_veto_only,43,ema,bridge,0.113,printed class_ap.txt (typically 3 decimals),,,complete,/home/zechuan/iraod_artifacts/comparison/xaf_student_quant_20260908/f_deletion_runs_daa3992/dior/contrast/seed_43/methods/F_veto_only/ddp2/eval_full_contrast_ids_v1/class_ap.txt
DIOR,contrast,F_veto_only,43,ema,chimney,0.393,printed class_ap.txt (typically 3 decimals),,,complete,/home/zechuan/iraod_artifacts/comparison/xaf_student_quant_20260908/f_deletion_runs_daa3992/dior/contrast/seed_43/methods/F_veto_only/ddp2/eval_full_contrast_ids_v1/class_ap.txt
DIOR,contrast,F_veto_only,43,ema,expressway-service-area,0.241,printed class_ap.txt (typically 3 decimals),,,complete,/home/zechuan/iraod_artifacts/comparison/xaf_student_quant_20260908/f_deletion_runs_daa3992/dior/contrast/seed_43/methods/F_veto_only/ddp2/eval_full_contrast_ids_v1/class_ap.txt
DIOR,contrast,F_veto_only,43,ema,expressway-toll-station,0.196,printed class_ap.txt (typically 3 decimals),,,complete,/home/zechuan/iraod_artifacts/comparison/xaf_student_quant_20260908/f_deletion_runs_daa3992/dior/contrast/seed_43/methods/F_veto_only/ddp2/eval_full_contrast_ids_v1/class_ap.txt
DIOR,contrast,F_veto_only,43,ema,dam,0.091,printed class_ap.txt (typically 3 decimals),,,complete,/home/zechuan/iraod_artifacts/comparison/xaf_student_quant_20260908/f_deletion_runs_daa3992/dior/contrast/seed_43/methods/F_veto_only/ddp2/eval_full_contrast_ids_v1/class_ap.txt
DIOR,contrast,F_veto_only,43,ema,golffield,0.237,printed class_ap.txt (typically 3 decimals),,,complete,/home/zechuan/iraod_artifacts/comparison/xaf_student_quant_20260908/f_deletion_runs_daa3992/dior/contrast/seed_43/methods/F_veto_only/ddp2/eval_full_contrast_ids_v1/class_ap.txt
DIOR,contrast,F_veto_only,43,ema,groundtrackfield,0.231,printed class_ap.txt (typically 3 decimals),,,complete,/home/zechuan/iraod_artifacts/comparison/xaf_student_quant_20260908/f_deletion_runs_daa3992/dior/contrast/seed_43/methods/F_veto_only/ddp2/eval_full_contrast_ids_v1/class_ap.txt
DIOR,contrast,F_veto_only,43,ema,harbor,0.134,printed class_ap.txt (typically 3 decimals),,,complete,/home/zechuan/iraod_artifacts/comparison/xaf_student_quant_20260908/f_deletion_runs_daa3992/dior/contrast/seed_43/methods/F_veto_only/ddp2/eval_full_contrast_ids_v1/class_ap.txt
DIOR,contrast,F_veto_only,43,ema,overpass,0.163,printed class_ap.txt (typically 3 decimals),,,complete,/home/zechuan/iraod_artifacts/comparison/xaf_student_quant_20260908/f_deletion_runs_daa3992/dior/contrast/seed_43/methods/F_veto_only/ddp2/eval_full_contrast_ids_v1/class_ap.txt
DIOR,contrast,F_veto_only,43,ema,ship,0.676,printed class_ap.txt (typically 3 decimals),,,complete,/home/zechuan/iraod_artifacts/comparison/xaf_student_quant_20260908/f_deletion_runs_daa3992/dior/contrast/seed_43/methods/F_veto_only/ddp2/eval_full_contrast_ids_v1/class_ap.txt
DIOR,contrast,F_veto_only,43,ema,stadium,0.225,printed class_ap.txt (typically 3 decimals),,,complete,/home/zechuan/iraod_artifacts/comparison/xaf_student_quant_20260908/f_deletion_runs_daa3992/dior/contrast/seed_43/methods/F_veto_only/ddp2/eval_full_contrast_ids_v1/class_ap.txt
DIOR,contrast,F_veto_only,43,ema,storagetank,0.462,printed class_ap.txt (typically 3 decimals),,,complete,/home/zechuan/iraod_artifacts/comparison/xaf_student_quant_20260908/f_deletion_runs_daa3992/dior/contrast/seed_43/methods/F_veto_only/ddp2/eval_full_contrast_ids_v1/class_ap.txt
DIOR,contrast,F_veto_only,43,ema,tenniscourt,0.612,printed class_ap.txt (typically 3 decimals),,,complete,/home/zechuan/iraod_artifacts/comparison/xaf_student_quant_20260908/f_deletion_runs_daa3992/dior/contrast/seed_43/methods/F_veto_only/ddp2/eval_full_contrast_ids_v1/class_ap.txt
DIOR,contrast,F_veto_only,43,ema,trainstation,0.079,printed class_ap.txt (typically 3 decimals),,,complete,/home/zechuan/iraod_artifacts/comparison/xaf_student_quant_20260908/f_deletion_runs_daa3992/dior/contrast/seed_43/methods/F_veto_only/ddp2/eval_full_contrast_ids_v1/class_ap.txt
DIOR,contrast,F_veto_only,43,ema,vehicle,0.287,printed class_ap.txt (typically 3 decimals),,,complete,/home/zechuan/iraod_artifacts/comparison/xaf_student_quant_20260908/f_deletion_runs_daa3992/dior/contrast/seed_43/methods/F_veto_only/ddp2/eval_full_contrast_ids_v1/class_ap.txt
DIOR,contrast,F_veto_only,43,ema,windmill,0.178,printed class_ap.txt (typically 3 decimals),,,complete,/home/zechuan/iraod_artifacts/comparison/xaf_student_quant_20260908/f_deletion_runs_daa3992/dior/contrast/seed_43/methods/F_veto_only/ddp2/eval_full_contrast_ids_v1/class_ap.txt
DIOR,contrast,F_veto_only,44,ema,airplane,0.49,printed class_ap.txt (typically 3 decimals),,,complete,/home/zechuan/iraod_artifacts/comparison/xaf_student_quant_20260908/f_deletion_runs_daa3992/dior/contrast/seed_44/methods/F_veto_only/ddp2/eval_full_contrast_ids_v1/class_ap.txt
DIOR,contrast,F_veto_only,44,ema,airport,0.011,printed class_ap.txt (typically 3 decimals),,,complete,/home/zechuan/iraod_artifacts/comparison/xaf_student_quant_20260908/f_deletion_runs_daa3992/dior/contrast/seed_44/methods/F_veto_only/ddp2/eval_full_contrast_ids_v1/class_ap.txt
DIOR,contrast,F_veto_only,44,ema,baseballfield,0.524,printed class_ap.txt (typically 3 decimals),,,complete,/home/zechuan/iraod_artifacts/comparison/xaf_student_quant_20260908/f_deletion_runs_daa3992/dior/contrast/seed_44/methods/F_veto_only/ddp2/eval_full_contrast_ids_v1/class_ap.txt
DIOR,contrast,F_veto_only,44,ema,basketballcourt,0.363,printed class_ap.txt (typically 3 decimals),,,complete,/home/zechuan/iraod_artifacts/comparison/xaf_student_quant_20260908/f_deletion_runs_daa3992/dior/contrast/seed_44/methods/F_veto_only/ddp2/eval_full_contrast_ids_v1/class_ap.txt
DIOR,contrast,F_veto_only,44,ema,bridge,0.114,printed class_ap.txt (typically 3 decimals),,,complete,/home/zechuan/iraod_artifacts/comparison/xaf_student_quant_20260908/f_deletion_runs_daa3992/dior/contrast/seed_44/methods/F_veto_only/ddp2/eval_full_contrast_ids_v1/class_ap.txt
DIOR,contrast,F_veto_only,44,ema,chimney,0.391,printed class_ap.txt (typically 3 decimals),,,complete,/home/zechuan/iraod_artifacts/comparison/xaf_student_quant_20260908/f_deletion_runs_daa3992/dior/contrast/seed_44/methods/F_veto_only/ddp2/eval_full_contrast_ids_v1/class_ap.txt
DIOR,contrast,F_veto_only,44,ema,expressway-service-area,0.239,printed class_ap.txt (typically 3 decimals),,,complete,/home/zechuan/iraod_artifacts/comparison/xaf_student_quant_20260908/f_deletion_runs_daa3992/dior/contrast/seed_44/methods/F_veto_only/ddp2/eval_full_contrast_ids_v1/class_ap.txt
DIOR,contrast,F_veto_only,44,ema,expressway-toll-station,0.197,printed class_ap.txt (typically 3 decimals),,,complete,/home/zechuan/iraod_artifacts/comparison/xaf_student_quant_20260908/f_deletion_runs_daa3992/dior/contrast/seed_44/methods/F_veto_only/ddp2/eval_full_contrast_ids_v1/class_ap.txt
DIOR,contrast,F_veto_only,44,ema,dam,0.091,printed class_ap.txt (typically 3 decimals),,,complete,/home/zechuan/iraod_artifacts/comparison/xaf_student_quant_20260908/f_deletion_runs_daa3992/dior/contrast/seed_44/methods/F_veto_only/ddp2/eval_full_contrast_ids_v1/class_ap.txt
DIOR,contrast,F_veto_only,44,ema,golffield,0.238,printed class_ap.txt (typically 3 decimals),,,complete,/home/zechuan/iraod_artifacts/comparison/xaf_student_quant_20260908/f_deletion_runs_daa3992/dior/contrast/seed_44/methods/F_veto_only/ddp2/eval_full_contrast_ids_v1/class_ap.txt
DIOR,contrast,F_veto_only,44,ema,groundtrackfield,0.232,printed class_ap.txt (typically 3 decimals),,,complete,/home/zechuan/iraod_artifacts/comparison/xaf_student_quant_20260908/f_deletion_runs_daa3992/dior/contrast/seed_44/methods/F_veto_only/ddp2/eval_full_contrast_ids_v1/class_ap.txt
DIOR,contrast,F_veto_only,44,ema,harbor,0.134,printed class_ap.txt (typically 3 decimals),,,complete,/home/zechuan/iraod_artifacts/comparison/xaf_student_quant_20260908/f_deletion_runs_daa3992/dior/contrast/seed_44/methods/F_veto_only/ddp2/eval_full_contrast_ids_v1/class_ap.txt
DIOR,contrast,F_veto_only,44,ema,overpass,0.162,printed class_ap.txt (typically 3 decimals),,,complete,/home/zechuan/iraod_artifacts/comparison/xaf_student_quant_20260908/f_deletion_runs_daa3992/dior/contrast/seed_44/methods/F_veto_only/ddp2/eval_full_contrast_ids_v1/class_ap.txt
DIOR,contrast,F_veto_only,44,ema,ship,0.677,printed class_ap.txt (typically 3 decimals),,,complete,/home/zechuan/iraod_artifacts/comparison/xaf_student_quant_20260908/f_deletion_runs_daa3992/dior/contrast/seed_44/methods/F_veto_only/ddp2/eval_full_contrast_ids_v1/class_ap.txt
DIOR,contrast,F_veto_only,44,ema,stadium,0.221,printed class_ap.txt (typically 3 decimals),,,complete,/home/zechuan/iraod_artifacts/comparison/xaf_student_quant_20260908/f_deletion_runs_daa3992/dior/contrast/seed_44/methods/F_veto_only/ddp2/eval_full_contrast_ids_v1/class_ap.txt
DIOR,contrast,F_veto_only,44,ema,storagetank,0.461,printed class_ap.txt (typically 3 decimals),,,complete,/home/zechuan/iraod_artifacts/comparison/xaf_student_quant_20260908/f_deletion_runs_daa3992/dior/contrast/seed_44/methods/F_veto_only/ddp2/eval_full_contrast_ids_v1/class_ap.txt
DIOR,contrast,F_veto_only,44,ema,tenniscourt,0.611,printed class_ap.txt (typically 3 decimals),,,complete,/home/zechuan/iraod_artifacts/comparison/xaf_student_quant_20260908/f_deletion_runs_daa3992/dior/contrast/seed_44/methods/F_veto_only/ddp2/eval_full_contrast_ids_v1/class_ap.txt
DIOR,contrast,F_veto_only,44,ema,trainstation,0.075,printed class_ap.txt (typically 3 decimals),,,complete,/home/zechuan/iraod_artifacts/comparison/xaf_student_quant_20260908/f_deletion_runs_daa3992/dior/contrast/seed_44/methods/F_veto_only/ddp2/eval_full_contrast_ids_v1/class_ap.txt
DIOR,contrast,F_veto_only,44,ema,vehicle,0.288,printed class_ap.txt (typically 3 decimals),,,complete,/home/zechuan/iraod_artifacts/comparison/xaf_student_quant_20260908/f_deletion_runs_daa3992/dior/contrast/seed_44/methods/F_veto_only/ddp2/eval_full_contrast_ids_v1/class_ap.txt
DIOR,contrast,F_veto_only,44,ema,windmill,0.178,printed class_ap.txt (typically 3 decimals),,,complete,/home/zechuan/iraod_artifacts/comparison/xaf_student_quant_20260908/f_deletion_runs_daa3992/dior/contrast/seed_44/methods/F_veto_only/ddp2/eval_full_contrast_ids_v1/class_ap.txt
