dataset,domain,method,seed,role,eval_dir,eval_json,prediction_image_ids,config,status,mAP50,eval_mAP50,problems,n_predictions,n_post_nms_detections,checkpoint,source_id,gpu_provenance,eval_status,class_ap,predictions,pred_count,training_code_sha,evaluation_code_sha,recorded_training_code_sha,effective_training_code_sha,actual_source_producer_sha,producer_metadata_status,producer_metadata_correction,historical_mAP50,historical_file,comparison_group,binding_file,native_execution,collection_problems
RSAR,clean,A,42,source,/home/zechuan/iraod_artifacts/comparison/rsar/clean/seed_42/0f98a48/methods/A/eval_full_clean_ids_v1,/home/zechuan/iraod_artifacts/comparison/rsar/clean/seed_42/0f98a48/methods/A/eval_full_clean_ids_v1/eval_20260907_053721.json,/home/zechuan/iraod_artifacts/comparison/rsar/clean/seed_42/0f98a48/methods/A/eval_full_clean_ids_v1/predictions.pkl.image_ids.json,/mnt/SSD2_8TB/zechuan/IRAOD-New-rc331d213/configs/baseline/oriented_rcnn_orthonet_rsar.py,complete,0.5313997864723206,0.5313997864723206,[],8538,59554,/home/zechuan/iraod_artifacts/rsar_source/seed42-orthonet-ddp4-gpu4567-spg16-gbs64/train/epoch_100.pth,e489f015cc2b67926a415436c97532ff814f826c4861b659cbc712fb9413b98c,,/home/zechuan/iraod_artifacts/comparison/rsar/clean/seed_42/0f98a48/methods/A/eval_full_clean_ids_v1/eval_status,/home/zechuan/iraod_artifacts/comparison/rsar/clean/seed_42/0f98a48/methods/A/eval_full_clean_ids_v1/class_ap.txt,/home/zechuan/iraod_artifacts/comparison/rsar/clean/seed_42/0f98a48/methods/A/eval_full_clean_ids_v1/predictions.pkl,/home/zechuan/iraod_artifacts/comparison/rsar/clean/seed_42/0f98a48/methods/A/eval_full_clean_ids_v1/pred_count.txt,0f98a48b539f9260055fc305784ffbc924f50451,331d2131b84651f0a2930a3d53faeefad8701531,0f98a48b539f9260055fc305784ffbc924f50451,b474aaa5f7718746215ce13beceb071617bb823e,b474aaa5f7718746215ce13beceb071617bb823e,source_producer_corrected_in_report,"{""dataset"": ""RSAR"", ""domain"": ""clean"", ""method"": ""A"", ""seed"": 42, ""role"": ""source"", ""field"": ""training_code_sha"", ""recorded"": ""0f98a48b539f9260055fc305784ffbc924f50451"", ""actual"": ""b474aaa5f7718746215ce13beceb071617bb823e"", ""source_checkpoint"": ""/home/zechuan/iraod_artifacts/rsar_source/seed42-orthonet-ddp4-gpu4567-spg16-gbs64/train/epoch_100.pth"", ""source_weights_sha256"": ""e489f015cc2b67926a415436c97532ff814f826c4861b659cbc712fb9413b98c"", ""source_record"": ""/home/zechuan/iraod_artifacts/rsar_source/seed42-orthonet-ddp4-gpu4567-spg16-gbs64/reproducibility/git_commit.txt"", ""source_record_snapshot"": ""/home/zechuan/iraod_artifacts/comparison/final_delivery_20260908_4a6bc50/input/source_records/RSAR_producer_git_commit.txt"", ""sidecar"": ""/home/zechuan/iraod_artifacts/comparison/rsar/clean/seed_42/0f98a48/methods/A/eval_full_clean_ids_v1/predictions.pkl.image_ids.json"", ""sidecar_modified"": false, ""scope"": ""producer metadata only; weights, predictions, IDs and mAP unchanged""}",0.5313997864723206,/mnt/HDD_14TB/zechuan/IRAOD-New-report-complete-path-identities-44ac421-20260909/results/paper_comparison/historical/seed42/raw_results.csv,fixed_source,,,
RSAR,clean,B_REG,42,ema,/home/zechuan/iraod_artifacts/comparison/xaf_student_quant_20260908/b_reg_runs_0e5f8f7/rsar/clean/seed_42/methods/B_REG/eval_full_clean_ids_v1,,/home/zechuan/iraod_artifacts/comparison/xaf_student_quant_20260908/b_reg_runs_0e5f8f7/rsar/clean/seed_42/methods/B_REG/eval_full_clean_ids_v1/predictions.pkl.image_ids.json,/home/zechuan/IRAOD-New-rc331d213/configs/baseline/oriented_rcnn_orthonet_rsar.py,incomplete,,,"[""missing_eval_json"", ""checkpoint_missing_or_size_changed"", ""missing_native_execution_binding"", ""checkpoint_unverified_or_wrong_source"", ""missing_eval_status"", ""missing_class_ap"", ""missing_predictions"", ""missing_pred_count"", ""missing_eval_json"", ""missing_prediction_image_order""]",,,/home/zechuan/iraod_artifacts/comparison/xaf_student_quant_20260908/b_reg_runs_0e5f8f7/rsar/clean/seed_42/methods/B_REG/work/iter_266_ema.pth,e489f015cc2b67926a415436c97532ff814f826c4861b659cbc712fb9413b98c,,/home/zechuan/iraod_artifacts/comparison/xaf_student_quant_20260908/b_reg_runs_0e5f8f7/rsar/clean/seed_42/methods/B_REG/eval_full_clean_ids_v1/eval_status,/home/zechuan/iraod_artifacts/comparison/xaf_student_quant_20260908/b_reg_runs_0e5f8f7/rsar/clean/seed_42/methods/B_REG/eval_full_clean_ids_v1/class_ap.txt,/home/zechuan/iraod_artifacts/comparison/xaf_student_quant_20260908/b_reg_runs_0e5f8f7/rsar/clean/seed_42/methods/B_REG/eval_full_clean_ids_v1/predictions.pkl,/home/zechuan/iraod_artifacts/comparison/xaf_student_quant_20260908/b_reg_runs_0e5f8f7/rsar/clean/seed_42/methods/B_REG/eval_full_clean_ids_v1/pred_count.txt,0f98a48b539f9260055fc305784ffbc924f50451,331d2131b84651f0a2930a3d53faeefad8701531,0f98a48b539f9260055fc305784ffbc924f50451,0f98a48b539f9260055fc305784ffbc924f50451,,recorded_adaptation_producer,,,,common_one_epoch,/mnt/HDD_14TB/zechuan/iraod_artifacts/comparison/xaf_student_quant_20260908/report_checkpoint_breg_f_ema_20260909T2102Z/mapped_runtimes/b_reg_manifests_0e5f8f7.runtime.json,/home/zechuan/iraod_artifacts/comparison/xaf_student_quant_20260908/b_reg_runs_0e5f8f7/rsar/clean/seed_42/methods/B_REG/eval_full_clean_ids_v1/execution.json,"[""missing_eval_json"", ""checkpoint_missing_or_size_changed"", ""missing_native_execution_binding""]"
RSAR,clean,B_REG,43,ema,/home/zechuan/iraod_artifacts/comparison/xaf_student_quant_20260908/b_reg_runs_0e5f8f7/rsar/clean/seed_43/methods/B_REG/eval_full_clean_ids_v1,,/home/zechuan/iraod_artifacts/comparison/xaf_student_quant_20260908/b_reg_runs_0e5f8f7/rsar/clean/seed_43/methods/B_REG/eval_full_clean_ids_v1/predictions.pkl.image_ids.json,/home/zechuan/IRAOD-New-rc331d213/configs/baseline/oriented_rcnn_orthonet_rsar.py,incomplete,,,"[""missing_eval_json"", ""checkpoint_missing_or_size_changed"", ""missing_native_execution_binding"", ""checkpoint_unverified_or_wrong_source"", ""missing_eval_status"", ""missing_class_ap"", ""missing_predictions"", ""missing_pred_count"", ""missing_eval_json"", ""missing_prediction_image_order""]",,,/home/zechuan/iraod_artifacts/comparison/xaf_student_quant_20260908/b_reg_runs_0e5f8f7/rsar/clean/seed_43/methods/B_REG/work/iter_266_ema.pth,e489f015cc2b67926a415436c97532ff814f826c4861b659cbc712fb9413b98c,,/home/zechuan/iraod_artifacts/comparison/xaf_student_quant_20260908/b_reg_runs_0e5f8f7/rsar/clean/seed_43/methods/B_REG/eval_full_clean_ids_v1/eval_status,/home/zechuan/iraod_artifacts/comparison/xaf_student_quant_20260908/b_reg_runs_0e5f8f7/rsar/clean/seed_43/methods/B_REG/eval_full_clean_ids_v1/class_ap.txt,/home/zechuan/iraod_artifacts/comparison/xaf_student_quant_20260908/b_reg_runs_0e5f8f7/rsar/clean/seed_43/methods/B_REG/eval_full_clean_ids_v1/predictions.pkl,/home/zechuan/iraod_artifacts/comparison/xaf_student_quant_20260908/b_reg_runs_0e5f8f7/rsar/clean/seed_43/methods/B_REG/eval_full_clean_ids_v1/pred_count.txt,0f98a48b539f9260055fc305784ffbc924f50451,331d2131b84651f0a2930a3d53faeefad8701531,0f98a48b539f9260055fc305784ffbc924f50451,0f98a48b539f9260055fc305784ffbc924f50451,,recorded_adaptation_producer,,,,common_one_epoch,/mnt/HDD_14TB/zechuan/iraod_artifacts/comparison/xaf_student_quant_20260908/report_checkpoint_breg_f_ema_20260909T2102Z/mapped_runtimes/b_reg_manifests_0e5f8f7.runtime.json,/home/zechuan/iraod_artifacts/comparison/xaf_student_quant_20260908/b_reg_runs_0e5f8f7/rsar/clean/seed_43/methods/B_REG/eval_full_clean_ids_v1/execution.json,"[""missing_eval_json"", ""checkpoint_missing_or_size_changed"", ""missing_native_execution_binding""]"
RSAR,clean,B_REG,44,ema,/home/zechuan/iraod_artifacts/comparison/xaf_student_quant_20260908/b_reg_runs_0e5f8f7/rsar/clean/seed_44/methods/B_REG/eval_full_clean_ids_v1,,/home/zechuan/iraod_artifacts/comparison/xaf_student_quant_20260908/b_reg_runs_0e5f8f7/rsar/clean/seed_44/methods/B_REG/eval_full_clean_ids_v1/predictions.pkl.image_ids.json,/home/zechuan/IRAOD-New-rc331d213/configs/baseline/oriented_rcnn_orthonet_rsar.py,incomplete,,,"[""missing_eval_json"", ""checkpoint_missing_or_size_changed"", ""missing_native_execution_binding"", ""checkpoint_unverified_or_wrong_source"", ""missing_eval_status"", ""missing_class_ap"", ""missing_predictions"", ""missing_pred_count"", ""missing_eval_json"", ""missing_prediction_image_order""]",,,/home/zechuan/iraod_artifacts/comparison/xaf_student_quant_20260908/b_reg_runs_0e5f8f7/rsar/clean/seed_44/methods/B_REG/work/iter_266_ema.pth,e489f015cc2b67926a415436c97532ff814f826c4861b659cbc712fb9413b98c,,/home/zechuan/iraod_artifacts/comparison/xaf_student_quant_20260908/b_reg_runs_0e5f8f7/rsar/clean/seed_44/methods/B_REG/eval_full_clean_ids_v1/eval_status,/home/zechuan/iraod_artifacts/comparison/xaf_student_quant_20260908/b_reg_runs_0e5f8f7/rsar/clean/seed_44/methods/B_REG/eval_full_clean_ids_v1/class_ap.txt,/home/zechuan/iraod_artifacts/comparison/xaf_student_quant_20260908/b_reg_runs_0e5f8f7/rsar/clean/seed_44/methods/B_REG/eval_full_clean_ids_v1/predictions.pkl,/home/zechuan/iraod_artifacts/comparison/xaf_student_quant_20260908/b_reg_runs_0e5f8f7/rsar/clean/seed_44/methods/B_REG/eval_full_clean_ids_v1/pred_count.txt,0f98a48b539f9260055fc305784ffbc924f50451,331d2131b84651f0a2930a3d53faeefad8701531,0f98a48b539f9260055fc305784ffbc924f50451,0f98a48b539f9260055fc305784ffbc924f50451,,recorded_adaptation_producer,,,,common_one_epoch,/mnt/HDD_14TB/zechuan/iraod_artifacts/comparison/xaf_student_quant_20260908/report_checkpoint_breg_f_ema_20260909T2102Z/mapped_runtimes/b_reg_manifests_0e5f8f7.runtime.json,/home/zechuan/iraod_artifacts/comparison/xaf_student_quant_20260908/b_reg_runs_0e5f8f7/rsar/clean/seed_44/methods/B_REG/eval_full_clean_ids_v1/execution.json,"[""missing_eval_json"", ""checkpoint_missing_or_size_changed"", ""missing_native_execution_binding""]"
RSAR,clean,F_text_only,42,ema,/home/zechuan/iraod_artifacts/comparison/xaf_student_quant_20260908/f_deletion_runs_daa3992/rsar/clean/seed_42/methods/F_text_only/ddp2/eval_full_clean_ids_v1,,/home/zechuan/iraod_artifacts/comparison/xaf_student_quant_20260908/f_deletion_runs_daa3992/rsar/clean/seed_42/methods/F_text_only/ddp2/eval_full_clean_ids_v1/predictions.pkl.image_ids.json,/home/zechuan/IRAOD-New-rc331d213/configs/baseline/oriented_rcnn_orthonet_rsar.py,incomplete,,,"[""missing_eval_json"", ""checkpoint_missing_or_size_changed"", ""missing_native_execution_binding"", ""checkpoint_unverified_or_wrong_source"", ""missing_eval_status"", ""missing_class_ap"", ""missing_predictions"", ""missing_pred_count"", ""missing_eval_json"", ""missing_prediction_image_order""]",,,/home/zechuan/iraod_artifacts/comparison/xaf_student_quant_20260908/f_deletion_runs_daa3992/rsar/clean/seed_42/methods/F_text_only/ddp2/work/iter_266_ema.pth,e489f015cc2b67926a415436c97532ff814f826c4861b659cbc712fb9413b98c,,/home/zechuan/iraod_artifacts/comparison/xaf_student_quant_20260908/f_deletion_runs_daa3992/rsar/clean/seed_42/methods/F_text_only/ddp2/eval_full_clean_ids_v1/eval_status,/home/zechuan/iraod_artifacts/comparison/xaf_student_quant_20260908/f_deletion_runs_daa3992/rsar/clean/seed_42/methods/F_text_only/ddp2/eval_full_clean_ids_v1/class_ap.txt,/home/zechuan/iraod_artifacts/comparison/xaf_student_quant_20260908/f_deletion_runs_daa3992/rsar/clean/seed_42/methods/F_text_only/ddp2/eval_full_clean_ids_v1/predictions.pkl,/home/zechuan/iraod_artifacts/comparison/xaf_student_quant_20260908/f_deletion_runs_daa3992/rsar/clean/seed_42/methods/F_text_only/ddp2/eval_full_clean_ids_v1/pred_count.txt,0f98a48b539f9260055fc305784ffbc924f50451,331d2131b84651f0a2930a3d53faeefad8701531,0f98a48b539f9260055fc305784ffbc924f50451,0f98a48b539f9260055fc305784ffbc924f50451,,recorded_adaptation_producer,,,,common_one_epoch,/mnt/HDD_14TB/zechuan/iraod_artifacts/comparison/xaf_student_quant_20260908/report_checkpoint_breg_f_ema_20260909T2102Z/mapped_runtimes/f_deletion_manifests_daa3992.runtime.json,/home/zechuan/iraod_artifacts/comparison/xaf_student_quant_20260908/f_deletion_runs_daa3992/rsar/clean/seed_42/methods/F_text_only/ddp2/eval_full_clean_ids_v1/execution.json,"[""missing_eval_json"", ""checkpoint_missing_or_size_changed"", ""missing_native_execution_binding""]"
RSAR,clean,F_text_only,43,ema,/home/zechuan/iraod_artifacts/comparison/xaf_student_quant_20260908/f_deletion_runs_daa3992/rsar/clean/seed_43/methods/F_text_only/ddp2/eval_full_clean_ids_v1,/home/zechuan/iraod_artifacts/comparison/xaf_student_quant_20260908/f_deletion_runs_daa3992/rsar/clean/seed_43/methods/F_text_only/ddp2/eval_full_clean_ids_v1/eval_20260910_032214.json,/home/zechuan/iraod_artifacts/comparison/xaf_student_quant_20260908/f_deletion_runs_daa3992/rsar/clean/seed_43/methods/F_text_only/ddp2/eval_full_clean_ids_v1/predictions.pkl.image_ids.json,/home/zechuan/IRAOD-New-rc331d213/configs/baseline/oriented_rcnn_orthonet_rsar.py,complete,0.5115399956703186,0.5115399956703186,[],8538,45666,/home/zechuan/iraod_artifacts/comparison/xaf_student_quant_20260908/f_deletion_runs_daa3992/rsar/clean/seed_43/methods/F_text_only/ddp2/work/iter_266_ema.pth,e489f015cc2b67926a415436c97532ff814f826c4861b659cbc712fb9413b98c,,/home/zechuan/iraod_artifacts/comparison/xaf_student_quant_20260908/f_deletion_runs_daa3992/rsar/clean/seed_43/methods/F_text_only/ddp2/eval_full_clean_ids_v1/eval_status,/home/zechuan/iraod_artifacts/comparison/xaf_student_quant_20260908/f_deletion_runs_daa3992/rsar/clean/seed_43/methods/F_text_only/ddp2/eval_full_clean_ids_v1/class_ap.txt,/home/zechuan/iraod_artifacts/comparison/xaf_student_quant_20260908/f_deletion_runs_daa3992/rsar/clean/seed_43/methods/F_text_only/ddp2/eval_full_clean_ids_v1/predictions.pkl,/home/zechuan/iraod_artifacts/comparison/xaf_student_quant_20260908/f_deletion_runs_daa3992/rsar/clean/seed_43/methods/F_text_only/ddp2/eval_full_clean_ids_v1/pred_count.txt,0f98a48b539f9260055fc305784ffbc924f50451,331d2131b84651f0a2930a3d53faeefad8701531,0f98a48b539f9260055fc305784ffbc924f50451,0f98a48b539f9260055fc305784ffbc924f50451,,recorded_adaptation_producer,,,,common_one_epoch,/mnt/HDD_14TB/zechuan/iraod_artifacts/comparison/xaf_student_quant_20260908/report_checkpoint_breg_f_ema_20260909T2102Z/mapped_runtimes/f_deletion_manifests_daa3992.runtime.json,/home/zechuan/iraod_artifacts/comparison/xaf_student_quant_20260908/f_deletion_runs_daa3992/rsar/clean/seed_43/methods/F_text_only/ddp2/eval_full_clean_ids_v1/execution.json,[]
RSAR,clean,F_text_only,44,ema,/home/zechuan/iraod_artifacts/comparison/xaf_student_quant_20260908/f_deletion_runs_daa3992/rsar/clean/seed_44/methods/F_text_only/ddp2/eval_full_clean_ids_v1,/home/zechuan/iraod_artifacts/comparison/xaf_student_quant_20260908/f_deletion_runs_daa3992/rsar/clean/seed_44/methods/F_text_only/ddp2/eval_full_clean_ids_v1/eval_20260910_032214.json,/home/zechuan/iraod_artifacts/comparison/xaf_student_quant_20260908/f_deletion_runs_daa3992/rsar/clean/seed_44/methods/F_text_only/ddp2/eval_full_clean_ids_v1/predictions.pkl.image_ids.json,/home/zechuan/IRAOD-New-rc331d213/configs/baseline/oriented_rcnn_orthonet_rsar.py,complete,0.5148964524269104,0.5148964524269104,[],8538,47246,/home/zechuan/iraod_artifacts/comparison/xaf_student_quant_20260908/f_deletion_runs_daa3992/rsar/clean/seed_44/methods/F_text_only/ddp2/work/iter_266_ema.pth,e489f015cc2b67926a415436c97532ff814f826c4861b659cbc712fb9413b98c,,/home/zechuan/iraod_artifacts/comparison/xaf_student_quant_20260908/f_deletion_runs_daa3992/rsar/clean/seed_44/methods/F_text_only/ddp2/eval_full_clean_ids_v1/eval_status,/home/zechuan/iraod_artifacts/comparison/xaf_student_quant_20260908/f_deletion_runs_daa3992/rsar/clean/seed_44/methods/F_text_only/ddp2/eval_full_clean_ids_v1/class_ap.txt,/home/zechuan/iraod_artifacts/comparison/xaf_student_quant_20260908/f_deletion_runs_daa3992/rsar/clean/seed_44/methods/F_text_only/ddp2/eval_full_clean_ids_v1/predictions.pkl,/home/zechuan/iraod_artifacts/comparison/xaf_student_quant_20260908/f_deletion_runs_daa3992/rsar/clean/seed_44/methods/F_text_only/ddp2/eval_full_clean_ids_v1/pred_count.txt,0f98a48b539f9260055fc305784ffbc924f50451,331d2131b84651f0a2930a3d53faeefad8701531,0f98a48b539f9260055fc305784ffbc924f50451,0f98a48b539f9260055fc305784ffbc924f50451,,recorded_adaptation_producer,,,,common_one_epoch,/mnt/HDD_14TB/zechuan/iraod_artifacts/comparison/xaf_student_quant_20260908/report_checkpoint_breg_f_ema_20260909T2102Z/mapped_runtimes/f_deletion_manifests_daa3992.runtime.json,/home/zechuan/iraod_artifacts/comparison/xaf_student_quant_20260908/f_deletion_runs_daa3992/rsar/clean/seed_44/methods/F_text_only/ddp2/eval_full_clean_ids_v1/execution.json,[]
RSAR,clean,F_veto_only,42,ema,/home/zechuan/iraod_artifacts/comparison/xaf_student_quant_20260908/f_deletion_runs_daa3992/rsar/clean/seed_42/methods/F_veto_only/ddp2/eval_full_clean_ids_v1,,/home/zechuan/iraod_artifacts/comparison/xaf_student_quant_20260908/f_deletion_runs_daa3992/rsar/clean/seed_42/methods/F_veto_only/ddp2/eval_full_clean_ids_v1/predictions.pkl.image_ids.json,/home/zechuan/IRAOD-New-rc331d213/configs/baseline/oriented_rcnn_orthonet_rsar.py,incomplete,,,"[""missing_eval_json"", ""checkpoint_missing_or_size_changed"", ""missing_native_execution_binding"", ""checkpoint_unverified_or_wrong_source"", ""missing_eval_status"", ""missing_class_ap"", ""missing_predictions"", ""missing_pred_count"", ""missing_eval_json"", ""missing_prediction_image_order""]",,,/home/zechuan/iraod_artifacts/comparison/xaf_student_quant_20260908/f_deletion_runs_daa3992/rsar/clean/seed_42/methods/F_veto_only/ddp2/work/iter_266_ema.pth,e489f015cc2b67926a415436c97532ff814f826c4861b659cbc712fb9413b98c,,/home/zechuan/iraod_artifacts/comparison/xaf_student_quant_20260908/f_deletion_runs_daa3992/rsar/clean/seed_42/methods/F_veto_only/ddp2/eval_full_clean_ids_v1/eval_status,/home/zechuan/iraod_artifacts/comparison/xaf_student_quant_20260908/f_deletion_runs_daa3992/rsar/clean/seed_42/methods/F_veto_only/ddp2/eval_full_clean_ids_v1/class_ap.txt,/home/zechuan/iraod_artifacts/comparison/xaf_student_quant_20260908/f_deletion_runs_daa3992/rsar/clean/seed_42/methods/F_veto_only/ddp2/eval_full_clean_ids_v1/predictions.pkl,/home/zechuan/iraod_artifacts/comparison/xaf_student_quant_20260908/f_deletion_runs_daa3992/rsar/clean/seed_42/methods/F_veto_only/ddp2/eval_full_clean_ids_v1/pred_count.txt,0f98a48b539f9260055fc305784ffbc924f50451,331d2131b84651f0a2930a3d53faeefad8701531,0f98a48b539f9260055fc305784ffbc924f50451,0f98a48b539f9260055fc305784ffbc924f50451,,recorded_adaptation_producer,,,,common_one_epoch,/mnt/HDD_14TB/zechuan/iraod_artifacts/comparison/xaf_student_quant_20260908/report_checkpoint_breg_f_ema_20260909T2102Z/mapped_runtimes/f_deletion_manifests_daa3992.runtime.json,/home/zechuan/iraod_artifacts/comparison/xaf_student_quant_20260908/f_deletion_runs_daa3992/rsar/clean/seed_42/methods/F_veto_only/ddp2/eval_full_clean_ids_v1/execution.json,"[""missing_eval_json"", ""checkpoint_missing_or_size_changed"", ""missing_native_execution_binding""]"
RSAR,clean,F_veto_only,43,ema,/home/zechuan/iraod_artifacts/comparison/xaf_student_quant_20260908/f_deletion_runs_daa3992/rsar/clean/seed_43/methods/F_veto_only/ddp2/eval_full_clean_ids_v1,,/home/zechuan/iraod_artifacts/comparison/xaf_student_quant_20260908/f_deletion_runs_daa3992/rsar/clean/seed_43/methods/F_veto_only/ddp2/eval_full_clean_ids_v1/predictions.pkl.image_ids.json,/home/zechuan/IRAOD-New-rc331d213/configs/baseline/oriented_rcnn_orthonet_rsar.py,incomplete,,,"[""missing_eval_json"", ""checkpoint_missing_or_size_changed"", ""missing_native_execution_binding"", ""checkpoint_unverified_or_wrong_source"", ""missing_eval_status"", ""missing_class_ap"", ""missing_predictions"", ""missing_pred_count"", ""missing_eval_json"", ""missing_prediction_image_order""]",,,/home/zechuan/iraod_artifacts/comparison/xaf_student_quant_20260908/f_deletion_runs_daa3992/rsar/clean/seed_43/methods/F_veto_only/ddp2/work/iter_266_ema.pth,e489f015cc2b67926a415436c97532ff814f826c4861b659cbc712fb9413b98c,,/home/zechuan/iraod_artifacts/comparison/xaf_student_quant_20260908/f_deletion_runs_daa3992/rsar/clean/seed_43/methods/F_veto_only/ddp2/eval_full_clean_ids_v1/eval_status,/home/zechuan/iraod_artifacts/comparison/xaf_student_quant_20260908/f_deletion_runs_daa3992/rsar/clean/seed_43/methods/F_veto_only/ddp2/eval_full_clean_ids_v1/class_ap.txt,/home/zechuan/iraod_artifacts/comparison/xaf_student_quant_20260908/f_deletion_runs_daa3992/rsar/clean/seed_43/methods/F_veto_only/ddp2/eval_full_clean_ids_v1/predictions.pkl,/home/zechuan/iraod_artifacts/comparison/xaf_student_quant_20260908/f_deletion_runs_daa3992/rsar/clean/seed_43/methods/F_veto_only/ddp2/eval_full_clean_ids_v1/pred_count.txt,0f98a48b539f9260055fc305784ffbc924f50451,331d2131b84651f0a2930a3d53faeefad8701531,0f98a48b539f9260055fc305784ffbc924f50451,0f98a48b539f9260055fc305784ffbc924f50451,,recorded_adaptation_producer,,,,common_one_epoch,/mnt/HDD_14TB/zechuan/iraod_artifacts/comparison/xaf_student_quant_20260908/report_checkpoint_breg_f_ema_20260909T2102Z/mapped_runtimes/f_deletion_manifests_daa3992.runtime.json,/home/zechuan/iraod_artifacts/comparison/xaf_student_quant_20260908/f_deletion_runs_daa3992/rsar/clean/seed_43/methods/F_veto_only/ddp2/eval_full_clean_ids_v1/execution.json,"[""missing_eval_json"", ""checkpoint_missing_or_size_changed"", ""missing_native_execution_binding""]"
RSAR,clean,F_veto_only,44,ema,/home/zechuan/iraod_artifacts/comparison/xaf_student_quant_20260908/f_deletion_runs_daa3992/rsar/clean/seed_44/methods/F_veto_only/ddp2/eval_full_clean_ids_v1,/home/zechuan/iraod_artifacts/comparison/xaf_student_quant_20260908/f_deletion_runs_daa3992/rsar/clean/seed_44/methods/F_veto_only/ddp2/eval_full_clean_ids_v1/eval_20260910_032712.json,/home/zechuan/iraod_artifacts/comparison/xaf_student_quant_20260908/f_deletion_runs_daa3992/rsar/clean/seed_44/methods/F_veto_only/ddp2/eval_full_clean_ids_v1/predictions.pkl.image_ids.json,/home/zechuan/IRAOD-New-rc331d213/configs/baseline/oriented_rcnn_orthonet_rsar.py,complete,0.5273129940032959,0.5273129940032959,[],8538,67028,/home/zechuan/iraod_artifacts/comparison/xaf_student_quant_20260908/f_deletion_runs_daa3992/rsar/clean/seed_44/methods/F_veto_only/ddp2/work/iter_266_ema.pth,e489f015cc2b67926a415436c97532ff814f826c4861b659cbc712fb9413b98c,,/home/zechuan/iraod_artifacts/comparison/xaf_student_quant_20260908/f_deletion_runs_daa3992/rsar/clean/seed_44/methods/F_veto_only/ddp2/eval_full_clean_ids_v1/eval_status,/home/zechuan/iraod_artifacts/comparison/xaf_student_quant_20260908/f_deletion_runs_daa3992/rsar/clean/seed_44/methods/F_veto_only/ddp2/eval_full_clean_ids_v1/class_ap.txt,/home/zechuan/iraod_artifacts/comparison/xaf_student_quant_20260908/f_deletion_runs_daa3992/rsar/clean/seed_44/methods/F_veto_only/ddp2/eval_full_clean_ids_v1/predictions.pkl,/home/zechuan/iraod_artifacts/comparison/xaf_student_quant_20260908/f_deletion_runs_daa3992/rsar/clean/seed_44/methods/F_veto_only/ddp2/eval_full_clean_ids_v1/pred_count.txt,0f98a48b539f9260055fc305784ffbc924f50451,331d2131b84651f0a2930a3d53faeefad8701531,0f98a48b539f9260055fc305784ffbc924f50451,0f98a48b539f9260055fc305784ffbc924f50451,,recorded_adaptation_producer,,,,common_one_epoch,/mnt/HDD_14TB/zechuan/iraod_artifacts/comparison/xaf_student_quant_20260908/report_checkpoint_breg_f_ema_20260909T2102Z/mapped_runtimes/f_deletion_manifests_daa3992.runtime.json,/home/zechuan/iraod_artifacts/comparison/xaf_student_quant_20260908/f_deletion_runs_daa3992/rsar/clean/seed_44/methods/F_veto_only/ddp2/eval_full_clean_ids_v1/execution.json,[]
RSAR,chaff,A,42,source,/home/zechuan/iraod_artifacts/comparison/rsar/chaff/seed_42/f2145b4/methods/A/eval_full_chaff_ids_v1,/home/zechuan/iraod_artifacts/comparison/rsar/chaff/seed_42/f2145b4/methods/A/eval_full_chaff_ids_v1/eval_20260907_075924.json,/home/zechuan/iraod_artifacts/comparison/rsar/chaff/seed_42/f2145b4/methods/A/eval_full_chaff_ids_v1/predictions.pkl.image_ids.json,/mnt/SSD2_8TB/zechuan/IRAOD-New-rc331d213/configs/baseline/oriented_rcnn_orthonet_rsar.py,complete,0.4719308912754059,0.4719308912754059,[],8538,67551,/home/zechuan/iraod_artifacts/rsar_source/seed42-orthonet-ddp4-gpu4567-spg16-gbs64/train/epoch_100.pth,e489f015cc2b67926a415436c97532ff814f826c4861b659cbc712fb9413b98c,,/home/zechuan/iraod_artifacts/comparison/rsar/chaff/seed_42/f2145b4/methods/A/eval_full_chaff_ids_v1/eval_status,/home/zechuan/iraod_artifacts/comparison/rsar/chaff/seed_42/f2145b4/methods/A/eval_full_chaff_ids_v1/class_ap.txt,/home/zechuan/iraod_artifacts/comparison/rsar/chaff/seed_42/f2145b4/methods/A/eval_full_chaff_ids_v1/predictions.pkl,/home/zechuan/iraod_artifacts/comparison/rsar/chaff/seed_42/f2145b4/methods/A/eval_full_chaff_ids_v1/pred_count.txt,0f98a48b539f9260055fc305784ffbc924f50451,331d2131b84651f0a2930a3d53faeefad8701531,0f98a48b539f9260055fc305784ffbc924f50451,b474aaa5f7718746215ce13beceb071617bb823e,b474aaa5f7718746215ce13beceb071617bb823e,source_producer_corrected_in_report,"{""dataset"": ""RSAR"", ""domain"": ""chaff"", ""method"": ""A"", ""seed"": 42, ""role"": ""source"", ""field"": ""training_code_sha"", ""recorded"": ""0f98a48b539f9260055fc305784ffbc924f50451"", ""actual"": ""b474aaa5f7718746215ce13beceb071617bb823e"", ""source_checkpoint"": ""/home/zechuan/iraod_artifacts/rsar_source/seed42-orthonet-ddp4-gpu4567-spg16-gbs64/train/epoch_100.pth"", ""source_weights_sha256"": ""e489f015cc2b67926a415436c97532ff814f826c4861b659cbc712fb9413b98c"", ""source_record"": ""/home/zechuan/iraod_artifacts/rsar_source/seed42-orthonet-ddp4-gpu4567-spg16-gbs64/reproducibility/git_commit.txt"", ""source_record_snapshot"": ""/home/zechuan/iraod_artifacts/comparison/final_delivery_20260908_4a6bc50/input/source_records/RSAR_producer_git_commit.txt"", ""sidecar"": ""/home/zechuan/iraod_artifacts/comparison/rsar/chaff/seed_42/f2145b4/methods/A/eval_full_chaff_ids_v1/predictions.pkl.image_ids.json"", ""sidecar_modified"": false, ""scope"": ""producer metadata only; weights, predictions, IDs and mAP unchanged""}",0.4719308912754059,/mnt/HDD_14TB/zechuan/IRAOD-New-report-complete-path-identities-44ac421-20260909/results/paper_comparison/historical/seed42/raw_results.csv,fixed_source,,,
RSAR,chaff,B_REG,42,ema,/home/zechuan/iraod_artifacts/comparison/xaf_student_quant_20260908/b_reg_runs_0e5f8f7/rsar/chaff/seed_42/methods/B_REG/eval_full_chaff_ids_v1,,/home/zechuan/iraod_artifacts/comparison/xaf_student_quant_20260908/b_reg_runs_0e5f8f7/rsar/chaff/seed_42/methods/B_REG/eval_full_chaff_ids_v1/predictions.pkl.image_ids.json,/home/zechuan/IRAOD-New-rc331d213/configs/baseline/oriented_rcnn_orthonet_rsar.py,incomplete,,,"[""missing_eval_json"", ""checkpoint_missing_or_size_changed"", ""missing_native_execution_binding"", ""checkpoint_unverified_or_wrong_source"", ""missing_eval_status"", ""missing_class_ap"", ""missing_predictions"", ""missing_pred_count"", ""missing_eval_json"", ""missing_prediction_image_order""]",,,/home/zechuan/iraod_artifacts/comparison/xaf_student_quant_20260908/b_reg_runs_0e5f8f7/rsar/chaff/seed_42/methods/B_REG/work/iter_266_ema.pth,e489f015cc2b67926a415436c97532ff814f826c4861b659cbc712fb9413b98c,,/home/zechuan/iraod_artifacts/comparison/xaf_student_quant_20260908/b_reg_runs_0e5f8f7/rsar/chaff/seed_42/methods/B_REG/eval_full_chaff_ids_v1/eval_status,/home/zechuan/iraod_artifacts/comparison/xaf_student_quant_20260908/b_reg_runs_0e5f8f7/rsar/chaff/seed_42/methods/B_REG/eval_full_chaff_ids_v1/class_ap.txt,/home/zechuan/iraod_artifacts/comparison/xaf_student_quant_20260908/b_reg_runs_0e5f8f7/rsar/chaff/seed_42/methods/B_REG/eval_full_chaff_ids_v1/predictions.pkl,/home/zechuan/iraod_artifacts/comparison/xaf_student_quant_20260908/b_reg_runs_0e5f8f7/rsar/chaff/seed_42/methods/B_REG/eval_full_chaff_ids_v1/pred_count.txt,0f98a48b539f9260055fc305784ffbc924f50451,331d2131b84651f0a2930a3d53faeefad8701531,0f98a48b539f9260055fc305784ffbc924f50451,0f98a48b539f9260055fc305784ffbc924f50451,,recorded_adaptation_producer,,,,common_one_epoch,/mnt/HDD_14TB/zechuan/iraod_artifacts/comparison/xaf_student_quant_20260908/report_checkpoint_breg_f_ema_20260909T2102Z/mapped_runtimes/b_reg_manifests_0e5f8f7.runtime.json,/home/zechuan/iraod_artifacts/comparison/xaf_student_quant_20260908/b_reg_runs_0e5f8f7/rsar/chaff/seed_42/methods/B_REG/eval_full_chaff_ids_v1/execution.json,"[""missing_eval_json"", ""checkpoint_missing_or_size_changed"", ""missing_native_execution_binding""]"
RSAR,chaff,B_REG,43,ema,/home/zechuan/iraod_artifacts/comparison/xaf_student_quant_20260908/b_reg_runs_0e5f8f7/rsar/chaff/seed_43/methods/B_REG/eval_full_chaff_ids_v1,,/home/zechuan/iraod_artifacts/comparison/xaf_student_quant_20260908/b_reg_runs_0e5f8f7/rsar/chaff/seed_43/methods/B_REG/eval_full_chaff_ids_v1/predictions.pkl.image_ids.json,/home/zechuan/IRAOD-New-rc331d213/configs/baseline/oriented_rcnn_orthonet_rsar.py,incomplete,,,"[""missing_eval_json"", ""checkpoint_missing_or_size_changed"", ""missing_native_execution_binding"", ""checkpoint_unverified_or_wrong_source"", ""missing_eval_status"", ""missing_class_ap"", ""missing_predictions"", ""missing_pred_count"", ""missing_eval_json"", ""missing_prediction_image_order""]",,,/home/zechuan/iraod_artifacts/comparison/xaf_student_quant_20260908/b_reg_runs_0e5f8f7/rsar/chaff/seed_43/methods/B_REG/work/iter_266_ema.pth,e489f015cc2b67926a415436c97532ff814f826c4861b659cbc712fb9413b98c,,/home/zechuan/iraod_artifacts/comparison/xaf_student_quant_20260908/b_reg_runs_0e5f8f7/rsar/chaff/seed_43/methods/B_REG/eval_full_chaff_ids_v1/eval_status,/home/zechuan/iraod_artifacts/comparison/xaf_student_quant_20260908/b_reg_runs_0e5f8f7/rsar/chaff/seed_43/methods/B_REG/eval_full_chaff_ids_v1/class_ap.txt,/home/zechuan/iraod_artifacts/comparison/xaf_student_quant_20260908/b_reg_runs_0e5f8f7/rsar/chaff/seed_43/methods/B_REG/eval_full_chaff_ids_v1/predictions.pkl,/home/zechuan/iraod_artifacts/comparison/xaf_student_quant_20260908/b_reg_runs_0e5f8f7/rsar/chaff/seed_43/methods/B_REG/eval_full_chaff_ids_v1/pred_count.txt,0f98a48b539f9260055fc305784ffbc924f50451,331d2131b84651f0a2930a3d53faeefad8701531,0f98a48b539f9260055fc305784ffbc924f50451,0f98a48b539f9260055fc305784ffbc924f50451,,recorded_adaptation_producer,,,,common_one_epoch,/mnt/HDD_14TB/zechuan/iraod_artifacts/comparison/xaf_student_quant_20260908/report_checkpoint_breg_f_ema_20260909T2102Z/mapped_runtimes/b_reg_manifests_0e5f8f7.runtime.json,/home/zechuan/iraod_artifacts/comparison/xaf_student_quant_20260908/b_reg_runs_0e5f8f7/rsar/chaff/seed_43/methods/B_REG/eval_full_chaff_ids_v1/execution.json,"[""missing_eval_json"", ""checkpoint_missing_or_size_changed"", ""missing_native_execution_binding""]"
RSAR,chaff,B_REG,44,ema,/home/zechuan/iraod_artifacts/comparison/xaf_student_quant_20260908/b_reg_runs_0e5f8f7/rsar/chaff/seed_44/methods/B_REG/eval_full_chaff_ids_v1,,/home/zechuan/iraod_artifacts/comparison/xaf_student_quant_20260908/b_reg_runs_0e5f8f7/rsar/chaff/seed_44/methods/B_REG/eval_full_chaff_ids_v1/predictions.pkl.image_ids.json,/home/zechuan/IRAOD-New-rc331d213/configs/baseline/oriented_rcnn_orthonet_rsar.py,incomplete,,,"[""missing_eval_json"", ""checkpoint_missing_or_size_changed"", ""missing_native_execution_binding"", ""checkpoint_unverified_or_wrong_source"", ""missing_eval_status"", ""missing_class_ap"", ""missing_predictions"", ""missing_pred_count"", ""missing_eval_json"", ""missing_prediction_image_order""]",,,/home/zechuan/iraod_artifacts/comparison/xaf_student_quant_20260908/b_reg_runs_0e5f8f7/rsar/chaff/seed_44/methods/B_REG/work/iter_266_ema.pth,e489f015cc2b67926a415436c97532ff814f826c4861b659cbc712fb9413b98c,,/home/zechuan/iraod_artifacts/comparison/xaf_student_quant_20260908/b_reg_runs_0e5f8f7/rsar/chaff/seed_44/methods/B_REG/eval_full_chaff_ids_v1/eval_status,/home/zechuan/iraod_artifacts/comparison/xaf_student_quant_20260908/b_reg_runs_0e5f8f7/rsar/chaff/seed_44/methods/B_REG/eval_full_chaff_ids_v1/class_ap.txt,/home/zechuan/iraod_artifacts/comparison/xaf_student_quant_20260908/b_reg_runs_0e5f8f7/rsar/chaff/seed_44/methods/B_REG/eval_full_chaff_ids_v1/predictions.pkl,/home/zechuan/iraod_artifacts/comparison/xaf_student_quant_20260908/b_reg_runs_0e5f8f7/rsar/chaff/seed_44/methods/B_REG/eval_full_chaff_ids_v1/pred_count.txt,0f98a48b539f9260055fc305784ffbc924f50451,331d2131b84651f0a2930a3d53faeefad8701531,0f98a48b539f9260055fc305784ffbc924f50451,0f98a48b539f9260055fc305784ffbc924f50451,,recorded_adaptation_producer,,,,common_one_epoch,/mnt/HDD_14TB/zechuan/iraod_artifacts/comparison/xaf_student_quant_20260908/report_checkpoint_breg_f_ema_20260909T2102Z/mapped_runtimes/b_reg_manifests_0e5f8f7.runtime.json,/home/zechuan/iraod_artifacts/comparison/xaf_student_quant_20260908/b_reg_runs_0e5f8f7/rsar/chaff/seed_44/methods/B_REG/eval_full_chaff_ids_v1/execution.json,"[""missing_eval_json"", ""checkpoint_missing_or_size_changed"", ""missing_native_execution_binding""]"
RSAR,chaff,F_text_only,42,ema,/home/zechuan/iraod_artifacts/comparison/xaf_student_quant_20260908/f_deletion_runs_daa3992/rsar/chaff/seed_42/methods/F_text_only/ddp2/eval_full_chaff_ids_v1,/home/zechuan/iraod_artifacts/comparison/xaf_student_quant_20260908/f_deletion_runs_daa3992/rsar/chaff/seed_42/methods/F_text_only/ddp2/eval_full_chaff_ids_v1/eval_20260910_032721.json,/home/zechuan/iraod_artifacts/comparison/xaf_student_quant_20260908/f_deletion_runs_daa3992/rsar/chaff/seed_42/methods/F_text_only/ddp2/eval_full_chaff_ids_v1/predictions.pkl.image_ids.json,/home/zechuan/IRAOD-New-rc331d213/configs/baseline/oriented_rcnn_orthonet_rsar.py,complete,0.44703736901283264,0.44703736901283264,[],8538,49120,/home/zechuan/iraod_artifacts/comparison/xaf_student_quant_20260908/f_deletion_runs_daa3992/rsar/chaff/seed_42/methods/F_text_only/ddp2/work/iter_266_ema.pth,e489f015cc2b67926a415436c97532ff814f826c4861b659cbc712fb9413b98c,,/home/zechuan/iraod_artifacts/comparison/xaf_student_quant_20260908/f_deletion_runs_daa3992/rsar/chaff/seed_42/methods/F_text_only/ddp2/eval_full_chaff_ids_v1/eval_status,/home/zechuan/iraod_artifacts/comparison/xaf_student_quant_20260908/f_deletion_runs_daa3992/rsar/chaff/seed_42/methods/F_text_only/ddp2/eval_full_chaff_ids_v1/class_ap.txt,/home/zechuan/iraod_artifacts/comparison/xaf_student_quant_20260908/f_deletion_runs_daa3992/rsar/chaff/seed_42/methods/F_text_only/ddp2/eval_full_chaff_ids_v1/predictions.pkl,/home/zechuan/iraod_artifacts/comparison/xaf_student_quant_20260908/f_deletion_runs_daa3992/rsar/chaff/seed_42/methods/F_text_only/ddp2/eval_full_chaff_ids_v1/pred_count.txt,0f98a48b539f9260055fc305784ffbc924f50451,331d2131b84651f0a2930a3d53faeefad8701531,0f98a48b539f9260055fc305784ffbc924f50451,0f98a48b539f9260055fc305784ffbc924f50451,,recorded_adaptation_producer,,,,common_one_epoch,/mnt/HDD_14TB/zechuan/iraod_artifacts/comparison/xaf_student_quant_20260908/report_checkpoint_breg_f_ema_20260909T2102Z/mapped_runtimes/f_deletion_manifests_daa3992.runtime.json,/home/zechuan/iraod_artifacts/comparison/xaf_student_quant_20260908/f_deletion_runs_daa3992/rsar/chaff/seed_42/methods/F_text_only/ddp2/eval_full_chaff_ids_v1/execution.json,[]
RSAR,chaff,F_text_only,43,ema,/home/zechuan/iraod_artifacts/comparison/xaf_student_quant_20260908/f_deletion_runs_daa3992/rsar/chaff/seed_43/methods/F_text_only/ddp2/eval_full_chaff_ids_v1,/home/zechuan/iraod_artifacts/comparison/xaf_student_quant_20260908/f_deletion_runs_daa3992/rsar/chaff/seed_43/methods/F_text_only/ddp2/eval_full_chaff_ids_v1/eval_20260910_033218.json,/home/zechuan/iraod_artifacts/comparison/xaf_student_quant_20260908/f_deletion_runs_daa3992/rsar/chaff/seed_43/methods/F_text_only/ddp2/eval_full_chaff_ids_v1/predictions.pkl.image_ids.json,/home/zechuan/IRAOD-New-rc331d213/configs/baseline/oriented_rcnn_orthonet_rsar.py,complete,0.44972488284111023,0.44972488284111023,[],8538,52429,/home/zechuan/iraod_artifacts/comparison/xaf_student_quant_20260908/f_deletion_runs_daa3992/rsar/chaff/seed_43/methods/F_text_only/ddp2/work/iter_266_ema.pth,e489f015cc2b67926a415436c97532ff814f826c4861b659cbc712fb9413b98c,,/home/zechuan/iraod_artifacts/comparison/xaf_student_quant_20260908/f_deletion_runs_daa3992/rsar/chaff/seed_43/methods/F_text_only/ddp2/eval_full_chaff_ids_v1/eval_status,/home/zechuan/iraod_artifacts/comparison/xaf_student_quant_20260908/f_deletion_runs_daa3992/rsar/chaff/seed_43/methods/F_text_only/ddp2/eval_full_chaff_ids_v1/class_ap.txt,/home/zechuan/iraod_artifacts/comparison/xaf_student_quant_20260908/f_deletion_runs_daa3992/rsar/chaff/seed_43/methods/F_text_only/ddp2/eval_full_chaff_ids_v1/predictions.pkl,/home/zechuan/iraod_artifacts/comparison/xaf_student_quant_20260908/f_deletion_runs_daa3992/rsar/chaff/seed_43/methods/F_text_only/ddp2/eval_full_chaff_ids_v1/pred_count.txt,0f98a48b539f9260055fc305784ffbc924f50451,331d2131b84651f0a2930a3d53faeefad8701531,0f98a48b539f9260055fc305784ffbc924f50451,0f98a48b539f9260055fc305784ffbc924f50451,,recorded_adaptation_producer,,,,common_one_epoch,/mnt/HDD_14TB/zechuan/iraod_artifacts/comparison/xaf_student_quant_20260908/report_checkpoint_breg_f_ema_20260909T2102Z/mapped_runtimes/f_deletion_manifests_daa3992.runtime.json,/home/zechuan/iraod_artifacts/comparison/xaf_student_quant_20260908/f_deletion_runs_daa3992/rsar/chaff/seed_43/methods/F_text_only/ddp2/eval_full_chaff_ids_v1/execution.json,[]
RSAR,chaff,F_text_only,44,ema,/home/zechuan/iraod_artifacts/comparison/xaf_student_quant_20260908/f_deletion_runs_daa3992/rsar/chaff/seed_44/methods/F_text_only/ddp2/eval_full_chaff_ids_v1,/home/zechuan/iraod_artifacts/comparison/xaf_student_quant_20260908/f_deletion_runs_daa3992/rsar/chaff/seed_44/methods/F_text_only/ddp2/eval_full_chaff_ids_v1/eval_20260910_033329.json,/home/zechuan/iraod_artifacts/comparison/xaf_student_quant_20260908/f_deletion_runs_daa3992/rsar/chaff/seed_44/methods/F_text_only/ddp2/eval_full_chaff_ids_v1/predictions.pkl.image_ids.json,/home/zechuan/IRAOD-New-rc331d213/configs/baseline/oriented_rcnn_orthonet_rsar.py,complete,0.451800674200058,0.451800674200058,[],8538,56592,/home/zechuan/iraod_artifacts/comparison/xaf_student_quant_20260908/f_deletion_runs_daa3992/rsar/chaff/seed_44/methods/F_text_only/ddp2/work/iter_266_ema.pth,e489f015cc2b67926a415436c97532ff814f826c4861b659cbc712fb9413b98c,,/home/zechuan/iraod_artifacts/comparison/xaf_student_quant_20260908/f_deletion_runs_daa3992/rsar/chaff/seed_44/methods/F_text_only/ddp2/eval_full_chaff_ids_v1/eval_status,/home/zechuan/iraod_artifacts/comparison/xaf_student_quant_20260908/f_deletion_runs_daa3992/rsar/chaff/seed_44/methods/F_text_only/ddp2/eval_full_chaff_ids_v1/class_ap.txt,/home/zechuan/iraod_artifacts/comparison/xaf_student_quant_20260908/f_deletion_runs_daa3992/rsar/chaff/seed_44/methods/F_text_only/ddp2/eval_full_chaff_ids_v1/predictions.pkl,/home/zechuan/iraod_artifacts/comparison/xaf_student_quant_20260908/f_deletion_runs_daa3992/rsar/chaff/seed_44/methods/F_text_only/ddp2/eval_full_chaff_ids_v1/pred_count.txt,0f98a48b539f9260055fc305784ffbc924f50451,331d2131b84651f0a2930a3d53faeefad8701531,0f98a48b539f9260055fc305784ffbc924f50451,0f98a48b539f9260055fc305784ffbc924f50451,,recorded_adaptation_producer,,,,common_one_epoch,/mnt/HDD_14TB/zechuan/iraod_artifacts/comparison/xaf_student_quant_20260908/report_checkpoint_breg_f_ema_20260909T2102Z/mapped_runtimes/f_deletion_manifests_daa3992.runtime.json,/home/zechuan/iraod_artifacts/comparison/xaf_student_quant_20260908/f_deletion_runs_daa3992/rsar/chaff/seed_44/methods/F_text_only/ddp2/eval_full_chaff_ids_v1/execution.json,[]
RSAR,chaff,F_veto_only,42,ema,/home/zechuan/iraod_artifacts/comparison/xaf_student_quant_20260908/f_deletion_runs_daa3992/rsar/chaff/seed_42/methods/F_veto_only/ddp2/eval_full_chaff_ids_v1,/home/zechuan/iraod_artifacts/comparison/xaf_student_quant_20260908/f_deletion_runs_daa3992/rsar/chaff/seed_42/methods/F_veto_only/ddp2/eval_full_chaff_ids_v1/eval_20260910_033209.json,/home/zechuan/iraod_artifacts/comparison/xaf_student_quant_20260908/f_deletion_runs_daa3992/rsar/chaff/seed_42/methods/F_veto_only/ddp2/eval_full_chaff_ids_v1/predictions.pkl.image_ids.json,/home/zechuan/IRAOD-New-rc331d213/configs/baseline/oriented_rcnn_orthonet_rsar.py,complete,0.464061975479126,0.464061975479126,[],8538,69660,/home/zechuan/iraod_artifacts/comparison/xaf_student_quant_20260908/f_deletion_runs_daa3992/rsar/chaff/seed_42/methods/F_veto_only/ddp2/work/iter_266_ema.pth,e489f015cc2b67926a415436c97532ff814f826c4861b659cbc712fb9413b98c,,/home/zechuan/iraod_artifacts/comparison/xaf_student_quant_20260908/f_deletion_runs_daa3992/rsar/chaff/seed_42/methods/F_veto_only/ddp2/eval_full_chaff_ids_v1/eval_status,/home/zechuan/iraod_artifacts/comparison/xaf_student_quant_20260908/f_deletion_runs_daa3992/rsar/chaff/seed_42/methods/F_veto_only/ddp2/eval_full_chaff_ids_v1/class_ap.txt,/home/zechuan/iraod_artifacts/comparison/xaf_student_quant_20260908/f_deletion_runs_daa3992/rsar/chaff/seed_42/methods/F_veto_only/ddp2/eval_full_chaff_ids_v1/predictions.pkl,/home/zechuan/iraod_artifacts/comparison/xaf_student_quant_20260908/f_deletion_runs_daa3992/rsar/chaff/seed_42/methods/F_veto_only/ddp2/eval_full_chaff_ids_v1/pred_count.txt,0f98a48b539f9260055fc305784ffbc924f50451,331d2131b84651f0a2930a3d53faeefad8701531,0f98a48b539f9260055fc305784ffbc924f50451,0f98a48b539f9260055fc305784ffbc924f50451,,recorded_adaptation_producer,,,,common_one_epoch,/mnt/HDD_14TB/zechuan/iraod_artifacts/comparison/xaf_student_quant_20260908/report_checkpoint_breg_f_ema_20260909T2102Z/mapped_runtimes/f_deletion_manifests_daa3992.runtime.json,/home/zechuan/iraod_artifacts/comparison/xaf_student_quant_20260908/f_deletion_runs_daa3992/rsar/chaff/seed_42/methods/F_veto_only/ddp2/eval_full_chaff_ids_v1/execution.json,[]
RSAR,chaff,F_veto_only,43,ema,/home/zechuan/iraod_artifacts/comparison/xaf_student_quant_20260908/f_deletion_runs_daa3992/rsar/chaff/seed_43/methods/F_veto_only/ddp2/eval_full_chaff_ids_v1,/home/zechuan/iraod_artifacts/comparison/xaf_student_quant_20260908/f_deletion_runs_daa3992/rsar/chaff/seed_43/methods/F_veto_only/ddp2/eval_full_chaff_ids_v1/eval_20260910_033329.json,/home/zechuan/iraod_artifacts/comparison/xaf_student_quant_20260908/f_deletion_runs_daa3992/rsar/chaff/seed_43/methods/F_veto_only/ddp2/eval_full_chaff_ids_v1/predictions.pkl.image_ids.json,/home/zechuan/IRAOD-New-rc331d213/configs/baseline/oriented_rcnn_orthonet_rsar.py,complete,0.4658602774143219,0.4658602774143219,[],8538,69960,/home/zechuan/iraod_artifacts/comparison/xaf_student_quant_20260908/f_deletion_runs_daa3992/rsar/chaff/seed_43/methods/F_veto_only/ddp2/work/iter_266_ema.pth,e489f015cc2b67926a415436c97532ff814f826c4861b659cbc712fb9413b98c,,/home/zechuan/iraod_artifacts/comparison/xaf_student_quant_20260908/f_deletion_runs_daa3992/rsar/chaff/seed_43/methods/F_veto_only/ddp2/eval_full_chaff_ids_v1/eval_status,/home/zechuan/iraod_artifacts/comparison/xaf_student_quant_20260908/f_deletion_runs_daa3992/rsar/chaff/seed_43/methods/F_veto_only/ddp2/eval_full_chaff_ids_v1/class_ap.txt,/home/zechuan/iraod_artifacts/comparison/xaf_student_quant_20260908/f_deletion_runs_daa3992/rsar/chaff/seed_43/methods/F_veto_only/ddp2/eval_full_chaff_ids_v1/predictions.pkl,/home/zechuan/iraod_artifacts/comparison/xaf_student_quant_20260908/f_deletion_runs_daa3992/rsar/chaff/seed_43/methods/F_veto_only/ddp2/eval_full_chaff_ids_v1/pred_count.txt,0f98a48b539f9260055fc305784ffbc924f50451,331d2131b84651f0a2930a3d53faeefad8701531,0f98a48b539f9260055fc305784ffbc924f50451,0f98a48b539f9260055fc305784ffbc924f50451,,recorded_adaptation_producer,,,,common_one_epoch,/mnt/HDD_14TB/zechuan/iraod_artifacts/comparison/xaf_student_quant_20260908/report_checkpoint_breg_f_ema_20260909T2102Z/mapped_runtimes/f_deletion_manifests_daa3992.runtime.json,/home/zechuan/iraod_artifacts/comparison/xaf_student_quant_20260908/f_deletion_runs_daa3992/rsar/chaff/seed_43/methods/F_veto_only/ddp2/eval_full_chaff_ids_v1/execution.json,[]
RSAR,chaff,F_veto_only,44,ema,/home/zechuan/iraod_artifacts/comparison/xaf_student_quant_20260908/f_deletion_runs_daa3992/rsar/chaff/seed_44/methods/F_veto_only/ddp2/eval_full_chaff_ids_v1,/home/zechuan/iraod_artifacts/comparison/xaf_student_quant_20260908/f_deletion_runs_daa3992/rsar/chaff/seed_44/methods/F_veto_only/ddp2/eval_full_chaff_ids_v1/eval_20260910_033707.json,/home/zechuan/iraod_artifacts/comparison/xaf_student_quant_20260908/f_deletion_runs_daa3992/rsar/chaff/seed_44/methods/F_veto_only/ddp2/eval_full_chaff_ids_v1/predictions.pkl.image_ids.json,/home/zechuan/IRAOD-New-rc331d213/configs/baseline/oriented_rcnn_orthonet_rsar.py,complete,0.4669220447540283,0.4669220447540283,[],8538,72044,/home/zechuan/iraod_artifacts/comparison/xaf_student_quant_20260908/f_deletion_runs_daa3992/rsar/chaff/seed_44/methods/F_veto_only/ddp2/work/iter_266_ema.pth,e489f015cc2b67926a415436c97532ff814f826c4861b659cbc712fb9413b98c,,/home/zechuan/iraod_artifacts/comparison/xaf_student_quant_20260908/f_deletion_runs_daa3992/rsar/chaff/seed_44/methods/F_veto_only/ddp2/eval_full_chaff_ids_v1/eval_status,/home/zechuan/iraod_artifacts/comparison/xaf_student_quant_20260908/f_deletion_runs_daa3992/rsar/chaff/seed_44/methods/F_veto_only/ddp2/eval_full_chaff_ids_v1/class_ap.txt,/home/zechuan/iraod_artifacts/comparison/xaf_student_quant_20260908/f_deletion_runs_daa3992/rsar/chaff/seed_44/methods/F_veto_only/ddp2/eval_full_chaff_ids_v1/predictions.pkl,/home/zechuan/iraod_artifacts/comparison/xaf_student_quant_20260908/f_deletion_runs_daa3992/rsar/chaff/seed_44/methods/F_veto_only/ddp2/eval_full_chaff_ids_v1/pred_count.txt,0f98a48b539f9260055fc305784ffbc924f50451,331d2131b84651f0a2930a3d53faeefad8701531,0f98a48b539f9260055fc305784ffbc924f50451,0f98a48b539f9260055fc305784ffbc924f50451,,recorded_adaptation_producer,,,,common_one_epoch,/mnt/HDD_14TB/zechuan/iraod_artifacts/comparison/xaf_student_quant_20260908/report_checkpoint_breg_f_ema_20260909T2102Z/mapped_runtimes/f_deletion_manifests_daa3992.runtime.json,/home/zechuan/iraod_artifacts/comparison/xaf_student_quant_20260908/f_deletion_runs_daa3992/rsar/chaff/seed_44/methods/F_veto_only/ddp2/eval_full_chaff_ids_v1/execution.json,[]
RSAR,gaussian_white_noise,A,42,source,/home/zechuan/iraod_artifacts/comparison/rsar/gaussian_white_noise/seed_42/0f98a48/methods/A/eval_full_gaussian_white_noise_ids_v1,/home/zechuan/iraod_artifacts/comparison/rsar/gaussian_white_noise/seed_42/0f98a48/methods/A/eval_full_gaussian_white_noise_ids_v1/eval_20260907_095727.json,/home/zechuan/iraod_artifacts/comparison/rsar/gaussian_white_noise/seed_42/0f98a48/methods/A/eval_full_gaussian_white_noise_ids_v1/predictions.pkl.image_ids.json,/mnt/SSD2_8TB/zechuan/IRAOD-New-rc331d213/configs/baseline/oriented_rcnn_orthonet_rsar.py,complete,0.5281371474266052,0.5281371474266052,[],8538,59649,/home/zechuan/iraod_artifacts/rsar_source/seed42-orthonet-ddp4-gpu4567-spg16-gbs64/train/epoch_100.pth,e489f015cc2b67926a415436c97532ff814f826c4861b659cbc712fb9413b98c,,/home/zechuan/iraod_artifacts/comparison/rsar/gaussian_white_noise/seed_42/0f98a48/methods/A/eval_full_gaussian_white_noise_ids_v1/eval_status,/home/zechuan/iraod_artifacts/comparison/rsar/gaussian_white_noise/seed_42/0f98a48/methods/A/eval_full_gaussian_white_noise_ids_v1/class_ap.txt,/home/zechuan/iraod_artifacts/comparison/rsar/gaussian_white_noise/seed_42/0f98a48/methods/A/eval_full_gaussian_white_noise_ids_v1/predictions.pkl,/home/zechuan/iraod_artifacts/comparison/rsar/gaussian_white_noise/seed_42/0f98a48/methods/A/eval_full_gaussian_white_noise_ids_v1/pred_count.txt,0f98a48b539f9260055fc305784ffbc924f50451,331d2131b84651f0a2930a3d53faeefad8701531,0f98a48b539f9260055fc305784ffbc924f50451,b474aaa5f7718746215ce13beceb071617bb823e,b474aaa5f7718746215ce13beceb071617bb823e,source_producer_corrected_in_report,"{""dataset"": ""RSAR"", ""domain"": ""gaussian_white_noise"", ""method"": ""A"", ""seed"": 42, ""role"": ""source"", ""field"": ""training_code_sha"", ""recorded"": ""0f98a48b539f9260055fc305784ffbc924f50451"", ""actual"": ""b474aaa5f7718746215ce13beceb071617bb823e"", ""source_checkpoint"": ""/home/zechuan/iraod_artifacts/rsar_source/seed42-orthonet-ddp4-gpu4567-spg16-gbs64/train/epoch_100.pth"", ""source_weights_sha256"": ""e489f015cc2b67926a415436c97532ff814f826c4861b659cbc712fb9413b98c"", ""source_record"": ""/home/zechuan/iraod_artifacts/rsar_source/seed42-orthonet-ddp4-gpu4567-spg16-gbs64/reproducibility/git_commit.txt"", ""source_record_snapshot"": ""/home/zechuan/iraod_artifacts/comparison/final_delivery_20260908_4a6bc50/input/source_records/RSAR_producer_git_commit.txt"", ""sidecar"": ""/home/zechuan/iraod_artifacts/comparison/rsar/gaussian_white_noise/seed_42/0f98a48/methods/A/eval_full_gaussian_white_noise_ids_v1/predictions.pkl.image_ids.json"", ""sidecar_modified"": false, ""scope"": ""producer metadata only; weights, predictions, IDs and mAP unchanged""}",0.5281371474266052,/mnt/HDD_14TB/zechuan/IRAOD-New-report-complete-path-identities-44ac421-20260909/results/paper_comparison/historical/seed42/raw_results.csv,fixed_source,,,
RSAR,gaussian_white_noise,B_REG,42,ema,/home/zechuan/iraod_artifacts/comparison/xaf_student_quant_20260908/b_reg_runs_0e5f8f7/rsar/gaussian_white_noise/seed_42/methods/B_REG/eval_full_gaussian_white_noise_ids_v1,,/home/zechuan/iraod_artifacts/comparison/xaf_student_quant_20260908/b_reg_runs_0e5f8f7/rsar/gaussian_white_noise/seed_42/methods/B_REG/eval_full_gaussian_white_noise_ids_v1/predictions.pkl.image_ids.json,/home/zechuan/IRAOD-New-rc331d213/configs/baseline/oriented_rcnn_orthonet_rsar.py,incomplete,,,"[""missing_eval_json"", ""checkpoint_missing_or_size_changed"", ""missing_native_execution_binding"", ""checkpoint_unverified_or_wrong_source"", ""missing_eval_status"", ""missing_class_ap"", ""missing_predictions"", ""missing_pred_count"", ""missing_eval_json"", ""missing_prediction_image_order""]",,,/home/zechuan/iraod_artifacts/comparison/xaf_student_quant_20260908/b_reg_runs_0e5f8f7/rsar/gaussian_white_noise/seed_42/methods/B_REG/work/iter_266_ema.pth,e489f015cc2b67926a415436c97532ff814f826c4861b659cbc712fb9413b98c,,/home/zechuan/iraod_artifacts/comparison/xaf_student_quant_20260908/b_reg_runs_0e5f8f7/rsar/gaussian_white_noise/seed_42/methods/B_REG/eval_full_gaussian_white_noise_ids_v1/eval_status,/home/zechuan/iraod_artifacts/comparison/xaf_student_quant_20260908/b_reg_runs_0e5f8f7/rsar/gaussian_white_noise/seed_42/methods/B_REG/eval_full_gaussian_white_noise_ids_v1/class_ap.txt,/home/zechuan/iraod_artifacts/comparison/xaf_student_quant_20260908/b_reg_runs_0e5f8f7/rsar/gaussian_white_noise/seed_42/methods/B_REG/eval_full_gaussian_white_noise_ids_v1/predictions.pkl,/home/zechuan/iraod_artifacts/comparison/xaf_student_quant_20260908/b_reg_runs_0e5f8f7/rsar/gaussian_white_noise/seed_42/methods/B_REG/eval_full_gaussian_white_noise_ids_v1/pred_count.txt,0f98a48b539f9260055fc305784ffbc924f50451,331d2131b84651f0a2930a3d53faeefad8701531,0f98a48b539f9260055fc305784ffbc924f50451,0f98a48b539f9260055fc305784ffbc924f50451,,recorded_adaptation_producer,,,,common_one_epoch,/mnt/HDD_14TB/zechuan/iraod_artifacts/comparison/xaf_student_quant_20260908/report_checkpoint_breg_f_ema_20260909T2102Z/mapped_runtimes/b_reg_manifests_0e5f8f7.runtime.json,/home/zechuan/iraod_artifacts/comparison/xaf_student_quant_20260908/b_reg_runs_0e5f8f7/rsar/gaussian_white_noise/seed_42/methods/B_REG/eval_full_gaussian_white_noise_ids_v1/execution.json,"[""missing_eval_json"", ""checkpoint_missing_or_size_changed"", ""missing_native_execution_binding""]"
RSAR,gaussian_white_noise,B_REG,43,ema,/home/zechuan/iraod_artifacts/comparison/xaf_student_quant_20260908/b_reg_runs_0e5f8f7/rsar/gaussian_white_noise/seed_43/methods/B_REG/eval_full_gaussian_white_noise_ids_v1,,/home/zechuan/iraod_artifacts/comparison/xaf_student_quant_20260908/b_reg_runs_0e5f8f7/rsar/gaussian_white_noise/seed_43/methods/B_REG/eval_full_gaussian_white_noise_ids_v1/predictions.pkl.image_ids.json,/home/zechuan/IRAOD-New-rc331d213/configs/baseline/oriented_rcnn_orthonet_rsar.py,incomplete,,,"[""missing_eval_json"", ""checkpoint_missing_or_size_changed"", ""missing_native_execution_binding"", ""checkpoint_unverified_or_wrong_source"", ""missing_eval_status"", ""missing_class_ap"", ""missing_predictions"", ""missing_pred_count"", ""missing_eval_json"", ""missing_prediction_image_order""]",,,/home/zechuan/iraod_artifacts/comparison/xaf_student_quant_20260908/b_reg_runs_0e5f8f7/rsar/gaussian_white_noise/seed_43/methods/B_REG/work/iter_266_ema.pth,e489f015cc2b67926a415436c97532ff814f826c4861b659cbc712fb9413b98c,,/home/zechuan/iraod_artifacts/comparison/xaf_student_quant_20260908/b_reg_runs_0e5f8f7/rsar/gaussian_white_noise/seed_43/methods/B_REG/eval_full_gaussian_white_noise_ids_v1/eval_status,/home/zechuan/iraod_artifacts/comparison/xaf_student_quant_20260908/b_reg_runs_0e5f8f7/rsar/gaussian_white_noise/seed_43/methods/B_REG/eval_full_gaussian_white_noise_ids_v1/class_ap.txt,/home/zechuan/iraod_artifacts/comparison/xaf_student_quant_20260908/b_reg_runs_0e5f8f7/rsar/gaussian_white_noise/seed_43/methods/B_REG/eval_full_gaussian_white_noise_ids_v1/predictions.pkl,/home/zechuan/iraod_artifacts/comparison/xaf_student_quant_20260908/b_reg_runs_0e5f8f7/rsar/gaussian_white_noise/seed_43/methods/B_REG/eval_full_gaussian_white_noise_ids_v1/pred_count.txt,0f98a48b539f9260055fc305784ffbc924f50451,331d2131b84651f0a2930a3d53faeefad8701531,0f98a48b539f9260055fc305784ffbc924f50451,0f98a48b539f9260055fc305784ffbc924f50451,,recorded_adaptation_producer,,,,common_one_epoch,/mnt/HDD_14TB/zechuan/iraod_artifacts/comparison/xaf_student_quant_20260908/report_checkpoint_breg_f_ema_20260909T2102Z/mapped_runtimes/b_reg_manifests_0e5f8f7.runtime.json,/home/zechuan/iraod_artifacts/comparison/xaf_student_quant_20260908/b_reg_runs_0e5f8f7/rsar/gaussian_white_noise/seed_43/methods/B_REG/eval_full_gaussian_white_noise_ids_v1/execution.json,"[""missing_eval_json"", ""checkpoint_missing_or_size_changed"", ""missing_native_execution_binding""]"
RSAR,gaussian_white_noise,B_REG,44,ema,/home/zechuan/iraod_artifacts/comparison/xaf_student_quant_20260908/b_reg_runs_0e5f8f7/rsar/gaussian_white_noise/seed_44/methods/B_REG/eval_full_gaussian_white_noise_ids_v1,,/home/zechuan/iraod_artifacts/comparison/xaf_student_quant_20260908/b_reg_runs_0e5f8f7/rsar/gaussian_white_noise/seed_44/methods/B_REG/eval_full_gaussian_white_noise_ids_v1/predictions.pkl.image_ids.json,/home/zechuan/IRAOD-New-rc331d213/configs/baseline/oriented_rcnn_orthonet_rsar.py,incomplete,,,"[""missing_eval_json"", ""checkpoint_missing_or_size_changed"", ""missing_native_execution_binding"", ""checkpoint_unverified_or_wrong_source"", ""missing_eval_status"", ""missing_class_ap"", ""missing_predictions"", ""missing_pred_count"", ""missing_eval_json"", ""missing_prediction_image_order""]",,,/home/zechuan/iraod_artifacts/comparison/xaf_student_quant_20260908/b_reg_runs_0e5f8f7/rsar/gaussian_white_noise/seed_44/methods/B_REG/work/iter_266_ema.pth,e489f015cc2b67926a415436c97532ff814f826c4861b659cbc712fb9413b98c,,/home/zechuan/iraod_artifacts/comparison/xaf_student_quant_20260908/b_reg_runs_0e5f8f7/rsar/gaussian_white_noise/seed_44/methods/B_REG/eval_full_gaussian_white_noise_ids_v1/eval_status,/home/zechuan/iraod_artifacts/comparison/xaf_student_quant_20260908/b_reg_runs_0e5f8f7/rsar/gaussian_white_noise/seed_44/methods/B_REG/eval_full_gaussian_white_noise_ids_v1/class_ap.txt,/home/zechuan/iraod_artifacts/comparison/xaf_student_quant_20260908/b_reg_runs_0e5f8f7/rsar/gaussian_white_noise/seed_44/methods/B_REG/eval_full_gaussian_white_noise_ids_v1/predictions.pkl,/home/zechuan/iraod_artifacts/comparison/xaf_student_quant_20260908/b_reg_runs_0e5f8f7/rsar/gaussian_white_noise/seed_44/methods/B_REG/eval_full_gaussian_white_noise_ids_v1/pred_count.txt,0f98a48b539f9260055fc305784ffbc924f50451,331d2131b84651f0a2930a3d53faeefad8701531,0f98a48b539f9260055fc305784ffbc924f50451,0f98a48b539f9260055fc305784ffbc924f50451,,recorded_adaptation_producer,,,,common_one_epoch,/mnt/HDD_14TB/zechuan/iraod_artifacts/comparison/xaf_student_quant_20260908/report_checkpoint_breg_f_ema_20260909T2102Z/mapped_runtimes/b_reg_manifests_0e5f8f7.runtime.json,/home/zechuan/iraod_artifacts/comparison/xaf_student_quant_20260908/b_reg_runs_0e5f8f7/rsar/gaussian_white_noise/seed_44/methods/B_REG/eval_full_gaussian_white_noise_ids_v1/execution.json,"[""missing_eval_json"", ""checkpoint_missing_or_size_changed"", ""missing_native_execution_binding""]"
RSAR,gaussian_white_noise,F_text_only,42,ema,/home/zechuan/iraod_artifacts/comparison/xaf_student_quant_20260908/f_deletion_runs_daa3992/rsar/gaussian_white_noise/seed_42/methods/F_text_only/ddp2/eval_full_gaussian_white_noise_ids_v1,/home/zechuan/iraod_artifacts/comparison/xaf_student_quant_20260908/f_deletion_runs_daa3992/rsar/gaussian_white_noise/seed_42/methods/F_text_only/ddp2/eval_full_gaussian_white_noise_ids_v1/eval_20260910_033719.json,/home/zechuan/iraod_artifacts/comparison/xaf_student_quant_20260908/f_deletion_runs_daa3992/rsar/gaussian_white_noise/seed_42/methods/F_text_only/ddp2/eval_full_gaussian_white_noise_ids_v1/predictions.pkl.image_ids.json,/home/zechuan/IRAOD-New-rc331d213/configs/baseline/oriented_rcnn_orthonet_rsar.py,complete,0.5154159665107727,0.5154159665107727,[],8538,49126,/home/zechuan/iraod_artifacts/comparison/xaf_student_quant_20260908/f_deletion_runs_daa3992/rsar/gaussian_white_noise/seed_42/methods/F_text_only/ddp2/work/iter_266_ema.pth,e489f015cc2b67926a415436c97532ff814f826c4861b659cbc712fb9413b98c,,/home/zechuan/iraod_artifacts/comparison/xaf_student_quant_20260908/f_deletion_runs_daa3992/rsar/gaussian_white_noise/seed_42/methods/F_text_only/ddp2/eval_full_gaussian_white_noise_ids_v1/eval_status,/home/zechuan/iraod_artifacts/comparison/xaf_student_quant_20260908/f_deletion_runs_daa3992/rsar/gaussian_white_noise/seed_42/methods/F_text_only/ddp2/eval_full_gaussian_white_noise_ids_v1/class_ap.txt,/home/zechuan/iraod_artifacts/comparison/xaf_student_quant_20260908/f_deletion_runs_daa3992/rsar/gaussian_white_noise/seed_42/methods/F_text_only/ddp2/eval_full_gaussian_white_noise_ids_v1/predictions.pkl,/home/zechuan/iraod_artifacts/comparison/xaf_student_quant_20260908/f_deletion_runs_daa3992/rsar/gaussian_white_noise/seed_42/methods/F_text_only/ddp2/eval_full_gaussian_white_noise_ids_v1/pred_count.txt,0f98a48b539f9260055fc305784ffbc924f50451,331d2131b84651f0a2930a3d53faeefad8701531,0f98a48b539f9260055fc305784ffbc924f50451,0f98a48b539f9260055fc305784ffbc924f50451,,recorded_adaptation_producer,,,,common_one_epoch,/mnt/HDD_14TB/zechuan/iraod_artifacts/comparison/xaf_student_quant_20260908/report_checkpoint_breg_f_ema_20260909T2102Z/mapped_runtimes/f_deletion_manifests_daa3992.runtime.json,/home/zechuan/iraod_artifacts/comparison/xaf_student_quant_20260908/f_deletion_runs_daa3992/rsar/gaussian_white_noise/seed_42/methods/F_text_only/ddp2/eval_full_gaussian_white_noise_ids_v1/execution.json,[]
RSAR,gaussian_white_noise,F_text_only,43,ema,/home/zechuan/iraod_artifacts/comparison/xaf_student_quant_20260908/f_deletion_runs_daa3992/rsar/gaussian_white_noise/seed_43/methods/F_text_only/ddp2/eval_full_gaussian_white_noise_ids_v1,/home/zechuan/iraod_artifacts/comparison/xaf_student_quant_20260908/f_deletion_runs_daa3992/rsar/gaussian_white_noise/seed_43/methods/F_text_only/ddp2/eval_full_gaussian_white_noise_ids_v1/eval_20260910_033829.json,/home/zechuan/iraod_artifacts/comparison/xaf_student_quant_20260908/f_deletion_runs_daa3992/rsar/gaussian_white_noise/seed_43/methods/F_text_only/ddp2/eval_full_gaussian_white_noise_ids_v1/predictions.pkl.image_ids.json,/home/zechuan/IRAOD-New-rc331d213/configs/baseline/oriented_rcnn_orthonet_rsar.py,complete,0.5056610107421875,0.5056610107421875,[],8538,43407,/home/zechuan/iraod_artifacts/comparison/xaf_student_quant_20260908/f_deletion_runs_daa3992/rsar/gaussian_white_noise/seed_43/methods/F_text_only/ddp2/work/iter_266_ema.pth,e489f015cc2b67926a415436c97532ff814f826c4861b659cbc712fb9413b98c,,/home/zechuan/iraod_artifacts/comparison/xaf_student_quant_20260908/f_deletion_runs_daa3992/rsar/gaussian_white_noise/seed_43/methods/F_text_only/ddp2/eval_full_gaussian_white_noise_ids_v1/eval_status,/home/zechuan/iraod_artifacts/comparison/xaf_student_quant_20260908/f_deletion_runs_daa3992/rsar/gaussian_white_noise/seed_43/methods/F_text_only/ddp2/eval_full_gaussian_white_noise_ids_v1/class_ap.txt,/home/zechuan/iraod_artifacts/comparison/xaf_student_quant_20260908/f_deletion_runs_daa3992/rsar/gaussian_white_noise/seed_43/methods/F_text_only/ddp2/eval_full_gaussian_white_noise_ids_v1/predictions.pkl,/home/zechuan/iraod_artifacts/comparison/xaf_student_quant_20260908/f_deletion_runs_daa3992/rsar/gaussian_white_noise/seed_43/methods/F_text_only/ddp2/eval_full_gaussian_white_noise_ids_v1/pred_count.txt,0f98a48b539f9260055fc305784ffbc924f50451,331d2131b84651f0a2930a3d53faeefad8701531,0f98a48b539f9260055fc305784ffbc924f50451,0f98a48b539f9260055fc305784ffbc924f50451,,recorded_adaptation_producer,,,,common_one_epoch,/mnt/HDD_14TB/zechuan/iraod_artifacts/comparison/xaf_student_quant_20260908/report_checkpoint_breg_f_ema_20260909T2102Z/mapped_runtimes/f_deletion_manifests_daa3992.runtime.json,/home/zechuan/iraod_artifacts/comparison/xaf_student_quant_20260908/f_deletion_runs_daa3992/rsar/gaussian_white_noise/seed_43/methods/F_text_only/ddp2/eval_full_gaussian_white_noise_ids_v1/execution.json,[]
RSAR,gaussian_white_noise,F_text_only,44,ema,/home/zechuan/iraod_artifacts/comparison/xaf_student_quant_20260908/f_deletion_runs_daa3992/rsar/gaussian_white_noise/seed_44/methods/F_text_only/ddp2/eval_full_gaussian_white_noise_ids_v1,,/home/zechuan/iraod_artifacts/comparison/xaf_student_quant_20260908/f_deletion_runs_daa3992/rsar/gaussian_white_noise/seed_44/methods/F_text_only/ddp2/eval_full_gaussian_white_noise_ids_v1/predictions.pkl.image_ids.json,/home/zechuan/IRAOD-New-rc331d213/configs/baseline/oriented_rcnn_orthonet_rsar.py,incomplete,,,"[""missing_eval_json"", ""checkpoint_missing_or_size_changed"", ""missing_native_execution_binding"", ""checkpoint_unverified_or_wrong_source"", ""missing_eval_status"", ""missing_class_ap"", ""missing_predictions"", ""missing_pred_count"", ""missing_eval_json"", ""missing_prediction_image_order""]",,,/home/zechuan/iraod_artifacts/comparison/xaf_student_quant_20260908/f_deletion_runs_daa3992/rsar/gaussian_white_noise/seed_44/methods/F_text_only/ddp2/work/iter_266_ema.pth,e489f015cc2b67926a415436c97532ff814f826c4861b659cbc712fb9413b98c,,/home/zechuan/iraod_artifacts/comparison/xaf_student_quant_20260908/f_deletion_runs_daa3992/rsar/gaussian_white_noise/seed_44/methods/F_text_only/ddp2/eval_full_gaussian_white_noise_ids_v1/eval_status,/home/zechuan/iraod_artifacts/comparison/xaf_student_quant_20260908/f_deletion_runs_daa3992/rsar/gaussian_white_noise/seed_44/methods/F_text_only/ddp2/eval_full_gaussian_white_noise_ids_v1/class_ap.txt,/home/zechuan/iraod_artifacts/comparison/xaf_student_quant_20260908/f_deletion_runs_daa3992/rsar/gaussian_white_noise/seed_44/methods/F_text_only/ddp2/eval_full_gaussian_white_noise_ids_v1/predictions.pkl,/home/zechuan/iraod_artifacts/comparison/xaf_student_quant_20260908/f_deletion_runs_daa3992/rsar/gaussian_white_noise/seed_44/methods/F_text_only/ddp2/eval_full_gaussian_white_noise_ids_v1/pred_count.txt,0f98a48b539f9260055fc305784ffbc924f50451,331d2131b84651f0a2930a3d53faeefad8701531,0f98a48b539f9260055fc305784ffbc924f50451,0f98a48b539f9260055fc305784ffbc924f50451,,recorded_adaptation_producer,,,,common_one_epoch,/mnt/HDD_14TB/zechuan/iraod_artifacts/comparison/xaf_student_quant_20260908/report_checkpoint_breg_f_ema_20260909T2102Z/mapped_runtimes/f_deletion_manifests_daa3992.runtime.json,/home/zechuan/iraod_artifacts/comparison/xaf_student_quant_20260908/f_deletion_runs_daa3992/rsar/gaussian_white_noise/seed_44/methods/F_text_only/ddp2/eval_full_gaussian_white_noise_ids_v1/execution.json,"[""missing_eval_json"", ""checkpoint_missing_or_size_changed"", ""missing_native_execution_binding""]"
RSAR,gaussian_white_noise,F_veto_only,42,ema,/home/zechuan/iraod_artifacts/comparison/xaf_student_quant_20260908/f_deletion_runs_daa3992/rsar/gaussian_white_noise/seed_42/methods/F_veto_only/ddp2/eval_full_gaussian_white_noise_ids_v1,,/home/zechuan/iraod_artifacts/comparison/xaf_student_quant_20260908/f_deletion_runs_daa3992/rsar/gaussian_white_noise/seed_42/methods/F_veto_only/ddp2/eval_full_gaussian_white_noise_ids_v1/predictions.pkl.image_ids.json,/home/zechuan/IRAOD-New-rc331d213/configs/baseline/oriented_rcnn_orthonet_rsar.py,incomplete,,,"[""missing_eval_json"", ""checkpoint_missing_or_size_changed"", ""missing_native_execution_binding"", ""checkpoint_unverified_or_wrong_source"", ""missing_eval_status"", ""missing_class_ap"", ""missing_predictions"", ""missing_pred_count"", ""missing_eval_json"", ""missing_prediction_image_order""]",,,/home/zechuan/iraod_artifacts/comparison/xaf_student_quant_20260908/f_deletion_runs_daa3992/rsar/gaussian_white_noise/seed_42/methods/F_veto_only/ddp2/work/iter_266_ema.pth,e489f015cc2b67926a415436c97532ff814f826c4861b659cbc712fb9413b98c,,/home/zechuan/iraod_artifacts/comparison/xaf_student_quant_20260908/f_deletion_runs_daa3992/rsar/gaussian_white_noise/seed_42/methods/F_veto_only/ddp2/eval_full_gaussian_white_noise_ids_v1/eval_status,/home/zechuan/iraod_artifacts/comparison/xaf_student_quant_20260908/f_deletion_runs_daa3992/rsar/gaussian_white_noise/seed_42/methods/F_veto_only/ddp2/eval_full_gaussian_white_noise_ids_v1/class_ap.txt,/home/zechuan/iraod_artifacts/comparison/xaf_student_quant_20260908/f_deletion_runs_daa3992/rsar/gaussian_white_noise/seed_42/methods/F_veto_only/ddp2/eval_full_gaussian_white_noise_ids_v1/predictions.pkl,/home/zechuan/iraod_artifacts/comparison/xaf_student_quant_20260908/f_deletion_runs_daa3992/rsar/gaussian_white_noise/seed_42/methods/F_veto_only/ddp2/eval_full_gaussian_white_noise_ids_v1/pred_count.txt,0f98a48b539f9260055fc305784ffbc924f50451,331d2131b84651f0a2930a3d53faeefad8701531,0f98a48b539f9260055fc305784ffbc924f50451,0f98a48b539f9260055fc305784ffbc924f50451,,recorded_adaptation_producer,,,,common_one_epoch,/mnt/HDD_14TB/zechuan/iraod_artifacts/comparison/xaf_student_quant_20260908/report_checkpoint_breg_f_ema_20260909T2102Z/mapped_runtimes/f_deletion_manifests_daa3992.runtime.json,/home/zechuan/iraod_artifacts/comparison/xaf_student_quant_20260908/f_deletion_runs_daa3992/rsar/gaussian_white_noise/seed_42/methods/F_veto_only/ddp2/eval_full_gaussian_white_noise_ids_v1/execution.json,"[""missing_eval_json"", ""checkpoint_missing_or_size_changed"", ""missing_native_execution_binding""]"
RSAR,gaussian_white_noise,F_veto_only,43,ema,/home/zechuan/iraod_artifacts/comparison/xaf_student_quant_20260908/f_deletion_runs_daa3992/rsar/gaussian_white_noise/seed_43/methods/F_veto_only/ddp2/eval_full_gaussian_white_noise_ids_v1,/home/zechuan/iraod_artifacts/comparison/xaf_student_quant_20260908/f_deletion_runs_daa3992/rsar/gaussian_white_noise/seed_43/methods/F_veto_only/ddp2/eval_full_gaussian_white_noise_ids_v1/eval_20260910_033838.json,/home/zechuan/iraod_artifacts/comparison/xaf_student_quant_20260908/f_deletion_runs_daa3992/rsar/gaussian_white_noise/seed_43/methods/F_veto_only/ddp2/eval_full_gaussian_white_noise_ids_v1/predictions.pkl.image_ids.json,/home/zechuan/IRAOD-New-rc331d213/configs/baseline/oriented_rcnn_orthonet_rsar.py,complete,0.5172854065895081,0.5172854065895081,[],8538,68178,/home/zechuan/iraod_artifacts/comparison/xaf_student_quant_20260908/f_deletion_runs_daa3992/rsar/gaussian_white_noise/seed_43/methods/F_veto_only/ddp2/work/iter_266_ema.pth,e489f015cc2b67926a415436c97532ff814f826c4861b659cbc712fb9413b98c,,/home/zechuan/iraod_artifacts/comparison/xaf_student_quant_20260908/f_deletion_runs_daa3992/rsar/gaussian_white_noise/seed_43/methods/F_veto_only/ddp2/eval_full_gaussian_white_noise_ids_v1/eval_status,/home/zechuan/iraod_artifacts/comparison/xaf_student_quant_20260908/f_deletion_runs_daa3992/rsar/gaussian_white_noise/seed_43/methods/F_veto_only/ddp2/eval_full_gaussian_white_noise_ids_v1/class_ap.txt,/home/zechuan/iraod_artifacts/comparison/xaf_student_quant_20260908/f_deletion_runs_daa3992/rsar/gaussian_white_noise/seed_43/methods/F_veto_only/ddp2/eval_full_gaussian_white_noise_ids_v1/predictions.pkl,/home/zechuan/iraod_artifacts/comparison/xaf_student_quant_20260908/f_deletion_runs_daa3992/rsar/gaussian_white_noise/seed_43/methods/F_veto_only/ddp2/eval_full_gaussian_white_noise_ids_v1/pred_count.txt,0f98a48b539f9260055fc305784ffbc924f50451,331d2131b84651f0a2930a3d53faeefad8701531,0f98a48b539f9260055fc305784ffbc924f50451,0f98a48b539f9260055fc305784ffbc924f50451,,recorded_adaptation_producer,,,,common_one_epoch,/mnt/HDD_14TB/zechuan/iraod_artifacts/comparison/xaf_student_quant_20260908/report_checkpoint_breg_f_ema_20260909T2102Z/mapped_runtimes/f_deletion_manifests_daa3992.runtime.json,/home/zechuan/iraod_artifacts/comparison/xaf_student_quant_20260908/f_deletion_runs_daa3992/rsar/gaussian_white_noise/seed_43/methods/F_veto_only/ddp2/eval_full_gaussian_white_noise_ids_v1/execution.json,[]
RSAR,gaussian_white_noise,F_veto_only,44,ema,/home/zechuan/iraod_artifacts/comparison/xaf_student_quant_20260908/f_deletion_runs_daa3992/rsar/gaussian_white_noise/seed_44/methods/F_veto_only/ddp2/eval_full_gaussian_white_noise_ids_v1,/home/zechuan/iraod_artifacts/comparison/xaf_student_quant_20260908/f_deletion_runs_daa3992/rsar/gaussian_white_noise/seed_44/methods/F_veto_only/ddp2/eval_full_gaussian_white_noise_ids_v1/eval_20260910_034206.json,/home/zechuan/iraod_artifacts/comparison/xaf_student_quant_20260908/f_deletion_runs_daa3992/rsar/gaussian_white_noise/seed_44/methods/F_veto_only/ddp2/eval_full_gaussian_white_noise_ids_v1/predictions.pkl.image_ids.json,/home/zechuan/IRAOD-New-rc331d213/configs/baseline/oriented_rcnn_orthonet_rsar.py,complete,0.5223820209503174,0.5223820209503174,[],8538,67698,/home/zechuan/iraod_artifacts/comparison/xaf_student_quant_20260908/f_deletion_runs_daa3992/rsar/gaussian_white_noise/seed_44/methods/F_veto_only/ddp2/work/iter_266_ema.pth,e489f015cc2b67926a415436c97532ff814f826c4861b659cbc712fb9413b98c,,/home/zechuan/iraod_artifacts/comparison/xaf_student_quant_20260908/f_deletion_runs_daa3992/rsar/gaussian_white_noise/seed_44/methods/F_veto_only/ddp2/eval_full_gaussian_white_noise_ids_v1/eval_status,/home/zechuan/iraod_artifacts/comparison/xaf_student_quant_20260908/f_deletion_runs_daa3992/rsar/gaussian_white_noise/seed_44/methods/F_veto_only/ddp2/eval_full_gaussian_white_noise_ids_v1/class_ap.txt,/home/zechuan/iraod_artifacts/comparison/xaf_student_quant_20260908/f_deletion_runs_daa3992/rsar/gaussian_white_noise/seed_44/methods/F_veto_only/ddp2/eval_full_gaussian_white_noise_ids_v1/predictions.pkl,/home/zechuan/iraod_artifacts/comparison/xaf_student_quant_20260908/f_deletion_runs_daa3992/rsar/gaussian_white_noise/seed_44/methods/F_veto_only/ddp2/eval_full_gaussian_white_noise_ids_v1/pred_count.txt,0f98a48b539f9260055fc305784ffbc924f50451,331d2131b84651f0a2930a3d53faeefad8701531,0f98a48b539f9260055fc305784ffbc924f50451,0f98a48b539f9260055fc305784ffbc924f50451,,recorded_adaptation_producer,,,,common_one_epoch,/mnt/HDD_14TB/zechuan/iraod_artifacts/comparison/xaf_student_quant_20260908/report_checkpoint_breg_f_ema_20260909T2102Z/mapped_runtimes/f_deletion_manifests_daa3992.runtime.json,/home/zechuan/iraod_artifacts/comparison/xaf_student_quant_20260908/f_deletion_runs_daa3992/rsar/gaussian_white_noise/seed_44/methods/F_veto_only/ddp2/eval_full_gaussian_white_noise_ids_v1/execution.json,[]
RSAR,point_target,A,42,source,/home/zechuan/iraod_artifacts/comparison/rsar/point_target/seed_42/0f98a48/methods/A/eval_full_point_target_ids_v1,/home/zechuan/iraod_artifacts/comparison/rsar/point_target/seed_42/0f98a48/methods/A/eval_full_point_target_ids_v1/eval_20260907_124656.json,/home/zechuan/iraod_artifacts/comparison/rsar/point_target/seed_42/0f98a48/methods/A/eval_full_point_target_ids_v1/predictions.pkl.image_ids.json,/mnt/SSD2_8TB/zechuan/IRAOD-New-rc331d213/configs/baseline/oriented_rcnn_orthonet_rsar.py,complete,0.5158401131629944,0.5158401131629944,[],8538,106100,/home/zechuan/iraod_artifacts/rsar_source/seed42-orthonet-ddp4-gpu4567-spg16-gbs64/train/epoch_100.pth,e489f015cc2b67926a415436c97532ff814f826c4861b659cbc712fb9413b98c,,/home/zechuan/iraod_artifacts/comparison/rsar/point_target/seed_42/0f98a48/methods/A/eval_full_point_target_ids_v1/eval_status,/home/zechuan/iraod_artifacts/comparison/rsar/point_target/seed_42/0f98a48/methods/A/eval_full_point_target_ids_v1/class_ap.txt,/home/zechuan/iraod_artifacts/comparison/rsar/point_target/seed_42/0f98a48/methods/A/eval_full_point_target_ids_v1/predictions.pkl,/home/zechuan/iraod_artifacts/comparison/rsar/point_target/seed_42/0f98a48/methods/A/eval_full_point_target_ids_v1/pred_count.txt,0f98a48b539f9260055fc305784ffbc924f50451,331d2131b84651f0a2930a3d53faeefad8701531,0f98a48b539f9260055fc305784ffbc924f50451,b474aaa5f7718746215ce13beceb071617bb823e,b474aaa5f7718746215ce13beceb071617bb823e,source_producer_corrected_in_report,"{""dataset"": ""RSAR"", ""domain"": ""point_target"", ""method"": ""A"", ""seed"": 42, ""role"": ""source"", ""field"": ""training_code_sha"", ""recorded"": ""0f98a48b539f9260055fc305784ffbc924f50451"", ""actual"": ""b474aaa5f7718746215ce13beceb071617bb823e"", ""source_checkpoint"": ""/home/zechuan/iraod_artifacts/rsar_source/seed42-orthonet-ddp4-gpu4567-spg16-gbs64/train/epoch_100.pth"", ""source_weights_sha256"": ""e489f015cc2b67926a415436c97532ff814f826c4861b659cbc712fb9413b98c"", ""source_record"": ""/home/zechuan/iraod_artifacts/rsar_source/seed42-orthonet-ddp4-gpu4567-spg16-gbs64/reproducibility/git_commit.txt"", ""source_record_snapshot"": ""/home/zechuan/iraod_artifacts/comparison/final_delivery_20260908_4a6bc50/input/source_records/RSAR_producer_git_commit.txt"", ""sidecar"": ""/home/zechuan/iraod_artifacts/comparison/rsar/point_target/seed_42/0f98a48/methods/A/eval_full_point_target_ids_v1/predictions.pkl.image_ids.json"", ""sidecar_modified"": false, ""scope"": ""producer metadata only; weights, predictions, IDs and mAP unchanged""}",0.5158401131629944,/mnt/HDD_14TB/zechuan/IRAOD-New-report-complete-path-identities-44ac421-20260909/results/paper_comparison/historical/seed42/raw_results.csv,fixed_source,,,
RSAR,point_target,B_REG,42,ema,/home/zechuan/iraod_artifacts/comparison/xaf_student_quant_20260908/b_reg_runs_0e5f8f7/rsar/point_target/seed_42/methods/B_REG/eval_full_point_target_ids_v1,,/home/zechuan/iraod_artifacts/comparison/xaf_student_quant_20260908/b_reg_runs_0e5f8f7/rsar/point_target/seed_42/methods/B_REG/eval_full_point_target_ids_v1/predictions.pkl.image_ids.json,/home/zechuan/IRAOD-New-rc331d213/configs/baseline/oriented_rcnn_orthonet_rsar.py,incomplete,,,"[""missing_eval_json"", ""checkpoint_missing_or_size_changed"", ""missing_native_execution_binding"", ""checkpoint_unverified_or_wrong_source"", ""missing_eval_status"", ""missing_class_ap"", ""missing_predictions"", ""missing_pred_count"", ""missing_eval_json"", ""missing_prediction_image_order""]",,,/home/zechuan/iraod_artifacts/comparison/xaf_student_quant_20260908/b_reg_runs_0e5f8f7/rsar/point_target/seed_42/methods/B_REG/work/iter_266_ema.pth,e489f015cc2b67926a415436c97532ff814f826c4861b659cbc712fb9413b98c,,/home/zechuan/iraod_artifacts/comparison/xaf_student_quant_20260908/b_reg_runs_0e5f8f7/rsar/point_target/seed_42/methods/B_REG/eval_full_point_target_ids_v1/eval_status,/home/zechuan/iraod_artifacts/comparison/xaf_student_quant_20260908/b_reg_runs_0e5f8f7/rsar/point_target/seed_42/methods/B_REG/eval_full_point_target_ids_v1/class_ap.txt,/home/zechuan/iraod_artifacts/comparison/xaf_student_quant_20260908/b_reg_runs_0e5f8f7/rsar/point_target/seed_42/methods/B_REG/eval_full_point_target_ids_v1/predictions.pkl,/home/zechuan/iraod_artifacts/comparison/xaf_student_quant_20260908/b_reg_runs_0e5f8f7/rsar/point_target/seed_42/methods/B_REG/eval_full_point_target_ids_v1/pred_count.txt,0f98a48b539f9260055fc305784ffbc924f50451,331d2131b84651f0a2930a3d53faeefad8701531,0f98a48b539f9260055fc305784ffbc924f50451,0f98a48b539f9260055fc305784ffbc924f50451,,recorded_adaptation_producer,,,,common_one_epoch,/mnt/HDD_14TB/zechuan/iraod_artifacts/comparison/xaf_student_quant_20260908/report_checkpoint_breg_f_ema_20260909T2102Z/mapped_runtimes/b_reg_manifests_0e5f8f7.runtime.json,/home/zechuan/iraod_artifacts/comparison/xaf_student_quant_20260908/b_reg_runs_0e5f8f7/rsar/point_target/seed_42/methods/B_REG/eval_full_point_target_ids_v1/execution.json,"[""missing_eval_json"", ""checkpoint_missing_or_size_changed"", ""missing_native_execution_binding""]"
RSAR,point_target,B_REG,43,ema,/home/zechuan/iraod_artifacts/comparison/xaf_student_quant_20260908/b_reg_runs_0e5f8f7/rsar/point_target/seed_43/methods/B_REG/eval_full_point_target_ids_v1,,/home/zechuan/iraod_artifacts/comparison/xaf_student_quant_20260908/b_reg_runs_0e5f8f7/rsar/point_target/seed_43/methods/B_REG/eval_full_point_target_ids_v1/predictions.pkl.image_ids.json,/home/zechuan/IRAOD-New-rc331d213/configs/baseline/oriented_rcnn_orthonet_rsar.py,incomplete,,,"[""missing_eval_json"", ""checkpoint_missing_or_size_changed"", ""missing_native_execution_binding"", ""checkpoint_unverified_or_wrong_source"", ""missing_eval_status"", ""missing_class_ap"", ""missing_predictions"", ""missing_pred_count"", ""missing_eval_json"", ""missing_prediction_image_order""]",,,/home/zechuan/iraod_artifacts/comparison/xaf_student_quant_20260908/b_reg_runs_0e5f8f7/rsar/point_target/seed_43/methods/B_REG/work/iter_266_ema.pth,e489f015cc2b67926a415436c97532ff814f826c4861b659cbc712fb9413b98c,,/home/zechuan/iraod_artifacts/comparison/xaf_student_quant_20260908/b_reg_runs_0e5f8f7/rsar/point_target/seed_43/methods/B_REG/eval_full_point_target_ids_v1/eval_status,/home/zechuan/iraod_artifacts/comparison/xaf_student_quant_20260908/b_reg_runs_0e5f8f7/rsar/point_target/seed_43/methods/B_REG/eval_full_point_target_ids_v1/class_ap.txt,/home/zechuan/iraod_artifacts/comparison/xaf_student_quant_20260908/b_reg_runs_0e5f8f7/rsar/point_target/seed_43/methods/B_REG/eval_full_point_target_ids_v1/predictions.pkl,/home/zechuan/iraod_artifacts/comparison/xaf_student_quant_20260908/b_reg_runs_0e5f8f7/rsar/point_target/seed_43/methods/B_REG/eval_full_point_target_ids_v1/pred_count.txt,0f98a48b539f9260055fc305784ffbc924f50451,331d2131b84651f0a2930a3d53faeefad8701531,0f98a48b539f9260055fc305784ffbc924f50451,0f98a48b539f9260055fc305784ffbc924f50451,,recorded_adaptation_producer,,,,common_one_epoch,/mnt/HDD_14TB/zechuan/iraod_artifacts/comparison/xaf_student_quant_20260908/report_checkpoint_breg_f_ema_20260909T2102Z/mapped_runtimes/b_reg_manifests_0e5f8f7.runtime.json,/home/zechuan/iraod_artifacts/comparison/xaf_student_quant_20260908/b_reg_runs_0e5f8f7/rsar/point_target/seed_43/methods/B_REG/eval_full_point_target_ids_v1/execution.json,"[""missing_eval_json"", ""checkpoint_missing_or_size_changed"", ""missing_native_execution_binding""]"
RSAR,point_target,B_REG,44,ema,/home/zechuan/iraod_artifacts/comparison/xaf_student_quant_20260908/b_reg_runs_0e5f8f7/rsar/point_target/seed_44/methods/B_REG/eval_full_point_target_ids_v1,,/home/zechuan/iraod_artifacts/comparison/xaf_student_quant_20260908/b_reg_runs_0e5f8f7/rsar/point_target/seed_44/methods/B_REG/eval_full_point_target_ids_v1/predictions.pkl.image_ids.json,/home/zechuan/IRAOD-New-rc331d213/configs/baseline/oriented_rcnn_orthonet_rsar.py,incomplete,,,"[""missing_eval_json"", ""checkpoint_missing_or_size_changed"", ""missing_native_execution_binding"", ""checkpoint_unverified_or_wrong_source"", ""missing_eval_status"", ""missing_class_ap"", ""missing_predictions"", ""missing_pred_count"", ""missing_eval_json"", ""missing_prediction_image_order""]",,,/home/zechuan/iraod_artifacts/comparison/xaf_student_quant_20260908/b_reg_runs_0e5f8f7/rsar/point_target/seed_44/methods/B_REG/work/iter_266_ema.pth,e489f015cc2b67926a415436c97532ff814f826c4861b659cbc712fb9413b98c,,/home/zechuan/iraod_artifacts/comparison/xaf_student_quant_20260908/b_reg_runs_0e5f8f7/rsar/point_target/seed_44/methods/B_REG/eval_full_point_target_ids_v1/eval_status,/home/zechuan/iraod_artifacts/comparison/xaf_student_quant_20260908/b_reg_runs_0e5f8f7/rsar/point_target/seed_44/methods/B_REG/eval_full_point_target_ids_v1/class_ap.txt,/home/zechuan/iraod_artifacts/comparison/xaf_student_quant_20260908/b_reg_runs_0e5f8f7/rsar/point_target/seed_44/methods/B_REG/eval_full_point_target_ids_v1/predictions.pkl,/home/zechuan/iraod_artifacts/comparison/xaf_student_quant_20260908/b_reg_runs_0e5f8f7/rsar/point_target/seed_44/methods/B_REG/eval_full_point_target_ids_v1/pred_count.txt,0f98a48b539f9260055fc305784ffbc924f50451,331d2131b84651f0a2930a3d53faeefad8701531,0f98a48b539f9260055fc305784ffbc924f50451,0f98a48b539f9260055fc305784ffbc924f50451,,recorded_adaptation_producer,,,,common_one_epoch,/mnt/HDD_14TB/zechuan/iraod_artifacts/comparison/xaf_student_quant_20260908/report_checkpoint_breg_f_ema_20260909T2102Z/mapped_runtimes/b_reg_manifests_0e5f8f7.runtime.json,/home/zechuan/iraod_artifacts/comparison/xaf_student_quant_20260908/b_reg_runs_0e5f8f7/rsar/point_target/seed_44/methods/B_REG/eval_full_point_target_ids_v1/execution.json,"[""missing_eval_json"", ""checkpoint_missing_or_size_changed"", ""missing_native_execution_binding""]"
RSAR,point_target,F_text_only,42,ema,/home/zechuan/iraod_artifacts/comparison/xaf_student_quant_20260908/f_deletion_runs_daa3992/rsar/point_target/seed_42/methods/F_text_only/ddp2/eval_full_point_target_ids_v1,/home/zechuan/iraod_artifacts/comparison/xaf_student_quant_20260908/f_deletion_runs_daa3992/rsar/point_target/seed_42/methods/F_text_only/ddp2/eval_full_point_target_ids_v1/eval_20260910_034219.json,/home/zechuan/iraod_artifacts/comparison/xaf_student_quant_20260908/f_deletion_runs_daa3992/rsar/point_target/seed_42/methods/F_text_only/ddp2/eval_full_point_target_ids_v1/predictions.pkl.image_ids.json,/home/zechuan/IRAOD-New-rc331d213/configs/baseline/oriented_rcnn_orthonet_rsar.py,complete,0.5038002729415894,0.5038002729415894,[],8538,71558,/home/zechuan/iraod_artifacts/comparison/xaf_student_quant_20260908/f_deletion_runs_daa3992/rsar/point_target/seed_42/methods/F_text_only/ddp2/work/iter_266_ema.pth,e489f015cc2b67926a415436c97532ff814f826c4861b659cbc712fb9413b98c,,/home/zechuan/iraod_artifacts/comparison/xaf_student_quant_20260908/f_deletion_runs_daa3992/rsar/point_target/seed_42/methods/F_text_only/ddp2/eval_full_point_target_ids_v1/eval_status,/home/zechuan/iraod_artifacts/comparison/xaf_student_quant_20260908/f_deletion_runs_daa3992/rsar/point_target/seed_42/methods/F_text_only/ddp2/eval_full_point_target_ids_v1/class_ap.txt,/home/zechuan/iraod_artifacts/comparison/xaf_student_quant_20260908/f_deletion_runs_daa3992/rsar/point_target/seed_42/methods/F_text_only/ddp2/eval_full_point_target_ids_v1/predictions.pkl,/home/zechuan/iraod_artifacts/comparison/xaf_student_quant_20260908/f_deletion_runs_daa3992/rsar/point_target/seed_42/methods/F_text_only/ddp2/eval_full_point_target_ids_v1/pred_count.txt,0f98a48b539f9260055fc305784ffbc924f50451,331d2131b84651f0a2930a3d53faeefad8701531,0f98a48b539f9260055fc305784ffbc924f50451,0f98a48b539f9260055fc305784ffbc924f50451,,recorded_adaptation_producer,,,,common_one_epoch,/mnt/HDD_14TB/zechuan/iraod_artifacts/comparison/xaf_student_quant_20260908/report_checkpoint_breg_f_ema_20260909T2102Z/mapped_runtimes/f_deletion_manifests_daa3992.runtime.json,/home/zechuan/iraod_artifacts/comparison/xaf_student_quant_20260908/f_deletion_runs_daa3992/rsar/point_target/seed_42/methods/F_text_only/ddp2/eval_full_point_target_ids_v1/execution.json,[]
RSAR,point_target,F_text_only,43,ema,/home/zechuan/iraod_artifacts/comparison/xaf_student_quant_20260908/f_deletion_runs_daa3992/rsar/point_target/seed_43/methods/F_text_only/ddp2/eval_full_point_target_ids_v1,/home/zechuan/iraod_artifacts/comparison/xaf_student_quant_20260908/f_deletion_runs_daa3992/rsar/point_target/seed_43/methods/F_text_only/ddp2/eval_full_point_target_ids_v1/eval_20260910_034338.json,/home/zechuan/iraod_artifacts/comparison/xaf_student_quant_20260908/f_deletion_runs_daa3992/rsar/point_target/seed_43/methods/F_text_only/ddp2/eval_full_point_target_ids_v1/predictions.pkl.image_ids.json,/home/zechuan/IRAOD-New-rc331d213/configs/baseline/oriented_rcnn_orthonet_rsar.py,complete,0.49007222056388855,0.49007222056388855,[],8538,57975,/home/zechuan/iraod_artifacts/comparison/xaf_student_quant_20260908/f_deletion_runs_daa3992/rsar/point_target/seed_43/methods/F_text_only/ddp2/work/iter_266_ema.pth,e489f015cc2b67926a415436c97532ff814f826c4861b659cbc712fb9413b98c,,/home/zechuan/iraod_artifacts/comparison/xaf_student_quant_20260908/f_deletion_runs_daa3992/rsar/point_target/seed_43/methods/F_text_only/ddp2/eval_full_point_target_ids_v1/eval_status,/home/zechuan/iraod_artifacts/comparison/xaf_student_quant_20260908/f_deletion_runs_daa3992/rsar/point_target/seed_43/methods/F_text_only/ddp2/eval_full_point_target_ids_v1/class_ap.txt,/home/zechuan/iraod_artifacts/comparison/xaf_student_quant_20260908/f_deletion_runs_daa3992/rsar/point_target/seed_43/methods/F_text_only/ddp2/eval_full_point_target_ids_v1/predictions.pkl,/home/zechuan/iraod_artifacts/comparison/xaf_student_quant_20260908/f_deletion_runs_daa3992/rsar/point_target/seed_43/methods/F_text_only/ddp2/eval_full_point_target_ids_v1/pred_count.txt,0f98a48b539f9260055fc305784ffbc924f50451,331d2131b84651f0a2930a3d53faeefad8701531,0f98a48b539f9260055fc305784ffbc924f50451,0f98a48b539f9260055fc305784ffbc924f50451,,recorded_adaptation_producer,,,,common_one_epoch,/mnt/HDD_14TB/zechuan/iraod_artifacts/comparison/xaf_student_quant_20260908/report_checkpoint_breg_f_ema_20260909T2102Z/mapped_runtimes/f_deletion_manifests_daa3992.runtime.json,/home/zechuan/iraod_artifacts/comparison/xaf_student_quant_20260908/f_deletion_runs_daa3992/rsar/point_target/seed_43/methods/F_text_only/ddp2/eval_full_point_target_ids_v1/execution.json,[]
RSAR,point_target,F_text_only,44,ema,/home/zechuan/iraod_artifacts/comparison/xaf_student_quant_20260908/f_deletion_runs_daa3992/rsar/point_target/seed_44/methods/F_text_only/ddp2/eval_full_point_target_ids_v1,/home/zechuan/iraod_artifacts/comparison/xaf_student_quant_20260908/f_deletion_runs_daa3992/rsar/point_target/seed_44/methods/F_text_only/ddp2/eval_full_point_target_ids_v1/eval_20260910_034718.json,/home/zechuan/iraod_artifacts/comparison/xaf_student_quant_20260908/f_deletion_runs_daa3992/rsar/point_target/seed_44/methods/F_text_only/ddp2/eval_full_point_target_ids_v1/predictions.pkl.image_ids.json,/home/zechuan/IRAOD-New-rc331d213/configs/baseline/oriented_rcnn_orthonet_rsar.py,complete,0.501453161239624,0.501453161239624,[],8538,69267,/home/zechuan/iraod_artifacts/comparison/xaf_student_quant_20260908/f_deletion_runs_daa3992/rsar/point_target/seed_44/methods/F_text_only/ddp2/work/iter_266_ema.pth,e489f015cc2b67926a415436c97532ff814f826c4861b659cbc712fb9413b98c,,/home/zechuan/iraod_artifacts/comparison/xaf_student_quant_20260908/f_deletion_runs_daa3992/rsar/point_target/seed_44/methods/F_text_only/ddp2/eval_full_point_target_ids_v1/eval_status,/home/zechuan/iraod_artifacts/comparison/xaf_student_quant_20260908/f_deletion_runs_daa3992/rsar/point_target/seed_44/methods/F_text_only/ddp2/eval_full_point_target_ids_v1/class_ap.txt,/home/zechuan/iraod_artifacts/comparison/xaf_student_quant_20260908/f_deletion_runs_daa3992/rsar/point_target/seed_44/methods/F_text_only/ddp2/eval_full_point_target_ids_v1/predictions.pkl,/home/zechuan/iraod_artifacts/comparison/xaf_student_quant_20260908/f_deletion_runs_daa3992/rsar/point_target/seed_44/methods/F_text_only/ddp2/eval_full_point_target_ids_v1/pred_count.txt,0f98a48b539f9260055fc305784ffbc924f50451,331d2131b84651f0a2930a3d53faeefad8701531,0f98a48b539f9260055fc305784ffbc924f50451,0f98a48b539f9260055fc305784ffbc924f50451,,recorded_adaptation_producer,,,,common_one_epoch,/mnt/HDD_14TB/zechuan/iraod_artifacts/comparison/xaf_student_quant_20260908/report_checkpoint_breg_f_ema_20260909T2102Z/mapped_runtimes/f_deletion_manifests_daa3992.runtime.json,/home/zechuan/iraod_artifacts/comparison/xaf_student_quant_20260908/f_deletion_runs_daa3992/rsar/point_target/seed_44/methods/F_text_only/ddp2/eval_full_point_target_ids_v1/execution.json,[]
RSAR,point_target,F_veto_only,42,ema,/home/zechuan/iraod_artifacts/comparison/xaf_student_quant_20260908/f_deletion_runs_daa3992/rsar/point_target/seed_42/methods/F_veto_only/ddp2/eval_full_point_target_ids_v1,/home/zechuan/iraod_artifacts/comparison/xaf_student_quant_20260908/f_deletion_runs_daa3992/rsar/point_target/seed_42/methods/F_veto_only/ddp2/eval_full_point_target_ids_v1/eval_20260910_034329.json,/home/zechuan/iraod_artifacts/comparison/xaf_student_quant_20260908/f_deletion_runs_daa3992/rsar/point_target/seed_42/methods/F_veto_only/ddp2/eval_full_point_target_ids_v1/predictions.pkl.image_ids.json,/home/zechuan/IRAOD-New-rc331d213/configs/baseline/oriented_rcnn_orthonet_rsar.py,complete,0.5041168928146362,0.5041168928146362,[],8538,83815,/home/zechuan/iraod_artifacts/comparison/xaf_student_quant_20260908/f_deletion_runs_daa3992/rsar/point_target/seed_42/methods/F_veto_only/ddp2/work/iter_266_ema.pth,e489f015cc2b67926a415436c97532ff814f826c4861b659cbc712fb9413b98c,,/home/zechuan/iraod_artifacts/comparison/xaf_student_quant_20260908/f_deletion_runs_daa3992/rsar/point_target/seed_42/methods/F_veto_only/ddp2/eval_full_point_target_ids_v1/eval_status,/home/zechuan/iraod_artifacts/comparison/xaf_student_quant_20260908/f_deletion_runs_daa3992/rsar/point_target/seed_42/methods/F_veto_only/ddp2/eval_full_point_target_ids_v1/class_ap.txt,/home/zechuan/iraod_artifacts/comparison/xaf_student_quant_20260908/f_deletion_runs_daa3992/rsar/point_target/seed_42/methods/F_veto_only/ddp2/eval_full_point_target_ids_v1/predictions.pkl,/home/zechuan/iraod_artifacts/comparison/xaf_student_quant_20260908/f_deletion_runs_daa3992/rsar/point_target/seed_42/methods/F_veto_only/ddp2/eval_full_point_target_ids_v1/pred_count.txt,0f98a48b539f9260055fc305784ffbc924f50451,331d2131b84651f0a2930a3d53faeefad8701531,0f98a48b539f9260055fc305784ffbc924f50451,0f98a48b539f9260055fc305784ffbc924f50451,,recorded_adaptation_producer,,,,common_one_epoch,/mnt/HDD_14TB/zechuan/iraod_artifacts/comparison/xaf_student_quant_20260908/report_checkpoint_breg_f_ema_20260909T2102Z/mapped_runtimes/f_deletion_manifests_daa3992.runtime.json,/home/zechuan/iraod_artifacts/comparison/xaf_student_quant_20260908/f_deletion_runs_daa3992/rsar/point_target/seed_42/methods/F_veto_only/ddp2/eval_full_point_target_ids_v1/execution.json,[]
RSAR,point_target,F_veto_only,43,ema,/home/zechuan/iraod_artifacts/comparison/xaf_student_quant_20260908/f_deletion_runs_daa3992/rsar/point_target/seed_43/methods/F_veto_only/ddp2/eval_full_point_target_ids_v1,/home/zechuan/iraod_artifacts/comparison/xaf_student_quant_20260908/f_deletion_runs_daa3992/rsar/point_target/seed_43/methods/F_veto_only/ddp2/eval_full_point_target_ids_v1/eval_20260910_034704.json,/home/zechuan/iraod_artifacts/comparison/xaf_student_quant_20260908/f_deletion_runs_daa3992/rsar/point_target/seed_43/methods/F_veto_only/ddp2/eval_full_point_target_ids_v1/predictions.pkl.image_ids.json,/home/zechuan/IRAOD-New-rc331d213/configs/baseline/oriented_rcnn_orthonet_rsar.py,complete,0.5016173720359802,0.5016173720359802,[],8538,94230,/home/zechuan/iraod_artifacts/comparison/xaf_student_quant_20260908/f_deletion_runs_daa3992/rsar/point_target/seed_43/methods/F_veto_only/ddp2/work/iter_266_ema.pth,e489f015cc2b67926a415436c97532ff814f826c4861b659cbc712fb9413b98c,,/home/zechuan/iraod_artifacts/comparison/xaf_student_quant_20260908/f_deletion_runs_daa3992/rsar/point_target/seed_43/methods/F_veto_only/ddp2/eval_full_point_target_ids_v1/eval_status,/home/zechuan/iraod_artifacts/comparison/xaf_student_quant_20260908/f_deletion_runs_daa3992/rsar/point_target/seed_43/methods/F_veto_only/ddp2/eval_full_point_target_ids_v1/class_ap.txt,/home/zechuan/iraod_artifacts/comparison/xaf_student_quant_20260908/f_deletion_runs_daa3992/rsar/point_target/seed_43/methods/F_veto_only/ddp2/eval_full_point_target_ids_v1/predictions.pkl,/home/zechuan/iraod_artifacts/comparison/xaf_student_quant_20260908/f_deletion_runs_daa3992/rsar/point_target/seed_43/methods/F_veto_only/ddp2/eval_full_point_target_ids_v1/pred_count.txt,0f98a48b539f9260055fc305784ffbc924f50451,331d2131b84651f0a2930a3d53faeefad8701531,0f98a48b539f9260055fc305784ffbc924f50451,0f98a48b539f9260055fc305784ffbc924f50451,,recorded_adaptation_producer,,,,common_one_epoch,/mnt/HDD_14TB/zechuan/iraod_artifacts/comparison/xaf_student_quant_20260908/report_checkpoint_breg_f_ema_20260909T2102Z/mapped_runtimes/f_deletion_manifests_daa3992.runtime.json,/home/zechuan/iraod_artifacts/comparison/xaf_student_quant_20260908/f_deletion_runs_daa3992/rsar/point_target/seed_43/methods/F_veto_only/ddp2/eval_full_point_target_ids_v1/execution.json,[]
RSAR,point_target,F_veto_only,44,ema,/home/zechuan/iraod_artifacts/comparison/xaf_student_quant_20260908/f_deletion_runs_daa3992/rsar/point_target/seed_44/methods/F_veto_only/ddp2/eval_full_point_target_ids_v1,/home/zechuan/iraod_artifacts/comparison/xaf_student_quant_20260908/f_deletion_runs_daa3992/rsar/point_target/seed_44/methods/F_veto_only/ddp2/eval_full_point_target_ids_v1/eval_20260910_034830.json,/home/zechuan/iraod_artifacts/comparison/xaf_student_quant_20260908/f_deletion_runs_daa3992/rsar/point_target/seed_44/methods/F_veto_only/ddp2/eval_full_point_target_ids_v1/predictions.pkl.image_ids.json,/home/zechuan/IRAOD-New-rc331d213/configs/baseline/oriented_rcnn_orthonet_rsar.py,complete,0.5099626183509827,0.5099626183509827,[],8538,88037,/home/zechuan/iraod_artifacts/comparison/xaf_student_quant_20260908/f_deletion_runs_daa3992/rsar/point_target/seed_44/methods/F_veto_only/ddp2/work/iter_266_ema.pth,e489f015cc2b67926a415436c97532ff814f826c4861b659cbc712fb9413b98c,,/home/zechuan/iraod_artifacts/comparison/xaf_student_quant_20260908/f_deletion_runs_daa3992/rsar/point_target/seed_44/methods/F_veto_only/ddp2/eval_full_point_target_ids_v1/eval_status,/home/zechuan/iraod_artifacts/comparison/xaf_student_quant_20260908/f_deletion_runs_daa3992/rsar/point_target/seed_44/methods/F_veto_only/ddp2/eval_full_point_target_ids_v1/class_ap.txt,/home/zechuan/iraod_artifacts/comparison/xaf_student_quant_20260908/f_deletion_runs_daa3992/rsar/point_target/seed_44/methods/F_veto_only/ddp2/eval_full_point_target_ids_v1/predictions.pkl,/home/zechuan/iraod_artifacts/comparison/xaf_student_quant_20260908/f_deletion_runs_daa3992/rsar/point_target/seed_44/methods/F_veto_only/ddp2/eval_full_point_target_ids_v1/pred_count.txt,0f98a48b539f9260055fc305784ffbc924f50451,331d2131b84651f0a2930a3d53faeefad8701531,0f98a48b539f9260055fc305784ffbc924f50451,0f98a48b539f9260055fc305784ffbc924f50451,,recorded_adaptation_producer,,,,common_one_epoch,/mnt/HDD_14TB/zechuan/iraod_artifacts/comparison/xaf_student_quant_20260908/report_checkpoint_breg_f_ema_20260909T2102Z/mapped_runtimes/f_deletion_manifests_daa3992.runtime.json,/home/zechuan/iraod_artifacts/comparison/xaf_student_quant_20260908/f_deletion_runs_daa3992/rsar/point_target/seed_44/methods/F_veto_only/ddp2/eval_full_point_target_ids_v1/execution.json,[]
RSAR,noise_suppression,A,42,source,/home/zechuan/iraod_artifacts/comparison/rsar/noise_suppression/seed_42/0f98a48/methods/A/eval_full_noise_suppression_ids_v1,/home/zechuan/iraod_artifacts/comparison/rsar/noise_suppression/seed_42/0f98a48/methods/A/eval_full_noise_suppression_ids_v1/eval_20260907_142227.json,/home/zechuan/iraod_artifacts/comparison/rsar/noise_suppression/seed_42/0f98a48/methods/A/eval_full_noise_suppression_ids_v1/predictions.pkl.image_ids.json,/mnt/SSD2_8TB/zechuan/IRAOD-New-rc331d213/configs/baseline/oriented_rcnn_orthonet_rsar.py,complete,0.16340675950050354,0.16340675950050354,[],8538,54520,/home/zechuan/iraod_artifacts/rsar_source/seed42-orthonet-ddp4-gpu4567-spg16-gbs64/train/epoch_100.pth,e489f015cc2b67926a415436c97532ff814f826c4861b659cbc712fb9413b98c,,/home/zechuan/iraod_artifacts/comparison/rsar/noise_suppression/seed_42/0f98a48/methods/A/eval_full_noise_suppression_ids_v1/eval_status,/home/zechuan/iraod_artifacts/comparison/rsar/noise_suppression/seed_42/0f98a48/methods/A/eval_full_noise_suppression_ids_v1/class_ap.txt,/home/zechuan/iraod_artifacts/comparison/rsar/noise_suppression/seed_42/0f98a48/methods/A/eval_full_noise_suppression_ids_v1/predictions.pkl,/home/zechuan/iraod_artifacts/comparison/rsar/noise_suppression/seed_42/0f98a48/methods/A/eval_full_noise_suppression_ids_v1/pred_count.txt,0f98a48b539f9260055fc305784ffbc924f50451,331d2131b84651f0a2930a3d53faeefad8701531,0f98a48b539f9260055fc305784ffbc924f50451,b474aaa5f7718746215ce13beceb071617bb823e,b474aaa5f7718746215ce13beceb071617bb823e,source_producer_corrected_in_report,"{""dataset"": ""RSAR"", ""domain"": ""noise_suppression"", ""method"": ""A"", ""seed"": 42, ""role"": ""source"", ""field"": ""training_code_sha"", ""recorded"": ""0f98a48b539f9260055fc305784ffbc924f50451"", ""actual"": ""b474aaa5f7718746215ce13beceb071617bb823e"", ""source_checkpoint"": ""/home/zechuan/iraod_artifacts/rsar_source/seed42-orthonet-ddp4-gpu4567-spg16-gbs64/train/epoch_100.pth"", ""source_weights_sha256"": ""e489f015cc2b67926a415436c97532ff814f826c4861b659cbc712fb9413b98c"", ""source_record"": ""/home/zechuan/iraod_artifacts/rsar_source/seed42-orthonet-ddp4-gpu4567-spg16-gbs64/reproducibility/git_commit.txt"", ""source_record_snapshot"": ""/home/zechuan/iraod_artifacts/comparison/final_delivery_20260908_4a6bc50/input/source_records/RSAR_producer_git_commit.txt"", ""sidecar"": ""/home/zechuan/iraod_artifacts/comparison/rsar/noise_suppression/seed_42/0f98a48/methods/A/eval_full_noise_suppression_ids_v1/predictions.pkl.image_ids.json"", ""sidecar_modified"": false, ""scope"": ""producer metadata only; weights, predictions, IDs and mAP unchanged""}",0.16340675950050354,/mnt/HDD_14TB/zechuan/IRAOD-New-report-complete-path-identities-44ac421-20260909/results/paper_comparison/historical/seed42/raw_results.csv,fixed_source,,,
RSAR,noise_suppression,B_REG,42,ema,/home/zechuan/iraod_artifacts/comparison/xaf_student_quant_20260908/b_reg_runs_0e5f8f7/rsar/noise_suppression/seed_42/methods/B_REG/eval_full_noise_suppression_ids_v1,,/home/zechuan/iraod_artifacts/comparison/xaf_student_quant_20260908/b_reg_runs_0e5f8f7/rsar/noise_suppression/seed_42/methods/B_REG/eval_full_noise_suppression_ids_v1/predictions.pkl.image_ids.json,/home/zechuan/IRAOD-New-rc331d213/configs/baseline/oriented_rcnn_orthonet_rsar.py,incomplete,,,"[""missing_eval_json"", ""checkpoint_missing_or_size_changed"", ""missing_native_execution_binding"", ""checkpoint_unverified_or_wrong_source"", ""missing_eval_status"", ""missing_class_ap"", ""missing_predictions"", ""missing_pred_count"", ""missing_eval_json"", ""missing_prediction_image_order""]",,,/home/zechuan/iraod_artifacts/comparison/xaf_student_quant_20260908/b_reg_runs_0e5f8f7/rsar/noise_suppression/seed_42/methods/B_REG/work/iter_266_ema.pth,e489f015cc2b67926a415436c97532ff814f826c4861b659cbc712fb9413b98c,,/home/zechuan/iraod_artifacts/comparison/xaf_student_quant_20260908/b_reg_runs_0e5f8f7/rsar/noise_suppression/seed_42/methods/B_REG/eval_full_noise_suppression_ids_v1/eval_status,/home/zechuan/iraod_artifacts/comparison/xaf_student_quant_20260908/b_reg_runs_0e5f8f7/rsar/noise_suppression/seed_42/methods/B_REG/eval_full_noise_suppression_ids_v1/class_ap.txt,/home/zechuan/iraod_artifacts/comparison/xaf_student_quant_20260908/b_reg_runs_0e5f8f7/rsar/noise_suppression/seed_42/methods/B_REG/eval_full_noise_suppression_ids_v1/predictions.pkl,/home/zechuan/iraod_artifacts/comparison/xaf_student_quant_20260908/b_reg_runs_0e5f8f7/rsar/noise_suppression/seed_42/methods/B_REG/eval_full_noise_suppression_ids_v1/pred_count.txt,0f98a48b539f9260055fc305784ffbc924f50451,331d2131b84651f0a2930a3d53faeefad8701531,0f98a48b539f9260055fc305784ffbc924f50451,0f98a48b539f9260055fc305784ffbc924f50451,,recorded_adaptation_producer,,,,common_one_epoch,/mnt/HDD_14TB/zechuan/iraod_artifacts/comparison/xaf_student_quant_20260908/report_checkpoint_breg_f_ema_20260909T2102Z/mapped_runtimes/b_reg_manifests_0e5f8f7.runtime.json,/home/zechuan/iraod_artifacts/comparison/xaf_student_quant_20260908/b_reg_runs_0e5f8f7/rsar/noise_suppression/seed_42/methods/B_REG/eval_full_noise_suppression_ids_v1/execution.json,"[""missing_eval_json"", ""checkpoint_missing_or_size_changed"", ""missing_native_execution_binding""]"
RSAR,noise_suppression,B_REG,43,ema,/home/zechuan/iraod_artifacts/comparison/xaf_student_quant_20260908/b_reg_runs_0e5f8f7/rsar/noise_suppression/seed_43/methods/B_REG/eval_full_noise_suppression_ids_v1,,/home/zechuan/iraod_artifacts/comparison/xaf_student_quant_20260908/b_reg_runs_0e5f8f7/rsar/noise_suppression/seed_43/methods/B_REG/eval_full_noise_suppression_ids_v1/predictions.pkl.image_ids.json,/home/zechuan/IRAOD-New-rc331d213/configs/baseline/oriented_rcnn_orthonet_rsar.py,incomplete,,,"[""missing_eval_json"", ""checkpoint_missing_or_size_changed"", ""missing_native_execution_binding"", ""checkpoint_unverified_or_wrong_source"", ""missing_eval_status"", ""missing_class_ap"", ""missing_predictions"", ""missing_pred_count"", ""missing_eval_json"", ""missing_prediction_image_order""]",,,/home/zechuan/iraod_artifacts/comparison/xaf_student_quant_20260908/b_reg_runs_0e5f8f7/rsar/noise_suppression/seed_43/methods/B_REG/work/iter_266_ema.pth,e489f015cc2b67926a415436c97532ff814f826c4861b659cbc712fb9413b98c,,/home/zechuan/iraod_artifacts/comparison/xaf_student_quant_20260908/b_reg_runs_0e5f8f7/rsar/noise_suppression/seed_43/methods/B_REG/eval_full_noise_suppression_ids_v1/eval_status,/home/zechuan/iraod_artifacts/comparison/xaf_student_quant_20260908/b_reg_runs_0e5f8f7/rsar/noise_suppression/seed_43/methods/B_REG/eval_full_noise_suppression_ids_v1/class_ap.txt,/home/zechuan/iraod_artifacts/comparison/xaf_student_quant_20260908/b_reg_runs_0e5f8f7/rsar/noise_suppression/seed_43/methods/B_REG/eval_full_noise_suppression_ids_v1/predictions.pkl,/home/zechuan/iraod_artifacts/comparison/xaf_student_quant_20260908/b_reg_runs_0e5f8f7/rsar/noise_suppression/seed_43/methods/B_REG/eval_full_noise_suppression_ids_v1/pred_count.txt,0f98a48b539f9260055fc305784ffbc924f50451,331d2131b84651f0a2930a3d53faeefad8701531,0f98a48b539f9260055fc305784ffbc924f50451,0f98a48b539f9260055fc305784ffbc924f50451,,recorded_adaptation_producer,,,,common_one_epoch,/mnt/HDD_14TB/zechuan/iraod_artifacts/comparison/xaf_student_quant_20260908/report_checkpoint_breg_f_ema_20260909T2102Z/mapped_runtimes/b_reg_manifests_0e5f8f7.runtime.json,/home/zechuan/iraod_artifacts/comparison/xaf_student_quant_20260908/b_reg_runs_0e5f8f7/rsar/noise_suppression/seed_43/methods/B_REG/eval_full_noise_suppression_ids_v1/execution.json,"[""missing_eval_json"", ""checkpoint_missing_or_size_changed"", ""missing_native_execution_binding""]"
RSAR,noise_suppression,B_REG,44,ema,/home/zechuan/iraod_artifacts/comparison/xaf_student_quant_20260908/b_reg_runs_0e5f8f7/rsar/noise_suppression/seed_44/methods/B_REG/eval_full_noise_suppression_ids_v1,,/home/zechuan/iraod_artifacts/comparison/xaf_student_quant_20260908/b_reg_runs_0e5f8f7/rsar/noise_suppression/seed_44/methods/B_REG/eval_full_noise_suppression_ids_v1/predictions.pkl.image_ids.json,/home/zechuan/IRAOD-New-rc331d213/configs/baseline/oriented_rcnn_orthonet_rsar.py,incomplete,,,"[""missing_eval_json"", ""checkpoint_missing_or_size_changed"", ""missing_native_execution_binding"", ""checkpoint_unverified_or_wrong_source"", ""missing_eval_status"", ""missing_class_ap"", ""missing_predictions"", ""missing_pred_count"", ""missing_eval_json"", ""missing_prediction_image_order""]",,,/home/zechuan/iraod_artifacts/comparison/xaf_student_quant_20260908/b_reg_runs_0e5f8f7/rsar/noise_suppression/seed_44/methods/B_REG/work/iter_266_ema.pth,e489f015cc2b67926a415436c97532ff814f826c4861b659cbc712fb9413b98c,,/home/zechuan/iraod_artifacts/comparison/xaf_student_quant_20260908/b_reg_runs_0e5f8f7/rsar/noise_suppression/seed_44/methods/B_REG/eval_full_noise_suppression_ids_v1/eval_status,/home/zechuan/iraod_artifacts/comparison/xaf_student_quant_20260908/b_reg_runs_0e5f8f7/rsar/noise_suppression/seed_44/methods/B_REG/eval_full_noise_suppression_ids_v1/class_ap.txt,/home/zechuan/iraod_artifacts/comparison/xaf_student_quant_20260908/b_reg_runs_0e5f8f7/rsar/noise_suppression/seed_44/methods/B_REG/eval_full_noise_suppression_ids_v1/predictions.pkl,/home/zechuan/iraod_artifacts/comparison/xaf_student_quant_20260908/b_reg_runs_0e5f8f7/rsar/noise_suppression/seed_44/methods/B_REG/eval_full_noise_suppression_ids_v1/pred_count.txt,0f98a48b539f9260055fc305784ffbc924f50451,331d2131b84651f0a2930a3d53faeefad8701531,0f98a48b539f9260055fc305784ffbc924f50451,0f98a48b539f9260055fc305784ffbc924f50451,,recorded_adaptation_producer,,,,common_one_epoch,/mnt/HDD_14TB/zechuan/iraod_artifacts/comparison/xaf_student_quant_20260908/report_checkpoint_breg_f_ema_20260909T2102Z/mapped_runtimes/b_reg_manifests_0e5f8f7.runtime.json,/home/zechuan/iraod_artifacts/comparison/xaf_student_quant_20260908/b_reg_runs_0e5f8f7/rsar/noise_suppression/seed_44/methods/B_REG/eval_full_noise_suppression_ids_v1/execution.json,"[""missing_eval_json"", ""checkpoint_missing_or_size_changed"", ""missing_native_execution_binding""]"
RSAR,noise_suppression,F_text_only,42,ema,/home/zechuan/iraod_artifacts/comparison/xaf_student_quant_20260908/f_deletion_runs_daa3992/rsar/noise_suppression/seed_42/methods/F_text_only/ddp2/eval_full_noise_suppression_ids_v1,,/home/zechuan/iraod_artifacts/comparison/xaf_student_quant_20260908/f_deletion_runs_daa3992/rsar/noise_suppression/seed_42/methods/F_text_only/ddp2/eval_full_noise_suppression_ids_v1/predictions.pkl.image_ids.json,/home/zechuan/IRAOD-New-rc331d213/configs/baseline/oriented_rcnn_orthonet_rsar.py,incomplete,,,"[""missing_eval_json"", ""checkpoint_missing_or_size_changed"", ""missing_native_execution_binding"", ""checkpoint_unverified_or_wrong_source"", ""missing_eval_status"", ""missing_class_ap"", ""missing_predictions"", ""missing_pred_count"", ""missing_eval_json"", ""missing_prediction_image_order""]",,,/home/zechuan/iraod_artifacts/comparison/xaf_student_quant_20260908/f_deletion_runs_daa3992/rsar/noise_suppression/seed_42/methods/F_text_only/ddp2/work/iter_266_ema.pth,e489f015cc2b67926a415436c97532ff814f826c4861b659cbc712fb9413b98c,,/home/zechuan/iraod_artifacts/comparison/xaf_student_quant_20260908/f_deletion_runs_daa3992/rsar/noise_suppression/seed_42/methods/F_text_only/ddp2/eval_full_noise_suppression_ids_v1/eval_status,/home/zechuan/iraod_artifacts/comparison/xaf_student_quant_20260908/f_deletion_runs_daa3992/rsar/noise_suppression/seed_42/methods/F_text_only/ddp2/eval_full_noise_suppression_ids_v1/class_ap.txt,/home/zechuan/iraod_artifacts/comparison/xaf_student_quant_20260908/f_deletion_runs_daa3992/rsar/noise_suppression/seed_42/methods/F_text_only/ddp2/eval_full_noise_suppression_ids_v1/predictions.pkl,/home/zechuan/iraod_artifacts/comparison/xaf_student_quant_20260908/f_deletion_runs_daa3992/rsar/noise_suppression/seed_42/methods/F_text_only/ddp2/eval_full_noise_suppression_ids_v1/pred_count.txt,0f98a48b539f9260055fc305784ffbc924f50451,331d2131b84651f0a2930a3d53faeefad8701531,0f98a48b539f9260055fc305784ffbc924f50451,0f98a48b539f9260055fc305784ffbc924f50451,,recorded_adaptation_producer,,,,common_one_epoch,/mnt/HDD_14TB/zechuan/iraod_artifacts/comparison/xaf_student_quant_20260908/report_checkpoint_breg_f_ema_20260909T2102Z/mapped_runtimes/f_deletion_manifests_daa3992.runtime.json,/home/zechuan/iraod_artifacts/comparison/xaf_student_quant_20260908/f_deletion_runs_daa3992/rsar/noise_suppression/seed_42/methods/F_text_only/ddp2/eval_full_noise_suppression_ids_v1/execution.json,"[""missing_eval_json"", ""checkpoint_missing_or_size_changed"", ""missing_native_execution_binding""]"
RSAR,noise_suppression,F_text_only,43,ema,/home/zechuan/iraod_artifacts/comparison/xaf_student_quant_20260908/f_deletion_runs_daa3992/rsar/noise_suppression/seed_43/methods/F_text_only/ddp2/eval_full_noise_suppression_ids_v1,/home/zechuan/iraod_artifacts/comparison/xaf_student_quant_20260908/f_deletion_runs_daa3992/rsar/noise_suppression/seed_43/methods/F_text_only/ddp2/eval_full_noise_suppression_ids_v1/eval_20260910_035203.json,/home/zechuan/iraod_artifacts/comparison/xaf_student_quant_20260908/f_deletion_runs_daa3992/rsar/noise_suppression/seed_43/methods/F_text_only/ddp2/eval_full_noise_suppression_ids_v1/predictions.pkl.image_ids.json,/home/zechuan/IRAOD-New-rc331d213/configs/baseline/oriented_rcnn_orthonet_rsar.py,complete,0.1591484546661377,0.1591484546661377,[],8538,30941,/home/zechuan/iraod_artifacts/comparison/xaf_student_quant_20260908/f_deletion_runs_daa3992/rsar/noise_suppression/seed_43/methods/F_text_only/ddp2/work/iter_266_ema.pth,e489f015cc2b67926a415436c97532ff814f826c4861b659cbc712fb9413b98c,,/home/zechuan/iraod_artifacts/comparison/xaf_student_quant_20260908/f_deletion_runs_daa3992/rsar/noise_suppression/seed_43/methods/F_text_only/ddp2/eval_full_noise_suppression_ids_v1/eval_status,/home/zechuan/iraod_artifacts/comparison/xaf_student_quant_20260908/f_deletion_runs_daa3992/rsar/noise_suppression/seed_43/methods/F_text_only/ddp2/eval_full_noise_suppression_ids_v1/class_ap.txt,/home/zechuan/iraod_artifacts/comparison/xaf_student_quant_20260908/f_deletion_runs_daa3992/rsar/noise_suppression/seed_43/methods/F_text_only/ddp2/eval_full_noise_suppression_ids_v1/predictions.pkl,/home/zechuan/iraod_artifacts/comparison/xaf_student_quant_20260908/f_deletion_runs_daa3992/rsar/noise_suppression/seed_43/methods/F_text_only/ddp2/eval_full_noise_suppression_ids_v1/pred_count.txt,0f98a48b539f9260055fc305784ffbc924f50451,331d2131b84651f0a2930a3d53faeefad8701531,0f98a48b539f9260055fc305784ffbc924f50451,0f98a48b539f9260055fc305784ffbc924f50451,,recorded_adaptation_producer,,,,common_one_epoch,/mnt/HDD_14TB/zechuan/iraod_artifacts/comparison/xaf_student_quant_20260908/report_checkpoint_breg_f_ema_20260909T2102Z/mapped_runtimes/f_deletion_manifests_daa3992.runtime.json,/home/zechuan/iraod_artifacts/comparison/xaf_student_quant_20260908/f_deletion_runs_daa3992/rsar/noise_suppression/seed_43/methods/F_text_only/ddp2/eval_full_noise_suppression_ids_v1/execution.json,[]
RSAR,noise_suppression,F_text_only,44,ema,/home/zechuan/iraod_artifacts/comparison/xaf_student_quant_20260908/f_deletion_runs_daa3992/rsar/noise_suppression/seed_44/methods/F_text_only/ddp2/eval_full_noise_suppression_ids_v1,/home/zechuan/iraod_artifacts/comparison/xaf_student_quant_20260908/f_deletion_runs_daa3992/rsar/noise_suppression/seed_44/methods/F_text_only/ddp2/eval_full_noise_suppression_ids_v1/eval_20260910_035331.json,/home/zechuan/iraod_artifacts/comparison/xaf_student_quant_20260908/f_deletion_runs_daa3992/rsar/noise_suppression/seed_44/methods/F_text_only/ddp2/eval_full_noise_suppression_ids_v1/predictions.pkl.image_ids.json,/home/zechuan/IRAOD-New-rc331d213/configs/baseline/oriented_rcnn_orthonet_rsar.py,complete,0.1491376757621765,0.1491376757621765,[],8538,30018,/home/zechuan/iraod_artifacts/comparison/xaf_student_quant_20260908/f_deletion_runs_daa3992/rsar/noise_suppression/seed_44/methods/F_text_only/ddp2/work/iter_266_ema.pth,e489f015cc2b67926a415436c97532ff814f826c4861b659cbc712fb9413b98c,,/home/zechuan/iraod_artifacts/comparison/xaf_student_quant_20260908/f_deletion_runs_daa3992/rsar/noise_suppression/seed_44/methods/F_text_only/ddp2/eval_full_noise_suppression_ids_v1/eval_status,/home/zechuan/iraod_artifacts/comparison/xaf_student_quant_20260908/f_deletion_runs_daa3992/rsar/noise_suppression/seed_44/methods/F_text_only/ddp2/eval_full_noise_suppression_ids_v1/class_ap.txt,/home/zechuan/iraod_artifacts/comparison/xaf_student_quant_20260908/f_deletion_runs_daa3992/rsar/noise_suppression/seed_44/methods/F_text_only/ddp2/eval_full_noise_suppression_ids_v1/predictions.pkl,/home/zechuan/iraod_artifacts/comparison/xaf_student_quant_20260908/f_deletion_runs_daa3992/rsar/noise_suppression/seed_44/methods/F_text_only/ddp2/eval_full_noise_suppression_ids_v1/pred_count.txt,0f98a48b539f9260055fc305784ffbc924f50451,331d2131b84651f0a2930a3d53faeefad8701531,0f98a48b539f9260055fc305784ffbc924f50451,0f98a48b539f9260055fc305784ffbc924f50451,,recorded_adaptation_producer,,,,common_one_epoch,/mnt/HDD_14TB/zechuan/iraod_artifacts/comparison/xaf_student_quant_20260908/report_checkpoint_breg_f_ema_20260909T2102Z/mapped_runtimes/f_deletion_manifests_daa3992.runtime.json,/home/zechuan/iraod_artifacts/comparison/xaf_student_quant_20260908/f_deletion_runs_daa3992/rsar/noise_suppression/seed_44/methods/F_text_only/ddp2/eval_full_noise_suppression_ids_v1/execution.json,[]
RSAR,noise_suppression,F_veto_only,42,ema,/home/zechuan/iraod_artifacts/comparison/xaf_student_quant_20260908/f_deletion_runs_daa3992/rsar/noise_suppression/seed_42/methods/F_veto_only/ddp2/eval_full_noise_suppression_ids_v1,/home/zechuan/iraod_artifacts/comparison/xaf_student_quant_20260908/f_deletion_runs_daa3992/rsar/noise_suppression/seed_42/methods/F_veto_only/ddp2/eval_full_noise_suppression_ids_v1/eval_20260910_034840.json,/home/zechuan/iraod_artifacts/comparison/xaf_student_quant_20260908/f_deletion_runs_daa3992/rsar/noise_suppression/seed_42/methods/F_veto_only/ddp2/eval_full_noise_suppression_ids_v1/predictions.pkl.image_ids.json,/home/zechuan/IRAOD-New-rc331d213/configs/baseline/oriented_rcnn_orthonet_rsar.py,complete,0.1754407286643982,0.1754407286643982,[],8538,50116,/home/zechuan/iraod_artifacts/comparison/xaf_student_quant_20260908/f_deletion_runs_daa3992/rsar/noise_suppression/seed_42/methods/F_veto_only/ddp2/work/iter_266_ema.pth,e489f015cc2b67926a415436c97532ff814f826c4861b659cbc712fb9413b98c,,/home/zechuan/iraod_artifacts/comparison/xaf_student_quant_20260908/f_deletion_runs_daa3992/rsar/noise_suppression/seed_42/methods/F_veto_only/ddp2/eval_full_noise_suppression_ids_v1/eval_status,/home/zechuan/iraod_artifacts/comparison/xaf_student_quant_20260908/f_deletion_runs_daa3992/rsar/noise_suppression/seed_42/methods/F_veto_only/ddp2/eval_full_noise_suppression_ids_v1/class_ap.txt,/home/zechuan/iraod_artifacts/comparison/xaf_student_quant_20260908/f_deletion_runs_daa3992/rsar/noise_suppression/seed_42/methods/F_veto_only/ddp2/eval_full_noise_suppression_ids_v1/predictions.pkl,/home/zechuan/iraod_artifacts/comparison/xaf_student_quant_20260908/f_deletion_runs_daa3992/rsar/noise_suppression/seed_42/methods/F_veto_only/ddp2/eval_full_noise_suppression_ids_v1/pred_count.txt,0f98a48b539f9260055fc305784ffbc924f50451,331d2131b84651f0a2930a3d53faeefad8701531,0f98a48b539f9260055fc305784ffbc924f50451,0f98a48b539f9260055fc305784ffbc924f50451,,recorded_adaptation_producer,,,,common_one_epoch,/mnt/HDD_14TB/zechuan/iraod_artifacts/comparison/xaf_student_quant_20260908/report_checkpoint_breg_f_ema_20260909T2102Z/mapped_runtimes/f_deletion_manifests_daa3992.runtime.json,/home/zechuan/iraod_artifacts/comparison/xaf_student_quant_20260908/f_deletion_runs_daa3992/rsar/noise_suppression/seed_42/methods/F_veto_only/ddp2/eval_full_noise_suppression_ids_v1/execution.json,[]
RSAR,noise_suppression,F_veto_only,43,ema,/home/zechuan/iraod_artifacts/comparison/xaf_student_quant_20260908/f_deletion_runs_daa3992/rsar/noise_suppression/seed_43/methods/F_veto_only/ddp2/eval_full_noise_suppression_ids_v1,/home/zechuan/iraod_artifacts/comparison/xaf_student_quant_20260908/f_deletion_runs_daa3992/rsar/noise_suppression/seed_43/methods/F_veto_only/ddp2/eval_full_noise_suppression_ids_v1/eval_20260910_035218.json,/home/zechuan/iraod_artifacts/comparison/xaf_student_quant_20260908/f_deletion_runs_daa3992/rsar/noise_suppression/seed_43/methods/F_veto_only/ddp2/eval_full_noise_suppression_ids_v1/predictions.pkl.image_ids.json,/home/zechuan/IRAOD-New-rc331d213/configs/baseline/oriented_rcnn_orthonet_rsar.py,complete,0.16843698918819427,0.16843698918819427,[],8538,52821,/home/zechuan/iraod_artifacts/comparison/xaf_student_quant_20260908/f_deletion_runs_daa3992/rsar/noise_suppression/seed_43/methods/F_veto_only/ddp2/work/iter_266_ema.pth,e489f015cc2b67926a415436c97532ff814f826c4861b659cbc712fb9413b98c,,/home/zechuan/iraod_artifacts/comparison/xaf_student_quant_20260908/f_deletion_runs_daa3992/rsar/noise_suppression/seed_43/methods/F_veto_only/ddp2/eval_full_noise_suppression_ids_v1/eval_status,/home/zechuan/iraod_artifacts/comparison/xaf_student_quant_20260908/f_deletion_runs_daa3992/rsar/noise_suppression/seed_43/methods/F_veto_only/ddp2/eval_full_noise_suppression_ids_v1/class_ap.txt,/home/zechuan/iraod_artifacts/comparison/xaf_student_quant_20260908/f_deletion_runs_daa3992/rsar/noise_suppression/seed_43/methods/F_veto_only/ddp2/eval_full_noise_suppression_ids_v1/predictions.pkl,/home/zechuan/iraod_artifacts/comparison/xaf_student_quant_20260908/f_deletion_runs_daa3992/rsar/noise_suppression/seed_43/methods/F_veto_only/ddp2/eval_full_noise_suppression_ids_v1/pred_count.txt,0f98a48b539f9260055fc305784ffbc924f50451,331d2131b84651f0a2930a3d53faeefad8701531,0f98a48b539f9260055fc305784ffbc924f50451,0f98a48b539f9260055fc305784ffbc924f50451,,recorded_adaptation_producer,,,,common_one_epoch,/mnt/HDD_14TB/zechuan/iraod_artifacts/comparison/xaf_student_quant_20260908/report_checkpoint_breg_f_ema_20260909T2102Z/mapped_runtimes/f_deletion_manifests_daa3992.runtime.json,/home/zechuan/iraod_artifacts/comparison/xaf_student_quant_20260908/f_deletion_runs_daa3992/rsar/noise_suppression/seed_43/methods/F_veto_only/ddp2/eval_full_noise_suppression_ids_v1/execution.json,[]
RSAR,noise_suppression,F_veto_only,44,ema,/home/zechuan/iraod_artifacts/comparison/xaf_student_quant_20260908/f_deletion_runs_daa3992/rsar/noise_suppression/seed_44/methods/F_veto_only/ddp2/eval_full_noise_suppression_ids_v1,/home/zechuan/iraod_artifacts/comparison/xaf_student_quant_20260908/f_deletion_runs_daa3992/rsar/noise_suppression/seed_44/methods/F_veto_only/ddp2/eval_full_noise_suppression_ids_v1/eval_20260910_035340.json,/home/zechuan/iraod_artifacts/comparison/xaf_student_quant_20260908/f_deletion_runs_daa3992/rsar/noise_suppression/seed_44/methods/F_veto_only/ddp2/eval_full_noise_suppression_ids_v1/predictions.pkl.image_ids.json,/home/zechuan/IRAOD-New-rc331d213/configs/baseline/oriented_rcnn_orthonet_rsar.py,complete,0.18070971965789795,0.18070971965789795,[],8538,51696,/home/zechuan/iraod_artifacts/comparison/xaf_student_quant_20260908/f_deletion_runs_daa3992/rsar/noise_suppression/seed_44/methods/F_veto_only/ddp2/work/iter_266_ema.pth,e489f015cc2b67926a415436c97532ff814f826c4861b659cbc712fb9413b98c,,/home/zechuan/iraod_artifacts/comparison/xaf_student_quant_20260908/f_deletion_runs_daa3992/rsar/noise_suppression/seed_44/methods/F_veto_only/ddp2/eval_full_noise_suppression_ids_v1/eval_status,/home/zechuan/iraod_artifacts/comparison/xaf_student_quant_20260908/f_deletion_runs_daa3992/rsar/noise_suppression/seed_44/methods/F_veto_only/ddp2/eval_full_noise_suppression_ids_v1/class_ap.txt,/home/zechuan/iraod_artifacts/comparison/xaf_student_quant_20260908/f_deletion_runs_daa3992/rsar/noise_suppression/seed_44/methods/F_veto_only/ddp2/eval_full_noise_suppression_ids_v1/predictions.pkl,/home/zechuan/iraod_artifacts/comparison/xaf_student_quant_20260908/f_deletion_runs_daa3992/rsar/noise_suppression/seed_44/methods/F_veto_only/ddp2/eval_full_noise_suppression_ids_v1/pred_count.txt,0f98a48b539f9260055fc305784ffbc924f50451,331d2131b84651f0a2930a3d53faeefad8701531,0f98a48b539f9260055fc305784ffbc924f50451,0f98a48b539f9260055fc305784ffbc924f50451,,recorded_adaptation_producer,,,,common_one_epoch,/mnt/HDD_14TB/zechuan/iraod_artifacts/comparison/xaf_student_quant_20260908/report_checkpoint_breg_f_ema_20260909T2102Z/mapped_runtimes/f_deletion_manifests_daa3992.runtime.json,/home/zechuan/iraod_artifacts/comparison/xaf_student_quant_20260908/f_deletion_runs_daa3992/rsar/noise_suppression/seed_44/methods/F_veto_only/ddp2/eval_full_noise_suppression_ids_v1/execution.json,[]
RSAR,am_noise_horizontal,A,42,source,/home/zechuan/iraod_artifacts/comparison/rsar/am_noise_horizontal/seed_42/0f98a48/methods/A/eval_full_am_noise_horizontal_ids_v1,/home/zechuan/iraod_artifacts/comparison/rsar/am_noise_horizontal/seed_42/0f98a48/methods/A/eval_full_am_noise_horizontal_ids_v1/eval_20260907_153151.json,/home/zechuan/iraod_artifacts/comparison/rsar/am_noise_horizontal/seed_42/0f98a48/methods/A/eval_full_am_noise_horizontal_ids_v1/predictions.pkl.image_ids.json,/mnt/SSD2_8TB/zechuan/IRAOD-New-rc331d213/configs/baseline/oriented_rcnn_orthonet_rsar.py,complete,0.2062060832977295,0.2062060832977295,[],8538,242174,/home/zechuan/iraod_artifacts/rsar_source/seed42-orthonet-ddp4-gpu4567-spg16-gbs64/train/epoch_100.pth,e489f015cc2b67926a415436c97532ff814f826c4861b659cbc712fb9413b98c,,/home/zechuan/iraod_artifacts/comparison/rsar/am_noise_horizontal/seed_42/0f98a48/methods/A/eval_full_am_noise_horizontal_ids_v1/eval_status,/home/zechuan/iraod_artifacts/comparison/rsar/am_noise_horizontal/seed_42/0f98a48/methods/A/eval_full_am_noise_horizontal_ids_v1/class_ap.txt,/home/zechuan/iraod_artifacts/comparison/rsar/am_noise_horizontal/seed_42/0f98a48/methods/A/eval_full_am_noise_horizontal_ids_v1/predictions.pkl,/home/zechuan/iraod_artifacts/comparison/rsar/am_noise_horizontal/seed_42/0f98a48/methods/A/eval_full_am_noise_horizontal_ids_v1/pred_count.txt,0f98a48b539f9260055fc305784ffbc924f50451,331d2131b84651f0a2930a3d53faeefad8701531,0f98a48b539f9260055fc305784ffbc924f50451,b474aaa5f7718746215ce13beceb071617bb823e,b474aaa5f7718746215ce13beceb071617bb823e,source_producer_corrected_in_report,"{""dataset"": ""RSAR"", ""domain"": ""am_noise_horizontal"", ""method"": ""A"", ""seed"": 42, ""role"": ""source"", ""field"": ""training_code_sha"", ""recorded"": ""0f98a48b539f9260055fc305784ffbc924f50451"", ""actual"": ""b474aaa5f7718746215ce13beceb071617bb823e"", ""source_checkpoint"": ""/home/zechuan/iraod_artifacts/rsar_source/seed42-orthonet-ddp4-gpu4567-spg16-gbs64/train/epoch_100.pth"", ""source_weights_sha256"": ""e489f015cc2b67926a415436c97532ff814f826c4861b659cbc712fb9413b98c"", ""source_record"": ""/home/zechuan/iraod_artifacts/rsar_source/seed42-orthonet-ddp4-gpu4567-spg16-gbs64/reproducibility/git_commit.txt"", ""source_record_snapshot"": ""/home/zechuan/iraod_artifacts/comparison/final_delivery_20260908_4a6bc50/input/source_records/RSAR_producer_git_commit.txt"", ""sidecar"": ""/home/zechuan/iraod_artifacts/comparison/rsar/am_noise_horizontal/seed_42/0f98a48/methods/A/eval_full_am_noise_horizontal_ids_v1/predictions.pkl.image_ids.json"", ""sidecar_modified"": false, ""scope"": ""producer metadata only; weights, predictions, IDs and mAP unchanged""}",0.2062060832977295,/mnt/HDD_14TB/zechuan/IRAOD-New-report-complete-path-identities-44ac421-20260909/results/paper_comparison/historical/seed42/raw_results.csv,fixed_source,,,
RSAR,am_noise_horizontal,B_REG,42,ema,/home/zechuan/iraod_artifacts/comparison/xaf_student_quant_20260908/b_reg_runs_0e5f8f7/rsar/am_noise_horizontal/seed_42/methods/B_REG/eval_full_am_noise_horizontal_ids_v1,,/home/zechuan/iraod_artifacts/comparison/xaf_student_quant_20260908/b_reg_runs_0e5f8f7/rsar/am_noise_horizontal/seed_42/methods/B_REG/eval_full_am_noise_horizontal_ids_v1/predictions.pkl.image_ids.json,/home/zechuan/IRAOD-New-rc331d213/configs/baseline/oriented_rcnn_orthonet_rsar.py,incomplete,,,"[""missing_eval_json"", ""checkpoint_missing_or_size_changed"", ""missing_native_execution_binding"", ""checkpoint_unverified_or_wrong_source"", ""missing_eval_status"", ""missing_class_ap"", ""missing_predictions"", ""missing_pred_count"", ""missing_eval_json"", ""missing_prediction_image_order""]",,,/home/zechuan/iraod_artifacts/comparison/xaf_student_quant_20260908/b_reg_runs_0e5f8f7/rsar/am_noise_horizontal/seed_42/methods/B_REG/work/iter_266_ema.pth,e489f015cc2b67926a415436c97532ff814f826c4861b659cbc712fb9413b98c,,/home/zechuan/iraod_artifacts/comparison/xaf_student_quant_20260908/b_reg_runs_0e5f8f7/rsar/am_noise_horizontal/seed_42/methods/B_REG/eval_full_am_noise_horizontal_ids_v1/eval_status,/home/zechuan/iraod_artifacts/comparison/xaf_student_quant_20260908/b_reg_runs_0e5f8f7/rsar/am_noise_horizontal/seed_42/methods/B_REG/eval_full_am_noise_horizontal_ids_v1/class_ap.txt,/home/zechuan/iraod_artifacts/comparison/xaf_student_quant_20260908/b_reg_runs_0e5f8f7/rsar/am_noise_horizontal/seed_42/methods/B_REG/eval_full_am_noise_horizontal_ids_v1/predictions.pkl,/home/zechuan/iraod_artifacts/comparison/xaf_student_quant_20260908/b_reg_runs_0e5f8f7/rsar/am_noise_horizontal/seed_42/methods/B_REG/eval_full_am_noise_horizontal_ids_v1/pred_count.txt,0f98a48b539f9260055fc305784ffbc924f50451,331d2131b84651f0a2930a3d53faeefad8701531,0f98a48b539f9260055fc305784ffbc924f50451,0f98a48b539f9260055fc305784ffbc924f50451,,recorded_adaptation_producer,,,,common_one_epoch,/mnt/HDD_14TB/zechuan/iraod_artifacts/comparison/xaf_student_quant_20260908/report_checkpoint_breg_f_ema_20260909T2102Z/mapped_runtimes/b_reg_manifests_0e5f8f7.runtime.json,/home/zechuan/iraod_artifacts/comparison/xaf_student_quant_20260908/b_reg_runs_0e5f8f7/rsar/am_noise_horizontal/seed_42/methods/B_REG/eval_full_am_noise_horizontal_ids_v1/execution.json,"[""missing_eval_json"", ""checkpoint_missing_or_size_changed"", ""missing_native_execution_binding""]"
RSAR,am_noise_horizontal,B_REG,43,ema,/home/zechuan/iraod_artifacts/comparison/xaf_student_quant_20260908/b_reg_runs_0e5f8f7/rsar/am_noise_horizontal/seed_43/methods/B_REG/eval_full_am_noise_horizontal_ids_v1,,/home/zechuan/iraod_artifacts/comparison/xaf_student_quant_20260908/b_reg_runs_0e5f8f7/rsar/am_noise_horizontal/seed_43/methods/B_REG/eval_full_am_noise_horizontal_ids_v1/predictions.pkl.image_ids.json,/home/zechuan/IRAOD-New-rc331d213/configs/baseline/oriented_rcnn_orthonet_rsar.py,incomplete,,,"[""missing_eval_json"", ""checkpoint_missing_or_size_changed"", ""missing_native_execution_binding"", ""checkpoint_unverified_or_wrong_source"", ""missing_eval_status"", ""missing_class_ap"", ""missing_predictions"", ""missing_pred_count"", ""missing_eval_json"", ""missing_prediction_image_order""]",,,/home/zechuan/iraod_artifacts/comparison/xaf_student_quant_20260908/b_reg_runs_0e5f8f7/rsar/am_noise_horizontal/seed_43/methods/B_REG/work/iter_266_ema.pth,e489f015cc2b67926a415436c97532ff814f826c4861b659cbc712fb9413b98c,,/home/zechuan/iraod_artifacts/comparison/xaf_student_quant_20260908/b_reg_runs_0e5f8f7/rsar/am_noise_horizontal/seed_43/methods/B_REG/eval_full_am_noise_horizontal_ids_v1/eval_status,/home/zechuan/iraod_artifacts/comparison/xaf_student_quant_20260908/b_reg_runs_0e5f8f7/rsar/am_noise_horizontal/seed_43/methods/B_REG/eval_full_am_noise_horizontal_ids_v1/class_ap.txt,/home/zechuan/iraod_artifacts/comparison/xaf_student_quant_20260908/b_reg_runs_0e5f8f7/rsar/am_noise_horizontal/seed_43/methods/B_REG/eval_full_am_noise_horizontal_ids_v1/predictions.pkl,/home/zechuan/iraod_artifacts/comparison/xaf_student_quant_20260908/b_reg_runs_0e5f8f7/rsar/am_noise_horizontal/seed_43/methods/B_REG/eval_full_am_noise_horizontal_ids_v1/pred_count.txt,0f98a48b539f9260055fc305784ffbc924f50451,331d2131b84651f0a2930a3d53faeefad8701531,0f98a48b539f9260055fc305784ffbc924f50451,0f98a48b539f9260055fc305784ffbc924f50451,,recorded_adaptation_producer,,,,common_one_epoch,/mnt/HDD_14TB/zechuan/iraod_artifacts/comparison/xaf_student_quant_20260908/report_checkpoint_breg_f_ema_20260909T2102Z/mapped_runtimes/b_reg_manifests_0e5f8f7.runtime.json,/home/zechuan/iraod_artifacts/comparison/xaf_student_quant_20260908/b_reg_runs_0e5f8f7/rsar/am_noise_horizontal/seed_43/methods/B_REG/eval_full_am_noise_horizontal_ids_v1/execution.json,"[""missing_eval_json"", ""checkpoint_missing_or_size_changed"", ""missing_native_execution_binding""]"
RSAR,am_noise_horizontal,B_REG,44,ema,/home/zechuan/iraod_artifacts/comparison/xaf_student_quant_20260908/b_reg_runs_0e5f8f7/rsar/am_noise_horizontal/seed_44/methods/B_REG/eval_full_am_noise_horizontal_ids_v1,,/home/zechuan/iraod_artifacts/comparison/xaf_student_quant_20260908/b_reg_runs_0e5f8f7/rsar/am_noise_horizontal/seed_44/methods/B_REG/eval_full_am_noise_horizontal_ids_v1/predictions.pkl.image_ids.json,/home/zechuan/IRAOD-New-rc331d213/configs/baseline/oriented_rcnn_orthonet_rsar.py,incomplete,,,"[""missing_eval_json"", ""checkpoint_missing_or_size_changed"", ""missing_native_execution_binding"", ""checkpoint_unverified_or_wrong_source"", ""missing_eval_status"", ""missing_class_ap"", ""missing_predictions"", ""missing_pred_count"", ""missing_eval_json"", ""missing_prediction_image_order""]",,,/home/zechuan/iraod_artifacts/comparison/xaf_student_quant_20260908/b_reg_runs_0e5f8f7/rsar/am_noise_horizontal/seed_44/methods/B_REG/work/iter_266_ema.pth,e489f015cc2b67926a415436c97532ff814f826c4861b659cbc712fb9413b98c,,/home/zechuan/iraod_artifacts/comparison/xaf_student_quant_20260908/b_reg_runs_0e5f8f7/rsar/am_noise_horizontal/seed_44/methods/B_REG/eval_full_am_noise_horizontal_ids_v1/eval_status,/home/zechuan/iraod_artifacts/comparison/xaf_student_quant_20260908/b_reg_runs_0e5f8f7/rsar/am_noise_horizontal/seed_44/methods/B_REG/eval_full_am_noise_horizontal_ids_v1/class_ap.txt,/home/zechuan/iraod_artifacts/comparison/xaf_student_quant_20260908/b_reg_runs_0e5f8f7/rsar/am_noise_horizontal/seed_44/methods/B_REG/eval_full_am_noise_horizontal_ids_v1/predictions.pkl,/home/zechuan/iraod_artifacts/comparison/xaf_student_quant_20260908/b_reg_runs_0e5f8f7/rsar/am_noise_horizontal/seed_44/methods/B_REG/eval_full_am_noise_horizontal_ids_v1/pred_count.txt,0f98a48b539f9260055fc305784ffbc924f50451,331d2131b84651f0a2930a3d53faeefad8701531,0f98a48b539f9260055fc305784ffbc924f50451,0f98a48b539f9260055fc305784ffbc924f50451,,recorded_adaptation_producer,,,,common_one_epoch,/mnt/HDD_14TB/zechuan/iraod_artifacts/comparison/xaf_student_quant_20260908/report_checkpoint_breg_f_ema_20260909T2102Z/mapped_runtimes/b_reg_manifests_0e5f8f7.runtime.json,/home/zechuan/iraod_artifacts/comparison/xaf_student_quant_20260908/b_reg_runs_0e5f8f7/rsar/am_noise_horizontal/seed_44/methods/B_REG/eval_full_am_noise_horizontal_ids_v1/execution.json,"[""missing_eval_json"", ""checkpoint_missing_or_size_changed"", ""missing_native_execution_binding""]"
RSAR,am_noise_horizontal,F_text_only,42,ema,/home/zechuan/iraod_artifacts/comparison/xaf_student_quant_20260908/f_deletion_runs_daa3992/rsar/am_noise_horizontal/seed_42/methods/F_text_only/ddp2/eval_full_am_noise_horizontal_ids_v1,/home/zechuan/iraod_artifacts/comparison/xaf_student_quant_20260908/f_deletion_runs_daa3992/rsar/am_noise_horizontal/seed_42/methods/F_text_only/ddp2/eval_full_am_noise_horizontal_ids_v1/eval_20260909_095924.json,/home/zechuan/iraod_artifacts/comparison/xaf_student_quant_20260908/f_deletion_runs_daa3992/rsar/am_noise_horizontal/seed_42/methods/F_text_only/ddp2/eval_full_am_noise_horizontal_ids_v1/predictions.pkl.image_ids.json,/home/zechuan/IRAOD-New-rc331d213/configs/baseline/oriented_rcnn_orthonet_rsar.py,complete,0.1522960066795349,0.1522960066795349,[],8538,50579,/home/zechuan/iraod_artifacts/comparison/xaf_student_quant_20260908/f_deletion_runs_daa3992/rsar/am_noise_horizontal/seed_42/methods/F_text_only/ddp2/work/iter_266_ema.pth,e489f015cc2b67926a415436c97532ff814f826c4861b659cbc712fb9413b98c,,/home/zechuan/iraod_artifacts/comparison/xaf_student_quant_20260908/f_deletion_runs_daa3992/rsar/am_noise_horizontal/seed_42/methods/F_text_only/ddp2/eval_full_am_noise_horizontal_ids_v1/eval_status,/home/zechuan/iraod_artifacts/comparison/xaf_student_quant_20260908/f_deletion_runs_daa3992/rsar/am_noise_horizontal/seed_42/methods/F_text_only/ddp2/eval_full_am_noise_horizontal_ids_v1/class_ap.txt,/home/zechuan/iraod_artifacts/comparison/xaf_student_quant_20260908/f_deletion_runs_daa3992/rsar/am_noise_horizontal/seed_42/methods/F_text_only/ddp2/eval_full_am_noise_horizontal_ids_v1/predictions.pkl,/home/zechuan/iraod_artifacts/comparison/xaf_student_quant_20260908/f_deletion_runs_daa3992/rsar/am_noise_horizontal/seed_42/methods/F_text_only/ddp2/eval_full_am_noise_horizontal_ids_v1/pred_count.txt,0f98a48b539f9260055fc305784ffbc924f50451,331d2131b84651f0a2930a3d53faeefad8701531,0f98a48b539f9260055fc305784ffbc924f50451,0f98a48b539f9260055fc305784ffbc924f50451,,recorded_adaptation_producer,,,,common_one_epoch,/mnt/HDD_14TB/zechuan/iraod_artifacts/comparison/xaf_student_quant_20260908/report_checkpoint_breg_f_ema_20260909T2102Z/mapped_runtimes/f_deletion_manifests_daa3992.runtime.json,/home/zechuan/iraod_artifacts/comparison/xaf_student_quant_20260908/f_deletion_runs_daa3992/rsar/am_noise_horizontal/seed_42/methods/F_text_only/ddp2/eval_full_am_noise_horizontal_ids_v1/execution.json,[]
RSAR,am_noise_horizontal,F_text_only,43,ema,/home/zechuan/iraod_artifacts/comparison/xaf_student_quant_20260908/f_deletion_runs_daa3992/rsar/am_noise_horizontal/seed_43/methods/F_text_only/ddp2/eval_full_am_noise_horizontal_ids_v1,,/home/zechuan/iraod_artifacts/comparison/xaf_student_quant_20260908/f_deletion_runs_daa3992/rsar/am_noise_horizontal/seed_43/methods/F_text_only/ddp2/eval_full_am_noise_horizontal_ids_v1/predictions.pkl.image_ids.json,/home/zechuan/IRAOD-New-rc331d213/configs/baseline/oriented_rcnn_orthonet_rsar.py,incomplete,,,"[""missing_eval_json"", ""checkpoint_missing_or_size_changed"", ""missing_native_execution_binding"", ""checkpoint_unverified_or_wrong_source"", ""missing_eval_status"", ""missing_class_ap"", ""missing_predictions"", ""missing_pred_count"", ""missing_eval_json"", ""missing_prediction_image_order""]",,,/home/zechuan/iraod_artifacts/comparison/xaf_student_quant_20260908/f_deletion_runs_daa3992/rsar/am_noise_horizontal/seed_43/methods/F_text_only/ddp2/work/iter_266_ema.pth,e489f015cc2b67926a415436c97532ff814f826c4861b659cbc712fb9413b98c,,/home/zechuan/iraod_artifacts/comparison/xaf_student_quant_20260908/f_deletion_runs_daa3992/rsar/am_noise_horizontal/seed_43/methods/F_text_only/ddp2/eval_full_am_noise_horizontal_ids_v1/eval_status,/home/zechuan/iraod_artifacts/comparison/xaf_student_quant_20260908/f_deletion_runs_daa3992/rsar/am_noise_horizontal/seed_43/methods/F_text_only/ddp2/eval_full_am_noise_horizontal_ids_v1/class_ap.txt,/home/zechuan/iraod_artifacts/comparison/xaf_student_quant_20260908/f_deletion_runs_daa3992/rsar/am_noise_horizontal/seed_43/methods/F_text_only/ddp2/eval_full_am_noise_horizontal_ids_v1/predictions.pkl,/home/zechuan/iraod_artifacts/comparison/xaf_student_quant_20260908/f_deletion_runs_daa3992/rsar/am_noise_horizontal/seed_43/methods/F_text_only/ddp2/eval_full_am_noise_horizontal_ids_v1/pred_count.txt,0f98a48b539f9260055fc305784ffbc924f50451,331d2131b84651f0a2930a3d53faeefad8701531,0f98a48b539f9260055fc305784ffbc924f50451,0f98a48b539f9260055fc305784ffbc924f50451,,recorded_adaptation_producer,,,,common_one_epoch,/mnt/HDD_14TB/zechuan/iraod_artifacts/comparison/xaf_student_quant_20260908/report_checkpoint_breg_f_ema_20260909T2102Z/mapped_runtimes/f_deletion_manifests_daa3992.runtime.json,/home/zechuan/iraod_artifacts/comparison/xaf_student_quant_20260908/f_deletion_runs_daa3992/rsar/am_noise_horizontal/seed_43/methods/F_text_only/ddp2/eval_full_am_noise_horizontal_ids_v1/execution.json,"[""missing_eval_json"", ""checkpoint_missing_or_size_changed"", ""missing_native_execution_binding""]"
RSAR,am_noise_horizontal,F_text_only,44,ema,/home/zechuan/iraod_artifacts/comparison/xaf_student_quant_20260908/f_deletion_runs_daa3992/rsar/am_noise_horizontal/seed_44/methods/F_text_only/ddp2/eval_full_am_noise_horizontal_ids_v1,,/home/zechuan/iraod_artifacts/comparison/xaf_student_quant_20260908/f_deletion_runs_daa3992/rsar/am_noise_horizontal/seed_44/methods/F_text_only/ddp2/eval_full_am_noise_horizontal_ids_v1/predictions.pkl.image_ids.json,/home/zechuan/IRAOD-New-rc331d213/configs/baseline/oriented_rcnn_orthonet_rsar.py,incomplete,,,"[""missing_eval_json"", ""checkpoint_missing_or_size_changed"", ""missing_native_execution_binding"", ""checkpoint_unverified_or_wrong_source"", ""missing_eval_status"", ""missing_class_ap"", ""missing_predictions"", ""missing_pred_count"", ""missing_eval_json"", ""missing_prediction_image_order""]",,,/home/zechuan/iraod_artifacts/comparison/xaf_student_quant_20260908/f_deletion_runs_daa3992/rsar/am_noise_horizontal/seed_44/methods/F_text_only/ddp2/work/iter_266_ema.pth,e489f015cc2b67926a415436c97532ff814f826c4861b659cbc712fb9413b98c,,/home/zechuan/iraod_artifacts/comparison/xaf_student_quant_20260908/f_deletion_runs_daa3992/rsar/am_noise_horizontal/seed_44/methods/F_text_only/ddp2/eval_full_am_noise_horizontal_ids_v1/eval_status,/home/zechuan/iraod_artifacts/comparison/xaf_student_quant_20260908/f_deletion_runs_daa3992/rsar/am_noise_horizontal/seed_44/methods/F_text_only/ddp2/eval_full_am_noise_horizontal_ids_v1/class_ap.txt,/home/zechuan/iraod_artifacts/comparison/xaf_student_quant_20260908/f_deletion_runs_daa3992/rsar/am_noise_horizontal/seed_44/methods/F_text_only/ddp2/eval_full_am_noise_horizontal_ids_v1/predictions.pkl,/home/zechuan/iraod_artifacts/comparison/xaf_student_quant_20260908/f_deletion_runs_daa3992/rsar/am_noise_horizontal/seed_44/methods/F_text_only/ddp2/eval_full_am_noise_horizontal_ids_v1/pred_count.txt,0f98a48b539f9260055fc305784ffbc924f50451,331d2131b84651f0a2930a3d53faeefad8701531,0f98a48b539f9260055fc305784ffbc924f50451,0f98a48b539f9260055fc305784ffbc924f50451,,recorded_adaptation_producer,,,,common_one_epoch,/mnt/HDD_14TB/zechuan/iraod_artifacts/comparison/xaf_student_quant_20260908/report_checkpoint_breg_f_ema_20260909T2102Z/mapped_runtimes/f_deletion_manifests_daa3992.runtime.json,/home/zechuan/iraod_artifacts/comparison/xaf_student_quant_20260908/f_deletion_runs_daa3992/rsar/am_noise_horizontal/seed_44/methods/F_text_only/ddp2/eval_full_am_noise_horizontal_ids_v1/execution.json,"[""missing_eval_json"", ""checkpoint_missing_or_size_changed"", ""missing_native_execution_binding""]"
RSAR,am_noise_horizontal,F_veto_only,42,ema,/home/zechuan/iraod_artifacts/comparison/xaf_student_quant_20260908/f_deletion_runs_daa3992/rsar/am_noise_horizontal/seed_42/methods/F_veto_only/ddp2/eval_full_am_noise_horizontal_ids_v1,/home/zechuan/iraod_artifacts/comparison/xaf_student_quant_20260908/f_deletion_runs_daa3992/rsar/am_noise_horizontal/seed_42/methods/F_veto_only/ddp2/eval_full_am_noise_horizontal_ids_v1/eval_20260909_101126.json,/home/zechuan/iraod_artifacts/comparison/xaf_student_quant_20260908/f_deletion_runs_daa3992/rsar/am_noise_horizontal/seed_42/methods/F_veto_only/ddp2/eval_full_am_noise_horizontal_ids_v1/predictions.pkl.image_ids.json,/home/zechuan/IRAOD-New-rc331d213/configs/baseline/oriented_rcnn_orthonet_rsar.py,complete,0.2470693439245224,0.2470693439245224,[],8538,120844,/home/zechuan/iraod_artifacts/comparison/xaf_student_quant_20260908/f_deletion_runs_daa3992/rsar/am_noise_horizontal/seed_42/methods/F_veto_only/ddp2/work/iter_266_ema.pth,e489f015cc2b67926a415436c97532ff814f826c4861b659cbc712fb9413b98c,,/home/zechuan/iraod_artifacts/comparison/xaf_student_quant_20260908/f_deletion_runs_daa3992/rsar/am_noise_horizontal/seed_42/methods/F_veto_only/ddp2/eval_full_am_noise_horizontal_ids_v1/eval_status,/home/zechuan/iraod_artifacts/comparison/xaf_student_quant_20260908/f_deletion_runs_daa3992/rsar/am_noise_horizontal/seed_42/methods/F_veto_only/ddp2/eval_full_am_noise_horizontal_ids_v1/class_ap.txt,/home/zechuan/iraod_artifacts/comparison/xaf_student_quant_20260908/f_deletion_runs_daa3992/rsar/am_noise_horizontal/seed_42/methods/F_veto_only/ddp2/eval_full_am_noise_horizontal_ids_v1/predictions.pkl,/home/zechuan/iraod_artifacts/comparison/xaf_student_quant_20260908/f_deletion_runs_daa3992/rsar/am_noise_horizontal/seed_42/methods/F_veto_only/ddp2/eval_full_am_noise_horizontal_ids_v1/pred_count.txt,0f98a48b539f9260055fc305784ffbc924f50451,331d2131b84651f0a2930a3d53faeefad8701531,0f98a48b539f9260055fc305784ffbc924f50451,0f98a48b539f9260055fc305784ffbc924f50451,,recorded_adaptation_producer,,,,common_one_epoch,/mnt/HDD_14TB/zechuan/iraod_artifacts/comparison/xaf_student_quant_20260908/report_checkpoint_breg_f_ema_20260909T2102Z/mapped_runtimes/f_deletion_manifests_daa3992.runtime.json,/home/zechuan/iraod_artifacts/comparison/xaf_student_quant_20260908/f_deletion_runs_daa3992/rsar/am_noise_horizontal/seed_42/methods/F_veto_only/ddp2/eval_full_am_noise_horizontal_ids_v1/execution.json,[]
RSAR,am_noise_horizontal,F_veto_only,43,ema,/home/zechuan/iraod_artifacts/comparison/xaf_student_quant_20260908/f_deletion_runs_daa3992/rsar/am_noise_horizontal/seed_43/methods/F_veto_only/ddp2/eval_full_am_noise_horizontal_ids_v1,,/home/zechuan/iraod_artifacts/comparison/xaf_student_quant_20260908/f_deletion_runs_daa3992/rsar/am_noise_horizontal/seed_43/methods/F_veto_only/ddp2/eval_full_am_noise_horizontal_ids_v1/predictions.pkl.image_ids.json,/home/zechuan/IRAOD-New-rc331d213/configs/baseline/oriented_rcnn_orthonet_rsar.py,incomplete,,,"[""missing_eval_json"", ""checkpoint_missing_or_size_changed"", ""missing_native_execution_binding"", ""checkpoint_unverified_or_wrong_source"", ""missing_eval_status"", ""missing_class_ap"", ""missing_predictions"", ""missing_pred_count"", ""missing_eval_json"", ""missing_prediction_image_order""]",,,/home/zechuan/iraod_artifacts/comparison/xaf_student_quant_20260908/f_deletion_runs_daa3992/rsar/am_noise_horizontal/seed_43/methods/F_veto_only/ddp2/work/iter_266_ema.pth,e489f015cc2b67926a415436c97532ff814f826c4861b659cbc712fb9413b98c,,/home/zechuan/iraod_artifacts/comparison/xaf_student_quant_20260908/f_deletion_runs_daa3992/rsar/am_noise_horizontal/seed_43/methods/F_veto_only/ddp2/eval_full_am_noise_horizontal_ids_v1/eval_status,/home/zechuan/iraod_artifacts/comparison/xaf_student_quant_20260908/f_deletion_runs_daa3992/rsar/am_noise_horizontal/seed_43/methods/F_veto_only/ddp2/eval_full_am_noise_horizontal_ids_v1/class_ap.txt,/home/zechuan/iraod_artifacts/comparison/xaf_student_quant_20260908/f_deletion_runs_daa3992/rsar/am_noise_horizontal/seed_43/methods/F_veto_only/ddp2/eval_full_am_noise_horizontal_ids_v1/predictions.pkl,/home/zechuan/iraod_artifacts/comparison/xaf_student_quant_20260908/f_deletion_runs_daa3992/rsar/am_noise_horizontal/seed_43/methods/F_veto_only/ddp2/eval_full_am_noise_horizontal_ids_v1/pred_count.txt,0f98a48b539f9260055fc305784ffbc924f50451,331d2131b84651f0a2930a3d53faeefad8701531,0f98a48b539f9260055fc305784ffbc924f50451,0f98a48b539f9260055fc305784ffbc924f50451,,recorded_adaptation_producer,,,,common_one_epoch,/mnt/HDD_14TB/zechuan/iraod_artifacts/comparison/xaf_student_quant_20260908/report_checkpoint_breg_f_ema_20260909T2102Z/mapped_runtimes/f_deletion_manifests_daa3992.runtime.json,/home/zechuan/iraod_artifacts/comparison/xaf_student_quant_20260908/f_deletion_runs_daa3992/rsar/am_noise_horizontal/seed_43/methods/F_veto_only/ddp2/eval_full_am_noise_horizontal_ids_v1/execution.json,"[""missing_eval_json"", ""checkpoint_missing_or_size_changed"", ""missing_native_execution_binding""]"
RSAR,am_noise_horizontal,F_veto_only,44,ema,/home/zechuan/iraod_artifacts/comparison/xaf_student_quant_20260908/f_deletion_runs_daa3992/rsar/am_noise_horizontal/seed_44/methods/F_veto_only/ddp2/eval_full_am_noise_horizontal_ids_v1,/home/zechuan/iraod_artifacts/comparison/xaf_student_quant_20260908/f_deletion_runs_daa3992/rsar/am_noise_horizontal/seed_44/methods/F_veto_only/ddp2/eval_full_am_noise_horizontal_ids_v1/eval_20260909_104455.json,/home/zechuan/iraod_artifacts/comparison/xaf_student_quant_20260908/f_deletion_runs_daa3992/rsar/am_noise_horizontal/seed_44/methods/F_veto_only/ddp2/eval_full_am_noise_horizontal_ids_v1/predictions.pkl.image_ids.json,/home/zechuan/IRAOD-New-rc331d213/configs/baseline/oriented_rcnn_orthonet_rsar.py,complete,0.23951531946659088,0.23951531946659088,[],8538,118587,/home/zechuan/iraod_artifacts/comparison/xaf_student_quant_20260908/f_deletion_runs_daa3992/rsar/am_noise_horizontal/seed_44/methods/F_veto_only/ddp2/work/iter_266_ema.pth,e489f015cc2b67926a415436c97532ff814f826c4861b659cbc712fb9413b98c,,/home/zechuan/iraod_artifacts/comparison/xaf_student_quant_20260908/f_deletion_runs_daa3992/rsar/am_noise_horizontal/seed_44/methods/F_veto_only/ddp2/eval_full_am_noise_horizontal_ids_v1/eval_status,/home/zechuan/iraod_artifacts/comparison/xaf_student_quant_20260908/f_deletion_runs_daa3992/rsar/am_noise_horizontal/seed_44/methods/F_veto_only/ddp2/eval_full_am_noise_horizontal_ids_v1/class_ap.txt,/home/zechuan/iraod_artifacts/comparison/xaf_student_quant_20260908/f_deletion_runs_daa3992/rsar/am_noise_horizontal/seed_44/methods/F_veto_only/ddp2/eval_full_am_noise_horizontal_ids_v1/predictions.pkl,/home/zechuan/iraod_artifacts/comparison/xaf_student_quant_20260908/f_deletion_runs_daa3992/rsar/am_noise_horizontal/seed_44/methods/F_veto_only/ddp2/eval_full_am_noise_horizontal_ids_v1/pred_count.txt,0f98a48b539f9260055fc305784ffbc924f50451,331d2131b84651f0a2930a3d53faeefad8701531,0f98a48b539f9260055fc305784ffbc924f50451,0f98a48b539f9260055fc305784ffbc924f50451,,recorded_adaptation_producer,,,,common_one_epoch,/mnt/HDD_14TB/zechuan/iraod_artifacts/comparison/xaf_student_quant_20260908/report_checkpoint_breg_f_ema_20260909T2102Z/mapped_runtimes/f_deletion_manifests_daa3992.runtime.json,/home/zechuan/iraod_artifacts/comparison/xaf_student_quant_20260908/f_deletion_runs_daa3992/rsar/am_noise_horizontal/seed_44/methods/F_veto_only/ddp2/eval_full_am_noise_horizontal_ids_v1/execution.json,[]
RSAR,smart_suppression,A,42,source,/home/zechuan/iraod_artifacts/comparison/rsar/smart_suppression/seed_42/0f98a48/methods/A/eval_full_smart_suppression_ids_v1,/home/zechuan/iraod_artifacts/comparison/rsar/smart_suppression/seed_42/0f98a48/methods/A/eval_full_smart_suppression_ids_v1/eval_20260907_160138.json,/home/zechuan/iraod_artifacts/comparison/rsar/smart_suppression/seed_42/0f98a48/methods/A/eval_full_smart_suppression_ids_v1/predictions.pkl.image_ids.json,/mnt/SSD2_8TB/zechuan/IRAOD-New-rc331d213/configs/baseline/oriented_rcnn_orthonet_rsar.py,complete,0.14372646808624268,0.14372646808624268,[],8538,76467,/home/zechuan/iraod_artifacts/rsar_source/seed42-orthonet-ddp4-gpu4567-spg16-gbs64/train/epoch_100.pth,e489f015cc2b67926a415436c97532ff814f826c4861b659cbc712fb9413b98c,,/home/zechuan/iraod_artifacts/comparison/rsar/smart_suppression/seed_42/0f98a48/methods/A/eval_full_smart_suppression_ids_v1/eval_status,/home/zechuan/iraod_artifacts/comparison/rsar/smart_suppression/seed_42/0f98a48/methods/A/eval_full_smart_suppression_ids_v1/class_ap.txt,/home/zechuan/iraod_artifacts/comparison/rsar/smart_suppression/seed_42/0f98a48/methods/A/eval_full_smart_suppression_ids_v1/predictions.pkl,/home/zechuan/iraod_artifacts/comparison/rsar/smart_suppression/seed_42/0f98a48/methods/A/eval_full_smart_suppression_ids_v1/pred_count.txt,0f98a48b539f9260055fc305784ffbc924f50451,331d2131b84651f0a2930a3d53faeefad8701531,0f98a48b539f9260055fc305784ffbc924f50451,b474aaa5f7718746215ce13beceb071617bb823e,b474aaa5f7718746215ce13beceb071617bb823e,source_producer_corrected_in_report,"{""dataset"": ""RSAR"", ""domain"": ""smart_suppression"", ""method"": ""A"", ""seed"": 42, ""role"": ""source"", ""field"": ""training_code_sha"", ""recorded"": ""0f98a48b539f9260055fc305784ffbc924f50451"", ""actual"": ""b474aaa5f7718746215ce13beceb071617bb823e"", ""source_checkpoint"": ""/home/zechuan/iraod_artifacts/rsar_source/seed42-orthonet-ddp4-gpu4567-spg16-gbs64/train/epoch_100.pth"", ""source_weights_sha256"": ""e489f015cc2b67926a415436c97532ff814f826c4861b659cbc712fb9413b98c"", ""source_record"": ""/home/zechuan/iraod_artifacts/rsar_source/seed42-orthonet-ddp4-gpu4567-spg16-gbs64/reproducibility/git_commit.txt"", ""source_record_snapshot"": ""/home/zechuan/iraod_artifacts/comparison/final_delivery_20260908_4a6bc50/input/source_records/RSAR_producer_git_commit.txt"", ""sidecar"": ""/home/zechuan/iraod_artifacts/comparison/rsar/smart_suppression/seed_42/0f98a48/methods/A/eval_full_smart_suppression_ids_v1/predictions.pkl.image_ids.json"", ""sidecar_modified"": false, ""scope"": ""producer metadata only; weights, predictions, IDs and mAP unchanged""}",0.14372646808624268,/mnt/HDD_14TB/zechuan/IRAOD-New-report-complete-path-identities-44ac421-20260909/results/paper_comparison/historical/seed42/raw_results.csv,fixed_source,,,
RSAR,smart_suppression,B_REG,42,ema,/home/zechuan/iraod_artifacts/comparison/xaf_student_quant_20260908/b_reg_runs_0e5f8f7/rsar/smart_suppression/seed_42/methods/B_REG/eval_full_smart_suppression_ids_v1,,/home/zechuan/iraod_artifacts/comparison/xaf_student_quant_20260908/b_reg_runs_0e5f8f7/rsar/smart_suppression/seed_42/methods/B_REG/eval_full_smart_suppression_ids_v1/predictions.pkl.image_ids.json,/home/zechuan/IRAOD-New-rc331d213/configs/baseline/oriented_rcnn_orthonet_rsar.py,incomplete,,,"[""missing_eval_json"", ""checkpoint_missing_or_size_changed"", ""missing_native_execution_binding"", ""checkpoint_unverified_or_wrong_source"", ""missing_eval_status"", ""missing_class_ap"", ""missing_predictions"", ""missing_pred_count"", ""missing_eval_json"", ""missing_prediction_image_order""]",,,/home/zechuan/iraod_artifacts/comparison/xaf_student_quant_20260908/b_reg_runs_0e5f8f7/rsar/smart_suppression/seed_42/methods/B_REG/work/iter_266_ema.pth,e489f015cc2b67926a415436c97532ff814f826c4861b659cbc712fb9413b98c,,/home/zechuan/iraod_artifacts/comparison/xaf_student_quant_20260908/b_reg_runs_0e5f8f7/rsar/smart_suppression/seed_42/methods/B_REG/eval_full_smart_suppression_ids_v1/eval_status,/home/zechuan/iraod_artifacts/comparison/xaf_student_quant_20260908/b_reg_runs_0e5f8f7/rsar/smart_suppression/seed_42/methods/B_REG/eval_full_smart_suppression_ids_v1/class_ap.txt,/home/zechuan/iraod_artifacts/comparison/xaf_student_quant_20260908/b_reg_runs_0e5f8f7/rsar/smart_suppression/seed_42/methods/B_REG/eval_full_smart_suppression_ids_v1/predictions.pkl,/home/zechuan/iraod_artifacts/comparison/xaf_student_quant_20260908/b_reg_runs_0e5f8f7/rsar/smart_suppression/seed_42/methods/B_REG/eval_full_smart_suppression_ids_v1/pred_count.txt,0f98a48b539f9260055fc305784ffbc924f50451,331d2131b84651f0a2930a3d53faeefad8701531,0f98a48b539f9260055fc305784ffbc924f50451,0f98a48b539f9260055fc305784ffbc924f50451,,recorded_adaptation_producer,,,,common_one_epoch,/mnt/HDD_14TB/zechuan/iraod_artifacts/comparison/xaf_student_quant_20260908/report_checkpoint_breg_f_ema_20260909T2102Z/mapped_runtimes/b_reg_manifests_0e5f8f7.runtime.json,/home/zechuan/iraod_artifacts/comparison/xaf_student_quant_20260908/b_reg_runs_0e5f8f7/rsar/smart_suppression/seed_42/methods/B_REG/eval_full_smart_suppression_ids_v1/execution.json,"[""missing_eval_json"", ""checkpoint_missing_or_size_changed"", ""missing_native_execution_binding""]"
RSAR,smart_suppression,B_REG,43,ema,/home/zechuan/iraod_artifacts/comparison/xaf_student_quant_20260908/b_reg_runs_0e5f8f7/rsar/smart_suppression/seed_43/methods/B_REG/eval_full_smart_suppression_ids_v1,,/home/zechuan/iraod_artifacts/comparison/xaf_student_quant_20260908/b_reg_runs_0e5f8f7/rsar/smart_suppression/seed_43/methods/B_REG/eval_full_smart_suppression_ids_v1/predictions.pkl.image_ids.json,/home/zechuan/IRAOD-New-rc331d213/configs/baseline/oriented_rcnn_orthonet_rsar.py,incomplete,,,"[""missing_eval_json"", ""checkpoint_missing_or_size_changed"", ""missing_native_execution_binding"", ""checkpoint_unverified_or_wrong_source"", ""missing_eval_status"", ""missing_class_ap"", ""missing_predictions"", ""missing_pred_count"", ""missing_eval_json"", ""missing_prediction_image_order""]",,,/home/zechuan/iraod_artifacts/comparison/xaf_student_quant_20260908/b_reg_runs_0e5f8f7/rsar/smart_suppression/seed_43/methods/B_REG/work/iter_266_ema.pth,e489f015cc2b67926a415436c97532ff814f826c4861b659cbc712fb9413b98c,,/home/zechuan/iraod_artifacts/comparison/xaf_student_quant_20260908/b_reg_runs_0e5f8f7/rsar/smart_suppression/seed_43/methods/B_REG/eval_full_smart_suppression_ids_v1/eval_status,/home/zechuan/iraod_artifacts/comparison/xaf_student_quant_20260908/b_reg_runs_0e5f8f7/rsar/smart_suppression/seed_43/methods/B_REG/eval_full_smart_suppression_ids_v1/class_ap.txt,/home/zechuan/iraod_artifacts/comparison/xaf_student_quant_20260908/b_reg_runs_0e5f8f7/rsar/smart_suppression/seed_43/methods/B_REG/eval_full_smart_suppression_ids_v1/predictions.pkl,/home/zechuan/iraod_artifacts/comparison/xaf_student_quant_20260908/b_reg_runs_0e5f8f7/rsar/smart_suppression/seed_43/methods/B_REG/eval_full_smart_suppression_ids_v1/pred_count.txt,0f98a48b539f9260055fc305784ffbc924f50451,331d2131b84651f0a2930a3d53faeefad8701531,0f98a48b539f9260055fc305784ffbc924f50451,0f98a48b539f9260055fc305784ffbc924f50451,,recorded_adaptation_producer,,,,common_one_epoch,/mnt/HDD_14TB/zechuan/iraod_artifacts/comparison/xaf_student_quant_20260908/report_checkpoint_breg_f_ema_20260909T2102Z/mapped_runtimes/b_reg_manifests_0e5f8f7.runtime.json,/home/zechuan/iraod_artifacts/comparison/xaf_student_quant_20260908/b_reg_runs_0e5f8f7/rsar/smart_suppression/seed_43/methods/B_REG/eval_full_smart_suppression_ids_v1/execution.json,"[""missing_eval_json"", ""checkpoint_missing_or_size_changed"", ""missing_native_execution_binding""]"
RSAR,smart_suppression,B_REG,44,ema,/home/zechuan/iraod_artifacts/comparison/xaf_student_quant_20260908/b_reg_runs_0e5f8f7/rsar/smart_suppression/seed_44/methods/B_REG/eval_full_smart_suppression_ids_v1,,/home/zechuan/iraod_artifacts/comparison/xaf_student_quant_20260908/b_reg_runs_0e5f8f7/rsar/smart_suppression/seed_44/methods/B_REG/eval_full_smart_suppression_ids_v1/predictions.pkl.image_ids.json,/home/zechuan/IRAOD-New-rc331d213/configs/baseline/oriented_rcnn_orthonet_rsar.py,incomplete,,,"[""missing_eval_json"", ""checkpoint_missing_or_size_changed"", ""missing_native_execution_binding"", ""checkpoint_unverified_or_wrong_source"", ""missing_eval_status"", ""missing_class_ap"", ""missing_predictions"", ""missing_pred_count"", ""missing_eval_json"", ""missing_prediction_image_order""]",,,/home/zechuan/iraod_artifacts/comparison/xaf_student_quant_20260908/b_reg_runs_0e5f8f7/rsar/smart_suppression/seed_44/methods/B_REG/work/iter_266_ema.pth,e489f015cc2b67926a415436c97532ff814f826c4861b659cbc712fb9413b98c,,/home/zechuan/iraod_artifacts/comparison/xaf_student_quant_20260908/b_reg_runs_0e5f8f7/rsar/smart_suppression/seed_44/methods/B_REG/eval_full_smart_suppression_ids_v1/eval_status,/home/zechuan/iraod_artifacts/comparison/xaf_student_quant_20260908/b_reg_runs_0e5f8f7/rsar/smart_suppression/seed_44/methods/B_REG/eval_full_smart_suppression_ids_v1/class_ap.txt,/home/zechuan/iraod_artifacts/comparison/xaf_student_quant_20260908/b_reg_runs_0e5f8f7/rsar/smart_suppression/seed_44/methods/B_REG/eval_full_smart_suppression_ids_v1/predictions.pkl,/home/zechuan/iraod_artifacts/comparison/xaf_student_quant_20260908/b_reg_runs_0e5f8f7/rsar/smart_suppression/seed_44/methods/B_REG/eval_full_smart_suppression_ids_v1/pred_count.txt,0f98a48b539f9260055fc305784ffbc924f50451,331d2131b84651f0a2930a3d53faeefad8701531,0f98a48b539f9260055fc305784ffbc924f50451,0f98a48b539f9260055fc305784ffbc924f50451,,recorded_adaptation_producer,,,,common_one_epoch,/mnt/HDD_14TB/zechuan/iraod_artifacts/comparison/xaf_student_quant_20260908/report_checkpoint_breg_f_ema_20260909T2102Z/mapped_runtimes/b_reg_manifests_0e5f8f7.runtime.json,/home/zechuan/iraod_artifacts/comparison/xaf_student_quant_20260908/b_reg_runs_0e5f8f7/rsar/smart_suppression/seed_44/methods/B_REG/eval_full_smart_suppression_ids_v1/execution.json,"[""missing_eval_json"", ""checkpoint_missing_or_size_changed"", ""missing_native_execution_binding""]"
RSAR,smart_suppression,F_text_only,42,ema,/home/zechuan/iraod_artifacts/comparison/xaf_student_quant_20260908/f_deletion_runs_daa3992/rsar/smart_suppression/seed_42/methods/F_text_only/ddp2/eval_full_smart_suppression_ids_v1,/home/zechuan/iraod_artifacts/comparison/xaf_student_quant_20260908/f_deletion_runs_daa3992/rsar/smart_suppression/seed_42/methods/F_text_only/ddp2/eval_full_smart_suppression_ids_v1/eval_20260910_035701.json,/home/zechuan/iraod_artifacts/comparison/xaf_student_quant_20260908/f_deletion_runs_daa3992/rsar/smart_suppression/seed_42/methods/F_text_only/ddp2/eval_full_smart_suppression_ids_v1/predictions.pkl.image_ids.json,/home/zechuan/IRAOD-New-rc331d213/configs/baseline/oriented_rcnn_orthonet_rsar.py,complete,0.14446362853050232,0.14446362853050232,[],8538,46873,/home/zechuan/iraod_artifacts/comparison/xaf_student_quant_20260908/f_deletion_runs_daa3992/rsar/smart_suppression/seed_42/methods/F_text_only/ddp2/work/iter_266_ema.pth,e489f015cc2b67926a415436c97532ff814f826c4861b659cbc712fb9413b98c,,/home/zechuan/iraod_artifacts/comparison/xaf_student_quant_20260908/f_deletion_runs_daa3992/rsar/smart_suppression/seed_42/methods/F_text_only/ddp2/eval_full_smart_suppression_ids_v1/eval_status,/home/zechuan/iraod_artifacts/comparison/xaf_student_quant_20260908/f_deletion_runs_daa3992/rsar/smart_suppression/seed_42/methods/F_text_only/ddp2/eval_full_smart_suppression_ids_v1/class_ap.txt,/home/zechuan/iraod_artifacts/comparison/xaf_student_quant_20260908/f_deletion_runs_daa3992/rsar/smart_suppression/seed_42/methods/F_text_only/ddp2/eval_full_smart_suppression_ids_v1/predictions.pkl,/home/zechuan/iraod_artifacts/comparison/xaf_student_quant_20260908/f_deletion_runs_daa3992/rsar/smart_suppression/seed_42/methods/F_text_only/ddp2/eval_full_smart_suppression_ids_v1/pred_count.txt,0f98a48b539f9260055fc305784ffbc924f50451,331d2131b84651f0a2930a3d53faeefad8701531,0f98a48b539f9260055fc305784ffbc924f50451,0f98a48b539f9260055fc305784ffbc924f50451,,recorded_adaptation_producer,,,,common_one_epoch,/mnt/HDD_14TB/zechuan/iraod_artifacts/comparison/xaf_student_quant_20260908/report_checkpoint_breg_f_ema_20260909T2102Z/mapped_runtimes/f_deletion_manifests_daa3992.runtime.json,/home/zechuan/iraod_artifacts/comparison/xaf_student_quant_20260908/f_deletion_runs_daa3992/rsar/smart_suppression/seed_42/methods/F_text_only/ddp2/eval_full_smart_suppression_ids_v1/execution.json,[]
RSAR,smart_suppression,F_text_only,43,ema,/home/zechuan/iraod_artifacts/comparison/xaf_student_quant_20260908/f_deletion_runs_daa3992/rsar/smart_suppression/seed_43/methods/F_text_only/ddp2/eval_full_smart_suppression_ids_v1,/home/zechuan/iraod_artifacts/comparison/xaf_student_quant_20260908/f_deletion_runs_daa3992/rsar/smart_suppression/seed_43/methods/F_text_only/ddp2/eval_full_smart_suppression_ids_v1/eval_20260910_035829.json,/home/zechuan/iraod_artifacts/comparison/xaf_student_quant_20260908/f_deletion_runs_daa3992/rsar/smart_suppression/seed_43/methods/F_text_only/ddp2/eval_full_smart_suppression_ids_v1/predictions.pkl.image_ids.json,/home/zechuan/IRAOD-New-rc331d213/configs/baseline/oriented_rcnn_orthonet_rsar.py,complete,0.12973164021968842,0.12973164021968842,[],8538,43917,/home/zechuan/iraod_artifacts/comparison/xaf_student_quant_20260908/f_deletion_runs_daa3992/rsar/smart_suppression/seed_43/methods/F_text_only/ddp2/work/iter_266_ema.pth,e489f015cc2b67926a415436c97532ff814f826c4861b659cbc712fb9413b98c,,/home/zechuan/iraod_artifacts/comparison/xaf_student_quant_20260908/f_deletion_runs_daa3992/rsar/smart_suppression/seed_43/methods/F_text_only/ddp2/eval_full_smart_suppression_ids_v1/eval_status,/home/zechuan/iraod_artifacts/comparison/xaf_student_quant_20260908/f_deletion_runs_daa3992/rsar/smart_suppression/seed_43/methods/F_text_only/ddp2/eval_full_smart_suppression_ids_v1/class_ap.txt,/home/zechuan/iraod_artifacts/comparison/xaf_student_quant_20260908/f_deletion_runs_daa3992/rsar/smart_suppression/seed_43/methods/F_text_only/ddp2/eval_full_smart_suppression_ids_v1/predictions.pkl,/home/zechuan/iraod_artifacts/comparison/xaf_student_quant_20260908/f_deletion_runs_daa3992/rsar/smart_suppression/seed_43/methods/F_text_only/ddp2/eval_full_smart_suppression_ids_v1/pred_count.txt,0f98a48b539f9260055fc305784ffbc924f50451,331d2131b84651f0a2930a3d53faeefad8701531,0f98a48b539f9260055fc305784ffbc924f50451,0f98a48b539f9260055fc305784ffbc924f50451,,recorded_adaptation_producer,,,,common_one_epoch,/mnt/HDD_14TB/zechuan/iraod_artifacts/comparison/xaf_student_quant_20260908/report_checkpoint_breg_f_ema_20260909T2102Z/mapped_runtimes/f_deletion_manifests_daa3992.runtime.json,/home/zechuan/iraod_artifacts/comparison/xaf_student_quant_20260908/f_deletion_runs_daa3992/rsar/smart_suppression/seed_43/methods/F_text_only/ddp2/eval_full_smart_suppression_ids_v1/execution.json,[]
RSAR,smart_suppression,F_text_only,44,ema,/home/zechuan/iraod_artifacts/comparison/xaf_student_quant_20260908/f_deletion_runs_daa3992/rsar/smart_suppression/seed_44/methods/F_text_only/ddp2/eval_full_smart_suppression_ids_v1,/home/zechuan/iraod_artifacts/comparison/xaf_student_quant_20260908/f_deletion_runs_daa3992/rsar/smart_suppression/seed_44/methods/F_text_only/ddp2/eval_full_smart_suppression_ids_v1/eval_20260910_040158.json,/home/zechuan/iraod_artifacts/comparison/xaf_student_quant_20260908/f_deletion_runs_daa3992/rsar/smart_suppression/seed_44/methods/F_text_only/ddp2/eval_full_smart_suppression_ids_v1/predictions.pkl.image_ids.json,/home/zechuan/IRAOD-New-rc331d213/configs/baseline/oriented_rcnn_orthonet_rsar.py,complete,0.1379329115152359,0.1379329115152359,[],8538,41286,/home/zechuan/iraod_artifacts/comparison/xaf_student_quant_20260908/f_deletion_runs_daa3992/rsar/smart_suppression/seed_44/methods/F_text_only/ddp2/work/iter_266_ema.pth,e489f015cc2b67926a415436c97532ff814f826c4861b659cbc712fb9413b98c,,/home/zechuan/iraod_artifacts/comparison/xaf_student_quant_20260908/f_deletion_runs_daa3992/rsar/smart_suppression/seed_44/methods/F_text_only/ddp2/eval_full_smart_suppression_ids_v1/eval_status,/home/zechuan/iraod_artifacts/comparison/xaf_student_quant_20260908/f_deletion_runs_daa3992/rsar/smart_suppression/seed_44/methods/F_text_only/ddp2/eval_full_smart_suppression_ids_v1/class_ap.txt,/home/zechuan/iraod_artifacts/comparison/xaf_student_quant_20260908/f_deletion_runs_daa3992/rsar/smart_suppression/seed_44/methods/F_text_only/ddp2/eval_full_smart_suppression_ids_v1/predictions.pkl,/home/zechuan/iraod_artifacts/comparison/xaf_student_quant_20260908/f_deletion_runs_daa3992/rsar/smart_suppression/seed_44/methods/F_text_only/ddp2/eval_full_smart_suppression_ids_v1/pred_count.txt,0f98a48b539f9260055fc305784ffbc924f50451,331d2131b84651f0a2930a3d53faeefad8701531,0f98a48b539f9260055fc305784ffbc924f50451,0f98a48b539f9260055fc305784ffbc924f50451,,recorded_adaptation_producer,,,,common_one_epoch,/mnt/HDD_14TB/zechuan/iraod_artifacts/comparison/xaf_student_quant_20260908/report_checkpoint_breg_f_ema_20260909T2102Z/mapped_runtimes/f_deletion_manifests_daa3992.runtime.json,/home/zechuan/iraod_artifacts/comparison/xaf_student_quant_20260908/f_deletion_runs_daa3992/rsar/smart_suppression/seed_44/methods/F_text_only/ddp2/eval_full_smart_suppression_ids_v1/execution.json,[]
RSAR,smart_suppression,F_veto_only,42,ema,/home/zechuan/iraod_artifacts/comparison/xaf_student_quant_20260908/f_deletion_runs_daa3992/rsar/smart_suppression/seed_42/methods/F_veto_only/ddp2/eval_full_smart_suppression_ids_v1,/home/zechuan/iraod_artifacts/comparison/xaf_student_quant_20260908/f_deletion_runs_daa3992/rsar/smart_suppression/seed_42/methods/F_veto_only/ddp2/eval_full_smart_suppression_ids_v1/eval_20260910_035717.json,/home/zechuan/iraod_artifacts/comparison/xaf_student_quant_20260908/f_deletion_runs_daa3992/rsar/smart_suppression/seed_42/methods/F_veto_only/ddp2/eval_full_smart_suppression_ids_v1/predictions.pkl.image_ids.json,/home/zechuan/IRAOD-New-rc331d213/configs/baseline/oriented_rcnn_orthonet_rsar.py,complete,0.15212714672088623,0.15212714672088623,[],8538,75655,/home/zechuan/iraod_artifacts/comparison/xaf_student_quant_20260908/f_deletion_runs_daa3992/rsar/smart_suppression/seed_42/methods/F_veto_only/ddp2/work/iter_266_ema.pth,e489f015cc2b67926a415436c97532ff814f826c4861b659cbc712fb9413b98c,,/home/zechuan/iraod_artifacts/comparison/xaf_student_quant_20260908/f_deletion_runs_daa3992/rsar/smart_suppression/seed_42/methods/F_veto_only/ddp2/eval_full_smart_suppression_ids_v1/eval_status,/home/zechuan/iraod_artifacts/comparison/xaf_student_quant_20260908/f_deletion_runs_daa3992/rsar/smart_suppression/seed_42/methods/F_veto_only/ddp2/eval_full_smart_suppression_ids_v1/class_ap.txt,/home/zechuan/iraod_artifacts/comparison/xaf_student_quant_20260908/f_deletion_runs_daa3992/rsar/smart_suppression/seed_42/methods/F_veto_only/ddp2/eval_full_smart_suppression_ids_v1/predictions.pkl,/home/zechuan/iraod_artifacts/comparison/xaf_student_quant_20260908/f_deletion_runs_daa3992/rsar/smart_suppression/seed_42/methods/F_veto_only/ddp2/eval_full_smart_suppression_ids_v1/pred_count.txt,0f98a48b539f9260055fc305784ffbc924f50451,331d2131b84651f0a2930a3d53faeefad8701531,0f98a48b539f9260055fc305784ffbc924f50451,0f98a48b539f9260055fc305784ffbc924f50451,,recorded_adaptation_producer,,,,common_one_epoch,/mnt/HDD_14TB/zechuan/iraod_artifacts/comparison/xaf_student_quant_20260908/report_checkpoint_breg_f_ema_20260909T2102Z/mapped_runtimes/f_deletion_manifests_daa3992.runtime.json,/home/zechuan/iraod_artifacts/comparison/xaf_student_quant_20260908/f_deletion_runs_daa3992/rsar/smart_suppression/seed_42/methods/F_veto_only/ddp2/eval_full_smart_suppression_ids_v1/execution.json,[]
RSAR,smart_suppression,F_veto_only,43,ema,/home/zechuan/iraod_artifacts/comparison/xaf_student_quant_20260908/f_deletion_runs_daa3992/rsar/smart_suppression/seed_43/methods/F_veto_only/ddp2/eval_full_smart_suppression_ids_v1,/home/zechuan/iraod_artifacts/comparison/xaf_student_quant_20260908/f_deletion_runs_daa3992/rsar/smart_suppression/seed_43/methods/F_veto_only/ddp2/eval_full_smart_suppression_ids_v1/eval_20260910_035838.json,/home/zechuan/iraod_artifacts/comparison/xaf_student_quant_20260908/f_deletion_runs_daa3992/rsar/smart_suppression/seed_43/methods/F_veto_only/ddp2/eval_full_smart_suppression_ids_v1/predictions.pkl.image_ids.json,/home/zechuan/IRAOD-New-rc331d213/configs/baseline/oriented_rcnn_orthonet_rsar.py,complete,0.1551186442375183,0.1551186442375183,[],8538,74722,/home/zechuan/iraod_artifacts/comparison/xaf_student_quant_20260908/f_deletion_runs_daa3992/rsar/smart_suppression/seed_43/methods/F_veto_only/ddp2/work/iter_266_ema.pth,e489f015cc2b67926a415436c97532ff814f826c4861b659cbc712fb9413b98c,,/home/zechuan/iraod_artifacts/comparison/xaf_student_quant_20260908/f_deletion_runs_daa3992/rsar/smart_suppression/seed_43/methods/F_veto_only/ddp2/eval_full_smart_suppression_ids_v1/eval_status,/home/zechuan/iraod_artifacts/comparison/xaf_student_quant_20260908/f_deletion_runs_daa3992/rsar/smart_suppression/seed_43/methods/F_veto_only/ddp2/eval_full_smart_suppression_ids_v1/class_ap.txt,/home/zechuan/iraod_artifacts/comparison/xaf_student_quant_20260908/f_deletion_runs_daa3992/rsar/smart_suppression/seed_43/methods/F_veto_only/ddp2/eval_full_smart_suppression_ids_v1/predictions.pkl,/home/zechuan/iraod_artifacts/comparison/xaf_student_quant_20260908/f_deletion_runs_daa3992/rsar/smart_suppression/seed_43/methods/F_veto_only/ddp2/eval_full_smart_suppression_ids_v1/pred_count.txt,0f98a48b539f9260055fc305784ffbc924f50451,331d2131b84651f0a2930a3d53faeefad8701531,0f98a48b539f9260055fc305784ffbc924f50451,0f98a48b539f9260055fc305784ffbc924f50451,,recorded_adaptation_producer,,,,common_one_epoch,/mnt/HDD_14TB/zechuan/iraod_artifacts/comparison/xaf_student_quant_20260908/report_checkpoint_breg_f_ema_20260909T2102Z/mapped_runtimes/f_deletion_manifests_daa3992.runtime.json,/home/zechuan/iraod_artifacts/comparison/xaf_student_quant_20260908/f_deletion_runs_daa3992/rsar/smart_suppression/seed_43/methods/F_veto_only/ddp2/eval_full_smart_suppression_ids_v1/execution.json,[]
RSAR,smart_suppression,F_veto_only,44,ema,/home/zechuan/iraod_artifacts/comparison/xaf_student_quant_20260908/f_deletion_runs_daa3992/rsar/smart_suppression/seed_44/methods/F_veto_only/ddp2/eval_full_smart_suppression_ids_v1,/home/zechuan/iraod_artifacts/comparison/xaf_student_quant_20260908/f_deletion_runs_daa3992/rsar/smart_suppression/seed_44/methods/F_veto_only/ddp2/eval_full_smart_suppression_ids_v1/eval_20260910_040216.json,/home/zechuan/iraod_artifacts/comparison/xaf_student_quant_20260908/f_deletion_runs_daa3992/rsar/smart_suppression/seed_44/methods/F_veto_only/ddp2/eval_full_smart_suppression_ids_v1/predictions.pkl.image_ids.json,/home/zechuan/IRAOD-New-rc331d213/configs/baseline/oriented_rcnn_orthonet_rsar.py,complete,0.15373197197914124,0.15373197197914124,[],8538,71669,/home/zechuan/iraod_artifacts/comparison/xaf_student_quant_20260908/f_deletion_runs_daa3992/rsar/smart_suppression/seed_44/methods/F_veto_only/ddp2/work/iter_266_ema.pth,e489f015cc2b67926a415436c97532ff814f826c4861b659cbc712fb9413b98c,,/home/zechuan/iraod_artifacts/comparison/xaf_student_quant_20260908/f_deletion_runs_daa3992/rsar/smart_suppression/seed_44/methods/F_veto_only/ddp2/eval_full_smart_suppression_ids_v1/eval_status,/home/zechuan/iraod_artifacts/comparison/xaf_student_quant_20260908/f_deletion_runs_daa3992/rsar/smart_suppression/seed_44/methods/F_veto_only/ddp2/eval_full_smart_suppression_ids_v1/class_ap.txt,/home/zechuan/iraod_artifacts/comparison/xaf_student_quant_20260908/f_deletion_runs_daa3992/rsar/smart_suppression/seed_44/methods/F_veto_only/ddp2/eval_full_smart_suppression_ids_v1/predictions.pkl,/home/zechuan/iraod_artifacts/comparison/xaf_student_quant_20260908/f_deletion_runs_daa3992/rsar/smart_suppression/seed_44/methods/F_veto_only/ddp2/eval_full_smart_suppression_ids_v1/pred_count.txt,0f98a48b539f9260055fc305784ffbc924f50451,331d2131b84651f0a2930a3d53faeefad8701531,0f98a48b539f9260055fc305784ffbc924f50451,0f98a48b539f9260055fc305784ffbc924f50451,,recorded_adaptation_producer,,,,common_one_epoch,/mnt/HDD_14TB/zechuan/iraod_artifacts/comparison/xaf_student_quant_20260908/report_checkpoint_breg_f_ema_20260909T2102Z/mapped_runtimes/f_deletion_manifests_daa3992.runtime.json,/home/zechuan/iraod_artifacts/comparison/xaf_student_quant_20260908/f_deletion_runs_daa3992/rsar/smart_suppression/seed_44/methods/F_veto_only/ddp2/eval_full_smart_suppression_ids_v1/execution.json,[]
RSAR,am_noise_vertical,A,42,source,/home/zechuan/iraod_artifacts/comparison/rsar/am_noise_vertical/seed_42/0f98a48/methods/A/eval_full_am_noise_vertical_ids_v1,/home/zechuan/iraod_artifacts/comparison/rsar/am_noise_vertical/seed_42/0f98a48/methods/A/eval_full_am_noise_vertical_ids_v1/eval_20260907_163933.json,/home/zechuan/iraod_artifacts/comparison/rsar/am_noise_vertical/seed_42/0f98a48/methods/A/eval_full_am_noise_vertical_ids_v1/predictions.pkl.image_ids.json,/mnt/SSD2_8TB/zechuan/IRAOD-New-rc331d213/configs/baseline/oriented_rcnn_orthonet_rsar.py,complete,0.19074364006519318,0.19074364006519318,[],8538,83766,/home/zechuan/iraod_artifacts/rsar_source/seed42-orthonet-ddp4-gpu4567-spg16-gbs64/train/epoch_100.pth,e489f015cc2b67926a415436c97532ff814f826c4861b659cbc712fb9413b98c,,/home/zechuan/iraod_artifacts/comparison/rsar/am_noise_vertical/seed_42/0f98a48/methods/A/eval_full_am_noise_vertical_ids_v1/eval_status,/home/zechuan/iraod_artifacts/comparison/rsar/am_noise_vertical/seed_42/0f98a48/methods/A/eval_full_am_noise_vertical_ids_v1/class_ap.txt,/home/zechuan/iraod_artifacts/comparison/rsar/am_noise_vertical/seed_42/0f98a48/methods/A/eval_full_am_noise_vertical_ids_v1/predictions.pkl,/home/zechuan/iraod_artifacts/comparison/rsar/am_noise_vertical/seed_42/0f98a48/methods/A/eval_full_am_noise_vertical_ids_v1/pred_count.txt,0f98a48b539f9260055fc305784ffbc924f50451,331d2131b84651f0a2930a3d53faeefad8701531,0f98a48b539f9260055fc305784ffbc924f50451,b474aaa5f7718746215ce13beceb071617bb823e,b474aaa5f7718746215ce13beceb071617bb823e,source_producer_corrected_in_report,"{""dataset"": ""RSAR"", ""domain"": ""am_noise_vertical"", ""method"": ""A"", ""seed"": 42, ""role"": ""source"", ""field"": ""training_code_sha"", ""recorded"": ""0f98a48b539f9260055fc305784ffbc924f50451"", ""actual"": ""b474aaa5f7718746215ce13beceb071617bb823e"", ""source_checkpoint"": ""/home/zechuan/iraod_artifacts/rsar_source/seed42-orthonet-ddp4-gpu4567-spg16-gbs64/train/epoch_100.pth"", ""source_weights_sha256"": ""e489f015cc2b67926a415436c97532ff814f826c4861b659cbc712fb9413b98c"", ""source_record"": ""/home/zechuan/iraod_artifacts/rsar_source/seed42-orthonet-ddp4-gpu4567-spg16-gbs64/reproducibility/git_commit.txt"", ""source_record_snapshot"": ""/home/zechuan/iraod_artifacts/comparison/final_delivery_20260908_4a6bc50/input/source_records/RSAR_producer_git_commit.txt"", ""sidecar"": ""/home/zechuan/iraod_artifacts/comparison/rsar/am_noise_vertical/seed_42/0f98a48/methods/A/eval_full_am_noise_vertical_ids_v1/predictions.pkl.image_ids.json"", ""sidecar_modified"": false, ""scope"": ""producer metadata only; weights, predictions, IDs and mAP unchanged""}",0.19074364006519318,/mnt/HDD_14TB/zechuan/IRAOD-New-report-complete-path-identities-44ac421-20260909/results/paper_comparison/historical/seed42/raw_results.csv,fixed_source,,,
RSAR,am_noise_vertical,B_REG,42,ema,/home/zechuan/iraod_artifacts/comparison/xaf_student_quant_20260908/b_reg_runs_0e5f8f7/rsar/am_noise_vertical/seed_42/methods/B_REG/eval_full_am_noise_vertical_ids_v1,,/home/zechuan/iraod_artifacts/comparison/xaf_student_quant_20260908/b_reg_runs_0e5f8f7/rsar/am_noise_vertical/seed_42/methods/B_REG/eval_full_am_noise_vertical_ids_v1/predictions.pkl.image_ids.json,/home/zechuan/IRAOD-New-rc331d213/configs/baseline/oriented_rcnn_orthonet_rsar.py,incomplete,,,"[""missing_eval_json"", ""checkpoint_missing_or_size_changed"", ""missing_native_execution_binding"", ""checkpoint_unverified_or_wrong_source"", ""missing_eval_status"", ""missing_class_ap"", ""missing_predictions"", ""missing_pred_count"", ""missing_eval_json"", ""missing_prediction_image_order""]",,,/home/zechuan/iraod_artifacts/comparison/xaf_student_quant_20260908/b_reg_runs_0e5f8f7/rsar/am_noise_vertical/seed_42/methods/B_REG/work/iter_266_ema.pth,e489f015cc2b67926a415436c97532ff814f826c4861b659cbc712fb9413b98c,,/home/zechuan/iraod_artifacts/comparison/xaf_student_quant_20260908/b_reg_runs_0e5f8f7/rsar/am_noise_vertical/seed_42/methods/B_REG/eval_full_am_noise_vertical_ids_v1/eval_status,/home/zechuan/iraod_artifacts/comparison/xaf_student_quant_20260908/b_reg_runs_0e5f8f7/rsar/am_noise_vertical/seed_42/methods/B_REG/eval_full_am_noise_vertical_ids_v1/class_ap.txt,/home/zechuan/iraod_artifacts/comparison/xaf_student_quant_20260908/b_reg_runs_0e5f8f7/rsar/am_noise_vertical/seed_42/methods/B_REG/eval_full_am_noise_vertical_ids_v1/predictions.pkl,/home/zechuan/iraod_artifacts/comparison/xaf_student_quant_20260908/b_reg_runs_0e5f8f7/rsar/am_noise_vertical/seed_42/methods/B_REG/eval_full_am_noise_vertical_ids_v1/pred_count.txt,0f98a48b539f9260055fc305784ffbc924f50451,331d2131b84651f0a2930a3d53faeefad8701531,0f98a48b539f9260055fc305784ffbc924f50451,0f98a48b539f9260055fc305784ffbc924f50451,,recorded_adaptation_producer,,,,common_one_epoch,/mnt/HDD_14TB/zechuan/iraod_artifacts/comparison/xaf_student_quant_20260908/report_checkpoint_breg_f_ema_20260909T2102Z/mapped_runtimes/b_reg_manifests_0e5f8f7.runtime.json,/home/zechuan/iraod_artifacts/comparison/xaf_student_quant_20260908/b_reg_runs_0e5f8f7/rsar/am_noise_vertical/seed_42/methods/B_REG/eval_full_am_noise_vertical_ids_v1/execution.json,"[""missing_eval_json"", ""checkpoint_missing_or_size_changed"", ""missing_native_execution_binding""]"
RSAR,am_noise_vertical,B_REG,43,ema,/home/zechuan/iraod_artifacts/comparison/xaf_student_quant_20260908/b_reg_runs_0e5f8f7/rsar/am_noise_vertical/seed_43/methods/B_REG/eval_full_am_noise_vertical_ids_v1,,/home/zechuan/iraod_artifacts/comparison/xaf_student_quant_20260908/b_reg_runs_0e5f8f7/rsar/am_noise_vertical/seed_43/methods/B_REG/eval_full_am_noise_vertical_ids_v1/predictions.pkl.image_ids.json,/home/zechuan/IRAOD-New-rc331d213/configs/baseline/oriented_rcnn_orthonet_rsar.py,incomplete,,,"[""missing_eval_json"", ""checkpoint_missing_or_size_changed"", ""missing_native_execution_binding"", ""checkpoint_unverified_or_wrong_source"", ""missing_eval_status"", ""missing_class_ap"", ""missing_predictions"", ""missing_pred_count"", ""missing_eval_json"", ""missing_prediction_image_order""]",,,/home/zechuan/iraod_artifacts/comparison/xaf_student_quant_20260908/b_reg_runs_0e5f8f7/rsar/am_noise_vertical/seed_43/methods/B_REG/work/iter_266_ema.pth,e489f015cc2b67926a415436c97532ff814f826c4861b659cbc712fb9413b98c,,/home/zechuan/iraod_artifacts/comparison/xaf_student_quant_20260908/b_reg_runs_0e5f8f7/rsar/am_noise_vertical/seed_43/methods/B_REG/eval_full_am_noise_vertical_ids_v1/eval_status,/home/zechuan/iraod_artifacts/comparison/xaf_student_quant_20260908/b_reg_runs_0e5f8f7/rsar/am_noise_vertical/seed_43/methods/B_REG/eval_full_am_noise_vertical_ids_v1/class_ap.txt,/home/zechuan/iraod_artifacts/comparison/xaf_student_quant_20260908/b_reg_runs_0e5f8f7/rsar/am_noise_vertical/seed_43/methods/B_REG/eval_full_am_noise_vertical_ids_v1/predictions.pkl,/home/zechuan/iraod_artifacts/comparison/xaf_student_quant_20260908/b_reg_runs_0e5f8f7/rsar/am_noise_vertical/seed_43/methods/B_REG/eval_full_am_noise_vertical_ids_v1/pred_count.txt,0f98a48b539f9260055fc305784ffbc924f50451,331d2131b84651f0a2930a3d53faeefad8701531,0f98a48b539f9260055fc305784ffbc924f50451,0f98a48b539f9260055fc305784ffbc924f50451,,recorded_adaptation_producer,,,,common_one_epoch,/mnt/HDD_14TB/zechuan/iraod_artifacts/comparison/xaf_student_quant_20260908/report_checkpoint_breg_f_ema_20260909T2102Z/mapped_runtimes/b_reg_manifests_0e5f8f7.runtime.json,/home/zechuan/iraod_artifacts/comparison/xaf_student_quant_20260908/b_reg_runs_0e5f8f7/rsar/am_noise_vertical/seed_43/methods/B_REG/eval_full_am_noise_vertical_ids_v1/execution.json,"[""missing_eval_json"", ""checkpoint_missing_or_size_changed"", ""missing_native_execution_binding""]"
RSAR,am_noise_vertical,B_REG,44,ema,/home/zechuan/iraod_artifacts/comparison/xaf_student_quant_20260908/b_reg_runs_0e5f8f7/rsar/am_noise_vertical/seed_44/methods/B_REG/eval_full_am_noise_vertical_ids_v1,,/home/zechuan/iraod_artifacts/comparison/xaf_student_quant_20260908/b_reg_runs_0e5f8f7/rsar/am_noise_vertical/seed_44/methods/B_REG/eval_full_am_noise_vertical_ids_v1/predictions.pkl.image_ids.json,/home/zechuan/IRAOD-New-rc331d213/configs/baseline/oriented_rcnn_orthonet_rsar.py,incomplete,,,"[""missing_eval_json"", ""checkpoint_missing_or_size_changed"", ""missing_native_execution_binding"", ""checkpoint_unverified_or_wrong_source"", ""missing_eval_status"", ""missing_class_ap"", ""missing_predictions"", ""missing_pred_count"", ""missing_eval_json"", ""missing_prediction_image_order""]",,,/home/zechuan/iraod_artifacts/comparison/xaf_student_quant_20260908/b_reg_runs_0e5f8f7/rsar/am_noise_vertical/seed_44/methods/B_REG/work/iter_266_ema.pth,e489f015cc2b67926a415436c97532ff814f826c4861b659cbc712fb9413b98c,,/home/zechuan/iraod_artifacts/comparison/xaf_student_quant_20260908/b_reg_runs_0e5f8f7/rsar/am_noise_vertical/seed_44/methods/B_REG/eval_full_am_noise_vertical_ids_v1/eval_status,/home/zechuan/iraod_artifacts/comparison/xaf_student_quant_20260908/b_reg_runs_0e5f8f7/rsar/am_noise_vertical/seed_44/methods/B_REG/eval_full_am_noise_vertical_ids_v1/class_ap.txt,/home/zechuan/iraod_artifacts/comparison/xaf_student_quant_20260908/b_reg_runs_0e5f8f7/rsar/am_noise_vertical/seed_44/methods/B_REG/eval_full_am_noise_vertical_ids_v1/predictions.pkl,/home/zechuan/iraod_artifacts/comparison/xaf_student_quant_20260908/b_reg_runs_0e5f8f7/rsar/am_noise_vertical/seed_44/methods/B_REG/eval_full_am_noise_vertical_ids_v1/pred_count.txt,0f98a48b539f9260055fc305784ffbc924f50451,331d2131b84651f0a2930a3d53faeefad8701531,0f98a48b539f9260055fc305784ffbc924f50451,0f98a48b539f9260055fc305784ffbc924f50451,,recorded_adaptation_producer,,,,common_one_epoch,/mnt/HDD_14TB/zechuan/iraod_artifacts/comparison/xaf_student_quant_20260908/report_checkpoint_breg_f_ema_20260909T2102Z/mapped_runtimes/b_reg_manifests_0e5f8f7.runtime.json,/home/zechuan/iraod_artifacts/comparison/xaf_student_quant_20260908/b_reg_runs_0e5f8f7/rsar/am_noise_vertical/seed_44/methods/B_REG/eval_full_am_noise_vertical_ids_v1/execution.json,"[""missing_eval_json"", ""checkpoint_missing_or_size_changed"", ""missing_native_execution_binding""]"
RSAR,am_noise_vertical,F_text_only,42,ema,/home/zechuan/iraod_artifacts/comparison/xaf_student_quant_20260908/f_deletion_runs_daa3992/rsar/am_noise_vertical/seed_42/methods/F_text_only/ddp2/eval_full_am_noise_vertical_ids_v1,/home/zechuan/iraod_artifacts/comparison/xaf_student_quant_20260908/f_deletion_runs_daa3992/rsar/am_noise_vertical/seed_42/methods/F_text_only/ddp2/eval_full_am_noise_vertical_ids_v1/eval_20260909_105646.json,/home/zechuan/iraod_artifacts/comparison/xaf_student_quant_20260908/f_deletion_runs_daa3992/rsar/am_noise_vertical/seed_42/methods/F_text_only/ddp2/eval_full_am_noise_vertical_ids_v1/predictions.pkl.image_ids.json,/home/zechuan/IRAOD-New-rc331d213/configs/baseline/oriented_rcnn_orthonet_rsar.py,complete,0.16886545717716217,0.16886545717716217,[],8538,30065,/home/zechuan/iraod_artifacts/comparison/xaf_student_quant_20260908/f_deletion_runs_daa3992/rsar/am_noise_vertical/seed_42/methods/F_text_only/ddp2/work/iter_266_ema.pth,e489f015cc2b67926a415436c97532ff814f826c4861b659cbc712fb9413b98c,,/home/zechuan/iraod_artifacts/comparison/xaf_student_quant_20260908/f_deletion_runs_daa3992/rsar/am_noise_vertical/seed_42/methods/F_text_only/ddp2/eval_full_am_noise_vertical_ids_v1/eval_status,/home/zechuan/iraod_artifacts/comparison/xaf_student_quant_20260908/f_deletion_runs_daa3992/rsar/am_noise_vertical/seed_42/methods/F_text_only/ddp2/eval_full_am_noise_vertical_ids_v1/class_ap.txt,/home/zechuan/iraod_artifacts/comparison/xaf_student_quant_20260908/f_deletion_runs_daa3992/rsar/am_noise_vertical/seed_42/methods/F_text_only/ddp2/eval_full_am_noise_vertical_ids_v1/predictions.pkl,/home/zechuan/iraod_artifacts/comparison/xaf_student_quant_20260908/f_deletion_runs_daa3992/rsar/am_noise_vertical/seed_42/methods/F_text_only/ddp2/eval_full_am_noise_vertical_ids_v1/pred_count.txt,0f98a48b539f9260055fc305784ffbc924f50451,331d2131b84651f0a2930a3d53faeefad8701531,0f98a48b539f9260055fc305784ffbc924f50451,0f98a48b539f9260055fc305784ffbc924f50451,,recorded_adaptation_producer,,,,common_one_epoch,/mnt/HDD_14TB/zechuan/iraod_artifacts/comparison/xaf_student_quant_20260908/report_checkpoint_breg_f_ema_20260909T2102Z/mapped_runtimes/f_deletion_manifests_daa3992.runtime.json,/home/zechuan/iraod_artifacts/comparison/xaf_student_quant_20260908/f_deletion_runs_daa3992/rsar/am_noise_vertical/seed_42/methods/F_text_only/ddp2/eval_full_am_noise_vertical_ids_v1/execution.json,[]
RSAR,am_noise_vertical,F_text_only,43,ema,/home/zechuan/iraod_artifacts/comparison/xaf_student_quant_20260908/f_deletion_runs_daa3992/rsar/am_noise_vertical/seed_43/methods/F_text_only/ddp2/eval_full_am_noise_vertical_ids_v1,/home/zechuan/iraod_artifacts/comparison/xaf_student_quant_20260908/f_deletion_runs_daa3992/rsar/am_noise_vertical/seed_43/methods/F_text_only/ddp2/eval_full_am_noise_vertical_ids_v1/eval_20260909_112116.json,/home/zechuan/iraod_artifacts/comparison/xaf_student_quant_20260908/f_deletion_runs_daa3992/rsar/am_noise_vertical/seed_43/methods/F_text_only/ddp2/eval_full_am_noise_vertical_ids_v1/predictions.pkl.image_ids.json,/home/zechuan/IRAOD-New-rc331d213/configs/baseline/oriented_rcnn_orthonet_rsar.py,complete,0.1560705453157425,0.1560705453157425,[],8538,24085,/home/zechuan/iraod_artifacts/comparison/xaf_student_quant_20260908/f_deletion_runs_daa3992/rsar/am_noise_vertical/seed_43/methods/F_text_only/ddp2/work/iter_266_ema.pth,e489f015cc2b67926a415436c97532ff814f826c4861b659cbc712fb9413b98c,,/home/zechuan/iraod_artifacts/comparison/xaf_student_quant_20260908/f_deletion_runs_daa3992/rsar/am_noise_vertical/seed_43/methods/F_text_only/ddp2/eval_full_am_noise_vertical_ids_v1/eval_status,/home/zechuan/iraod_artifacts/comparison/xaf_student_quant_20260908/f_deletion_runs_daa3992/rsar/am_noise_vertical/seed_43/methods/F_text_only/ddp2/eval_full_am_noise_vertical_ids_v1/class_ap.txt,/home/zechuan/iraod_artifacts/comparison/xaf_student_quant_20260908/f_deletion_runs_daa3992/rsar/am_noise_vertical/seed_43/methods/F_text_only/ddp2/eval_full_am_noise_vertical_ids_v1/predictions.pkl,/home/zechuan/iraod_artifacts/comparison/xaf_student_quant_20260908/f_deletion_runs_daa3992/rsar/am_noise_vertical/seed_43/methods/F_text_only/ddp2/eval_full_am_noise_vertical_ids_v1/pred_count.txt,0f98a48b539f9260055fc305784ffbc924f50451,331d2131b84651f0a2930a3d53faeefad8701531,0f98a48b539f9260055fc305784ffbc924f50451,0f98a48b539f9260055fc305784ffbc924f50451,,recorded_adaptation_producer,,,,common_one_epoch,/mnt/HDD_14TB/zechuan/iraod_artifacts/comparison/xaf_student_quant_20260908/report_checkpoint_breg_f_ema_20260909T2102Z/mapped_runtimes/f_deletion_manifests_daa3992.runtime.json,/home/zechuan/iraod_artifacts/comparison/xaf_student_quant_20260908/f_deletion_runs_daa3992/rsar/am_noise_vertical/seed_43/methods/F_text_only/ddp2/eval_full_am_noise_vertical_ids_v1/execution.json,[]
RSAR,am_noise_vertical,F_text_only,44,ema,/home/zechuan/iraod_artifacts/comparison/xaf_student_quant_20260908/f_deletion_runs_daa3992/rsar/am_noise_vertical/seed_44/methods/F_text_only/ddp2/eval_full_am_noise_vertical_ids_v1,/home/zechuan/iraod_artifacts/comparison/xaf_student_quant_20260908/f_deletion_runs_daa3992/rsar/am_noise_vertical/seed_44/methods/F_text_only/ddp2/eval_full_am_noise_vertical_ids_v1/eval_20260909_114359.json,/home/zechuan/iraod_artifacts/comparison/xaf_student_quant_20260908/f_deletion_runs_daa3992/rsar/am_noise_vertical/seed_44/methods/F_text_only/ddp2/eval_full_am_noise_vertical_ids_v1/predictions.pkl.image_ids.json,/home/zechuan/IRAOD-New-rc331d213/configs/baseline/oriented_rcnn_orthonet_rsar.py,complete,0.1533174067735672,0.1533174067735672,[],8538,22357,/home/zechuan/iraod_artifacts/comparison/xaf_student_quant_20260908/f_deletion_runs_daa3992/rsar/am_noise_vertical/seed_44/methods/F_text_only/ddp2/work/iter_266_ema.pth,e489f015cc2b67926a415436c97532ff814f826c4861b659cbc712fb9413b98c,,/home/zechuan/iraod_artifacts/comparison/xaf_student_quant_20260908/f_deletion_runs_daa3992/rsar/am_noise_vertical/seed_44/methods/F_text_only/ddp2/eval_full_am_noise_vertical_ids_v1/eval_status,/home/zechuan/iraod_artifacts/comparison/xaf_student_quant_20260908/f_deletion_runs_daa3992/rsar/am_noise_vertical/seed_44/methods/F_text_only/ddp2/eval_full_am_noise_vertical_ids_v1/class_ap.txt,/home/zechuan/iraod_artifacts/comparison/xaf_student_quant_20260908/f_deletion_runs_daa3992/rsar/am_noise_vertical/seed_44/methods/F_text_only/ddp2/eval_full_am_noise_vertical_ids_v1/predictions.pkl,/home/zechuan/iraod_artifacts/comparison/xaf_student_quant_20260908/f_deletion_runs_daa3992/rsar/am_noise_vertical/seed_44/methods/F_text_only/ddp2/eval_full_am_noise_vertical_ids_v1/pred_count.txt,0f98a48b539f9260055fc305784ffbc924f50451,331d2131b84651f0a2930a3d53faeefad8701531,0f98a48b539f9260055fc305784ffbc924f50451,0f98a48b539f9260055fc305784ffbc924f50451,,recorded_adaptation_producer,,,,common_one_epoch,/mnt/HDD_14TB/zechuan/iraod_artifacts/comparison/xaf_student_quant_20260908/report_checkpoint_breg_f_ema_20260909T2102Z/mapped_runtimes/f_deletion_manifests_daa3992.runtime.json,/home/zechuan/iraod_artifacts/comparison/xaf_student_quant_20260908/f_deletion_runs_daa3992/rsar/am_noise_vertical/seed_44/methods/F_text_only/ddp2/eval_full_am_noise_vertical_ids_v1/execution.json,[]
RSAR,am_noise_vertical,F_veto_only,42,ema,/home/zechuan/iraod_artifacts/comparison/xaf_student_quant_20260908/f_deletion_runs_daa3992/rsar/am_noise_vertical/seed_42/methods/F_veto_only/ddp2/eval_full_am_noise_vertical_ids_v1,/home/zechuan/iraod_artifacts/comparison/xaf_student_quant_20260908/f_deletion_runs_daa3992/rsar/am_noise_vertical/seed_42/methods/F_veto_only/ddp2/eval_full_am_noise_vertical_ids_v1/eval_20260909_110917.json,/home/zechuan/iraod_artifacts/comparison/xaf_student_quant_20260908/f_deletion_runs_daa3992/rsar/am_noise_vertical/seed_42/methods/F_veto_only/ddp2/eval_full_am_noise_vertical_ids_v1/predictions.pkl.image_ids.json,/home/zechuan/IRAOD-New-rc331d213/configs/baseline/oriented_rcnn_orthonet_rsar.py,complete,0.24558772146701813,0.24558772146701813,[],8538,60919,/home/zechuan/iraod_artifacts/comparison/xaf_student_quant_20260908/f_deletion_runs_daa3992/rsar/am_noise_vertical/seed_42/methods/F_veto_only/ddp2/work/iter_266_ema.pth,e489f015cc2b67926a415436c97532ff814f826c4861b659cbc712fb9413b98c,,/home/zechuan/iraod_artifacts/comparison/xaf_student_quant_20260908/f_deletion_runs_daa3992/rsar/am_noise_vertical/seed_42/methods/F_veto_only/ddp2/eval_full_am_noise_vertical_ids_v1/eval_status,/home/zechuan/iraod_artifacts/comparison/xaf_student_quant_20260908/f_deletion_runs_daa3992/rsar/am_noise_vertical/seed_42/methods/F_veto_only/ddp2/eval_full_am_noise_vertical_ids_v1/class_ap.txt,/home/zechuan/iraod_artifacts/comparison/xaf_student_quant_20260908/f_deletion_runs_daa3992/rsar/am_noise_vertical/seed_42/methods/F_veto_only/ddp2/eval_full_am_noise_vertical_ids_v1/predictions.pkl,/home/zechuan/iraod_artifacts/comparison/xaf_student_quant_20260908/f_deletion_runs_daa3992/rsar/am_noise_vertical/seed_42/methods/F_veto_only/ddp2/eval_full_am_noise_vertical_ids_v1/pred_count.txt,0f98a48b539f9260055fc305784ffbc924f50451,331d2131b84651f0a2930a3d53faeefad8701531,0f98a48b539f9260055fc305784ffbc924f50451,0f98a48b539f9260055fc305784ffbc924f50451,,recorded_adaptation_producer,,,,common_one_epoch,/mnt/HDD_14TB/zechuan/iraod_artifacts/comparison/xaf_student_quant_20260908/report_checkpoint_breg_f_ema_20260909T2102Z/mapped_runtimes/f_deletion_manifests_daa3992.runtime.json,/home/zechuan/iraod_artifacts/comparison/xaf_student_quant_20260908/f_deletion_runs_daa3992/rsar/am_noise_vertical/seed_42/methods/F_veto_only/ddp2/eval_full_am_noise_vertical_ids_v1/execution.json,[]
RSAR,am_noise_vertical,F_veto_only,43,ema,/home/zechuan/iraod_artifacts/comparison/xaf_student_quant_20260908/f_deletion_runs_daa3992/rsar/am_noise_vertical/seed_43/methods/F_veto_only/ddp2/eval_full_am_noise_vertical_ids_v1,/home/zechuan/iraod_artifacts/comparison/xaf_student_quant_20260908/f_deletion_runs_daa3992/rsar/am_noise_vertical/seed_43/methods/F_veto_only/ddp2/eval_full_am_noise_vertical_ids_v1/eval_20260909_113203.json,/home/zechuan/iraod_artifacts/comparison/xaf_student_quant_20260908/f_deletion_runs_daa3992/rsar/am_noise_vertical/seed_43/methods/F_veto_only/ddp2/eval_full_am_noise_vertical_ids_v1/predictions.pkl.image_ids.json,/home/zechuan/IRAOD-New-rc331d213/configs/baseline/oriented_rcnn_orthonet_rsar.py,complete,0.24080435931682587,0.24080435931682587,[],8538,59106,/home/zechuan/iraod_artifacts/comparison/xaf_student_quant_20260908/f_deletion_runs_daa3992/rsar/am_noise_vertical/seed_43/methods/F_veto_only/ddp2/work/iter_266_ema.pth,e489f015cc2b67926a415436c97532ff814f826c4861b659cbc712fb9413b98c,,/home/zechuan/iraod_artifacts/comparison/xaf_student_quant_20260908/f_deletion_runs_daa3992/rsar/am_noise_vertical/seed_43/methods/F_veto_only/ddp2/eval_full_am_noise_vertical_ids_v1/eval_status,/home/zechuan/iraod_artifacts/comparison/xaf_student_quant_20260908/f_deletion_runs_daa3992/rsar/am_noise_vertical/seed_43/methods/F_veto_only/ddp2/eval_full_am_noise_vertical_ids_v1/class_ap.txt,/home/zechuan/iraod_artifacts/comparison/xaf_student_quant_20260908/f_deletion_runs_daa3992/rsar/am_noise_vertical/seed_43/methods/F_veto_only/ddp2/eval_full_am_noise_vertical_ids_v1/predictions.pkl,/home/zechuan/iraod_artifacts/comparison/xaf_student_quant_20260908/f_deletion_runs_daa3992/rsar/am_noise_vertical/seed_43/methods/F_veto_only/ddp2/eval_full_am_noise_vertical_ids_v1/pred_count.txt,0f98a48b539f9260055fc305784ffbc924f50451,331d2131b84651f0a2930a3d53faeefad8701531,0f98a48b539f9260055fc305784ffbc924f50451,0f98a48b539f9260055fc305784ffbc924f50451,,recorded_adaptation_producer,,,,common_one_epoch,/mnt/HDD_14TB/zechuan/iraod_artifacts/comparison/xaf_student_quant_20260908/report_checkpoint_breg_f_ema_20260909T2102Z/mapped_runtimes/f_deletion_manifests_daa3992.runtime.json,/home/zechuan/iraod_artifacts/comparison/xaf_student_quant_20260908/f_deletion_runs_daa3992/rsar/am_noise_vertical/seed_43/methods/F_veto_only/ddp2/eval_full_am_noise_vertical_ids_v1/execution.json,[]
RSAR,am_noise_vertical,F_veto_only,44,ema,/home/zechuan/iraod_artifacts/comparison/xaf_student_quant_20260908/f_deletion_runs_daa3992/rsar/am_noise_vertical/seed_44/methods/F_veto_only/ddp2/eval_full_am_noise_vertical_ids_v1,/home/zechuan/iraod_artifacts/comparison/xaf_student_quant_20260908/f_deletion_runs_daa3992/rsar/am_noise_vertical/seed_44/methods/F_veto_only/ddp2/eval_full_am_noise_vertical_ids_v1/eval_20260910_040328.json,/home/zechuan/iraod_artifacts/comparison/xaf_student_quant_20260908/f_deletion_runs_daa3992/rsar/am_noise_vertical/seed_44/methods/F_veto_only/ddp2/eval_full_am_noise_vertical_ids_v1/predictions.pkl.image_ids.json,/home/zechuan/IRAOD-New-rc331d213/configs/baseline/oriented_rcnn_orthonet_rsar.py,complete,0.24632887542247772,0.24632887542247772,[],8538,50634,/home/zechuan/iraod_artifacts/comparison/xaf_student_quant_20260908/f_deletion_runs_daa3992/rsar/am_noise_vertical/seed_44/methods/F_veto_only/ddp2/work/iter_266_ema.pth,e489f015cc2b67926a415436c97532ff814f826c4861b659cbc712fb9413b98c,,/home/zechuan/iraod_artifacts/comparison/xaf_student_quant_20260908/f_deletion_runs_daa3992/rsar/am_noise_vertical/seed_44/methods/F_veto_only/ddp2/eval_full_am_noise_vertical_ids_v1/eval_status,/home/zechuan/iraod_artifacts/comparison/xaf_student_quant_20260908/f_deletion_runs_daa3992/rsar/am_noise_vertical/seed_44/methods/F_veto_only/ddp2/eval_full_am_noise_vertical_ids_v1/class_ap.txt,/home/zechuan/iraod_artifacts/comparison/xaf_student_quant_20260908/f_deletion_runs_daa3992/rsar/am_noise_vertical/seed_44/methods/F_veto_only/ddp2/eval_full_am_noise_vertical_ids_v1/predictions.pkl,/home/zechuan/iraod_artifacts/comparison/xaf_student_quant_20260908/f_deletion_runs_daa3992/rsar/am_noise_vertical/seed_44/methods/F_veto_only/ddp2/eval_full_am_noise_vertical_ids_v1/pred_count.txt,0f98a48b539f9260055fc305784ffbc924f50451,331d2131b84651f0a2930a3d53faeefad8701531,0f98a48b539f9260055fc305784ffbc924f50451,0f98a48b539f9260055fc305784ffbc924f50451,,recorded_adaptation_producer,,,,common_one_epoch,/mnt/HDD_14TB/zechuan/iraod_artifacts/comparison/xaf_student_quant_20260908/report_checkpoint_breg_f_ema_20260909T2102Z/mapped_runtimes/f_deletion_manifests_daa3992.runtime.json,/home/zechuan/iraod_artifacts/comparison/xaf_student_quant_20260908/f_deletion_runs_daa3992/rsar/am_noise_vertical/seed_44/methods/F_veto_only/ddp2/eval_full_am_noise_vertical_ids_v1/execution.json,[]
DIOR,clean,A,42,source,/home/zechuan/iraod_artifacts/comparison/dior/clean/seed_42/0f98a48/methods/A/eval_full_clean_ids_v1,/home/zechuan/iraod_artifacts/comparison/dior/clean/seed_42/0f98a48/methods/A/eval_full_clean_ids_v1/eval_20260907_191443.json,/home/zechuan/iraod_artifacts/comparison/dior/clean/seed_42/0f98a48/methods/A/eval_full_clean_ids_v1/predictions.pkl.image_ids.json,/mnt/shared/zechuan/iraod_artifacts/dior_source/seed42-orthonet-ddp4-gpu4567-spg16-gbs64/reproducibility/resolved_config.py,complete,0.2948998510837555,0.2948998510837555,[],11738,317589,/home/zechuan/iraod_artifacts/dior_source/seed42-orthonet-ddp4-gpu4567-spg16-gbs64/train/epoch_100.pth,74d7eafdc547976a86f8f35b2652dba384948e33ab5c15bb908fa3e54025782a,,/home/zechuan/iraod_artifacts/comparison/dior/clean/seed_42/0f98a48/methods/A/eval_full_clean_ids_v1/eval_status,/home/zechuan/iraod_artifacts/comparison/dior/clean/seed_42/0f98a48/methods/A/eval_full_clean_ids_v1/class_ap.txt,/home/zechuan/iraod_artifacts/comparison/dior/clean/seed_42/0f98a48/methods/A/eval_full_clean_ids_v1/predictions.pkl,/home/zechuan/iraod_artifacts/comparison/dior/clean/seed_42/0f98a48/methods/A/eval_full_clean_ids_v1/pred_count.txt,0f98a48b539f9260055fc305784ffbc924f50451,331d2131b84651f0a2930a3d53faeefad8701531,0f98a48b539f9260055fc305784ffbc924f50451,0f98a48b539f9260055fc305784ffbc924f50451,0f98a48b539f9260055fc305784ffbc924f50451,source_record_verified,,0.2948998510837555,/mnt/HDD_14TB/zechuan/IRAOD-New-report-complete-path-identities-44ac421-20260909/results/paper_comparison/historical/seed42/dior_raw_results.csv,fixed_source,,,
DIOR,clean,B_REG,42,ema,/home/zechuan/iraod_artifacts/comparison/xaf_student_quant_20260908/b_reg_runs_0e5f8f7/dior/clean/seed_42/methods/B_REG/eval_full_clean_ids_v1,/home/zechuan/iraod_artifacts/comparison/xaf_student_quant_20260908/b_reg_runs_0e5f8f7/dior/clean/seed_42/methods/B_REG/eval_full_clean_ids_v1/eval_20260909_093203.json,/home/zechuan/iraod_artifacts/comparison/xaf_student_quant_20260908/b_reg_runs_0e5f8f7/dior/clean/seed_42/methods/B_REG/eval_full_clean_ids_v1/predictions.pkl.image_ids.json,/home/zechuan/iraod_artifacts/dior_source/seed42-orthonet-ddp4-gpu4567-spg16-gbs64/reproducibility/resolved_config.py,complete,0.3002818524837494,0.3002818524837494,[],11738,321739,/home/zechuan/iraod_artifacts/comparison/xaf_student_quant_20260908/b_reg_runs_0e5f8f7/dior/clean/seed_42/methods/B_REG/work/iter_185_ema.pth,74d7eafdc547976a86f8f35b2652dba384948e33ab5c15bb908fa3e54025782a,,/home/zechuan/iraod_artifacts/comparison/xaf_student_quant_20260908/b_reg_runs_0e5f8f7/dior/clean/seed_42/methods/B_REG/eval_full_clean_ids_v1/eval_status,/home/zechuan/iraod_artifacts/comparison/xaf_student_quant_20260908/b_reg_runs_0e5f8f7/dior/clean/seed_42/methods/B_REG/eval_full_clean_ids_v1/class_ap.txt,/home/zechuan/iraod_artifacts/comparison/xaf_student_quant_20260908/b_reg_runs_0e5f8f7/dior/clean/seed_42/methods/B_REG/eval_full_clean_ids_v1/predictions.pkl,/home/zechuan/iraod_artifacts/comparison/xaf_student_quant_20260908/b_reg_runs_0e5f8f7/dior/clean/seed_42/methods/B_REG/eval_full_clean_ids_v1/pred_count.txt,0f98a48b539f9260055fc305784ffbc924f50451,331d2131b84651f0a2930a3d53faeefad8701531,0f98a48b539f9260055fc305784ffbc924f50451,0f98a48b539f9260055fc305784ffbc924f50451,,recorded_adaptation_producer,,,,common_one_epoch,/mnt/HDD_14TB/zechuan/iraod_artifacts/comparison/xaf_student_quant_20260908/report_checkpoint_breg_f_ema_20260909T2102Z/mapped_runtimes/b_reg_manifests_0e5f8f7.runtime.json,/home/zechuan/iraod_artifacts/comparison/xaf_student_quant_20260908/b_reg_runs_0e5f8f7/dior/clean/seed_42/methods/B_REG/eval_full_clean_ids_v1/execution.json,[]
DIOR,clean,B_REG,43,ema,/home/zechuan/iraod_artifacts/comparison/xaf_student_quant_20260908/b_reg_runs_0e5f8f7/dior/clean/seed_43/methods/B_REG/eval_full_clean_ids_v1,/home/zechuan/iraod_artifacts/comparison/xaf_student_quant_20260908/b_reg_runs_0e5f8f7/dior/clean/seed_43/methods/B_REG/eval_full_clean_ids_v1/eval_20260909_093203.json,/home/zechuan/iraod_artifacts/comparison/xaf_student_quant_20260908/b_reg_runs_0e5f8f7/dior/clean/seed_43/methods/B_REG/eval_full_clean_ids_v1/predictions.pkl.image_ids.json,/home/zechuan/iraod_artifacts/dior_source/seed42-orthonet-ddp4-gpu4567-spg16-gbs64/reproducibility/resolved_config.py,complete,0.29996174573898315,0.29996174573898315,[],11738,319889,/home/zechuan/iraod_artifacts/comparison/xaf_student_quant_20260908/b_reg_runs_0e5f8f7/dior/clean/seed_43/methods/B_REG/work/iter_185_ema.pth,74d7eafdc547976a86f8f35b2652dba384948e33ab5c15bb908fa3e54025782a,,/home/zechuan/iraod_artifacts/comparison/xaf_student_quant_20260908/b_reg_runs_0e5f8f7/dior/clean/seed_43/methods/B_REG/eval_full_clean_ids_v1/eval_status,/home/zechuan/iraod_artifacts/comparison/xaf_student_quant_20260908/b_reg_runs_0e5f8f7/dior/clean/seed_43/methods/B_REG/eval_full_clean_ids_v1/class_ap.txt,/home/zechuan/iraod_artifacts/comparison/xaf_student_quant_20260908/b_reg_runs_0e5f8f7/dior/clean/seed_43/methods/B_REG/eval_full_clean_ids_v1/predictions.pkl,/home/zechuan/iraod_artifacts/comparison/xaf_student_quant_20260908/b_reg_runs_0e5f8f7/dior/clean/seed_43/methods/B_REG/eval_full_clean_ids_v1/pred_count.txt,0f98a48b539f9260055fc305784ffbc924f50451,331d2131b84651f0a2930a3d53faeefad8701531,0f98a48b539f9260055fc305784ffbc924f50451,0f98a48b539f9260055fc305784ffbc924f50451,,recorded_adaptation_producer,,,,common_one_epoch,/mnt/HDD_14TB/zechuan/iraod_artifacts/comparison/xaf_student_quant_20260908/report_checkpoint_breg_f_ema_20260909T2102Z/mapped_runtimes/b_reg_manifests_0e5f8f7.runtime.json,/home/zechuan/iraod_artifacts/comparison/xaf_student_quant_20260908/b_reg_runs_0e5f8f7/dior/clean/seed_43/methods/B_REG/eval_full_clean_ids_v1/execution.json,[]
DIOR,clean,B_REG,44,ema,/home/zechuan/iraod_artifacts/comparison/xaf_student_quant_20260908/b_reg_runs_0e5f8f7/dior/clean/seed_44/methods/B_REG/eval_full_clean_ids_v1,/home/zechuan/iraod_artifacts/comparison/xaf_student_quant_20260908/b_reg_runs_0e5f8f7/dior/clean/seed_44/methods/B_REG/eval_full_clean_ids_v1/eval_20260909_093237.json,/home/zechuan/iraod_artifacts/comparison/xaf_student_quant_20260908/b_reg_runs_0e5f8f7/dior/clean/seed_44/methods/B_REG/eval_full_clean_ids_v1/predictions.pkl.image_ids.json,/home/zechuan/iraod_artifacts/dior_source/seed42-orthonet-ddp4-gpu4567-spg16-gbs64/reproducibility/resolved_config.py,complete,0.29930412769317627,0.29930412769317627,[],11738,322885,/home/zechuan/iraod_artifacts/comparison/xaf_student_quant_20260908/b_reg_runs_0e5f8f7/dior/clean/seed_44/methods/B_REG/work/iter_185_ema.pth,74d7eafdc547976a86f8f35b2652dba384948e33ab5c15bb908fa3e54025782a,,/home/zechuan/iraod_artifacts/comparison/xaf_student_quant_20260908/b_reg_runs_0e5f8f7/dior/clean/seed_44/methods/B_REG/eval_full_clean_ids_v1/eval_status,/home/zechuan/iraod_artifacts/comparison/xaf_student_quant_20260908/b_reg_runs_0e5f8f7/dior/clean/seed_44/methods/B_REG/eval_full_clean_ids_v1/class_ap.txt,/home/zechuan/iraod_artifacts/comparison/xaf_student_quant_20260908/b_reg_runs_0e5f8f7/dior/clean/seed_44/methods/B_REG/eval_full_clean_ids_v1/predictions.pkl,/home/zechuan/iraod_artifacts/comparison/xaf_student_quant_20260908/b_reg_runs_0e5f8f7/dior/clean/seed_44/methods/B_REG/eval_full_clean_ids_v1/pred_count.txt,0f98a48b539f9260055fc305784ffbc924f50451,331d2131b84651f0a2930a3d53faeefad8701531,0f98a48b539f9260055fc305784ffbc924f50451,0f98a48b539f9260055fc305784ffbc924f50451,,recorded_adaptation_producer,,,,common_one_epoch,/mnt/HDD_14TB/zechuan/iraod_artifacts/comparison/xaf_student_quant_20260908/report_checkpoint_breg_f_ema_20260909T2102Z/mapped_runtimes/b_reg_manifests_0e5f8f7.runtime.json,/home/zechuan/iraod_artifacts/comparison/xaf_student_quant_20260908/b_reg_runs_0e5f8f7/dior/clean/seed_44/methods/B_REG/eval_full_clean_ids_v1/execution.json,[]
DIOR,clean,F_text_only,42,ema,/home/zechuan/iraod_artifacts/comparison/xaf_student_quant_20260908/f_deletion_runs_daa3992/dior/clean/seed_42/methods/F_text_only/ddp2/eval_full_clean_ids_v1,/home/zechuan/iraod_artifacts/comparison/xaf_student_quant_20260908/f_deletion_runs_daa3992/dior/clean/seed_42/methods/F_text_only/ddp2/eval_full_clean_ids_v1/eval_20260909_095946.json,/home/zechuan/iraod_artifacts/comparison/xaf_student_quant_20260908/f_deletion_runs_daa3992/dior/clean/seed_42/methods/F_text_only/ddp2/eval_full_clean_ids_v1/predictions.pkl.image_ids.json,/home/zechuan/iraod_artifacts/dior_source/seed42-orthonet-ddp4-gpu4567-spg16-gbs64/reproducibility/resolved_config.py,complete,0.2971424460411072,0.2971424460411072,[],11738,185309,/home/zechuan/iraod_artifacts/comparison/xaf_student_quant_20260908/f_deletion_runs_daa3992/dior/clean/seed_42/methods/F_text_only/ddp2/work/iter_185_ema.pth,74d7eafdc547976a86f8f35b2652dba384948e33ab5c15bb908fa3e54025782a,,/home/zechuan/iraod_artifacts/comparison/xaf_student_quant_20260908/f_deletion_runs_daa3992/dior/clean/seed_42/methods/F_text_only/ddp2/eval_full_clean_ids_v1/eval_status,/home/zechuan/iraod_artifacts/comparison/xaf_student_quant_20260908/f_deletion_runs_daa3992/dior/clean/seed_42/methods/F_text_only/ddp2/eval_full_clean_ids_v1/class_ap.txt,/home/zechuan/iraod_artifacts/comparison/xaf_student_quant_20260908/f_deletion_runs_daa3992/dior/clean/seed_42/methods/F_text_only/ddp2/eval_full_clean_ids_v1/predictions.pkl,/home/zechuan/iraod_artifacts/comparison/xaf_student_quant_20260908/f_deletion_runs_daa3992/dior/clean/seed_42/methods/F_text_only/ddp2/eval_full_clean_ids_v1/pred_count.txt,0f98a48b539f9260055fc305784ffbc924f50451,331d2131b84651f0a2930a3d53faeefad8701531,0f98a48b539f9260055fc305784ffbc924f50451,0f98a48b539f9260055fc305784ffbc924f50451,,recorded_adaptation_producer,,,,common_one_epoch,/mnt/HDD_14TB/zechuan/iraod_artifacts/comparison/xaf_student_quant_20260908/report_checkpoint_breg_f_ema_20260909T2102Z/mapped_runtimes/f_deletion_manifests_daa3992.runtime.json,/home/zechuan/iraod_artifacts/comparison/xaf_student_quant_20260908/f_deletion_runs_daa3992/dior/clean/seed_42/methods/F_text_only/ddp2/eval_full_clean_ids_v1/execution.json,[]
DIOR,clean,F_text_only,43,ema,/home/zechuan/iraod_artifacts/comparison/xaf_student_quant_20260908/f_deletion_runs_daa3992/dior/clean/seed_43/methods/F_text_only/ddp2/eval_full_clean_ids_v1,/home/zechuan/iraod_artifacts/comparison/xaf_student_quant_20260908/f_deletion_runs_daa3992/dior/clean/seed_43/methods/F_text_only/ddp2/eval_full_clean_ids_v1/eval_20260909_100434.json,/home/zechuan/iraod_artifacts/comparison/xaf_student_quant_20260908/f_deletion_runs_daa3992/dior/clean/seed_43/methods/F_text_only/ddp2/eval_full_clean_ids_v1/predictions.pkl.image_ids.json,/home/zechuan/iraod_artifacts/dior_source/seed42-orthonet-ddp4-gpu4567-spg16-gbs64/reproducibility/resolved_config.py,complete,0.2986413836479187,0.2986413836479187,[],11738,189092,/home/zechuan/iraod_artifacts/comparison/xaf_student_quant_20260908/f_deletion_runs_daa3992/dior/clean/seed_43/methods/F_text_only/ddp2/work/iter_185_ema.pth,74d7eafdc547976a86f8f35b2652dba384948e33ab5c15bb908fa3e54025782a,,/home/zechuan/iraod_artifacts/comparison/xaf_student_quant_20260908/f_deletion_runs_daa3992/dior/clean/seed_43/methods/F_text_only/ddp2/eval_full_clean_ids_v1/eval_status,/home/zechuan/iraod_artifacts/comparison/xaf_student_quant_20260908/f_deletion_runs_daa3992/dior/clean/seed_43/methods/F_text_only/ddp2/eval_full_clean_ids_v1/class_ap.txt,/home/zechuan/iraod_artifacts/comparison/xaf_student_quant_20260908/f_deletion_runs_daa3992/dior/clean/seed_43/methods/F_text_only/ddp2/eval_full_clean_ids_v1/predictions.pkl,/home/zechuan/iraod_artifacts/comparison/xaf_student_quant_20260908/f_deletion_runs_daa3992/dior/clean/seed_43/methods/F_text_only/ddp2/eval_full_clean_ids_v1/pred_count.txt,0f98a48b539f9260055fc305784ffbc924f50451,331d2131b84651f0a2930a3d53faeefad8701531,0f98a48b539f9260055fc305784ffbc924f50451,0f98a48b539f9260055fc305784ffbc924f50451,,recorded_adaptation_producer,,,,common_one_epoch,/mnt/HDD_14TB/zechuan/iraod_artifacts/comparison/xaf_student_quant_20260908/report_checkpoint_breg_f_ema_20260909T2102Z/mapped_runtimes/f_deletion_manifests_daa3992.runtime.json,/home/zechuan/iraod_artifacts/comparison/xaf_student_quant_20260908/f_deletion_runs_daa3992/dior/clean/seed_43/methods/F_text_only/ddp2/eval_full_clean_ids_v1/execution.json,[]
DIOR,clean,F_text_only,44,ema,/home/zechuan/iraod_artifacts/comparison/xaf_student_quant_20260908/f_deletion_runs_daa3992/dior/clean/seed_44/methods/F_text_only/ddp2/eval_full_clean_ids_v1,/home/zechuan/iraod_artifacts/comparison/xaf_student_quant_20260908/f_deletion_runs_daa3992/dior/clean/seed_44/methods/F_text_only/ddp2/eval_full_clean_ids_v1/eval_20260909_100648.json,/home/zechuan/iraod_artifacts/comparison/xaf_student_quant_20260908/f_deletion_runs_daa3992/dior/clean/seed_44/methods/F_text_only/ddp2/eval_full_clean_ids_v1/predictions.pkl.image_ids.json,/home/zechuan/iraod_artifacts/dior_source/seed42-orthonet-ddp4-gpu4567-spg16-gbs64/reproducibility/resolved_config.py,complete,0.2990090250968933,0.2990090250968933,[],11738,187455,/home/zechuan/iraod_artifacts/comparison/xaf_student_quant_20260908/f_deletion_runs_daa3992/dior/clean/seed_44/methods/F_text_only/ddp2/work/iter_185_ema.pth,74d7eafdc547976a86f8f35b2652dba384948e33ab5c15bb908fa3e54025782a,,/home/zechuan/iraod_artifacts/comparison/xaf_student_quant_20260908/f_deletion_runs_daa3992/dior/clean/seed_44/methods/F_text_only/ddp2/eval_full_clean_ids_v1/eval_status,/home/zechuan/iraod_artifacts/comparison/xaf_student_quant_20260908/f_deletion_runs_daa3992/dior/clean/seed_44/methods/F_text_only/ddp2/eval_full_clean_ids_v1/class_ap.txt,/home/zechuan/iraod_artifacts/comparison/xaf_student_quant_20260908/f_deletion_runs_daa3992/dior/clean/seed_44/methods/F_text_only/ddp2/eval_full_clean_ids_v1/predictions.pkl,/home/zechuan/iraod_artifacts/comparison/xaf_student_quant_20260908/f_deletion_runs_daa3992/dior/clean/seed_44/methods/F_text_only/ddp2/eval_full_clean_ids_v1/pred_count.txt,0f98a48b539f9260055fc305784ffbc924f50451,331d2131b84651f0a2930a3d53faeefad8701531,0f98a48b539f9260055fc305784ffbc924f50451,0f98a48b539f9260055fc305784ffbc924f50451,,recorded_adaptation_producer,,,,common_one_epoch,/mnt/HDD_14TB/zechuan/iraod_artifacts/comparison/xaf_student_quant_20260908/report_checkpoint_breg_f_ema_20260909T2102Z/mapped_runtimes/f_deletion_manifests_daa3992.runtime.json,/home/zechuan/iraod_artifacts/comparison/xaf_student_quant_20260908/f_deletion_runs_daa3992/dior/clean/seed_44/methods/F_text_only/ddp2/eval_full_clean_ids_v1/execution.json,[]
DIOR,clean,F_veto_only,42,ema,/home/zechuan/iraod_artifacts/comparison/xaf_student_quant_20260908/f_deletion_runs_daa3992/dior/clean/seed_42/methods/F_veto_only/ddp2/eval_full_clean_ids_v1,/home/zechuan/iraod_artifacts/comparison/xaf_student_quant_20260908/f_deletion_runs_daa3992/dior/clean/seed_42/methods/F_veto_only/ddp2/eval_full_clean_ids_v1/eval_20260909_095959.json,/home/zechuan/iraod_artifacts/comparison/xaf_student_quant_20260908/f_deletion_runs_daa3992/dior/clean/seed_42/methods/F_veto_only/ddp2/eval_full_clean_ids_v1/predictions.pkl.image_ids.json,/home/zechuan/iraod_artifacts/dior_source/seed42-orthonet-ddp4-gpu4567-spg16-gbs64/reproducibility/resolved_config.py,complete,0.29959049820899963,0.29959049820899963,[],11738,324215,/home/zechuan/iraod_artifacts/comparison/xaf_student_quant_20260908/f_deletion_runs_daa3992/dior/clean/seed_42/methods/F_veto_only/ddp2/work/iter_185_ema.pth,74d7eafdc547976a86f8f35b2652dba384948e33ab5c15bb908fa3e54025782a,,/home/zechuan/iraod_artifacts/comparison/xaf_student_quant_20260908/f_deletion_runs_daa3992/dior/clean/seed_42/methods/F_veto_only/ddp2/eval_full_clean_ids_v1/eval_status,/home/zechuan/iraod_artifacts/comparison/xaf_student_quant_20260908/f_deletion_runs_daa3992/dior/clean/seed_42/methods/F_veto_only/ddp2/eval_full_clean_ids_v1/class_ap.txt,/home/zechuan/iraod_artifacts/comparison/xaf_student_quant_20260908/f_deletion_runs_daa3992/dior/clean/seed_42/methods/F_veto_only/ddp2/eval_full_clean_ids_v1/predictions.pkl,/home/zechuan/iraod_artifacts/comparison/xaf_student_quant_20260908/f_deletion_runs_daa3992/dior/clean/seed_42/methods/F_veto_only/ddp2/eval_full_clean_ids_v1/pred_count.txt,0f98a48b539f9260055fc305784ffbc924f50451,331d2131b84651f0a2930a3d53faeefad8701531,0f98a48b539f9260055fc305784ffbc924f50451,0f98a48b539f9260055fc305784ffbc924f50451,,recorded_adaptation_producer,,,,common_one_epoch,/mnt/HDD_14TB/zechuan/iraod_artifacts/comparison/xaf_student_quant_20260908/report_checkpoint_breg_f_ema_20260909T2102Z/mapped_runtimes/f_deletion_manifests_daa3992.runtime.json,/home/zechuan/iraod_artifacts/comparison/xaf_student_quant_20260908/f_deletion_runs_daa3992/dior/clean/seed_42/methods/F_veto_only/ddp2/eval_full_clean_ids_v1/execution.json,[]
DIOR,clean,F_veto_only,43,ema,/home/zechuan/iraod_artifacts/comparison/xaf_student_quant_20260908/f_deletion_runs_daa3992/dior/clean/seed_43/methods/F_veto_only/ddp2/eval_full_clean_ids_v1,/home/zechuan/iraod_artifacts/comparison/xaf_student_quant_20260908/f_deletion_runs_daa3992/dior/clean/seed_43/methods/F_veto_only/ddp2/eval_full_clean_ids_v1/eval_20260909_100636.json,/home/zechuan/iraod_artifacts/comparison/xaf_student_quant_20260908/f_deletion_runs_daa3992/dior/clean/seed_43/methods/F_veto_only/ddp2/eval_full_clean_ids_v1/predictions.pkl.image_ids.json,/home/zechuan/iraod_artifacts/dior_source/seed42-orthonet-ddp4-gpu4567-spg16-gbs64/reproducibility/resolved_config.py,complete,0.29844632744789124,0.29844632744789124,[],11738,324479,/home/zechuan/iraod_artifacts/comparison/xaf_student_quant_20260908/f_deletion_runs_daa3992/dior/clean/seed_43/methods/F_veto_only/ddp2/work/iter_185_ema.pth,74d7eafdc547976a86f8f35b2652dba384948e33ab5c15bb908fa3e54025782a,,/home/zechuan/iraod_artifacts/comparison/xaf_student_quant_20260908/f_deletion_runs_daa3992/dior/clean/seed_43/methods/F_veto_only/ddp2/eval_full_clean_ids_v1/eval_status,/home/zechuan/iraod_artifacts/comparison/xaf_student_quant_20260908/f_deletion_runs_daa3992/dior/clean/seed_43/methods/F_veto_only/ddp2/eval_full_clean_ids_v1/class_ap.txt,/home/zechuan/iraod_artifacts/comparison/xaf_student_quant_20260908/f_deletion_runs_daa3992/dior/clean/seed_43/methods/F_veto_only/ddp2/eval_full_clean_ids_v1/predictions.pkl,/home/zechuan/iraod_artifacts/comparison/xaf_student_quant_20260908/f_deletion_runs_daa3992/dior/clean/seed_43/methods/F_veto_only/ddp2/eval_full_clean_ids_v1/pred_count.txt,0f98a48b539f9260055fc305784ffbc924f50451,331d2131b84651f0a2930a3d53faeefad8701531,0f98a48b539f9260055fc305784ffbc924f50451,0f98a48b539f9260055fc305784ffbc924f50451,,recorded_adaptation_producer,,,,common_one_epoch,/mnt/HDD_14TB/zechuan/iraod_artifacts/comparison/xaf_student_quant_20260908/report_checkpoint_breg_f_ema_20260909T2102Z/mapped_runtimes/f_deletion_manifests_daa3992.runtime.json,/home/zechuan/iraod_artifacts/comparison/xaf_student_quant_20260908/f_deletion_runs_daa3992/dior/clean/seed_43/methods/F_veto_only/ddp2/eval_full_clean_ids_v1/execution.json,[]
DIOR,clean,F_veto_only,44,ema,/home/zechuan/iraod_artifacts/comparison/xaf_student_quant_20260908/f_deletion_runs_daa3992/dior/clean/seed_44/methods/F_veto_only/ddp2/eval_full_clean_ids_v1,/home/zechuan/iraod_artifacts/comparison/xaf_student_quant_20260908/f_deletion_runs_daa3992/dior/clean/seed_44/methods/F_veto_only/ddp2/eval_full_clean_ids_v1/eval_20260909_101344.json,/home/zechuan/iraod_artifacts/comparison/xaf_student_quant_20260908/f_deletion_runs_daa3992/dior/clean/seed_44/methods/F_veto_only/ddp2/eval_full_clean_ids_v1/predictions.pkl.image_ids.json,/home/zechuan/iraod_artifacts/dior_source/seed42-orthonet-ddp4-gpu4567-spg16-gbs64/reproducibility/resolved_config.py,complete,0.29928717017173767,0.29928717017173767,[],11738,326846,/home/zechuan/iraod_artifacts/comparison/xaf_student_quant_20260908/f_deletion_runs_daa3992/dior/clean/seed_44/methods/F_veto_only/ddp2/work/iter_185_ema.pth,74d7eafdc547976a86f8f35b2652dba384948e33ab5c15bb908fa3e54025782a,,/home/zechuan/iraod_artifacts/comparison/xaf_student_quant_20260908/f_deletion_runs_daa3992/dior/clean/seed_44/methods/F_veto_only/ddp2/eval_full_clean_ids_v1/eval_status,/home/zechuan/iraod_artifacts/comparison/xaf_student_quant_20260908/f_deletion_runs_daa3992/dior/clean/seed_44/methods/F_veto_only/ddp2/eval_full_clean_ids_v1/class_ap.txt,/home/zechuan/iraod_artifacts/comparison/xaf_student_quant_20260908/f_deletion_runs_daa3992/dior/clean/seed_44/methods/F_veto_only/ddp2/eval_full_clean_ids_v1/predictions.pkl,/home/zechuan/iraod_artifacts/comparison/xaf_student_quant_20260908/f_deletion_runs_daa3992/dior/clean/seed_44/methods/F_veto_only/ddp2/eval_full_clean_ids_v1/pred_count.txt,0f98a48b539f9260055fc305784ffbc924f50451,331d2131b84651f0a2930a3d53faeefad8701531,0f98a48b539f9260055fc305784ffbc924f50451,0f98a48b539f9260055fc305784ffbc924f50451,,recorded_adaptation_producer,,,,common_one_epoch,/mnt/HDD_14TB/zechuan/iraod_artifacts/comparison/xaf_student_quant_20260908/report_checkpoint_breg_f_ema_20260909T2102Z/mapped_runtimes/f_deletion_manifests_daa3992.runtime.json,/home/zechuan/iraod_artifacts/comparison/xaf_student_quant_20260908/f_deletion_runs_daa3992/dior/clean/seed_44/methods/F_veto_only/ddp2/eval_full_clean_ids_v1/execution.json,[]
DIOR,brightness,A,42,source,/home/zechuan/iraod_artifacts/comparison/dior/brightness/seed_42/0f98a48/methods/A/eval_full_brightness_ids_v1,/home/zechuan/iraod_artifacts/comparison/dior/brightness/seed_42/0f98a48/methods/A/eval_full_brightness_ids_v1/eval_20260907_203847.json,/home/zechuan/iraod_artifacts/comparison/dior/brightness/seed_42/0f98a48/methods/A/eval_full_brightness_ids_v1/predictions.pkl.image_ids.json,/mnt/shared/zechuan/iraod_artifacts/dior_source/seed42-orthonet-ddp4-gpu4567-spg16-gbs64/reproducibility/resolved_config.py,complete,0.2416841983795166,0.2416841983795166,[],11738,314788,/home/zechuan/iraod_artifacts/dior_source/seed42-orthonet-ddp4-gpu4567-spg16-gbs64/train/epoch_100.pth,74d7eafdc547976a86f8f35b2652dba384948e33ab5c15bb908fa3e54025782a,,/home/zechuan/iraod_artifacts/comparison/dior/brightness/seed_42/0f98a48/methods/A/eval_full_brightness_ids_v1/eval_status,/home/zechuan/iraod_artifacts/comparison/dior/brightness/seed_42/0f98a48/methods/A/eval_full_brightness_ids_v1/class_ap.txt,/home/zechuan/iraod_artifacts/comparison/dior/brightness/seed_42/0f98a48/methods/A/eval_full_brightness_ids_v1/predictions.pkl,/home/zechuan/iraod_artifacts/comparison/dior/brightness/seed_42/0f98a48/methods/A/eval_full_brightness_ids_v1/pred_count.txt,0f98a48b539f9260055fc305784ffbc924f50451,331d2131b84651f0a2930a3d53faeefad8701531,0f98a48b539f9260055fc305784ffbc924f50451,0f98a48b539f9260055fc305784ffbc924f50451,0f98a48b539f9260055fc305784ffbc924f50451,source_record_verified,,0.2416841983795166,/mnt/HDD_14TB/zechuan/IRAOD-New-report-complete-path-identities-44ac421-20260909/results/paper_comparison/historical/seed42/dior_raw_results.csv,fixed_source,,,
DIOR,brightness,B_REG,42,ema,/home/zechuan/iraod_artifacts/comparison/xaf_student_quant_20260908/b_reg_runs_0e5f8f7/dior/brightness/seed_42/methods/B_REG/eval_full_brightness_ids_v1,/home/zechuan/iraod_artifacts/comparison/xaf_student_quant_20260908/b_reg_runs_0e5f8f7/dior/brightness/seed_42/methods/B_REG/eval_full_brightness_ids_v1/eval_20260909_093851.json,/home/zechuan/iraod_artifacts/comparison/xaf_student_quant_20260908/b_reg_runs_0e5f8f7/dior/brightness/seed_42/methods/B_REG/eval_full_brightness_ids_v1/predictions.pkl.image_ids.json,/home/zechuan/iraod_artifacts/dior_source/seed42-orthonet-ddp4-gpu4567-spg16-gbs64/reproducibility/resolved_config.py,complete,0.24651917815208435,0.24651917815208435,[],11738,327822,/home/zechuan/iraod_artifacts/comparison/xaf_student_quant_20260908/b_reg_runs_0e5f8f7/dior/brightness/seed_42/methods/B_REG/work/iter_185_ema.pth,74d7eafdc547976a86f8f35b2652dba384948e33ab5c15bb908fa3e54025782a,,/home/zechuan/iraod_artifacts/comparison/xaf_student_quant_20260908/b_reg_runs_0e5f8f7/dior/brightness/seed_42/methods/B_REG/eval_full_brightness_ids_v1/eval_status,/home/zechuan/iraod_artifacts/comparison/xaf_student_quant_20260908/b_reg_runs_0e5f8f7/dior/brightness/seed_42/methods/B_REG/eval_full_brightness_ids_v1/class_ap.txt,/home/zechuan/iraod_artifacts/comparison/xaf_student_quant_20260908/b_reg_runs_0e5f8f7/dior/brightness/seed_42/methods/B_REG/eval_full_brightness_ids_v1/predictions.pkl,/home/zechuan/iraod_artifacts/comparison/xaf_student_quant_20260908/b_reg_runs_0e5f8f7/dior/brightness/seed_42/methods/B_REG/eval_full_brightness_ids_v1/pred_count.txt,0f98a48b539f9260055fc305784ffbc924f50451,331d2131b84651f0a2930a3d53faeefad8701531,0f98a48b539f9260055fc305784ffbc924f50451,0f98a48b539f9260055fc305784ffbc924f50451,,recorded_adaptation_producer,,,,common_one_epoch,/mnt/HDD_14TB/zechuan/iraod_artifacts/comparison/xaf_student_quant_20260908/report_checkpoint_breg_f_ema_20260909T2102Z/mapped_runtimes/b_reg_manifests_0e5f8f7.runtime.json,/home/zechuan/iraod_artifacts/comparison/xaf_student_quant_20260908/b_reg_runs_0e5f8f7/dior/brightness/seed_42/methods/B_REG/eval_full_brightness_ids_v1/execution.json,[]
DIOR,brightness,B_REG,43,ema,/home/zechuan/iraod_artifacts/comparison/xaf_student_quant_20260908/b_reg_runs_0e5f8f7/dior/brightness/seed_43/methods/B_REG/eval_full_brightness_ids_v1,/home/zechuan/iraod_artifacts/comparison/xaf_student_quant_20260908/b_reg_runs_0e5f8f7/dior/brightness/seed_43/methods/B_REG/eval_full_brightness_ids_v1/eval_20260909_093905.json,/home/zechuan/iraod_artifacts/comparison/xaf_student_quant_20260908/b_reg_runs_0e5f8f7/dior/brightness/seed_43/methods/B_REG/eval_full_brightness_ids_v1/predictions.pkl.image_ids.json,/home/zechuan/iraod_artifacts/dior_source/seed42-orthonet-ddp4-gpu4567-spg16-gbs64/reproducibility/resolved_config.py,complete,0.2456020563840866,0.2456020563840866,[],11738,323344,/home/zechuan/iraod_artifacts/comparison/xaf_student_quant_20260908/b_reg_runs_0e5f8f7/dior/brightness/seed_43/methods/B_REG/work/iter_185_ema.pth,74d7eafdc547976a86f8f35b2652dba384948e33ab5c15bb908fa3e54025782a,,/home/zechuan/iraod_artifacts/comparison/xaf_student_quant_20260908/b_reg_runs_0e5f8f7/dior/brightness/seed_43/methods/B_REG/eval_full_brightness_ids_v1/eval_status,/home/zechuan/iraod_artifacts/comparison/xaf_student_quant_20260908/b_reg_runs_0e5f8f7/dior/brightness/seed_43/methods/B_REG/eval_full_brightness_ids_v1/class_ap.txt,/home/zechuan/iraod_artifacts/comparison/xaf_student_quant_20260908/b_reg_runs_0e5f8f7/dior/brightness/seed_43/methods/B_REG/eval_full_brightness_ids_v1/predictions.pkl,/home/zechuan/iraod_artifacts/comparison/xaf_student_quant_20260908/b_reg_runs_0e5f8f7/dior/brightness/seed_43/methods/B_REG/eval_full_brightness_ids_v1/pred_count.txt,0f98a48b539f9260055fc305784ffbc924f50451,331d2131b84651f0a2930a3d53faeefad8701531,0f98a48b539f9260055fc305784ffbc924f50451,0f98a48b539f9260055fc305784ffbc924f50451,,recorded_adaptation_producer,,,,common_one_epoch,/mnt/HDD_14TB/zechuan/iraod_artifacts/comparison/xaf_student_quant_20260908/report_checkpoint_breg_f_ema_20260909T2102Z/mapped_runtimes/b_reg_manifests_0e5f8f7.runtime.json,/home/zechuan/iraod_artifacts/comparison/xaf_student_quant_20260908/b_reg_runs_0e5f8f7/dior/brightness/seed_43/methods/B_REG/eval_full_brightness_ids_v1/execution.json,[]
DIOR,brightness,B_REG,44,ema,/home/zechuan/iraod_artifacts/comparison/xaf_student_quant_20260908/b_reg_runs_0e5f8f7/dior/brightness/seed_44/methods/B_REG/eval_full_brightness_ids_v1,/home/zechuan/iraod_artifacts/comparison/xaf_student_quant_20260908/b_reg_runs_0e5f8f7/dior/brightness/seed_44/methods/B_REG/eval_full_brightness_ids_v1/eval_20260909_093922.json,/home/zechuan/iraod_artifacts/comparison/xaf_student_quant_20260908/b_reg_runs_0e5f8f7/dior/brightness/seed_44/methods/B_REG/eval_full_brightness_ids_v1/predictions.pkl.image_ids.json,/home/zechuan/iraod_artifacts/dior_source/seed42-orthonet-ddp4-gpu4567-spg16-gbs64/reproducibility/resolved_config.py,complete,0.24669590592384338,0.24669590592384338,[],11738,325384,/home/zechuan/iraod_artifacts/comparison/xaf_student_quant_20260908/b_reg_runs_0e5f8f7/dior/brightness/seed_44/methods/B_REG/work/iter_185_ema.pth,74d7eafdc547976a86f8f35b2652dba384948e33ab5c15bb908fa3e54025782a,,/home/zechuan/iraod_artifacts/comparison/xaf_student_quant_20260908/b_reg_runs_0e5f8f7/dior/brightness/seed_44/methods/B_REG/eval_full_brightness_ids_v1/eval_status,/home/zechuan/iraod_artifacts/comparison/xaf_student_quant_20260908/b_reg_runs_0e5f8f7/dior/brightness/seed_44/methods/B_REG/eval_full_brightness_ids_v1/class_ap.txt,/home/zechuan/iraod_artifacts/comparison/xaf_student_quant_20260908/b_reg_runs_0e5f8f7/dior/brightness/seed_44/methods/B_REG/eval_full_brightness_ids_v1/predictions.pkl,/home/zechuan/iraod_artifacts/comparison/xaf_student_quant_20260908/b_reg_runs_0e5f8f7/dior/brightness/seed_44/methods/B_REG/eval_full_brightness_ids_v1/pred_count.txt,0f98a48b539f9260055fc305784ffbc924f50451,331d2131b84651f0a2930a3d53faeefad8701531,0f98a48b539f9260055fc305784ffbc924f50451,0f98a48b539f9260055fc305784ffbc924f50451,,recorded_adaptation_producer,,,,common_one_epoch,/mnt/HDD_14TB/zechuan/iraod_artifacts/comparison/xaf_student_quant_20260908/report_checkpoint_breg_f_ema_20260909T2102Z/mapped_runtimes/b_reg_manifests_0e5f8f7.runtime.json,/home/zechuan/iraod_artifacts/comparison/xaf_student_quant_20260908/b_reg_runs_0e5f8f7/dior/brightness/seed_44/methods/B_REG/eval_full_brightness_ids_v1/execution.json,[]
DIOR,brightness,F_text_only,42,ema,/home/zechuan/iraod_artifacts/comparison/xaf_student_quant_20260908/f_deletion_runs_daa3992/dior/brightness/seed_42/methods/F_text_only/ddp2/eval_full_brightness_ids_v1,/home/zechuan/iraod_artifacts/comparison/xaf_student_quant_20260908/f_deletion_runs_daa3992/dior/brightness/seed_42/methods/F_text_only/ddp2/eval_full_brightness_ids_v1/eval_20260909_101357.json,/home/zechuan/iraod_artifacts/comparison/xaf_student_quant_20260908/f_deletion_runs_daa3992/dior/brightness/seed_42/methods/F_text_only/ddp2/eval_full_brightness_ids_v1/predictions.pkl.image_ids.json,/home/zechuan/iraod_artifacts/dior_source/seed42-orthonet-ddp4-gpu4567-spg16-gbs64/reproducibility/resolved_config.py,complete,0.2396034300327301,0.2396034300327301,[],11738,178255,/home/zechuan/iraod_artifacts/comparison/xaf_student_quant_20260908/f_deletion_runs_daa3992/dior/brightness/seed_42/methods/F_text_only/ddp2/work/iter_185_ema.pth,74d7eafdc547976a86f8f35b2652dba384948e33ab5c15bb908fa3e54025782a,,/home/zechuan/iraod_artifacts/comparison/xaf_student_quant_20260908/f_deletion_runs_daa3992/dior/brightness/seed_42/methods/F_text_only/ddp2/eval_full_brightness_ids_v1/eval_status,/home/zechuan/iraod_artifacts/comparison/xaf_student_quant_20260908/f_deletion_runs_daa3992/dior/brightness/seed_42/methods/F_text_only/ddp2/eval_full_brightness_ids_v1/class_ap.txt,/home/zechuan/iraod_artifacts/comparison/xaf_student_quant_20260908/f_deletion_runs_daa3992/dior/brightness/seed_42/methods/F_text_only/ddp2/eval_full_brightness_ids_v1/predictions.pkl,/home/zechuan/iraod_artifacts/comparison/xaf_student_quant_20260908/f_deletion_runs_daa3992/dior/brightness/seed_42/methods/F_text_only/ddp2/eval_full_brightness_ids_v1/pred_count.txt,0f98a48b539f9260055fc305784ffbc924f50451,331d2131b84651f0a2930a3d53faeefad8701531,0f98a48b539f9260055fc305784ffbc924f50451,0f98a48b539f9260055fc305784ffbc924f50451,,recorded_adaptation_producer,,,,common_one_epoch,/mnt/HDD_14TB/zechuan/iraod_artifacts/comparison/xaf_student_quant_20260908/report_checkpoint_breg_f_ema_20260909T2102Z/mapped_runtimes/f_deletion_manifests_daa3992.runtime.json,/home/zechuan/iraod_artifacts/comparison/xaf_student_quant_20260908/f_deletion_runs_daa3992/dior/brightness/seed_42/methods/F_text_only/ddp2/eval_full_brightness_ids_v1/execution.json,[]
DIOR,brightness,F_text_only,43,ema,/home/zechuan/iraod_artifacts/comparison/xaf_student_quant_20260908/f_deletion_runs_daa3992/dior/brightness/seed_43/methods/F_text_only/ddp2/eval_full_brightness_ids_v1,/home/zechuan/iraod_artifacts/comparison/xaf_student_quant_20260908/f_deletion_runs_daa3992/dior/brightness/seed_43/methods/F_text_only/ddp2/eval_full_brightness_ids_v1/eval_20260909_102041.json,/home/zechuan/iraod_artifacts/comparison/xaf_student_quant_20260908/f_deletion_runs_daa3992/dior/brightness/seed_43/methods/F_text_only/ddp2/eval_full_brightness_ids_v1/predictions.pkl.image_ids.json,/home/zechuan/iraod_artifacts/dior_source/seed42-orthonet-ddp4-gpu4567-spg16-gbs64/reproducibility/resolved_config.py,complete,0.23885102570056915,0.23885102570056915,[],11738,180408,/home/zechuan/iraod_artifacts/comparison/xaf_student_quant_20260908/f_deletion_runs_daa3992/dior/brightness/seed_43/methods/F_text_only/ddp2/work/iter_185_ema.pth,74d7eafdc547976a86f8f35b2652dba384948e33ab5c15bb908fa3e54025782a,,/home/zechuan/iraod_artifacts/comparison/xaf_student_quant_20260908/f_deletion_runs_daa3992/dior/brightness/seed_43/methods/F_text_only/ddp2/eval_full_brightness_ids_v1/eval_status,/home/zechuan/iraod_artifacts/comparison/xaf_student_quant_20260908/f_deletion_runs_daa3992/dior/brightness/seed_43/methods/F_text_only/ddp2/eval_full_brightness_ids_v1/class_ap.txt,/home/zechuan/iraod_artifacts/comparison/xaf_student_quant_20260908/f_deletion_runs_daa3992/dior/brightness/seed_43/methods/F_text_only/ddp2/eval_full_brightness_ids_v1/predictions.pkl,/home/zechuan/iraod_artifacts/comparison/xaf_student_quant_20260908/f_deletion_runs_daa3992/dior/brightness/seed_43/methods/F_text_only/ddp2/eval_full_brightness_ids_v1/pred_count.txt,0f98a48b539f9260055fc305784ffbc924f50451,331d2131b84651f0a2930a3d53faeefad8701531,0f98a48b539f9260055fc305784ffbc924f50451,0f98a48b539f9260055fc305784ffbc924f50451,,recorded_adaptation_producer,,,,common_one_epoch,/mnt/HDD_14TB/zechuan/iraod_artifacts/comparison/xaf_student_quant_20260908/report_checkpoint_breg_f_ema_20260909T2102Z/mapped_runtimes/f_deletion_manifests_daa3992.runtime.json,/home/zechuan/iraod_artifacts/comparison/xaf_student_quant_20260908/f_deletion_runs_daa3992/dior/brightness/seed_43/methods/F_text_only/ddp2/eval_full_brightness_ids_v1/execution.json,[]
DIOR,brightness,F_text_only,44,ema,/home/zechuan/iraod_artifacts/comparison/xaf_student_quant_20260908/f_deletion_runs_daa3992/dior/brightness/seed_44/methods/F_text_only/ddp2/eval_full_brightness_ids_v1,/home/zechuan/iraod_artifacts/comparison/xaf_student_quant_20260908/f_deletion_runs_daa3992/dior/brightness/seed_44/methods/F_text_only/ddp2/eval_full_brightness_ids_v1/eval_20260909_102318.json,/home/zechuan/iraod_artifacts/comparison/xaf_student_quant_20260908/f_deletion_runs_daa3992/dior/brightness/seed_44/methods/F_text_only/ddp2/eval_full_brightness_ids_v1/predictions.pkl.image_ids.json,/home/zechuan/iraod_artifacts/dior_source/seed42-orthonet-ddp4-gpu4567-spg16-gbs64/reproducibility/resolved_config.py,complete,0.2396363914012909,0.2396363914012909,[],11738,180333,/home/zechuan/iraod_artifacts/comparison/xaf_student_quant_20260908/f_deletion_runs_daa3992/dior/brightness/seed_44/methods/F_text_only/ddp2/work/iter_185_ema.pth,74d7eafdc547976a86f8f35b2652dba384948e33ab5c15bb908fa3e54025782a,,/home/zechuan/iraod_artifacts/comparison/xaf_student_quant_20260908/f_deletion_runs_daa3992/dior/brightness/seed_44/methods/F_text_only/ddp2/eval_full_brightness_ids_v1/eval_status,/home/zechuan/iraod_artifacts/comparison/xaf_student_quant_20260908/f_deletion_runs_daa3992/dior/brightness/seed_44/methods/F_text_only/ddp2/eval_full_brightness_ids_v1/class_ap.txt,/home/zechuan/iraod_artifacts/comparison/xaf_student_quant_20260908/f_deletion_runs_daa3992/dior/brightness/seed_44/methods/F_text_only/ddp2/eval_full_brightness_ids_v1/predictions.pkl,/home/zechuan/iraod_artifacts/comparison/xaf_student_quant_20260908/f_deletion_runs_daa3992/dior/brightness/seed_44/methods/F_text_only/ddp2/eval_full_brightness_ids_v1/pred_count.txt,0f98a48b539f9260055fc305784ffbc924f50451,331d2131b84651f0a2930a3d53faeefad8701531,0f98a48b539f9260055fc305784ffbc924f50451,0f98a48b539f9260055fc305784ffbc924f50451,,recorded_adaptation_producer,,,,common_one_epoch,/mnt/HDD_14TB/zechuan/iraod_artifacts/comparison/xaf_student_quant_20260908/report_checkpoint_breg_f_ema_20260909T2102Z/mapped_runtimes/f_deletion_manifests_daa3992.runtime.json,/home/zechuan/iraod_artifacts/comparison/xaf_student_quant_20260908/f_deletion_runs_daa3992/dior/brightness/seed_44/methods/F_text_only/ddp2/eval_full_brightness_ids_v1/execution.json,[]
DIOR,brightness,F_veto_only,42,ema,/home/zechuan/iraod_artifacts/comparison/xaf_student_quant_20260908/f_deletion_runs_daa3992/dior/brightness/seed_42/methods/F_veto_only/ddp2/eval_full_brightness_ids_v1,/home/zechuan/iraod_artifacts/comparison/xaf_student_quant_20260908/f_deletion_runs_daa3992/dior/brightness/seed_42/methods/F_veto_only/ddp2/eval_full_brightness_ids_v1/eval_20260909_101625.json,/home/zechuan/iraod_artifacts/comparison/xaf_student_quant_20260908/f_deletion_runs_daa3992/dior/brightness/seed_42/methods/F_veto_only/ddp2/eval_full_brightness_ids_v1/predictions.pkl.image_ids.json,/home/zechuan/iraod_artifacts/dior_source/seed42-orthonet-ddp4-gpu4567-spg16-gbs64/reproducibility/resolved_config.py,complete,0.24486204981803894,0.24486204981803894,[],11738,326725,/home/zechuan/iraod_artifacts/comparison/xaf_student_quant_20260908/f_deletion_runs_daa3992/dior/brightness/seed_42/methods/F_veto_only/ddp2/work/iter_185_ema.pth,74d7eafdc547976a86f8f35b2652dba384948e33ab5c15bb908fa3e54025782a,,/home/zechuan/iraod_artifacts/comparison/xaf_student_quant_20260908/f_deletion_runs_daa3992/dior/brightness/seed_42/methods/F_veto_only/ddp2/eval_full_brightness_ids_v1/eval_status,/home/zechuan/iraod_artifacts/comparison/xaf_student_quant_20260908/f_deletion_runs_daa3992/dior/brightness/seed_42/methods/F_veto_only/ddp2/eval_full_brightness_ids_v1/class_ap.txt,/home/zechuan/iraod_artifacts/comparison/xaf_student_quant_20260908/f_deletion_runs_daa3992/dior/brightness/seed_42/methods/F_veto_only/ddp2/eval_full_brightness_ids_v1/predictions.pkl,/home/zechuan/iraod_artifacts/comparison/xaf_student_quant_20260908/f_deletion_runs_daa3992/dior/brightness/seed_42/methods/F_veto_only/ddp2/eval_full_brightness_ids_v1/pred_count.txt,0f98a48b539f9260055fc305784ffbc924f50451,331d2131b84651f0a2930a3d53faeefad8701531,0f98a48b539f9260055fc305784ffbc924f50451,0f98a48b539f9260055fc305784ffbc924f50451,,recorded_adaptation_producer,,,,common_one_epoch,/mnt/HDD_14TB/zechuan/iraod_artifacts/comparison/xaf_student_quant_20260908/report_checkpoint_breg_f_ema_20260909T2102Z/mapped_runtimes/f_deletion_manifests_daa3992.runtime.json,/home/zechuan/iraod_artifacts/comparison/xaf_student_quant_20260908/f_deletion_runs_daa3992/dior/brightness/seed_42/methods/F_veto_only/ddp2/eval_full_brightness_ids_v1/execution.json,[]
DIOR,brightness,F_veto_only,43,ema,/home/zechuan/iraod_artifacts/comparison/xaf_student_quant_20260908/f_deletion_runs_daa3992/dior/brightness/seed_43/methods/F_veto_only/ddp2/eval_full_brightness_ids_v1,/home/zechuan/iraod_artifacts/comparison/xaf_student_quant_20260908/f_deletion_runs_daa3992/dior/brightness/seed_43/methods/F_veto_only/ddp2/eval_full_brightness_ids_v1/eval_20260909_102054.json,/home/zechuan/iraod_artifacts/comparison/xaf_student_quant_20260908/f_deletion_runs_daa3992/dior/brightness/seed_43/methods/F_veto_only/ddp2/eval_full_brightness_ids_v1/predictions.pkl.image_ids.json,/home/zechuan/iraod_artifacts/dior_source/seed42-orthonet-ddp4-gpu4567-spg16-gbs64/reproducibility/resolved_config.py,complete,0.24702751636505127,0.24702751636505127,[],11738,329869,/home/zechuan/iraod_artifacts/comparison/xaf_student_quant_20260908/f_deletion_runs_daa3992/dior/brightness/seed_43/methods/F_veto_only/ddp2/work/iter_185_ema.pth,74d7eafdc547976a86f8f35b2652dba384948e33ab5c15bb908fa3e54025782a,,/home/zechuan/iraod_artifacts/comparison/xaf_student_quant_20260908/f_deletion_runs_daa3992/dior/brightness/seed_43/methods/F_veto_only/ddp2/eval_full_brightness_ids_v1/eval_status,/home/zechuan/iraod_artifacts/comparison/xaf_student_quant_20260908/f_deletion_runs_daa3992/dior/brightness/seed_43/methods/F_veto_only/ddp2/eval_full_brightness_ids_v1/class_ap.txt,/home/zechuan/iraod_artifacts/comparison/xaf_student_quant_20260908/f_deletion_runs_daa3992/dior/brightness/seed_43/methods/F_veto_only/ddp2/eval_full_brightness_ids_v1/predictions.pkl,/home/zechuan/iraod_artifacts/comparison/xaf_student_quant_20260908/f_deletion_runs_daa3992/dior/brightness/seed_43/methods/F_veto_only/ddp2/eval_full_brightness_ids_v1/pred_count.txt,0f98a48b539f9260055fc305784ffbc924f50451,331d2131b84651f0a2930a3d53faeefad8701531,0f98a48b539f9260055fc305784ffbc924f50451,0f98a48b539f9260055fc305784ffbc924f50451,,recorded_adaptation_producer,,,,common_one_epoch,/mnt/HDD_14TB/zechuan/iraod_artifacts/comparison/xaf_student_quant_20260908/report_checkpoint_breg_f_ema_20260909T2102Z/mapped_runtimes/f_deletion_manifests_daa3992.runtime.json,/home/zechuan/iraod_artifacts/comparison/xaf_student_quant_20260908/f_deletion_runs_daa3992/dior/brightness/seed_43/methods/F_veto_only/ddp2/eval_full_brightness_ids_v1/execution.json,[]
DIOR,brightness,F_veto_only,44,ema,/home/zechuan/iraod_artifacts/comparison/xaf_student_quant_20260908/f_deletion_runs_daa3992/dior/brightness/seed_44/methods/F_veto_only/ddp2/eval_full_brightness_ids_v1,/home/zechuan/iraod_artifacts/comparison/xaf_student_quant_20260908/f_deletion_runs_daa3992/dior/brightness/seed_44/methods/F_veto_only/ddp2/eval_full_brightness_ids_v1/eval_20260909_102751.json,/home/zechuan/iraod_artifacts/comparison/xaf_student_quant_20260908/f_deletion_runs_daa3992/dior/brightness/seed_44/methods/F_veto_only/ddp2/eval_full_brightness_ids_v1/predictions.pkl.image_ids.json,/home/zechuan/iraod_artifacts/dior_source/seed42-orthonet-ddp4-gpu4567-spg16-gbs64/reproducibility/resolved_config.py,complete,0.24601252377033234,0.24601252377033234,[],11738,329363,/home/zechuan/iraod_artifacts/comparison/xaf_student_quant_20260908/f_deletion_runs_daa3992/dior/brightness/seed_44/methods/F_veto_only/ddp2/work/iter_185_ema.pth,74d7eafdc547976a86f8f35b2652dba384948e33ab5c15bb908fa3e54025782a,,/home/zechuan/iraod_artifacts/comparison/xaf_student_quant_20260908/f_deletion_runs_daa3992/dior/brightness/seed_44/methods/F_veto_only/ddp2/eval_full_brightness_ids_v1/eval_status,/home/zechuan/iraod_artifacts/comparison/xaf_student_quant_20260908/f_deletion_runs_daa3992/dior/brightness/seed_44/methods/F_veto_only/ddp2/eval_full_brightness_ids_v1/class_ap.txt,/home/zechuan/iraod_artifacts/comparison/xaf_student_quant_20260908/f_deletion_runs_daa3992/dior/brightness/seed_44/methods/F_veto_only/ddp2/eval_full_brightness_ids_v1/predictions.pkl,/home/zechuan/iraod_artifacts/comparison/xaf_student_quant_20260908/f_deletion_runs_daa3992/dior/brightness/seed_44/methods/F_veto_only/ddp2/eval_full_brightness_ids_v1/pred_count.txt,0f98a48b539f9260055fc305784ffbc924f50451,331d2131b84651f0a2930a3d53faeefad8701531,0f98a48b539f9260055fc305784ffbc924f50451,0f98a48b539f9260055fc305784ffbc924f50451,,recorded_adaptation_producer,,,,common_one_epoch,/mnt/HDD_14TB/zechuan/iraod_artifacts/comparison/xaf_student_quant_20260908/report_checkpoint_breg_f_ema_20260909T2102Z/mapped_runtimes/f_deletion_manifests_daa3992.runtime.json,/home/zechuan/iraod_artifacts/comparison/xaf_student_quant_20260908/f_deletion_runs_daa3992/dior/brightness/seed_44/methods/F_veto_only/ddp2/eval_full_brightness_ids_v1/execution.json,[]
DIOR,cloudy,A,42,source,/home/zechuan/iraod_artifacts/comparison/dior/cloudy/seed_42/0f98a48/methods/A/eval_full_cloudy_ids_v1,/home/zechuan/iraod_artifacts/comparison/dior/cloudy/seed_42/0f98a48/methods/A/eval_full_cloudy_ids_v1/eval_20260907_222641.json,/home/zechuan/iraod_artifacts/comparison/dior/cloudy/seed_42/0f98a48/methods/A/eval_full_cloudy_ids_v1/predictions.pkl.image_ids.json,/mnt/shared/zechuan/iraod_artifacts/dior_source/seed42-orthonet-ddp4-gpu4567-spg16-gbs64/reproducibility/resolved_config.py,complete,0.29026827216148376,0.29026827216148376,[],11738,305164,/home/zechuan/iraod_artifacts/dior_source/seed42-orthonet-ddp4-gpu4567-spg16-gbs64/train/epoch_100.pth,74d7eafdc547976a86f8f35b2652dba384948e33ab5c15bb908fa3e54025782a,,/home/zechuan/iraod_artifacts/comparison/dior/cloudy/seed_42/0f98a48/methods/A/eval_full_cloudy_ids_v1/eval_status,/home/zechuan/iraod_artifacts/comparison/dior/cloudy/seed_42/0f98a48/methods/A/eval_full_cloudy_ids_v1/class_ap.txt,/home/zechuan/iraod_artifacts/comparison/dior/cloudy/seed_42/0f98a48/methods/A/eval_full_cloudy_ids_v1/predictions.pkl,/home/zechuan/iraod_artifacts/comparison/dior/cloudy/seed_42/0f98a48/methods/A/eval_full_cloudy_ids_v1/pred_count.txt,0f98a48b539f9260055fc305784ffbc924f50451,331d2131b84651f0a2930a3d53faeefad8701531,0f98a48b539f9260055fc305784ffbc924f50451,0f98a48b539f9260055fc305784ffbc924f50451,0f98a48b539f9260055fc305784ffbc924f50451,source_record_verified,,0.29026827216148376,/mnt/HDD_14TB/zechuan/IRAOD-New-report-complete-path-identities-44ac421-20260909/results/paper_comparison/historical/seed42/dior_raw_results.csv,fixed_source,,,
DIOR,cloudy,B_REG,42,ema,/home/zechuan/iraod_artifacts/comparison/xaf_student_quant_20260908/b_reg_runs_0e5f8f7/dior/cloudy/seed_42/methods/B_REG/eval_full_cloudy_ids_v1,/home/zechuan/iraod_artifacts/comparison/xaf_student_quant_20260908/b_reg_runs_0e5f8f7/dior/cloudy/seed_42/methods/B_REG/eval_full_cloudy_ids_v1/eval_20260909_094539.json,/home/zechuan/iraod_artifacts/comparison/xaf_student_quant_20260908/b_reg_runs_0e5f8f7/dior/cloudy/seed_42/methods/B_REG/eval_full_cloudy_ids_v1/predictions.pkl.image_ids.json,/home/zechuan/iraod_artifacts/dior_source/seed42-orthonet-ddp4-gpu4567-spg16-gbs64/reproducibility/resolved_config.py,complete,0.29730600118637085,0.29730600118637085,[],11738,303801,/home/zechuan/iraod_artifacts/comparison/xaf_student_quant_20260908/b_reg_runs_0e5f8f7/dior/cloudy/seed_42/methods/B_REG/work/iter_185_ema.pth,74d7eafdc547976a86f8f35b2652dba384948e33ab5c15bb908fa3e54025782a,,/home/zechuan/iraod_artifacts/comparison/xaf_student_quant_20260908/b_reg_runs_0e5f8f7/dior/cloudy/seed_42/methods/B_REG/eval_full_cloudy_ids_v1/eval_status,/home/zechuan/iraod_artifacts/comparison/xaf_student_quant_20260908/b_reg_runs_0e5f8f7/dior/cloudy/seed_42/methods/B_REG/eval_full_cloudy_ids_v1/class_ap.txt,/home/zechuan/iraod_artifacts/comparison/xaf_student_quant_20260908/b_reg_runs_0e5f8f7/dior/cloudy/seed_42/methods/B_REG/eval_full_cloudy_ids_v1/predictions.pkl,/home/zechuan/iraod_artifacts/comparison/xaf_student_quant_20260908/b_reg_runs_0e5f8f7/dior/cloudy/seed_42/methods/B_REG/eval_full_cloudy_ids_v1/pred_count.txt,0f98a48b539f9260055fc305784ffbc924f50451,331d2131b84651f0a2930a3d53faeefad8701531,0f98a48b539f9260055fc305784ffbc924f50451,0f98a48b539f9260055fc305784ffbc924f50451,,recorded_adaptation_producer,,,,common_one_epoch,/mnt/HDD_14TB/zechuan/iraod_artifacts/comparison/xaf_student_quant_20260908/report_checkpoint_breg_f_ema_20260909T2102Z/mapped_runtimes/b_reg_manifests_0e5f8f7.runtime.json,/home/zechuan/iraod_artifacts/comparison/xaf_student_quant_20260908/b_reg_runs_0e5f8f7/dior/cloudy/seed_42/methods/B_REG/eval_full_cloudy_ids_v1/execution.json,[]
DIOR,cloudy,B_REG,43,ema,/home/zechuan/iraod_artifacts/comparison/xaf_student_quant_20260908/b_reg_runs_0e5f8f7/dior/cloudy/seed_43/methods/B_REG/eval_full_cloudy_ids_v1,/home/zechuan/iraod_artifacts/comparison/xaf_student_quant_20260908/b_reg_runs_0e5f8f7/dior/cloudy/seed_43/methods/B_REG/eval_full_cloudy_ids_v1/eval_20260909_094559.json,/home/zechuan/iraod_artifacts/comparison/xaf_student_quant_20260908/b_reg_runs_0e5f8f7/dior/cloudy/seed_43/methods/B_REG/eval_full_cloudy_ids_v1/predictions.pkl.image_ids.json,/home/zechuan/iraod_artifacts/dior_source/seed42-orthonet-ddp4-gpu4567-spg16-gbs64/reproducibility/resolved_config.py,complete,0.2971438765525818,0.2971438765525818,[],11738,304527,/home/zechuan/iraod_artifacts/comparison/xaf_student_quant_20260908/b_reg_runs_0e5f8f7/dior/cloudy/seed_43/methods/B_REG/work/iter_185_ema.pth,74d7eafdc547976a86f8f35b2652dba384948e33ab5c15bb908fa3e54025782a,,/home/zechuan/iraod_artifacts/comparison/xaf_student_quant_20260908/b_reg_runs_0e5f8f7/dior/cloudy/seed_43/methods/B_REG/eval_full_cloudy_ids_v1/eval_status,/home/zechuan/iraod_artifacts/comparison/xaf_student_quant_20260908/b_reg_runs_0e5f8f7/dior/cloudy/seed_43/methods/B_REG/eval_full_cloudy_ids_v1/class_ap.txt,/home/zechuan/iraod_artifacts/comparison/xaf_student_quant_20260908/b_reg_runs_0e5f8f7/dior/cloudy/seed_43/methods/B_REG/eval_full_cloudy_ids_v1/predictions.pkl,/home/zechuan/iraod_artifacts/comparison/xaf_student_quant_20260908/b_reg_runs_0e5f8f7/dior/cloudy/seed_43/methods/B_REG/eval_full_cloudy_ids_v1/pred_count.txt,0f98a48b539f9260055fc305784ffbc924f50451,331d2131b84651f0a2930a3d53faeefad8701531,0f98a48b539f9260055fc305784ffbc924f50451,0f98a48b539f9260055fc305784ffbc924f50451,,recorded_adaptation_producer,,,,common_one_epoch,/mnt/HDD_14TB/zechuan/iraod_artifacts/comparison/xaf_student_quant_20260908/report_checkpoint_breg_f_ema_20260909T2102Z/mapped_runtimes/b_reg_manifests_0e5f8f7.runtime.json,/home/zechuan/iraod_artifacts/comparison/xaf_student_quant_20260908/b_reg_runs_0e5f8f7/dior/cloudy/seed_43/methods/B_REG/eval_full_cloudy_ids_v1/execution.json,[]
DIOR,cloudy,B_REG,44,ema,/home/zechuan/iraod_artifacts/comparison/xaf_student_quant_20260908/b_reg_runs_0e5f8f7/dior/cloudy/seed_44/methods/B_REG/eval_full_cloudy_ids_v1,/home/zechuan/iraod_artifacts/comparison/xaf_student_quant_20260908/b_reg_runs_0e5f8f7/dior/cloudy/seed_44/methods/B_REG/eval_full_cloudy_ids_v1/eval_20260909_094613.json,/home/zechuan/iraod_artifacts/comparison/xaf_student_quant_20260908/b_reg_runs_0e5f8f7/dior/cloudy/seed_44/methods/B_REG/eval_full_cloudy_ids_v1/predictions.pkl.image_ids.json,/home/zechuan/iraod_artifacts/dior_source/seed42-orthonet-ddp4-gpu4567-spg16-gbs64/reproducibility/resolved_config.py,complete,0.2980917990207672,0.2980917990207672,[],11738,305747,/home/zechuan/iraod_artifacts/comparison/xaf_student_quant_20260908/b_reg_runs_0e5f8f7/dior/cloudy/seed_44/methods/B_REG/work/iter_185_ema.pth,74d7eafdc547976a86f8f35b2652dba384948e33ab5c15bb908fa3e54025782a,,/home/zechuan/iraod_artifacts/comparison/xaf_student_quant_20260908/b_reg_runs_0e5f8f7/dior/cloudy/seed_44/methods/B_REG/eval_full_cloudy_ids_v1/eval_status,/home/zechuan/iraod_artifacts/comparison/xaf_student_quant_20260908/b_reg_runs_0e5f8f7/dior/cloudy/seed_44/methods/B_REG/eval_full_cloudy_ids_v1/class_ap.txt,/home/zechuan/iraod_artifacts/comparison/xaf_student_quant_20260908/b_reg_runs_0e5f8f7/dior/cloudy/seed_44/methods/B_REG/eval_full_cloudy_ids_v1/predictions.pkl,/home/zechuan/iraod_artifacts/comparison/xaf_student_quant_20260908/b_reg_runs_0e5f8f7/dior/cloudy/seed_44/methods/B_REG/eval_full_cloudy_ids_v1/pred_count.txt,0f98a48b539f9260055fc305784ffbc924f50451,331d2131b84651f0a2930a3d53faeefad8701531,0f98a48b539f9260055fc305784ffbc924f50451,0f98a48b539f9260055fc305784ffbc924f50451,,recorded_adaptation_producer,,,,common_one_epoch,/mnt/HDD_14TB/zechuan/iraod_artifacts/comparison/xaf_student_quant_20260908/report_checkpoint_breg_f_ema_20260909T2102Z/mapped_runtimes/b_reg_manifests_0e5f8f7.runtime.json,/home/zechuan/iraod_artifacts/comparison/xaf_student_quant_20260908/b_reg_runs_0e5f8f7/dior/cloudy/seed_44/methods/B_REG/eval_full_cloudy_ids_v1/execution.json,[]
DIOR,cloudy,F_text_only,42,ema,/home/zechuan/iraod_artifacts/comparison/xaf_student_quant_20260908/f_deletion_runs_daa3992/dior/cloudy/seed_42/methods/F_text_only/ddp2/eval_full_cloudy_ids_v1,/home/zechuan/iraod_artifacts/comparison/xaf_student_quant_20260908/f_deletion_runs_daa3992/dior/cloudy/seed_42/methods/F_text_only/ddp2/eval_full_cloudy_ids_v1/eval_20260909_102804.json,/home/zechuan/iraod_artifacts/comparison/xaf_student_quant_20260908/f_deletion_runs_daa3992/dior/cloudy/seed_42/methods/F_text_only/ddp2/eval_full_cloudy_ids_v1/predictions.pkl.image_ids.json,/home/zechuan/iraod_artifacts/dior_source/seed42-orthonet-ddp4-gpu4567-spg16-gbs64/reproducibility/resolved_config.py,complete,0.28517594933509827,0.28517594933509827,[],11738,178151,/home/zechuan/iraod_artifacts/comparison/xaf_student_quant_20260908/f_deletion_runs_daa3992/dior/cloudy/seed_42/methods/F_text_only/ddp2/work/iter_185_ema.pth,74d7eafdc547976a86f8f35b2652dba384948e33ab5c15bb908fa3e54025782a,,/home/zechuan/iraod_artifacts/comparison/xaf_student_quant_20260908/f_deletion_runs_daa3992/dior/cloudy/seed_42/methods/F_text_only/ddp2/eval_full_cloudy_ids_v1/eval_status,/home/zechuan/iraod_artifacts/comparison/xaf_student_quant_20260908/f_deletion_runs_daa3992/dior/cloudy/seed_42/methods/F_text_only/ddp2/eval_full_cloudy_ids_v1/class_ap.txt,/home/zechuan/iraod_artifacts/comparison/xaf_student_quant_20260908/f_deletion_runs_daa3992/dior/cloudy/seed_42/methods/F_text_only/ddp2/eval_full_cloudy_ids_v1/predictions.pkl,/home/zechuan/iraod_artifacts/comparison/xaf_student_quant_20260908/f_deletion_runs_daa3992/dior/cloudy/seed_42/methods/F_text_only/ddp2/eval_full_cloudy_ids_v1/pred_count.txt,0f98a48b539f9260055fc305784ffbc924f50451,331d2131b84651f0a2930a3d53faeefad8701531,0f98a48b539f9260055fc305784ffbc924f50451,0f98a48b539f9260055fc305784ffbc924f50451,,recorded_adaptation_producer,,,,common_one_epoch,/mnt/HDD_14TB/zechuan/iraod_artifacts/comparison/xaf_student_quant_20260908/report_checkpoint_breg_f_ema_20260909T2102Z/mapped_runtimes/f_deletion_manifests_daa3992.runtime.json,/home/zechuan/iraod_artifacts/comparison/xaf_student_quant_20260908/f_deletion_runs_daa3992/dior/cloudy/seed_42/methods/F_text_only/ddp2/eval_full_cloudy_ids_v1/execution.json,[]
DIOR,cloudy,F_text_only,43,ema,/home/zechuan/iraod_artifacts/comparison/xaf_student_quant_20260908/f_deletion_runs_daa3992/dior/cloudy/seed_43/methods/F_text_only/ddp2/eval_full_cloudy_ids_v1,/home/zechuan/iraod_artifacts/comparison/xaf_student_quant_20260908/f_deletion_runs_daa3992/dior/cloudy/seed_43/methods/F_text_only/ddp2/eval_full_cloudy_ids_v1/eval_20260909_103506.json,/home/zechuan/iraod_artifacts/comparison/xaf_student_quant_20260908/f_deletion_runs_daa3992/dior/cloudy/seed_43/methods/F_text_only/ddp2/eval_full_cloudy_ids_v1/predictions.pkl.image_ids.json,/home/zechuan/iraod_artifacts/dior_source/seed42-orthonet-ddp4-gpu4567-spg16-gbs64/reproducibility/resolved_config.py,complete,0.28410691022872925,0.28410691022872925,[],11738,178949,/home/zechuan/iraod_artifacts/comparison/xaf_student_quant_20260908/f_deletion_runs_daa3992/dior/cloudy/seed_43/methods/F_text_only/ddp2/work/iter_185_ema.pth,74d7eafdc547976a86f8f35b2652dba384948e33ab5c15bb908fa3e54025782a,,/home/zechuan/iraod_artifacts/comparison/xaf_student_quant_20260908/f_deletion_runs_daa3992/dior/cloudy/seed_43/methods/F_text_only/ddp2/eval_full_cloudy_ids_v1/eval_status,/home/zechuan/iraod_artifacts/comparison/xaf_student_quant_20260908/f_deletion_runs_daa3992/dior/cloudy/seed_43/methods/F_text_only/ddp2/eval_full_cloudy_ids_v1/class_ap.txt,/home/zechuan/iraod_artifacts/comparison/xaf_student_quant_20260908/f_deletion_runs_daa3992/dior/cloudy/seed_43/methods/F_text_only/ddp2/eval_full_cloudy_ids_v1/predictions.pkl,/home/zechuan/iraod_artifacts/comparison/xaf_student_quant_20260908/f_deletion_runs_daa3992/dior/cloudy/seed_43/methods/F_text_only/ddp2/eval_full_cloudy_ids_v1/pred_count.txt,0f98a48b539f9260055fc305784ffbc924f50451,331d2131b84651f0a2930a3d53faeefad8701531,0f98a48b539f9260055fc305784ffbc924f50451,0f98a48b539f9260055fc305784ffbc924f50451,,recorded_adaptation_producer,,,,common_one_epoch,/mnt/HDD_14TB/zechuan/iraod_artifacts/comparison/xaf_student_quant_20260908/report_checkpoint_breg_f_ema_20260909T2102Z/mapped_runtimes/f_deletion_manifests_daa3992.runtime.json,/home/zechuan/iraod_artifacts/comparison/xaf_student_quant_20260908/f_deletion_runs_daa3992/dior/cloudy/seed_43/methods/F_text_only/ddp2/eval_full_cloudy_ids_v1/execution.json,[]
DIOR,cloudy,F_text_only,44,ema,/home/zechuan/iraod_artifacts/comparison/xaf_student_quant_20260908/f_deletion_runs_daa3992/dior/cloudy/seed_44/methods/F_text_only/ddp2/eval_full_cloudy_ids_v1,/home/zechuan/iraod_artifacts/comparison/xaf_student_quant_20260908/f_deletion_runs_daa3992/dior/cloudy/seed_44/methods/F_text_only/ddp2/eval_full_cloudy_ids_v1/eval_20260909_103748.json,/home/zechuan/iraod_artifacts/comparison/xaf_student_quant_20260908/f_deletion_runs_daa3992/dior/cloudy/seed_44/methods/F_text_only/ddp2/eval_full_cloudy_ids_v1/predictions.pkl.image_ids.json,/home/zechuan/iraod_artifacts/dior_source/seed42-orthonet-ddp4-gpu4567-spg16-gbs64/reproducibility/resolved_config.py,complete,0.28676101565361023,0.28676101565361023,[],11738,181251,/home/zechuan/iraod_artifacts/comparison/xaf_student_quant_20260908/f_deletion_runs_daa3992/dior/cloudy/seed_44/methods/F_text_only/ddp2/work/iter_185_ema.pth,74d7eafdc547976a86f8f35b2652dba384948e33ab5c15bb908fa3e54025782a,,/home/zechuan/iraod_artifacts/comparison/xaf_student_quant_20260908/f_deletion_runs_daa3992/dior/cloudy/seed_44/methods/F_text_only/ddp2/eval_full_cloudy_ids_v1/eval_status,/home/zechuan/iraod_artifacts/comparison/xaf_student_quant_20260908/f_deletion_runs_daa3992/dior/cloudy/seed_44/methods/F_text_only/ddp2/eval_full_cloudy_ids_v1/class_ap.txt,/home/zechuan/iraod_artifacts/comparison/xaf_student_quant_20260908/f_deletion_runs_daa3992/dior/cloudy/seed_44/methods/F_text_only/ddp2/eval_full_cloudy_ids_v1/predictions.pkl,/home/zechuan/iraod_artifacts/comparison/xaf_student_quant_20260908/f_deletion_runs_daa3992/dior/cloudy/seed_44/methods/F_text_only/ddp2/eval_full_cloudy_ids_v1/pred_count.txt,0f98a48b539f9260055fc305784ffbc924f50451,331d2131b84651f0a2930a3d53faeefad8701531,0f98a48b539f9260055fc305784ffbc924f50451,0f98a48b539f9260055fc305784ffbc924f50451,,recorded_adaptation_producer,,,,common_one_epoch,/mnt/HDD_14TB/zechuan/iraod_artifacts/comparison/xaf_student_quant_20260908/report_checkpoint_breg_f_ema_20260909T2102Z/mapped_runtimes/f_deletion_manifests_daa3992.runtime.json,/home/zechuan/iraod_artifacts/comparison/xaf_student_quant_20260908/f_deletion_runs_daa3992/dior/cloudy/seed_44/methods/F_text_only/ddp2/eval_full_cloudy_ids_v1/execution.json,[]
DIOR,cloudy,F_veto_only,42,ema,/home/zechuan/iraod_artifacts/comparison/xaf_student_quant_20260908/f_deletion_runs_daa3992/dior/cloudy/seed_42/methods/F_veto_only/ddp2/eval_full_cloudy_ids_v1,/home/zechuan/iraod_artifacts/comparison/xaf_student_quant_20260908/f_deletion_runs_daa3992/dior/cloudy/seed_42/methods/F_veto_only/ddp2/eval_full_cloudy_ids_v1/eval_20260909_103027.json,/home/zechuan/iraod_artifacts/comparison/xaf_student_quant_20260908/f_deletion_runs_daa3992/dior/cloudy/seed_42/methods/F_veto_only/ddp2/eval_full_cloudy_ids_v1/predictions.pkl.image_ids.json,/home/zechuan/iraod_artifacts/dior_source/seed42-orthonet-ddp4-gpu4567-spg16-gbs64/reproducibility/resolved_config.py,complete,0.29755836725234985,0.29755836725234985,[],11738,305751,/home/zechuan/iraod_artifacts/comparison/xaf_student_quant_20260908/f_deletion_runs_daa3992/dior/cloudy/seed_42/methods/F_veto_only/ddp2/work/iter_185_ema.pth,74d7eafdc547976a86f8f35b2652dba384948e33ab5c15bb908fa3e54025782a,,/home/zechuan/iraod_artifacts/comparison/xaf_student_quant_20260908/f_deletion_runs_daa3992/dior/cloudy/seed_42/methods/F_veto_only/ddp2/eval_full_cloudy_ids_v1/eval_status,/home/zechuan/iraod_artifacts/comparison/xaf_student_quant_20260908/f_deletion_runs_daa3992/dior/cloudy/seed_42/methods/F_veto_only/ddp2/eval_full_cloudy_ids_v1/class_ap.txt,/home/zechuan/iraod_artifacts/comparison/xaf_student_quant_20260908/f_deletion_runs_daa3992/dior/cloudy/seed_42/methods/F_veto_only/ddp2/eval_full_cloudy_ids_v1/predictions.pkl,/home/zechuan/iraod_artifacts/comparison/xaf_student_quant_20260908/f_deletion_runs_daa3992/dior/cloudy/seed_42/methods/F_veto_only/ddp2/eval_full_cloudy_ids_v1/pred_count.txt,0f98a48b539f9260055fc305784ffbc924f50451,331d2131b84651f0a2930a3d53faeefad8701531,0f98a48b539f9260055fc305784ffbc924f50451,0f98a48b539f9260055fc305784ffbc924f50451,,recorded_adaptation_producer,,,,common_one_epoch,/mnt/HDD_14TB/zechuan/iraod_artifacts/comparison/xaf_student_quant_20260908/report_checkpoint_breg_f_ema_20260909T2102Z/mapped_runtimes/f_deletion_manifests_daa3992.runtime.json,/home/zechuan/iraod_artifacts/comparison/xaf_student_quant_20260908/f_deletion_runs_daa3992/dior/cloudy/seed_42/methods/F_veto_only/ddp2/eval_full_cloudy_ids_v1/execution.json,[]
DIOR,cloudy,F_veto_only,43,ema,/home/zechuan/iraod_artifacts/comparison/xaf_student_quant_20260908/f_deletion_runs_daa3992/dior/cloudy/seed_43/methods/F_veto_only/ddp2/eval_full_cloudy_ids_v1,/home/zechuan/iraod_artifacts/comparison/xaf_student_quant_20260908/f_deletion_runs_daa3992/dior/cloudy/seed_43/methods/F_veto_only/ddp2/eval_full_cloudy_ids_v1/eval_20260909_103518.json,/home/zechuan/iraod_artifacts/comparison/xaf_student_quant_20260908/f_deletion_runs_daa3992/dior/cloudy/seed_43/methods/F_veto_only/ddp2/eval_full_cloudy_ids_v1/predictions.pkl.image_ids.json,/home/zechuan/iraod_artifacts/dior_source/seed42-orthonet-ddp4-gpu4567-spg16-gbs64/reproducibility/resolved_config.py,complete,0.2976153790950775,0.2976153790950775,[],11738,307727,/home/zechuan/iraod_artifacts/comparison/xaf_student_quant_20260908/f_deletion_runs_daa3992/dior/cloudy/seed_43/methods/F_veto_only/ddp2/work/iter_185_ema.pth,74d7eafdc547976a86f8f35b2652dba384948e33ab5c15bb908fa3e54025782a,,/home/zechuan/iraod_artifacts/comparison/xaf_student_quant_20260908/f_deletion_runs_daa3992/dior/cloudy/seed_43/methods/F_veto_only/ddp2/eval_full_cloudy_ids_v1/eval_status,/home/zechuan/iraod_artifacts/comparison/xaf_student_quant_20260908/f_deletion_runs_daa3992/dior/cloudy/seed_43/methods/F_veto_only/ddp2/eval_full_cloudy_ids_v1/class_ap.txt,/home/zechuan/iraod_artifacts/comparison/xaf_student_quant_20260908/f_deletion_runs_daa3992/dior/cloudy/seed_43/methods/F_veto_only/ddp2/eval_full_cloudy_ids_v1/predictions.pkl,/home/zechuan/iraod_artifacts/comparison/xaf_student_quant_20260908/f_deletion_runs_daa3992/dior/cloudy/seed_43/methods/F_veto_only/ddp2/eval_full_cloudy_ids_v1/pred_count.txt,0f98a48b539f9260055fc305784ffbc924f50451,331d2131b84651f0a2930a3d53faeefad8701531,0f98a48b539f9260055fc305784ffbc924f50451,0f98a48b539f9260055fc305784ffbc924f50451,,recorded_adaptation_producer,,,,common_one_epoch,/mnt/HDD_14TB/zechuan/iraod_artifacts/comparison/xaf_student_quant_20260908/report_checkpoint_breg_f_ema_20260909T2102Z/mapped_runtimes/f_deletion_manifests_daa3992.runtime.json,/home/zechuan/iraod_artifacts/comparison/xaf_student_quant_20260908/f_deletion_runs_daa3992/dior/cloudy/seed_43/methods/F_veto_only/ddp2/eval_full_cloudy_ids_v1/execution.json,[]
DIOR,cloudy,F_veto_only,44,ema,/home/zechuan/iraod_artifacts/comparison/xaf_student_quant_20260908/f_deletion_runs_daa3992/dior/cloudy/seed_44/methods/F_veto_only/ddp2/eval_full_cloudy_ids_v1,/home/zechuan/iraod_artifacts/comparison/xaf_student_quant_20260908/f_deletion_runs_daa3992/dior/cloudy/seed_44/methods/F_veto_only/ddp2/eval_full_cloudy_ids_v1/eval_20260909_104216.json,/home/zechuan/iraod_artifacts/comparison/xaf_student_quant_20260908/f_deletion_runs_daa3992/dior/cloudy/seed_44/methods/F_veto_only/ddp2/eval_full_cloudy_ids_v1/predictions.pkl.image_ids.json,/home/zechuan/iraod_artifacts/dior_source/seed42-orthonet-ddp4-gpu4567-spg16-gbs64/reproducibility/resolved_config.py,complete,0.29538893699645996,0.29538893699645996,[],11738,310238,/home/zechuan/iraod_artifacts/comparison/xaf_student_quant_20260908/f_deletion_runs_daa3992/dior/cloudy/seed_44/methods/F_veto_only/ddp2/work/iter_185_ema.pth,74d7eafdc547976a86f8f35b2652dba384948e33ab5c15bb908fa3e54025782a,,/home/zechuan/iraod_artifacts/comparison/xaf_student_quant_20260908/f_deletion_runs_daa3992/dior/cloudy/seed_44/methods/F_veto_only/ddp2/eval_full_cloudy_ids_v1/eval_status,/home/zechuan/iraod_artifacts/comparison/xaf_student_quant_20260908/f_deletion_runs_daa3992/dior/cloudy/seed_44/methods/F_veto_only/ddp2/eval_full_cloudy_ids_v1/class_ap.txt,/home/zechuan/iraod_artifacts/comparison/xaf_student_quant_20260908/f_deletion_runs_daa3992/dior/cloudy/seed_44/methods/F_veto_only/ddp2/eval_full_cloudy_ids_v1/predictions.pkl,/home/zechuan/iraod_artifacts/comparison/xaf_student_quant_20260908/f_deletion_runs_daa3992/dior/cloudy/seed_44/methods/F_veto_only/ddp2/eval_full_cloudy_ids_v1/pred_count.txt,0f98a48b539f9260055fc305784ffbc924f50451,331d2131b84651f0a2930a3d53faeefad8701531,0f98a48b539f9260055fc305784ffbc924f50451,0f98a48b539f9260055fc305784ffbc924f50451,,recorded_adaptation_producer,,,,common_one_epoch,/mnt/HDD_14TB/zechuan/iraod_artifacts/comparison/xaf_student_quant_20260908/report_checkpoint_breg_f_ema_20260909T2102Z/mapped_runtimes/f_deletion_manifests_daa3992.runtime.json,/home/zechuan/iraod_artifacts/comparison/xaf_student_quant_20260908/f_deletion_runs_daa3992/dior/cloudy/seed_44/methods/F_veto_only/ddp2/eval_full_cloudy_ids_v1/execution.json,[]
DIOR,contrast,A,42,source,/home/zechuan/iraod_artifacts/comparison/dior/contrast/seed_42/0f98a48/methods/A/eval_full_contrast_ids_v1,/home/zechuan/iraod_artifacts/comparison/dior/contrast/seed_42/0f98a48/methods/A/eval_full_contrast_ids_v1/eval_20260908_001943.json,/home/zechuan/iraod_artifacts/comparison/dior/contrast/seed_42/0f98a48/methods/A/eval_full_contrast_ids_v1/predictions.pkl.image_ids.json,/mnt/shared/zechuan/iraod_artifacts/dior_source/seed42-orthonet-ddp4-gpu4567-spg16-gbs64/reproducibility/resolved_config.py,complete,0.2816031277179718,0.2816031277179718,[],11738,373844,/home/zechuan/iraod_artifacts/dior_source/seed42-orthonet-ddp4-gpu4567-spg16-gbs64/train/epoch_100.pth,74d7eafdc547976a86f8f35b2652dba384948e33ab5c15bb908fa3e54025782a,,/home/zechuan/iraod_artifacts/comparison/dior/contrast/seed_42/0f98a48/methods/A/eval_full_contrast_ids_v1/eval_status,/home/zechuan/iraod_artifacts/comparison/dior/contrast/seed_42/0f98a48/methods/A/eval_full_contrast_ids_v1/class_ap.txt,/home/zechuan/iraod_artifacts/comparison/dior/contrast/seed_42/0f98a48/methods/A/eval_full_contrast_ids_v1/predictions.pkl,/home/zechuan/iraod_artifacts/comparison/dior/contrast/seed_42/0f98a48/methods/A/eval_full_contrast_ids_v1/pred_count.txt,0f98a48b539f9260055fc305784ffbc924f50451,331d2131b84651f0a2930a3d53faeefad8701531,0f98a48b539f9260055fc305784ffbc924f50451,0f98a48b539f9260055fc305784ffbc924f50451,0f98a48b539f9260055fc305784ffbc924f50451,source_record_verified,,0.2816031277179718,/mnt/HDD_14TB/zechuan/IRAOD-New-report-complete-path-identities-44ac421-20260909/results/paper_comparison/historical/seed42/dior_raw_results.csv,fixed_source,,,
DIOR,contrast,B_REG,42,ema,/home/zechuan/iraod_artifacts/comparison/xaf_student_quant_20260908/b_reg_runs_0e5f8f7/dior/contrast/seed_42/methods/B_REG/eval_full_contrast_ids_v1,/home/zechuan/iraod_artifacts/comparison/xaf_student_quant_20260908/b_reg_runs_0e5f8f7/dior/contrast/seed_42/methods/B_REG/eval_full_contrast_ids_v1/eval_20260909_095230.json,/home/zechuan/iraod_artifacts/comparison/xaf_student_quant_20260908/b_reg_runs_0e5f8f7/dior/contrast/seed_42/methods/B_REG/eval_full_contrast_ids_v1/predictions.pkl.image_ids.json,/home/zechuan/iraod_artifacts/dior_source/seed42-orthonet-ddp4-gpu4567-spg16-gbs64/reproducibility/resolved_config.py,complete,0.28466305136680603,0.28466305136680603,[],11738,392676,/home/zechuan/iraod_artifacts/comparison/xaf_student_quant_20260908/b_reg_runs_0e5f8f7/dior/contrast/seed_42/methods/B_REG/work/iter_185_ema.pth,74d7eafdc547976a86f8f35b2652dba384948e33ab5c15bb908fa3e54025782a,,/home/zechuan/iraod_artifacts/comparison/xaf_student_quant_20260908/b_reg_runs_0e5f8f7/dior/contrast/seed_42/methods/B_REG/eval_full_contrast_ids_v1/eval_status,/home/zechuan/iraod_artifacts/comparison/xaf_student_quant_20260908/b_reg_runs_0e5f8f7/dior/contrast/seed_42/methods/B_REG/eval_full_contrast_ids_v1/class_ap.txt,/home/zechuan/iraod_artifacts/comparison/xaf_student_quant_20260908/b_reg_runs_0e5f8f7/dior/contrast/seed_42/methods/B_REG/eval_full_contrast_ids_v1/predictions.pkl,/home/zechuan/iraod_artifacts/comparison/xaf_student_quant_20260908/b_reg_runs_0e5f8f7/dior/contrast/seed_42/methods/B_REG/eval_full_contrast_ids_v1/pred_count.txt,0f98a48b539f9260055fc305784ffbc924f50451,331d2131b84651f0a2930a3d53faeefad8701531,0f98a48b539f9260055fc305784ffbc924f50451,0f98a48b539f9260055fc305784ffbc924f50451,,recorded_adaptation_producer,,,,common_one_epoch,/mnt/HDD_14TB/zechuan/iraod_artifacts/comparison/xaf_student_quant_20260908/report_checkpoint_breg_f_ema_20260909T2102Z/mapped_runtimes/b_reg_manifests_0e5f8f7.runtime.json,/home/zechuan/iraod_artifacts/comparison/xaf_student_quant_20260908/b_reg_runs_0e5f8f7/dior/contrast/seed_42/methods/B_REG/eval_full_contrast_ids_v1/execution.json,[]
DIOR,contrast,B_REG,43,ema,/home/zechuan/iraod_artifacts/comparison/xaf_student_quant_20260908/b_reg_runs_0e5f8f7/dior/contrast/seed_43/methods/B_REG/eval_full_contrast_ids_v1,/home/zechuan/iraod_artifacts/comparison/xaf_student_quant_20260908/b_reg_runs_0e5f8f7/dior/contrast/seed_43/methods/B_REG/eval_full_contrast_ids_v1/eval_20260909_095252.json,/home/zechuan/iraod_artifacts/comparison/xaf_student_quant_20260908/b_reg_runs_0e5f8f7/dior/contrast/seed_43/methods/B_REG/eval_full_contrast_ids_v1/predictions.pkl.image_ids.json,/home/zechuan/iraod_artifacts/dior_source/seed42-orthonet-ddp4-gpu4567-spg16-gbs64/reproducibility/resolved_config.py,complete,0.28254541754722595,0.28254541754722595,[],11738,390989,/home/zechuan/iraod_artifacts/comparison/xaf_student_quant_20260908/b_reg_runs_0e5f8f7/dior/contrast/seed_43/methods/B_REG/work/iter_185_ema.pth,74d7eafdc547976a86f8f35b2652dba384948e33ab5c15bb908fa3e54025782a,,/home/zechuan/iraod_artifacts/comparison/xaf_student_quant_20260908/b_reg_runs_0e5f8f7/dior/contrast/seed_43/methods/B_REG/eval_full_contrast_ids_v1/eval_status,/home/zechuan/iraod_artifacts/comparison/xaf_student_quant_20260908/b_reg_runs_0e5f8f7/dior/contrast/seed_43/methods/B_REG/eval_full_contrast_ids_v1/class_ap.txt,/home/zechuan/iraod_artifacts/comparison/xaf_student_quant_20260908/b_reg_runs_0e5f8f7/dior/contrast/seed_43/methods/B_REG/eval_full_contrast_ids_v1/predictions.pkl,/home/zechuan/iraod_artifacts/comparison/xaf_student_quant_20260908/b_reg_runs_0e5f8f7/dior/contrast/seed_43/methods/B_REG/eval_full_contrast_ids_v1/pred_count.txt,0f98a48b539f9260055fc305784ffbc924f50451,331d2131b84651f0a2930a3d53faeefad8701531,0f98a48b539f9260055fc305784ffbc924f50451,0f98a48b539f9260055fc305784ffbc924f50451,,recorded_adaptation_producer,,,,common_one_epoch,/mnt/HDD_14TB/zechuan/iraod_artifacts/comparison/xaf_student_quant_20260908/report_checkpoint_breg_f_ema_20260909T2102Z/mapped_runtimes/b_reg_manifests_0e5f8f7.runtime.json,/home/zechuan/iraod_artifacts/comparison/xaf_student_quant_20260908/b_reg_runs_0e5f8f7/dior/contrast/seed_43/methods/B_REG/eval_full_contrast_ids_v1/execution.json,[]
DIOR,contrast,B_REG,44,ema,/home/zechuan/iraod_artifacts/comparison/xaf_student_quant_20260908/b_reg_runs_0e5f8f7/dior/contrast/seed_44/methods/B_REG/eval_full_contrast_ids_v1,/home/zechuan/iraod_artifacts/comparison/xaf_student_quant_20260908/b_reg_runs_0e5f8f7/dior/contrast/seed_44/methods/B_REG/eval_full_contrast_ids_v1/eval_20260909_095305.json,/home/zechuan/iraod_artifacts/comparison/xaf_student_quant_20260908/b_reg_runs_0e5f8f7/dior/contrast/seed_44/methods/B_REG/eval_full_contrast_ids_v1/predictions.pkl.image_ids.json,/home/zechuan/iraod_artifacts/dior_source/seed42-orthonet-ddp4-gpu4567-spg16-gbs64/reproducibility/resolved_config.py,complete,0.28183701634407043,0.28183701634407043,[],11738,392149,/home/zechuan/iraod_artifacts/comparison/xaf_student_quant_20260908/b_reg_runs_0e5f8f7/dior/contrast/seed_44/methods/B_REG/work/iter_185_ema.pth,74d7eafdc547976a86f8f35b2652dba384948e33ab5c15bb908fa3e54025782a,,/home/zechuan/iraod_artifacts/comparison/xaf_student_quant_20260908/b_reg_runs_0e5f8f7/dior/contrast/seed_44/methods/B_REG/eval_full_contrast_ids_v1/eval_status,/home/zechuan/iraod_artifacts/comparison/xaf_student_quant_20260908/b_reg_runs_0e5f8f7/dior/contrast/seed_44/methods/B_REG/eval_full_contrast_ids_v1/class_ap.txt,/home/zechuan/iraod_artifacts/comparison/xaf_student_quant_20260908/b_reg_runs_0e5f8f7/dior/contrast/seed_44/methods/B_REG/eval_full_contrast_ids_v1/predictions.pkl,/home/zechuan/iraod_artifacts/comparison/xaf_student_quant_20260908/b_reg_runs_0e5f8f7/dior/contrast/seed_44/methods/B_REG/eval_full_contrast_ids_v1/pred_count.txt,0f98a48b539f9260055fc305784ffbc924f50451,331d2131b84651f0a2930a3d53faeefad8701531,0f98a48b539f9260055fc305784ffbc924f50451,0f98a48b539f9260055fc305784ffbc924f50451,,recorded_adaptation_producer,,,,common_one_epoch,/mnt/HDD_14TB/zechuan/iraod_artifacts/comparison/xaf_student_quant_20260908/report_checkpoint_breg_f_ema_20260909T2102Z/mapped_runtimes/b_reg_manifests_0e5f8f7.runtime.json,/home/zechuan/iraod_artifacts/comparison/xaf_student_quant_20260908/b_reg_runs_0e5f8f7/dior/contrast/seed_44/methods/B_REG/eval_full_contrast_ids_v1/execution.json,[]
DIOR,contrast,F_text_only,42,ema,/home/zechuan/iraod_artifacts/comparison/xaf_student_quant_20260908/f_deletion_runs_daa3992/dior/contrast/seed_42/methods/F_text_only/ddp2/eval_full_contrast_ids_v1,/home/zechuan/iraod_artifacts/comparison/xaf_student_quant_20260908/f_deletion_runs_daa3992/dior/contrast/seed_42/methods/F_text_only/ddp2/eval_full_contrast_ids_v1/eval_20260909_104228.json,/home/zechuan/iraod_artifacts/comparison/xaf_student_quant_20260908/f_deletion_runs_daa3992/dior/contrast/seed_42/methods/F_text_only/ddp2/eval_full_contrast_ids_v1/predictions.pkl.image_ids.json,/home/zechuan/iraod_artifacts/dior_source/seed42-orthonet-ddp4-gpu4567-spg16-gbs64/reproducibility/resolved_config.py,complete,0.2818053066730499,0.2818053066730499,[],11738,211012,/home/zechuan/iraod_artifacts/comparison/xaf_student_quant_20260908/f_deletion_runs_daa3992/dior/contrast/seed_42/methods/F_text_only/ddp2/work/iter_185_ema.pth,74d7eafdc547976a86f8f35b2652dba384948e33ab5c15bb908fa3e54025782a,,/home/zechuan/iraod_artifacts/comparison/xaf_student_quant_20260908/f_deletion_runs_daa3992/dior/contrast/seed_42/methods/F_text_only/ddp2/eval_full_contrast_ids_v1/eval_status,/home/zechuan/iraod_artifacts/comparison/xaf_student_quant_20260908/f_deletion_runs_daa3992/dior/contrast/seed_42/methods/F_text_only/ddp2/eval_full_contrast_ids_v1/class_ap.txt,/home/zechuan/iraod_artifacts/comparison/xaf_student_quant_20260908/f_deletion_runs_daa3992/dior/contrast/seed_42/methods/F_text_only/ddp2/eval_full_contrast_ids_v1/predictions.pkl,/home/zechuan/iraod_artifacts/comparison/xaf_student_quant_20260908/f_deletion_runs_daa3992/dior/contrast/seed_42/methods/F_text_only/ddp2/eval_full_contrast_ids_v1/pred_count.txt,0f98a48b539f9260055fc305784ffbc924f50451,331d2131b84651f0a2930a3d53faeefad8701531,0f98a48b539f9260055fc305784ffbc924f50451,0f98a48b539f9260055fc305784ffbc924f50451,,recorded_adaptation_producer,,,,common_one_epoch,/mnt/HDD_14TB/zechuan/iraod_artifacts/comparison/xaf_student_quant_20260908/report_checkpoint_breg_f_ema_20260909T2102Z/mapped_runtimes/f_deletion_manifests_daa3992.runtime.json,/home/zechuan/iraod_artifacts/comparison/xaf_student_quant_20260908/f_deletion_runs_daa3992/dior/contrast/seed_42/methods/F_text_only/ddp2/eval_full_contrast_ids_v1/execution.json,[]
DIOR,contrast,F_text_only,43,ema,/home/zechuan/iraod_artifacts/comparison/xaf_student_quant_20260908/f_deletion_runs_daa3992/dior/contrast/seed_43/methods/F_text_only/ddp2/eval_full_contrast_ids_v1,/home/zechuan/iraod_artifacts/comparison/xaf_student_quant_20260908/f_deletion_runs_daa3992/dior/contrast/seed_43/methods/F_text_only/ddp2/eval_full_contrast_ids_v1/eval_20260909_104940.json,/home/zechuan/iraod_artifacts/comparison/xaf_student_quant_20260908/f_deletion_runs_daa3992/dior/contrast/seed_43/methods/F_text_only/ddp2/eval_full_contrast_ids_v1/predictions.pkl.image_ids.json,/home/zechuan/iraod_artifacts/dior_source/seed42-orthonet-ddp4-gpu4567-spg16-gbs64/reproducibility/resolved_config.py,complete,0.2793232202529907,0.2793232202529907,[],11738,207887,/home/zechuan/iraod_artifacts/comparison/xaf_student_quant_20260908/f_deletion_runs_daa3992/dior/contrast/seed_43/methods/F_text_only/ddp2/work/iter_185_ema.pth,74d7eafdc547976a86f8f35b2652dba384948e33ab5c15bb908fa3e54025782a,,/home/zechuan/iraod_artifacts/comparison/xaf_student_quant_20260908/f_deletion_runs_daa3992/dior/contrast/seed_43/methods/F_text_only/ddp2/eval_full_contrast_ids_v1/eval_status,/home/zechuan/iraod_artifacts/comparison/xaf_student_quant_20260908/f_deletion_runs_daa3992/dior/contrast/seed_43/methods/F_text_only/ddp2/eval_full_contrast_ids_v1/class_ap.txt,/home/zechuan/iraod_artifacts/comparison/xaf_student_quant_20260908/f_deletion_runs_daa3992/dior/contrast/seed_43/methods/F_text_only/ddp2/eval_full_contrast_ids_v1/predictions.pkl,/home/zechuan/iraod_artifacts/comparison/xaf_student_quant_20260908/f_deletion_runs_daa3992/dior/contrast/seed_43/methods/F_text_only/ddp2/eval_full_contrast_ids_v1/pred_count.txt,0f98a48b539f9260055fc305784ffbc924f50451,331d2131b84651f0a2930a3d53faeefad8701531,0f98a48b539f9260055fc305784ffbc924f50451,0f98a48b539f9260055fc305784ffbc924f50451,,recorded_adaptation_producer,,,,common_one_epoch,/mnt/HDD_14TB/zechuan/iraod_artifacts/comparison/xaf_student_quant_20260908/report_checkpoint_breg_f_ema_20260909T2102Z/mapped_runtimes/f_deletion_manifests_daa3992.runtime.json,/home/zechuan/iraod_artifacts/comparison/xaf_student_quant_20260908/f_deletion_runs_daa3992/dior/contrast/seed_43/methods/F_text_only/ddp2/eval_full_contrast_ids_v1/execution.json,[]
DIOR,contrast,F_text_only,44,ema,/home/zechuan/iraod_artifacts/comparison/xaf_student_quant_20260908/f_deletion_runs_daa3992/dior/contrast/seed_44/methods/F_text_only/ddp2/eval_full_contrast_ids_v1,/home/zechuan/iraod_artifacts/comparison/xaf_student_quant_20260908/f_deletion_runs_daa3992/dior/contrast/seed_44/methods/F_text_only/ddp2/eval_full_contrast_ids_v1/eval_20260909_105654.json,/home/zechuan/iraod_artifacts/comparison/xaf_student_quant_20260908/f_deletion_runs_daa3992/dior/contrast/seed_44/methods/F_text_only/ddp2/eval_full_contrast_ids_v1/predictions.pkl.image_ids.json,/home/zechuan/iraod_artifacts/dior_source/seed42-orthonet-ddp4-gpu4567-spg16-gbs64/reproducibility/resolved_config.py,complete,0.2787717580795288,0.2787717580795288,[],11738,213123,/home/zechuan/iraod_artifacts/comparison/xaf_student_quant_20260908/f_deletion_runs_daa3992/dior/contrast/seed_44/methods/F_text_only/ddp2/work/iter_185_ema.pth,74d7eafdc547976a86f8f35b2652dba384948e33ab5c15bb908fa3e54025782a,,/home/zechuan/iraod_artifacts/comparison/xaf_student_quant_20260908/f_deletion_runs_daa3992/dior/contrast/seed_44/methods/F_text_only/ddp2/eval_full_contrast_ids_v1/eval_status,/home/zechuan/iraod_artifacts/comparison/xaf_student_quant_20260908/f_deletion_runs_daa3992/dior/contrast/seed_44/methods/F_text_only/ddp2/eval_full_contrast_ids_v1/class_ap.txt,/home/zechuan/iraod_artifacts/comparison/xaf_student_quant_20260908/f_deletion_runs_daa3992/dior/contrast/seed_44/methods/F_text_only/ddp2/eval_full_contrast_ids_v1/predictions.pkl,/home/zechuan/iraod_artifacts/comparison/xaf_student_quant_20260908/f_deletion_runs_daa3992/dior/contrast/seed_44/methods/F_text_only/ddp2/eval_full_contrast_ids_v1/pred_count.txt,0f98a48b539f9260055fc305784ffbc924f50451,331d2131b84651f0a2930a3d53faeefad8701531,0f98a48b539f9260055fc305784ffbc924f50451,0f98a48b539f9260055fc305784ffbc924f50451,,recorded_adaptation_producer,,,,common_one_epoch,/mnt/HDD_14TB/zechuan/iraod_artifacts/comparison/xaf_student_quant_20260908/report_checkpoint_breg_f_ema_20260909T2102Z/mapped_runtimes/f_deletion_manifests_daa3992.runtime.json,/home/zechuan/iraod_artifacts/comparison/xaf_student_quant_20260908/f_deletion_runs_daa3992/dior/contrast/seed_44/methods/F_text_only/ddp2/eval_full_contrast_ids_v1/execution.json,[]
DIOR,contrast,F_veto_only,42,ema,/home/zechuan/iraod_artifacts/comparison/xaf_student_quant_20260908/f_deletion_runs_daa3992/dior/contrast/seed_42/methods/F_veto_only/ddp2/eval_full_contrast_ids_v1,/home/zechuan/iraod_artifacts/comparison/xaf_student_quant_20260908/f_deletion_runs_daa3992/dior/contrast/seed_42/methods/F_veto_only/ddp2/eval_full_contrast_ids_v1/eval_20260909_104928.json,/home/zechuan/iraod_artifacts/comparison/xaf_student_quant_20260908/f_deletion_runs_daa3992/dior/contrast/seed_42/methods/F_veto_only/ddp2/eval_full_contrast_ids_v1/predictions.pkl.image_ids.json,/home/zechuan/iraod_artifacts/dior_source/seed42-orthonet-ddp4-gpu4567-spg16-gbs64/reproducibility/resolved_config.py,complete,0.2850349247455597,0.2850349247455597,[],11738,396381,/home/zechuan/iraod_artifacts/comparison/xaf_student_quant_20260908/f_deletion_runs_daa3992/dior/contrast/seed_42/methods/F_veto_only/ddp2/work/iter_185_ema.pth,74d7eafdc547976a86f8f35b2652dba384948e33ab5c15bb908fa3e54025782a,,/home/zechuan/iraod_artifacts/comparison/xaf_student_quant_20260908/f_deletion_runs_daa3992/dior/contrast/seed_42/methods/F_veto_only/ddp2/eval_full_contrast_ids_v1/eval_status,/home/zechuan/iraod_artifacts/comparison/xaf_student_quant_20260908/f_deletion_runs_daa3992/dior/contrast/seed_42/methods/F_veto_only/ddp2/eval_full_contrast_ids_v1/class_ap.txt,/home/zechuan/iraod_artifacts/comparison/xaf_student_quant_20260908/f_deletion_runs_daa3992/dior/contrast/seed_42/methods/F_veto_only/ddp2/eval_full_contrast_ids_v1/predictions.pkl,/home/zechuan/iraod_artifacts/comparison/xaf_student_quant_20260908/f_deletion_runs_daa3992/dior/contrast/seed_42/methods/F_veto_only/ddp2/eval_full_contrast_ids_v1/pred_count.txt,0f98a48b539f9260055fc305784ffbc924f50451,331d2131b84651f0a2930a3d53faeefad8701531,0f98a48b539f9260055fc305784ffbc924f50451,0f98a48b539f9260055fc305784ffbc924f50451,,recorded_adaptation_producer,,,,common_one_epoch,/mnt/HDD_14TB/zechuan/iraod_artifacts/comparison/xaf_student_quant_20260908/report_checkpoint_breg_f_ema_20260909T2102Z/mapped_runtimes/f_deletion_manifests_daa3992.runtime.json,/home/zechuan/iraod_artifacts/comparison/xaf_student_quant_20260908/f_deletion_runs_daa3992/dior/contrast/seed_42/methods/F_veto_only/ddp2/eval_full_contrast_ids_v1/execution.json,[]
DIOR,contrast,F_veto_only,43,ema,/home/zechuan/iraod_artifacts/comparison/xaf_student_quant_20260908/f_deletion_runs_daa3992/dior/contrast/seed_43/methods/F_veto_only/ddp2/eval_full_contrast_ids_v1,/home/zechuan/iraod_artifacts/comparison/xaf_student_quant_20260908/f_deletion_runs_daa3992/dior/contrast/seed_43/methods/F_veto_only/ddp2/eval_full_contrast_ids_v1/eval_20260909_105014.json,/home/zechuan/iraod_artifacts/comparison/xaf_student_quant_20260908/f_deletion_runs_daa3992/dior/contrast/seed_43/methods/F_veto_only/ddp2/eval_full_contrast_ids_v1/predictions.pkl.image_ids.json,/home/zechuan/iraod_artifacts/dior_source/seed42-orthonet-ddp4-gpu4567-spg16-gbs64/reproducibility/resolved_config.py,complete,0.28487950563430786,0.28487950563430786,[],11738,394725,/home/zechuan/iraod_artifacts/comparison/xaf_student_quant_20260908/f_deletion_runs_daa3992/dior/contrast/seed_43/methods/F_veto_only/ddp2/work/iter_185_ema.pth,74d7eafdc547976a86f8f35b2652dba384948e33ab5c15bb908fa3e54025782a,,/home/zechuan/iraod_artifacts/comparison/xaf_student_quant_20260908/f_deletion_runs_daa3992/dior/contrast/seed_43/methods/F_veto_only/ddp2/eval_full_contrast_ids_v1/eval_status,/home/zechuan/iraod_artifacts/comparison/xaf_student_quant_20260908/f_deletion_runs_daa3992/dior/contrast/seed_43/methods/F_veto_only/ddp2/eval_full_contrast_ids_v1/class_ap.txt,/home/zechuan/iraod_artifacts/comparison/xaf_student_quant_20260908/f_deletion_runs_daa3992/dior/contrast/seed_43/methods/F_veto_only/ddp2/eval_full_contrast_ids_v1/predictions.pkl,/home/zechuan/iraod_artifacts/comparison/xaf_student_quant_20260908/f_deletion_runs_daa3992/dior/contrast/seed_43/methods/F_veto_only/ddp2/eval_full_contrast_ids_v1/pred_count.txt,0f98a48b539f9260055fc305784ffbc924f50451,331d2131b84651f0a2930a3d53faeefad8701531,0f98a48b539f9260055fc305784ffbc924f50451,0f98a48b539f9260055fc305784ffbc924f50451,,recorded_adaptation_producer,,,,common_one_epoch,/mnt/HDD_14TB/zechuan/iraod_artifacts/comparison/xaf_student_quant_20260908/report_checkpoint_breg_f_ema_20260909T2102Z/mapped_runtimes/f_deletion_manifests_daa3992.runtime.json,/home/zechuan/iraod_artifacts/comparison/xaf_student_quant_20260908/f_deletion_runs_daa3992/dior/contrast/seed_43/methods/F_veto_only/ddp2/eval_full_contrast_ids_v1/execution.json,[]
DIOR,contrast,F_veto_only,44,ema,/home/zechuan/iraod_artifacts/comparison/xaf_student_quant_20260908/f_deletion_runs_daa3992/dior/contrast/seed_44/methods/F_veto_only/ddp2/eval_full_contrast_ids_v1,/home/zechuan/iraod_artifacts/comparison/xaf_student_quant_20260908/f_deletion_runs_daa3992/dior/contrast/seed_44/methods/F_veto_only/ddp2/eval_full_contrast_ids_v1/eval_20260909_105711.json,/home/zechuan/iraod_artifacts/comparison/xaf_student_quant_20260908/f_deletion_runs_daa3992/dior/contrast/seed_44/methods/F_veto_only/ddp2/eval_full_contrast_ids_v1/predictions.pkl.image_ids.json,/home/zechuan/iraod_artifacts/dior_source/seed42-orthonet-ddp4-gpu4567-spg16-gbs64/reproducibility/resolved_config.py,complete,0.28482213616371155,0.28482213616371155,[],11738,397404,/home/zechuan/iraod_artifacts/comparison/xaf_student_quant_20260908/f_deletion_runs_daa3992/dior/contrast/seed_44/methods/F_veto_only/ddp2/work/iter_185_ema.pth,74d7eafdc547976a86f8f35b2652dba384948e33ab5c15bb908fa3e54025782a,,/home/zechuan/iraod_artifacts/comparison/xaf_student_quant_20260908/f_deletion_runs_daa3992/dior/contrast/seed_44/methods/F_veto_only/ddp2/eval_full_contrast_ids_v1/eval_status,/home/zechuan/iraod_artifacts/comparison/xaf_student_quant_20260908/f_deletion_runs_daa3992/dior/contrast/seed_44/methods/F_veto_only/ddp2/eval_full_contrast_ids_v1/class_ap.txt,/home/zechuan/iraod_artifacts/comparison/xaf_student_quant_20260908/f_deletion_runs_daa3992/dior/contrast/seed_44/methods/F_veto_only/ddp2/eval_full_contrast_ids_v1/predictions.pkl,/home/zechuan/iraod_artifacts/comparison/xaf_student_quant_20260908/f_deletion_runs_daa3992/dior/contrast/seed_44/methods/F_veto_only/ddp2/eval_full_contrast_ids_v1/pred_count.txt,0f98a48b539f9260055fc305784ffbc924f50451,331d2131b84651f0a2930a3d53faeefad8701531,0f98a48b539f9260055fc305784ffbc924f50451,0f98a48b539f9260055fc305784ffbc924f50451,,recorded_adaptation_producer,,,,common_one_epoch,/mnt/HDD_14TB/zechuan/iraod_artifacts/comparison/xaf_student_quant_20260908/report_checkpoint_breg_f_ema_20260909T2102Z/mapped_runtimes/f_deletion_manifests_daa3992.runtime.json,/home/zechuan/iraod_artifacts/comparison/xaf_student_quant_20260908/f_deletion_runs_daa3992/dior/contrast/seed_44/methods/F_veto_only/ddp2/eval_full_contrast_ids_v1/execution.json,[]
